id,time_s,free_warhead_fraction,GSH_adduct_fraction,analytic_adduct_fraction
W01,0.0,1.0,0.0,0.0
W01,1.0,0.9998319197274834,0.00016808027251670184,0.00016808027358198755
W01,1.1116954762487845,0.9998131476750093,0.00018685232499079571,0.00018685232571931176
W01,1.2358668319120116,0.9997922792828785,0.00020772071712155078,0.00020772071746236396
W01,1.3739075662825004,0.9997690804970093,0.00023091950299082106,0.0002309195028948794
W01,1.5273668262202327,0.9997432911435521,0.00025670885644801854,0.00025670885587415174
W01,1.697966791281496,0.9997146220168585,0.0002853779831416138,0.0002853779820660669
W01,1.887622000688303,0.9996827516434691,0.00031724835653100725,0.000317248354962137
W01,2.0984608390328665,0.9996473226862361,0.0003526773137639159,0.0003526773117643626
W01,2.332849421838066,0.9996079379487587,0.00039206205124139707,0.0003920620489609983
W01,2.5934181490269705,0.9995641559359475,0.00043584406405254735,0.0004358440617765954
W01,2.883091224294779,0.9995154859199371,0.0004845140800629525,0.0004845140765063574
W01,3.205119471661076,0.9994613824649562,0.0005386175350438697,0.0005386175300851052
W01,3.5631168174825123,0.9994012393366549,0.0005987606633452396,0.0005987606571463784
W01,3.9611008473412745,0.99933438274172,0.0006656172582801077,0.000665617251353095
W01,4.403537892954522,0.9992600638180744,0.0007399361819257944,0.0007399361749879358
W01,4.895393155087645,0.999177450293034,0.0008225497069661738,0.0008225496987439831
W01,5.442186424970201,0.999085617227977,0.0009143827720231608,0.0009143827624234813
W01,6.050054029541918,0.9989835367320602,0.001016463267939927,0.0010164632569087337
W01,6.725817695702478,0.9988700665488975,0.001129933451102683,0.0011299334383922278
W01,7.477061106386469,0.9987439373880626,0.0012560626119376157,0.001256062597524876
W01,8.312215007605568,0.998603738865028,0.0013962611349722152,0.0013962611189467522
W01,9.240651821562366,0.998447903901941,0.001552096098059117,0.0015520960806907084
W01,10.272790827620973,0.9982746914235543,0.001725308576445922,0.001725308558283153
W01,11.420215091516242,0.9980821671662029,0.0019178328337972907,0.0019178328150937622
W01,12.695801455026709,0.9978681824018666,0.002131817598133601,0.002131817578688313
W01,14.113865044905925,0.9976303503575871,0.0023696496424131202,0.0023696496226893508
W01,15.690319922807761,0.9973660200856512,0.0026339799143489306,0.0026339798950083455
W01,17.442857679081563,0.997072247524698,0.0029277524753020443,0.0029277524563213427
W01,19.391145974686353,0.9967457634641816,0.0032542365358184614,0.0032542365173318663
W01,21.55704925933864,0.996382938092355,0.0036170619076449926,0.003617061889676271
W01,23.964874142878973,0.9959797417892873,0.0040202582107127915,0.004020258193204195
W01,26.641642173510032,0.9955317017932312,0.004468298206768863,0.004468298191669462
W01,29.61739308412993,0.995033854331104,0.0049661456688960635,0.004966145659367665
W01,32.92552190990927,0.9944806917843382,0.005519308215661905,0.005519308212615715
W01,36.603153760376394,0.9938661044319134,0.006133895568086708,0.006133895571702544
W01,40.691560451849114,0.9931833162585649,0.006816683741435178,0.006816683750382834
W01,45.236623675824596,0.9924248143098955,0.007575185690104599,0.0075751857002406935
W01,50.28934990118288,0.9915822710537004,0.008417728946299642,0.008417728965132303
W01,55.90644278863726,0.9906464591045154,0.009353540895484671,0.009353540924880338
W01,62.1509395412895,0.9896071578101687,0.010392842189831365,0.010392842225446808
W01,69.09291833266323,0.988453051034758,0.01154694896524205,0.011546949002411731
W01,76.81028475124846,0.9871716155453433,0.012828384454656797,0.012828384502514868
W01,85.38964608734389,0.9857489993604502,0.014251000639549864,0.014251000690233006
W01,94.9272832737849,0.9841698896649829,0.015830110335017175,0.01583011038782228
W01,105.53023138805361,0.9824173696273331,0.01758263037266704,0.01758263043170134
W01,117.31748084158667,0.980472763832086,0.019527236167913985,0.0195272362277888
W01,130.4213127364953,0.97831547211193,0.021684527888069974,0.02168452794401559
W01,144.9887833755898,0.9759227916731325,0.02407720832686762,0.024077208378256332
W01,161.1833745854583,0.9732697277784422,0.026730272221557834,0.026730272270536145
W01,179.18682837316726,0.9703287935660072,0.02967120643399278,0.02967120647299637
W01,199.20118650581733,0.9670698001029888,0.03293019989701124,0.03293019993004563
W01,218.1818181818182,0.9639892441742614,0.0360107558257386,0.036010755856100515
W01,221.45105790190752,0.9634596381984213,0.036540361801578644,0.036540361831174664
W01,246.18613928005817,0.9594620544740214,0.04053794552597852,0.04053794555303626
W01,273.68401735279383,0.955037424953455,0.04496257504654495,0.04496257507446102
W01,304.2532840126947,0.950142530636122,0.04985746936387797,0.049857469392826106
W01,338.2369994707496,0.9447303409745196,0.0552696590254804,0.05526965905339354
W01,376.01654221159475,0.9387498127892887,0.061250187210711314,0.061250187182341
W01,418.0158889713399,0.9321457144801034,0.06785428551989653,0.06785428534460433
W01,436.3636363636364,0.929275262574354,0.07072473742564604,0.07072473717487335
W01,464.7063727695527,0.9248584875534207,0.07514151244657931,0.0751415120847867
W01,516.6119723918929,0.9168241603788653,0.08317583962113473,0.08317583911219063
W01,574.3151926840293,0.9079743321478939,0.09202566785210617,0.09202566672696015
W01,638.4636016477848,0.8982362520785091,0.10176374792149093,0.10176374623673168
W01,654.5454545454545,0.8958113564927288,0.10418864350727121,0.10418864178758262
W01,709.7770977013483,0.8875330148757753,0.1124669851242247,0.11246698279155476
W01,789.0559886595803,0.8757839094358657,0.12421609056413437,0.1242160873186517
W01,872.7272727272727,0.8635525101842907,0.13644748981570937,0.1364474859012918
W01,877.1899730998674,0.8629049548513119,0.1370950451486881,0.1370950411757562
W01,975.1681249059154,0.8488096634591826,0.15119033654081734,0.1511903319523112
W01,1084.0899930399157,0.8334100808988418,0.16658991910115808,0.16658991383335675
W01,1090.909090909091,0.8324553300314844,0.16754466996851552,0.16754466465542217
W01,1205.1779411090502,0.8166181526052658,0.18338184739473407,0.18338184155036383
W01,1309.090909090909,0.8024779835925332,0.19752201640746672,0.19752201049762402
W01,1339.7908652057563,0.7983474702994037,0.20165252970059627,0.20165252381370422
W01,1489.439443968684,0.7785154534778459,0.22148454652215413,0.22148454112260454
W01,1527.2727272727273,0.7735801453036052,0.22641985469639478,0.22641984945748853
W01,1655.8030920064907,0.757046020103426,0.24295397989657394,0.24295397512618755
W01,1745.4545454545455,0.7457229402546747,0.25427705974532533,0.25427705539380036
W01,1840.7488069423653,0.7338727921819462,0.26612720781805366,0.2661272037206394
W01,1963.6363636363637,0.7188688939937314,0.2811311060062685,0.2811311022883066
W01,2046.3521215881742,0.7089428668483141,0.29105713315168585,0.2910571295958294
W01,2181.818181818182,0.6929818820448581,0.3070181179551419,0.3070181146563465
W01,2274.9203963816753,0.6822211647824551,0.31777883521754496,0.3177788320753961
W01,2400.0,0.6680270809791162,0.33197291902088377,0.33197291614215696
W01,2529.0187134836024,0.6536953322523703,0.34630466774762964,0.3463046651282963
W01,2618.181818181818,0.6439709215283518,0.3560290784716482,0.3560290763642246
W01,2811.4986631282413,0.6233811285517383,0.37661887144826167,0.37661887069921524
W01,2836.3636363636365,0.6207810432641157,0.3792189567358844,0.3792189560737001
W01,3054.5454545454545,0.598426250920691,0.401573749079309,0.4015737506866252
W01,3125.5303452791704,0.591328164196519,0.408671835803481,0.40867183805240914
W01,3272.727272727273,0.5768764712561508,0.42312352874384923,0.42312353224853116
W01,3474.6379457251546,0.5576257875281865,0.4423742124718136,0.44237421789873715
W01,3490.909090909091,0.5561027155813504,0.44389728441864973,0.443897289887859
W01,3709.090909090909,0.5360770384936251,0.463922961506375,0.4639229688126231
W01,3862.7392858650232,0.5224088135801678,0.47759118641983245,0.4775911944145592
W01,3927.2727272727275,0.5167725005893203,0.4832274994106798,0.4832275079027749
W01,4145.454545454546,0.4981631336985467,0.5018368663014535,0.5018368759488367
W01,4294.189790024606,0.4858626844614803,0.5141373155385198,0.5141373261230067
W01,4363.636363636364,0.4802239044575851,0.519776095542415,0.5197761065855555
W01,4581.818181818182,0.46293068015729655,0.5370693198427036,0.537069331967569
W01,4773.831363724072,0.44822753178545316,0.551772468214547,0.5517724815998333
W01,4800.0,0.44626019818784884,0.5537398018121512,0.5537398152323865
W01,5018.181818181818,0.43019003315838245,0.5698099668416178,0.5698099817943514
W01,5236.363636363636,0.4146985664272385,0.5853014335727618,0.5853014495116864
W01,5307.046731426621,0.40980050967835485,0.5901994903216453,0.5901995067585029
W01,5454.545454545455,0.39976495932565326,0.600235040674347,0.6002350577671998
W01,5672.727272727273,0.38536912256316974,0.6146308774368304,0.6146308955017733
W01,5890.909090909091,0.3714916904228956,0.6285083095771046,0.628508328238343
W01,5899.8198435678705,0.37093566907095177,0.6290643309290485,0.6290643496359271
W01,6109.090909090909,0.3581139954113224,0.6418860045886777,0.6418860241327267
W01,6327.272727272727,0.34521804112786214,0.6547819588721381,0.6547819790863405
W01,6545.454545454546,0.33278647970275993,0.6672135202972402,0.6672135409545885
W01,6558.803030777212,0.3320406087375296,0.6679593912624706,0.6679594119805536
W01,6763.636363636364,0.32080258864402506,0.6791974113559751,0.6791974328834891
W01,6981.818181818182,0.30925024624030023,0.6907497537596999,0.690749775805932
W01,7200.0,0.29811391226883477,0.7018860877311653,0.7018861101278289
W01,7291.3916589218425,0.2935691585998068,0.7064308414001933,0.7064308641344592
W01,7418.181818181818,0.2873786064961976,0.7126213935038025,0.7126214166333281
W01,7636.363636363637,0.2770298867451088,0.7229701132548912,0.7229701366372174
W01,7854.545454545455,0.26705383225469875,0.7329461677453013,0.7329461914116234
W01,8072.727272727273,0.2574370231570289,0.7425629768429712,0.7425630009131413
W01,8105.807122781532,0.25600950765355734,0.7439904923464427,0.7439905164630096
W01,8290.909090909092,0.248166522308521,0.751833477691479,0.7518335018355853
W01,8509.09090909091,0.23922985940619532,0.7607701405938048,0.7607701650126475
W01,8727.272727272728,0.23061501240994686,0.7693849875900532,0.7693850121938722
W01,8945.454545454546,0.22231039237332495,0.777689607626675,0.7776896322165163
W01,9011.189109741403,0.21986747066510293,0.7801325293348971,0.780132554040643
W01,9163.636363636364,0.21430482828101838,0.7856951717189817,0.7856951965950473
W01,9381.818181818182,0.20658755032632445,0.7934124496736756,0.7934124745492526
W01,9600.0,0.19914817728011802,0.8008518227198821,0.8008518474911754
W01,9818.181818181818,0.19197670196422437,0.8080232980357757,0.8080233229903642
W01,10017.698168921837,0.18564503620312706,0.814354963796873,0.8143549885861736
W01,10036.363636363636,0.18506347656707367,0.8149365234329264,0.8149365482362236
W01,10254.545454545454,0.17839920174031174,0.8216007982596883,0.8216008230155762
W01,10472.727272727272,0.17197491248733207,0.828025087512668,0.8280251122228915
W01,10690.909090909092,0.16578196655891259,0.8342180334410875,0.8342180579200134
W01,10909.09090909091,0.15981203349668197,0.8401879665033181,0.8401879909616059
W01,11127.272727272728,0.15405708207388596,0.8459429179261141,0.8459429422019604
W01,11136.629736816136,0.15381496221051613,0.846185037789484,0.8461850620659026
W01,11345.454545454546,0.14850937070366704,0.851490629296333,0.8514906532982348
W01,11563.636363636364,0.14316143683168236,0.8568385631683176,0.8568385871246611
W01,11781.818181818182,0.13800608586147475,0.8619939141385253,0.8619939378117293
W01,12000.0,0.13303638301907508,0.866963616980925,0.866963640423853
W01,12218.181818181818,0.12824564297378432,0.8717543570262157,0.8717543802885339
W01,12380.540899076188,0.12479293711802633,0.8752070628819737,0.8752070858377505
W01,12436.363636363636,0.1236274209346903,0.8763725790653097,0.8763726019895779
W01,12654.545454545454,0.11917550469713736,0.8808244953028627,0.8808245180364562
W01,12872.727272727274,0.1148839052254557,0.8851160947745443,0.8851161172214785
W01,13090.909090909092,0.11074684941118595,0.8892531505888142,0.8892531726760167
W01,13309.09090909091,0.10675877226770353,0.8932412277322965,0.8932412496366183
W01,13527.272727272728,0.10291430862511249,0.8970856913748875,0.8970857129314564
W01,13745.454545454546,0.09920828704079179,0.9007917129592082,0.9007917341971865
W01,13763.391311016056,0.098909617612227,0.9010903823877731,0.9010904035681807
W01,13963.636363636364,0.09563572214806307,0.904364277851937,0.9043642988359186
W01,14181.818181818182,0.09219180788384992,0.90780819211615,0.9078082127216655
W01,14400.0,0.08887191167057912,0.9111280883294209,0.911128108665283
W01,14618.181818181818,0.08567156735954451,0.9143284326404555,0.9143284526466074
W01,14836.363636363636,0.08258646979843168,0.9174135302015684,0.9174135498221648
W01,15054.545454545454,0.07961246905364633,0.9203875309463537,0.9203875503165408
W01,15272.727272727274,0.07674556419994236,0.9232544358000577,0.923254454805198
W01,15300.699858298372,0.07638555099035696,0.9236144490096431,0.9236144679846988
W01,15490.909090909092,0.07398189876204825,0.9260181012379518,0.9260181198962514
W01,15709.09090909091,0.07131775505693025,0.9286822449430697,0.9286822633184427
W01,15927.272727272728,0.06874954907528949,0.9312504509247105,0.9312504689222919
W01,16145.454545454546,0.06627382620053682,0.9337261737994632,0.9337261915011527
W01,16363.636363636364,0.06388725592967254,0.9361127440703275,0.9361127614386586
W01,16581.818181818184,0.061586627804903545,0.9384133721950965,0.9384133891888116
W01,16800.0,0.05936884712695596,0.940631152873044,0.9406311695947379
W01,17009.718815910717,0.05731240400667272,0.9426875959933272,0.9426876123720049
W01,17018.18181818182,0.05723093031697326,0.9427690696830267,0.9427690860519241
W01,17236.363636363636,0.055170001507966526,0.9448299984920334,0.9448300145215297
W01,17454.545454545456,0.05318328834686447,0.9468167116531355,0.9468167273991795
W01,17672.727272727272,0.05126811814789482,0.9487318818521052,0.9487318972444361
W01,17890.909090909092,0.04942191472582217,0.9505780852741779,0.9505781003759722
W01,18109.090909090908,0.047642194449576694,0.9523578055504234,0.9523578203372778
W01,18327.272727272728,0.04592656320486664,0.9540734367951335,0.9540734512375646
W01,18545.454545454544,0.044272713204704876,0.9557272867952952,0.9557273009723619
W01,18763.636363636364,0.04267841952498886,0.9573215804750111,0.9573215943281368
W01,18909.62745991177,0.0416438256009137,0.9583561743990864,0.9583561880679643
W01,18981.818181818184,0.041141537565598,0.958858462434402,0.9588584759751139
W01,19200.0,0.03965999992083924,0.9603400000791609,0.9603400133523219
W01,19418.18181818182,0.038231813506249705,0.9617681864937504,0.9617681994487477
W01,19636.363636363636,0.036855057202497134,0.963144942797503,0.963144955484338
W01,19854.545454545456,0.03552787890728004,0.9644721210927201,0.9644721334944572
W01,20072.727272727272,0.03424849327516052,0.9657515067248397,0.9657515188212764
W01,20290.909090909092,0.03301517933698348,0.9669848206630167,0.9669848325154456
W01,20509.090909090908,0.031826277913958124,0.9681737220860421,0.9681737336512802
W01,20727.272727272728,0.030680189731440884,0.9693198102685594,0.9693198215585752
W01,20945.454545454544,0.029575373072684593,0.9704246269273157,0.970424637974051
W01,21021.747304733704,0.029198508822179673,0.9708014911778206,0.9708015021315627
W01,21163.636363636364,0.02851034165289735,0.9714896583471029,0.9714896691153232
W01,21381.818181818184,0.027483662849838705,0.9725163371501615,0.9725163476801879
W01,21600.0,0.026493955505176626,0.9735060444948237,0.9735060547739106
W01,23369.781381517536,0.019676525221312587,0.9803234747786876,0.9803234831970994
W01,25980.08024275616,0.012687912245919334,0.9873120877540809,0.9873120939322658
W01,28881.937678452443,0.0077901789373187105,0.9922098210626814,0.992209825382789
W01,32107.919462434893,0.004529422437029302,0.9954705775629709,0.9954705804315913
W01,35694.228818149175,0.0024787539761586116,0.9975212460238415,0.9975212478233336
W02,0.0,1.0,0.0,0.0
W02,1.0,0.9999519302861082,4.8069713891831456e-05,4.8069731624675336e-05
W02,1.1258420509190563,0.9999458812562971,5.41187437028921e-05,5.41187615492318e-05
W02,1.2675203236176271,0.9999390710481358,6.092895186424694e-05,6.092897001599361e-05
W02,1.4270276807232551,0.9999314038847864,6.859611521364494e-05,6.859613357960688e-05
W02,1.606607770783734,0.9999227719400643,7.722805993578003e-05,7.722807837915448e-05
W02,1.8087865876816522,0.9999130538226795,8.694617732060085e-05,8.694619564433379e-05
W02,2.036408001550393,0.9999021128704985,9.78871295015914e-05,9.788714769182331e-05
W02,2.292673760973471,0.9998897952298507,0.00011020477014938114,0.00011020478832354435
W02,2.581188529142679,0.9998759276935508,0.00012407230644923104,0.00012407232453158374
W02,2.9060105874587365,0.9998603152681695,0.00013968473183042184,0.00013968474977997007
W02,3.2717089197770357,0.9998427384349599,0.00015726156504012172,0.00015726158291699675
W02,3.6834274802519484,0.9998229500667636,0.0001770499332364381,0.0001770499510245267
W02,4.146957548778465,0.9998006719581891,0.00019932804181092291,0.00019932805928989905
W02,4.668819191791009,0.9997755909207707,0.00022440907922928843,0.00022440909635560816
W02,5.256352974256242,0.9997473543871092,0.00025264561289080323,0.00025264562963317754
W02,5.91782321289113,0.9997155654645137,0.000284434535486348,0.0002844345518401322
W02,6.662534222977747,0.9996797773683891,0.000320222631610928,0.0003202226476212191
W02,7.500961193915668,0.9996394871581524,0.00036051284184758877,0.0003605128576454478
W02,8.444897534422271,0.999594128688503,0.0004058713114970336,0.0004058713271383184
W02,9.507620759955252,0.9995430646782584,0.0004569353217417064,0.00045693533653468077
W02,10.704079255748617,0.9994855777900769,0.0005144222099231674,0.0005144222239555782
W02,12.051102542492147,0.999420860590982,0.0005791394090179897,0.0005791394226692912
W02,13.567638002275219,0.9993480042616953,0.0006519957383047416,0.0006519957517541077
W02,15.27501739460886,0.9992659858977122,0.0007340141022878827,0.0007340141150147606
W02,17.197256911370697,0.9991736542299451,0.0008263457700549484,0.0008263457820082412
W02,19.361394991279496,0.99906971356509,0.0009302864349100877,0.0009302864460159669
W02,21.79787264563605,0.9989527057330501,0.0010472942669500392,0.0010472942771818667
W02,24.5409616450353,0.9988209897943255,0.0011790102056745207,0.0011790102150584865
W02,27.629246589972436,0.9986727192349246,0.001327280765075419,0.0013272807737175908
W02,31.10616764620291,0.9985058163434832,0.0014941836565168128,0.0014941836646502667
W02,35.02063157903309,0.9983179434296972,0.0016820565703029506,0.001682056578172708
W02,39.42769968141928,0.9981064705042301,0.0018935294957699513,0.0018935295032361783
W02,44.3893622723497,0.9978684389986223,0.0021315610013777735,0.00213156100867264
W02,49.975410659691164,0.9976005210512224,0.0023994789487776415,0.0023994789562296
W02,56.26441883262876,0.9972989738402127,0.0027010261597873327,0.0027010261674596816
W02,63.34484869229557,0.9969595883851702,0.0030404116148299363,0.0030404116227728166
W02,71.31629436689134,0.9965776321764364,0.003422367823563763,0.00342236783178321
W02,80.29088311396808,0.9961477849290195,0.003852215070980601,0.0038522150794124852
W02,90.39485251513209,0.9956640666893519,0.004335933310648245,0.004335933321789391
W02,101.77032614816191,0.9951197574365874,0.00488024256341273,0.004880242579316594
W02,114.57731271334787,0.994507307271029,0.005492692728971139,0.005492692750530844
W02,128.9959567339896,0.9938182361790567,0.006181763820943444,0.006181763848304699
W02,145.2290724896607,0.9930430222938759,0.0069569777061242784,0.006956977737698249
W02,163.5049968248319,0.9921709775041486,0.007829022495851403,0.00782902252979913
W02,184.08080096078268,0.9911901091913027,0.008809890808697355,0.008809890854665716
W02,207.24590648851014,0.9900869667624687,0.009913033237531442,0.009913033294265171
W02,218.1818181818182,0.9895666158470693,0.010433384152930837,0.010433384212237693
W02,233.3261564056032,0.9888464717617194,0.01115352823828075,0.011153528296772734
W02,262.6883984607448,0.9874517301630564,0.012548269836943743,0.01254826990850165
W02,295.7456452756872,0.985883825442803,0.014116174557197164,0.014116174638326555
W02,332.9628838275593,0.9841215913850905,0.015878408614909644,0.015878408697928403
W02,374.86361600834283,0.9821413633702237,0.017858636629776332,0.017858636721896397
W02,422.03722226176626,0.9799167072499163,0.020083292750083817,0.020083292842358495
W02,436.3636363636364,0.9792420871717211,0.02075791282827901,0.020757912918355218
W02,475.14725187536845,0.9774181254366763,0.022581874563323813,0.022581874645361124
W02,534.9407565399188,0.9746127400313869,0.025387259968613192,0.025387260035792225
W02,602.2587984630936,0.9714639537162201,0.02853604628378003,0.02853604634116157
W02,654.5454545454545,0.9690252781934251,0.030974721806575064,0.030974721849671538
W02,678.0482808457359,0.96793108999336,0.03206891000664015,0.03206891003932912
W02,763.3752671295035,0.963969015761456,0.03603098423854409,0.036030984237522545
W02,859.4399763659626,0.9595277506044441,0.04047224939555605,0.04047224938343494
W02,872.7272727272727,0.9589150650960492,0.041084934903950945,0.04108493488798441
W02,967.5936656336805,0.9545520693973871,0.04544793060261301,0.045447930563911776
W02,1089.3576369733105,0.9489811079189043,0.05101889208109582,0.051018892038542166
W02,1090.909090909091,0.9489103357681203,0.0510896642318798,0.051089664189200995
W02,1226.4446361943697,0.9427479837041406,0.057252016295859555,0.05725201624631756
W02,1309.090909090909,0.9390099896472552,0.060990010352744865,0.06099001030567855
W02,1380.782944551745,0.9357794496671233,0.06422055033287678,0.06422055028353474
W02,1527.2727272727273,0.9292129376391925,0.07078706236080753,0.07078706230728876
W02,1554.5435021681901,0.9279956022960085,0.07200439770399149,0.07200439764318255
W02,1745.4545454545455,0.9195181018415252,0.08048189815847487,0.0804818979012189
W02,1750.1704447239274,0.9193096730425783,0.08069032695742172,0.08069032669421666
W02,1963.6363636363637,0.9099244159395775,0.09007558406042254,0.0900755835505231
W02,1970.415482945903,0.9096279396426149,0.09037206035738514,0.09037205984258206
W02,2181.818181818182,0.9004308245557268,0.09956917544427332,0.09956917459143667
W02,2218.376608482478,0.8988498005720992,0.10115019942790092,0.10115019847059814
W02,2400.0,0.8910362832070688,0.10896371679293125,0.10896371534946653
W02,2497.541670604773,0.8868680698200824,0.11313193017991771,0.11313192858250563
W02,2618.181818181818,0.8817397590302808,0.11826024096971925,0.11826023925427033
W02,2811.8374366894836,0.8735695569437895,0.1264304430562106,0.1264304406920304
W02,2836.3636363636365,0.8725402286076168,0.12745977139238326,0.12745976895333708
W02,3054.5454545454545,0.8634366807746721,0.13656331922532805,0.13656331642448155
W02,3165.68482657347,0.858836011897661,0.14116398810233907,0.14116398515247927
W02,3272.727272727273,0.8544281136440738,0.14557188635592633,0.14557188308716526
W02,3490.909090909091,0.8455135363429817,0.15448646365701837,0.1544864599126556
W02,3564.0610977128163,0.8425455248332103,0.1574544751667897,0.15745447139572902
W02,3709.090909090909,0.8366919686161166,0.16330803138388347,0.1633080275330361
W02,3927.2727272727275,0.8279624394788841,0.1720375605211159,0.1720375563490789
W02,4012.5698558498198,0.8245744883682629,0.17542551163173714,0.17542550733327597
W02,4145.454545454546,0.8193239888582522,0.1806760111417478,0.1806760066369922
W02,4363.636363636364,0.8107756666693964,0.1892243333306036,0.18922432865405334
W02,4517.519875965942,0.8048002303445047,0.19519976965549538,0.19519976491142815
W02,4581.818181818182,0.8023165324972931,0.1976834675027069,0.19768346274314055
W02,4800.0,0.7939456558004399,0.2060543441995602,0.2060543394361735
W02,5018.181818181818,0.7856621157554187,0.2143378842445813,0.2143378795564747
W02,5086.0138422250975,0.7831044437509275,0.2168955562490725,0.21689555160505558
W02,5236.363636363636,0.77746500115139,0.22253499884861003,0.22253499432006335
W02,5454.545454545455,0.769353410215441,0.23064658978455893,0.23064658543589173
W02,5672.727272727273,0.7613264505685621,0.23867354943143793,0.2386735452050361
W02,5726.048255133413,0.7593775273927493,0.24062247260725075,0.24062246842198082
W02,5890.909090909091,0.7533832393686563,0.24661676063134377,0.24661675661885274
W02,6109.090909090909,0.7455229027540287,0.2544770972459714,0.25447709345611
W02,6327.272727272727,0.7377445760040569,0.2622554239959432,0.2622554203791066
W02,6446.6259112208845,0.7335239497195049,0.26647605028049526,0.26647604671382813
W02,6545.454545454546,0.7300474034727894,0.2699525965272107,0.2699525930287872
W02,6763.636363636364,0.7224305385462659,0.27756946145373407,0.2775694581188657
W02,6981.818181818182,0.7148931432733155,0.2851068567266845,0.28510685352896664
W02,7200.0,0.7074343884922921,0.292565611507708,0.2925656083967944
W02,7257.88253739685,0.7054687131146874,0.29453128688531277,0.2945312837915691
W02,7418.181818181818,0.7000534537810469,0.2999465462189532,0.2999465432093413
W02,7636.363636363637,0.6927495272074942,0.307250472792506,0.3072504698931434
W02,7854.545454545455,0.6855218052897554,0.31447819471024474,0.3144781919035953
W02,8072.727272727273,0.6783694929507857,0.3216305070492144,0.32163050431333295
W02,8171.229361232482,0.6751649501717173,0.3248350498282828,0.3248350471467592
W02,8290.909090909092,0.6712918034874815,0.3287081965125186,0.3287081938996939
W02,8509.09090909091,0.6642879582784385,0.3357120417215616,0.3357120392312654
W02,8727.272727272728,0.6573571868447936,0.3426428131552065,0.3426428107535294
W02,8945.454545454546,0.6504987269565198,0.34950127304348033,0.3495012708736145
W02,9163.636363636364,0.6437118241606307,0.35628817583936945,0.35628817404416246
W02,9199.513622579987,0.6426026023437297,0.35739739765627043,0.3573973959283481
W02,9381.818181818182,0.6369957317788333,0.36300426822116677,0.3630042668463208
W02,9600.0,0.6303497109540102,0.36965028904599,0.36965028807186917
W02,9818.181818181818,0.6237730304958753,0.3762269695041249,0.37622696880448875
W02,10036.363636363636,0.6172649671676258,0.3827350328323742,0.38273503250018354
W02,10254.545454545454,0.6108248052846079,0.3891751947153921,0.3891751950668636
W02,10357.19928430325,0.6078180173321447,0.3921819826678554,0.3921819833553445
W02,10472.727272727272,0.6044518361202734,0.39554816387972663,0.39554816494309614
W02,10690.909090909092,0.5981453585366141,0.40185464146338595,0.40185464317603703
W02,10909.09090909091,0.5919046786641677,0.40809532133583226,0.4080953234985473
W02,11127.272727272728,0.5857291100919205,0.4142708899080796,0.4142708924055072
W02,11345.454545454546,0.5796179740232961,0.420382025976704,0.42038202922933166
W02,11563.636363636364,0.5735705977857066,0.4264294022142934,0.4264294062146997
W02,11660.570484017338,0.570904143230801,0.42909585676919915,0.4290958610810277
W02,11781.818181818182,0.5675863160729951,0.4324136839270049,0.432413688592503
W02,12000.0,0.5616644704825355,0.4383355295174646,0.4383355346530241
W02,12218.181818181818,0.5558044095257237,0.44419559047427626,0.4441955958183503
W02,12436.363636363636,0.5500054892530459,0.44999451074695407,0.44999451671403123
W02,12654.545454545454,0.5442670713315889,0.4557329286684111,0.45573293523999114
W02,12872.727272727274,0.5385885244675224,0.4614114755324777,0.46141148264069926
W02,13090.909090909092,0.5329692239238375,0.4670307760761625,0.46703078357460837
W02,13127.960588612306,0.5320207982412382,0.4679792017587619,0.46797920930127
W02,13309.09090909091,0.5274085514440331,0.47259144855596696,0.4725914561828697
W02,13527.272727272728,0.5219058959148499,0.47809410408515013,0.4780941121573306
W02,13745.454545454546,0.5164606517445214,0.48353934825547856,0.4835393568078223
W02,13963.636363636364,0.5110722198656533,0.4889277801343466,0.4889277891287457
W02,14181.818181818182,0.5057400074691916,0.49425999253080843,0.4942600018649632
W02,14400.0,0.5004634278958725,0.49953657210412744,0.49953658157700237
W02,14618.181818181818,0.4952419010719377,0.5047580989280622,0.5047581087055795
W02,14780.010073467834,0.4914042482686487,0.5085957517313513,0.5085957618394079
W02,14836.363636363636,0.4900748525881006,0.5099251474118994,0.5099251576354493
W02,15054.545454545454,0.48496171389462417,0.5150382861053758,0.5150382967585905
W02,15272.727272727274,0.4799019224668647,0.5200980775331353,0.5200980885367293
W02,15490.909090909092,0.4748949216142432,0.5251050783857568,0.525105089563213
W02,15709.09090909091,0.46994016079338885,0.5300598392066111,0.5300598506242362
W02,15927.272727272728,0.46503709515801483,0.5349629048419852,0.5349629167594299
W02,16145.454545454546,0.4601851851003604,0.5398148148996396,0.5398148273218171
W02,16363.636363636364,0.4553838968317017,0.5446161031682982,0.5446161160371435
W02,16581.818181818184,0.45063270209791034,0.5493672979020897,0.5493673110625892
W02,16639.956853717318,0.4493750422789222,0.5506249577210778,0.5506249709165874
W02,16800.0,0.44593107821271094,0.554068921787289,0.5540689350448669
W02,17018.18181818182,0.4412785085939166,0.5587214914060833,0.5587215051777161
W02,17236.363636363636,0.4366744810355841,0.5633255189644159,0.563325533258795
W02,17454.545454545456,0.4321184890278284,0.5678815109721715,0.5678815257459799
W02,17672.727272727272,0.4276100313157957,0.5723899686842042,0.572389983813078
W02,17890.909090909092,0.4231486118378409,0.576851388162159,0.5768514034049574
W02,18109.090909090908,0.41873374026638344,0.5812662597336166,0.5812662752921026
W02,18327.272727272728,0.4143649308938373,0.5856350691061626,0.5856350851246015
W02,18545.454545454544,0.41004170296525344,0.5899582970347464,0.5899583134855677
W02,18733.96315139373,0.4063427821091639,0.593657217890836,0.5936572346481539
W02,18763.636363636364,0.4057635808522995,0.5942364191477004,0.5942364359440067
W02,18981.818181818184,0.4015300938591873,0.5984699061408126,0.5984699231071298
W02,19200.0,0.39734077638624915,0.6026592236137508,0.6026592406721225
W02,19418.18181818182,0.39319516795558057,0.6068048320444194,0.6068048494773726
W02,19636.363636363636,0.3890928122452413,0.6109071877547586,0.6109072055531637
W02,19854.545454545456,0.38503325793973264,0.6149667420602672,0.6149667601718407
W02,20072.727272727272,0.3810160584068567,0.6189839415931432,0.6189839598974506
W02,20290.909090909092,0.3770407716426637,0.6229592283573362,0.6229592466348659
W02,20509.090909090908,0.37310696089535766,0.6268930391046423,0.6268930576783958
W02,20727.272727272728,0.3692141931361317,0.6307858068638683,0.6307858257598904
W02,20945.454545454544,0.3653620400963502,0.6346379599036498,0.6346379790963415
W02,21091.48349620712,0.3628062743283713,0.6371937256716286,0.6371937450218172
W02,21163.636363636364,0.3615500779707515,0.6384499220292484,0.638449941436989
W02,21381.818181818184,0.3577778873473329,0.642222112652667,0.642222132109934
W02,21600.0,0.35404505349218995,0.6459549465078099,0.6459549660682662
W02,23745.679036295278,0.31934738527857104,0.6806526147214288,0.6806526362184632
W02,26733.883986688284,0.2766169915434636,0.7233830084565364,0.723383031935096
W02,30098.130776605285,0.235311822544572,0.7646881774554279,0.7646882018947536
W02,33885.74128236329,0.19614178009450192,0.803858219905498,0.8038582448253151
W02,38149.99246224838,0.1597885621707083,0.8402114378292916,0.8402114622798511
W02,42950.8657562443,0.12685811371032213,0.8731418862896779,0.8731419094858295
W02,48355.890791759084,0.09783133578047908,0.9021686642195209,0.9021686853581067
W02,54441.09526301201,0.07301930030721047,0.9269806996927896,0.9269807182505667
W02,61292.074345189096,0.05253035515938789,0.9474696448406121,0.9474696604721146
W02,69005.19468587103,0.036256356151552836,0.9637436438484471,0.9637436563929117
W02,77688.94990920972,0.023883287523779845,0.9761167124762202,0.9761167220695416
W02,87465.48669953259,0.014927605476282097,0.985072394523718,0.9850724014628616
W02,98472.3229304353,0.00879430108194791,0.9912056989180521,0.9912057036468874
W02,110864.28200676477,0.004847249972766786,0.9951527500272331,0.9951527530478407
W02,124815.67062816469,0.002478753974531701,0.9975212460254682,0.9975212478233336
W03,0.0,1.0,0.0,0.0
W03,1.0,0.9967993135126085,0.0032006864873914973,0.003200686490344608
W03,1.0781014164854075,0.996549807522214,0.003450192477786108,0.0034501924809461635
W03,1.1623026642278422,0.9962808912888417,0.003719108711158405,0.003719108714390118
W03,1.2530801486887997,0.995991061241689,0.004008938758311037,0.004008938763672701
W03,1.35094748327114,0.9956786983803246,0.004321301619675484,0.004321301627963897
W03,1.4564583953120125,0.9953420595878394,0.004657940412160708,0.004657940423815926
W03,1.570209859037944,0.9949792683123172,0.00502073168768285,0.005020731703047308
W03,1.6928454732081597,0.9945883045813282,0.005411695418671928,0.005411695437894321
W03,1.825059102556627,0.9941669943070286,0.005833005692971544,0.005833005715863128
W03,1.9675988036358862,0.9937129978373312,0.006287002162668868,0.006287002188492365
W03,2.1212710572748423,0.9932237977072538,0.006776202292746276,0.00677620231990994
W03,2.2869453315975052,0.9926966855464401,0.00730331445356007,0.007303314482594488
W03,2.4655590014199604,0.9921287480873692,0.007871251912630921,0.00787125194907707
W03,2.6581226518592063,0.9915168522145769,0.00848314778542324,0.008483147829377983
W03,2.865725796161358,0.990857629045657,0.009142370954343091,0.009142371004690283
W03,3.0895430401003323,0.9901474569454476,0.00985254305455246,0.009852543108105108
W03,3.3308407278248007,0.9893824434505223,0.010617556549477837,0.010617556602917392
W03,3.5909841067552035,0.9885584060544234,0.011441593945576745,0.011441594008128553
W03,3.871445052069371,0.987670851751411,0.012329148248589104,0.012329148319028423
W03,4.173810394481412,0.9867149554051632,0.01328504459483692,0.013285044668020959
W03,4.499790898431927,0.9856855368061361,0.01431446319386396,0.014314463266957947
W03,4.8512309414876045,0.9845770364111799,0.015422963588820199,0.015422963666931412
W03,5.2301189497156235,0.9833834897191728,0.01661651028082729,0.01661651036448247
W03,5.638598648075585,0.9820985003113124,0.017901499688687657,0.01790149977420497
W03,6.078981189482993,0.9807152115062261,0.019284788493773908,0.01928478857640463
W03,6.553758231169763,0.9792262766431808,0.02077372335681922,0.020773723434415962
W03,7.06561603232702,0.9776238280122935,0.02237617198770646,0.022376172058921402
W03,7.6174506527937655,0.9758994444897228,0.024100555510277274,0.024100555575639566
W03,8.212384338784648,0.9740441179362075,0.025955882063792575,0.025955882127463626
W03,8.853783188366307,0.9720482184399633,0.02795178156003673,0.027951781611875597
W03,9.545276196632404,0.9699014586182931,0.030098541381706853,0.030098541418496137
W03,10.290775788333839,0.9675928570350305,0.03240714296496954,0.03240714298912923
W03,11.094499954136447,0.9651107010482098,0.03488929895179015,0.03488929897271367
W03,11.960996115751794,0.9624425093222022,0.03755749067779777,0.03755749068919911
W03,12.895166854968467,0.959574994454041,0.04042500554595889,0.0404250055484334
W03,13.902297652157182,0.9564940260097736,0.043505973990226335,0.04350597399150583
W03,14.988086791192414,0.953184594568693,0.046815405431307085,0.04681540543138832
W03,16.158677599990767,0.9496307774331396,0.0503692225668604,0.05036922256584105
W03,17.420693209081072,0.9458157066831507,0.05418429331684932,0.05418429331705296
W03,18.781274024868026,0.9417215404796876,0.058278459520312534,0.05827845951801272
W03,20.24811812961081,0.9373294386684039,0.06267056133159613,0.06267056131384169
W03,21.829524836697264,0.9326195438124907,0.06738045618750939,0.0673804560760516
W03,23.534441647646705,0.9275709693183206,0.0724290306816794,0.07242903043789278
W03,25.37251487652108,0.9221617957717732,0.07783820422822688,0.07783820384889542
W03,27.354144228174455,0.9163690777154523,0.0836309222845477,0.0836309218160748
W03,29.490541639141014,0.9101688623945904,0.08983113760540964,0.08983113674835602
W03,31.79379471407982,0.9035362246852552,0.09646377531474483,0.09646377405068517
W03,34.27693511669572,0.8964453177647735,0.10355468223522649,0.10355468082720172
W03,36.95401230208806,0.888869443722548,0.11113055627745205,0.1111305542523136
W03,39.840173007700315,0.8807811511234026,0.11921884887659742,0.11921884635985727
W03,42.95174695262541,0.8721523554809995,0.1278476445190007,0.12784764169126306
W03,46.30633923014825,0.8629544926417434,0.13704550735825677,0.13704550394398737
W03,49.92292991627662,0.853158708940014,0.14684129105998614,0.14684128748492487
W03,53.821981457839556,0.8427360866683176,0.15726391333168255,0.15726390935745335
W03,58.02555444774816,0.8316579184492507,0.1683420815507494,0.16834207723717642
W03,62.55743244246844,0.819896026869379,0.18010397313062113,0.1801039687075474
W03,67.44325652791538,0.8074231383775653,0.1925768616224348,0.19257685726556284
W03,72.71067039513427,0.7942133152690383,0.2057866847309619,0.20578668066932204
W03,78.38947674659785,0.7802424485723628,0.21975755142763734,0.21975754765011013
W03,84.51180591805706,0.7654888169676937,0.23451118303230645,0.23451117968554047
W03,91.11229766999718,0.7499337114204576,0.25006628857954255,0.2500662855277351
W03,98.22829717726405,0.7335621296414033,0.2664378703585968,0.26643786756796733
W03,105.90006632575793,0.7163635364923644,0.28363646350763577,0.28363646096719913
W03,114.1710115116983,0.6983326888541728,0.3016673111458274,0.30166730886223647
W03,123.08792923233364,0.6794705182486747,0.32052948175132556,0.3205294799383498
W03,132.70127085763443,0.6597850610850571,0.34021493891494314,0.34021493830029553
W03,143.0654280810295,0.6392924211822858,0.3607075788177143,0.3607075799160865
W03,154.23904066424902,0.6180177479793256,0.3819822520206746,0.3819822549643851
W03,166.28532821747734,0.5959962039275178,0.4040037960724824,0.4040038011576925
W03,179.27244789200313,0.5732738876930219,0.4267261123069783,0.4267261194519928
W03,193.2738800091751,0.5499086784310011,0.4500913215689991,0.45009133032491583
W03,208.36884380752227,0.525970954564694,0.4740290454353063,0.474029055747694
W03,218.1818181818182,0.5110753656188768,0.4889246343811235,0.48892464562953375
W03,224.6427456603165,0.5015441335356748,0.4984558664643254,0.49845587871347646
W03,242.18766229955824,0.4767249762680016,0.5232750237319986,0.5232750382035511
W03,261.1028617804434,0.45162359429484755,0.5483764057051526,0.5483764221149403
W03,281.4953651338895,0.42636309482305046,0.5736369051769498,0.5736369231304946
W03,303.48055188492344,0.401078797759643,0.5989212022403573,0.5989212218449032
W03,327.182812862909,0.3759169644803797,0.6240830355196205,0.6240830566286405
W03,352.7362539971824,0.3510329931163774,0.6489670068836227,0.6489670296484007
W03,380.28545508011865,0.3265890415788359,0.6734109584211643,0.6734109821714582
W03,409.98628779067394,0.3027510757881354,0.6972489242118648,0.6972489489842605
W03,436.3636363636364,0.28356468672090535,0.7164353132790948,0.71643533862792
W03,442.0067976067193,0.2796853545455541,0.7203146454544461,0.7203146710754995
W03,476.5281545959827,0.25755441819725555,0.7424455818027447,0.7424456079141006
W03,513.7456784651065,0.2365126792901152,0.7634873207098849,0.7634873467899161
W03,553.8699436664878,0.21670176689107415,0.783298233108926,0.7832982589498737
W03,597.1279708155337,0.19824582141946817,0.801754178580532,0.8017542040577337
W03,643.7645111592836,0.18124698404305523,0.8187530159569448,0.8187530405065043
W03,654.5454545454545,0.177697420085181,0.822302579914819,0.8223026044556815
W03,694.04343136386,0.16578135865897825,0.8342186413410217,0.8342186651179259
W03,748.2492064557698,0.15189573413382332,0.8481042658661767,0.8481042882935076
W03,806.688529364048,0.139605364846386,0.8603946351536139,0.860394656273915
W03,869.69204616991,0.12889305301475887,0.8711069469852412,0.8711069663620912
W03,872.7272727272727,0.12843433265494736,0.8715656673450527,0.8715656866701312
W03,937.616226881873,0.11970973083338517,0.8802902691666148,0.8802902870687773
W03,1010.84538232105,0.11197662334669271,0.8880233766533072,0.8880233928616311
W03,1089.793838528058,0.10558896706696086,0.894411032933039,0.8944110475059498
W03,1090.909090909091,0.10551079951808714,0.8944892004819127,0.8944892150175615
W03,1174.908280994168,0.10042110273267944,0.8995788972673204,0.899578910439091
W03,1266.6702819802485,0.09633263006559858,0.9036673699344013,0.9036673816159156
W03,1309.090909090909,0.0948438193653597,0.9051561806346402,0.9051561917529576
W03,1365.599025222876,0.09317518771964947,0.9068248122803504,0.906824822445221
W03,1472.2542434438735,0.09079933567070643,0.9092006643292935,0.9092006734245704
W03,1527.2727272727273,0.08988016577630722,0.9101198342236927,0.9101198426774122
W03,1587.239385283493,0.08906099284196207,0.9109390071580379,0.9109390152578453
W03,1711.2050295755598,0.08782692793194687,0.9121730720680531,0.9121730790041448
W03,1745.4545454545455,0.08757043468927542,0.9124295653107245,0.9124295721453768
W03,1963.6363636363637,0.08649564995941635,0.9135043500405835,0.9135043556658902
W03,2181.818181818182,0.0859955213770012,0.9140044786229987,0.9140044833353808
W03,2400.0,0.08576279684632258,0.9142372031536773,0.9142372071174413
W03,2618.181818181818,0.08565450314421524,0.9143454968557846,0.9143455001834732
W03,2836.3636363636365,0.0856041106278949,0.914395889372105,0.9143958920602584
W03,3054.5454545454545,0.08558066153072168,0.9144193384692783,0.9144193408491698
W03,3272.727272727273,0.08556974985202301,0.9144302501479769,0.9144302522447455
W03,3490.909090909091,0.08556467198030082,0.9144353280196991,0.9144353296307828
W03,3709.090909090909,0.08556230926399144,0.9144376907360084,0.9144376922844684
W03,3927.2727272727275,0.08556120950812235,0.9144387904918775,0.9144387916951487
W03,4145.454545454546,0.08556069771791944,0.9144393022820805,0.9144393032825437
W03,4363.636363636364,0.08556045971687214,0.9144395402831278,0.9144395413388655
W03,4581.818181818182,0.0855603485388188,0.9144396514611811,0.9144396521133155
W03,4800.0,0.08556029696987622,0.9144397030301237,0.9144397036598516
W03,5018.181818181818,0.08556027310037578,0.914439726899624,0.9144397276459367
W03,5236.363636363636,0.08556026174055735,0.9144397382594426,0.9144397388073516
W03,5454.545454545455,0.08556025627233312,0.9144397437276668,0.9144397440010789
W03,5672.727272727273,0.08556025384620693,0.914439746153793,0.9144397464178695
W03,5890.909090909091,0.08556025290699903,0.9144397470930009,0.9144397475424716
W03,6109.090909090909,0.08556025246687049,0.9144397475331294,0.9144397480657813
W03,6327.272727272727,0.08556025206987143,0.9144397479301285,0.9144397483092923
W03,6545.454545454546,0.08556025170315032,0.9144397482968496,0.914439748422605
W03,6763.636363636364,0.08556025154896799,0.9144397484510319,0.9144397484753327
W03,6981.818181818182,0.08556025154312526,0.9144397484568747,0.9144397484998684
W03,7200.0,0.08556025162809876,0.9144397483719012,0.9144397485112855
W03,7418.181818181818,0.08556025171835914,0.9144397482816408,0.9144397485165984
W03,7636.363636363637,0.0855602516834177,0.9144397483165823,0.9144397485190704
W03,7854.545454545455,0.0855602516441309,0.914439748355869,0.9144397485202208
W03,8072.727272727273,0.08556025153416395,0.914439748465836,0.9144397485207562
W03,8290.909090909092,0.08556025144991353,0.9144397485500864,0.9144397485210053
W03,8509.09090909091,0.0855602514164549,0.914439748583545,0.9144397485211211
W03,8727.272727272728,0.0855602514039763,0.9144397485960236,0.9144397485211752
W03,8945.454545454546,0.08556025143573942,0.9144397485642606,0.9144397485212001
W03,9163.636363636364,0.08556025146514731,0.9144397485348527,0.9144397485212119
W03,9381.818181818182,0.08556025150051332,0.9144397484994867,0.9144397485212172
W03,9600.0,0.08556025153486846,0.9144397484651315,0.9144397485212198
W03,9818.181818181818,0.08556025155984988,0.9144397484401501,0.914439748521221
W03,10036.363636363636,0.08556025156769924,0.9144397484323007,0.9144397485212215
W03,10254.545454545454,0.08556025155065819,0.9144397484493418,0.9144397485212218
W03,10472.727272727272,0.08556025153825803,0.9144397484617419,0.9144397485212219
W03,10690.909090909092,0.08556025153686574,0.9144397484631342,0.914439748521222
W03,10909.09090909091,0.08556025152923295,0.914439748470767,0.914439748521222
W03,11127.272727272728,0.08556025151420524,0.9144397484857948,0.914439748521222
W03,11345.454545454546,0.08556025149062817,0.9144397485093718,0.914439748521222
W03,11563.636363636364,0.0855602514775788,0.9144397485224213,0.914439748521222
W03,11781.818181818182,0.08556025146805267,0.9144397485319473,0.914439748521222
W03,12000.0,0.08556025146169649,0.9144397485383036,0.914439748521222
W03,12218.181818181818,0.0855602514596461,0.9144397485403539,0.914439748521222
W03,12436.363636363636,0.08556025146165235,0.9144397485383476,0.914439748521222
W03,12654.545454545454,0.08556025146125738,0.9144397485387427,0.914439748521222
W03,12872.727272727274,0.08556025146254777,0.9144397485374522,0.914439748521222
W03,13090.909090909092,0.08556025146552351,0.9144397485344765,0.914439748521222
W03,13309.09090909091,0.08556025147018462,0.9144397485298155,0.914439748521222
W03,13527.272727272728,0.08556025146809648,0.9144397485319036,0.914439748521222
W03,13745.454545454546,0.08556025145747033,0.9144397485425296,0.914439748521222
W03,13963.636363636364,0.08556025144749907,0.914439748552501,0.914439748521222
W03,14181.818181818182,0.08556025143818267,0.9144397485618173,0.914439748521222
W03,14400.0,0.08556025142952117,0.9144397485704788,0.914439748521222
W03,14618.181818181818,0.08556025142151455,0.9144397485784854,0.914439748521222
W03,14836.363636363636,0.0855602514141628,0.9144397485858372,0.914439748521222
W03,15054.545454545454,0.08556025140746594,0.9144397485925341,0.914439748521222
W03,15272.727272727274,0.08556025140142395,0.914439748598576,0.914439748521222
W03,15490.909090909092,0.08556025139603686,0.9144397486039632,0.914439748521222
W03,15709.09090909091,0.08556025139130465,0.9144397486086954,0.914439748521222
W03,15927.272727272728,0.0855602513872273,0.9144397486127727,0.914439748521222
W03,16145.454545454546,0.08556025138380484,0.9144397486161951,0.914439748521222
W03,16363.636363636364,0.08556025138103726,0.9144397486189627,0.914439748521222
W03,16581.818181818184,0.08556025137892458,0.9144397486210755,0.914439748521222
W03,16800.0,0.08556025137746676,0.9144397486225332,0.914439748521222
W03,17018.18181818182,0.08556025137666383,0.9144397486233362,0.914439748521222
W03,17236.363636363636,0.08556025137651577,0.9144397486234842,0.914439748521222
W03,17454.545454545456,0.0855602513770226,0.9144397486229774,0.914439748521222
W03,17672.727272727272,0.08556025137818431,0.9144397486218157,0.914439748521222
W03,17890.909090909092,0.0855602513800009,0.9144397486199991,0.914439748521222
W03,18109.090909090908,0.08556025138247236,0.9144397486175276,0.914439748521222
W03,18327.272727272728,0.08556025138559872,0.9144397486144012,0.914439748521222
W03,18545.454545454544,0.08556025138937996,0.91443974861062,0.914439748521222
W03,18763.636363636364,0.08556025139381607,0.9144397486061839,0.914439748521222
W03,18981.818181818184,0.08556025139890706,0.9144397486010929,0.914439748521222
W03,19200.0,0.08556025140465294,0.914439748595347,0.914439748521222
W03,19418.18181818182,0.0855602514110537,0.9144397485889463,0.914439748521222
W03,19636.363636363636,0.08556025141810934,0.9144397485818907,0.914439748521222
W03,19854.545454545456,0.08556025142581986,0.9144397485741801,0.914439748521222
W03,20072.727272727272,0.08556025143418526,0.9144397485658148,0.914439748521222
W03,20290.909090909092,0.08556025144320555,0.9144397485567944,0.914439748521222
W03,20509.090909090908,0.08556025145288071,0.9144397485471193,0.914439748521222
W03,20727.272727272728,0.08556025146321075,0.9144397485367892,0.914439748521222
W03,20945.454545454544,0.08556025147321127,0.9144397485267888,0.914439748521222
W03,21163.636363636364,0.08556025147823315,0.9144397485217669,0.914439748521222
W03,21381.818181818184,0.08556025148103494,0.914439748518965,0.914439748521222
W03,21600.0,0.08556025148161664,0.9144397485183834,0.914439748521222
W04,0.0,1.0,0.0,0.0
W04,1.0,0.9966747197712122,0.003325280228787867,0.0033252802313379465
W04,1.0786606796136884,0.9964136205522715,0.0035863794477287063,0.003586379450503904
W04,1.1635088617446643,0.9961320597731532,0.0038679402268468597,0.003867940229741703
W04,1.2550312595460489,0.9958284404280074,0.004171559571992705,0.004171559576352893
W04,1.3537528713583644,0.9955010419274565,0.004498958072543616,0.0044989580797780695
W04,1.4602399922483955,0.995148010709774,0.0048519892902261835,0.004851989300806157
W04,1.5751034624377416,0.9947673501688195,0.005232649831180708,0.005232649845501947
W04,1.6990021712549683,0.9943569098492823,0.005643090150717863,0.005643090169014178
W04,1.8326468367110165,0.9939143738656294,0.006085626134370721,0.006085626156583604
W04,1.9768040823785813,0.99343724849441,0.006562751505590184,0.00656275153117591
W04,2.1323008349615944,0.992922848888469,0.007077151111531085,0.007077151139179533
W04,2.3000290677805086,0.9923682848599163,0.007631715140083839,0.007631715167486614
W04,2.480950917383362,0.9917704456879775,0.008229554312022722,0.008229554346960093
W04,2.676104202632941,0.9911259838441505,0.008874016155849694,0.008874016198713537
W04,2.8866083779290963,0.9904312976694325,0.009568702330567721,0.009568702380712302
W04,3.113670954715566,0.9896825128621131,0.01031748713788717,0.01031748719284873
W04,3.358594428106895,0.9888754627555779,0.011124537244422281,0.011124537298737603
W04,3.6227837483685303,0.9880056673398856,0.011994332660114588,0.011994332721886746
W04,3.9077543801086247,0.9870683108983797,0.012931689101620535,0.012931689172465415
W04,4.215140995411337,0.9860582183177697,0.013941781682230446,0.013941781758436193
W04,4.5467068507779125,0.9849698299432615,0.015030170056738672,0.015030170131120842
W04,4.904353901664316,0.9837971749695174,0.01620282503048281,0.016202825110088585
W04,5.290133712635276,0.9825338432598872,0.01746615674011292,0.01746615682529878
W04,5.706259225718451,0.9811729556842504,0.01882704431574977,0.01882704440536661
W04,6.155117454465347,0.9797071328579511,0.020292867142049132,0.020292867229267934
W04,6.639283176535667,0.9781284623380629,0.02187153766193728,0.021871537744319408
W04,7.161533703349691,0.9764284642403246,0.02357153575967563,0.02357153583536121
W04,7.724864811531512,0.9745980553605222,0.025401944639478008,0.02540194470816181
W04,8.332507927530449,0.9726275118410354,0.027372488158964856,0.027372488223510953
W04,8.987948663996441,0.9705064304709038,0.029493569529096444,0.029493569586538173
W04,9.694946814239344,0.9682236887834278,0.03177631121657244,0.03177631125767022
W04,10.457557919465973,0.9657674041192289,0.03423259588077134,0.0342325959064062
W04,11.280156532510679,0.9631248918414613,0.03687510815853894,0.03687510817572723
W04,12.16746131150676,0.9602826230494637,0.03971737695053651,0.0397173769623466
W04,13.12456208744314,0.9572261821555591,0.04277381784444115,0.04277381784492139
W04,14.15694906087347,0.9539402247878297,0.04605977521217046,0.04605977520745671
W04,15.270544295258142,0.9504084364890568,0.04959156351094342,0.0495915635070164
W04,16.471735687594087,0.9466134929719149,0.05338650702808541,0.05338650702200399
W04,17.767413611197277,0.9425370227075583,0.05746297729244195,0.057462977288127666
W04,19.16501044083156,0.9381595727114654,0.06184042728853476,0.061840427282129046
W04,20.6725431869108,0.9334605787450514,0.0665394212549489,0.06653942124686128
W04,22.298659483336536,0.9284183410503581,0.07158165894964208,0.07158165886387594
W04,24.05268719277,0.9230100075120687,0.07698999248793142,0.07698999227000167
W04,25.944687913888757,0.9172115654459714,0.08278843455402883,0.08278843418145988
W04,27.985514697560287,0.9109978443994362,0.08900215560056392,0.0890021551322662
W04,30.186874303009255,0.9043425316578093,0.09565746834219085,0.0956574675530519
W04,32.56139435109694,0.8972182046376882,0.10278179536231191,0.10278179411287565
W04,35.12269575992355,0.8895963810315314,0.11040361896846876,0.1104036174221119
W04,37.885470878263966,0.8814475901536305,0.11855240984636961,0.11855240785258139
W04,40.8655677650328,0.8727414714935393,0.12725852850646083,0.12725852587714032
W04,44.080081098229535,0.8634469021637403,0.1365530978362598,0.1365530949727411
W04,47.54745023484276,0.8535321556491566,0.14646784435084342,0.14646784077926436
W04,51.28756498421354,0.8429651043529663,0.15703489564703377,0.1570348918755584
W04,55.321879701602974,0.8317134585524233,0.16828654144757688,0.1682865372427735
W04,59.67353635643779,0.8197450601084595,0.18025493989154065,0.18025493525706923
W04,64.36749728118733,0.8070282262722046,0.19297177372779553,0.19297176891881732
W04,69.43068836235778,0.7935321531834579,0.20646784681654215,0.2064678420200242
W04,74.89215349498704,0.7792273843547449,0.2207726156452552,0.2207726111198171
W04,80.78322118663542,0.7640863471895862,0.23591365281041385,0.2359136485915198
W04,87.13768426655905,0.7480839635555054,0.2519160364444946,0.2519160326844822
W04,93.99199373092962,0.7311983349957978,0.2688016650042024,0.2688016615780076
W04,101.38546783605005,0.7134115070402246,0.28658849295977556,0.28658848986937047
W04,109.36051763898548,0.6947103092465547,0.30528969075344536,0.305289687914569
W04,117.96289027937294,0.6750872704050079,0.3249127295949922,0.32491272701313145
W04,127.24193139794335,0.6545416011046572,0.3454583988953429,0.34545839667892353
W04,137.25086819706385,0.633080234814219,0.36691976518578107,0.36691976424050815
W04,148.0471147670138,0.6107189087974554,0.3892810912025447,0.3892810918221183
W04,159.6926014294328,0.5874832711591422,0.4125167288408578,0.41251673139454714
W04,172.2541299871498,0.5634099801813148,0.4365900198186852,0.43659002503364835
W04,185.80375691820362,0.5385477625920776,0.4614522374079224,0.4614522446983227
W04,200.41920671216624,0.5129583954318531,0.48704160456814694,0.48704161357039827
W04,216.1843177197815,0.4867175516496169,0.5132824483503833,0.5132824590076415
W04,218.1818181818182,0.4834900146204894,0.5165099853795108,0.516509996282454
W04,233.189523073441,0.4599154575671655,0.5400845424328345,0.5400845550377107
W04,251.5323694371897,0.43265729536311337,0.5673427046368867,0.5673427195001437
W04,271.3180765619606,0.4050632802416994,0.5949367197583008,0.5949367366898837
W04,292.6601408558031,0.37726833858712894,0.6227316614128712,0.6227316797581016
W04,315.6809864313583,0.3494213129197674,0.6505786870802327,0.6505787071098309
W04,340.51266736516845,0.32168361913558524,0.6783163808644149,0.6783164024038073
W04,367.2976251971827,0.29422730558954535,0.7057726944104548,0.705772717255793
W04,396.18950601568685,0.2672324654822253,0.7327675345177748,0.7327675581819564
W04,427.35404181469215,0.24088399074545727,0.7591160092545428,0.7591160337271707
W04,436.3636363636364,0.23376260827936898,0.766237391720631,0.7662374163052074
W04,460.97000117949284,0.21536768136463588,0.7846323186353642,0.784632343573586
W04,497.23021475379437,0.19086577609499042,0.8091342239050096,0.8091342488761835
W04,536.342681370788,0.16755201130548916,0.8324479886945109,0.8324480132490952
W04,578.531761193242,0.14558637499173976,0.8544136250082603,0.8544136490859761
W04,624.0394627068071,0.12510977500095954,0.8748902249990406,0.8748902480305536
W04,654.5454545454545,0.1130218948295026,0.8869781051704976,0.8869781275403815
W04,673.1268309490853,0.10623889914819218,0.8937611008518079,0.8937611227142199
W04,726.0754449377486,0.0890615743617846,0.9109384256382154,0.9109384460000968
W04,783.1890328873629,0.07363296714240693,0.926367032857593,0.926367051491072
W04,844.7952144802709,0.05997295416287453,0.9400270458371255,0.9400270626709739
W04,872.7272727272727,0.05464496150560502,0.9453550384943951,0.9453550544643351
W04,911.2473801856805,0.04806496046436176,0.9519350395356382,0.9519350544118497
W04,982.926718407279,0.037856489061027204,0.9621435109389727,0.9621435238507343
W04,1060.244402087648,0.02926145309452553,0.9707385469054743,0.9707385578781577
W04,1090.909090909091,0.026420295195761476,0.9735797048042384,0.9735797150798162
W04,1143.643947312472,0.022164282895830587,0.9778357171041694,0.9778357262441442
W04,1233.603757444152,0.016425616644374006,0.983574383355626,0.9835743907927416
W04,1309.090909090909,0.012773949866953176,0.9872260501330468,0.9872260563457217
W04,1330.6398673787085,0.011889221242542063,0.9881107787574579,0.9881107846546175
W04,1435.308903667787,0.008389646686551315,0.9916103533134485,0.9916103578794971
W04,1527.2727272727273,0.006176077697193503,0.9938239223028063,0.9938239259351053
W04,1548.2112774858729,0.0057600193577584235,0.9942399806422413,0.9942399840905394
W04,1669.994628758488,0.003839347074534672,0.996160652925465,0.9961606554539398
W04,1745.4545454545455,0.0029860721575181294,0.9970139278424814,0.9970139299274042
W04,1801.35754120784,0.002478753982017707,0.997521246017982,0.9975212478233336
W04,1963.6363636363637,0.001443736220413442,0.9985562637795861,0.9985562649694998
W04,2181.818181818182,0.0006980321399718206,0.9993019678600279,0.9993019685447363
W04,2400.0,0.0003374916357390824,0.9996625083642608,0.9996625087690996
W04,2618.181818181818,0.0001631738878473349,0.9998368261121526,0.9998368263635173
W04,2836.3636363636365,7.88929852575412e-05,0.9999211070147422,0.9999211071778904
W04,3054.5454545454545,3.814400634388061e-05,0.9999618559936561,0.9999618561091449
W04,3272.727272727273,1.8442276517950448e-05,0.9999815577234819,0.9999815578100687
W04,3490.909090909091,8.916682080818105e-06,0.9999910833179191,0.9999910833855216
W04,3709.090909090909,4.311149445584928e-06,0.9999956888505542,0.9999956889060326
W04,3927.2727272727275,2.084417431331757e-06,0.9999979155825686,0.9999979156291617
W04,4145.454545454546,1.0078109589313954e-06,0.9999989921890409,0.9999989922275356
W04,4363.636363636364,4.87278889638197e-07,0.9999995127211102,0.9999995127520874
W04,4581.818181818182,2.3560842211463225e-07,0.9999997643915778,0.999999764420505
W04,4800.0,1.1392315803899611e-07,0.9999998860768419,0.999999886099669
W04,5018.181818181818,5.5090666990346766e-08,0.9999999449093329,0.9999999449303286
W04,5236.363636363636,2.6642222955830815e-08,0.9999999733577769,0.9999999733743643
W04,5454.545454545455,1.2889580376254406e-08,0.9999999871104195,0.9999999871267713
W04,5672.727272727273,6.235227935412558e-09,0.9999999937647719,0.9999999937759226
W04,5890.909090909091,3.0211718291354688e-09,0.999999996978828,0.9999999969907208
W04,6109.090909090909,1.4657846468897104e-09,0.9999999985342152,0.9999999985450436
W04,6327.272727272727,7.100173861073146e-10,0.9999999992899824,0.9999999992965432
W04,6545.454545454546,3.467628392835549e-10,0.9999999996532369,0.9999999996598856
W04,6763.636363636364,1.7289703133466434e-10,0.9999999998271027,0.9999999998355581
W04,6981.818181818182,8.61633825590847e-11,0.9999999999138364,0.9999999999204939
W04,7200.0,4.188098804975938e-11,0.9999999999581187,0.9999999999615596
W04,7418.181818181818,2.0536186341838718e-11,0.9999999999794636,0.9999999999814144
W04,7636.363636363637,1.0290388452085694e-11,0.9999999999897093,0.9999999999910141
W04,7854.545454545455,4.700486405471827e-12,0.9999999999952992,0.9999999999956554
W04,8072.727272727273,1.7134016598157334e-12,0.9999999999982864,0.9999999999978995
W04,8290.909090909092,2.391500971019078e-13,0.9999999999997606,0.9999999999989844
W04,8509.09090909091,-7.739448011468494e-14,1.0000000000000773,0.999999999999509
W04,8727.272727272728,1.0239093403655122e-13,0.9999999999998974,0.9999999999997626
W04,8945.454545454546,2.080165640222408e-12,0.9999999999979197,0.9999999999998852
W04,9163.636363636364,8.672912939814326e-12,0.9999999999913269,0.9999999999999445
W04,9381.818181818182,1.567700578496779e-11,0.9999999999843229,0.9999999999999731
W04,9600.0,2.2632774449548535e-11,0.9999999999773671,0.999999999999987
W04,9818.181818181818,2.9080549207422293e-11,0.9999999999709193,0.9999999999999938
W04,10036.363636363636,3.45606603324548e-11,0.9999999999654392,0.999999999999997
W04,10254.545454545454,3.86134380985118e-11,0.9999999999613864,0.9999999999999986
W04,10472.727272727272,4.0779212779459003e-11,0.9999999999592206,0.9999999999999993
W04,10690.909090909092,4.059831464916215e-11,0.9999999999594015,0.9999999999999997
W04,10909.09090909091,3.7611073981486987e-11,0.9999999999623888,0.9999999999999999
W04,11127.272727272728,3.135782105029923e-11,0.999999999968642,0.9999999999999999
W04,11345.454545454546,2.1378886129464634e-11,0.999999999978621,1.0
W04,11563.636363636364,1.400470077723447e-11,0.9999999999859952,1.0
W04,11781.818181818182,1.1223387351580949e-11,0.9999999999887764,1.0
W04,12000.0,8.394854733133203e-12,0.999999999991605,1.0
W04,12218.181818181818,5.58980906015049e-12,0.99999999999441,1.0
W04,12436.363636363636,2.8789564708920774e-12,0.9999999999971209,1.0
W04,12654.545454545454,3.3300310361722736e-13,0.9999999999996668,1.0
W04,12872.727272727274,-1.9773449034148146e-12,1.0000000000019773,1.0
W04,13090.909090909092,-3.9813814119447455e-12,1.0000000000039813,1.0
W04,13309.09090909091,-5.730727448614615e-12,1.0000000000057307,1.0
W04,13527.272727272728,-7.194442461243886e-12,1.0000000000071945,1.0
W04,13745.454545454546,-8.229318794830714e-12,1.0000000000082292,1.0
W04,13963.636363636364,-8.774036970349365e-12,1.000000000008774,1.0
W04,14181.818181818182,-8.767277508774095e-12,1.0000000000087672,1.0
W04,14400.0,-8.147720931079164e-12,1.0000000000081477,1.0
W04,14618.181818181818,-6.854047758238833e-12,1.000000000006854,1.0
W04,14836.363636363636,-4.82493851122736e-12,1.0000000000048248,1.0
W04,15054.545454545454,-3.26858234723278e-12,1.0000000000032685,1.0
W04,15272.727272727274,-2.492798390432157e-12,1.0000000000024927,1.0
W04,15490.909090909092,-1.7121036153775247e-12,1.0000000000017122,1.0
W04,15709.09090909091,-9.609017277631927e-13,1.0000000000009608,1.0
W04,15927.272727272728,-2.735964332834801e-13,1.0000000000002736,1.0
W04,16145.454545454546,3.154085623672936e-13,0.9999999999996846,1.0
W04,16363.636363636364,7.717095534948117e-13,0.9999999999992283,1.0
W04,16581.818181818184,1.0609028344047573e-12,0.9999999999989391,1.0
W04,16800.0,1.2720411766530798e-12,0.9999999999987279,1.0
W04,17018.18181818182,1.4657528497843822e-12,0.9999999999985343,1.0
W04,17236.363636363636,1.5787768306085607e-12,0.9999999999984213,1.0
W04,17454.545454545456,1.6111131191256191e-12,0.9999999999983888,1.0
W04,17672.727272727272,1.5627617153355568e-12,0.9999999999984373,1.0
W04,17890.909090909092,1.4337226192383722e-12,0.9999999999985663,1.0
W04,18109.090909090908,1.2239958308340688e-12,0.999999999998776,1.0
W04,18327.272727272728,9.335813501226401e-13,0.9999999999990664,1.0
W04,18545.454545454544,8.346138913195615e-13,0.9999999999991653,1.0
W04,18763.636363636364,9.008430601985411e-13,0.9999999999990992,1.0
W04,18981.818181818184,9.482734923516784e-13,0.9999999999990516,1.0
W04,19200.0,9.769051877789733e-13,0.999999999999023,1.0
W04,19418.18181818182,9.867381464804265e-13,0.9999999999990132,1.0
W04,19636.363636363636,9.77772368456038e-13,0.9999999999990222,1.0
W04,19854.545454545456,9.500078537058074e-13,0.99999999999905,1.0
W04,20072.727272727272,9.034446022297354e-13,0.9999999999990965,1.0
W04,20290.909090909092,8.380826140278206e-13,0.9999999999991619,1.0
W04,20509.090909090908,7.539218891000652e-13,0.999999999999246,1.0
W04,20727.272727272728,6.509624274464664e-13,0.999999999999349,1.0
W04,20945.454545454544,5.292042290670276e-13,0.9999999999994708,1.0
W04,21163.636363636364,3.8864729396174467e-13,0.9999999999996113,1.0
W04,21381.818181818184,2.2929162213061966e-13,0.9999999999997706,1.0
W04,21600.0,5.1137213573655523e-14,0.9999999999999488,1.0
W05,0.0,1.0,0.0,0.0
W05,1.0,0.9989592611504052,0.0010407388495950682,0.0010407388446719915
W05,1.0914043762281562,0.9988641871078875,0.001135812892112783,0.0011358128861249988
W05,1.1911635124499707,0.9987604332087976,0.0012395667912026428,0.001239566784165556
W05,1.3000410702911998,0.9986472080491545,0.0013527919508457113,0.0013527919428316232
W05,1.4188705133921513,0.9985236482639612,0.0014763517360389788,0.0014763517272028963
W05,1.5485614876172846,0.9983888120215658,0.0016111879784344715,0.0016111879690491398
W05,1.6901067844438882,0.9982416719369946,0.0017583280630055459,0.001758328053412017
W05,1.8445899408349564,0.9980811073532186,0.00191889264678157,0.0019188926366095326
W05,2.0131935337737072,0.9979058959391633,0.002094104060836921,0.0020941040502711634
W05,2.197208232954851,0.9977147045388852,0.0022852954611150313,0.0022852954504132966
W05,2.3980426809314577,0.9975060792142554,0.0024939207857448287,0.0024939207752569087
W05,2.617234276350493,0.9972784344092825,0.0027215655907176636,0.002721565580478135
W05,2.8564609428232597,0.9970300411641889,0.0029699588358112756,0.002969958825869626
W05,3.1175539735221105,0.9967590142973939,0.00324098570260639,0.0032409856929743615
W05,3.4025120498295083,0.9964632984715953,0.0035367015284049575,0.003536701519125826
W05,3.7135165413529596,0.9961406530515519,0.0038593469484483915,0.0038593469394743347
W05,4.052948204428267,0.9957886356569938,0.004211364343006532,0.004211364334974758
W05,4.423405406939059,0.9954045843048531,0.004595415695147211,0.004595415690920798
W05,4.827724018964577,0.9949855980229003,0.005014401977099953,0.00501440197738646
W05,5.2689991215197205,0.9945285158355189,0.005471484164481363,0.005471484169810519
W05,5.750608699568934,0.9940298939756709,0.005970106024329413,0.0059701060348483145
W05,6.276239500685241,0.9934859812017455,0.006514018798254867,0.006514018813405315
W05,6.849915257303889,0.9928926920787039,0.007107307921296437,0.007107307939317264
W05,7.4760274886134805,0.9922455780803693,0.00775442191963106,0.0077544219382734295
W05,8.159369117874745,0.9915397963706697,0.008460203629330663,0.008460203657071024
W05,8.905171162509367,0.9907700760589497,0.009229923941050575,0.009229923977865637
W05,9.719142777823501,0.9899306818682841,0.010069318131716245,0.01006931817540772
W05,10.607514960902845,0.9890153749674966,0.010984625032503737,0.010984625076918594
W05,11.577088249235002,0.9880173708670592,0.011982629132941151,0.011982629183762738
W05,12.635284779194649,0.986929294149341,0.01307070585065925,0.013070705910815486
W05,13.790205102902048,0.9857431299705458,0.01425687002945455,0.014256870092685024
W05,15.050690198391152,0.9844501721689544,0.015549827831046002,0.015549827894861545
W05,16.426389147778316,0.9830409678178447,0.016959032182155654,0.01695903225140714
W05,17.927833001511942,0.981505258147146,0.018494741852854334,0.01849474192775043
W05,19.5665153941377,0.9798319157971388,0.02016808420286151,0.020168084276071536
W05,21.354980528697467,0.9780088783591505,0.02199112164084973,0.02199112170996917
W05,23.30691920328749,0.9760230781913459,0.02397692180865437,0.023976921872616363
W05,25.43727361486401,0.9738603686549255,0.026139631345074795,0.02613963140613768
W05,27.762351742575586,0.9715054469079394,0.028494553092060896,0.028494553146819774
W05,30.29995218623238,0.9689417735754696,0.031058226424530676,0.031058226467937575
W05,33.069500415557904,0.9661514896697244,0.033848510330275895,0.03384851036594244
W05,36.09219747321872,0.963115331300212,0.036884668699788264,0.03688466873254524
W05,39.39118226996172,0.9598125429559722,0.04018745704402807,0.040187457070366694
W05,42.99170871423717,0.9562207903376538,0.04377920966234639,0.04377920968833974
W05,46.921339032244596,0.9523160738761101,0.047683926123890184,0.04768392614944838
W05,51.210154758276765,0.9480726445946855,0.051927355405314776,0.05192735543171485
W05,55.89098701050438,0.9434629241285731,0.05653707587142719,0.05653707589725108
W05,60.99966781497554,0.9384574312799778,0.06154256872002252,0.061542568737046485
W05,66.57530440172809,0.9330247178578922,0.06697528214210816,0.06697528206428226
W05,72.66057857276766,0.9271313175189766,0.0728686824810237,0.0728686822598932
W05,79.30207343358845,0.9207417111002866,0.07925828889971373,0.07925828852503505
W05,86.55062998938502,0.9138183136343545,0.08618168636564581,0.08618168586151786
W05,94.46173633571873,0.9063214881248527,0.09367851187514756,0.0936785108806007
W05,103.09595242291363,0.8982095945846151,0.1017904054153852,0.10179040393336414
W05,112.51937364577769,0.8894390781432212,0.11056092185677906,0.11056092006713528
W05,122.80413680745282,0.879964607134762,0.12003539286523826,0.12003539025318805
W05,134.02897233057516,0.8697392738349963,0.13026072616500403,0.13026072322045884
W05,146.27980694295232,0.8587148591019654,0.14128514089803476,0.14128513709837484
W05,159.65042145134794,0.8468421869258496,0.15315781307415063,0.15315780896305112
W05,174.24316863867062,0.834071565983348,0.1659284340166522,0.1659284293565327
W05,190.1697567801057,0.8203533468497464,0.17964665315025383,0.17964664799144808
W05,207.55210477605138,0.8056385984308033,0.19436140156919682,0.19436139627246884
W05,218.1818181818182,0.7967705430393747,0.20322945696062547,0.20322945169794177
W05,226.52327544794747,0.7898799227457534,0.2101200772542468,0.2101200721009657
W05,247.22849414142587,0.7730324224592339,0.22696757754076635,0.22696757285486605
W05,269.8262604342492,0.7550548321291171,0.24494516787088305,0.24494516366511704
W05,294.4895614592177,0.73591082587793,0.2640891741220701,0.26408917039690755
W05,321.4071961301007,0.7155705063359736,0.2844294936640266,0.28442949038095616
W05,350.7852204076135,0.6940120777731863,0.3059879222268139,0.3059879192546862
W05,382.8485246690276,0.6712236977595353,0.3287763022404649,0.32877629961395993
W05,417.84255525626986,0.6472054911673862,0.3527945088326139,0.352794506893013
W05,436.3636363636364,0.6348433055266023,0.3651566944733979,0.3651566933584375
W05,456.035193381048,0.6219716992011816,0.3780283007988186,0.37802830030085444
W05,497.71880577012917,0.5955529201958294,0.4044470798041708,0.40444708198365764
W05,543.2124827485711,0.5679983789219025,0.43200162107809753,0.4320016259446224
W05,592.8644808935521,0.5393781477457834,0.4606218522542167,0.46062185949203427
W05,647.0548889574568,0.5097852056378062,0.490214794362194,0.49021480361899017
W05,654.5454545454545,0.5058244590162898,0.49417554098371036,0.4941755504813105
W05,706.1985374679919,0.4793372074111447,0.5206627925888555,0.5206628037959928
W05,770.7481742784896,0.44817780574417343,0.5518221942558268,0.5518222076339961
W05,841.1979303774051,0.41647734745398995,0.5835226525460102,0.5835226684795309
W05,872.7272727272727,0.40302604103988654,0.5969739589601136,0.5969739760124071
W05,918.0871024879684,0.3844327471082061,0.6155672528917941,0.6155672711454339
W05,1002.0042814139963,0.35226633606480545,0.6477336639351948,0.647733683726508
W05,1090.909090909091,0.3211192876845405,0.6788807123154598,0.6788807338874071
W05,1093.5918577345842,0.3202234884606805,0.6797765115393197,0.6797765331147738
W05,1193.5509393390043,0.2885688469219614,0.7114311530780387,0.7114311762505201
W05,1302.6467184458156,0.2575810349617095,0.7424189650382906,0.7424189891932151
W05,1309.090909090909,0.25585839791369386,0.7441416020863063,0.7441416262691147
W05,1421.714329191011,0.2275458072662077,0.7724541927337923,0.7724542174794414
W05,1527.2727272727273,0.20386044175500356,0.7961395582449965,0.7961395832747696
W05,1551.6652406253465,0.19874770325170246,0.8012522967482976,0.8012523216213063
W05,1693.494234059618,0.17146041276408858,0.8285395872359115,0.8285396120095335
W05,1745.4545454545455,0.16243000059393342,0.8375699994060666,0.8375700239887521
W05,1848.287018169816,0.14593622024073535,0.8540637797592646,0.854063803826456
W05,1963.6363636363637,0.12941944439927558,0.8705805556007243,0.8705805789528279
W05,2017.2285401562265,0.12239507591729396,0.877604924082706,0.8776049470353959
W05,2181.818181818182,0.10311760468463742,0.8968823953153624,0.8968824169313098
W05,2201.61205657884,0.10101400306695053,0.8989859969330494,0.8989860184171058
W05,2400.0,0.08216107282857406,0.9178389271714259,0.9178389467987766
W05,2402.849033306819,0.08191769143508809,0.9180823085649118,0.9180823281741876
W05,2618.181818181818,0.06546352497528775,0.9345364750247123,0.9345364925917866
W05,2622.4799503666563,0.0651711935886744,0.9348288064113256,0.9348288239473931
W05,2836.3636363636365,0.0521594102350935,0.9478405897649065,0.947840605308582
W05,2862.186094400766,0.05077561326751526,0.9492243867324848,0.9492244020826088
W05,3054.5454545454545,0.04155908316185282,0.9584409168381471,0.9584409304926155
W05,3123.80242900837,0.038667527196377685,0.9613324728036223,0.9613324858526548
W05,3272.727272727273,0.033113054482923926,0.966886945517076,0.9668869574016778
W05,3409.331641491878,0.02872259550914439,0.9712774044908555,0.9712774153176922
W05,3490.909090909091,0.026383507372165903,0.973616492627834,0.9736165028929854
W05,3709.090909090909,0.021021602268870725,0.9789783977311293,0.9789784065439182
W05,3720.9594735373626,0.020763405415051155,0.9792365945849488,0.9792366033283093
W05,3927.2727272727275,0.016749394074629814,0.9832506059253703,0.9832506134558148
W05,4061.0714531862927,0.014571099189865372,0.9854289008101347,0.9854289076428503
W05,4145.454545454546,0.013345424307482517,0.9866545756925176,0.9866545820994664
W05,4363.636363636364,0.010633241372469793,0.9893667586275303,0.9893667640620718
W05,4432.271156182756,0.009899824126079914,0.9901001758739202,0.9901001810343454
W05,4581.818181818182,0.008472253835416759,0.9915277461645833,0.9915277507715118
W05,4800.0,0.0067504425515394414,0.9932495574484606,0.9932495613368657
W05,4837.4001364876885,0.0064926062362406405,0.9935073937637594,0.9935073975364792
W05,5018.181818181818,0.005378553989364706,0.9946214460106354,0.9946214492850951
W05,5236.363636363636,0.004285473554075419,0.9957145264459247,0.9957145291978148
W05,5279.559678529343,0.004096987133906651,0.9959030128660935,0.9959030155246513
W05,5454.545454545455,0.0034145392302239327,0.9965854607697762,0.9965854630792105
W05,5672.727272727273,0.0027206043974424684,0.9972793956025576,0.9972793975454248
W05,5762.134537704644,0.002478753981746796,0.9975212460182532,0.9975212478233336
W05,5890.909090909091,0.0021676975380971325,0.9978323024619028,0.9978323040905562
W05,6109.090909090909,0.0017271576231581642,0.9982728423768417,0.9982728437416803
W05,6327.272727272727,0.0013761483876995756,0.9986238516123003,0.9986238527610554
W05,6545.454545454546,0.0010964745528850963,0.9989035254471148,0.9989035264098817
W05,6763.636363636364,0.0008736386760567416,0.9991263613239431,0.9991263621364027
W05,6981.818181818182,0.0006960896028919719,0.9993039103971081,0.9993039110804042
W05,7200.0,0.0005546237290439069,0.9994453762709562,0.9994453768498667
W05,7418.181818181818,0.0004419078822881232,0.9995580921177118,0.9995580926085672
W05,7636.363636363637,0.00035209921125016637,0.9996479007887499,0.9996479012054293
W05,7854.545454545455,0.0002805423067864789,0.9997194576932137,0.9997194580503934
W05,8072.727272727273,0.0002235278689531274,0.9997764721310469,0.9997764724369903
W05,8290.909090909092,0.0001781004440479869,0.9998218995559521,0.9998218998210601
W05,8509.09090909091,0.00014190520632348925,0.9998580947936767,0.9998580950227733
W05,8727.272727272728,0.00011306590701894377,0.9998869340929812,0.9998869342934884
W05,8945.454545454546,9.008760163171138e-05,0.9999099123983686,0.9999099125750286
W05,9163.636363636364,7.177916295115844e-05,0.9999282208370491,0.9999282209930104
W05,9381.818181818182,5.719153830932304e-05,0.9999428084616909,0.9999428086012443
W05,9600.0,4.556854587547507e-05,0.9999544314541248,0.9999544315778552
W05,9818.181818181818,3.6307690346304234e-05,0.9999636923096539,0.9999636924233025
W05,10036.363636363636,2.8928909039318837e-05,0.9999710710909608,0.9999710711922072
W05,10254.545454545454,2.3049714848035684e-05,0.9999769502851521,0.9999769503779532
W05,10472.727272727272,1.8365346454447363e-05,0.9999816346535457,0.9999816347400036
W05,10690.909090909092,1.4632976266083647e-05,0.9999853670237341,0.9999853671017229
W05,10909.09090909091,1.1659135766644815e-05,0.9999883408642335,0.9999883409376166
W05,11127.272727272728,9.289666471314955e-06,0.9999907103335289,0.9999907104024721
W05,11345.454545454546,7.401740220864228e-06,0.9999925982597794,0.9999925983222842
W05,11563.636363636364,5.89749756484269e-06,0.9999941025024354,0.999994102561188
W05,11781.818181818182,4.698962052809112e-06,0.9999953010379474,0.9999953010944442
W05,12000.0,3.7440019540495008e-06,0.9999962559980462,0.9999962560504438
W05,12218.181818181818,2.9831169435824538e-06,0.9999970168830568,0.9999970169312593
W05,12436.363636363636,2.376868492506336e-06,0.9999976231315078,0.9999976231786839
W05,12654.545454545454,1.8938265540128494e-06,0.9999981061734463,0.9999981062187767
W05,12872.727272727274,1.5089501296602964e-06,0.9999984910498706,0.9999984910908963
W05,13090.909090909092,1.2022928612147971e-06,0.9999987977071391,0.9999987977456661
W05,13309.09090909091,9.579593313791395e-07,0.9999990420406688,0.9999990420791552
W05,13527.272727272728,7.632799660395768e-07,0.9999992367200342,0.9999992367568833
W05,13745.454545454546,6.081637750280837e-07,0.9999993918362252,0.9999993918703635
W05,13963.636363636364,4.845707277966636e-07,0.9999995154292723,0.999999515460216
W05,14181.818181818182,3.8609681225515954e-07,0.9999996139031879,0.9999996139329707
W05,14400.0,3.0763678524289057e-07,0.999999692363215,0.9999996923931613
W05,14618.181818181818,2.4512119097428116e-07,0.9999997548788092,0.9999997549079305
W05,14836.363636363636,1.9530882223492555e-07,0.9999998046911779,0.9999998047178574
W05,15054.545454545454,1.5561910195968206e-07,0.9999998443808982,0.9999998444049402
W05,15272.727272727274,1.2399648013039687e-07,0.99999987600352,0.9999998760264389
W05,15490.909090909092,9.880176738633366e-08,0.9999999011982328,0.9999999012215177
W05,15709.09090909091,7.872718460270581e-08,0.9999999212728157,0.9999999212962145
W05,15927.272727272728,6.273103044568753e-08,0.9999999372689697,0.9999999372911417
W05,16145.454545454546,4.998452710402414e-08,0.9999999500154731,0.9999999500354285
W05,16363.636363636364,3.9827976012004876e-08,0.9999999601720242,0.999999960189701
W05,16581.818181818184,3.173565064457307e-08,0.9999999682643496,0.9999999682803262
W05,16800.0,2.5289754250007132e-08,0.999999974710246,0.9999999747266982
W05,17018.18181818182,2.015443234239665e-08,0.999999979845568,0.9999999798629774
W05,17236.363636363636,1.6061901341238645e-08,0.999999983938099,0.9999999839554135
W05,17454.545454545456,1.2800187479191614e-08,0.9999999871998128,0.999999987216146
W05,17672.727272727272,1.0200687068758284e-08,0.9999999897993133,0.9999999898142017
W05,17890.909090909092,8.128773045976303e-09,0.9999999918712272,0.9999999918842558
W05,18109.090909090908,6.4777416096619565e-09,0.9999999935222587,0.9999999935336141
W05,18327.272727272728,5.162374547639199e-09,0.9999999948376258,0.9999999948477741
W05,18545.454545454544,4.116087661754965e-09,0.9999999958839126,0.9999999958948582
W05,18763.636363636364,3.28202090908492e-09,0.9999999967179795,0.9999999967291439
W05,18981.818181818184,2.618487876349871e-09,0.9999999973815125,0.9999999973938782
W05,19200.0,2.088641970439029e-09,0.9999999979113584,0.9999999979235189
W05,19418.18181818182,1.6660916685461093e-09,0.9999999983339087,0.999999998345521
W05,19636.363636363636,1.3286141312733767e-09,0.9999999986713862,0.9999999986817599
W05,19854.545454545456,1.059157770156187e-09,0.9999999989408426,0.9999999989496651
W05,20072.727272727272,8.444353602558036e-10,0.999999999155565,0.9999999991631241
W05,20290.909090909092,6.731997056828635e-10,0.9999999993268006,0.9999999993332019
W05,20509.090909090908,5.370283447639904e-10,0.999999999462972,0.9999999994687149
W05,20727.272727272728,4.28945968363878e-10,0.9999999995710543,0.9999999995766877
W05,20945.454545454544,3.438801210045729e-10,0.9999999996561202,0.9999999996627172
W05,21163.636363636364,2.7528653371228685e-10,0.9999999997247138,0.999999999731263
W05,21381.818181818184,2.2073886640741818e-10,0.9999999997792615,0.9999999997858783
W05,21600.0,1.7647249363618856e-10,0.9999999998235278,0.9999999998293941
W06,0.0,1.0,0.0,0.0
W06,1.0,0.9999853880574668,1.4611942533122359e-05,1.4611948382115876e-05
W06,1.1394661118217815,0.999983350202997,1.664979700298862e-05,1.664980304394114e-05
W06,1.2983830199902486,0.9999810281420504,1.89718579495732e-05,1.897186430982273e-05
W06,1.479463451443711,0.9999783822387435,2.161776125643509e-05,2.1617767859357166e-05
W06,1.6857984665989987,0.9999753673299665,2.463267003343025e-05,2.4632676755585857e-05
W06,1.9209102240506823,0.9999719319544931,2.8068045506814604e-05,2.8068052193201543e-05
W06,2.188812104157738,0.9999680174750689,3.198252493096016e-05,3.1982531699888165e-05
W06,2.49407721783307,0.999963557077003,3.6442922996921367e-05,3.644292976489384e-05
W06,2.841916469987535,0.9999584746288672,4.152537113271749e-05,4.152537795374448e-05
W06,3.238267510178979,0.9999526833831042,4.731661689569508e-05,4.731662394250845e-05
W06,3.689896088862443,0.9999460844956259,5.39155043739118e-05,5.3915511609303914e-05
W06,4.204511549402487,0.999938565339961,6.14346600389541e-05,6.143466740038236e-05
W06,4.790898427307424,0.9999299975856951,7.000241430472575e-05,7.000242169493693e-05
W06,5.459066403097079,0.9999202350093889,7.976499061097005e-05,7.976499788565485e-05
W06,6.220421168513948,0.9999091110007963,9.088899920359206e-05,9.088900643784268e-05
W06,7.087959122780491,0.9998964357208594,0.00010356427914053032,0.00010356428636464939
W06,8.076489222386412,0.999881992864706,0.00011800713529391147,0.00011800714244567727
W06,9.202885771403169,0.9998655359738401,0.00013446402615983712,0.00013446403321886252
W06,10.486376467480765,0.9998467842346019,0.0001532157653979669,0.00015321577240172036
W06,11.948870620499736,0.9998254176918134,0.0001745823081864718,0.0001745823150733723
W06,13.615333146602353,0.9998010717967049,0.00019892820329507646,0.00019892820981520218
W06,15.514210721717205,0.9997733311968612,0.00022666880313877943,0.00022666880922603372
W06,17.6779173690589,0.9997417226616221,0.0002582773383778328,0.000258277343978622
W06,20.143387769628283,0.9997057070250216,0.00029429297497832543,0.00029429298007233517
W06,22.952707740776756,0.9996646700092433,0.0003353299907566436,0.0003353299953922084
W06,26.1538326451646,0.9996179117739868,0.0003820882260130664,0.0003820882303655431
W06,29.801405993423288,0.9995646350153279,0.00043536498467214817,0.0004353649887036697
W06,33.957692214148366,0.9995039314145358,0.0004960685854642316,0.0004960685882524924
W06,38.693639513696425,0.9994347662124928,0.0005652337875071738,0.000565233789212263
W06,44.090090968905315,0.9993559606434838,0.0006440393565162471,0.0006440393578261207
W06,50.23916452620719,0.9992661719421805,0.0007338280578194893,0.0007338280585222956
W06,57.245825463852086,0.9991638705926418,0.0008361294073581778,0.0008361294069151446
W06,65.22967815932387,0.9990473144377471,0.000952685562252949,0.0009526855605597536
W06,74.32700774759095,0.9989145192223936,0.0010854807776064118,0.0010854807744935394
W06,84.6931065214949,0.9987632250904699,0.001236774909530198,0.0012367749050092931
W06,96.50492478615575,0.998590858485803,0.0014091415141971135,0.001409141508448817
W06,109.96409141773438,0.9983944888407212,0.0016055111592788182,0.0016055111527755056
W06,125.30035568778074,0.9981707793540079,0.0018292206459921679,0.0018292206389837
W06,142.77550910544176,0.9979159310747038,0.0020840689252962907,0.0020840689177316104
W06,162.6878542237531,0.9976256194078168,0.0023743805921832228,0.002374380584604205
W06,185.37729669296874,0.99729492204709,0.002705077952910012,0.002705077945701194
W06,211.2311474827699,0.9969182372289759,0.0030817627710240914,0.003081762764237016
W06,218.1818181818182,0.9968169917819588,0.0031830082180411804,0.0031830082113532532
W06,240.6907343178451,0.9964891910649316,0.0035108089350683867,0.00351080892873886
W06,274.2589351846844,0.996000532569883,0.003999467430116979,0.003999467424095527
W06,312.50876250727435,0.9954440148611179,0.004555985138882064,0.004555985137506447
W06,356.09314452440043,0.9948102608143637,0.005189739185636125,0.005189739190966682
W06,405.7560708376103,0.994088611354837,0.005911388645162993,0.005911388657989812
W06,436.3636363636364,0.9936441151352686,0.006355884864731243,0.006355884881432964
W06,462.3452923854152,0.9932669543279748,0.006733045672024997,0.006733045691182922
W06,526.8267926335133,0.9923315317667184,0.007668468233281486,0.00766846825363474
W06,600.3012770056494,0.9912667232308598,0.008733276769140073,0.008733276803077436
W06,654.5454545454545,0.9904813377834425,0.00951866221655742,0.0095186622590182
W06,684.0229620312775,0.9900548026332546,0.009945197366745246,0.009945197412528918
W06,779.4209849425979,0.988675666137404,0.011324333862595919,0.011324333909622168
W06,872.7272727272727,0.9873286275701668,0.01267137242983305,0.012671372490239901
W06,888.1237991848453,0.987106528403423,0.012893471596576878,0.012893471658784602
W06,1011.9869722735444,0.9853215844962354,0.014678415503764414,0.014678415568723171
W06,1090.909090909091,0.9841859524495923,0.01581404755040759,0.015814047618907607
W06,1153.1248605108328,0.9832916353256038,0.016708364674396067,0.01670836474646653
W06,1309.090909090909,0.9810532804920519,0.01894671950794806,0.018946719586835137
W06,1313.9467012513128,0.9809836741871804,0.01901632581281952,0.01901632589165691
W06,1497.1977388158896,0.9783604331037838,0.021639566896216045,0.021639566970196318
W06,1527.2727272727273,0.9779305798386262,0.02206942016137376,0.02206942023416529
W06,1706.006086076905,0.975379888218792,0.02462011178120798,0.024620111846926973
W06,1745.4545454545455,0.9748178187648856,0.025182181235114273,0.02518218129969339
W06,1943.9361216463462,0.9719947247663892,0.02800527523361072,0.028005275293984937
W06,1963.6363636363637,0.9717149656377859,0.028285034362213947,0.028285034421189934
W06,2181.818181818182,0.9686219889079463,0.03137801109205357,0.03137801113572213
W06,2215.049334162276,0.9681517640408868,0.0318482359591131,0.031848236000742144
W06,2400.0,0.9655388571541877,0.03446114284581206,0.03446114287997444
W06,2523.973652291315,0.9637913572957053,0.03620864270429454,0.03620864273887358
W06,2618.181818181818,0.962465539040083,0.03753446095991682,0.03753446099056811
W06,2836.3636363636365,0.9594020033192744,0.04059799668072542,0.04059799670437968
W06,2875.9824439170056,0.9588467545292617,0.04115324547073815,0.04115324549357571
W06,3054.5454545454545,0.9563482188628647,0.043651781137135116,0.0436517811588584
W06,3272.727272727273,0.9533041546300232,0.046695845369976785,0.04669584539234281
W06,3277.0845330378156,0.9532434610899857,0.046756538910014175,0.04675653893235949
W06,3490.909090909091,0.9502697796774644,0.04973022032253549,0.04973022034437616
W06,3709.090909090909,0.9472450631666124,0.05275493683338745,0.052754936856020854
W06,3734.126770971898,0.9468986002445068,0.05310139975549314,0.053101399778340976
W06,3927.2727272727275,0.9442299743525598,0.05577002564744009,0.05577002567017197
W06,4145.454545454546,0.9412244825897652,0.05877551741023476,0.058775517431869685
W06,4254.9109127689735,0.9397203078434538,0.06027969215654605,0.06027969217772871
W06,4363.636363636364,0.9382285573325012,0.06177144266749868,0.06177144268861077
W06,4581.818181818182,0.9352421680934618,0.06475783190653808,0.06475783189065903
W06,4800.0,0.9322652845367787,0.06773471546322128,0.06773471539135487
W06,4848.326793920929,0.9316071942542479,0.06839280574575216,0.06839280565980875
W06,5018.181818181818,0.9292978764131232,0.0707021235868768,0.07070212344742376
W06,5236.363636363636,0.9263399135660443,0.07366008643395572,0.07366008621928376
W06,5454.545454545455,0.9233913659373432,0.07660863406265676,0.07660863377135205
W06,5524.504080710445,0.9224479212625922,0.07755207873740773,0.07755207842259237
W06,5672.727272727273,0.9204522035670737,0.0795477964329263,0.07954779607235055
W06,5890.909090909091,0.9175223965935416,0.08247760340645839,0.08247760299561044
W06,6109.090909090909,0.9146019152533051,0.08539808474669477,0.08539808431937593
W06,6294.985184590697,0.9121209553691698,0.0878790446308301,0.08787904409034168
W06,6327.272727272727,0.911690729706654,0.08830927029334602,0.08830926972710677
W06,6545.454545454546,0.9087888104423305,0.09121118955766949,0.09121118880778004
W06,6763.636363636364,0.9058961279998119,0.09410387200018812,0.09410387105619085
W06,6981.818181818182,0.9030126529894625,0.09698734701053745,0.09698734587325211
W06,7172.922292261281,0.9004945762110206,0.0995054237889794,0.09950542249448621
W06,7200.0,0.9001383561185621,0.09986164388143787,0.09986164256629343
W06,7418.181818181818,0.8972732081913053,0.10272679180869466,0.10272679034935896
W06,7636.363636363637,0.894417180108802,0.10558281989119797,0.10558281834350423
W06,7854.545454545455,0.8915702428690772,0.10842975713092282,0.1084297555770923
W06,8072.727272727273,0.8887323672721327,0.11126763272786733,0.11126763098608863
W06,8173.301874762743,0.887427243861467,0.11257275613853299,0.11257275428401754
W06,8290.909090909092,0.8859035245977148,0.11409647540228518,0.11409647341435535
W06,8509.09090909091,0.8830836861518545,0.11691631384814542,0.11691631161394428
W06,8727.272727272728,0.8802728232872712,0.11972717671272876,0.1197271742453892
W06,8945.454545454546,0.8774709074513019,0.12252909254869818,0.12252908987799725
W06,9163.636363636364,0.8746779101859009,0.12532208981409904,0.12532208699013922
W06,9313.20050798158,0.8727684417143572,0.12723155828564275,0.1272315553979627
W06,9381.818181818182,0.8718938031276409,0.12810619687235908,0.1281061939695389
W06,9600.0,0.8691185580077117,0.1308814419922883,0.13088143911356187
W06,9818.181818181818,0.8663521463271247,0.1336478536728753,0.13364785062950296
W06,10036.363636363636,0.8635945400960648,0.1364054599039351,0.13640545663487277
W06,10254.545454545454,0.8608457113525089,0.13915428864749113,0.13915428515768385
W06,10472.727272727272,0.8581056321692323,0.14189436783076767,0.1418943641367352
W06,10612.076371446401,0.8563601549932183,0.14363984500678173,0.14363984119758225
W06,10690.909090909092,0.8553742747110559,0.14462572528894413,0.14462572142189653
W06,10909.09090909091,0.8526516112348452,0.1473483887651548,0.14734838477439094
W06,11127.272727272728,0.8499376140895109,0.15006238591048912,0.1500623818670777
W06,11345.454545454546,0.8472322557160085,0.1527677442839915,0.1527677402847328
W06,11563.636363636364,0.8445355084033156,0.15546449159668435,0.15546448752432987
W06,11781.818181818182,0.8418473448180877,0.15815265518191235,0.15815265099531936
W06,12000.0,0.8391677376822921,0.1608322623177078,0.16083225801990722
W06,12092.101401327844,0.8380391530370923,0.1619608469629076,0.16196084261880866
W06,12218.181818181818,0.8364966597595617,0.16350334024043828,0.1635033358333326
W06,12436.363636363636,0.8338340838999397,0.16616591610006026,0.16616591158414473
W06,12654.545454545454,0.8311799830395817,0.16882001696041823,0.16882001233447866
W06,12872.727272727274,0.8285343302004561,0.17146566979954386,0.1714656650603305
W06,13090.909090909092,0.8258970984900448,0.17410290150995514,0.1741028966518316
W06,13309.09090909091,0.8232682611498755,0.17673173885012447,0.17673173391352165
W06,13527.272727272728,0.8206477914405717,0.17935220855942824,0.1793522035646215
W06,13745.454545454546,0.8180356627174781,0.18196433728252193,0.18196433223930422
W06,13778.539767525739,0.817640284599844,0.18235971540015605,0.1823597103504502
W06,13963.636363636364,0.8154318484311331,0.18456815156886677,0.18456814648696637
W06,14181.818181818182,0.8128363221164386,0.18716367788356134,0.18716367277249735
W06,14400.0,0.8102490573923723,0.18975094260762762,0.18975093747654875
W06,14618.181818181818,0.8076700279617024,0.19232997203829752,0.19232996689580215
W06,14836.363636363636,0.8050992076107009,0.19490079238929905,0.19490078724323676
W06,15054.545454545454,0.8025365702088573,0.19746342979114268,0.19746342464839556
W06,15272.727272727274,0.7999820897085922,0.20001791029140772,0.20001790515765105
W06,15490.909090909092,0.7974357401449715,0.2025642598550284,0.20256425473446982
W06,15700.179135484364,0.7950010133924467,0.20499898660755328,0.20499898150198706
W06,15709.09090909091,0.7948974956354194,0.20510250436458055,0.2051024992596766
W06,15927.272727272728,0.7923673304016573,0.20763266959834267,0.20763266453171725
W06,16145.454545454546,0.7898452187178271,0.21015478128217294,0.21015477626692083
W06,16363.636363636364,0.7873311349431912,0.21266886505680885,0.21266886009976144
W06,16581.818181818184,0.7848250535235974,0.21517494647640262,0.21517494158311803
W06,16800.0,0.7823269489859809,0.21767305101401918,0.21767304618853472
W06,17018.18181818182,0.7798367959380832,0.22016320406191678,0.22016319930647965
W06,17236.363636363636,0.7773545690681729,0.22264543093182707,0.22264542624660252
W06,17454.545454545456,0.7748802431447643,0.22511975685523566,0.22511975223799266
W06,17672.727272727272,0.7724137930163377,0.22758620698366222,0.2275862024294345
W06,17889.82207441581,0.7699674233259235,0.23003257667407656,0.23003257217455136
W06,17890.909090909092,0.7699551936110589,0.23004480638894115,0.23004480188966417
W06,18109.090909090908,0.7675044199364985,0.23249558006350146,0.2324955756076235
W06,18327.272727272728,0.7650614470793524,0.2349385529206476,0.23493854849271442
W06,18545.454545454544,0.7626262502626574,0.23737374973734268,0.23737374537505185
W06,18763.636363636364,0.760198804713629,0.23980119528637103,0.23980119100571667
W06,18981.818181818184,0.7577790857445125,0.24222091425548753,0.2422209100570065
W06,19200.0,0.7553670687605836,0.24463293123941648,0.24463292712268675
W06,19418.18181818182,0.7529627292452633,0.2470372707547368,0.2470372667182412
W06,19636.363636363636,0.7505660427598538,0.24943395724014616,0.24943395328111997
W06,19854.545454545456,0.748176984943274,0.25182301505672605,0.25182301117098915
W06,20072.727272727272,0.7457955315117941,0.25420446848820594,0.25420446466997737
W06,20290.909090909092,0.7434216582587719,0.2565783417412281,0.2565783379829235
W06,20384.846000318084,0.7424019293138326,0.25759807068616736,0.25759806695083004
W06,20509.090909090908,0.7410553410543881,0.258944658945612,0.25894465523762167
W06,20727.272727272728,0.738696555845381,0.2613034441546191,0.26130344048506765
W06,20945.454545454544,0.7363452786547829,0.2636547213452171,0.263654717699702
W06,21163.636363636364,0.7340014856224003,0.2659985143775998,0.2659985107796551
W06,21381.818181818184,0.7316651529122549,0.26833484708774524,0.268334843546989
W06,21600.0,0.7293362567667226,0.2706637432332775,0.2706637397479399
W06,23227.84121206822,0.7121928831435252,0.28780711685647486,0.2878071136897114
W06,26467.33791192914,0.6792661838316779,0.3207338161683222,0.32073381344324875
W06,30158.634620779092,0.6435988604113502,0.35640113958864994,0.3564011379429192
W06,34364.74212919296,0.6052343717144353,0.39476562828556483,0.3947656295440364
W06,39157.45909770963,0.5642990473916448,0.43570095260835523,0.4357009578306581
W06,44618.59766688768,0.5210186750550252,0.4789813249449749,0.4789813333012951
W06,50841.37999842887,0.475733705271432,0.5242662947285681,0.5242663060549333
W06,57932.029586463505,0.4289109423892774,0.5710890576107227,0.5710890728164392
W06,66011.58450283192,0.3811490152411741,0.618850984758826,0.6188510031598378
W06,75217.96352863693,0.3331744780761476,0.6668255219238526,0.6668255427108531
W06,85708.32044112841,0.28582526317158896,0.714174736828411,0.7141747600466849
W06,97661.726643828,0.24001870224246863,0.7599812977575313,0.7599813222140164
W06,111282.22793264427,0.19670268104988786,0.803297318950112,0.8032973439041678
W06,126802.32757727554,0.15679086262305905,0.8432091373769409,0.8432091617254677
W06,144486.9551744299,0.12108637240881696,0.8789136275911829,0.8789136505018099
W06,164637.98902157584,0.09020240891412654,0.9097975910858734,0.9097976116009509
W06,187599.40920857197,0.06449209374673344,0.9355079062532666,0.9355079237233316
W06,213763.16939095507,0.044002056979154505,0.9559979430208456,0.9559979571417251
W06,243575.88747661217,0.028463181062470692,0.9715368189375294,0.9715368297122936
W06,277546.4694365148,0.01732640103869135,0.9826735989613088,0.9826736066807611
W06,316254.79637868877,0.009841649007956381,0.9901583509920437,0.9901583561332236
W06,360361.62317461334,0.005166171984059496,0.9948338280159407,0.9948338311879659
W06,410619.8576085633,0.0024787539745341368,0.997521246025466,0.9975212478233336
W07,0.0,1.0,0.0,0.0
W07,1.0,0.9997315174861314,0.000268482513868595,0.00026848251311048336
W07,1.1029153532965128,0.9997038921278779,0.00029610787212214424,0.00029610787078019214
W07,1.2164222765371717,0.9996734249113142,0.0003265750886858868,0.00032657508686037687
W07,1.3416108048847433,0.9996398236285834,0.00036017637141669333,0.00036017636931495874
W07,1.4796831548558755,0.9996027660558886,0.0003972339441114426,0.0003972339419178132
W07,1.6319652695047666,0.9995618968751402,0.00043810312485994125,0.000438103121038481
W07,1.7999195517834885,0.9995168242881057,0.0004831757118943782,0.0004831757064164181
W07,1.9851589083605874,0.9994671162754017,0.0005328837245983284,0.0005328837176631948
W07,2.1894622387642366,0.9994122964808028,0.0005877035191973421,0.0005877035113744123
W07,2.414791518596032,0.9993518396751547,0.0006481603248452578,0.0006481603171720932
W07,2.6633106408697658,0.9992851667560853,0.000714833243914762,0.0007148332347586908
W07,2.9374061964132396,0.9992116392510833,0.0007883607489168041,0.0007883607381717367
W07,3.239710392892474,0.9991305532496826,0.0008694467503174413,0.0008694467379107883
W07,3.5731263325553875,0.9990411327292867,0.0009588672707132922,0.0009588672564939706
W07,3.940855891443399,0.9989425222055689,0.0010574777944311815,0.0010574777783190457
W07,4.34643046780194,0.9988337786415821,0.0011662213584180316,0.0011662213404828117
W07,4.793744894974504,0.998713862542984,0.0012861374570161152,0.0012861374374818228
W07,5.28709484445416,0.9985816281598178,0.0014183718401822724,0.0014183718195050121
W07,5.831218078283331,0.9984358127075516,0.00156418729244851,0.0015641872713610925
W07,6.4313399469588735,0.9982750245109921,0.0017249754890079814,0.0017249754669838198
W07,7.093223569770122,0.9980977299744886,0.0019022700255115145,0.001902270002944971
W07,7.823225179464165,0.9979022392539548,0.0020977607460452487,0.0020977607234904942
W07,8.628355162726896,0.9976866905186025,0.00231330948139765,0.0023133094593029203
W07,9.516345382666724,0.9974490326659002,0.0025509673340998046,0.002550967312474358
W07,10.49572342981551,0.9971870063478512,0.0028129936521489106,0.0028129936310248575
W07,11.57589451469746,0.9968981231517731,0.003101876848227101,0.00310187682767626
W07,12.767231788400712,0.996579642770412,0.0034203572295880614,0.003420357209421311
W07,14.08117595852244,0.9962285479861065,0.0037714520138935805,0.00377145199660847
W07,15.530345157124147,0.9958415172651204,0.00415848273487978,0.004158482722649491
W07,17.128656115786363,0.9954148947755865,0.004585105224413597,0.004585105217852812
W07,18.891457811436993,0.994944657605944,0.005055342394056169,0.005055342393029611
W07,20.835678866387195,0.9944263799528708,0.005573620047129364,0.005573620050070111
W07,22.97999011809412,0.9938551940458791,0.006144805954121042,0.006144805957206301
W07,25.344983919848147,0.9932257475762866,0.00677425242371358,0.006774252435604396
W07,27.953371894253753,0.9925321573095617,0.007467842690438486,0.0074678427105609275
W07,30.83020303857969,0.9917679587402726,0.008232041259727565,0.008232041284027406
W07,34.00310427649834,0.9909260514415618,0.00907394855843838,0.009073948584363185
W07,37.50254576629235,0.9899986398914267,0.010001360108573438,0.010001360142760094
W07,41.362133513348965,0.98897716950435,0.011022830495650157,0.01102283053203295
W07,45.618932096972806,0.9878522577572438,0.012147742242756377,0.012147742280398634
W07,50.31382061074239,0.9866136201043165,0.013386379895683684,0.013386379938009616
W07,55.49188523459431,0.9852499906198817,0.014750009380118487,0.014750009424393027
W07,61.20285220860212,0.983749037325132,0.016250962674868218,0.016250962717003107
W07,67.50156536640466,0.9820972721885293,0.01790272781147092,0.017902727850562752
W07,74.44851281415589,0.9802799559598747,0.019720044040125503,0.01972004407869256
W07,82.1104078128247,0.9782809981347684,0.021719001865231794,0.021719001897544526
W07,90.56082944220229,0.9760828525879506,0.023917147412049557,0.023917147438800853
W07,99.88092919907179,0.9736664095269358,0.02633359047306433,0.02633359049837287
W07,110.16021031517823,0.9710108848538921,0.028989115146108045,0.028989115168141563
W07,121.49738727898296,0.9680937083518044,0.03190629164819578,0.031906291670541945
W07,134.00133381540272,0.9648904124744266,0.03510958752557349,0.035109587547844684
W07,147.79212842721884,0.9613745242060232,0.03862547579397697,0.03862547581653423
W07,163.00220753874964,0.9575174629735762,0.04248253702642392,0.0424825370480688
W07,179.77763731571156,0.9532884483942895,0.04671155160571069,0.04671155156564939
W07,198.27951637487035,0.9486544228139224,0.051345577186077705,0.05134557703736364
W07,218.1818181818182,0.943704793128446,0.056295206871554176,0.05629520660283254
W07,218.6855228540518,0.9435799940440207,0.05642000595597948,0.05642000568483436
W07,241.19162069940944,0.9380274055046982,0.06197259449530202,0.061972594100872726
W07,266.0139415558477,0.931956541921577,0.06804345807842328,0.0680434572709532
W07,293.3908603328656,0.9253249820114507,0.07467501798854943,0.0746750168191851
W07,323.5852843779903,0.9180881066737682,0.08191189332623205,0.08191189175704483
W07,356.88717824130373,0.9101992796757068,0.08980072032429344,0.0898007181236728
W07,393.61634827700306,0.9016101154991937,0.09838988450080652,0.09838988191092873
W07,434.125513823214,0.8922708491738047,0.10772915082619541,0.10772914763235758
W07,436.3636363636364,0.8917589099590624,0.10824109004093785,0.10824108684187454
W07,478.8036944533602,0.8821308335979019,0.11786916640209825,0.11786916292598955
W07,528.0799458277033,0.8711391782332859,0.12886082176671423,0.1288608178255701
W07,582.4274800213648,0.8592455599208919,0.14075444007910828,0.14075443600010717
W07,642.3682098973611,0.8464012214286876,0.15359877857131254,0.1535987746246204
W07,654.5454545454545,0.8438263296449893,0.15617367035501084,0.15617366648131265
W07,708.4777611653965,0.8325601865067438,0.16743981349325635,0.1674398099658753
W07,781.3910002584557,0.8176807092346438,0.18231929076535647,0.1823192877000859
W07,861.8081311127702,0.8017269763477901,0.19827302365221006,0.19827302098044441
W07,872.7272727272727,0.7995969871999926,0.20040301280000755,0.2004030101813021
W07,950.5014194000483,0.7846710716366623,0.21532892836333783,0.21532892599585154
W07,1048.3226087864412,0.7664952029557204,0.2335047970442798,0.23350479494787263
W07,1090.909090909091,0.7587847708317276,0.24121522916827262,0.2412152272338189
W07,1156.2111004384196,0.7471941774586626,0.2528058225413377,0.25280582080883485
W07,1275.2029743253909,0.7267780919228444,0.27322190807715585,0.2732219076809304
W07,1309.090909090909,0.721125677477651,0.2788743225223492,0.27887432233683174
W07,1406.4409389528523,0.7052751759626228,0.29472482403737743,0.29472482570143366
W07,1527.2727272727273,0.6863761001812007,0.3136238998187995,0.3136239033790189
W07,1551.185305075864,0.6827347033796802,0.31726529662032,0.317265300598655
W07,1710.8260887761057,0.6592298409516462,0.340770159048354,0.3407701650636141
W07,1745.4545454545455,0.6543112489417549,0.3456887510582453,0.3456887572822908
W07,1886.8963601313897,0.6348602664789171,0.365139733521083,0.3651397411483087
W07,1963.6363636363637,0.6247237042402694,0.3752762957597308,0.37527630409587576
W07,2081.0869656682157,0.6097543414399571,0.3902456585600432,0.39024566789576237
W07,2181.818181818182,0.5974220719444523,0.40257792805554793,0.4025779387481625
W07,2295.2627659807276,0.5840705792732387,0.41592942072676153,0.4159294328191959
W07,2400.0,0.5722297439559243,0.427770256044076,0.42777026913578026
W07,2531.4805444499657,0.5579981100649964,0.44200188993500383,0.44200190430370057
W07,2618.181818181818,0.5489837567732446,0.45101624322675565,0.4510162585588252
W07,2792.008759045282,0.5317558295052479,0.4682441704947523,0.46824418704980164
W07,2836.3636363636365,0.5275337368309301,0.47246626316907014,0.4724662798923782
W07,3054.5454545454545,0.5077409297285846,0.4922590702714157,0.4922590883135055
W07,3079.349326889386,0.5055898935284253,0.4944101064715751,0.49441012479527896
W07,3272.727272727273,0.48947730108805804,0.5105226989119424,0.5105227188760842
W07,3396.2616507895855,0.47976927813919723,0.5202307218608031,0.5202307426050257
W07,3490.909090909091,0.4726247067754779,0.5273752932245224,0.527375314739656
W07,3709.090909090909,0.4570741309425371,0.5429258690574632,0.5429258914099269
W07,3745.7891184679934,0.45457917924581587,0.5454208207541844,0.5454208433579819
W07,3927.2727272727275,0.44272498129982124,0.5572750187001791,0.5572750419346055
W07,4131.28832896936,0.43031218460736437,0.5696878153926361,0.5696878394719109
W07,4145.454545454546,0.4294844365489337,0.5705155634510668,0.5705155876163304
W07,4363.636363636364,0.41726684671249753,0.5827331532875029,0.5827331784519919
W07,4556.461326915001,0.4072573202848747,0.5927426797151258,0.5927427055395098
W07,4581.818181818182,0.40599317857598416,0.5940068214240164,0.5940068471825541
W07,4800.0,0.39559050574304505,0.6044094942569554,0.6044095205373927
W07,5018.181818181818,0.3859915355834525,0.6140084644165481,0.6140084909802711
W07,5025.391154156357,0.38568734386123377,0.6143126561387667,0.6143126827209862
W07,5236.363636363636,0.37713417492484386,0.6228658250751568,0.6228658520085681
W07,5454.545454545455,0.36896112759329625,0.6310388724067044,0.6310388998216074
W07,5542.581060239533,0.36584496127178123,0.6341550387282194,0.6341550661828319
W07,5672.727272727273,0.36141952362544144,0.6385804763745593,0.6385805039563855
W07,5890.909090909091,0.35446057826385563,0.6455394217361451,0.6455394492882556
W07,6109.090909090909,0.34803927582997163,0.651960724170029,0.6519607516088901
W07,6112.997748228646,0.3479289339653286,0.6520710660346721,0.6520710934789141
W07,6327.272727272727,0.3421140785477326,0.657885921452268,0.6578859488229203
W07,6545.454545454546,0.33664665790584486,0.6633533420941558,0.6633533696469383
W07,6742.119071188384,0.3320813543437824,0.6679186456562183,0.6679186732908273
W07,6763.636363636364,0.3316016461275638,0.6683983538724368,0.66839838154901
W07,6981.818181818182,0.3269464079830419,0.6730535920169588,0.6730536195325646
W07,7200.0,0.32265082989053584,0.6773491701094648,0.6773491972446074
W07,7418.181818181818,0.31868712488816553,0.6813128751118351,0.6813129017738674
W07,7435.986637366893,0.3183775118708857,0.681622488129115,0.681622514696731
W07,7636.363636363637,0.3150296530747564,0.6849703469252444,0.684970373398983
W07,7854.545454545455,0.3116547549923397,0.688345245007661,0.6883452714494752
W07,8072.727272727273,0.30854059892649094,0.6914594010735099,0.6914594273524224
W07,8201.263829259655,0.3068198174034483,0.6931801825965525,0.6931802087011085
W07,8290.909090909092,0.30566704002845485,0.6943329599715459,0.6943329858548627
W07,8509.09090909091,0.3030154900178918,0.6969845099821089,0.696984535335456
W07,8727.272727272728,0.30056879674009246,0.6994312032599083,0.6994312280483641
W07,8945.454545454546,0.2983111335136842,0.7016888664863165,0.7016888910771745
W07,9045.299793725822,0.2973369850001694,0.7026630149998313,0.7026630395168746
W07,9163.636363636364,0.2962278958208964,0.7037721041791043,0.7037721287166078
W07,9381.818181818182,0.2943056074139239,0.7056943925860767,0.7056944169442884
W07,9600.0,0.29253183336432675,0.7074681666356739,0.707468190593695
W07,9818.181818181818,0.2908950996296545,0.7091049003703462,0.7091049237921947
W07,9976.20001766999,0.2897892264140757,0.7102107735859251,0.7102107965283929
W07,10036.363636363636,0.28938481866384264,0.7106151813361581,0.710615204184491
W07,10254.545454545454,0.28799122105931324,0.7120087789406875,0.712008801421625
W07,10472.727272727272,0.2867052919231257,0.7132947080768749,0.7132947303585655
W07,10690.909090909092,0.2855187127119204,0.7144812872880801,0.7144813093691995
W07,10909.09090909091,0.284423807587097,0.7155761924129036,0.7155762141559501
W07,11002.904167045173,0.2839794229039007,0.7160205770960999,0.7160205987897544
W07,11127.272727272728,0.2834134938510957,0.7165865061489047,0.716586527402102
W07,11345.454545454546,0.28248123618916576,0.7175187638108348,0.7175187845880253
W07,11563.636363636364,0.28162100403498713,0.7183789959650134,0.718379016267671
W07,11781.818181818182,0.28082723297850015,0.7191727670215003,0.719172787078816
W07,12000.0,0.28009478813861904,0.7199052118613815,0.7199052317394048
W07,12135.271936684301,0.2796693790723075,0.7203306209276931,0.7203306406347625
W07,12218.181818181818,0.27941893140159757,0.720581068598403,0.7205810882628402
W07,12436.363636363636,0.2787952907399246,0.721204709260076,0.7212047286070855
W07,12654.545454545454,0.27821983210378065,0.7217801678962198,0.721780186955839
W07,12872.727272727274,0.2776888327981492,0.7223111672018513,0.7223111858147259
W07,13090.909090909092,0.27719885798252103,0.7228011420174795,0.7228011600913177
W07,13309.09090909091,0.2767467382973299,0.7232532617026707,0.7232532793147466
W07,13384.177735397421,0.27659936258017215,0.7234006374198283,0.7234006550566514
W07,13527.272727272728,0.2763295491807141,0.7236704508192864,0.7236704681386495
W07,13745.454545454546,0.27594459223424256,0.7240554077657579,0.7240554252600688
W07,13963.636363636364,0.27558937644561293,0.7244106235543876,0.7244106408766929
W07,14181.818181818182,0.27526160416866163,0.7247383958313389,0.7247384127953641
W07,14400.0,0.27495915529356535,0.7250408447064353,0.7250408612960533
W07,14618.181818181818,0.2746800733890502,0.7253199266109503,0.7253199428474564
W07,14761.615115619168,0.2745084570291393,0.7254915429708613,0.7254915587877269
W07,14836.363636363636,0.27442255296827933,0.7255774470317212,0.7255774627629332
W07,15054.545454545454,0.2741849283287801,0.7258150716712205,0.7258150868786577
W07,15272.727272727274,0.27396566250437654,0.7260343374956241,0.7260343523295231
W07,15490.909090909092,0.27376333692620647,0.7262366630737941,0.7262366774925085
W07,15709.09090909091,0.2735766427215626,0.726423357278438,0.7264233711618281
W07,15927.272727272728,0.27340437230903397,0.7265956276909666,0.7265956410152151
W07,16145.454545454546,0.27324541145948145,0.7267545885405191,0.7267546014261071
W07,16280.81195047026,0.27315302890184284,0.7268469710981579,0.726846983616498
W07,16363.636363636364,0.27309873169553933,0.7269012683044613,0.7269012806722676
W07,16581.818181818184,0.2729633842324111,0.7270366157675895,0.7270366275874739
W07,16800.0,0.27283849360266055,0.7271615063973401,0.7271615176993025
W07,17018.18181818182,0.2727232523569587,0.727276747643042,0.7272767588927108
W07,17236.363636363636,0.2726169144576729,0.7273830855423278,0.7273830966360578
W07,17454.545454545456,0.27251879253191386,0.7274812074680869,0.7274812188033635
W07,17672.727272727272,0.2724282512318367,0.7275717487681639,0.7275717601240059
W07,17890.909090909092,0.2723447049700332,0.7276552950299674,0.7276553062886368
W07,18109.090909090908,0.2722676135135924,0.7277323864864083,0.7277323977378781
W07,18327.272727272728,0.2721964777576368,0.7278035222423639,0.7278035331583056
W07,18545.454545454544,0.2721308380040484,0.7278691619959523,0.7278691727083361
W07,18763.636363636364,0.27207026938492473,0.727929730615076,0.7279297409948845
W07,18981.818181818184,0.272014380219501,0.7279856197804997,0.7279856298200473
W07,19200.0,0.2719628092074901,0.7280371907925106,0.7280372007155783
W07,19418.18181818182,0.2719152223408067,0.7280847776591941,0.7280847872815531
W07,19636.363636363636,0.27187131219032523,0.7281286878096755,0.7281286973443504
W07,19854.545454545456,0.27183079428590395,0.7281692057140967,0.7281692149479084
W07,20072.727272727272,0.2717934068104502,0.7282065931895505,0.7282066021911395
W07,20290.909090909092,0.2717589077659722,0.7282410922340284,0.7282411009233859
W07,20509.090909090908,0.2717270740032356,0.7282729259967651,0.7282729343088873
W07,20727.272727272728,0.27169769979125175,0.7283023002087489,0.728302308270378
W07,20945.454545454544,0.2716705948706526,0.7283294051293481,0.7283294128211527
W07,21163.636363636364,0.2716455841486858,0.7283544158513148,0.7283544232942185
W07,21381.818181818184,0.27162250558287176,0.7283774944171288,0.7283775014764831
W07,21600.0,0.27160120998770665,0.728398790012294,0.7283987966553161
W08,0.0,1.0,0.0,0.0
W08,1.0,0.9999207802217004,7.921977829956504e-05,7.921981700138288e-05
W08,1.1155596151606377,0.9999116262187246,8.837378127533348e-05,8.837381979085506e-05
W08,1.2444732549773503,0.999901414531669,9.858546833094578e-05,9.858550679769413e-05
W08,1.388284105400239,0.9998900229711035,0.00010997702889651045,0.00010997706722283949
W08,1.548713682353921,0.9998773152366597,0.0001226847633403106,0.00012268480151139625
W08,1.7276824394807544,0.9998631392882099,0.00013686071179001553,0.00013686074986894207
W08,1.927332757306942,0.9998473255294937,0.0001526744705062449,0.00015267450843732213
W08,2.1500545890278233,0.9998296847828907,0.00017031521710926095,0.00017031525468598501
W08,2.3985140699102416,0.9998100060311532,0.00018999396884674711,0.0001899940060342103
W08,2.6756854327864446,0.9997880538983258,0.00021194610167413902,0.00021194613845533424
W08,2.9848866116901704,0.9997635658415348,0.00023643415846514971,0.0002364341948563442
W08,3.3298189598352264,0.9997362490196662,0.00026375098033383775,0.0002637510164080591
W08,3.7146115573883804,0.9997057768021634,0.0002942231978365472,0.00029422323375886603
W08,4.143870639431439,0.9996717848763894,0.0003282151236105054,0.00032821515923844
W08,4.622734735799602,0.9996338669090458,0.00036613309095415224,0.0003661331257905669
W08,5.156936182858317,0.9995915697106559,0.0004084302893440675,0.0004084303235135633
W08,5.752869743557392,0.9995443878435132,0.00045561215648674467,0.0004556121903844124
W08,6.417669157192162,0.999491757613622,0.0005082423863780895,0.0005082424200544583
W08,7.159292535225582,0.9994330503764385,0.0005669496235614716,0.0005669496565904777
W08,7.986617625418678,0.9993675650785734,0.0006324349214266039,0.0006324349537597177
W08,8.909548084647227,0.9992945199466557,0.0007054800533441689,0.0007054800849897691
W08,9.939132032564258,0.9992130432314145,0.0007869567685855302,0.0007869567995465588
W08,11.087694305278148,0.9991221628994552,0.0008778371005447436,0.0008778371308423421
W08,12.36898399221489,0.9990207951555055,0.0009792048444944982,0.0009792048741889433
W08,13.798339022283328,0.9989077316653788,0.0010922683346211318,0.00109226836382965
W08,15.392869769554403,0.9987816253361255,0.001218374663874482,0.0012183746927958276
W08,17.17166387634192,0.9986409744945451,0.0013590255054548072,0.0013590255341185814
W08,19.156014745559826,0.9984841052901989,0.0015158947098009466,0.001515894738253137
W08,21.369676437568216,0.9983091521290923,0.0016908478709075534,0.001690847899305546
W08,23.839148022800956,0.998114035926682,0.0018859640733178556,0.0018859641018343194
W08,26.593990794073306,0.9978964399480513,0.0021035600519486246,0.002103560080657621
W08,29.667182135821967,0.9976537829806906,0.002346217019309299,0.0023462170482227273
W08,33.0955102863381,0.9973831895614437,0.0026168104385562033,0.002616810467638302
W08,36.92001471857225,0.997081456954938,0.0029185430450618627,0.0029185430743244403
W08,41.186477411175545,0.9967450185552221,0.003254981444777728,0.0032549814752164397
W08,45.94597089063328,0.9963699033524704,0.0036300966475295007,0.003630096681283255
W08,51.25546960493674,0.9959516910814167,0.004048308918583162,0.004048308956378916
W08,57.17853194736099,0.9954854626495947,0.004514537350405184,0.004514537392558616
W08,63.786061094648275,0.9949657453976614,0.0050342546023385455,0.005034254648174897
W08,71.15715376735874,0.9943864527375449,0.005613547262454958,0.00561354730927193
W08,79.38004707264106,0.993740817698876,0.006259182301123834,0.006259182355633247
W08,88.55317476378876,0.9930213198353154,0.006978680164684551,0.0069786802285093106
W08,98.78634556074492,0.9922196050642339,0.007780394935766035,0.007780395005238507
W08,110.20205763687035,0.9913263978897916,0.008673602110208314,0.008673602183721232
W08,122.93696500729747,0.9903314055218937,0.009668594478106259,0.009668594563270343
W08,137.14351337255766,0.9892232134136725,0.010776786586327435,0.010776786673041995
W08,152.9917649996682,0.9879891719539337,0.012010828046066235,0.01201082813918638
W08,170.67143448577653,0.9866152738113725,0.013384726188627388,0.01338472628978499
W08,190.39415977386682,0.9850860218904256,0.014913978109574306,0.014913978163621755
W08,212.3960356061678,0.9833842880798419,0.01661571192015801,0.016615711903950742
W08,218.1818181818182,0.9829375278436863,0.017062472156313603,0.017062472118851472
W08,236.94043974246185,0.9814911626184096,0.01850883738159022,0.018508837268427815
W08,264.32118577509294,0.9793857951075016,0.02061420489249832,0.020614204655334423
W08,294.8660402820661,0.9770452280047048,0.022954771995295078,0.022954771615141423
W08,328.94064642100267,0.974444224220605,0.025555775779394916,0.025555775262917073
W08,366.9529009321055,0.9715550911088604,0.02844490889113944,0.028444908304933614
W08,409.3578369458991,0.9683475036154862,0.03165249638451381,0.031652495512015544
W08,436.3636363636364,0.9663131713782285,0.033686828621771414,0.03368682750573571
W08,456.6630710463582,0.9647883323232218,0.03521166767677808,0.03521166637876598
W08,509.4348797945502,0.9608414799282782,0.03915852007172181,0.039158518364339666
W08,568.3049784530147,0.9564677346425958,0.04353226535740408,0.0435322634767959
W08,633.9780830569194,0.9516246487276885,0.04837535127231145,0.04837534899811993
W08,654.5454545454545,0.9501156817997345,0.0498843182002654,0.04988431577732565
W08,707.2403463552557,0.9462664564584432,0.05373354354155673,0.05373354081129903
W08,788.9687686061451,0.940344042148882,0.059655957851118026,0.059655955050800374
W08,872.7272727272727,0.934334099167518,0.06566590083248203,0.06566589769149005
W08,880.1416958800341,0.9338049762025215,0.06619502379747859,0.06619502063195684
W08,981.8505315427617,0.9265936451270661,0.07340635487293383,0.07340635162263626
W08,1090.909090909091,0.9189577440602071,0.08104225593979283,0.08104225256438252
W08,1095.3128011131107,0.9186514921829638,0.08134850781703612,0.08134850443497801
W08,1221.8867268902616,0.9099174058720515,0.09008259412794842,0.09008259051862032
W08,1309.090909090909,0.903976210769283,0.09602378923071696,0.09602378549708045
W08,1363.0874868195913,0.9003282854316818,0.0996717145683182,0.09967171078397119
W08,1520.6053522267453,0.8898198225496858,0.11018017745031415,0.11018017362796005
W08,1527.2727272727273,0.8893793617606157,0.11062063823938433,0.11062063441666395
W08,1696.3259215412736,0.8783275416727274,0.12167245832727253,0.12167245456122797
W08,1745.4545454545455,0.875157319335805,0.12484268066419502,0.12484267693649946
W08,1892.352692221597,0.8657881437806807,0.13421185621931928,0.13421185260257334
W08,1963.6363636363637,0.8613004594105584,0.13869954058944156,0.13869953704037044
W08,2111.0322410829212,0.8521411989753198,0.14785880102468013,0.14785879758618703
W08,2181.818181818182,0.8477994050135489,0.1522005949864511,0.15220059159497829
W08,2354.9823144541638,0.8373312323483811,0.1626687676516188,0.16266876434989616
W08,2400.0,0.8346450200236487,0.1653549799763513,0.1653549766952202
W08,2618.181818181818,0.8218284029977669,0.178171597002233,0.17817159384653816
W08,2627.1231644225945,0.8213102410949235,0.17868975890507652,0.1786897557609777
W08,2836.3636363636365,0.809340881243604,0.1906591187563959,0.19065911598852237
W08,2930.712506282866,0.804040669110247,0.19595933088975306,0.19595932832063293
W08,3054.5454545454545,0.797174004239448,0.20282599576055196,0.20282599336384524
W08,3269.384515655381,0.7854988451143622,0.2145011548856378,0.2145011535841403
W08,3272.727272727273,0.785319539482252,0.21468046051774803,0.2146804592364977
W08,3490.909090909091,0.773769464384074,0.22623053561592602,0.22623053546319694
W08,3647.193332096668,0.7656788627331186,0.2343211372668815,0.23432113795324044
W08,3709.090909090909,0.7625159632990254,0.23748403670097473,0.23748403792173614
W08,3927.2727272727275,0.751551421131716,0.24844857886828403,0.24844858179994908
W08,4068.6615899702024,0.7445968388030922,0.25540316119690776,0.25540316466263707
W08,4145.454545454546,0.7408684173630227,0.2591315826369774,0.25913158674886894
W08,4363.636363636364,0.730459723913671,0.2695402760863291,0.26954028190356855
W08,4538.834557526026,0.7222954296062895,0.27770457039371044,0.277704576797147
W08,4581.818181818182,0.7203182959138499,0.27968170408615006,0.27968171077507925
W08,4800.0,0.7104372720582937,0.28956272794170634,0.28956273601669885
W08,5018.181818181818,0.7008099647013156,0.2991900352986844,0.2991900440679143
W08,5063.340532271536,0.6988484190258637,0.3011515809741362,0.30115158990905944
W08,5236.363636363636,0.6914298601659661,0.30857013983403386,0.3085701496790812
W08,5454.545454545455,0.6822906103320088,0.3177093896679911,0.3177094003199223
W08,5648.458215608098,0.6743651046115777,0.32563489538842216,0.32563490664966166
W08,5672.727272727273,0.673386030902794,0.3266139690972059,0.3266139804748277
W08,5890.909090909091,0.6647100964207263,0.33528990357927363,0.33528991582786416
W08,6109.090909090909,0.6562569354395215,0.3437430645604785,0.34374307734032505
W08,6301.191873254711,0.6489941129583151,0.35100588704168484,0.3510059006199102
W08,6327.272727272727,0.6480208284386682,0.35197917156133185,0.3519791852235794
W08,6545.454545454546,0.6399962012380871,0.3600037987619128,0.3600038128099106
W08,6763.636363636364,0.632177624537502,0.36782237546249785,0.367822390323961
W08,6981.818181818182,0.6245598065808942,0.37544019341910584,0.3754402085573381
W08,7029.355181181362,0.6229261798123696,0.37707382018763036,0.3770738354794975
W08,7200.0,0.6171375933950027,0.38286240660499726,0.38286242244886604
W08,7418.181818181818,0.6099059616219992,0.3900940383780009,0.39009405457290636
W08,7636.363636363637,0.6028600181134324,0.3971399818865677,0.39713999853810883
W08,7841.664760746114,0.5963953407188441,0.40360465928115596,0.40360467634428676
W08,7854.545454545455,0.595994994770868,0.4040050052291321,0.4040050222988909
W08,8072.727272727273,0.5893062459530201,0.41069375404698,0.4106937713818889
W08,8290.909090909092,0.5827892457539756,0.4172107542460244,0.41721077202956164
W08,8509.09090909091,0.5764395837243262,0.4235604162756737,0.4235604342630763
W08,8727.272727272728,0.5702529638027678,0.42974703619723215,0.4297470548665466
W08,8747.844522716667,0.5696779029697399,0.43032209703026003,0.43032211575315044
W08,8945.454545454546,0.564225198549608,0.435774801450392,0.4357748202946453
W08,9163.636363636364,0.5583522101357746,0.4416477898642253,0.4416478095055564
W08,9381.818181818182,0.5526300234609753,0.4473699765390246,0.44736999672118577
W08,9600.0,0.5470547664538308,0.45294523354616906,0.4529452541164964
W08,9758.742069246906,0.5430885693106483,0.45691143068935164,0.45691145176108067
W08,9818.181818181818,0.5416226667670576,0.45837733323294233,0.4583773544397898
W08,10036.363636363636,0.5363300477729834,0.4636699522270164,0.4636699735657056
W08,10254.545454545454,0.5311733289102208,0.4688266710897791,0.468826692982667
W08,10472.727272727272,0.5261490198203339,0.47385098017966604,0.47385100221645615
W08,10690.909090909092,0.5212537211596898,0.47874627884031007,0.47874630119155775
W08,10886.458547220991,0.5169731311370247,0.4830268688629752,0.4830268915015428
W08,10909.09090909091,0.5164841201137562,0.48351587988624367,0.4835159025318715
W08,11127.272727272728,0.5118369888899766,0.4881630111100232,0.48816303380234716
W08,11345.454545454546,0.5073091833578106,0.4926908166421892,0.4926908396930619
W08,11563.636363636364,0.502897638849089,0.4971023611509107,0.4971023841472155
W08,11781.818181818182,0.4985993711039318,0.501400628896068,0.5014006524344854
W08,12000.0,0.494411470739404,0.5055885292605957,0.5055885531711437
W08,12144.493507400093,0.4916973455238452,0.5083026544761546,0.5083026783800048
W08,12218.181818181818,0.4903311038345172,0.5096688961654826,0.5096689202883027
W08,12436.363636363636,0.48635550980033826,0.5136444901996615,0.5136445149496214
W08,12654.545454545454,0.4824819973789186,0.5175180026210813,0.5175180274197717
W08,12872.727272727274,0.4787079464678655,0.5212920535321344,0.521292078884926
W08,13090.909090909092,0.47503080250275453,0.5249691974972454,0.5249692232265011
W08,13309.09090909091,0.471448077004844,0.5285519229951559,0.5285519487493563
W08,13527.272727272728,0.46795734627548025,0.5320426537245196,0.5320426798656169
W08,13547.906503436123,0.46763189826285345,0.5323681017371464,0.532368127903133
W08,13745.454545454546,0.4645562473732638,0.5354437526267362,0.5354437787352618
W08,13963.636363636364,0.46124247942997226,0.5387575205700276,0.5387575468645844
W08,14181.818181818182,0.4580137998210331,0.5419862001789668,0.5419862266636111
W08,14400.0,0.45486802338445714,0.5451319766155428,0.5451320029635277
W08,14618.181818181818,0.45180302210273626,0.5481969778972636,0.5481970044951449
W08,14836.363636363636,0.44881672122747784,0.551183278772522,0.5511833053293979
W08,15054.545454545454,0.445907100422538,0.5540928995774619,0.5540929262808614
W08,15113.497365205485,0.44513383331078343,0.5548661666892165,0.5548661935022539
W08,15272.727272727274,0.4430721907841789,0.556927809215821,0.5569278362752234
W08,15490.909090909092,0.44031007324644,0.55968992675356,0.5596899536816472
W08,15709.09090909091,0.43761887978432423,0.5623811202156758,0.562381147610923
W08,15927.272727272728,0.43499678853608936,0.5650032114639105,0.5650032391802845
W08,16145.454545454546,0.4324420249082464,0.5675579750917535,0.5675580027457503
W08,16363.636363636364,0.42995286093863283,0.5700471390613672,0.5700471671028216
W08,16581.818181818184,0.42752761147215856,0.5724723885278414,0.5724724166563491
W08,16800.0,0.42516463554048606,0.5748353644595139,0.574835392560361
W08,16860.007304459956,0.424525443479528,0.5754745565204721,0.5754745846928445
W08,17018.18181818182,0.42286233448477817,0.5771376655152218,0.5771376938286243
W08,17236.363636363636,0.42061914970578906,0.5793808502942109,0.5793808784166885
W08,17454.545454545456,0.418433563922405,0.5815664360775951,0.5815664642761467
W08,17672.727272727272,0.4163040978935847,0.5836959021064153,0.5836959303818253
W08,17890.909090909092,0.41422931026794646,0.5857706897320536,0.5857707177325994
W08,18109.090909090908,0.41220779779583944,0.5877922022041607,0.5877922303265083
W08,18327.272727272728,0.4102381919765936,0.5897618080234065,0.5897618361108351
W08,18545.454545454544,0.4083191600227089,0.5916808399772913,0.5916808679077887
W08,18763.636363636364,0.4064494038627638,0.5935505961372364,0.5935506243164186
W08,18808.343260168906,0.4060722459516623,0.5939277540483379,0.5939277822669158
W08,18981.818181818184,0.40462765761282476,0.5953723423871754,0.5953723705913692
W08,19200.0,0.4028526886749873,0.5971473113250129,0.5971473394990722
W08,19418.18181818182,0.4011232963342863,0.598876703665714,0.5988767321519529
W08,19636.363636363636,0.3994383096549159,0.6005616903450843,0.600561718821217
W08,19854.545454545456,0.3977965887557464,0.6022034112442539,0.6022034397287672
W08,20072.727272727272,0.39619702288712244,0.6038029771128779,0.6038030058187851
W08,20290.909090909092,0.3946385290504254,0.6053614709495749,0.6053614995095022
W08,20509.090909090908,0.3931200531179515,0.6068799468820487,0.6068799754256665
W08,20727.272727272728,0.39164056751467247,0.6083594324853278,0.6083594611122012
W08,20945.454545454544,0.39019907061416426,0.609800929385836,0.6098009577295399
W08,20981.82816912317,0.38996238078744094,0.6100376192125594,0.6100376474948367
W08,21163.636363636364,0.3887945875958687,0.6112054124041315,0.6112054407311065
W08,21381.818181818184,0.3874261678016717,0.6125738321983286,0.6125738605233995
W08,21600.0,0.3860928848514021,0.6139071151485982,0.6139071431091268
W08,23406.480157713693,0.3762901638539068,0.6237098361460935,0.6237098640654715
W08,26111.32399700416,0.3650466535347405,0.6349533464652599,0.6349533730389341
W08,29128.73854943271,0.3561195852719036,0.6438804147280967,0.6438804376799483
W08,32494.844366320012,0.34930392444601144,0.6506960755539889,0.6506960970436008
W08,36249.936075996724,0.3443225573427803,0.6556774426572198,0.6556774619703736
W08,40438.96473853666,0.3408547306200548,0.6591452693799453,0.6591452854361458
W08,45112.0759412165,0.3385680060251873,0.6614319939748129,0.6614320092094306
W08,50325.21007608097,0.3371485396510107,0.6628514603489895,0.6628514721429091
