total_BiTE_nM,KD_CD3_nM,KD_TAA_nM,free_CD3_nM,free_TAA_nM,free_BiTE_nM,CD3_BiTE_nM,TAA_BiTE_nM,trimer_nM,trimer_complexes_per_target,max_mass_balance_error_nM
0.0001,10.0,0.1,8.302649972765176,16.605291270349046,3.270634269217347e-07,2.7154931526242253e-07,5.430983467913924e-05,4.509155474196366e-05,0.027154768974335067,2.163287059794676e-12
0.00012115276586285888,10.0,0.1,8.302640377248135,16.605270244205567,3.962470983262777e-07,3.289897157931165e-07,6.579790151190136e-05,5.4629631383090845e-05,0.03289873298558866,3.846252716278517e-12
0.0001467799267622069,10.0,0.1,8.302628752029644,16.60524477045068,4.800653633677103e-07,3.9858044887503104e-07,7.971602864536177e-05,6.618525914285994e-05,0.039857694679537946,6.838257553525712e-12
0.00017782794100389227,10.0,0.1,8.302614667785898,16.605213908306194,5.816139504028975e-07,4.828916515603997e-07,9.657824058495102e-05,8.018519168695698e-05,0.04828865112064368,3.1300209819840052e-12
0.00021544346900318845,10.0,0.1,8.302597604363129,16.60517651795035,7.046436340586264e-07,5.850372548064881e-07,0.00011700731925793503,9.714646885638832e-05,0.058502970979012664,7.105427357601002e-15
0.0002610157215682536,10.0,0.1,8.30257693160755,16.605131218505203,8.536985313623642e-07,7.08789773303641e-07,0.00014175776134317238,0.00011769547192041517,0.07087786987193677,1.0658141036401503e-14
0.00031622776601683794,10.0,0.1,8.302551886067745,16.605076336976463,1.0342841961463887e-06,8.587198203445261e-07,0.0001717436803113912,0.0001425910816889557,0.08587035650515497,2.1316282072803006e-14
0.00038311868495572853,10.0,0.1,8.302521542814098,16.605009846489367,1.253070975478206e-06,1.0403648768582882e-06,0.00020807255886165645,0.00017275269024173573,0.1040341017304411,1.5987211554602254e-14
0.00046415888336127773,10.0,0.1,8.302484781285456,16.60492929142947,1.5181405150547573e-06,1.2604338522094986e-06,0.00025208615906938565,0.00020929414992462787,0.12603988310906525,1.7763568394002505e-15
0.0005623413251903491,10.0,0.1,8.302440243914997,16.60483169675264,1.8392844449655452e-06,1.52705491958888e-06,0.0003054100865110797,0.00025356489931471494,0.1527003515468441,1.7763568394002505e-15
0.0006812920690579609,10.0,0.1,8.302386286008602,16.604713458111522,2.2283663192426305e-06,1.8500757969083483e-06,0.0003700138421073054,0.0003071997848345045,0.18500003457150996,1.7763568394002505e-15
0.0008254041852680181,10.0,0.1,8.302320915025968,16.604570208741,2.6997602235080573e-06,2.2414275769186127e-06,0.00044828358178005827,0.0003721794156875332,0.22413168292448774,1.0842021724855044e-19
0.001,10.0,0.1,8.302241717025959,16.60439665818635,3.2708823186183856e-06,2.7155655637116157e-06,0.0005431102744058794,0.0004509032777117908,0.27154030075257746,3.552713678800501e-15
0.0012115276586285877,10.0,0.1,8.302145767564449,16.604186396918315,3.962835052940816e-06,3.290003426232863e-06,0.0006579965187927096,0.0005462783013567036,0.3289764824903768,6.505213034913027e-19
0.0014677992676220691,10.0,0.1,8.302029523761403,16.603931659619267,4.801187984577248e-06,3.985960439708882e-06,0.000797185971809058,0.0006618261473887224,0.39856102182233927,1.7763568394002505e-15
0.0017782794100389228,10.0,0.1,8.30188869356169,16.60362303839848,5.816924270027468e-06,4.829145782864563e-06,0.0009658201782244733,0.0008018131617615491,0.48286317233486986,1.7763568394002505e-15
0.002154434690031882,10.0,0.1,8.301718077377041,16.603249135345482,7.047588096808373e-06,5.850708950518132e-06,0.0011701286097460472,0.0009714077832384826,0.5849954406021711,3.552713678800501e-15
0.0026101572156825357,10.0,0.1,8.301511376283909,16.602796141590215,8.538675909518297e-06,7.0883915201267495e-06,0.0014176589544483969,0.0011768711938044119,0.7087283985479408,3.552713678800501e-15
0.0031622776601683794,10.0,0.1,8.301260959727504,16.60224732732481,1.0345323503940897e-05,8.587923011901591e-06,0.001717556194936133,0.0014257882187161445,0.8586297347058288,3.552713678800501e-15
0.003831186849557285,10.0,0.1,8.300957584203015,16.601582423953914,1.253435231584106e-05,1.0404712691925346e-05,0.0020809008310231298,0.0017273469535255806,1.0402326495488226,3.552713678800501e-15
0.004641588833612777,10.0,0.1,8.300590052597505,16.600776875557067,1.5186751974351765e-05,1.2605900236956976e-05,0.002521118809906394,0.002092677371492547,1.260239769639493,2.527492104498208e-15
0.005623413251903491,10.0,0.1,8.300144801719021,16.599800932021214,1.8400693003410764e-05,1.527284163802874e-05,0.003054478408678542,0.002535261308575619,1.5267700463624172,7.890389730480507e-15
0.006812920690579608,10.0,0.1,8.299605402937452,16.598618550355173,2.229518416477559e-05,1.8504123095345702e-05,0.0037006925746102897,0.0030714288086846073,1.8496576620217815,2.459057263370923e-14
0.008254041852680182,10.0,0.1,8.29895195772659,16.59718606361572,2.7014514258723163e-05,2.2419215599446346e-05,0.004483649195702282,0.0037209589270432706,2.2408138420833144,7.645967192715375e-14
0.01,10.0,0.1,8.298160366123701,16.595450568295306,3.273364939673227e-05,2.716290720625527e-05,0.005432296604833797,0.004507806838326017,2.7146647299289834,2.371974144876887e-13
0.012115276586285877,10.0,0.1,8.297201441588637,16.593347970627928,3.966479532209247e-05,3.291067969267838e-05,0.006581717509632152,0.0054609836009049065,3.288681193270101,7.340465041361099e-13
0.01467799267622069,10.0,0.1,8.296039840305074,16.590800619679275,4.806538219824154e-05,3.987523256561021e-05,0.007974431727597068,0.006615620331593811,3.9840196851575804,2.2659582543660406e-12
0.01778279410038923,10.0,0.1,8.294632766456152,16.587714439835803,5.824778890708115e-05,4.831440184422964e-05,0.009661976891424976,0.008014255011235578,4.826297176419604,6.97736313171049e-12
0.021544346900318822,10.0,0.1,8.292928407226238,16.583975456812453,7.059119864933083e-05,5.854077565791862e-05,0.011706827058674749,0.009708387867336863,5.84652782897788,3.8163916471489756e-17
0.026101572156825358,10.0,0.1,8.29086404208568,16.57944558902859,8.55560713760168e-05,7.093337557535336e-05,0.014184722301897169,0.011760360407977006,7.082254576516855,1.7763568394002505e-15
0.03162277660168379,10.0,0.1,8.288363759845653,16.573957548831824,0.00010370183879541529,8.595185625012761e-05,0.01718749873931014,0.014245624167329104,8.578915394971366,1.7763568394002505e-15
0.03831186849557285,10.0,0.1,8.285335704245457,16.56730866559958,0.00012570857894440366,0.00010415377774580263,0.020826528292858273,0.017255477846029686,10.391491646985237,5.30825383648903e-15
0.046415888336127774,10.0,0.1,8.281668753597943,16.559253402661014,0.0001524036248875872,0.00012621563381665926,0.02523690243997651,0.020900366637475312,12.586494982648421,2.828987044622977e-14
0.05623413251903491,10.0,0.1,8.277228522612834,16.549494292015723,0.00018479431700976214,0.0001529584791569961,0.030582524945500025,0.02531385477724113,15.244359664674453,1.27002575123214e-13
0.06812920690579609,10.0,0.1,8.271852554465822,16.537670952477868,0.00022410844407441178,0.0001853792005594284,0.0370623170577441,0.03065740220285228,18.46231914015105,5.658667978636345e-13
0.08254041852680181,10.0,0.1,8.26534454861885,16.523346786310583,0.00027184436356170297,0.00022468873284374824,0.044917786910339104,0.03712609851753945,22.357859114224993,2.5178054086083534e-12
0.1,10.0,0.1,8.257467445033816,16.50599286397222,0.00032983338977137053,0.0002723588478322242,0.0544422757786601,0.04495553198758388,27.072854156991273,3.847575036353135e-12
0.12115276586285877,10.0,0.1,8.24793515898006,16.48496840329301,0.0004003178502317852,0.00033017956716940546,0.06599227112345162,0.05442999732200611,32.77851054395438,3.552713678800501e-15
0.1467799267622069,10.0,0.1,8.2364027337757,16.459497124107592,0.00048604932906747645,0.00040032980226812075,0.08000127533960553,0.06589227229126696,39.68125387342573,1.7763568394002505e-15
0.1778279410038923,10.0,0.1,8.222454654308379,16.42863860845938,0.0005904131716758268,0.0004854645531410874,0.09699684627136443,0.0797552170077215,48.02971431648449,1.0547118733938987e-14
0.21544346900318823,10.0,0.1,8.205591045454186,16.391253613236504,0.0007175875246577807,0.0005888229766661519,0.11762159106360286,0.09651546743835739,58.12297304309848,9.595102490322915e-14
0.2610157215682536,10.0,0.1,8.185211473661308,16.345962061465073,0.0008727483307134257,0.0007143629650174287,0.14265911103048629,0.11676949924290589,70.32023609154928,8.694156505839601e-13
0.31622776601683794,10.0,0.1,8.160596086622432,16.291092171714403,0.0010623362674013542,0.0008669297186432572,0.173066180495905,0.14123231952815737,85.05209080598605,6.7309491313949366e-12
0.3831186849557285,10.0,0.1,8.130883880871513,16.224618863534705,0.001294408351731992,0.0010524684002363117,0.21001282160627743,0.17075898659748256,102.83346533249934,1.7763568394002505e-15
0.46415888336127775,10.0,0.1,8.095048003770248,16.14408919009377,0.0015791070109287735,0.0012782947056558572,0.2549324442513649,0.20636903739332818,124.27833916883257,5.551115123125783e-17
0.5623413251903491,10.0,0.1,8.051868208922585,16.046532084031703,0.0019292947651079748,0.0015534427184813668,0.30958490347859524,0.24927368422816681,150.1161214185813,2.3314683517128287e-15
0.6812920690579608,10.0,0.1,7.9999009436543655,15.92834914690562,0.0023614264536796895,0.0018891177715162533,0.3761362503894925,0.3009052744433516,181.20939181242937,7.915890165577366e-14
0.8254041852680182,10.0,0.1,7.937448124729601,15.785182550049042,0.0028967685620298216,0.002299295019045927,0.45726020556883795,0.36294791612058447,218.57234394268332,2.4800161924076747e-12
1.0,10.0,0.1,7.862526554020681,15.611755332967004,0.0035631360486933607,0.0028015251798439874,0.5562680821027555,0.4373672566687072,263.38871834740036,0.0
1.2115276586285877,10.0,0.1,7.772841271312584,15.401678474259056,0.004397417964795832,0.003418043184397643,0.6772761761071602,0.5264360213722504,317.0271821838061,1.6431300764452317e-14
1.4677992676220675,10.0,0.1,7.665768102297234,15.14721807345627,0.0054493352823331885,0.004177334058603264,0.8254226987688019,0.632749899513398,381.05089607455386,1.0689227281091007e-12
1.7782794100389228,10.0,0.1,7.538353419021795,14.839014853920501,0.006787177756406016,0.005116414464551197,1.007150315435077,0.7592255023828891,457.21628439314736,1.7763568394002505e-15
2.154434690031882,10.0,0.1,7.387342839112712,14.465747084953579,0.008506822108392615,0.0062842811386039895,1.2305753711669913,0.9090682156178941,547.4536754892989,2.3092638912203256e-14
2.6101572156825332,10.0,0.1,7.209255246145506,14.013727204573597,0.01074639678076893,0.007747351736891959,1.5059707291780369,1.0856927379868335,653.8194490266511,1.7763568394002505e-15
3.1622776601683795,10.0,0.1,7.000523702709011,13.466422602853887,0.013711101898108063,0.009598489382796402,1.8463949251071525,1.292573143777425,778.4057414423371,2.8976820942716586e-12
3.831186849557285,10.0,0.1,6.757729246427192,12.80389398279977,0.017717293424471335,0.011972867194208212,2.2685034666908646,1.532993222247833,923.1900968502414,9.192646643896296e-14
4.641588833612772,10.0,0.1,6.477954251015515,12.002155244933592,0.023275587626743505,0.015077819181154719,2.7935721611323094,1.8096632656725644,1089.804691408146,1.7763568394002505e-15
5.623413251903491,10.0,0.1,6.159273471978841,11.032490941753169,0.03125977291354583,0.019253749004648553,3.448731615099554,2.1241681148857428,1279.2039385745795,1.7763568394002505e-15
6.812920690579608,10.0,0.1,5.801374644552058,9.86086684656749,0.04328538937098841,0.02511147603764153,4.268314609891443,2.476209215279533,1491.2080445622491,1.7763568394002505e-15
8.254041852680173,10.0,0.1,5.406247456621385,8.447910914004279,0.06267723221886688,0.0338848627271317,5.294916741213461,2.8625630165207268,1723.8757419858023,1.2434497875801753e-14
10.0,10.0,0.1,4.978798312479997,6.75134736417375,0.09744219088234596,0.04851450155293778,6.578660785728417,3.2753825218362977,1972.4814589341959,1.7763568394002505e-15
12.115276586285876,10.0,0.1,4.527160453032774,4.740408587797418,0.17229416798560762,0.07800033435926283,8.167447535463854,3.6975345484771958,2226.7073515892716,4.263256414560601e-14
14.677992676220676,10.0,0.1,4.0624347623941395,2.4933777390475975,0.4024763514234057,0.16350339210640033,10.035255751322175,4.076757181368692,2455.0805590543114,3.552713678800501e-15
17.78279410038923,10.0,0.1,3.5976983784211773,0.7995190430884542,1.4538655121785085,0.5230569595607094,11.623931630762664,4.181939997887347,2518.423131715171,1.7763568394002505e-15
21.54434690031882,10.0,0.1,3.14638604734929,0.310417473105412,3.9930165467369805,1.256357154948808,12.395021065061917,3.8999521335711353,2348.60607056277,2.1316282072803006e-14
26.10157215682533,10.0,0.1,2.7204695761915794,0.17002900650195804,7.598941559264999,2.067268932323823,12.920404837882677,3.514956827353832,2116.7564779647796,1.7763568394002505e-15
31.622776601683793,10.0,0.1,2.329006400812288,0.10905627492173207,12.268987226635282,2.8574549782317775,13.380100439991564,3.116233956825167,1876.6399529092917,3.552713678800501e-15
38.31186849557285,10.0,0.1,1.9774614955546186,0.07588481620970436,18.186126207233908,3.596236432810181,13.800508448024328,2.728997407504434,1643.4406521666783,0.0
46.41588833612773,10.0,0.1,1.6678430181328179,0.05541426774977883,25.596772158937096,4.269139773201973,14.184263859454246,2.365712544534442,1424.6653940884178,2.842170943040401e-14
56.23413251903491,10.0,0.1,1.3993897876978127,0.04175304008351105,34.80054250815446,4.869952379225497,14.530284462709032,2.033353168945922,1224.5138998184404,1.7763568394002505e-15
68.12920690579608,10.0,0.1,1.169460061615729,0.032146125854824965,46.15797189435007,5.397990465562371,14.837999737192508,1.735244808691132,1044.9888490997268,1.7763568394002505e-15
82.54041852680173,10.0,0.1,0.9743566117729733,0.025136768529650272,60.103901264546806,5.856263359046116,15.108178538158674,1.4720753650501437,886.504505766035,3.552713678800501e-15
100.0,10.0,0.1,0.8099616383650637,0.01988324440490376,77.16446677907206,6.250025793594373,15.342799523423666,1.2427079039098954,748.3761920909944,9.947598300641403e-14
121.15276586285876,10.0,0.1,0.672162020120764,0.015865542243280784,97.9775611879067,6.585679545456912,15.544671359203615,1.0448537702915683,629.2256478312531,4.263256414560601e-14
146.77992676220674,10.0,0.1,0.5570995141505108,0.01274521235357055,123.3172815396138,6.869999763208061,15.717049400874235,0.8755960585106614,527.2962713252399,2.842170943040401e-14
177.82794100389228,10.0,0.1,0.46129534403979566,0.010292628808231253,154.1232109968319,7.109631964130157,15.863330015230956,0.7317680276992781,440.6810066472632,1.7763568394002505e-15
215.44346900318823,10.0,0.1,0.38169369062033087,0.008346664521403055,191.53563081486914,7.3107941811020565,15.986836543070217,0.6102074641468443,367.475524189495,2.842170943040401e-14
261.0157215682533,10.0,0.1,0.3156574112319536,0.0067910952560194604,236.9379984698243,7.479123521946532,16.090685173791698,0.5079144026907466,305.87320270349994,5.684341886080802e-14
316.22776601683796,10.0,0.1,0.2609384164759591,0.0055401548581285945,292.0082972321965,7.619618267761055,16.17771186524812,0.422138651632218,254.21783803658207,5.684341886080802e-14
383.1186849557285,10.0,0.1,0.2156367105476278,0.004529346256903719,358.78118419365666,7.736639436590268,16.250442136750223,0.35041918873133826,211.0273679545125,3.552713678800501e-15
464.1588833612773,10.0,0.1,0.1781562976421731,0.0037093987529465402,439.7232553718701,7.833946716421619,16.31108895118008,0.2905923218054399,174.99878656875765,5.684341886080802e-14
562.341325190349,10.0,0.1,0.14716243211689398,0.003042177524999751,537.8242246017578,7.914752094377732,16.361567684838857,0.24078080937460647,145.0015926360608,3.552713678800501e-15
681.2920690579608,10.0,0.1,0.12154241924238794,0.0024978431156060165,656.7073956689409,7.981780560397115,16.403520472392202,0.19937235623065866,120.06483928738895,9.29034627006331e-13
825.4041852680173,10.0,0.1,0.10037084935985785,0.002052833882483,800.7635160063668,8.037331423794516,16.438344775140877,0.16499306271510714,99.36114480938829,2.4868995751603507e-13
1000.0,10.0,0.1,0.08287941274781828,0.001688403983830679,975.3129611854072,8.083336546838222,16.467222891471376,0.1364793762832578,82.1898014814784,6.572520305780927e-14
1211.5276586285877,10.0,0.1,0.0684310602407674,0.0013895449322277296,1186.802243917045,8.121413584736523,16.491150435914275,0.11285069089196073,67.96027454146375,1.7763568394002505e-14
1467.7992676220676,10.0,0.1,0.05649809798089632,0.0011441774711549984,1443.0421076887246,8.15291343907567,16.510962695454637,0.09328379881267201,56.17681670774317,2.2737367544323206e-13
1778.2794100389228,10.0,0.1,0.046643743726565656,0.0009425375562032946,1753.4960000993217,8.178961805419071,16.527358347458666,0.07708978672359777,46.4245546807885,1.7763568394002505e-15
2154.4346900318824,10.0,0.1,0.038506673431419065,0.0007767041054171241,2129.629580983766,8.20049508048317,16.540920385678408,0.06369358195464207,38.357171603945055,1.7763568394002505e-15
2610.157215682533,10.0,0.1,0.03178811921850421,0.0006402319082554727,2585.334174147954,8.21829109474883,16.55213431792831,0.0526161219019,31.686169233856074,1.7763568394002505e-15
3162.2776601683795,10.0,0.1,0.026241125699428366,0.0005278636361046991,3137.4398021380475,8.232995222229416,16.561403820161974,0.04345898794038635,26.17161426641491,1.7763568394002505e-15
3831.1868495572853,10.0,0.1,0.02166162106449851,0.0004353021072881524,3806.336751751622,8.245142436031777,16.56906409085822,0.03589127877295603,21.61423328271413,3.552713678800501e-15
4641.588833612773,10.0,0.1,0.01788100736326336,0.00035902896861383547,4616.728626114228,8.255175855773725,16.575393170037607,0.029638472732242772,17.84870547049878,9.094947017729282e-13
5623.413251903491,10.0,0.1,0.014760018432635066,0.0002961594912135059,5598.544695101681,8.263462289563208,16.58062148437386,0.024473027873390323,14.738001867695997,9.094947017729282e-13
6812.920690579608,10.0,0.1,0.012183633033535698,0.0002443257120413614,6788.045239012865,8.270305220717187,16.584939863907913,0.02020648211851115,12.168627958209715,0.0
8254.041852680173,10.0,0.1,0.010056864762291189,0.0002015819941067286,8229.160707955722,8.275955634707111,16.588506253344526,0.016682836399830762,10.04663890758325,3.552713678800501e-15
10000.0,10.0,0.1,0.008301279464709784,0.00016632843553169676,9975.114154627705,8.280621028994688,16.5914513158931,0.013773027409835553,8.29431097533679,1.8189894035458565e-12
12115.276586285852,10.0,0.1,0.00685211564821603,0.0001372485702464258,12090.386859963071,8.284472899613842,16.593883102561048,0.011370320607172612,6.847367118272214,1.8189894035458565e-12
14677.992676220676,10.0,0.1,0.005655904278465883,0.00011325856797509555,14653.09974585297,8.287652954535714,16.59589093611544,0.009386477055052848,5.652668606603853,0.0
17782.794100389227,10.0,0.1,0.004668501880250054,9.346572520403502e-05,17757.898524917928,8.290278265286899,16.597548637311178,0.007748568702082895,4.66629714124737,1.7763568394002505e-15
21544.34690031878,10.0,0.1,0.0038534655233972985,7.713448933001471e-05,21519.4491412467,8.292445534829577,16.598917201732874,0.006396335516260401,3.8519632827107406,1.7763568394002505e-15
26101.572156825332,10.0,0.1,0.003180710499283008,6.365860888943721e-05,26076.672595181215,8.294234630985837,16.600047018745464,0.00527999438411153,3.179686939312914,1.7763568394002505e-15
31622.776601683792,10.0,0.1,0.002625401665552849,5.2538278031197224e-05,31597.875552040106,8.295711510225773,16.600979709482527,0.004358423977908447,2.6247042686723803,1.7763568394002505e-15
38311.86849557277,10.0,0.1,0.0021670378866626397,4.336136102809595e-05,38286.9662176265,8.29693063589692,16.601749648330156,0.0035976620472819606,2.1665627255641744,3.836753137420601e-11
46415.888336127726,10.0,0.1,0.0017886960085049422,3.578795579771152e-05,46390.98504426602,8.297936977929108,16.602385221764884,0.002969662017783229,1.788372268071623,8.616396485194855e-11
56234.13251903491,10.0,0.1,0.0014764066154921587,2.953769397825738e-05,56209.22839023616,8.298767664705434,16.60290986944772,0.002451264596767267,1.4761860441737125,4.845901457883883e-11
68129.20690579595,10.0,0.1,0.0012186386315585949,2.4379286530145627e-05,68104.30208615374,8.299453349752355,16.603342944939364,0.002023347512571896,1.2184883527103827,2.7251090273239242e-11
82540.41852680173,10.0,0.1,0.0010058738077006358,2.0121913802484856e-05,82515.51313691256,8.300019339339807,16.603700427087613,0.001670122737051529,1.0057714209000774,1.532640681034536e-11
100000.0,10.0,0.1,0.0008302554347303265,1.6608131906034534e-05,99975.0941394117,8.300486524692257,16.603995507855693,0.001378555750863512,0.8301856777207561,8.617107027930615e-12
0.0001,10.0,1.0,8.302649972766071,16.605296351847155,3.103435235448723e-06,2.576673647307961e-06,5.15334617933906e-05,4.278642951554358e-05,0.025766590116042206,1.916908607757853e-13
0.00012115276586285888,10.0,1.0,8.302640377249727,16.60527640058908,3.7599038600027023e-06,3.121712960263554e-06,6.243424283498666e-05,5.183690654847747e-05,0.03121691477978971,3.4087150962112955e-13
0.0001467799267622069,10.0,1.0,8.30262875203247,16.605252229091672,4.555236673699098e-06,3.7820438979366887e-06,7.564085392998208e-05,6.280179286673575e-05,0.03782012366238466,6.061467246101099e-13
0.00017782794100389227,10.0,1.0,8.302614667784718,16.605222944660735,5.518808609216574e-06,4.5820541307578116e-06,9.164104734495426e-05,7.608603038573712e-05,0.0458200784852546,5.33226511990198e-13
0.00021544346900318845,10.0,1.0,8.302597604363129,16.605187465768747,6.686209000663638e-06,5.55129028311811e-06,0.00011102575389133002,9.218021582807671e-05,0.055512223500385795,7.105427357601002e-15
0.0002610157215682536,10.0,1.0,8.302576931607549,16.60514448212195,8.1005560629938e-06,6.725548990180598e-06,0.000134510903811541,0.00011167871270353822,0.06725449277963073,1.0658141036401503e-14
0.00031622776601683794,10.0,1.0,8.302551886067741,16.60509240626192,9.81409018029821e-06,8.148199293647381e-06,0.0001629638743272395,0.00013530160221565289,0.08148052935961896,1.7763568394002505e-14
0.00038311868495572853,10.0,1.0,8.302521542814095,16.605029314942005,1.1890104020416065e-05,9.871784477580486e-06,0.00019743552581671854,0.0001639212706410134,0.09871569653582382,1.9539925233402755e-14
0.00046415888336127773,10.0,1.0,8.302484781285456,16.604952878099397,1.4405281362605901e-05,1.1959962928317051e-05,0.00023919901822183447,0.0001985946208485203,0.119596476092862,1.7763568394002505e-15
0.0005623413251903491,10.0,1.0,8.302440243915,16.604860272803982,1.7452531073517497e-05,1.448985963429487e-05,0.0002897968398825277,0.00024060209460000895,0.14489396808320898,0.0
0.0006812920690579609,10.0,1.0,8.3023862860086,16.60474807900586,2.114442119569192e-05,1.7554915256070214e-05,0.00035109778723085616,0.00029149494537534257,0.1755423591878824,0.0
0.0008254041852680181,10.0,1.0,8.30232091502597,16.60461215323168,2.561734039228914e-05,2.126833809262417e-05,0.0004253660016112771,0.00035315250517182757,0.21267340958913736,1.7763568394002505e-15
0.001,10.0,1.0,8.302241717025959,16.6044474755661,3.103654104923437e-05,2.576728658511422e-05,0.0005153446156752633,0.00042785155669038805,0.2576582298774637,1.7763568394002505e-15
0.0012115276586285877,10.0,1.0,8.302145767564449,16.604247964268072,3.760225118330825e-05,3.121793705123978e-05,0.0006243571026623427,0.000518350367731697,0.31215788774780406,1.7763568394002505e-15
0.0014677992676220691,10.0,1.0,8.302029523761405,16.604006251177182,4.555708219769619e-05,3.782162414216989e-05,0.0007564300775959403,0.0006279904836862626,0.3781847088699158,0.0
0.0017782794100389228,10.0,1.0,8.301888693561688,16.60371340961771,5.519500800119e-05,4.582228128661261e-05,0.0009164420944933153,0.0007608200262578045,0.4581765291151395,3.552713678800501e-15
0.002154434690031882,10.0,1.0,8.301718077377043,16.603358624755007,6.68722499459533e-05,5.551545662511965e-05,0.0011103039478969163,0.0009217430355638928,0.5550866304715449,3.552713678800501e-15
0.0026101572156825357,10.0,1.0,8.301511376283909,16.602928794234995,8.102047375349511e-05,6.725923845765515e-05,0.0013451771566044646,0.0011167003468669204,0.6724926675573419,4.336808689942018e-19
0.0031622776601683794,10.0,1.0,8.301260959727506,16.602408044365475,9.816279193648822e-05,8.148749524002236e-05,0.0016297387265037265,0.0013528886464881406,0.8147285861757462,1.7763568394002505e-15
0.003831186849557285,10.0,1.0,8.300957584203017,16.601777143981973,0.00011893317170278751,9.872592136595737e-05,0.0019745020116366213,0.0016390257448519123,0.9870443744762061,3.552713678800501e-15
0.004641588833612777,10.0,1.0,8.300590052597503,16.601012794367815,0.00014409997830884565,0.00011961148465299202,0.0023922055835732714,0.00198567178707765,1.195799500494236,1.8214596497756474e-17
0.005623413251903491,10.0,1.0,8.300144801719018,16.600086769027943,0.00017459454274360662,0.00014491599863618554,0.002898284558942628,0.002405618151581015,1.4486971123631889,1.7763568394002505e-15
0.006812920690579608,10.0,1.0,8.299605402937441,16.59896487158255,0.00021154583726682696,0.00017557469739486818,0.0035114419215215792,0.0029143582343961532,1.7550675512598708,1.7763568394002505e-15
0.008254041852680182,10.0,1.0,8.298951957726556,16.597605673345782,0.0002563225812494802,0.00021272087874698982,0.004254341128753008,0.0035306572639301386,2.126211501870377,5.637851296924623e-16
0.01,10.0,1.0,8.298160366123593,16.595958984042962,0.00031058439379832726,0.00025772791069538013,0.005154445860560887,0.004277241834943617,2.575815239459115,3.552713678800501e-15
0.012115276586285877,10.0,1.0,8.297201441588307,16.59396399929999,0.0003763439726042359,0.00031226017520249365,0.006245038332748232,0.005181634105725286,3.12045299514944,5.629177679544739e-15
0.01467799267622069,10.0,1.0,8.296039840304054,16.591547056654463,0.00045604272808910564,0.00037833486411081694,0.007566454382935473,0.0062771607010675915,3.780194531496932,1.7702853072343316e-14
0.01778279410038923,10.0,1.0,8.294632766453017,16.588618917457904,0.0005526428612578121,0.0004583969585135397,0.009167581822859407,0.007604172457702871,4.579339690360182,5.560135685200862e-14
0.021544346900318822,10.0,1.0,8.292928407226317,16.585071474644007,0.0006697395728081384,0.0005554102328784229,0.01110767868442052,0.009211518410037317,5.547306047857612,1.7442644550946795e-13
0.026101572156825358,10.0,1.0,8.290864042085929,16.58077376530309,0.0008116979698093618,0.0006729677510926588,0.013458580403164845,0.011158326032212177,6.719701001195403,5.463164642893759e-13
0.03162277660168379,10.0,1.0,8.288363759845653,16.575567141576283,0.0009838203478055294,0.0008154260916950096,0.016307380230299484,0.01351614993188377,8.139615742306848,1.7763568394002505e-15
0.03831186849557285,10.0,1.0,8.28533570424546,16.56925942267447,0.0011925509418319192,0.000988068489749155,0.01975968592996784,0.016371563134023923,9.859185765431882,3.552713678800501e-15
0.046415888336127774,10.0,1.0,8.281668753597955,16.561617813721554,0.0014457270585293682,0.001197303260685375,0.023943579006319247,0.01982927901059381,11.941470937110944,1.7763568394002505e-15
0.05623413251903491,10.0,1.0,8.277228522612777,16.552360332410437,0.001752887855530608,0.0014509053354739493,0.029014431407048832,0.024015907920981655,14.46271779793505,3.552713678800501e-15
0.06812920690579609,10.0,1.0,8.271852554465566,16.54114543051642,0.0021256551147031556,0.0017583105690470093,0.03516077038742595,0.02908447083462066,17.515077729620028,6.800116025829084e-16
0.08254041852680181,10.0,1.0,8.26534454861771,16.527559432424262,0.0025782044242672946,0.0021309747883339744,0.04261142685101689,0.03521981246318748,21.20986681941173,3.816391647148976e-15
0.1,10.0,1.0,8.257467445035543,16.51110133482513,0.0031278506199608528,0.002582812466726098,0.051644258546369254,0.042645078366964274,25.68146646470898,2.0483614804334138e-14
0.12115276586285877,10.0,1.0,8.247935158980011,16.491164418197165,0.0037957786792439624,0.0031307336424242988,0.06259681029449947,0.05162944324680041,31.09197745926635,1.0937084571338573e-13
0.1467799267622069,10.0,1.0,8.23640273377544,16.46701400878991,0.004607961305148524,0.0037953025090856755,0.07587936336384259,0.06249729958470931,37.63675352190091,5.791755963713285e-13
0.1778279410038923,10.0,1.0,8.222454654308383,16.437760596453643,0.005596318340491554,0.004601547378576614,0.0919909411025429,0.07563913418228121,45.5509513010225,8.881784197001252e-15
0.21544346900318823,10.0,1.0,8.205591045454275,16.402327355378283,0.006800192650762543,0.005579959992246109,0.11153898593744481,0.09152433042273475,55.1172400770459,2.3092638912203256e-14
0.2610157215682536,10.0,1.0,8.185211473661699,16.359410928213915,0.008268244812814414,0.006767733230889236,0.13526361454790414,0.11071612897664587,66.67481130996761,3.552713678800501e-15
0.31622776601683794,10.0,1.0,8.160596086619437,16.307434115879044,0.010060908832654971,0.008210301324759908,0.1640676079343865,0.13388894792503664,80.62980906128806,1.7763568394002505e-15
0.3831186849557285,10.0,1.0,8.130883880871513,16.244488863605586,0.012253609349011943,0.009963267473837769,0.1990536206089978,0.1618481875238814,97.46725670196896,3.552713678800501e-15
0.46415888336127775,10.0,1.0,8.095048003770247,16.16826764853869,0.014941027045563994,0.012094833115947008,0.24157052421673395,0.19555249898304042,117.76446748456262,7.66053886991358e-15
0.5623413251903491,10.0,1.0,8.051868208922537,16.075981060585132,0.018242828751010985,0.014688885286108339,0.2932713694927505,0.23613824166058528,142.20577300989407,1.0602629885170245e-13
0.6812920690579608,10.0,1.0,7.9999009436544,15.964259040424029,0.022311477084923523,0.01784896065860032,0.3561861997582039,0.284945431556233,171.5981497750581,3.552713678800501e-15
0.8254041852680182,10.0,1.0,7.937448124730672,15.829032928341624,0.02734304318547689,0.021703398685699333,0.43281393094398074,0.34354381245286103,206.88691958181698,1.1102230246251565e-16
1.0,10.0,1.0,7.862526554020682,15.665395249190569,0.03359243568967498,0.026412141762430157,0.5262387824617741,0.41375664008612123,249.17007269832806,3.552713678800501e-15
1.2115276586285877,10.0,1.0,7.772841271312587,15.467434138304801,0.041395252493302406,0.03217587270163462,0.6402783415786526,0.49767819185501294,299.70881245331736,1.4876988529977098e-14
1.4677992676220675,10.0,1.0,7.665768102297515,15.22803974480928,0.05119977810730342,0.03924856258596772,0.7796722559434325,0.5976786709857509,359.930508592592,3.8702374638432957e-13
1.7782794100389228,10.0,1.0,7.538353419021795,14.938681307908858,0.06361489219866398,0.047955154010650154,0.9503226009928186,0.7163867628367899,431.41819244038857,1.7763568394002505e-15
2.154434690031882,10.0,1.0,7.387342839112753,14.589156829487948,0.07948359278364388,0.05871725499772057,1.1595986004917371,0.8566352417587805,515.8778005848006,2.1316282072803006e-14
2.6101572156825332,10.0,1.0,7.2092552461455055,14.167324272392829,0.09999899116810579,0.07209182516879248,1.4167181347907012,1.0213482645549339,615.0703014131531,3.552713678800501e-15
3.1622776601683795,10.0,1.0,7.000523702707937,13.65883800014941,0.12689314303003574,0.08883184554928736,1.7332128839770464,1.2133397876120093,730.6902990708024,4.440892098500626e-16
3.831186849557285,10.0,1.0,6.757729246427243,13.046945455701437,0.1627557227530418,0.10998591076716344,2.1234650373622013,1.4349801786748269,864.1652623789759,5.1958437552457326e-14
4.641588833612772,10.0,1.0,6.477954251015512,12.31246666123681,0.21159472699083937,0.13707009612027746,2.605253021768214,1.6876709887334413,1016.3392250721157,1.7763568394002505e-15
5.623413251903491,10.0,1.0,6.159273471978839,11.434230050598606,0.2798718838120235,0.172380746951614,3.2001195042010804,1.971041116938779,1186.9887049952947,5.329070518200751e-15
6.812920690579608,10.0,1.0,5.801374644552058,10.390588397255863,0.3785230269843788,0.21959538911262694,3.9330769722780543,2.2817253022045483,1374.0870945529327,8.881784197001252e-16
8.254041852680173,10.0,1.0,5.406247456621381,9.163476614110312,0.5271418606891057,0.28498593436291403,4.830452112743217,2.6114619448849394,1572.6591421480466,3.552713678800501e-15
10.0,10.0,1.0,4.9787983124800235,7.748450264840299,0.7631183551950642,0.3799412379067717,5.9129846214156885,2.943955785482476,1772.8916131391832,3.907985046680551e-14
12.115276586285876,10.0,1.0,4.527160453032782,6.177958435054697,1.1618542763804507,0.5259900732216597,7.177887427068977,3.2495448096147905,1956.921624942767,0.0
14.677992676220676,10.0,1.0,4.0624347623941395,4.564968000428809,1.8756140380216566,0.7619559668893621,8.562118064723926,3.4783046065857315,2094.68399470157,0.0
17.78279410038923,10.0,1.0,3.597698378421178,3.1291961145122835,3.1671533102965355,1.139446232866511,9.910643832644636,3.565550724581545,2147.2248350350055,1.7763568394002505e-15
21.54434690031882,10.0,1.0,3.146386047349292,2.072663389375384,5.33349590731781,1.6781237106379312,11.054541704481071,3.47818557788201,2094.612313940741,0.0
26.10157215682533,10.0,1.0,2.7204695761915794,1.3962938876317763,8.562950689419258,2.32952468329938,11.956395707728415,3.252701076378274,1958.8223732153476,3.552713678800501e-15
31.622776601683793,10.0,1.0,2.329006400812288,0.9771043663130302,12.973057013908738,3.0214332823496197,12.67603065271811,2.9522556527073243,1777.8899100109181,1.7763568394002505e-15
38.31186849557285,10.0,1.0,1.9774614955546186,0.7091582156362336,18.714847088249943,3.700788951220673,13.271787567008293,2.6244448890939407,1580.47765389863,0.0
46.41588833612773,10.0,1.0,1.6678430181328183,0.5298408209442086,26.00338249167564,4.336955993657838,13.777653526715682,2.2978963240785752,1383.825511548776,7.105427357601002e-15
56.23413251903491,10.0,1.0,1.399389787697813,0.404679650528742,35.11891622569932,4.914505272125866,14.211910745164168,1.9888002760455556,1197.6835205873194,7.105427357601002e-15
68.12920690579608,10.0,1.0,1.169460061615729,0.31426934736591744,46.41055637019293,5.427529211230608,14.585415261349654,1.7057060630228957,1027.200200670931,1.4210854715202004e-14
82.54041852680173,10.0,1.0,0.9743566117729733,0.24716950804673363,60.30622086046635,5.875976502643659,14.905858942239131,1.4523622214525995,874.6329732093847,1.4210854715202004e-14
100.0,10.0,1.0,0.8099616383650621,0.19630230188724185,77.32766722638563,6.263244403763162,15.17959907611013,1.2294892937410942,740.4157589821856,8.526512829121202e-14
121.15276586285876,10.0,1.0,0.6721620201207638,0.1570926093973215,98.10989338721906,6.594574413298592,15.41233915989126,1.0359589024498863,623.8690332128324,4.263256414560601e-14
146.77992676220674,10.0,1.0,0.5570995141505108,0.12646811631072913,123.42500327114122,6.8760009356378,15.609327669346811,0.8695948860809235,523.6822808155487,2.842170943040401e-14
177.82794100389228,10.0,1.0,0.4612953440397956,0.10229728175217409,154.21115866480054,7.113688949105468,15.775382347262322,0.7277110427239691,438.2378331890116,2.842170943040401e-14
215.44346900318823,10.0,1.0,0.3816936906203309,0.0830597046158414,191.60759695288178,7.313541083183831,15.914870405057554,0.6074605620650699,365.82130109045676,2.842170943040401e-14
261.0157215682533,10.0,1.0,0.31565741123195357,0.06764513436288776,236.99699038539592,7.480985645481826,16.031693258220123,0.5060522791554527,304.75180569929506,3.552713678800501e-15
316.22776601683796,10.0,1.0,0.26093841647595906,0.05522656348971005,292.05672010212805,7.620881806461169,16.129288995316653,0.42087511293210395,253.45691724580266,3.552713678800501e-15
383.1186849557285,10.0,1.0,0.21563671054762776,0.04517754845631236,358.8209743735066,7.737497458939759,16.21065195690031,0.34956116638184476,210.5106548181249,3.552713678800501e-15
464.1588833612773,10.0,1.0,0.17815629764217314,0.03701681225976068,439.7559797794473,7.834529722351268,16.278364543602915,0.2900093158757919,174.64769219153214,5.684341886080802e-14
562.341325190349,10.0,1.0,0.14716243211689398,0.030370179232085338,537.851156270478,7.9151484273647155,16.334636016118758,0.24038447638762478,144.76291533251728,3.552713678800501e-15
681.2920690579608,10.0,1.0,0.1215424192423878,0.024943819692849156,656.7295721077162,7.982050098198999,16.381344033616852,0.19910281842876473,119.90251982907432,9.183764859699295e-13
825.4041852680173,10.0,1.0,0.10037084935985784,0.020505056719262876,800.7817848631365,8.037514789861596,16.420075918371175,0.16480969664802628,99.25071918273144,2.469136006766348e-13
1000.0,10.0,1.0,0.08287941274781827,0.01686834321661585,975.3280163483338,8.083461323144439,16.45216772854481,0.13635459997704008,82.11465943352283,1.1368683772161603e-13
1211.5276586285877,10.0,1.0,0.06843106024076741,0.013884847140715242,1186.81465429373,8.121498510259979,16.478740059229246,0.11276576536850635,67.90913119582785,1.9539925233402755e-14
1467.7992676220676,10.0,1.0,0.05649809798089632,0.011434602627903226,1443.052340301565,8.152971251391957,16.500730082614176,0.09322598649638592,56.142001317109525,5.329070518200751e-15
1778.2794100389228,10.0,1.0,0.046643743726565656,0.00942051777193881,1753.5044387186576,8.179001166298843,16.5189197281227,0.07705042584382649,46.40085100494648,2.2737367544323206e-13
2154.4346900318824,10.0,1.0,0.038506673431419065,0.007763747392525702,2129.6365412254777,8.200521882058629,16.533960143966755,0.06366678037918264,38.341031317944406,1.7763568394002505e-15
2610.157215682533,10.0,1.0,0.03178811921850421,0.006400084034009895,2585.339915748611,8.218309346217449,16.54639271727117,0.05259787043328059,31.675177942545794,3.552713678800501e-15
3162.2776601683795,10.0,1.0,0.026241125699428373,0.005277118619796343,3137.444538963069,8.2330076521915,16.556666995140365,0.04344655797830553,26.164128768285696,3.552713678800501e-15
3831.1868495572853,10.0,1.0,0.021661621064498513,0.004351989837159187,3806.34065997351,8.245150901873936,16.565155868970507,0.03588281293079927,21.609135033402133,4.547473508864641e-13
4641.588833612773,10.0,1.0,0.017881007363263365,0.0035895886769613024,4616.731850907681,8.255181622029275,16.57216837658481,0.02963270647669532,17.845232950242288,3.552713678800501e-15
5623.413251903491,10.0,1.0,0.014760018432635066,0.0029611181970614314,5598.5473561327,8.263466217249896,16.577960453354702,0.02446910018670106,14.735636559485608,9.094947017729282e-13
6812.920690579608,10.0,1.0,0.012183633033535698,0.002442932830266491,6788.047434944539,8.270307896159755,16.58274393223226,0.02020380667594086,12.167016769034356,9.094947017729282e-13
8254.041852680173,10.0,1.0,0.010056864762291192,0.0020155992809647535,8229.162520150507,8.275957457206902,16.58669405855746,0.01668101390004112,10.04554137255642,1.8189894035458565e-12
10000.0,10.0,1.0,0.008301279464709784,0.0016631341764285863,9975.115650191936,8.28062227050435,16.58995575166187,0.013771785900171463,8.293563320741585,1.8189894035458565e-12
12115.276586285852,10.0,1.0,0.006852115648216031,0.0013723834738849088,12090.388094252225,8.284473745363048,16.59264881340661,0.01136947485796966,6.84685779619743,3.552713678800501e-15
14677.992676220676,10.0,1.0,0.005655904278465882,0.0011325160811644808,14653.100764534327,8.287653530692138,16.594872254758673,0.009385900898628435,5.652321637095093,0.0
17782.794100389227,10.0,1.0,0.004668501880250054,0.0009346098625699186,17757.89936566956,8.290278657791957,16.59670788567887,0.007748176197025271,4.6660607691767675,1.7763568394002505e-15
21544.34690031878,10.0,1.0,0.003853465523397298,0.0007713126226804489,21519.449835157437,8.292445802225686,16.598223290995637,0.006396068120150172,3.851802253009293,3.552713678800501e-15
26101.572156825332,10.0,1.0,0.003180710499283008,0.0006365641118607114,26076.673167904555,8.294234813152553,16.599474295409205,0.005279812217398648,3.1795772359542376,1.7763568394002505e-15
31622.776601683792,10.0,1.0,0.002625401665552848,0.0005253678124140938,31597.876024745536,8.295711634329933,16.600507004052304,0.004358299873746064,2.6246295313989023,1.7763568394002505e-15
38311.86849557277,10.0,1.0,0.0021670378866626362,0.0004336034155144875,38286.96660778401,8.296930720445518,16.60135949082428,0.0035975774986722548,2.166511809201303,3.837996587208181e-11
46415.888336127726,10.0,1.0,0.0017886960085049413,0.0003578726139059425,46390.98536629307,8.297937035529955,16.60206319470763,0.002969604416932033,1.788337580028243,8.616041213826975e-11
56234.13251903491,10.0,1.0,0.0014764066154921585,0.0002953722097090664,56209.22865603143,8.298767703947622,16.60264407417418,0.002451225354577244,1.4761624119745074,4.845723822199943e-11
68129.20690579595,10.0,1.0,0.0012186386315585947,0.0002437896432273949,68104.30230553736,8.299453376487289,16.603123561317602,0.0020233207776362344,1.2184722525558063,2.7251090273239242e-11
82540.41852680173,10.0,1.0,0.0010058738077006358,0.00020121694312543972,82515.51331798937,8.300019357553849,16.603519350272332,0.0016701045230089616,1.0057604521472625,1.532640681034536e-11
100000.0,10.0,1.0,0.0008302554347303266,0.0001660798238468978,99975.09428887098,8.300486537101197,16.60384604857269,0.0013785433419253137,0.8301782048835049,8.618883384770015e-12
0.0001,10.0,10.0,8.302649972766153,16.60532825819446,2.0536073225180925e-05,1.7050382780377213e-05,3.4100823703844745e-05,2.8312720299603e-05,0.017050318694271864,9.005871135642218e-15
0.00012115276586285888,10.0,10.0,8.30264037724987,16.605315056026225,2.488004610285713e-05,2.065700753614199e-05,4.131410041464001e-05,3.4301611825234575e-05,0.020656913470644314,1.6014831604946322e-14
0.0001467799267622069,10.0,10.0,8.30262875203273,16.60529906124482,3.0142901270701764e-05,2.502653187598124e-05,5.005318901735793e-05,4.155730462664448e-05,0.025026393806785233,2.847852162424225e-14
0.00017782794100389227,10.0,10.0,8.302614667784454,16.60527968314027,3.6519013304998515e-05,3.0320329551909627e-05,6.06408429681821e-05,5.034775522944425e-05,0.030320126894173936,5.0642243220114236e-14
0.00021544346900318845,10.0,10.0,8.302597604363083,16.605256206053397,4.424387498076965e-05,3.673390904230778e-05,7.346808796042758e-05,6.0997597109738226e-05,0.036733611581661274,9.005478112354692e-14
0.0002610157215682536,10.0,10.0,8.30257693160758,16.605227762946868,5.360279607439439e-05,4.4504133815693226e-05,8.900866375461132e-05,7.390012784022516e-05,0.044503697203583076,8.332944794256503e-14
0.00031622776601683794,10.0,10.0,8.30255188606773,16.6051933033855,6.494144302479166e-05,5.391797002694441e-05,0.00010783652148274616,8.953183148235573e-05,0.05391732916873457,7.105427357601002e-15
0.00038311868495572853,10.0,10.0,8.302521542814128,16.605151554745873,7.86786083162884e-05,6.532308405046193e-05,0.0001306470215208458,0.00010846997106813233,0.06532214340054204,1.4210854715202004e-14
0.00046415888336127773,10.0,10.0,8.302484781285429,16.60510097521997,9.532168279332903e-05,7.914068207181314e-05,0.00015828261679111163,0.00013141390170502378,0.07913930138884571,2.6645352591003757e-14
0.0005623413251903491,10.0,10.0,8.302440243914992,16.605039696880528,0.00011548540218568842,9.58810650691168e-05,0.00019176396877035694,0.00015921088916518692,0.09587903850775145,5.329070518200751e-15
0.0006812920690579609,10.0,10.0,8.302386286008602,16.604965456705166,0.00013991456182580123,0.00011616247393154348,0.00023232764660074688,0.0001928873866998694,0.11615949935351655,1.0842021724855044e-19
0.0008254041852680181,10.0,10.0,8.302320915025968,16.60487551301361,0.00016951154001189394,0.00014073392039790083,0.00028147180199167244,0.00023368692286655099,0.14072955432736328,0.0
0.001,10.0,10.0,8.302241717025957,16.60476654423422,0.00020536964901235314,0.0001705028467441337,0.0003410115077121446,0.00028311599653136856,0.17049643825195734,3.552713678800501e-15
0.0012115276586285877,10.0,10.0,8.30214576756445,16.604634526264256,0.0002488135490800148,0.0002065686353407335,0.000413145804765636,0.00034299966944220336,0.2065592290014419,0.0
0.0014677992676220691,10.0,10.0,8.302029523761405,16.604474583899307,0.00030144822340486633,0.0002502632050592624,0.0005005389363887704,0.00041554890276917036,0.2502493985139498,2.168404344971009e-19
0.0017782794100389228,10.0,10.0,8.301888693561688,16.604280810852,0.00036521833061473714,0.00030320019296119606,0.0006064187718797682,0.0005034421145832213,0.3031799278532207,3.552713678800501e-15
0.002154434690031882,10.0,10.0,8.301718077377043,16.60404605172318,0.00044248013837978683,0.0003673345363667772,0.0007346960594630826,0.0006099239558222352,0.36730479148575224,4.336808689942018e-19
0.0026101572156825357,10.0,10.0,8.301511376283907,16.60376163788842,0.0005360887117281959,0.0004450346539109002,0.0008901089186297643,0.0007389249314136756,0.4449909948046501,1.7763568394002505e-15
0.0031622776601683794,10.0,10.0,8.301260959727506,16.60341706756792,0.0006495036010042073,0.0005391698886218657,0.001078397917436008,0.000895206253106298,0.5391058065438314,3.552713678800501e-15
0.003831186849557285,10.0,10.0,8.300957584203015,16.602999618296618,0.000786916969280269,0.00065321643842851,0.0013065182140591437,0.0010845352277893629,0.6531223800926207,8.673617379884035e-19
0.004641588833612777,10.0,10.0,8.300590052597503,16.602493877530115,0.0009534089448750614,0.0007913856803887416,0.0015828966170070655,0.0013138975913419085,0.791247623928593,3.552713678800501e-15
0.005623413251903491,10.0,10.0,8.300144801719016,16.601881174120987,0.0011551360152212257,0.0009587796192016875,0.0019177430864650402,0.001591754531015538,0.9585769841143357,3.552713678800501e-15
0.006812920690579608,10.0,10.0,8.299605402937441,16.60113888977161,0.0013995595354829075,0.0011615791882426554,0.0023234282233055986,0.0019283537435484486,1.1612817678721699,1.7763568394002505e-15
0.008254041852680182,10.0,10.0,8.298951957726556,16.600239625185445,0.001695722960981165,0.0014072723386796514,0.0028149407490216326,0.0023361058039977336,1.4068357981927324,1.7763568394002505e-15
0.01,10.0,10.0,8.298160366123595,16.5991501903428,0.0020545882914501335,0.001704930312881309,0.0034104419629100574,0.0028300394327584995,1.7042895820422241,3.552713678800501e-15
0.012115276586285877,10.0,10.0,8.297201441588301,16.597830381935804,0.0024894445186974816,0.002065542264929084,0.004131937786658062,0.003428352016001245,2.064601841518927,3.552713678800501e-15
0.01467799267622069,10.0,10.0,8.296039840304047,16.596231503289054,0.0030164036999159602,0.002502420526894334,0.005006093411118293,0.004153075038292094,2.501040246743738,1.7763568394002505e-15
0.01778279410038923,10.0,10.0,8.294632766452992,16.594294572805605,0.003655003766893357,0.003031691400638275,0.006065220917254248,0.005030878015603315,3.0296655556352645,3.552713678800501e-15
0.021544346900318822,10.0,10.0,8.292928407226237,16.591948155803703,0.004428941493236768,0.003672889472320618,0.007348476764087229,0.00609403917067409,3.6699161682753036,3.552713678800501e-15
0.026101572156825358,10.0,10.0,8.29086404208568,16.589105741183243,0.005366964392175851,0.004449677209424499,0.008903313981097043,0.007381616574127618,4.445313404574549,3.552713678800501e-15
0.03162277660168379,10.0,10.0,8.288363759845653,16.585662568260123,0.006503956985728048,0.005390716137610332,0.010787243592376362,0.008940859885967947,5.384311674873653,1.7763568394002505e-15
0.03831186849557285,10.0,10.0,8.285335704245462,16.581491789842172,0.007882265238328174,0.006530721360945328,0.013069971633469698,0.010828910262826185,6.521322188014788,3.552713678800501e-15
0.046415888336127774,10.0,10.0,8.281668753597959,16.57643983463755,0.009553313469681631,0.007911737765518886,0.015835992595161004,0.013114844505755356,7.897943965917139,1.0901002323038256e-14
0.05623413251903491,10.0,10.0,8.277228522612793,16.570320804766805,0.011579581401606899,0.009584684145729725,0.019187737860953756,0.01588212911071038,9.564441707319155,3.415323579503138e-14
0.06812920690579609,10.0,10.0,8.271852554465614,16.562909711822584,0.014037026028618673,0.011611220961192967,0.023249399473451463,0.019231560442426097,11.581516401873783,1.0688672169578695e-13
0.08254041852680181,10.0,10.0,8.265344548617714,16.553934316891937,0.017018054927753323,0.014066008752518275,0.028171576347528766,0.023284778499001457,14.02242136864083,1.3877787807814457e-17
0.1,10.0,10.0,8.257467445035553,16.543065295556968,0.020635186085868968,0.017039437732631363,0.034136923080449896,0.028188453101049782,16.97548323811803,1.7763568394002505e-15
0.12115276586285877,10.0,10.0,8.247935158980056,16.52990439756262,0.02502556661296639,0.020640925074048293,0.041367022360716946,0.034119251815127136,20.547093705658114,1.7763568394002505e-15
0.1467799267622069,10.0,10.0,8.236402733775698,16.51397021230119,0.030356572035119125,0.025002895289811405,0.05013075263355325,0.04128970680372313,24.865242631115038,0.0
0.1778279410038923,10.0,10.0,8.222454654308377,16.494681085708773,0.036832773765928827,0.030285581208274896,0.06075448567710565,0.0499551003525829,30.083664600317988,3.552713678800501e-15
0.21544346900318823,10.0,10.0,8.205591045454256,16.471334662698442,0.044704651312864475,0.03668280865029956,0.07363452727534321,0.06042148176468134,36.38666681146842,3.552713678800501e-15
0.2610157215682536,10.0,10.0,8.185211473661708,16.44308345442544,0.05427954709143364,0.04442895716379636,0.0892523122692859,0.07305490504373967,43.994692138183424,1.2434497875801753e-14
0.31622776601683794,10.0,10.0,8.16059608661942,16.408905756460324,0.06593552886016521,0.0538073218785446,0.10819298790688207,0.0882919273712564,53.17064146014029,1.2434497875801753e-14
0.3831186849557285,10.0,10.0,8.13088388087149,16.367571181131662,0.08013905736954965,0.0651601369794307,0.13116817258848978,0.10665131801831212,64.22692493458,5.3790305543088834e-14
0.46415888336127775,10.0,10.0,8.09504800377025,16.317600029720285,0.09746768359296326,0.07890055775013276,0.15904386766933049,0.12874677434885132,77.533119752474,1.7763568394002505e-15
0.5623413251903491,10.0,10.0,8.051868208922585,16.25721574206939,0.11863946326365175,0.09552693225762364,0.19287473498005026,0.15530019468902354,93.52396324727042,1.7763568394002505e-15
0.6812920690579608,10.0,10.0,7.9999009436544,16.18428976129843,0.14455143916202923,0.11563971945589194,0.23394623768109826,0.18715467275894146,112.70717832460831,3.552713678800501e-15
0.8254041852680182,10.0,10.0,7.937448124730671,16.09627840081568,0.17633049703940726,0.13996141730582703,0.28382647709005043,0.22528579383273337,135.670276168906,3.552713678800501e-15
1.0,10.0,10.0,7.862526554020682,15.990151795061347,0.21540128836716843,0.16935983495571277,0.3444299297842805,0.27080894689283846,163.0849597256038,2.220446049250313e-16
1.2115276586285877,10.0,10.0,7.7728412713125925,15.862315901567237,0.2635779396812014,0.20487494877615836,0.41809565439074514,0.32497911578048294,195.70699792904057,1.7763568394002505e-15
1.4677992676220675,10.0,10.0,7.665768102297674,15.708530024954435,0.32318924234252566,0.24774937849550863,0.5076827917079839,0.38917785507604974,234.36838239428522,3.552713678800501e-15
1.7782794100389228,10.0,10.0,7.538353419021791,15.523824792868954,0.3972513921482358,0.29946213902118196,0.6166861010432491,0.4648797778262594,279.9571458547261,3.552713678800501e-15
2.154434690031882,10.0,10.0,7.387342839112722,15.302429432422407,0.4897087833343183,0.36176466738153795,0.7493734099410839,0.5535878293749749,333.3783831518961,3.2862601528904634e-14
2.6101572156825332,10.0,10.0,7.20925524614551,15.037723296207608,0.6057727805421269,0.4367170596095481,0.9109443454166801,0.6567230301141788,395.4878527681303,3.552713678800501e-15
3.1622776601683795,10.0,10.0,7.0005237027079605,14.722235854188165,0.7524020230119927,0.5267208196060875,1.1077040039950867,0.7754508135552117,466.98739516860013,2.6645352591003757e-14
3.831186849557285,10.0,10.0,6.757729246427224,14.347733007959903,0.9389871161178958,0.6345420696608259,1.347233643997381,0.9104240197811825,548.2701598407306,0.0
4.641588833612772,10.0,10.0,6.477954251015514,13.905446722449826,1.1783288475900873,0.7633160367340417,1.6385189011689658,1.0614250481196772,639.205104596647,3.552713678800501e-15
5.623413251903491,10.0,10.0,6.1592734719788425,13.386529669127034,1.4880324003809324,0.9165198489111276,1.991958987632167,1.2269020149792638,738.8576632932754,0.0
6.812920690579608,10.0,10.0,5.801374644552058,12.782843306756527,1.892476694506245,1.097896631091422,2.4191233047561873,1.4034240602257524,845.1617236650198,8.881784197001252e-16
8.254041852680173,10.0,10.0,5.40624745662138,12.088203960182256,2.425545319615074,1.3113098215088885,2.932048653817247,1.5851380577389635,954.5924507737046,1.7763568394002505e-15
10.0,10.0,10.0,4.978798312479987,11.30018547205569,3.134293354097486,1.5605014462197802,3.5418096225133113,1.7633955771694654,1061.9416381275964,4.263256414560601e-14
12.115276586285876,10.0,10.0,4.527160453032784,10.422447429871113,4.083615214135016,1.8487181302835052,4.256126489314408,1.9268167525529447,1160.3561702599923,1.7763568394002505e-15
14.677992676220676,10.0,10.0,4.062434762394142,9.46724047761066,5.361690638562796,2.178151843530075,5.076041464182785,2.0621087299450207,1241.8309034153742,5.329070518200751e-15
17.78279410038923,10.0,10.0,3.5976983784211765,8.457204933843974,7.085469977613527,2.5491383848812115,5.992327165327646,2.155858572566844,1298.288378265021,3.552713678800501e-15
21.54434690031882,10.0,10.0,3.1463860473492917,7.425051418972851,9.404871881155632,2.959135766397577,6.983165730643249,2.197173522122364,1323.168822436585,3.552713678800501e-15
26.10157215682533,10.0,10.0,2.7204695761915794,6.409854047628542,12.504283302942,3.401752229773406,8.015063094205678,2.180473529904249,1313.1118520537457,3.552713678800501e-15
31.622776601683793,10.0,10.0,2.3290064008122884,5.450185240787887,16.601152197783527,3.8664189729496825,9.047935468843317,2.107269962107262,1269.02763311298,3.552713678800501e-15
38.31186849557285,10.0,10.0,1.9774614955546186,4.576618912250602,21.943795641371793,4.339301094713198,10.042839013886447,1.9859327456014169,1195.9566533905004,0.0
46.41588833612773,10.0,10.0,1.6678430181328188,3.8070441355672675,28.812130697775086,4.805411102181443,10.968905320616228,1.8294412155549702,1101.7152512217533,0.0
56.23413251903491,10.0,10.0,1.399389787697813,3.146439348119351,37.52409733508598,5.251083860329804,11.806729635777502,1.6522216878416156,994.991157090699,3.552713678800501e-15
68.12920690579608,10.0,10.0,1.169460061615729,2.5899868473942407,48.44800266345549,5.6658004179963655,12.547968968087087,1.467434856257138,883.7099260510852,1.7763568394002505e-15
82.54041852680173,10.0,10.0,0.9743566117729876,2.127199197202072,62.01933239462078,6.04289465764454,13.19274740808458,1.2854440664518156,774.1125107279629,1.1191048088221578e-13
100.0,10.0,10.0,0.8099616383650557,1.7453642302647379,78.76066206966037,6.379311488865861,13.74660423283539,1.1134222086383363,670.518526573015,2.842170943040401e-14
121.15276586285876,10.0,10.0,0.6721620201207633,1.4317567644922253,99.30427569953,6.67485625608253,14.2179568475803,0.9556770596659413,575.5221774411217,1.4210854715202004e-14
146.77992676220674,10.0,10.0,0.557099514150511,1.1747768928805904,124.417992657255,6.931320326093859,14.616338283233015,0.8142754956248625,490.36816520716854,2.842170943040401e-14
177.82794100389228,10.0,10.0,0.4612953440397958,0.9643815873033772,155.03522898993702,7.151702929520153,14.951312022125801,0.6896970623092856,415.34527909850084,2.842170943040401e-14
215.44346900318823,10.0,10.0,0.3816936906203309,0.7921277654073452,192.29059539410156,7.339610702755543,15.231871963837762,0.5813909424933583,350.1218092284069,3.552713678800501e-15
261.0157215682533,10.0,10.0,0.31565741123195357,0.6510351187699424,237.5625287327356,7.498837282549191,15.466154910880437,0.4882006420880884,294.00129857768485,3.552713678800501e-15
316.22776601683796,10.0,10.0,0.2609384164759591,0.535385303177025,292.52466827626023,7.633092372016257,15.661340821184428,0.4086645473770162,246.10354279260804,3.552713678800501e-15
383.1186849557285,10.0,10.0,0.21563671054762776,0.4405152634397004,359.20796710453743,7.745842442892292,15.823659225869454,0.34121618242931107,205.485188017915,1.7763568394002505e-15
464.1588833612773,10.0,10.0,0.17815629764217308,0.36262952680869054,440.07589303782834,7.840229178519247,15.95845128522196,0.2843098597078123,171.2153994616298,5.684341886080802e-14
562.341325190349,10.0,10.0,0.147162432116894,0.2986395351403679,538.1155349652145,7.919039088536448,16.070257321382204,0.23649381521589274,142.4199044099536,1.7763568394002505e-15
681.2920690579608,10.0,10.0,0.1215424192423864,0.2460303146916664,656.9480037319107,7.984704969003272,16.1629124094224,0.1964479476243987,118.30371926072367,8.260059303211165e-13
825.4041852680173,10.0,10.0,0.10037084935985759,0.20275164006767943,800.9622203996793,8.039325836667327,16.239640381828508,0.16299864984227694,98.16008130401434,2.291500322826323e-13
1000.0,10.0,10.0,0.08287941274781825,0.16712993280204516,975.4770428153124,8.084696445751145,16.30314126156609,0.13511947737033222,81.37085121417755,6.394884621840902e-14
1211.5276586285877,10.0,10.0,0.06843106024076737,0.13779720324175254,1186.9377244675832,8.122340692508052,16.355669885376283,0.1119235831204289,67.40195719147829,2.2737367544323206e-13
1467.7992676220676,10.0,10.0,0.05649809798089631,0.11363378720579885,1443.153965324095,8.153545413439975,16.399105060084302,0.09265182444836555,55.79623284988667,2.2737367544323206e-13
1778.2794100389228,10.0,10.0,0.046643743726565656,0.0937221639298418,1753.5883489759615,8.179392555152614,16.435009470818567,0.07665903699005408,46.16515112801524,1.7763568394002505e-15
2154.4346900318824,10.0,10.0,0.03850667343141907,0.07730964932128151,2129.705820356519,8.200788652946091,16.46468101292546,0.0634000094917207,38.180378134447814,3.552713678800501e-15
2610.157215682533,10.0,10.0,0.031788119218504204,0.06377819617951652,2585.39711204449,8.218491162484671,16.489196421392894,0.05241605416605702,31.565685627177977,0.0
3162.2776601683795,10.0,10.0,0.026241125699428366,0.05261989322189933,3137.4917578300488,8.233131559813877,16.509448128160642,0.04332265035592557,26.08950985396479,1.7763568394002505e-15
3831.1868495572853,10.0,10.0,0.021661621064498513,0.043417044051156595,3806.379640589391,8.245235340206943,16.52617525308952,0.035798374597791796,21.55828508071106,3.552713678800501e-15
4641.588833612773,10.0,10.0,0.017881007363263368,0.035825936654108576,4616.764029716705,8.255239160981386,16.539989567559772,0.02957516752458356,17.810582183362296,9.094947017729282e-13
5623.413251903491,10.0,10.0,0.014760018432635065,0.02956359498379232,5598.573919402052,8.263505424684421,16.5513971840025,0.0244298927521741,14.712025290529622,1.7763568394002505e-15
6812.920690579608,10.0,10.0,0.012183633033535696,0.024396946686943036,6788.069362242982,8.270334611575517,16.560816633791344,0.020177091260178765,12.15092836961623,9.094947017729282e-13
8254.041852680173,10.0,10.0,0.010056864762291192,0.020133953393424234,8229.18062030154,8.275975660284015,16.568593907522114,0.016662810822927168,10.034579223291885,1.8189894035458565e-12
10000.0,10.0,10.0,0.008301279464709784,0.016616338802399322,9975.130590993786,8.280634673281508,16.575014949813053,0.013759383123014078,8.286094193755918,1.8189894035458565e-12
12115.276586285852,10.0,10.0,0.006852115648216033,0.01371362026199459,12090.400427038445,8.284482195930794,16.580316027186246,0.011361024290224998,6.841768745351403,3.552713678800501e-15
14677.992676220676,10.0,10.0,0.005655904278465883,0.011318205660017264,14653.110944466232,8.287659288364182,16.584692322851865,0.009380143226585815,5.648854285946035,1.8189894035458565e-12
17782.794100389227,10.0,10.0,0.004668501880250053,0.009341362322822329,17757.907768499157,8.290282580654534,16.588305056081197,0.007744253334447653,4.663698366114312,1.7763568394002505e-15
21544.34690031878,10.0,10.0,0.0038534655233972985,0.007709900650466944,21519.45677107273,8.292448474956732,16.591287375698894,0.006393395389103253,3.8501926967514755,0.0
26101.572156825332,10.0,10.0,0.0031807104992830075,0.006363444250074372,26076.67889296372,8.29423663412813,16.593749236246573,0.005277991241819886,3.1784806188286554,0.0
31622.776601683792,10.0,10.0,0.0026254016655528484,0.0052521818035364655,31597.880750318873,8.295712874982746,16.595781430713995,0.004357059220934756,2.623882392812504,3.552713678800501e-15
38311.86849557277,10.0,10.0,0.002167037886662603,0.004335014942209966,38286.97050835026,8.296931565712876,16.597458924565068,0.0035967322311858847,2.166002777223026,3.850786356451863e-11
46415.888336127726,10.0,10.0,0.0017886960085049283,0.003578031880178643,46390.988585876454,8.29793761141549,16.59884361132695,0.002969028531337804,1.7879907736172327,8.610001600573014e-11
56234.13251903491,10.0,10.0,0.0014764066154921533,0.0029532491730716796,56209.231313516044,8.298768096300378,16.599986589563603,0.002450833001791273,1.475926131604038,4.842881651256903e-11
68129.20690579595,10.0,10.0,0.001218638631558593,0.0024375742717158266,68104.30449905468,8.299453643797772,16.600930043999607,0.0020230534671419617,1.218311274413493,2.723865577536344e-11
82540.41852680173,10.0,10.0,0.0010058738077006351,0.0020119499676521093,82515.51512854028,8.300019539672418,16.601708799366374,0.0016699224044355795,1.005650777778871,1.532107773982716e-11
100000.0,10.0,10.0,0.0008302554347303264,0.001660648731932734,99975.09578331582,8.30048666117829,16.602351603741702,0.00137841926483103,0.8301034839108181,8.618883384770015e-12
0.0001,100.0,0.1,8.302687669681161,16.605291270350545,5.527219554925747e-07,4.589077764630259e-08,9.178109062471933e-05,7.620297294397463e-06,0.004589050293990867,6.522556610490463e-13
0.00012115276586285888,100.0,0.1,8.302686048071994,16.605270244208242,6.69638791522131e-07,5.5598006516185876e-08,0.00011119533099230009,9.232199232405173e-06,0.005559760330190791,1.1598847018479477e-12
0.0001467799267622069,100.0,0.1,8.3026840834484,16.60524477045543,8.112871726961087e-07,6.735861095849836e-08,0.0001347162208174963,1.1185062223637466e-05,0.006735801912010342,2.062581469551919e-12
0.00017782794100389227,100.0,0.1,8.302681703253684,16.605213908299437,9.828986927334846e-07,8.160694992310268e-08,0.00016321243043027392,1.3551008598770004e-05,0.008160608122176333,3.6678082717279265e-12
0.00021544346900318845,100.0,0.1,8.302678819584267,16.60517651795286,1.1908116104000705e-06,9.886926335783697e-08,0.00019773636990320876,1.6417415702568518e-05,0.00988679882763019,2.5236532698660885e-12
0.0002610157215682536,100.0,0.1,8.302675325940719,16.605131218505203,1.4427051778394596e-06,1.1978312682654596e-07,0.00023956308787641113,1.9890145387176467e-05,0.011978125525844138,3.552713678800501e-15
0.00031622776601683794,100.0,0.1,8.302671093298802,16.605076336976463,1.7478830368460272e-06,1.4512097964488835e-07,0.00029023731254934523,2.4097449451001783e-05,0.014511823255091745,3.552713678800501e-15
0.00038311868495572853,100.0,0.1,8.302665965341388,16.605009846489367,2.1176171721113775e-06,1.7581868022511613e-07,0.0003516305399400439,2.9194709163348188e-05,0.01758146480289446,3.552713678800501e-15
0.00046415888336127773,100.0,0.1,8.302659752686987,16.60492929142947,2.565564293258568e-06,2.1301007400568746e-07,0.00042601013682174745,3.537017217226599e-05,0.021300415552682073,3.552713678800501e-15
0.0005623413251903491,100.0,0.1,8.302652225895844,16.604831696752637,3.108270476638902e-06,2.580688879155232e-07,0.0005161230813257407,4.285190450005383e-05,0.025806020073340156,3.552713678800501e-15
0.0006812920690579609,100.0,0.1,8.30264310699708,16.604713458111522,3.7657826246416724e-06,3.1265949150930556e-07,0.000625297414277101,5.19162126647087e-05,0.031264674039297044,1.7763568394002505e-15
0.0008254041852680181,100.0,0.1,8.30263205922378,16.604570208741,4.562389395785552e-06,3.787984046411174e-07,0.0007575651504193663,6.289784704822516e-05,0.03787796884253625,0.0
0.001,100.0,0.1,8.302618674577236,16.604396658186346,5.527519053179873e-06,4.5892882915012694e-07,0.0009178111889468122,7.62023631708574e-05,0.04589013572595432,3.552713678800501e-15
0.0012115276586285877,100.0,0.1,8.302602458761125,16.604186396918315,6.6968275133881284e-06,5.560109657855543e-07,0.0011119537230030747,9.232109714633915e-05,0.05559706421328887,3.552713678800501e-15
0.0014677992676220691,100.0,0.1,8.302582812929755,16.60393165961927,8.113516959668561e-06,6.736314646175827e-07,0.001347162811174987,0.0001118493080227958,0.06735722768218737,1.0658141036401503e-14
0.0017782794100389228,100.0,0.1,8.30255901157668,16.603623038398478,9.82993398314263e-06,8.161360697494469e-07,0.0016321251834844309,0.00013550815650159904,0.08160491925807385,1.7763568394002505e-14
0.002154434690031882,100.0,0.1,8.302530175747867,16.603249135345482,1.1909506662859992e-05,9.887903844666536e-07,0.001977365062025214,0.00016417133095933894,0.09886628637936849,2.1316282072803006e-14
0.0026101572156825357,100.0,0.1,8.302495240591536,16.60279614159021,1.4429092695353248e-05,1.1979747342922444e-06,0.002395632845290584,0.00019889730296229836,0.11977875552233258,3.552713678800501e-15
0.0031622776601683794,100.0,0.1,8.30245291604702,16.60224732732481,1.7481826132341072e-05,1.4514203835028213e-06,0.002902376011824166,0.00024096840182834467,0.1451145634522533,1.7763568394002505e-15
0.003831186849557285,100.0,0.1,8.302401639224481,16.601582423953918,2.118056909225807e-05,1.7584959155127079e-06,0.0035163096357137312,0.0002919381488357052,0.17580926255024468,7.762887554996212e-17
0.004641588833612777,100.0,0.1,8.302339516719197,16.600776875557067,2.566209773061447e-05,2.1305544807079053e-06,0.004260107585846702,0.00035368859555450296,0.21299625076359271,3.552713678800501e-15
0.005623413251903491,100.0,0.1,8.302264254735775,16.599800932021207,3.109217971867987e-05,2.5813549228021653e-06,0.00516123993872713,0.0004284997785340892,0.25804859819611115,7.901665433074356e-16
0.006812920690579608,100.0,0.1,8.30217307444908,16.59861855035515,3.767173464950455e-05,3.1275726107490713e-06,0.006252987535773232,0.0005191338475436223,0.3126297103188074,3.552713678800501e-15
0.008254041852680182,100.0,0.1,8.302062609487193,16.597186063615652,4.564431061375734e-05,3.7894192448229425e-06,0.007575671160019974,0.0006289369627937229,0.37875469191106825,7.90513488002631e-15
0.01,100.0,0.1,8.301928781766721,16.595450568295092,5.5305161485123376e-05,4.59139511913602e-06,0.009178140735979426,0.000761962707391332,0.45886466777812934,2.4981752777542e-14
0.012115276586285877,100.0,0.1,8.301766651118813,16.593347970627274,6.701227252597962e-05,5.56320249271863e-06,0.011119579563260857,0.0009231215479274128,0.5559167900207966,7.8909101475233e-14
0.01467799267622069,100.0,0.1,8.301570233187718,16.59080061967727,8.119975969563278e-05,6.740855080312609e-06,0.0134716902347595,0.0011183618264360511,0.6734932339408589,2.4919302732406834e-13
0.01778279410038923,100.0,0.1,8.301332278928362,16.58771443982965,9.839416426937173e-05,8.168026519075153e-06,0.01632134299446028,0.0013548889143537443,0.8159331756401832,7.867560769536652e-13
0.021544346900318822,100.0,0.1,8.30104400763548,16.58397545681492,0.00011923428391257444,9.897690379771836e-06,0.019773784380170363,0.0016414305433728928,0.9884925779954846,2.483218491944328e-12
0.026101572156825358,100.0,0.1,8.30069478375558,16.579445589027415,0.00014449533058946148,1.199411636900981e-05,0.023956524713765054,0.001988557997284612,1.197537616907163,1.1827795687313625e-12
0.03162277660168379,100.0,0.1,8.300271725712648,16.573957548831828,0.00017511839261665445,1.4535302428882636e-05,0.029024048052480957,0.0024090748541573293,1.4507787873111908,3.469446951953614e-17
0.03831186849557285,100.0,0.1,8.299759232534239,16.567308665599583,0.00021224641524514366,1.761594144503177e-05,0.03516351874533316,0.0029184873935496963,1.7575541890241788,1.8041124150158794e-16
0.046415888336127774,100.0,0.1,8.299138411156537,16.559253402661042,0.0002572682135718447,2.1351045132237197e-05,0.04260169540986096,0.003535573667563683,2.1291722293417945,1.7763568394002505e-15
0.05623413251903491,100.0,0.1,8.298386383767717,16.54949429201559,0.0003118724179053693,2.5880378262186316e-05,0.0516133079996201,0.004283071723252568,2.579326080260273,5.30825383648903e-15
0.06812920690579609,100.0,0.1,8.297475450369564,16.537670952477278,0.0003781137491289853,3.137389550844952e-05,0.06253120765702701,0.00518851160416143,3.124594721515353,2.979561042337764e-14
0.08254041852680181,100.0,0.1,8.29637207673933,16.52334678630792,0.0004584946724437182,3.8038423977958086e-05,0.07575866472462213,0.006285220705924119,3.785048379874161,1.6610324227173123e-13
0.1,100.0,0.1,8.295035672043928,16.505992863976914,0.0005560663365942889,4.6125900980724126e-05,0.09178426983723117,0.007613537924323383,4.584979706187364,8.704287290939305e-13
0.12115276586285877,100.0,0.1,8.2934171133467,16.484968403296993,0.0006745538527168858,5.59435646599617e-05,0.11119998948360114,0.009222278957872709,5.553786201229556,4.008057774562701e-12
0.1467799267622069,100.0,0.1,8.291456966007752,16.459497124107596,0.0008185125181331904,6.786661320239989e-05,0.13472304438259314,0.011170503248278233,6.727034292116874,5.551115123125783e-17
0.1778279410038923,100.0,0.1,8.289083339372496,16.42863860845939,0.00099352371600109,8.235400881576087e-05,0.1632224207911555,0.01352964248792014,8.147741149473168,1.942890293094024e-16
0.21544346900318823,100.0,0.1,8.286209306030173,16.3912536132366,0.0012064421773517603,9.99683239715946e-05,0.1977509969867807,0.01638606151508607,9.86791689458672,3.552713678800501e-15
0.2610157215682536,100.0,0.1,8.282729800281395,16.34596206146592,0.001465710458771122,0.00012140083695447687,0.23958447552166565,0.019844134750880888,11.950417273021225,1.8540724511240114e-14
0.31622776601683794,100.0,0.1,8.278517897246896,16.291092171707533,0.0017817624618009674,0.00014750352428661998,0.2902685649328808,0.024029935098050265,14.47116516141231,1.8068879725774423e-13
0.3831186849557285,100.0,0.1,8.273420358526103,16.224618863532967,0.0021675465171489437,0.0001793302348303242,0.3516761610971993,0.02909564710829875,17.521808238946203,1.7488233083895466e-12
0.46415888336127775,100.0,0.1,8.267252313898386,16.144089190093773,0.0026392114471513396,0.0002181902694332902,0.4260766499432768,0.03522483170141628,21.21288947532391,1.7763568394002505e-15
0.5623413251903491,100.0,0.1,8.25979093213283,16.046532084031703,0.0032170184826725064,0.00026571900091682085,0.5162199029712736,0.042638684735486154,25.6776161298361,3.552713678800501e-15
0.6812920690579608,100.0,0.1,8.250767919048602,15.928349146905699,0.003926571891271981,0.0003239723339234486,0.6254380803460594,0.051603444486706104,31.076320639979013,3.552713678800501e-15
0.8254041852680182,100.0,0.1,8.23986066996228,15.785182550051493,0.0048005083791662516,0.00039555520189316366,0.7577690109819109,0.06243911070506063,37.601711359509785,1.2656542480726785e-14
1.0,100.0,0.1,8.226681900402578,15.611755332966483,0.005880861462978298,0.0004837997655625859,0.9181057030708852,0.07552963570109636,45.485009774352356,5.224709553885987e-13
1.2115276586285877,100.0,0.1,8.210767589171999,15.401678474259072,0.007222443129564682,0.0005930180196286768,1.112377468801767,0.09133472867762735,55.00305923730805,2.1316282072803006e-14
1.4677992676220675,100.0,0.1,8.191563099914468,15.147218073457328,0.008897800406154208,0.0007288689347745678,1.3477692312611496,0.11040336701998923,66.4864616572317,2.220446049250313e-16
1.7782794100389228,100.0,0.1,8.168407413329785,14.839014853920116,0.011004684737082672,0.0008989074838774324,1.6329868027627774,0.13338901505557174,80.32874245024124,3.863576125695545e-13
2.154434690031882,100.0,0.1,8.140515518765186,14.465747084953579,0.013677670368077691,0.0011134328789189117,1.978577202559758,0.1610663842251272,96.99644375079595,3.552713678800501e-15
2.6101572156825332,100.0,0.1,8.10695920363058,14.013727204573595,0.017106899180122186,0.00138684933753872,2.39731418426376,0.19434928290111225,117.03987382355592,0.0
3.1622776601683795,100.0,0.1,8.06664677103714,13.466422602851022,0.02156964426805728,0.00173994701287344,2.9046594510682255,0.23430861781922013,141.10394777883877,3.552713678800501e-15
3.831186849557285,100.0,0.1,8.018302645923626,12.803893982799858,0.027486231399136946,0.002203929219541688,3.5193079282125406,0.28218876072606613,169.938043798233,3.552713678800501e-15
4.641588833612772,100.0,0.1,7.9604484379119835,12.00215524493528,0.03552542376658968,0.002827983041289101,4.263816511887228,0.33941891491596,204.40284822303747,1.7053025658242404e-12
5.623413251903491,100.0,0.1,7.891387854172605,11.03249094175448,0.04681886378776705,0.0036946581304094644,5.1652869064177676,0.40761282356621964,245.47017990968197,1.326938559031987e-12
6.812920690579608,100.0,0.1,7.8091989232054475,9.860866846567488,0.06344251334002615,0.004954352068603795,6.255981764575794,0.4885420605951821,294.2069056084636,1.7763568394002505e-15
8.254041852680173,100.0,0.1,7.711738290543637,8.447910914004286,0.08964862741842494,0.006913467527573478,7.573436179936159,0.5840435777980221,351.71926354737,7.105427357601002e-15
10.0,100.0,0.1,7.596663798264358,6.751347364173748,0.13565168963690327,0.010305002798380553,9.158316772758223,0.6957265348064965,418.9763123071761,3.552713678800501e-15
12.115276586285876,100.0,0.1,7.461482956554989,4.7404085877974556,0.2329155483979854,0.017378953946882266,11.041148658573638,0.8238334253673718,496.1240850355268,1.0658141036401503e-14
14.677992676220676,100.0,0.1,7.303635864449334,2.493377739047581,0.527456259026284,0.03852348450352646,13.151476945774514,0.9605359869163733,578.4482918255918,2.1316282072803006e-14
17.78279410038923,100.0,0.1,7.120620998517371,0.7995190430884506,1.8455106526749778,0.13141181906424945,14.7552091103624,1.0506625182876133,632.7237576384081,1.4210854715202004e-14
21.54434690031882,100.0,0.1,6.9101701634392025,0.3104174731054134,4.910078894889767,0.339294806795998,15.241742832999021,1.0532303656340314,634.2701514554403,3.552713678800501e-15
26.10157215682533,100.0,0.1,6.670473734168144,0.17002900650195804,9.061748910647793,0.604461580941029,15.407601644476447,1.0277600207600606,618.9315512517607,1.7763568394002505e-15
31.622776601683793,100.0,0.1,6.400448231328041,0.1090562749217321,14.216521129666917,0.9099210752001434,15.504008367475688,0.9923260293410492,597.5927028503688,7.105427357601002e-15
38.31186849557285,100.0,0.1,6.10002515528372,0.07588481620970434,20.530025896001725,1.2523367440423672,15.579172418985616,0.9503334365431458,572.3041723797351,0.0
46.41588833612773,100.0,0.1,5.770424379821508,0.055414267749778895,28.236543539704986,1.6293683924340514,15.647073840375016,0.9029025636136734,543.7406330646395,3.552713678800501e-15
56.23413251903491,100.0,0.1,5.414361153628721,0.041753040083511044,37.63291306159414,2.037581825785822,15.712885275200263,0.8507523564546904,512.335044247184,7.105427357601002e-15
68.12920690579608,100.0,0.1,5.0361290494184745,0.032146125854824965,49.084027397521346,2.4719349623910953,15.778613221823978,0.7946313240596616,478.53816857924573,3.552713678800501e-15
82.54041852680173,100.0,0.1,4.641508822688272,0.025136768529650275,63.03441661507416,2.925748008518749,15.844815398546604,0.7354385046622106,442.8914195399749,1.4210854715202004e-14
100.0,100.0,0.1,4.237479012192629,0.01988324440490375,80.02351300429044,3.390979568376046,15.911270672033003,0.6742367553005595,406.0348645985646,2.842170943040401e-14
121.15276586285876,100.0,0.1,3.83174531903008,0.01586554224328079,100.7045007401984,3.8587399931651643,15.977315105821194,0.6122100236739894,368.6814937247696,1.4210854715202004e-14
146.77992676220674,100.0,0.1,3.4321510194952176,0.01274521235357055,125.867324637079,4.319956665742862,16.04205780875374,0.5505876506311537,331.57163328185106,1.7763568394002505e-15
177.82794100389228,100.0,0.1,3.0460635637949376,0.010292628808231253,156.4667658179336,4.766077143028427,16.104543413884365,0.490554629045869,295.41890265838083,3.552713678800501e-15
215.44346900318823,100.0,0.1,2.6798395528220738,0.008346664521403058,193.65673520913288,5.1896897868382545,16.163878011008155,0.43316599620890656,260.8586601615662,2.842170943040401e-14
261.0157215682533,100.0,0.1,2.338448346319651,0.0067910952560194604,238.83215540326364,5.584966588507197,16.219319175440063,0.37928040104238414,228.40799625864878,0.0
316.22776601683796,100.0,0.1,2.025292834156228,0.005540154858128594,293.68003479980956,5.947880700148059,16.270328715315394,0.32952180156494576,198.44266725128915,3.552713678800501e-15
383.1186849557285,100.0,0.1,1.7422206055252918,0.004529346256903719,360.2416198986938,6.276203731553142,16.316590326690807,0.2842709987907538,171.1919968703709,4.440892098500626e-14
464.1588833612773,100.0,0.1,1.4896845467881008,0.0037093987529465402,440.98787387792294,6.569328210368818,16.357998694273135,0.2436825787123862,146.74907897657693,7.283063041541027e-14
562.341325190349,100.0,0.1,1.2669958885908517,0.003042177524999751,538.9109965269748,6.8279801691607585,16.394629216095815,0.2077192781176486,125.09147313900677,1.1368683772161603e-13
681.2920690579608,100.0,0.1,1.0726137531891635,0.0024978431156060165,657.6352896665492,7.053886562788801,16.426697808731582,0.17619501989127792,106.10712109962756,1.1368683772161603e-13
825.4041852680173,100.0,0.1,0.9044272134634058,0.002052833882483,801.5513984526589,7.249448977502344,16.454518692952497,0.1488191449034855,89.62098383916262,3.552713678800501e-15
1000.0,100.0,0.1,0.760001813035864,0.001688403983830679,975.978840846962,7.417456885283322,16.47846563020459,0.1252366375500466,75.41926596354821,1.7763568394002505e-15
1211.5276586285877,100.0,0.1,0.6367772807121218,0.0013895449322277296,1187.362800945732,7.560856556049516,16.498939627698643,0.1050614991075941,63.269513608254606,2.2737367544323206e-13
1467.7992676220676,100.0,0.1,0.5322142390950435,0.0011441774711549984,1443.5124423664176,7.682578761382708,16.516344158875828,0.08790233539147967,52.93602368602203,3.552713678800501e-15
1778.2794100389228,100.0,0.1,0.4438945601192861,0.0009425375562032946,1753.8895416389046,7.785420265836178,16.531067624268495,0.07338050991376835,44.19077597412884,0.0
2154.4346900318824,100.0,0.1,0.3695833297907376,0.000776704105417124,2129.9581059730467,7.871970091202914,16.54347205275747,0.06114191487558115,36.82052177166876,0.0
2610.157215682533,100.0,0.1,0.3072612229400435,0.0006402319082554726,2585.607894804692,7.94457043801121,16.55388676491223,0.05086367491797933,30.630820992695295,3.552713678800501e-15
3162.2776601683795,100.0,0.1,0.2551354722916359,0.000527863636104699,3137.667494579042,8.005302781235379,16.56260572576014,0.042257082342219664,25.44780979717573,1.7763568394002505e-15
3831.1868495572853,100.0,0.1,0.21163631425720436,0.00043530210728815247,3806.525903065161,8.05599112249287,16.569887470512022,0.035067899119157954,21.118382465304922,4.547473508864641e-13
4641.588833612773,100.0,0.1,0.17540430530972315,0.00035902896861383547,4616.885585881142,8.098216088859559,16.5759567010699,0.029074941699952162,17.509339150590563,9.094947017729282e-13
5623.413251903491,100.0,0.1,0.14527250545170792,0.000296159491213506,5598.674822204931,8.133335186311056,16.581006868140786,0.02408764410646789,14.505918338593405,9.094947017729282e-13
6812.920690579608,100.0,0.1,0.12024634454440059,0.00024432571204136146,6788.153038342894,8.162505890686994,16.585203245388588,0.01994310063783907,12.010015923191267,9.094947017729282e-13
8254.041852680173,100.0,0.1,0.09948305609070468,0.00020158199410672854,8229.249954242609,8.186709347823463,16.588686157789294,0.01650293195506449,9.938297918610036,1.8189894035458565e-12
10000.0,100.0,0.1,0.08227186565963658,0.00016632843553169674,9975.188002384082,8.206773272617617,16.591574145710954,0.013650197591978313,8.220341130070643,1.8189894035458565e-12
12115.276586285852,100.0,0.1,0.06801562081473697,0.00013724857024642576,12090.447939637259,8.223393225426856,16.593966933540578,0.011286489627639796,6.796882922392684,1.8189894035458565e-12
14677.992676220676,100.0,0.1,0.05621420453812346,0.00011325856797509555,14653.150246956402,8.237151851102615,16.595948132941995,0.009329280228492897,5.61822387254692,3.552713678800501e-15
17782.794100389227,100.0,0.1,0.04644984616255917,9.346572520403502e-05,17757.94026724744,8.248535935775584,16.597587652082172,0.007709553931088085,4.6428018969823786,1.7763568394002505e-15
21544.34690031878,100.0,0.1,0.03837430045593881,7.713448933001471e-05,21519.483635474684,8.257951306843639,16.598943808679483,0.006369728569655117,3.835940204945658,3.552713678800501e-15
26101.572156825332,100.0,0.1,0.031697781373122506,6.365860888943721e-05,26076.701094110067,8.265735702133654,16.60006516076712,0.005261852362455839,3.16876155850476,1.7763568394002505e-15
31622.776601683792,100.0,0.1,0.026179493018639765,5.2538278031197224e-05,31597.899093763044,8.272169787288535,16.600992077898375,0.004346055562058346,2.6172558345496273,0.0
38311.86849557277,100.0,0.1,0.021619582684049777,4.336136102809595e-05,38286.98566174003,8.277486522370168,16.601758079562423,0.0035892308150169126,2.161485318816137,3.552713678800501e-15
46415.888336127726,100.0,0.1,0.017852339643960817,3.5787955797711534e-05,46391.00110216295,8.281879080991736,16.602390968557945,0.0029639152247252403,1.7849114684002432,8.810729923425242e-12
56234.13251903491,100.0,0.1,0.01474047198070552,2.953769397825738e-05,56209.24165038482,8.285507516042031,16.602913786189855,0.0024473478546340097,1.4738273269290028,8.137490681292547e-12
68129.20690579595,100.0,0.1,0.012170307548396483,2.4379286530145623e-05,68104.31303515339,8.288504350100844,16.603345614227358,0.002020678224574669,1.2168808699055547,4.583000645652646e-12
82540.41852680173,100.0,0.1,0.010047781353229115,2.0121913802484852e-05,82515.5221770011,8.290979250820351,16.60370224612643,0.0016683036982319756,1.004675970118152,2.5792701308091637e-12
100000.0,100.0,0.1,0.008295088275417722,1.6608131906034538e-05,99975.10160300498,8.29302293140782,16.603996747419114,0.0013773161874459032,0.8294391951825775,1.4512835377900046e-12
0.0001,100.0,1.0,8.302687669681209,16.605296351847286,5.244661048686339e-06,4.3544782620585383e-07,8.708915097842683e-05,7.230740199915895e-06,0.004354453528288406,5.323490942770598e-14
0.00012115276586285888,100.0,1.0,8.302686048072076,16.60527640058931,6.354059218094453e-06,5.275575881869657e-07,0.00010551090958217078,8.760239569072836e-06,0.005275539577627836,9.466615046114374e-14
0.0001467799267622069,100.0,1.0,8.302684083448543,16.605252229092084,7.698129199036074e-06,6.39151347731673e-07,0.00012782937704213264,1.0613269341648573e-05,0.006391460189920024,1.6834206554780518e-13
0.00017782794100389227,100.0,1.0,8.302681703253942,16.60522294465995,9.326512167946825e-06,7.743506193198736e-07,0.00015486881384484084,1.2858264671142007e-05,0.007743427977895228,2.9935727291138803e-13
0.00021544346900318845,100.0,1.0,8.302678819584106,16.60518746576914,1.1299350480752273e-05,9.381487791159938e-07,0.00018762783297432016,1.5578136348003525e-05,0.009381372986614957,4.209964896226964e-13
0.0002610157215682536,100.0,1.0,8.302675325940719,16.605144482121958,1.368950952335619e-05,1.1365955294379993e-06,0.00022731628352471405,1.887333298405188e-05,0.011365786784031124,6.69343053205651e-15
0.00031622776601683794,100.0,1.0,8.302671093298802,16.60509240626192,1.658526912828561e-05,1.3770203456599794e-06,0.0002753999264579057,2.286555008498669e-05,0.013769956116661984,1.7763568394002505e-15
0.00038311868495572853,100.0,1.0,8.30266596534139,16.605029314942005,2.0093585235437052e-05,1.6683032625594949e-06,0.0003336545718767181,2.77022245810138e-05,0.016682669579199713,3.552713678800501e-15
0.00046415888336127773,100.0,1.0,8.302659752686985,16.604952878099397,2.434404136623139e-05,2.0212029246915645e-06,0.00040423165974877467,3.3561979321580115e-05,0.020211496365876477,1.7763568394002505e-15
0.0005623413251903491,100.0,1.0,8.302652225895846,16.604860272803982,2.9493636629680556e-05,2.4487540781318053e-06,0.000489737715172699,4.066121930983755e-05,0.02448675861570718,1.7763568394002505e-15
0.0006812920690579609,100.0,1.0,8.302643106997076,16.60474807900586,3.573258725877014e-05,2.9667491929919946e-06,0.0005933306096429727,4.9262122963226e-05,0.029666343862097527,0.0
0.0008254041852680181,100.0,1.0,8.30263205922378,16.60461215323168,4.329135644577367e-05,3.5943220391396453e-06,0.0007188361833693782,5.968232341372663e-05,0.03594153524813055,1.7763568394002505e-15
0.001,100.0,1.0,8.302618674577234,16.6044474755661,5.24491728173537e-05,4.354654816994895e-06,0.0008708895351826388,7.230663718301265e-05,0.043544074699835206,0.0
0.0012115276586285877,100.0,1.0,8.302602458761125,16.60424796426807,6.354435320310332e-05,5.27583503144471e-06,0.0010551061973133595,8.760127308068e-05,0.052754719724705385,3.552713678800501e-15
0.0014677992676220691,100.0,1.0,8.302582812929755,16.604006251177182,7.698681247878042e-05,6.391893861085683e-06,0.0012782895156558756,0.00010613104562632774,0.0639136095767728,8.881784197001252e-15
0.0017782794100389228,100.0,1.0,8.302559011576678,16.603713409617715,9.327322476009518e-05,7.744064527707451e-06,0.0015486818927074794,0.0001285802280436411,0.0774328232231706,1.5987211554602254e-14
0.002154434690031882,100.0,1.0,8.302530175747865,16.603358624755007,0.00011300539920209471,9.38230736897825e-06,0.0018762691694859817,0.0001557778139748275,0.09381159230415063,2.4868995751603507e-14
0.0026101572156825357,100.0,1.0,8.302495240591535,16.602928794234995,0.00013691255393677708,1.1367158274373235e-05,0.002273149384049168,0.00018872811942221798,0.11365473005306864,1.7763568394002505e-15
0.0031622776601683794,100.0,1.0,8.302452916047022,16.602408044365472,0.00016587831793225444,1.3771969244256209e-05,0.0027539795200242747,0.00022864785296759313,0.13769495550426297,3.552713678800501e-15
0.003831186849557285,100.0,1.0,8.302401639224481,16.601777143981977,0.00020097346852363275,1.6685624545112384e-05,0.0033365167362824273,0.00027701102020611144,0.16681993557524072,1.7763568394002505e-15
0.004641588833612777,100.0,1.0,8.302339516719197,16.601012794367815,0.00024349562912362398,2.021583383821465e-05,0.004042274054453922,0.00033560331619701526,0.2021050409661214,3.552713678800501e-15
0.005623413251903491,100.0,1.0,8.302264254735775,16.600086769027943,0.00029501741591318926,2.4493125466605883e-05,0.0048973147025333464,0.0004065880079903457,0.24485302154458663,3.469446951953614e-18
0.006812920690579608,100.0,1.0,8.302173074449078,16.598964871582552,0.0003574448449853265,2.9675689676378022e-05,0.005933214425439705,0.0004925857304781837,0.29664206053070447,3.552713678800501e-15
0.008254041852680182,100.0,1.0,8.302062609487193,16.597605673345782,0.0004330882059816022,3.595525401489747e-05,0.0071882272646593874,0.000596771128024251,0.35938397344660206,1.7763568394002505e-15
0.01,100.0,1.0,8.30192878176672,16.595958984042962,0.0005247480916420022,4.356421285179898e-05,0.008708697805845485,0.0007229898896605731,0.435394688359284,1.7763568394002505e-15
0.012115276586285877,100.0,1.0,8.301766651118806,16.593963999299984,0.0006358198661941314,5.2784281612892614e-05,0.010550771969665149,0.0008759004688132523,0.5274795914943395,3.552713678800501e-15
0.01467799267622069,100.0,1.0,8.301570233187698,16.59154705665445,0.0007704205861506192,6.395700605022999e-05,0.0127824694085333,0.0010611456754851243,0.6390368624636701,3.552713678800501e-15
0.01778279410038923,100.0,1.0,8.301332278928301,16.588618917457854,0.0009335432893570918,7.749653041716928e-05,0.015486193870094884,0.0012855604105156027,0.7741825747608343,4.4825254619240695e-15
0.021544346900318822,100.0,1.0,8.30104400763529,16.585071474643858,0.0011312446864402456,9.390511925544064e-05,0.018761773979922552,0.0015574231146864381,0.9379021219519355,1.4144935223114885e-14
0.026101572156825358,100.0,1.0,8.300694783755674,16.580773765302613,0.0013708736808152819,0.00011379204011531351,0.022730146362405855,0.0018867600734442528,1.1362334742629228,4.465525171859497e-14
0.03162277660168379,100.0,1.0,8.300271725712657,16.575567141576414,0.001661349884743946,0.00013789655474856155,0.027537816560223513,0.00228571360182685,1.3764889047247886,1.409219962944519e-13
0.03831186849557285,100.0,1.0,8.299759232534273,16.569259422674893,0.0020135034897664304,0.00016711594178928907,0.033362261670401204,0.002768987393171367,1.6675231844343434,4.445679935294322e-13
0.046415888336127774,100.0,1.0,8.299138411156537,16.56161781372155,0.0024404906243856764,0.00020253969482906568,0.040418472999046245,0.003354385017866781,2.020057874082887,6.938893903907228e-18
0.05623413251903491,100.0,1.0,8.298386383767719,16.552360332410434,0.0029583018713238655,0.00024549131968068527,0.048966878546196704,0.004063460781833663,2.4470732800941972,3.552713678800501e-15
0.06812920690579609,100.0,1.0,8.297475450369564,16.54114543051642,0.0035863861716056936,0.0002975795121444313,0.05932293523452279,0.004922305987523166,2.964281952065531,1.3877787807814457e-17
0.08254041852680181,100.0,1.0,8.296372076739342,16.527559432424265,0.004348418254735353,0.00036076095786570007,0.07186874114217714,0.005962498172023664,3.59070032731692,1.7763568394002505e-15
0.1,100.0,1.0,8.295035672043863,16.51110133482515,0.005273245492046126,0.00043741759463967106,0.08706709068258349,0.00722224623073108,4.3493383404842,3.608224830031759e-16
0.12115276586285877,100.0,1.0,8.293417113346393,16.49116441819727,0.0063960603574014,0.0005304519642606923,0.10547848298262008,0.008747770558578777,5.268030563994523,2.192690473634684e-15
0.1467799267622069,100.0,1.0,8.291456966007754,16.46701400879045,0.007759858487118908,0.0006434053270825646,0.12778169841361853,0.010594964534398992,6.380436777335859,1.2073675392798577e-14
0.1778279410038923,100.0,1.0,8.28908333937249,16.43776059645358,0.009417261098344001,0.0007806046207280395,0.15479868340887418,0.012831391876012956,7.727244802407049,6.689093723366568e-14
0.21544346900318823,100.0,1.0,8.286209306030146,16.402327355377935,0.011432806377072696,0.0009473462659574058,0.18752463278739878,0.015538683573128296,9.357613970247836,3.6895486665855515e-13
0.2610157215682536,100.0,1.0,8.2827298002814,16.359410928213915,0.013885850561244877,0.0011501274824587714,0.22716433541917477,0.018815408105375183,11.330903606741426,1.7763568394002505e-15
0.31622776601683794,100.0,1.0,8.278517897246909,16.30743411587904,0.01687427064226508,0.0013969395151497957,0.2751760567522497,0.022780499107173308,13.718737220645199,1.7763568394002505e-15
0.3831186849557285,100.0,1.0,8.273420358526238,16.244488863605586,0.020519234313724318,0.0016976425091253693,0.3333244732990083,0.027577334833870502,16.60745921552194,5.551115123125783e-17
0.46415888336127775,100.0,1.0,8.267252313898382,16.1682676485387,0.024971410637748236,0.0020644495237623077,0.4037444507526799,0.03337857244708724,20.1010461644217,5.551115123125783e-17
0.5623413251903491,100.0,1.0,8.25979093213283,16.075981060585228,0.030419155397923843,0.002512558639189108,0.4890177660560226,0.04039184509721389,24.32453767315379,4.440892098500626e-16
0.6812920690579608,100.0,1.0,8.250767919048604,15.964259040424025,0.03709944836008621,0.0030609893834379963,0.5922652038772506,0.048866427437192,29.428050446509634,5.995204332975845e-15
0.8254041852680182,100.0,1.0,8.239860669962274,15.829032928341537,0.04531273559260301,0.003733706278578892,0.7172567837685466,0.05910095962838082,35.59142979331865,9.114931032172535e-14
1.0,100.0,1.0,8.226681900402617,15.665395249190569,0.05544342337624774,0.004561154075857367,0.8685431411571327,0.07145228139076218,43.029569615829836,3.552713678800501e-15
1.2115276586285877,100.0,1.0,8.210767589171994,15.467434138304816,0.06798872869496018,0.0055823964999758705,1.0516111832363713,0.0863453501972801,51.99838528595145,1.7763568394002505e-14
1.4677992676220675,100.0,1.0,8.191563099914468,15.22803974480964,0.08360017925770853,0.006848161435536801,1.273066852409596,0.10428407451922705,62.801337578111465,1.7763568394002505e-15
1.7782794100389228,100.0,1.0,8.16840741332981,14.938681307908828,0.10314476183696439,0.008425284372351976,1.5408467256625678,0.1258626381670708,75.79625234670489,3.219646771412954e-14
2.154434690031882,100.0,1.0,8.140515518765186,14.589156829487948,0.12779747453430904,0.010403373247055415,1.8644573983935266,0.15177644385699068,91.40191089590351,1.7763568394002505e-15
2.6101572156825332,100.0,1.0,8.106959203630582,14.16732427239283,0.15918569683635947,0.01290511950053872,2.2552353866075223,0.18283101273811225,110.1034094002265,1.7763568394002505e-15
3.1622776601683795,100.0,1.0,8.066646771037139,13.65883800014941,0.19962217300624105,0.016102815573082116,2.726606922330045,0.2199457492590117,132.4544261601434,4.440892098500626e-16
3.831186849557285,100.0,1.0,8.018302645923626,13.04694545570139,0.2524957593661119,0.0202458741540979,3.2942984002455655,0.2641468157915099,159.07293060022633,4.440892098500626e-16
4.641588833612772,100.0,1.0,7.960448437911863,12.312466661236819,0.3229560715576623,0.025708751553453445,3.97638586409773,0.31653814640391587,190.62372735538693,1.0658141036401503e-14
5.623413251903491,100.0,1.0,7.891387854172512,11.434230050598613,0.4191739857632638,0.03307864500037302,4.792931784443506,0.3782288366963487,227.77472940764653,1.7763568394002505e-15
6.812920690579608,100.0,1.0,7.8091989232054475,10.390588397255863,0.5547934889332189,0.043324927163786865,5.764630788982603,0.4501714854999991,271.09960518192935,8.881784197001252e-16
8.254041852680173,100.0,1.0,7.711738290543639,9.163476614110312,0.7539826280227424,0.05814516702927704,6.909102179331835,0.5328118782963182,320.8668129700417,1.7763568394002505e-15
10.0,100.0,1.0,7.596663798264357,7.748450264840303,1.0623559808926661,0.08070361220916938,8.231612481502458,0.6253279253957076,376.581278789173,3.552713678800501e-15
12.115276586285876,100.0,1.0,7.461482956554981,6.177958435054676,1.5706505281380578,0.11719382146406199,9.703413678833597,0.7240185578501935,436.01416682260685,3.375077994860476e-14
14.677992676220676,100.0,1.0,7.303635864449351,4.5649680004288085,2.4580434611208446,0.17952654379017413,11.22088974367993,0.8195329276297262,493.53426476411045,1.7763568394002505e-14
17.78279410038923,100.0,1.0,7.1206209985173725,3.129196114512284,4.020327275009592,0.28627226815345425,12.580392488027774,0.8958020691984078,539.4646153812073,1.7763568394002505e-15
21.54434690031882,100.0,1.0,6.9101701634392025,2.0726633893753834,6.558421530184369,0.4531980877713731,13.593400197704424,0.9393270846586566,565.6759923494866,3.552713678800501e-15
26.10157215682533,100.0,1.0,6.6704737341681435,1.3962938876317759,10.21133120666888,0.6811441660497626,14.258019348455365,0.951077435651327,572.7522191152134,3.552713678800501e-15
31.622776601683793,100.0,1.0,6.40044823132804,0.9771043663130302,15.032352365174546,0.9621379310838131,14.688177131968056,0.9401091734573791,566.1469772327594,3.552713678800501e-15
38.31186849557285,100.0,1.0,6.10002515528372,0.7091582156362327,21.126890409935363,1.2887456295352808,14.982307905052,0.9139245510502333,550.3782290444311,2.842170943040401e-14
46.41588833612773,100.0,1.0,5.770424379821508,0.5298408209442087,28.68508721907113,1.6552512662623438,15.198530161008875,0.8770196897853811,528.1536021179099,0.0
56.23413251903491,100.0,1.0,5.41436115362872,0.40467965052874205,37.977198798825235,2.0562226989999464,15.368599537969159,0.832111483240565,501.1092480087064,1.7763568394002505e-15
68.12920690579608,100.0,1.0,5.036129049418475,0.3142693473659174,49.35262375961535,2.485461821808193,15.510016859729983,0.781104464642565,470.392103434197,1.4210854715202004e-14
82.54041852680173,100.0,1.0,4.641508822688273,0.24716950804673368,63.24660080662028,2.935596556489713,15.632631207000484,0.7255899566912477,436.9604853236998,1.7763568394002505e-15
100.0,100.0,1.0,4.237479012192629,0.19630230188724185,80.1927602454499,3.3981513846988936,15.742023430873514,0.6670649389777111,401.71589585845874,2.842170943040401e-14
121.15276586285876,100.0,1.0,3.831745319030079,0.15709260939732153,100.8405160471935,3.8639517533241126,15.841299798826103,0.6069982635150405,365.5428983963146,1.7763568394002505e-15
146.77992676220674,100.0,1.0,3.4321510194952163,0.1264681163107291,125.97727391574746,4.323730291031608,15.93210853008533,0.546814025342408,329.2991030154188,2.842170943040401e-14
177.82794100389228,100.0,1.0,3.0460635637949363,0.10229728175217409,156.55605079376096,4.768796820145045,16.015258438057042,0.4878349519292497,293.78107481657753,3.552713678800501e-15
215.44346900318823,100.0,1.0,2.679839552822073,0.0830597046158414,193.72949831474332,5.191639721322263,16.091114905397724,0.43121606172489635,259.6843821680174,3.552713678800501e-15
261.0157215682533,100.0,1.0,2.338448346319651,0.06764513436288776,238.8916189187754,5.586357112102346,16.15985565992834,0.37788987744723684,227.570603376641,0.0
316.22776601683796,100.0,1.0,2.0252928341562275,0.05522656348971005,293.72873488902405,5.948867019565147,16.221628626100898,0.32853548214785677,197.84869181488605,1.7763568394002505e-15
383.1186849557285,100.0,1.0,1.7422206055252902,0.04517754845631236,360.2815720463445,6.276899786101858,16.27663817904012,0.28357494424203333,170.77282302346762,5.1514348342607263e-14
464.1588833612773,100.0,1.0,1.4896845467881006,0.037016812259760674,441.02069239899294,6.569817102805681,16.325180173203183,0.24319368627552268,146.45466106944778,7.105427357601002e-14
562.341325190349,100.0,1.0,1.2669958885908514,0.030370179232085334,538.937982616043,6.828322081799743,16.367643127027716,0.20737736547866423,124.8855685350481,1.1368683772161603e-13
681.2920690579608,100.0,1.0,1.0726137531891633,0.024943819692849156,657.6574974394995,7.054124766415741,16.40449003578128,0.17595681626433593,105.96367152252883,7.105427357601002e-15
825.4041852680173,100.0,1.0,0.9044272134634058,0.020505056719262876,801.5696852844129,7.249614368585208,16.43623186119858,0.14865375382062282,89.52138300101785,1.1368683772161603e-13
1000.0,100.0,1.0,0.7600018130358641,0.01686834321661585,975.9939062885654,7.41757138291265,16.463400188601128,0.12512213992071847,75.35031387949819,1.1368683772161603e-13
1211.5276586285877,100.0,1.0,0.636777280712122,0.013884847140715242,1187.375217184155,7.560935619834916,16.486523389275554,0.10498243532219685,63.221900283786546,1.7763568394002505e-15
1467.7992676220676,100.0,1.0,0.5322142390950436,0.011434602627903226,1443.5226783144017,7.682633238555387,16.50610821089176,0.08784785821880209,52.9032167658149,0.0
1778.2794100389228,100.0,1.0,0.4438945601192862,0.00942051777193881,1753.897982152141,7.785457732815282,16.52262711103186,0.0733430429346648,44.1682128319275,3.552713678800501e-15
2154.4346900318824,100.0,1.0,0.3695833297907376,0.007763747392525702,2129.9650672884723,7.87199581906426,16.536510737331707,0.06111618701423338,36.80502809141975,1.7763568394002505e-15
2610.157215682533,100.0,1.0,0.30726122294004354,0.006400084034009895,2585.613637013237,7.9445880815914105,16.548144556366676,0.0508460313377785,30.620195780347323,3.552713678800501e-15
3162.2776601683795,100.0,1.0,0.2551354722916359,0.005277118619796343,3137.6722317478275,8.005314867433333,16.557868556974405,0.04224499614426493,25.44053131864207,3.552713678800501e-15
3831.1868495572853,100.0,1.0,0.21163631425720436,0.004351989837159187,3806.529811481263,8.055999394120654,16.565979054409933,0.03505962749137366,21.11340117462179,1.7763568394002505e-15
4641.588833612773,100.0,1.0,0.17540430530972312,0.0035895886769613024,4616.888810784232,8.098221745478419,16.572731797980413,0.029069285081091127,17.50593265508988,3.552713678800501e-15
5623.413251903491,100.0,1.0,0.14527250545170792,0.002961118197061432,5598.677483297801,8.133339052147342,16.57834577527122,0.02408377827018387,14.503590277567659,9.094947017729282e-13
6812.920690579608,100.0,1.0,0.12024634454440056,0.00244293283026649,6788.155234309445,8.162508531256497,16.58300727883986,0.019940460068336805,12.008425735068347,9.094947017729282e-13
8254.041852680173,100.0,1.0,0.0994830560907047,0.002015599280964752,8229.25176645705,8.186711150669773,16.586873943348746,0.016501129108756115,9.937212219186268,1.8189894035458565e-12
10000.0,100.0,1.0,0.08227186565963661,0.0016631341764285865,9975.189497959384,8.206774503055323,16.590078570407766,0.013648967154274036,8.219600143165488,3.552713678800501e-15
12115.276586285852,100.0,1.0,0.06801562081473699,0.001372383473884909,12090.449173932646,8.223394064940528,16.59273263815061,0.011285650113967625,6.796377355442307,1.8189894035458565e-12
14677.992676220676,100.0,1.0,0.05621420453812346,0.0011325160811644808,14653.15126564127,8.23715242374821,16.594929448074403,0.009328707582897828,5.617879017309009,1.7763568394002505e-15
17782.794100389227,100.0,1.0,0.046449846162559184,0.0009346098625699186,17757.941108001047,8.248536326304343,16.596746898473565,0.007709163402330284,4.642566715067349,0.0
21544.34690031878,100.0,1.0,0.0383743004559388,0.0007713126226804488,21519.484329386538,8.257951573127457,16.598249896829948,0.0063694622858370764,3.835779845082223,0.0
26101.572156825332,100.0,1.0,0.031697781373122506,0.0006365641118607114,26076.701666834033,8.265735883674445,16.59949243680494,0.005261670821666436,3.1686522320860138,3.552713678800501e-15
31622.776601683792,100.0,1.0,0.026179493018639772,0.0005253678124140939,31597.899566468823,8.272169911040512,16.600519372115972,0.004345931810081044,2.617181309366964,3.552713678800501e-15
38311.86849557277,100.0,1.0,0.021619582684049773,0.0004336034155144876,38286.98605189773,8.277486606720634,16.6013679218584,0.0035891464645494923,2.1614345217773394,0.0
46415.888336127726,100.0,1.0,0.01785233964396081,0.0003578726139059425,46391.00142419012,8.281879138481118,16.60206894138922,0.0029638577353413324,1.784876847484033,8.812506280264643e-12
56234.13251903491,100.0,1.0,0.014740471980705517,0.0002953722097090664,56209.24191618016,8.285507555221518,16.602647990853608,0.0024473086751469436,1.4738037324904008,8.137490681292547e-12
68129.20690579595,100.0,1.0,0.012170307548396483,0.0002437896432273949,68104.31325453705,8.288504376800509,16.60312623057033,0.002020651524908897,1.2168647909910026,4.581224288813246e-12
82540.41852680173,100.0,1.0,0.010047781353229117,0.00020121694312543972,82515.52235807791,8.290979269014555,16.603521169291312,0.0016682855040275016,1.0046650133121162,2.5792701308091637e-12
100000.0,100.0,1.0,0.00829508827541772,0.0001660798238468978,99975.10175246428,8.293022943805601,16.603847288124953,0.001377303789665516,0.8294317290647171,1.4512835377900046e-12
0.0001,100.0,10.0,8.30268766968121,16.605328258194465,3.470500761460629e-05,2.881448387979842e-06,5.762880436436759e-05,4.784739634145057e-06,0.002881437557677243,3.552713678800501e-15
0.00012115276586285888,100.0,10.0,8.302686048072083,16.60531505602623,4.204609811200961e-05,3.490955521704521e-06,6.981887060265093e-05,5.796841628447799e-06,0.003490939624994027,3.552713678800501e-15
0.0001467799267622069,100.0,10.0,8.302684083448556,16.605299061244835,5.0940042349066985e-05,4.229390788217938e-06,8.458746373987341e-05,7.023029888523289e-06,0.004229367455037435,3.552713678800501e-15
0.00017782794100389227,100.0,10.0,8.302681703253965,16.605279683140296,6.171531654528524e-05,5.124026294910665e-06,0.00010248000919679972,8.50858897307567e-06,0.005123992046484553,6.1790037062664505e-15
0.00021544346900318845,100.0,10.0,8.302678819584072,16.605256206053443,7.47698809262655e-05,6.2079030670932775e-06,0.0001241573029276747,1.0308382093142884e-05,0.006207852797276988,1.0987901127162969e-14
0.0002610157215682536,100.0,10.0,8.302675325940719,16.605227762946807,9.058587854223964e-05,7.5210513865131575e-06,0.0001504199145300525,1.2488877128987787e-05,0.0075209776005109134,1.953949155253376e-14
0.00031622776601683794,100.0,10.0,8.302671093298798,16.605193303385477,0.00010974744377486603,9.111969289930154e-06,0.00018223775184340795,1.5130601143380228e-05,0.009111860986885267,3.47464028035982e-14
0.00038311868495572853,100.0,10.0,8.302665965341385,16.605151554745838,0.00013296227854267,1.1039413847304672e-05,0.00022078587862653658,1.8331114001005394e-05,0.011039254880166126,6.178808549875403e-14
0.00046415888336127773,100.0,10.0,8.302659752686989,16.60510097521999,0.00016108779345833332,1.3374571393956584e-05,0.0002674879076251007,2.2208610849693783e-05,0.013374338062091916,3.4193405485521966e-14
0.0005623413251903491,100.0,10.0,8.302652225895844,16.605039696880528,0.00019516278032964568,1.6203686925159543e-05,0.0003240685714727341,2.690628646280982e-05,0.016203344440792324,3.552713678800501e-15
0.0006812920690579609,100.0,10.0,8.30264310699708,16.604965456705166,0.00023644578600390628,1.963124975343839e-05,0.00039261741089783653,3.259762240277963e-05,0.019630747055086835,3.552713678800501e-15
0.0008254041852680181,100.0,10.0,8.30263205922378,16.604875513013607,0.0002864616071751067,2.3783853234688095e-05,0.00047566593264004517,3.9492792218178185e-05,0.023783115374330165,1.7763568394002505e-15
0.001,100.0,10.0,8.302618674577234,16.60476654423422,0.00034705762460452723,2.8814871151959633e-05,0.0005762810833954653,4.78464208480479e-05,0.028813788120914303,1.7763568394002505e-15
0.0012115276586285877,100.0,10.0,8.302602458761124,16.604634526264256,0.00042047206076524914,3.491012365549914e-05,0.0006981784897512138,5.7966984456625554e-05,0.03490853398305312,3.552713678800501e-15
0.0014677992676220691,100.0,10.0,8.30258281292975,16.604474583899307,0.0005094166862272303,4.229474223689829e-05,0.0008458596419074253,7.022819725051501e-05,0.04229240891636464,3.552713678800501e-15
0.0017782794100389228,100.0,10.0,8.302559011576669,16.604280810852,0.0006171770359594962,5.124148761643694e-05,0.001024778081508078,8.508280495491141e-05,0.0512380627694102,7.105427357601002e-15
0.002154434690031882,100.0,10.0,8.3025301757479,16.60404605172318,0.0007477338465061137,6.208082824045058e-05,0.0012415407221819624,0.00010307929310335583,0.062075801250970605,1.0658141036401503e-14
0.0026101572156825357,100.0,10.0,8.30249524059156,16.60376163788842,0.0009059102132961503,7.521315234294573e-05,0.0015041517246897936,0.00012488212535364596,0.07520577372876208,2.3092638912203256e-14
0.0031622776601683794,100.0,10.0,8.302452916047008,16.603417067567925,0.001097549923959247,9.112356566682621e-05,0.001822307913997284,0.0001512962565450229,0.09111273533751992,1.2434497875801753e-14
0.003831186849557285,100.0,10.0,8.302401639224481,16.602999618296618,0.0013297335847695531,0.00011039982293922582,0.0022077566200365086,0.00018329682181199804,0.11038392618124905,3.552713678800501e-15
0.004641588833612777,100.0,10.0,8.302339516719197,16.602493877530115,0.0016110405675903703,0.00013375405767343258,0.0026747291159871763,0.0002220650923617974,0.13373072440851447,8.673617379884035e-19
0.005623413251903491,100.0,10.0,8.302264254735775,16.601881174120987,0.0019518665181836009,0.00016204911623931285,0.00324046560026294,0.00026903201721763915,0.16201486766313666,3.552713678800501e-15
0.006812920690579608,100.0,10.0,8.30217307444908,16.601138889771608,0.002364808249936946,0.00019633047378861564,0.003925851020488097,0.0003259309463659473,0.19628020370557453,3.552713678800501e-15
0.008254041852680182,100.0,10.0,8.302062609487193,16.600239625185445,0.0028651303815417782,0.0002378649181190377,0.004756185089099252,0.00039486146392011406,0.23779113164265883,0.0
0.01,100.0,10.0,8.301928781766721,16.599150190342797,0.0034713311633692546,0.0002881874409621897,0.005762114734118365,0.00047836666155019346,0.2880791370746545,1.734723475976807e-18
0.012115276586285877,100.0,10.0,8.301766651118806,16.597830381935804,0.0042058286992675865,0.0003491580843589803,0.006980763136592109,0.0005795266660671989,0.3489991157230188,3.552713678800501e-15
0.01467799267622069,100.0,10.0,8.301570233187697,16.596231503289058,0.005095793361931443,0.0004230308648788552,0.008457096632753788,0.0007020718166566073,0.42279753035350026,3.552713678800501e-15
0.01778279410038923,100.0,10.0,8.3013322789283,16.594294572805605,0.006174157812121989,0.0005125373554096559,0.010245579347334126,0.0008505195855234591,0.5121948663159129,3.552713678800501e-15
0.021544346900318822,100.0,10.0,8.301044007635289,16.591948155803706,0.007480842903957828,0.0006209880615996011,0.012412175762418032,0.0010303401723433618,0.6204853548534385,3.469446951953614e-18
0.026101572156825358,100.0,10.0,8.300694783755668,16.58910574118324,0.009064246190849834,0.0007523954107506441,0.01503677385241253,0.001248156702812343,0.7516575354873418,3.552713678800501e-15
0.03162277660168379,100.0,10.0,8.300271725712648,16.585662568260123,0.010983050119637659,0.0009116230037011338,0.018216116325459917,0.0015119871528850753,0.9105399461985564,6.938893903907228e-18
0.03831186849557285,100.0,10.0,8.299759232534237,16.58149178984217,0.013308419798356305,0.0011045668009184917,0.022067345362221803,0.0018315365340762198,1.1029770815289532,3.469446951953614e-17
0.046415888336127774,100.0,10.0,8.299138411156536,16.576439834637544,0.016126676067263524,0.0013383751679410553,0.0267322875561683,0.002218549544754782,1.3360417641547218,1.1102230246251565e-16
0.05623413251903491,100.0,10.0,8.298386383767719,16.57032080476678,0.019542549297411844,0.0016217162499375184,0.03238263112010839,0.0026872358515768026,1.6182912553513975,3.5388358909926865e-16
0.06812920690579609,100.0,10.0,8.297475450369564,16.562909711822524,0.023683143935894952,0.0019651030539565716,0.03922617747023252,0.0032547824457109403,1.9600758031248342,3.552713678800501e-15
0.08254041852680181,100.0,10.0,8.296372076739345,16.553934316891937,0.028702774695207652,0.0023812889850626144,0.047514384701701544,0.003941970144826478,2.373909908386263,3.5388358909926865e-15
0.1,100.0,10.0,8.295035672043863,16.543065295556975,0.03478887428652631,0.002885749531969852,0.05755146188809278,0.004773914293400024,2.874918385103088,1.1046719095020308e-14
0.12115276586285877,100.0,10.0,8.293417113346395,16.529904397562643,0.04216922219676962,0.0034972694902319582,0.06970532114321784,0.005780953032604691,3.481371288929432,3.466671394392051e-14
0.1467799267622069,100.0,10.0,8.29145696600775,16.513970212301167,0.05112080756501479,0.004238659759928836,0.08442074933574344,0.00699971010155444,4.215323951075473,3.4611202792689255e-14
0.1778279410038923,100.0,10.0,8.289083339372498,16.494681085708773,0.06198072132890643,0.005137633645297279,0.10223522317824993,0.008474362851438606,5.103380594267826,3.552713678800501e-15
0.21544346900318823,100.0,10.0,8.286209306030177,16.471334662698442,0.07515957986224535,0.006227880100918557,0.12379785930188536,0.01025814973813897,6.177602166023002,1.7763568394002505e-15
0.2610157215682536,100.0,10.0,8.2827298002814,16.44308345442544,0.09115812321806901,0.007550381037160239,0.14989206276235062,0.012415154550673714,7.4765808261311655,1.7763568394002505e-15
0.31622776601683794,100.0,10.0,8.27851789724691,16.40890575646033,0.11058781840026499,0.009155032338440849,0.18146250899424982,0.015022406283882253,9.046704519544743,1.7763568394002505e-15
0.3831186849557285,100.0,10.0,8.273420358526238,16.367571181131698,0.13419654968673747,0.011102644662222317,0.21964715792599523,0.01817233268077357,10.943634534116658,1.1102230246251565e-16
0.46415888336127775,100.0,10.0,8.267252313898384,16.317600029720282,0.1629008195680011,0.013467421775095,0.2658150418224273,0.021975600195754574,13.23401576643176,2.220446049250313e-16
0.5623413251903491,100.0,10.0,8.259790932132828,16.25721574206939,0.19782635240403798,0.016340043117237864,0.3216105690499093,0.0265643606191652,15.99743188480136,1.7763568394002505e-15
0.6812920690579608,100.0,10.0,8.250767919048602,16.184289761298423,0.24035964235606927,0.01983151626185452,0.38900500988126824,0.03209590055877552,19.328603098390886,6.772360450213455e-15
0.8254041852680182,100.0,10.0,8.239860669962278,16.09627840081566,0.29221389642182166,0.024078017923425992,0.47035562293927524,0.03875664798352941,23.33979895425843,3.419486915845482e-14
1.0,100.0,10.0,8.226681900402614,15.990151795061347,0.3555141085051133,0.029247014817767862,0.5684724560282672,0.04676642064885166,28.163396798875524,1.7763568394002505e-15
1.2115276586285877,100.0,10.0,8.21076758917198,15.862315901567237,0.4329078324588422,0.035545055998517545,0.6866920794724898,0.05638269069873829,33.954449981534474,1.7763568394002505e-15
1.4677992676220675,100.0,10.0,8.191563099914477,15.708530024954431,0.5277108533044989,0.04322776753353515,0.8289561783628043,0.06790446842122871,40.89302670656143,8.881784197001252e-15
1.7782794100389228,100.0,10.0,8.168407413329838,15.523824792868961,0.6441007571713204,0.05261277399809575,0.9998907303281814,0.08167514854132503,49.185924110976806,2.6645352591003757e-14
2.154434690031882,100.0,10.0,8.140515518765188,15.302429432422425,0.7873769110783366,0.06409653963750596,1.2048779618494994,0.09808327746654019,59.067130310564124,4.440892098500626e-16
2.6101572156825332,100.0,10.0,8.106959203630579,15.037723296207608,0.9643133502516131,0.07817648990006153,1.450107733192269,0.1175596423385894,70.79607138582409,3.552713678800501e-15
3.1622776601683795,100.0,10.0,8.066646771037139,14.722235854188165,1.183642576907362,0.09548026571071849,1.7425865184289235,0.14056829912137525,84.65220837027061,1.7763568394002505e-15
3.831186849557285,100.0,10.0,8.018302645923624,14.3477330079599,1.456724598734568,0.11680458704415417,2.0900695608771103,0.1675881029014536,100.92391453739181,1.7763568394002505e-15
4.641588833612772,100.0,10.0,7.960448437911862,13.90544672244982,1.7984779726445592,0.14316691167957274,2.5008639630108482,0.19907998627779777,119.88876998637667,5.329070518200751e-15
5.623413251903491,100.0,10.0,7.8913878541725095,13.386529669127023,2.2286785786295553,0.17587367066251727,2.983427191577239,0.23543381103420621,141.78155497112311,2.6645352591003757e-14
6.812920690579608,100.0,10.0,7.80919892320545,12.782843306756547,2.7737645353693297,0.21660879022831636,3.5456597425464516,0.27688762243546666,166.74562370081142,4.263256414560601e-14
8.254041852680173,100.0,10.0,7.711738290543638,12.088203960182247,3.469310959446322,0.2675441816776489,4.19377384790827,0.32341286364794736,194.7637788482626,1.5987211554602254e-14
10.0,100.0,10.0,7.596663798264356,11.30018547205571,4.363327481156506,0.33146731916073624,4.930640981238618,0.3745642184441405,225.56784471300023,3.552713678800501e-15
12.115276586285876,100.0,10.0,7.461482956554979,10.422447429871111,5.520427581310109,0.4119057631084141,5.753636625661514,0.42930661620583893,258.5344871990859,0.0
14.677992676220676,100.0,10.0,7.303635864449334,9.46724047761066,7.026642127595313,0.513200354497557,6.652291077205464,0.48585911692234124,292.59119916356366,0.0
17.78279410038923,100.0,10.0,7.12062099851737,8.45720493384397,8.994167764046198,0.6404405984485538,7.606551998991189,0.5416337389033093,326.17946160408167,2.4868995751603507e-14
21.54434690031882,100.0,10.0,6.910170163439206,7.425051418972853,11.564856391727464,0.7991512558257432,8.586965336161327,0.5933739166042872,357.3381249103519,3.552713678800501e-15
26.10157215682533,100.0,10.0,6.6704737341681515,6.409854047628542,14.91137610615154,0.9946594265638642,9.557974448972697,0.637562175137227,383.9489161928154,8.881784197001252e-15
31.622776601683793,100.0,10.0,6.400448231328062,5.450185240787887,19.236358033223805,1.2312131375094066,10.484171463918788,0.6710339670317915,404.1061004206648,2.842170943040401e-14
38.31186849557285,100.0,10.0,6.100025155283715,4.576618912250603,24.77199859059233,1.5110981454926593,11.337199724395013,0.6915720350928518,416.4744141008813,7.105427357601002e-15
46.41588833612773,100.0,10.0,5.770424379821508,3.8070441355672675,31.783499023541747,1.834042776414784,12.100118356538257,0.6982281796329413,420.48283803481377,0.0
56.23413251903491,100.0,10.0,5.414361153628721,3.14643934811935,40.57813444704761,2.1970467483681806,12.767663889746782,0.6912874338723316,416.3030232398372,7.105427357601002e-15
68.12920690579608,100.0,10.0,5.036129049418476,2.5899868473942416,51.51922826096516,2.594574820486679,13.343412358380146,0.6719914659640777,404.6827197554425,1.4210854715202004e-14
82.54041852680173,100.0,10.0,4.641508822688272,2.127199197202071,65.04323935886154,3.018987693403809,13.835992654759243,0.6421988197771515,386.74116886038786,1.4210854715202004e-14
100.0,100.0,10.0,4.237479012192629,1.7453642302647372,81.67884945545111,3.461124103075154,14.25593422087228,0.6040922206014495,363.79283844829007,1.4210854715202004e-14
121.15276586285876,100.0,10.0,3.8317453190300794,1.4317567644922256,102.06814075019585,3.9109912054166625,14.613675095823748,0.5599588114224909,337.2150782188536,3.552713678800501e-15
146.77992676220674,100.0,10.0,3.432151019495217,1.1747768928805902,126.99079704780745,4.358515935541425,14.918585398025286,0.5120283808325894,308.3506982488739,1.7763568394002505e-15
177.82794100389228,100.0,10.0,3.046063563794937,0.9643815873033774,157.39265170381654,4.794280215640627,15.178657528001423,0.46235155643366865,278.43461534486363,3.552713678800501e-15
215.44346900318823,100.0,10.0,2.6798395528220733,0.7921277654073452,194.4200604191248,5.210145677732279,15.400552801016238,0.4127101053148809,248.53983472806368,2.842170943040401e-14
261.0157215682533,100.0,10.0,2.338448346319651,0.6510351187699424,239.4616783576608,5.599687657624,15.589796221042942,0.3645593319255821,219.54276122274172,3.552713678800501e-15
316.22776601683796,100.0,10.0,2.025292834156228,0.535385303177025,294.1993620505337,5.9583985977427965,15.751001464591235,0.3190039039702088,192.10864126981204,3.552713678800501e-15
383.1186849557285,100.0,10.0,1.7422206055252827,0.4405152634397004,360.6701400495103,6.283669497919464,15.888070175874365,0.27680523242440025,166.69600727642543,8.526512829121202e-14
464.1588833612773,100.0,10.0,1.4896845467880986,0.36262952680869065,441.3415257092973,6.574596507050225,16.004346862898807,0.23841428203096934,143.57643655848364,6.039613253960852e-14
562.341325190349,100.0,10.0,1.2669958885908512,0.29863953514036795,539.2028955361451,6.831678517605781,16.102730206925475,0.20402092967262284,122.86427564745955,2.3092638912203256e-14
681.2920690579608,100.0,10.0,1.0726137531891633,0.24603031469166628,657.8762376964189,7.0564710044952195,16.18574977886194,0.17361057818485773,104.55073392541986,8.881784197001252e-15
825.4041852680173,100.0,10.0,0.9044272134634057,0.20275164006767946,801.7502983540088,7.251247882337704,16.25561879160266,0.1470202400681257,88.5376580259245,1.7763568394002505e-15
1000.0,100.0,10.0,0.7600018130358642,0.16712993280204516,976.1430345010324,7.418704760031147,16.3142719761342,0.12398876280222185,74.6677782253232,0.0
1211.5276586285877,100.0,10.0,0.6367772807121219,0.1377972032417526,1187.498345487196,7.561719672894806,16.363395086234412,0.10419838226230445,62.74973249478846,2.2737367544323206e-13
1467.7992676220676,100.0,10.0,0.5322142390950437,0.11363378720579885,1443.6243364598542,7.683174277680687,16.404450065439164,0.08730681909350345,52.577395388893336,2.2737367544323206e-13
1778.2794100389228,100.0,10.0,0.44389456011928613,0.09372216392984178,1753.9819112416365,7.785830289477911,16.438698021536588,0.07297048627203762,43.94385396558582,1.7763568394002505e-15
2154.4346900318824,100.0,10.0,0.36958332979073766,0.0773096493212815,2130.0343571067833,7.872251902681982,16.46722091902067,0.0608601033965135,36.650810932195846,1.7763568394002505e-15
2610.157215682533,100.0,10.0,0.30726122294004354,0.06377819617951652,2585.670839364738,7.944763842236183,16.49094220486594,0.05067027069300688,30.51435024605902,0.0
3162.2776601683795,100.0,10.0,0.2551354722916359,0.05261989322189933,3137.719454041607,8.005435348255594,16.510646263194566,0.04212451532200279,25.367976071587748,0.0
3831.1868495572853,100.0,10.0,0.2116363142572044,0.04341704405115659,3806.5687940342386,8.056081895358977,16.526996501434255,0.034977126253052576,21.0637177676174,4.547473508864641e-13
4641.588833612773,100.0,10.0,0.1754043053097231,0.03582593665410856,4616.920990687275,8.098278190413799,16.540551894938645,0.029012840145711368,17.47194072048528,0.0
5623.413251903491,100.0,10.0,0.1452725054517079,0.02956359498379232,5598.704047184565,8.133377642171189,16.551781888508337,0.024045188246338074,14.480350822014543,1.7763568394002505e-15
6812.920690579608,100.0,10.0,0.12024634454440056,0.024396946686943036,6788.177161956106,8.162534898450051,16.56107963217674,0.019914092874779788,11.992547039963695,9.094947017729282e-13
8254.041852680173,100.0,10.0,0.09948305609070474,0.020133953393424227,8229.26986680438,8.186729157448463,16.568773596014978,0.016483122330065457,9.926368283595336,3.552713678800501e-15
10000.0,100.0,10.0,0.08227186565963661,0.01661633880239933,9975.20443887184,8.206786795222747,16.57513765794922,0.013636674986847818,8.21219762691687,3.552713678800501e-15
12115.276586285852,100.0,10.0,0.06801562081473699,0.01371362026199459,12090.461506781172,8.223402453204018,16.580399789625993,0.011277261850479463,6.79132582509654,3.552713678800501e-15
14677.992676220676,100.0,10.0,0.056214204538123466,0.011318205660017264,14653.161445608263,8.237158146335679,16.58474948108302,0.009322984995431377,5.614432794585571,3.552713678800501e-15
17782.794100389227,100.0,10.0,0.04644984616255917,0.009341362322822327,17757.949510850398,8.248540229414939,16.588344049123908,0.007705260291734094,4.640216206926139,3.552713678800501e-15
21544.34690031878,100.0,10.0,0.03837430045593881,0.0077099006504669455,21519.491265312947,8.257954234740698,16.591313970415406,0.006366800672595358,3.8341769841231916,3.552713678800501e-15
26101.572156825332,100.0,10.0,0.031697781373122506,0.006363444250074372,26076.707391899454,8.265737698393165,16.593767371385447,0.005259856102946296,3.1675593829287645,0.0
31622.776601683792,100.0,10.0,0.026179493018639765,0.005252181803536465,31597.90429204569,8.272171148172575,16.595793795256913,0.004344694678017134,2.616436291024206,3.552713678800501e-15
38311.86849557277,100.0,10.0,0.021619582684049777,0.004335014942209966,38286.98995246596,8.277487450007209,16.597467353618278,0.0035883031779736724,2.1609266827312785,3.552713678800501e-15
46415.888336127726,100.0,10.0,0.01785233964396079,0.003578031880178643,46391.00464377462,8.281879713252268,16.598849356894107,0.0029632829641821367,1.7845307122014866,8.821388064461644e-12
56234.13251903491,100.0,10.0,0.014740471980705504,0.0029532491730716796,56209.2445736654,8.285507946947378,16.599990505616113,0.002446916949280117,1.4735678296594645,8.130385253934946e-12
68129.20690579595,100.0,10.0,0.012170307548396476,0.002437574271715826,68104.31544805472,8.288504643758351,16.600932712899688,0.0020203845670622505,1.2167040252180532,4.5776715751344454e-12
82540.41852680173,100.0,10.0,0.010047781353229113,0.002011949967652109,82515.52416862904,8.29097945093477,16.601710618187003,0.0016681035838112513,1.0045554583971812,2.5774937739697634e-12
100000.0,100.0,10.0,0.00829508827541772,0.001660648731932734,99975.10324690922,8.293023067771127,16.602352843182395,0.0013771798241383035,0.8293570752792909,1.4495071809506044e-12
0.0001,1000.0,0.1,8.302694512436487,16.605291270350605,5.936835595520633e-07,4.929173232016676e-09,9.85828842878055e-05,8.185035723965238e-07,0.0004929143725534717,5.929860958818131e-13
0.00012115276586285888,1000.0,0.1,8.302694338257705,16.605270244208345,7.192649602938717e-07,5.971837113539082e-09,0.00011943589042869525,9.916396912470957e-07,0.000597179380389295,1.0544908723335647e-12
0.0001467799267622069,1000.0,0.1,8.3026941272353,16.60524477045561,8.714107258170781e-07,7.235056715651305e-09,0.00014469988397792962,1.2013988769151856e-06,0.0007234993145689162,1.875170645929819e-12
0.00017782794100389227,1000.0,0.1,8.302693871575828,16.605213908299767,1.0557401533603996e-06,8.765487301281916e-09,0.00017530791078130634,1.4555279164827143e-06,0.0008765393993168429,3.3345584865389355e-12
0.00021544346900318845,1000.0,0.1,8.302693561837392,16.60517651795283,1.2790612205854822e-06,1.0619653361350959e-08,0.00021239037345090135,1.763412186247038e-06,0.0010619516403479,2.4920932017221537e-12
0.0002610157215682536,1000.0,0.1,8.302693186580663,16.6051312185052,1.5496222664327206e-06,1.2866038233284634e-08,0.0002573168107323275,2.1364225312599617e-06,0.001286583720608299,3.552713678800501e-15
0.00031622776601683794,1000.0,0.1,8.302692731946827,16.605076336976463,1.8774164049506935e-06,1.5587611540221866e-08,0.00031174642720498185,2.588334795365193e-06,0.0015587316471694988,3.552713678800501e-15
0.00038311868495572853,1000.0,0.1,8.302692181145423,16.605009846489363,2.274550955899332e-06,1.888489643716223e-08,0.00037768941019050196,3.1358389128901073e-06,0.0018884463334109603,0.0
0.00046415888336127773,1000.0,0.1,8.302691513834386,16.604929291429467,2.7556946843934234e-06,2.2879682870831802e-08,0.0004575811538312084,3.7991551628049208e-06,0.0022879047159491952,3.552713678800501e-15
0.0005623413251903491,1000.0,0.1,8.302690705368752,16.60483169675264,3.3386198366677657e-06,2.77195278866612e-08,0.0005543722048730803,4.602780952714507e-06,0.002771859478469366,2.168404344971009e-19
0.0006812920690579609,1000.0,0.1,8.302689725890485,16.604713458111522,4.044858907655708e-06,3.358320849526965e-08,0.0006716372314011299,5.576395540679693e-06,0.003358183887940942,1.7763568394002505e-15
0.0008254041852680181,1000.0,0.1,8.302688539225777,16.604570208741,4.900500471326914e-06,4.068732909975649e-08,0.0008137070413411608,6.755956126430571e-06,0.004068531876174925,1.0842021724855044e-19
0.001,1000.0,0.1,8.302687101549113,16.604396658186346,5.937153554096488e-06,4.929432823351338e-08,0.0009858285263277889,8.185025789880904e-06,0.004929137743089299,1.7763568394002505e-15
0.0012115276586285877,1000.0,0.1,8.302685359764734,16.604186396918315,7.193116297796881e-06,5.972218137680327e-08,0.001194358437833304,9.916382316110051e-06,0.005971785013758954,3.552713678800501e-15
0.0014677992676220691,1000.0,0.1,8.302683249545757,16.60393165961927,8.714792264528174e-06,7.2356159757969e-08,0.0014469981518800445,1.2013967317738112e-05,0.007234980227345856,3.552713678800501e-15
0.0017782794100389228,1000.0,0.1,8.30268069295852,16.603623038398478,1.0558406971184028e-05,8.766308170804827e-08,0.0017530780923553822,1.4555247630647584e-05,0.008765375002841623,8.673617379884035e-19
0.002154434690031882,1000.0,0.1,8.302677595584464,16.603249135345482,1.2792088461060268e-05,1.0620858626637963e-07,0.002123902316803618,1.763407618093534e-05,0.010619488893415584,2.168404344971009e-18
0.0026101572156825357,1000.0,0.1,8.302673843033197,16.60279614159021,1.5498389357716048e-05,1.2867807192945312e-07,0.0025731659902915077,2.1364157961375917e-05,0.012865796646228042,1.7763568394002505e-15
0.0031622776601683794,1000.0,0.1,8.302669296718058,16.60224732732481,1.8777344434731767e-05,1.5590208111214713e-07,0.003117461164557829,2.5883249094685202e-05,0.015587256937433687,3.552713678800501e-15
0.003831186849557285,1000.0,0.1,8.302663788738133,16.601582423953914,2.2750177929289985e-05,1.8888707848086543e-07,0.0037768895405272487,3.135824402219939e-05,0.018884375948811333,1.7763568394002505e-15
0.004641588833612777,1000.0,0.1,8.302657115677818,16.600776875557063,2.756379943580186e-05,2.2885277552077652e-07,0.004575804842763523,3.7991338637723585e-05,0.02287891889371981,3.552713678800501e-15
0.005623413251903491,1000.0,0.1,8.302649031094935,16.599800932021203,3.339625723867794e-05,2.772774028049066e-07,0.005543712220366259,4.602749689509308e-05,0.027718406513271347,6.557254739192331e-16
0.006812920690579608,1000.0,0.1,8.30263923642008,16.59861855035515,4.046335462451351e-05,3.3595263574266575e-07,0.006716357886800489,5.5763496516789185e-05,0.03358156252938742,3.552713678800501e-15
0.008254041852680182,1000.0,0.1,8.302627369931294,16.597186063615652,4.902667960662949e-05,4.0705025195885437e-07,0.008137049235125007,6.755888769002738e-05,0.040684913125837614,6.558989462668308e-15
0.01,1000.0,0.1,8.302612993396982,16.595450568295092,5.940335354925545e-05,4.93203055029403e-07,0.009858254174176257,8.184926919872583e-05,0.04929078202178594,2.0731680261398822e-14
0.012115276586285877,1000.0,0.1,8.302595575894182,16.593347970627264,7.197787185832526e-05,5.976031604532097e-07,0.011943538739304106,9.916237189746706e-05,0.05971697616620149,6.552570985807193e-14
0.01467799267622069,1000.0,0.1,8.302574474204892,16.59080061967723,8.721649334482379e-05,7.241214313743948e-07,0.014469914518313772,0.0001201375429236787,0.07234851940469351,2.0703924685783193e-13
0.01778279410038923,1000.0,0.1,8.30254890906719,16.58771443982952,0.00010568473808237172,8.77452706870847e-07,0.01753068255958558,0.00014554934936029045,0.0876518669374085,6.541156505335266e-13
0.021544346900318822,1000.0,0.1,8.302517936404904,16.583975456814507,0.00012806868176738412,1.0632925274654382e-06,0.021238878752168854,0.00017633617178901097,0.10619212475929651,2.0661077015926566e-12
0.026101572156825358,1000.0,0.1,8.302480412474923,16.579445589026733,0.00015520089457539562,1.2885523872108077e-06,0.025731447869810457,0.00021363484192372093,0.1286539089304997,1.8714266247776834e-12
0.03162277660168379,1000.0,0.1,8.302434951646578,16.573957548831824,0.00018809207284581434,1.5616221997227433e-06,0.031174300306183098,0.00025882260045518115,0.1558666131810341,3.552713678800501e-15
0.03831186849557285,1000.0,0.1,8.302379875257088,16.567308665599583,0.00022796966592364163,1.8926907665335237e-06,0.0377684382175059,0.0003135679213769117,0.18883501603523759,1.3183898417423734e-16
0.046415888336127774,1000.0,0.1,8.302313149658747,16.55925340266104,0.00027632512101826947,2.2941376858110235e-06,0.04575737700462502,0.0003798920727993911,0.22877635360061005,7.147060721024445e-16
0.05623413251903491,1000.0,0.1,8.302232311175814,16.549494292015595,0.00033497178261062576,2.781013556922098e-06,0.05543613604300839,0.0004602436798630024,0.27716522240353786,4.0314973581701e-15
0.06812920690579609,1000.0,0.1,8.302134375209402,16.537670952477285,0.0004061160149096864,3.3716297277047615e-06,0.06716213023107753,0.0005575890301037193,0.3357879625516475,2.2551405187698492e-14
0.08254041852680181,1000.0,0.1,8.30201572614718,16.523346786307958,0.000492444811849202,4.088284572231664e-06,0.08136836399302538,0.0006755214374809646,0.4068085182907909,1.2596867993153182e-13
0.1,1000.0,0.1,8.30187198403237,16.505992863975347,0.0005972340767349898,4.95816084955565e-06,0.09857941408710645,0.0008183936760120749,0.4928481914038551,7.03076485919496e-13
0.12115276586285877,1000.0,0.1,8.3016978430978,16.484968403296282,0.0007244829786003775,6.014438780807824e-06,0.119430790109532,0.000991478332651768,0.597082207971905,3.2938096694579144e-12
0.1467799267622069,1000.0,0.1,8.301486876245228,16.459497124107592,0.0008790814482299587,7.297683105631651e-06,0.14469238568997342,0.0012011619408979271,0.7233566283642119,1.7763568394002505e-15
0.1778279410038923,1000.0,0.1,8.30123129831403,16.42863860845939,0.0010670201438031802,8.857581013670496e-06,0.17529688330488818,0.0014551799741874402,0.8763298635689931,1.7763568394002505e-15
0.21544346900318823,1000.0,0.1,8.300921679489374,16.391253613236596,0.0012956553675933496,1.075513373000241e-05,0.2123741572557388,0.0017629012461274477,1.0616439450158894,3.552713678800501e-15
0.2610157215682536,1000.0,0.1,8.300546598404889,16.345962061465922,0.0015740458547601076,1.3065440965462327e-05,0.25729293824916416,0.002135672023377699,1.2861317541974513,1.3877787807814457e-14
0.31622776601683794,1000.0,0.1,8.300092222330466,16.291092171707582,0.00191338471648369,1.588126960361226e-05,0.3117112677617237,0.0025872322691618526,1.5580676903706885,1.3489209749195652e-13
0.3831186849557285,1000.0,0.1,8.299541799238444,16.224618863533404,0.0023275590781174833,1.931767385903295e-05,0.37763758924813334,0.003134218956928521,1.887470773128393,1.309896635603991e-12
0.46415888336127775,1000.0,0.1,8.298875043425541,16.14408919009377,0.0028338836701187107,2.3518046465919346e-05,0.45750470724746733,0.003796774397225715,2.286470985405741,3.552713678800501e-15
0.5623413251903491,1000.0,0.1,8.298067392639942,16.046532084031703,0.0034540753336911034,2.866214989822407e-05,0.554259306627368,0.004599281079391785,2.7697518054902064,1.7763568394002505e-15
0.6812920690579608,1000.0,0.1,8.297089110215994,15.9283491469057,0.004215567287758783,3.497693743664617e-05,0.6714702761169619,0.005571248715803771,3.3550843975539544,1.7763568394002505e-15
0.8254041852680182,1000.0,0.1,8.295904200430625,15.7851825500515,0.005153312196760152,4.275138429923291e-05,0.8134597376326591,0.006748384054307971,4.063971867758209,8.326672684688674e-15
1.0,1000.0,0.1,8.294469099037396,15.611755332966668,0.006312304017919272,5.235721062036101e-05,0.9854614591505813,0.0081738796212168,4.9224253634263055,3.377298440909726e-13
1.2115276586285877,1000.0,0.1,8.29273109356578,15.401678474259072,0.00775118267560744,6.427847358591821e-05,1.1938122336495294,0.00989996382986467,5.961897570235374,1.7763568394002505e-15
1.4677992676220675,1000.0,0.1,8.290626419360825,15.147218073457328,0.00954751446526383,7.915487566494594e-05,1.4461828366483955,0.011989761632743368,7.220403223122799,3.552713678800501e-15
1.7782794100389228,1000.0,0.1,8.28807796736095,14.83901485392025,0.011805745283585925,9.784693737316395e-05,1.7518562962473045,0.014519521570909846,8.743860266787541,2.5068835896036035e-13
2.154434690031882,1000.0,0.1,8.284992528189203,14.465747084953579,0.014669566002275971,0.00012153724472063479,2.1220623163495773,0.017581270435308122,10.587688530105199,3.552713678800501e-15
2.6101572156825332,1000.0,0.1,8.281257484260843,14.013727204573591,0.018341854894540273,0.000151893623120638,2.570377509179603,0.021285957985269333,12.818703519873793,0.0
3.1622776601683795,1000.0,0.1,8.276736847415446,13.466422602851017,0.023118247628932678,0.00019134365199806186,3.1132009240856595,0.025767144801787593,15.51733729796672,3.552713678800501e-15
3.831186849557285,1000.0,0.1,8.271266524407878,12.803893982799858,0.02944659994231811,0.00024356067636052673,3.7703114381536142,0.03118525078499212,18.780196986312305,3.552713678800501e-15
4.641588833612772,1000.0,0.1,8.264648677123622,12.002155244932345,0.03803902760870724,0.0003143791992053712,4.565503147259718,0.03773227954640377,22.72290986241125,1.262101534393878e-12
5.623413251903491,1000.0,0.1,8.2566450298228,11.032490941752435,0.050099865115900415,0.0004136568023039918,5.527263080741901,0.04563664924413067,27.48303255629025,7.442935157087049e-13
6.812920690579608,1000.0,0.1,8.246968964038533,9.860866846567486,0.06783741237417944,0.0005594530344505414,6.689356906374729,0.055166918796249215,33.22229502865026,8.881784197001252e-16
8.254041852680173,1000.0,0.1,8.235276236058947,8.447910914004257,0.09577337474888242,0.0007887201971166394,8.090849378121035,0.06663037961317247,40.12575249227591,3.375077994860476e-14
10.0,1000.0,0.1,8.221154156902633,6.751347364173748,0.14476654435735986,0.0011901480779239384,9.773692276676034,0.08035103088868235,48.3885218222753,7.105427357601002e-15
12.115276586285876,1000.0,0.1,8.204109097268704,4.740408587797457,0.24825776852762246,0.0020367338172450956,11.768432579157748,0.09654950478326148,58.1434708113094,2.1316282072803006e-14
14.677992676220676,1000.0,0.1,8.183552230001515,2.493377739047596,0.5613856150280528,0.004594128501753594,13.997463955324907,0.11454897736596496,68.98300656118951,3.552713678800501e-15
17.78279410038923,1000.0,0.1,8.158783513931622,0.799519043088451,1.9609237196234848,0.01599875211574156,15.677958558828143,0.12791306982187023,77.03105115110107,1.0658141036401503e-14
21.54434690031882,1000.0,0.1,8.128974074105988,0.310417473105414,5.207045761686323,0.04232793999943159,16.16357987686924,0.13139332176381133,79.12690785856432,1.4210854715202004e-14
26.10157215682533,1000.0,0.1,8.093147368437329,0.17002900650195799,9.5886084701814,0.07760202140742448,16.303415719212026,0.1319459460244806,79.45970596707846,0.0
31.622776601683793,1000.0,0.1,8.0501598792027,0.10905627492173206,15.005644368609302,0.12079783625776254,16.364596776407964,0.13173762040876924,79.3342493489057,7.105427357601002e-15
38.31186849557285,1000.0,0.1,7.9986825630411325,0.07588481620970432,21.60951498930338,0.17284765074071695,16.398340733441376,0.13116512208738468,78.98948280128157,1.7763568394002505e-15
46.41588833612773,1000.0,0.1,7.937184968084302,0.055414267749778895,29.630727368278137,0.23518456386090136,16.41965060006466,0.13032580392402962,78.48403358906667,3.552713678800501e-15
56.23413251903491,1000.0,0.1,7.863924804742909,0.041753040083511064,39.360963232279055,0.30953165510089287,16.434398755629527,0.12923887602543102,77.8294703089335,3.552713678800501e-15
68.12920690579608,1000.0,0.1,7.776946834062642,0.03214612585482497,51.15810847020842,0.3978538897040206,16.44534993378107,0.12789461210257097,77.01993565272818,3.552713678800501e-15
82.54041852680173,1000.0,0.1,7.674096157732741,0.025136768529650272,65.45783490426062,0.5023297193322905,16.453984444404615,0.12626945880419974,76.04124546079122,3.552713678800501e-15
100.0,1000.0,0.1,7.55305220867889,0.01988324440490376,82.78918156201475,0.6253110106516931,16.46117531079491,0.12433211653864992,74.87455067844739,1.4210854715202004e-14
121.15276586285876,1000.0,0.1,7.411390665028078,0.01586554224328079,103.79398297684291,0.7692577565206569,16.467478215174683,0.1220469143204989,73.49836973617042,1.4210854715202004e-14
146.77992676220674,1000.0,0.1,7.246680677739941,0.012745212353570555,129.2506431644168,0.9366381384050392,16.473268939660645,0.11937651972425234,71.89022052183641,3.552713678800501e-15
177.82794100389228,1000.0,0.1,7.05662355763942,0.010292628808231253,160.10305596459224,1.129786996369804,16.478813261070226,0.11628478186000903,70.0283324606869,1.7763568394002505e-15
215.44346900318823,1000.0,0.1,6.839235631781819,0.008346664521403055,197.49570533094789,1.3507196650233013,16.484303968152947,0.11274003906411409,67.89363845319937,1.7763568394002505e-15
261.0157215682533,1000.0,0.1,6.593071652566367,0.006791095256019462,242.81621727288555,1.6009047188852576,16.489880612064837,0.10871896441760845,65.47209070042695,5.684341886080802e-14
316.22776601683796,1000.0,0.1,6.317475688793648,0.005540154858128593,297.74690665574644,1.8810088442111896,16.495639714015944,0.10421080286439471,62.75721235619962,0.0
383.1186849557285,1000.0,0.1,6.012834603549607,0.004529346256903719,364.3271845281026,2.1906391021443783,16.501639695306316,0.09922163017524564,59.752662335199275,1.7763568394002505e-15
464.1588833612773,1000.0,0.1,5.6807972834942815,0.0037093987529465402,445.029082087692,2.5281200005997144,16.50790322121028,0.09377805177523786,56.47446279890503,5.684341886080802e-14
562.341325190349,1000.0,0.1,5.3244145841983475,0.003042177524999752,542.8486255572067,2.890351138928819,16.5144188814714,0.08792961274206687,52.95245049050163,1.7763568394002505e-15
681.2920690579608,1000.0,0.1,4.9481552159596305,0.0024978431156060165,661.4163852925316,3.2727909368064045,16.521143645519665,0.08174918310319644,49.23050876624626,0.0
825.4041852680173,1000.0,0.1,4.557765296686212,0.0020528338824829994,805.1312481679837,3.669599262177691,16.52800706085065,0.0753307770053298,45.365254268626735,1.1368683772161603e-13
1000.0,1000.0,0.1,4.159964474539971,0.001688403983830679,979.322351540713,4.073946191532311,16.534917597957683,0.06878466979694978,41.423096364735216,0.0
1211.5276586285877,1000.0,0.1,3.7620046952241877,0.0013895449322277298,1190.4451970809557,4.478460420825638,16.54177090698683,0.06223021981940733,37.47591432782127,0.0
1467.7992676220676,1000.0,0.1,3.371149519058798,0.0011441774711549984,1446.3192626411424,4.875758486658163,16.54845916411504,0.05578733015227058,33.59591548015657,2.2737367544323206e-13
1778.2794100389228,1000.0,0.1,2.9941516647611044,0.0009425375562032946,1756.4159860560776,5.258975848662821,16.55488031173695,0.049567822445308024,29.850440393233235,3.552713678800501e-15
2154.4346900318824,1000.0,0.1,2.6368069105718335,0.0007767041054171241,2132.2078556556808,5.62222040856845,16.560945950904095,0.04366801672895055,26.297494345177494,3.552713678800501e-15
2610.157215682533,1000.0,0.1,2.3036434469707205,0.0006402319082554727,2587.5915768632253,5.960888379477603,16.566586930409304,0.038163509420908175,22.982602562829513,3.552713678800501e-15
3162.2776601683795,1000.0,0.1,1.9977742533738152,0.000527863636104699,3139.400982905612,6.271814454665281,16.571756180272224,0.03310662783013625,19.937277288201386,0.0
3831.1868495572853,1000.0,0.1,1.7209067334987032,0.0004353021072881526,3808.028632073362,6.553262114290905,16.576428881551553,0.028526488079624452,17.179052660396053,9.094947017729282e-13
4641.588833612773,1000.0,0.1,1.4734781784874325,0.0003590289686138354,4618.179015965628,6.804786004373917,16.58060048976197,0.024431153007882296,14.712784234256459,1.7763568394002505e-15
5623.413251903491,1000.0,0.1,1.2548725466907378,0.00029615949121350596,5599.781145763947,7.027011627295582,16.58428335036434,0.0208111618829125,12.532774623804572,0.0
6812.920690579608,1000.0,0.1,1.0636733200774846,0.00024432571204136146,6789.094165901817,7.221378331763467,16.587502661998144,0.017643684028281682,10.62527487432761,9.094947017729282e-13
8254.041852680173,1000.0,0.1,0.8979151307435119,0.00020158199410672868,8230.046780059884,7.38988353054269,16.590292415161326,0.014896674583032676,8.970987119493708,1.8189894035458565e-12
10000.0,1000.0,0.1,0.7553087220734082,0.00016632843553169676,9975.859921647696,7.534854009003051,16.59269173851016,0.012532604792772106,7.547311015152425,1.8189894035458565e-12
12115.276586285852,1000.0,0.1,0.6334256996944744,0.0001372485702464258,12091.0125747625,7.658758100183626,16.594741887177086,0.010511535991134347,6.330194934241716,3.552713678800501e-15
14677.992676220676,1000.0,0.1,0.5298391108256673,0.00011325856797509554,14653.62333604876,7.764062758746324,16.596483946873246,0.008793466297243781,5.295549181031805,1.7763568394002505e-15
17782.794100389227,1000.0,0.1,0.4422223535186989,9.346572520403502e-05,17758.33567018857,7.853132994645851,16.59795721830858,0.007339987704683097,4.420243913427092,3.637978807091713e-12
21544.34690031878,1000.0,0.1,0.3684124654977705,7.713448933001468e-05,21519.81341926269,7.928167518842574,16.599198185720248,0.0061153515288873165,3.6827507703840623,0.0
26101.572156825332,1000.0,0.1,0.3064451648787358,6.365860888943721e-05,26076.97566670448,7.991163107722035,16.600239949861113,0.005087063268461767,3.0635011057702433,0.0
31622.776601683792,1000.0,0.1,0.2545688933811614,5.2538278031197224e-05,31598.127363234555,8.043900315775616,16.601112006747975,0.004226126712454544,2.5450329931997313,7.105427357601002e-15
38311.86849557277,1000.0,0.1,0.21124421010428746,4.336136102809595e-05,38287.175204179264,8.08794408313131,16.601840267743803,0.0035070426336370917,2.1119904391083675,3.552713678800501e-15
46415.888336127726,1000.0,0.1,0.17513367432321605,3.578795579771152e-05,46391.15832722999,8.12465401395785,16.602447236195434,0.00290764758723223,1.7510263050786867,9.343636975245317e-13
56234.13251903491,1000.0,0.1,0.14508613176013782,2.9537693978257373e-05,56209.37195755488,8.155200345988403,16.602952275922977,0.0024088581215118412,1.450648267861349,8.206768598029157e-13
68129.20690579595,1000.0,0.1,0.12011823343918655,2.4379286530145627e-05,68104.42095676876,8.180582734725778,16.6033719247472,0.0019943677047344205,1.2010363045108798,4.654054919228656e-13
82540.41852680173,1000.0,0.1,0.09939512933240238,2.0121913802484856e-05,82515.61150637428,8.201649877618342,16.603720220905906,0.0016503289187559675,0.9938513049047041,2.682298827494378e-13
100000.0,1000.0,0.1,0.08221159559360616,1.660813190603453e-05,99975.17550723821,8.219118698200868,16.60400902153165,0.001365042074910748,0.8220475518434989,1.509903313490213e-13
0.0001,1000.0,1.0,8.302694512436492,16.605296351847294,5.633336998416751e-06,4.677187618346022e-08,9.354323030853606e-05,7.766608649582653e-07,0.0004677161051562026,4.8094530745099173e-14
0.00012115276586285888,1000.0,1.0,8.30269433825771,16.605276400589325,6.824951321069863e-06,5.6665484692331234e-08,0.00011333020310693234,9.409460356895234e-07,0.0005666509474486295,8.552517418228267e-14
0.0001467799267622069,1000.0,1.0,8.302694127235313,16.605252229092095,8.268628651300986e-06,6.865189454344634e-08,0.00013730266434355045,1.1399820248989579e-06,0.0006865132217811349,1.5208694763638175e-13
0.00017782794100389227,1000.0,1.0,8.302693871575855,16.605222944659975,1.0017688980717248e-05,8.317380490755408e-08,0.00016634595891507344,1.381119573645589e-06,0.0008317296478884923,2.704515485261322e-13
0.00021544346900318845,1000.0,1.0,8.302693561837376,16.60518746576913,1.2136731696565916e-05,1.0076756411882545e-07,0.00020153270504321926,1.6732642926620077e-06,0.0010076633099092445,4.0662243537548104e-13
0.0002610157215682536,1000.0,1.0,8.302693186580663,16.60514448212198,1.4704022067503183e-05,1.220829838351904e-07,0.00024416241089920027,2.0272055853918985e-06,0.0012208117384688213,3.232304831776722e-14
0.00031622776601683794,1000.0,1.0,8.302692731946825,16.60509240626192,1.781438213288674e-05,1.4790734105884213e-07,0.00029580946147704566,2.4560150658465715e-06,0.0014790468435208724,3.552713678800501e-15
0.00038311868495572853,1000.0,1.0,8.302692181145424,16.605029314942005,2.1582694033000694e-05,1.7919446499584888e-07,0.0003583812671134004,2.9755293443314193e-06,0.0017919056547074318,3.552713678800501e-15
0.00046415888336127773,1000.0,1.0,8.302691513834386,16.604952878099393,2.614814431501616e-05,2.170999759068015e-07,0.0004341887042005859,3.6049348697689523e-06,0.0021709425216380903,1.7763568394002505e-15
0.0005623413251903491,1000.0,1.0,8.302690705368752,16.604860272803982,3.167936672415972e-05,2.6302398365264903e-07,0.0005260314579855882,4.367476496948516e-06,0.0026301558230615676,1.0842021724855044e-19
0.0006812920690579609,1000.0,1.0,8.302689725890485,16.60474807900586,3.838067362716512e-05,3.1866282459701973e-07,0.0006373014166816208,5.291315924577944e-06,0.003186504930343792,1.0842021724855044e-19
0.0008254041852680181,1000.0,1.0,8.302688539225777,16.60461215323168,4.649960673301263e-05,3.8607175190068975e-07,0.0007721079350794752,6.410571703629638e-06,0.0038605365151330685,0.0
0.001,1000.0,1.0,8.302687101549115,16.6044474755661,5.633608673367318e-05,4.677409006754205e-07,0.0009354295931482125,7.766579217439e-06,0.0046771433271108305,0.0
0.0012115276586285877,1000.0,1.0,8.302685359764736,16.60424796426807,6.825350089193981e-05,5.66687342608198e-07,0.0011332980532391603,9.409417154878651e-06,0.005666483457623796,6.505213034913027e-19
0.0014677992676220691,1000.0,1.0,8.302683249545755,16.604006251177182,8.269213969673687e-05,6.865666431291948e-07,0.0013730208044478358,1.1399756834366883e-05,0.006865094028632938,3.552713678800501e-15
0.0017782794100389228,1000.0,1.0,8.30268069295852,16.603713409617715,0.0001001854812271036,8.318080606990311e-07,0.0016634510180994638,1.3811102651656612e-05,0.008317240421908536,1.7763568394002505e-15
0.002154434690031882,1000.0,1.0,8.302677595584466,16.603358624755007,0.00012137992816097718,1.0077784100957975e-06,0.0020153144771037036,1.6732506357105942e-05,0.01007655085500868,4.336808689942018e-19
0.0026101572156825357,1000.0,1.0,8.302673843033197,16.602928794234995,0.0001470587315275072,1.2209806836430754e-06,0.002441605648121723,2.0271855349662345e-05,0.012207996638202566,1.7763568394002505e-15
0.0031622776601683794,1000.0,1.0,8.302669296718056,16.602408044365475,0.00017817099234877077,1.4792948277399266e-06,0.0029580675166438115,2.4559856348057603e-05,0.014790291197338244,3.552713678800501e-15
0.003831186849557285,1000.0,1.0,8.302663788738133,16.601777143981973,0.00021586682341082216,1.7922696579229624e-06,0.00358377289504578,2.9754861442757825e-05,0.01791879639025843,3.552713678800501e-15
0.004641588833612777,1000.0,1.0,8.30265711567782,16.60101279436781,0.00026153998613492126,2.1714768269173823e-06,0.004341828656064608,3.604871458632868e-05,0.021709043345593648,3.552713678800501e-15
0.005623413251903491,1000.0,1.0,8.302649031094935,16.600086769027943,0.0003168796012653754,2.6309401144197185e-06,0.005260228876340208,4.367383418348363e-05,0.026300997698183805,3.552713678800501e-15
0.006812920690579608,1000.0,1.0,8.302639236420083,16.59896487158255,0.00038393287848067945,3.1876561810253925e-06,0.006372888362946369,5.291179297152348e-05,0.03186422651384931,3.552713678800501e-15
0.008254041852680182,1000.0,1.0,8.302627369931292,16.597605673345782,0.0004651812335548096,3.862226441690563e-06,0.007720894681183297,6.410371150034938e-05,0.03860415738935348,3.469446951953614e-17
0.01,1000.0,1.0,8.302612993396982,16.59595898404296,0.0005636326804773681,4.679624016434567e-06,0.009354024847268593,7.766284823749044e-05,0.04676966039086853,3.552713678800501e-15
0.012115276586285877,1000.0,1.0,8.30259557589418,16.593963999299984,0.0006829340228106136,5.670124996415016e-06,0.011332582588416436,9.408985006204173e-05,0.056662232116091005,7.105427357601002e-15
0.01467799267622069,1000.0,1.0,8.302574474204889,16.59154705665445,0.0008275071524397951,6.870439761068616e-06,0.013729623859422986,0.0001139912245956797,0.06864711999199573,1.2434497875801753e-14
0.01778279410038923,1000.0,1.0,8.30254890906718,16.588618917457854,0.0010027147316727526,8.325088101555203e-06,0.0166336525666403,0.00013810171397096193,0.08316679607303913,1.9539925233402755e-14
0.021544346900318822,1000.0,1.0,8.30251793640488,16.585071474643854,0.0012150617338566494,1.0088071839184045e-05,0.02015188570211722,0.00016731139249420926,0.10075727563517356,1.9539925233402755e-14
0.026101572156825358,1000.0,1.0,8.302480412474937,16.580773765302606,0.0014724408099479368,1.2224910983121477e-05,0.02441420795254567,0.00020269848331210026,0.12206787983439789,3.6529806957119604e-14
0.03162277660168379,1000.0,1.0,8.30243495164658,16.57556714157639,0.0017844313145789943,1.4815124914973296e-05,0.02957796106433554,0.00024556909773898103,0.14788516728903414,1.1530360000122641e-13
0.03831186849557285,1000.0,1.0,8.302379875257094,16.56925942267482,0.002162664172061261,1.7955259499060955e-05,0.03583374371100728,0.0002975053526413873,0.17916191104598717,3.6386171853308724e-13
0.046415888336127774,1000.0,1.0,8.302313149658747,16.56161781372155,0.002621267733640958,2.1762585573783506e-05,0.043412434392001605,0.0003604236249114126,0.2170521802445969,1.3877787807814457e-17
0.05623413251903491,1000.0,1.0,8.302232311175814,16.552360332410437,0.003177413565435622,2.6379625568927967e-05,0.0525936942601794,0.0004366450678509634,0.26295380607582525,0.0
0.06812920690579609,1000.0,1.0,8.302134375209402,16.54114543051642,0.0038519859785448238,3.1979705205301605e-05,0.06371626026742003,0.0005289809546259369,0.3185597768116565,0.0
0.08254041852680181,1000.0,1.0,8.302015726147179,16.527559432424265,0.004670405433246757,3.87737793542978e-05,0.07719040337150297,0.0006408359426978619,0.38592042509938185,3.552713678800501e-15
0.1,1000.0,1.0,8.301871984032376,16.511101334825153,0.005663644237264916,4.701884942087601e-05,0.09351300392587954,0.0007763329874349689,0.4675186526964694,1.7763568394002505e-15
0.12115276586285877,1000.0,1.0,8.301697843097772,16.49116441819727,0.006869483941640546,5.70283800215121e-05,0.11328578914976009,0.0009404643914381924,0.5663608945008534,1.5681900222830336e-15
0.1467799267622069,1000.0,1.0,8.30148687624523,16.46701400879045,0.008334078570324149,6.918524387714253e-05,0.13723738856788806,0.0011392743801264898,0.6860870681383467,8.909539772616881e-15
0.1778279410038923,1000.0,1.0,8.301231298314033,16.437760596453593,0.010113907830837411,8.39578882336109e-05,0.16624999561790263,0.001380079666967904,0.831103401449464,4.926614671774132e-14
0.21544346900318823,1000.0,1.0,8.30092167948937,16.40232735537803,0.012278232000823047,0.00010192064220143217,0.2013915806227778,0.0016717357376582474,1.0067427925700398,2.7228219678931964e-13
0.2610157215682536,1000.0,1.0,8.30054659840489,16.359410928213915,0.014912198643974662,0.0001237793997289819,0.2439547854599358,0.002024958064614065,1.2194582498203073,1.7763568394002505e-15
0.31622776601683794,1000.0,1.0,8.300092222330468,16.307434115879044,0.018120805798147316,0.00015040435926756338,0.29550384667992635,0.0024527091794967915,1.4770559922273785,3.552713678800501e-15
0.3831186849557285,1000.0,1.0,8.299541799238456,16.244488863605586,0.022034004680003383,0.00018287214284630384,0.3579311436449483,0.0029706644879304725,1.7889759697050627,3.552713678800501e-15
0.46415888336127775,1000.0,1.0,8.298875043425541,16.1682676485387,0.026813339606618292,0.00022252055489225818,0.43352525131096786,0.003597771888799377,2.166628873672092,5.551115123125783e-17
0.5623413251903491,1000.0,1.0,8.298067392639942,16.075981060585228,0.03266069340217138,0.0002710206349415688,0.525052688558888,0.004356922594348442,2.6238001143590703,3.552713678800501e-15
0.6812920690579608,1000.0,1.0,8.29708911021599,15.964259040424025,0.03982996497487078,0.00033047276865328463,0.635855878429853,0.005275752884587157,3.1771326485959897,3.4416913763379853e-15
0.8254041852680182,1000.0,1.0,8.295904200430625,15.82903292834157,0.04864290499134096,0.0004035368798388133,0.7699701448381266,0.006387598558768792,3.84670176392788,5.706546346573305e-14
1.0,1000.0,1.0,8.294469099037398,15.665395249190572,0.059510965586989935,0.0004936118651151661,0.9322627975811758,0.007732624966719219,4.656695599387344,3.552713678800501e-15
1.2115276586285877,1000.0,1.0,8.292731093565784,15.467434138304812,0.07296603746725706,0.0006050877276790087,1.1285973788578798,0.009359154575771585,5.636214624989457,1.7763568394002505e-15
1.4677992676220675,1000.0,1.0,8.290626419360825,15.228039744809644,0.08970463309219205,0.0007437076010531968,1.366025718021467,0.011325208907355116,6.820200217649831,0.0
1.7782794100389228,1000.0,1.0,8.288077967360952,14.93868130790884,0.11065294596583253,0.0009171002434829984,1.6530090955648293,0.013700268264798116,8.25049439403752,2.020605904817785e-14
2.154434690031882,1000.0,1.0,8.284992528189203,14.589156829487964,0.13706526310069958,0.0011355846806635835,1.9996666192511359,0.016567222999365024,9.977014890448556,1.8207657603852567e-14
2.6101572156825332,1000.0,1.0,8.281257484260843,14.16732427239283,0.17067739289955464,0.0014134234373435652,2.418041971174588,0.0200244281710464,12.058992508455077,3.552713678800501e-15
3.1622776601683795,1000.0,1.0,8.276736847415446,13.65883800014941,0.21395414641205718,0.0017708421672659928,2.922365025302537,0.024187646286519683,14.566141059051283,3.552713678800501e-15
3.831186849557285,1000.0,1.0,8.27126652440788,13.046945455701389,0.27050422101224025,0.0022374125079695733,3.529253817083692,0.02919139895338307,17.579471347858952,0.0
4.641588833612772,1000.0,1.0,8.264648677123633,12.312466661236815,0.3458068509776435,0.0028579721334726707,4.2577353238895235,0.03518868661212611,21.191122393775096,6.217248937900877e-15
5.623413251903491,1000.0,1.0,8.256645029822804,11.434230050598613,0.4485491199021652,0.0037035108614716056,5.128813825954898,0.04234679518495699,25.50183613387012,3.552713678800501e-15
6.812920690579608,1000.0,1.0,8.246968964038533,10.390588397255863,0.5932260988709595,0.004892317226046458,6.163968219877951,0.0508340546046533,30.612983223074835,2.6645352591003757e-15
8.254041852680173,1000.0,1.0,8.235276236058946,9.163476614110312,0.8054943267645351,0.006633468287484275,7.381128426105348,0.06078563152280453,36.605962921582204,1.7763568394002505e-15
10.0,1000.0,1.0,8.221154156902633,7.748450264840303,1.1337389504167736,0.009320642685061288,8.784719870616616,0.07222053628154497,43.492223525015085,7.105427357601002e-15
12.115276586285876,1000.0,1.0,8.204109097268743,6.177958435054689,1.6741097704049095,0.013734579197205403,10.34258057728048,0.08485165940330178,51.098863664626094,1.9539925233402755e-14
14.677992676220676,1000.0,1.0,8.183552230001508,4.56496800042881,2.616160518664459,0.02140948624655844,11.942689051688495,0.09773361962115999,58.85656143429234,7.105427357601002e-15
17.78279410038923,1000.0,1.0,8.158783513931622,3.129196114512284,4.271747281864092,0.034852261298954974,13.367134996587525,0.10905956063865674,65.67720253897464,1.7763568394002505e-15
21.54434690031882,1000.0,1.0,8.12897407410599,2.0726633893753843,6.955081937204917,0.056537680750821634,14.415543701350657,0.11718358101242142,70.56960196176651,3.552713678800501e-15
26.10157215682533,1000.0,1.0,8.093147368437329,1.396293887631776,10.805028683264787,0.08744668945385427,15.08699550612864,0.1221012779780508,73.53110829597101,0.0
31.622776601683793,1000.0,1.0,8.0501598792027,0.9771043663130302,15.866760338766296,0.1277299574920611,15.503480806250963,0.12480549917447065,75.1596283650726,3.552713678800501e-15
38.31186849557285,1000.0,1.0,7.998682563041132,0.7091582156362332,22.23776323047797,0.17787280899266136,15.770092492266793,0.12613996383544027,75.96326176783307,1.4210854715202004e-14
46.41588833612773,1000.0,1.0,7.937184968084301,0.5298408209442088,30.101417963158266,0.23892052217520254,15.94896000518453,0.12658984560972836,76.23418690484522,3.552713678800501e-15
56.23413251903491,1000.0,1.0,7.863924804742909,0.404679650528742,39.721058083888664,0.3123634139365259,16.074303904019928,0.12640711718979808,76.12414527827796,7.105427357601002e-15
68.12920690579608,1000.0,1.0,7.77694683406264,0.3142693473659174,51.438054565817566,0.4000310156059762,16.165403838171933,0.12571748620061526,75.70883978934629,1.7763568394002505e-15
82.54041852680173,1000.0,1.0,7.674096157732743,0.24716950804673363,65.6781767195,0.504020643610007,16.23364262916525,0.1245785345264835,75.02294705930038,3.552713678800501e-15
100.0,1000.0,1.0,7.5530522086788885,0.19630230188724188,82.96427810615762,0.6266335239911635,16.286078766652047,0.12300960319917957,74.07811452972057,1.4210854715202004e-14
121.15276586285876,1000.0,1.0,7.411390665028077,0.15709260939732156,103.93417105538033,0.7702967451372772,16.327290136637266,0.12100792570387844,72.87267616643781,0.0
146.77992676220674,1000.0,1.0,7.246680677739941,0.12646811631072913,129.3635478839247,0.9374563228543227,16.360364220152764,0.11855833527496892,71.39749832971361,2.842170943040401e-14
177.82794100389228,1000.0,1.0,7.056623557639421,0.10229728175217409,160.19441592468954,1.1304316892164519,16.38745330097293,0.11564008901336147,69.64008935373923,2.842170943040401e-14
215.44346900318823,1000.0,1.0,6.839235631781818,0.0830597046158414,197.56991086193074,1.3512271741348743,16.410098437170085,0.11223252995254077,67.58800932251167,0.0
261.0157215682533,1000.0,1.0,6.593071652566367,0.06764513436288777,242.87667272486576,1.6013033060119515,16.429425160084662,0.10832037729091484,65.23205592221966,5.684341886080802e-14
316.22776601683796,1000.0,1.0,6.31747568879365,0.05522656348971006,297.7962811422598,1.881320766329385,16.446265227502554,0.10389888074619975,62.56936846600687,1.7763568394002505e-15
383.1186849557285,1000.0,1.0,6.012834603549608,0.045177548456312354,364.367589780204,2.1908820522423795,16.46123444320491,0.09897868007724515,59.6063543664178,5.684341886080802e-14
464.1588833612773,1000.0,1.0,5.680797283494281,0.037016812259760674,445.0622013573418,2.528308144456772,16.474783951560525,0.09358990791818018,56.36115991987196,1.7763568394002505e-15
562.341325190349,1000.0,1.0,5.324414584198347,0.030370179232085338,542.8758088239321,2.8904958739106172,16.487235614746112,0.08778487776026858,52.86528904717309,1.1368683772161603e-13
681.2920690579608,1000.0,1.0,4.948155215959631,0.024943819692849156,661.4387207497995,3.2729014561157865,16.4988081882518,0.08163866379381562,49.16395248246734,1.7763568394002505e-15
825.4041852680173,1000.0,1.0,4.557765296686212,0.020505056719262876,805.1496166714926,3.669682981505536,16.509638557341717,0.0752470576774847,45.31483731096515,1.1368683772161603e-13
1000.0,1000.0,1.0,4.159964474539971,0.01686834321661585,979.3374685935432,4.074009077935044,16.519800545127634,0.06872178339421701,41.385225287820546,1.1368683772161603e-13
1211.5276586285877,1000.0,1.0,3.7620046952241872,0.013884847140715244,1190.4576455519577,4.478507252031997,16.529322435984703,0.062183388613048944,37.447711916156194,2.2737367544323206e-13
1467.7992676220676,1000.0,1.0,3.3711495190587994,0.011434602627903226,1446.3295184922913,4.875793060665833,16.538203312965962,0.05575275614460185,33.57509452607473,3.552713678800501e-15
1778.2794100389228,1000.0,1.0,2.9941516647611044,0.009420517771938811,1756.4244387277124,5.259001157243668,16.546427640102067,0.049542513864460756,29.835199209603424,2.2737367544323206e-13
2154.4346900318824,1000.0,1.0,2.636806910571834,0.007763747392525702,2132.2148243239353,5.622238783601061,16.5539772826496,0.043649641696339614,26.286428641892233,3.552713678800501e-15
2610.157215682533,1000.0,1.0,2.3036434469707214,0.006400084034009895,2587.5973234772014,5.960901617627234,16.560840316433175,0.03815027127127981,22.974630362783117,1.7763568394002505e-15
3162.2776601683795,1000.0,1.0,1.9977742533738159,0.005277118619796343,3139.405722691573,6.271823923687641,16.567016394310894,0.03309715880777621,19.93157490965021,3.552713678800501e-15
3831.1868495572853,1000.0,1.0,1.720906733498703,0.004351989837159187,3808.0325420324175,6.55326884296577,16.572518922496545,0.028519759404758975,17.175000557679237,9.094947017729282e-13
4641.588833612773,1000.0,1.0,1.4734781784874322,0.0035895886769613016,4618.182241772182,6.8047907575294815,16.577374683209186,0.024426399852318745,14.70992181707067,3.552713678800501e-15
5623.413251903491,1000.0,1.0,1.2548725466907376,0.002961118197061431,5599.783807382662,7.027014967287836,16.581621731650745,0.02080782189065905,12.530763233455815,1.7763568394002505e-15
6812.920690579608,1000.0,1.0,1.0636733200774844,0.0024429328302664906,6789.0963621728215,7.2213806678783365,16.585306390994788,0.017641347913411744,10.623868033069781,9.094947017729282e-13
8254.041852680173,1000.0,1.0,0.897915130743511,0.002015599280964752,8230.048592449804,7.389885157915015,16.588480025246795,0.014895047210705599,8.970007092971448,1.8189894035458565e-12
10000.0,1000.0,1.0,0.7553087220734085,0.0016631341764285865,9975.861417323738,7.534855138700214,16.591196062466427,0.012531475095610884,7.546630695620321,0.0
12115.276586285852,1000.0,1.0,0.6334256996944742,0.0013723834738849088,12091.013809115533,7.658758882054556,16.59350753414438,0.010510754120200931,6.329724080559997,1.7763568394002505e-15
14677.992676220676,1000.0,1.0,0.5298391108256673,0.0011325160811644808,14653.624354766516,7.764063298502833,16.59546522911657,0.0087929265407334,5.295224132063641,1.7763568394002505e-15
17782.794100389227,1000.0,1.0,0.44222235351869893,0.0009346098625699186,17758.336510960897,7.853133366454168,16.59711644597953,0.0073396158963649726,4.420020005224344,3.552713678800501e-15
21544.34690031878,1000.0,1.0,0.3684124654977705,0.0007713126226804489,21519.81411318517,7.928167774492266,16.598504263236592,0.006115095879194248,3.682596814540372,3.552713678800501e-15
26101.572156825332,1000.0,1.0,0.3064451648787358,0.0006365641118607114,26076.976239434473,7.991163283232373,16.59966721986848,0.005086887758124743,3.063395410974803,1.7763568394002505e-15
31622.776601683792,1000.0,1.0,0.2545688933811614,0.0005253678124140938,31598.127835943753,8.043900436112674,16.600639297550654,0.00422600637539729,2.5449605245299884,0.0
38311.86849557277,1000.0,1.0,0.21124421010428746,0.0004336034155144876,38287.1755943389,8.087944165550272,16.601450108108278,0.003506960214673071,2.1119408052481052,0.0
46415.888336127726,1000.0,1.0,0.17513367432321605,0.0003578726139059425,46391.15864925824,8.12465407035584,16.60212520793532,0.0029075911892397998,1.7509923414137871,9.36140054363932e-13
56234.13251903491,1000.0,1.0,0.14508613176013782,0.0002953722097090664,56209.37222335083,8.155200384551708,16.60268647997055,0.0024088195582052663,1.4506250444953128,8.189005029635155e-13
68129.20690579595,1000.0,1.0,0.12011823343918655,0.0002437896432273949,68104.42117615277,8.1805827610778,16.603152540742524,0.0019943413527153337,1.201020434954055,4.671818487622659e-13
82540.41852680173,1000.0,1.0,0.09939512933240237,0.00020121694312543972,82515.61168745131,8.201649895616516,16.60353914387476,0.0016503109205810368,0.9938404661504185,2.6645352591003757e-13
100000.0,1000.0,1.0,0.08221159559360616,0.0001660798238468978,99975.1756566976,8.219118710488162,16.603859562127003,0.0013650297876146157,0.822040152260812,1.4921397450962104e-13
0.0001,1000.0,10.0,8.302694512436492,16.60532825819447,3.727695681771069e-05,3.094991848107386e-07,6.189961044246262e-05,5.139335559425909e-07,0.0003094980215173617,3.552713678800501e-15
0.00012115276586285888,1000.0,10.0,8.30269433825771,16.60531505602623,4.5162086632610556e-05,3.749670009884799e-07,7.499306771220491e-05,6.226445187027008e-07,0.00037496529350701166,3.552713678800501e-15
0.0001467799267622069,1000.0,10.0,8.302694127235315,16.605299061244835,5.471514998264852e-05,4.542831544317353e-07,9.085614286427438e-05,7.543507637824637e-07,0.0004542806481911506,2.9302190014679486e-15
0.00017782794100389227,1000.0,10.0,8.302693871575855,16.605279683140296,6.628896584932169e-05,5.503769905102643e-07,0.00011007468178341224,9.139163858587991e-07,0.0005503733118512162,5.2107298510739586e-15
0.00021544346900318845,1000.0,10.0,8.302693561837371,16.605256206053443,8.03109864823002e-05,6.66797510411402e-07,0.00013335845066994896,1.107234349793992e-06,0.0006667921108766496,9.26607965703874e-15
0.0002610157215682536,1000.0,10.0,8.302693186580663,16.60522776294681,9.72990854735799e-05,8.078444540220215e-07,0.00016156734754152238,1.341444115606908e-06,0.0008078365285858513,1.6477596197217448e-14
0.00031622776601683794,1000.0,10.0,8.302692731946827,16.60519330338548,0.00011788068594828986,9.787271144597726e-07,0.00019574315769070296,1.6251952926869213e-06,0.0009787154815050038,2.930159370348462e-14
0.00038311868495572853,1000.0,10.0,8.30269218114542,16.605151554745845,0.00014281593563420235,1.1857567521330597e-06,0.00023714802556387576,1.9689670576232654e-06,0.0011857396772810337,5.2105889047915355e-14
0.00046415888336127773,1000.0,10.0,8.302691513834388,16.605100975219997,0.00017302578513166724,1.4365797178872259e-06,0.00028731106334280534,2.3854551274470443e-06,0.0014365546554149843,4.147089572789642e-14
0.0005623413251903491,1000.0,10.0,8.302690705368752,16.605039696880528,0.0002096260073519605,1.7404599028446843e-06,0.0003480848173577874,2.890040577756481e-06,0.0017404231161361253,3.552713678800501e-15
0.0006812920690579609,1000.0,10.0,8.302689725890485,16.604965456705163,0.0002539684148090093,2.1086209483354545e-06,0.0004217136754997767,3.50135780083951e-06,0.0021085669527779577,3.552713678800501e-15
0.0008254041852680181,1000.0,10.0,8.302688539225777,16.60487551301361,0.0003076907995348714,2.5546608749233926e-06,0.0005109167422776166,4.241982580606938e-06,0.002554581620188303,3.552713678800501e-15
0.001,1000.0,10.0,8.302687101549113,16.604766544234224,0.0003727774413028334,3.095054453653516e-06,0.0006189882385790526,5.1392656644609045e-06,0.00309493812344185,1.7763568394002505e-15
0.0012115276586285877,1000.0,10.0,8.302685359764736,16.604634526264256,0.0004516324225183104,3.7497619024378573e-06,0.0007499191316127904,6.226342595048998e-06,0.0037495911527368744,2.168404344971009e-19
0.0014677992676220691,1000.0,10.0,8.302683249545757,16.604474583899307,0.000547168462039672,4.542966424456499e-06,0.0009085444821049008,7.543357053039584e-06,0.0045427157976343155,1.7763568394002505e-15
0.0017782794100389228,1000.0,10.0,8.30268069295852,16.604280810852,0.0006629145556932974,5.503967882635915e-06,0.0011007219436332699,9.138942829719724e-06,0.005503600011816489,3.552713678800501e-15
0.002154434690031882,1000.0,10.0,8.302677595584464,16.60404605172318,0.0008031464090501691,6.668265696394954e-06,0.001333547996214511,1.1072019070806778e-05,0.006667725734180283,1.7763568394002505e-15
0.0026101572156825357,1000.0,10.0,8.3026738430332,16.603761637888425,0.0009730444945659558,8.078871073140221e-06,0.0016156198850832751,1.3413964960165211e-05,0.008078078513982269,3.552713678800501e-15
0.0031622776601683794,1000.0,10.0,8.302669296718056,16.60341706756792,0.0011788855924135973,9.78789721247565e-06,0.0019573529165789845,1.625125396332187e-05,0.009786733889363217,4.336808689942018e-19
0.003831186849557285,1000.0,10.0,8.302663788738133,16.602999618296618,0.001428274921239838,1.1858486468940813e-05,0.0023713647972167665,1.968864463173999e-05,0.01185677893459566,0.0
0.004641588833612777,1000.0,10.0,8.30265711567782,16.602493877530115,0.0017304274792401258,1.4367146023677462e-05,0.002872941162959406,2.385304538956862e-05,0.014364639689065128,8.673617379884035e-19
0.005623413251903491,1000.0,10.0,8.302649031094935,16.601881174120987,0.002096509055544217,1.740657887869595e-05,0.0034805994220613707,2.8898195419207434e-05,0.01740290005244544,3.552713678800501e-15
0.006812920690579608,1000.0,10.0,8.302639236420081,16.60113888977161,0.002540049608186182,2.1089115539380046e-05,0.004216771633240877,3.501033361316889e-05,0.021083715707306244,1.7763568394002505e-15
0.008254041852680182,1000.0,10.0,8.302627369931292,16.600239625185445,0.0030774444253454996,2.5550874315316023e-05,0.005108631489392642,4.24150636267242e-05,0.025542948350448926,1.7763568394002505e-15
0.01,1000.0,10.0,8.30261299339698,16.599150190342797,0.003728561798694916,3.095680563652802e-05,0.00618909572905116,5.1385666617397916e-05,0.03094517174164033,1.7763568394002505e-15
0.012115276586285877,1000.0,10.0,8.302595575894177,16.597830381935804,0.004517479974377113,3.750680924945396e-05,0.007498036636850303,6.225316580900577e-05,0.0374897327257452,3.552713678800501e-15
0.01467799267622069,1000.0,10.0,8.302574474204881,16.596231503289058,0.005473381072827444,4.544315398285326e-05,0.009083749939036488,7.54185103739045e-05,0.04541808853811732,5.329070518200751e-15
0.01778279410038923,1000.0,10.0,8.30254890906717,16.594294572805605,0.006631635687885856,5.505947964578763e-05,0.011004731610430824,9.136732242675944e-05,0.05502268765182501,8.881784197001252e-15
0.021544346900318822,1000.0,10.0,8.302517936404913,16.591948155803703,0.008035119243913683,6.671172164374563e-05,0.013331828192071649,0.00011068774268974353,0.06665771668842967,1.4210854715202004e-14
0.026101572156825358,1000.0,10.0,8.302480412474912,16.58910574118324,0.009735810227883902,8.0831373716579e-05,0.016150838534645932,0.00013409202057894286,0.08075210227192106,2.4868995751603507e-14
0.03162277660168379,1000.0,10.0,8.302434951646577,16.585662568260123,0.011796731527192237,9.794159614655193e-05,0.019565660851836635,0.00016244262650835163,0.09782523622574008,2.0816681711721685e-17
0.03831186849557285,1000.0,10.0,8.30237987525709,16.58149178984217,0.01429430980918434,0.00011867679009046208,0.02370209807424505,0.0001967838220529819,0.11850598756938494,1.7763568394002505e-15
0.046415888336127774,1000.0,10.0,8.302313149658747,16.576439834637544,0.01732124483643064,0.0001438063987739568,0.028712457289211873,0.00023837981171123888,0.1435556780467377,3.552713678800501e-15
0.05623413251903491,1000.0,10.0,8.302232311175814,16.57032080476678,0.020990001677213207,0.00017426387013619402,0.03478110614840156,0.0002887608232836952,0.17389583237878983,2.498001805406602e-16
0.06812920690579609,1000.0,10.0,8.302134375209402,16.562909711822524,0.025437065057632238,0.00021118193221940655,0.04213118118833183,0.0003497787276118254,0.21064167325321112,7.91033905045424e-16
0.08254041852680181,1000.0,10.0,8.302015726147182,16.553934316891937,0.030828128076174587,0.0002559356040960809,0.05103268072857263,0.0004236741179560582,0.2551425174700226,2.456368441983159e-15
0.1,1000.0,10.0,8.301871984032378,16.54306529555697,0.03736442911125929,0.0003101947072381273,0.06181221905187721,0.0005131571296176519,0.30903044665550644,7.729927808952652e-15
0.12115276586285877,1000.0,10.0,8.301697843097774,16.529904397562635,0.04529050361086638,0.0003759880761391414,0.07486476948050866,0.0006215046953203507,0.37427887582200653,2.423061751244404e-14
0.1467799267622069,1000.0,10.0,8.301486876245228,16.513970212301157,0.05490368510360719,0.00045578222134509574,0.09066778203465319,0.0007526774026589363,0.45327292656833135,5.750955267558311e-14
0.1778279410038923,1000.0,10.0,8.30123129831403,16.49468108570878,0.06656577706225791,0.0005525779119458096,0.1097981263864333,0.0009114596432552997,0.54889382687428,3.552713678800501e-15
0.21544346900318823,1000.0,10.0,8.300921679489374,16.471334662698442,0.08071743089116673,0.0006700290719971712,0.13295238173216406,0.0011036273078602677,0.6646198994514386,1.7763568394002505e-15
0.2610157215682536,1000.0,10.0,8.300546598404889,16.44308345442544,0.09789591465385149,0.0008125896013777622,0.16097106945005907,0.0013361478629652847,0.8046470506950135,1.7763568394002505e-15
0.31622776601683794,1000.0,10.0,8.300092222330468,16.40890575646033,0.11875715539685035,0.0009856953418554883,0.19486749708122317,0.0016174181969088658,0.9740320049570586,3.552713678800501e-15
0.3831186849557285,1000.0,10.0,8.299541799238456,16.3675711811317,0.14410320378573585,0.001195990563223892,0.23586194453921588,0.0019575460675528844,1.178861796298794,3.552713678800501e-15
0.46415888336127775,1000.0,10.0,8.29887504342554,16.317600029720282,0.17491663008698707,0.0014516112561089938,0.2854219608305992,0.0023686811875826413,1.426453152718663,1.7763568394002505e-15
0.5623413251903491,1000.0,10.0,8.298067392639943,16.25721574206939,0.2124038540261105,0.0017625414951651219,0.3453095279349493,0.002865401734124894,1.7255852576848207,3.552713678800501e-15
0.6812920690579608,1000.0,10.0,8.29708911021599,16.184289761298427,0.25805009399316176,0.0021410646247608752,0.41763574941156245,0.0034651610284795694,2.0867687469570337,3.885780586188048e-15
0.8254041852680182,1000.0,10.0,8.295904200430623,16.09627840081567,0.31368957567675393,0.0026023386684880826,0.5049234741526767,0.004188796770119213,2.5225523764691262,1.9761969838327786e-14
1.0,1000.0,10.0,8.294469099037398,15.990151795061363,0.3815959871987336,0.0031651361241365663,0.6101777759694043,0.005061100707697589,3.047866086229049,2.7977620220553945e-14
1.2115276586285877,1000.0,10.0,8.292731093565783,15.862315901567237,0.46460008488734117,0.003852803570018556,0.736963331437796,0.006111438733432037,3.6803944298843847,0.0
1.4677992676220675,1000.0,10.0,8.290626419360823,15.708530024954431,0.5662441025218592,0.004694518316174985,0.8894862485918,0.007374398192233326,4.4409663933918635,1.7763568394002505e-15
1.7782794100389228,1000.0,10.0,8.28807796736095,15.523824792868957,0.690986580515702,0.0057269506537142734,1.0726754610149398,0.008890417854566672,5.353934773541771,3.552713678800501e-15
2.154434690031882,1000.0,10.0,8.284992528189203,15.302429432422425,0.8444769653675447,0.006996485348298,1.292254916984309,0.010706322331730758,6.447498010361405,1.7763568394002505e-15
2.6101572156825332,1000.0,10.0,8.281257484260841,15.037723296207608,1.0339276193160298,0.008562220835644865,1.5547917447581132,0.012875630772745098,7.753886088725856,1.7763568394002505e-15
3.1622776601683795,1000.0,10.0,8.276736847415446,14.722235854188165,1.2686227856625167,0.01050005695556378,1.8676963860520772,0.01545843149822189,9.309285041110993,3.552713678800501e-15
3.831186849557285,1000.0,10.0,8.27126652440788,14.347733007959903,1.5606208745815038,0.01290831119721814,2.239137163514429,0.01852050026413451,11.153305953623521,4.440892098500626e-16
4.641588833612772,1000.0,10.0,8.264648677123635,13.905446722449822,1.9257294073253801,0.015915476998749782,2.6778127675417944,0.022131181746849072,13.327709166466779,1.7763568394002505e-15
5.623413251903491,1000.0,10.0,8.256645029822804,13.38652966912703,2.3848612961246003,0.019690953167463953,3.1925016497324705,0.026359352878964706,15.87397333796367,7.993605777301127e-15
6.812920690579608,1000.0,10.0,8.246968964038533,12.782843306756513,2.965913528775843,0.024459796821836386,3.791280789973088,0.03126657500886355,18.829171578647454,2.220446049250313e-14
8.254041852680173,1000.0,10.0,8.235276236058944,12.088203960182254,3.7063324694156505,0.03052267170831237,4.4802902834542335,0.03689642810197644,22.219548357132176,3.552713678800501e-15
10.0,1000.0,10.0,8.221154156902626,11.30018547205571,4.656512890014826,0.038281910302416046,5.261945931018568,0.04325926866419015,26.051340507041026,0.0
12.115276586285876,1000.0,10.0,8.204109097268729,10.422447429871111,5.8840598752669715,0.048273469151551666,6.1326304724183975,0.0503127694489552,30.299057964703586,3.552713678800501e-15
14.677992676220676,1000.0,10.0,8.183552230001519,9.46724047761066,7.478640635840061,0.0612018462528089,7.0802089345128945,0.057941259614909674,34.89304212126895,5.329070518200751e-15
17.78279410038923,1000.0,10.0,8.158783513931631,8.457204933843972,9.556637823372792,0.0779705391219494,8.082244455078829,0.0659412828156625,39.710768701088874,1.0658141036401503e-14
21.54434690031882,1000.0,10.0,8.128974074105964,7.425051418972853,12.264311378322065,0.09969626923114283,9.106314260233514,0.07402499253209967,44.578892478625306,2.842170943040401e-14
26.10157215682533,1000.0,10.0,8.093147368437329,6.409854047628542,15.778339109076471,0.12769642363893405,10.113685080316955,0.08185154379297103,49.29215181445759,3.552713678800501e-15
31.622776601683793,1000.0,10.0,8.0501598792027,5.450185240787886,20.304119760455073,0.1634514102781422,11.06612138456219,0.08908404638838958,53.64766668212517,3.552713678800501e-15
38.31186849557285,1000.0,10.0,7.998682563041131,4.576618912250602,26.074534809167492,0.208561926917497,11.933320913577258,0.09545084591060447,57.48184297347305,0.0
46.41588833612773,1000.0,10.0,7.937184968084304,3.807044135567267,33.35281434330753,0.2647274566490071,12.697563625035276,0.10078291113592402,60.6928877063106,7.105427357601002e-15
56.23413251903491,1000.0,10.0,7.8639248047429104,3.146439348119351,42.44142502044884,0.333756174966944,13.353936967459736,0.10501435615937994,63.241123461255896,7.105427357601002e-15
68.12920690579608,1000.0,10.0,7.776946834062639,2.5899868473942407,53.69621050714715,0.4175925743047191,13.907247896842355,0.10815592750187243,65.1330219444631,1.4210854715202004e-14
82.54041852680173,1000.0,10.0,7.674096157732741,2.127199197202071,67.54388875509157,0.5183382971737759,14.36793059357368,0.11026088096271448,66.4006545479071,1.7763568394002505e-15
100.0,1000.0,10.0,7.55305220867889,1.7453642302647372,84.5017275982531,0.6382459602731675,14.748629274556553,0.11139716691717551,67.08494194404462,1.4210854715202004e-14
121.15276586285876,1000.0,10.0,7.411390665028078,1.4317567644922256,105.19945767701904,0.7796742785934753,15.06200351499856,0.11163039224768043,67.22539352095443,0.0
146.77992676220674,1000.0,10.0,7.246680677739941,1.1747768928805902,130.4043145567565,0.9449984265923687,15.319597547320953,0.11101623153692292,66.8555372960101,2.842170943040401e-14
177.82794100389228,1000.0,10.0,7.05662355763942,0.9643815873033768,161.05045945331034,1.136472466146882,15.531409772352154,0.1095993120829313,66.00224845625812,2.842170943040401e-14
215.44346900318823,1000.0,10.0,6.8392356317818175,0.7921277654073451,198.27416238064174,1.356043716215379,15.705846918459082,0.10741598787203602,64.68741988398538,3.552713678800501e-15
261.0157215682533,1000.0,10.0,6.593071652566367,0.6510351187699424,243.45624157034695,1.6051244449378042,15.84985631460346,0.10449923836506211,62.93091227471963,0.0
316.22776601683796,1000.0,10.0,6.31747568879365,0.535385303177025,298.2734255338531,1.8843351144233202,15.969120835909175,0.10088453265226435,60.75408561387521,5.684341886080802e-14
383.1186849557285,1000.0,10.0,6.012834603549608,0.4405152634397004,364.76056460257706,2.1932449448526676,16.068259620831807,0.0966157874669564,58.18338717642553,5.684341886080802e-14
464.1588833612773,1000.0,10.0,5.6807972834942815,0.36262952680869065,445.3859747807069,2.530147435640692,16.151010528195517,0.09175061673426063,55.253512879052906,5.684341886080802e-14
562.341325190349,1000.0,10.0,5.3244145841983475,0.2986395351403679,543.1426573675628,2.8919166861880976,16.220387071115308,0.08636406548278867,52.00965589432108,0.0
681.2920690579608,1000.0,10.0,4.948155215959631,0.24603031469166634,661.6587186609866,3.273990039927527,16.278810277064725,0.08055007998207508,48.50839198813144,1.1368683772161603e-13
825.4041852680173,1000.0,10.0,4.557765296686211,0.20275164006767935,805.3310363863608,3.6705098499860958,16.32821884247386,0.07442018919692527,44.81688547297153,2.2737367544323206e-13
1000.0,1000.0,10.0,4.159964474539972,0.16712993280204516,979.487107689804,4.074631571259493,16.37016144886665,0.06809929006976907,41.01035104562195,1.1368683772161603e-13
1211.5276586285877,1000.0,10.0,3.7620046952241872,0.13779720324175257,1190.5810934963126,4.478971663778275,16.40587449162994,0.061718976866770574,37.168036625487616,0.0
1467.7992676220676,1000.0,10.0,3.3711495190587994,0.11363378720579881,1446.431374305693,4.876136431842196,16.436347499564427,0.05540938496823991,33.36831157037689,2.2737367544323206e-13
1778.2794100389228,1000.0,10.0,2.9941516647611044,0.0937221639298418,1756.5084887154596,5.2592528156544045,16.462377652354895,0.04929085545372442,29.683646972314214,3.552713678800501e-15
2154.4346900318824,1000.0,10.0,2.636806910571833,0.0773096493212815,2132.284187329013,5.622421680452186,16.48461427757197,0.043466744845212874,26.176285583687637,0.0
2610.157215682533,1000.0,10.0,2.303643446970721,0.06377819617951652,2587.654569714428,5.961033492546482,16.50359407920692,0.03801839635202981,22.895213430139403,0.0
3162.2776601683795,1000.0,10.0,1.9977742533738152,0.05261989322189934,3139.452971074572,6.2719183152907085,16.51976801131186,0.033002767204707184,19.87473095762584,1.7763568394002505e-15
3831.1868495572853,1000.0,10.0,1.7209067334987034,0.0434170440511566,3808.0715399748096,6.553335954787427,16.533520980104207,0.028452647583103407,17.13458487401225,9.094947017729282e-13
4641.588833612773,1000.0,10.0,1.4734781784874322,0.03582593665410856,4618.21443069049,6.8048381871981976,16.545185764900754,0.024378970183602154,14.681359002949524,1.7763568394002505e-15
5623.413251903491,1000.0,10.0,1.2548725466907378,0.029563594983792314,5599.810376518569,7.027048308167076,16.555052595743252,0.02077448101141944,12.510684886671504,9.094947017729282e-13
6812.920690579608,1000.0,10.0,1.0636733200774844,0.024396946686943036,6789.118292859593,7.221403994964746,16.56337570422452,0.017618020827003235,10.609820133282508,9.094947017729282e-13
8254.041852680173,1000.0,10.0,0.8979151307435117,0.020133953393424227,8230.066694549763,7.3899014120644715,16.57037792528379,0.014878793061250596,8.96021861537624,0.0
10000.0,1000.0,10.0,0.7553087220734082,0.016616338802399322,9975.876359242606,7.534866424461856,16.5762541436021,0.012520189333968137,7.539834251100678,1.8189894035458565e-12
12115.276586285852,1000.0,10.0,0.6334256996944743,0.013713620261994587,12091.026142540015,7.658766694362589,16.5811741096643,0.01050294181217001,6.325019398697728,1.8189894035458565e-12
14677.992676220676,1000.0,10.0,0.5298391108256673,0.011318205660017264,14653.634535062174,7.764068692421633,16.585284933456514,0.008787532621932936,5.2919758382372,0.0
17782.794100389227,1000.0,10.0,0.4422223535186988,0.009341362322822325,17758.344913997353,7.853137082464725,16.588713409529834,0.007335899885809482,4.417782171361264,3.637978807091713e-12
21544.34690031878,1000.0,10.0,0.3684124654977706,0.0077099006504669455,21519.821049217873,7.928170329813178,16.591568230529713,0.006112540558283935,3.6810579643194843,0.0
26101.572156825332,1000.0,10.0,0.30644516487873574,0.006363444250074373,26076.98196456017,7.99116503766946,16.593942094167353,0.005085133321035309,3.0623388642640896,3.552713678800501e-15
31622.776601683792,1000.0,10.0,0.2545688933811614,0.0052521818035364655,31598.13256155475,8.043901639106236,16.595913686553097,0.004224803381835092,2.5442360648734956,3.552713678800501e-15
38311.86849557277,1000.0,10.0,0.21124421010428743,0.004335014942209966,38287.17949492645,8.08794498952681,16.59754952055812,0.0035061362381370942,2.111444594979846,0.0
46415.888336127726,1000.0,10.0,0.175133674323216,0.0035780318801786433,46391.161868853655,8.124654634215412,16.598905612528622,0.00290702732966639,1.7506527772417926,9.379164112033322e-13
56234.13251903491,1000.0,10.0,0.14508613176013782,0.00295324917307168,56209.374880842224,8.155200770116856,16.600028988572337,0.0024084339930581134,1.4503928517364821,8.189005029635155e-13
68129.20690579595,1000.0,10.0,0.12011823343918653,0.002437574271715826,68104.42336967392,8.180583024559683,16.600959019595923,0.001994077870830192,1.2008617624540514,4.654054919228656e-13
82540.41852680173,1000.0,10.0,0.09939512933240233,0.0020119499676521093,82515.61349800439,8.201650075576667,16.60172859081039,0.0016501309604250397,0.9937320916113579,2.611244553918368e-13
100000.0,1000.0,10.0,0.08221159559360616,0.001660648731932734,99975.17715114364,8.219118833348956,16.602365116079714,0.0013649069268205397,0.821966163761231,1.4921397450962104e-13
