time_h,plasma_mg_l,free_plasma_nm,liver_mg_l,kidney_mg_l,brain_mg_l,lung_mg_l,rest_mg_l,amount_blood_mg,amount_liver_mg,amount_gut_depot_mg,amount_kidney_mg,amount_brain_mg,amount_lung_mg,amount_rest_mg,hepatic_eliminated_mg,renal_eliminated_mg,presystemic_loss_mg,auc_to_time_mg_h_l
0.0,0.0,0.0,0.0,0.0,0.0,0.0,0.0,0.0,0.0,100.0,0.0,0.0,0.0,0.0,0.0,0.0,0.0,0.0
1e-05,1.6373020132641813e-08,3.6384489183648475e-06,0.0004999500458561962,7.28910821190094e-12,1.1073161678742665e-12,1.1381867466238443e-11,8.984147690402387e-14,8.186510066320905e-08,0.0008999100825411532,99.99900000499998,2.2596235456892913e-12,1.550242635023973e-12,5.6909337331192216e-12,5.4794316763764156e-12,3.5373551152558368e-09,3.7703299056985165e-14,9.99995000016652e-05,5.027106540931387e-14
1.03131007630134e-05,1.7414168533279728e-08,3.869815229617717e-06,0.0005156019069252018,7.403099349420624e-12,1.1246527758502597e-12,1.475301662920762e-11,9.124816292216034e-14,8.707084266639864e-08,0.0009280834324653633,99.99896869524169,2.2949607983203934e-12,1.5745138861903634e-12,7.37650831460381e-12,5.56522545662256e-12,3.762324535157781e-09,4.161961544870508e-14,0.00010313047583172393,5.5492820598273766e-14
1.063600473480678e-05,1.8521517791039454e-08,4.1158928424532125e-06,0.0005317437263773194,7.514655315444015e-12,1.1416207646349982e-12,1.850251391055948e-11,9.262494722824417e-14,9.260758895519726e-08,0.000957138707479175,99.99893640518273,2.329543147787645e-12,1.5982690704889973e-12,9.25125695527974e-12,5.649195531450612e-12,4.001601350886098e-09,4.5921441965266146e-14,0.000106359481727088,6.122858928702187e-14
1.0969018854594994e-05,1.9699276730490655e-08,4.377617051220146e-06,0.0005483908383233917,7.623440178207567e-12,1.1581691328578497e-12,2.2667409890700188e-11,9.396769199799242e-14,9.849638365245326e-08,0.000987103508982105,99.99890310413049,2.363266455244346e-12,1.6214367860009896e-12,1.1333704945350094e-11,5.731089534957558e-12,4.256095445799418e-09,5.064618252240884e-14,0.00010968958695127487,6.752824336321213e-14
1.1312459671883222e-05,2.0951921707288094e-08,4.655982601619577e-06,0.0005655590565716141,7.729102811808161e-12,1.1742445660348457e-12,2.728827933313363e-11,9.527207171171422e-14,1.0475960853644047e-07,0.0010180063018289055,99.99886876043138,2.39602187166053e-12,1.6439423924487838e-12,1.3644139666566815e-11,5.81064365369745e-12,4.526774565131519e-09,5.5834858059817874e-14,0.0001131239568625243,7.444647741309086e-14
1.1666653647365719e-05,2.228421360856478e-08,4.952047468569951e-06,0.0005832646896205129,7.83127727039838e-12,1.1897914923754932e-12,3.240955563948992e-11,9.653357767745058e-14,1.1142106804282389e-07,0.0010498764413169233,99.99883334144077,2.4276959538234977e-12,1.6657080893256903e-12,1.620477781974496e-11,5.887582902547711e-12,4.814667995342621e-09,6.15324562329517e-14,0.00011666585592226555,8.20432749772693e-14
1.2031937463246046e-05,2.370121593313499e-08,5.266936874029998e-06,0.0006015245561196879,7.929583339331662e-12,1.204752165332525e-12,3.807989717684363e-11,9.774752472325989e-14,1.1850607966567493e-07,0.0010827442010154383,99.99879681349202,2.458170835192815e-12,1.6866530314655349e-12,1.9039948588421816e-11,5.9616215328716214e-12,5.120870477412474e-09,6.778831492921564e-14,0.0001203186507977663,9.038441990562123e-14
1.2408658343273257e-05,2.5208314020043672e-08,5.6018475600097045e-06,0.0006203560008128424,8.023627290079882e-12,1.2190667769534506e-12,4.4352588528858424e-11,9.890906038789043e-14,1.2604157010021836e-07,0.0011166408014631163,99.99875914186438,2.487324459924763e-12,1.7066934877348307e-12,2.2176294264429212e-11,6.032463593057437e-12,5.446546368947107e-09,7.465654288188297e-14,0.00012408581356190593,9.954205717584434e-14
1.2797174382798401e-05,2.6811235498346875e-08,5.958052332965973e-06,0.0006397769109780918,8.11300286898332e-12,1.2326736065829084e-12,5.128598001556593e-11,1.0001317697884138e-13,1.3405617749173436e-07,0.0011515984397605652,99.99872029075007,2.5150308893848293e-12,1.7257430492160715e-12,2.5642990007782964e-11,6.099803663939536e-12,5.7929340709169375e-09,8.219648097209764e-14,0.00012797092499311437,1.0959530796279726e-13
1.31978548891654e-05,2.8516072035629152e-08,6.336904896806478e-06,0.0006598057333810143,8.197292553485423e-12,1.2455092100086961e-12,5.894396914811463e-11,1.010547269109314e-13,1.4258036017814575e-07,0.0011876503200858258,99.99868022322022,2.541160691580481e-12,1.7437128940121746e-12,2.9471984574057313e-11,6.1633277942977065e-12,6.16135073584938e-09,9.047320815690935e-14,0.00013197767797861536,1.206309442092129e-13
1.3611080732759181e-05,3.0329302467673635e-08,6.7398449928163636e-06,0.0006804614917563377,8.276069113488936e-12,1.257508654747532e-12,6.739652803731941e-11,1.0202844178742368e-13,1.5164651233836818e-07,0.001224830685161408,99.99863890118976,2.5655814251815703e-12,1.7605121166465447e-12,3.3698264018659705e-11,6.222714664614971e-12,6.553197275367425e-09,9.955809634255094e-14,0.00013610988102419924,1.3274412845673503e-13
1.403724470904557e-05,3.225781739693e-08,7.168403865984445e-06,0.000701763804834718,8.34889751988758e-12,1.268605807835443e-12,7.672028116136044e-11,1.0292895574001209e-13,1.6128908698465002e-07,0.0012631748487024923,99.99859628538127,2.5881582311651495e-12,1.7760481309696201e-12,3.836014058068022e-11,6.2776370105833375e-12,6.969963686104075e-09,1.0952941894039974e-13,0.0001403714618738688,1.4603922525386676e-13
1.4476751911946399e-05,3.430894535297493e-08,7.624210078438874e-06,0.0007237329049314959,8.415337247222193e-12,1.2787336832287544e-12,8.699913832170895e-11,1.0375083360408792e-13,1.7154472676487465e-07,0.0013027192288766927,99.99855233528757,2.60875454663888e-12,1.790227156520256e-12,4.3499569160854474e-11,6.327763341513322e-12,7.4132347142305864e-09,1.2047301830174353e-13,0.00014476647124278931,1.606306910689918e-13
1.493002011890501e-05,3.6490480614068915e-08,8.108995692015314e-06,0.0007463896571148887,8.47494502283289e-12,1.2878248567426548e-12,9.832498808098624e-11,1.0448860457230723e-13,1.8245240307034456e-07,0.0013435013828067997,99.99850700913333,2.627232957078196e-12,1.8029547994397165e-12,4.916249404049312e-11,6.372759992865018e-12,7.884695880123389e-09,1.3248303773062061e-13,0.0001492990866670912,1.766440503074946e-13
1.53974801880085e-05,3.881071279519416e-08,8.62460284337648e-06,0.0007697555789716068,8.52727808088289e-12,1.2958119573634104e-12,1.107984574858914e-10,1.0513680204322232e-13,1.9405356397597077e-07,0.0013855600421488923,99.99846026383526,2.6434562050736956e-12,1.8141367403087745e-12,5.53992287429457e-11,6.412293556616129e-12,8.386139886062683e-09,1.456627243258739e-13,0.00015397361647418665,1.9421696576783234e-13
1.5879576467543417e-05,4.127845831462941e-08,9.172990736584314e-06,0.0007938528609883924,8.571897986275517e-12,1.3026282447765247e-12,1.2452974443685956e-10,1.056900104633661e-13,2.0639229157314702e-07,0.0014289351497791063,99.99841205496122,2.6572883757454102e-12,1.8236795426871344e-12,6.226487221842978e-11,6.446033738160699e-12,8.91947343130925e-09,1.6012530950884103e-13,0.00015879450387736214,2.1350041267845522e-13
1.6376767218375162e-05,4.390309385822524e-08,9.75624307960561e-06,0.0008187043875686233,8.608375100839849e-12,1.308208284066639e-12,1.396395296785947e-10,1.0614292005150523e-13,2.195154692911262e-07,0.001473667897623522,99.99836233668802,2.668596281260353e-12,1.8314915976932946e-12,6.981976483929735e-11,6.473656693941304e-12,9.486724460455038e-09,1.7599497475709035e-13,0.0001637663311985476,2.3465996634278765e-13
1.6889525049551807e-05,4.6694591968082394e-08,1.03765759929072e-05,0.0008443337587036283,8.636293772294482e-12,1.312488729776591e-12,1.5625997605710258e-10,1.0649039039368378e-13,2.3347295984041195e-07,0.001519800765666531,99.99831106175776,2.6772510694112894e-12,1.8374842216872273e-12,7.812998802855129e-11,6.494848910110773e-12,1.0090049872586703e-08,1.9340791079281535e-13,0.000168893824223264,2.57877214390421e-13
1.7418337367546668e-05,4.966355889036612e-08,1.103634642008136e-05,0.0008707653123190222,8.655258335493758e-12,1.3154092328749964e-12,1.745358234251969e-10,1.0672752400816304e-13,2.483177944518306e-07,0.0015673775621742401,99.99825818143309,2.683130084003065e-12,1.841572926024995e-12,8.726791171259844e-11,6.509311689257864e-12,1.073174372055243e-08,2.1251347927331444e-13,0.00017418185669188944,2.8335130569775314e-13
1.7963706839567072e-05,5.2821274825522e-08,1.1738061072338222e-05,0.0008980241473169842,8.664900025403913e-12,1.31691348568732e-12,1.9462558838583728e-10,1.0684975110149461e-13,2.6410637412761e-07,0.0016164434651705717,99.99820364545069,2.6861190078752127e-12,1.843678879962248e-12,9.731279419291864e-11,6.5167663196801565e-12,1.1414245931483521e-08,2.3347548690714485e-13,0.00017963545493151315,3.1130064920952706e-13
1.8526151871368822e-05,5.61797367332233e-08,1.248438594071629e-05,0.0009261361473359962,8.66488491224495e-12,1.3169504215092554e-12,2.167028789479217e-10,1.0685292687193562e-13,2.8089868366611647e-07,0.0016670450652047932,99.99814740197367,2.6861143227959343e-12,1.8437305901129575e-12,1.0835143947396085e-10,6.516960009919354e-12,1.214015158170028e-08,2.5647358288052123e-13,0.00018525980263276812,3.419647771740289e-13
1.9106207100031592e-05,5.975170385403367e-08,1.3278156412007484e-05,0.0009551280052502972,8.65492298137449e-12,1.3154755874595787e-12,2.4095783513997233e-10,1.067334428655412e-13,2.9875851927016834e-07,0.001719230409450535,99.99808939754224,2.6830261242260917e-12,1.84166582244341e-12,1.2047891756998617e-10,6.509672680369358e-12,1.291222076123872e-08,2.817047915326981e-13,0.0001910602457761898,3.7560638871026473e-13
1.9704423902162825e-05,6.355074612001298e-08,1.4122388026669552e-05,0.0009850272484319095,8.63477849389883e-12,1.3124527111600753e-12,2.675987076915733e-10,1.0648835405497843e-13,3.177537306000649e-07,0.0017730490471774372,99.99802957702288,2.6767813331086373e-12,1.8374337956241055e-12,1.3379935384578665e-10,6.4947247138131346e-12,1.373338906547141e-08,3.0938519337523176e-13,0.00019704229771277072,4.1251359116697635e-13
2.032137091801349e-05,6.759129563739907e-08,1.5020287919422016e-05,0.0010158622647988356,8.604281778803811e-12,1.3078554840723876e-12,2.9685358805968955e-10,1.061155234929938e-13,3.379564781869953e-07,0.0018285520766379041,99.99796788355596,2.6673273514291817e-12,1.8309976777013425e-12,1.4842679402984478e-10,6.471985777837692e-12,1.4606778753677583e-08,3.3975176881825245e-13,0.00020321164440353963,4.530023584243372e-13
2.0957634592004368e-05,7.18887014360898e-08,1.5975266985797733e-05,0.0010476623296737661,8.563342623744665e-12,1.3016695867969088e-12,3.2897230435697847e-10,1.0561378659326512e-13,3.5944350718044895e-07,0.0018857921934127791,99.99790425850176,2.654636213360846e-12,1.8223374215156723e-12,1.6448615217848923e-10,6.44138484432324e-12,1.5535710616950365e-08,3.730644203579597e-13,0.00020957414982314518,4.974192271439469e-13
2.161381973017563e-05,7.645928769295954e-08,1.6990952820657675e-05,0.001080457633478297,8.511965449676334e-12,1.2938949843710335e-12,3.642284991426883e-10,1.0498313731299871e-13,3.8229643846479765e-07,0.0019448237402609348,99.99783864138467,2.6387092893996633e-12,1.811452978119447e-12,1.8211424957134414e-10,6.402921544719791e-12,1.6523716600519458e-08,4.096081905052778e-13,0.00021613586153256624,5.461442540070377e-13
2.2290550075090836e-05,8.132041564915537e-08,1.8071203477590083e-05,0.0011142793102885359,8.45026647441506e-12,1.2845485226189036e-12,4.0292190657595624e-10,1.0422493875619791e-13,4.0660207824577685e-07,0.0020057027585193648,99.99777096983574,2.6195826070686686e-12,1.798367931666465e-12,2.0146095328797812e-10,6.356679014740511e-12,1.7574553228434608e-08,4.496956944093202e-13,0.0002229030164262524,5.995942592124276e-13
2.2988468898740817e-05,8.649054945542855e-08,1.9220122101206345e-05,0.0011491594672786516,8.378493092186498e-12,1.2736668599309533e-12,4.4538084811899473e-10,1.0334216098634751e-13,4.324527472771427e-07,0.002068487041101573,99.99770117953341,2.5973328585778143e-12,1.7831336039033346e-12,2.2269042405949736e-10,6.3028383985573345e-12,1.869221588159773e-08,4.936697879649307e-13,0.00022988204665914266,6.582263839532416e-13
2.3708239614011376e-05,9.198932619436515e-08,2.04420724876367e-05,0.0011851312150797965,8.29704572044323e-12,1.2613097725203864e-12,4.919649678285192e-10,1.0233964913487275e-13,4.599466309718257e-07,0.0021332361871436336,99.99762920414241,2.572084173337401e-12,1.7658336815285408e-12,2.459824839142596e-10,6.241695200735889e-12,1.9880953983372207e-08,5.419064942071781e-13,0.0002370795857591939,7.225419922762383e-13
2.4450546405296573e-05,9.783763034411767e-08,2.174169563202615e-05,0.0012222286990826764,8.206502391952246e-12,1.2475638752497187e-12,5.430682303034102e-10,1.0122442521994465e-13,4.891881517205883e-07,0.0022000116583488177,99.9975549752507,2.5440157415051963e-12,1.746589425349606e-12,2.715341151517051e-10,6.173677694164424e-12,2.1145287150442932e-08,5.948182130043106e-13,0.00024450247493122847,7.930909506724149e-13
2.5216094878855864e-05,1.0405767296495235e-07,2.3123927325544968e-05,0.0012604871317128147,8.107646399611854e-12,1.2325468045816617e-12,5.991222065822013e-10,1.0000602745209142e-13,5.202883648247618e-07,0.0022688768370830665,99.99747842230443,2.5133703838796745e-12,1.7255655264143263e-12,2.9956110329110065e-10,6.099367614303056e-12,2.2490022370261274e-08,6.528572414831209e-13,0.000252157769558075,8.704763219774953e-13
2.600561273353467e-05,1.1067307590772586e-07,2.4594016868383523e-05,0.0012999428257085683,8.001497333932748e-12,1.2164119151265458e-12,6.605996757249028e-10,9.869689120201691e-14,5.533653795386293e-07,0.002339897086275423,99.99739947254095,2.4804641735191517e-12,1.7029766811771639e-12,3.302998378624514e-10,6.019523394411011e-12,2.3920272270308604e-08,7.165196352780725e-13,0.000260052745905189,9.553595137040975e-13
2.6819850452484794e-05,1.1770896136228632e-07,2.6157546969396964e-05,0.0013406332284327377,7.88934588891193e-12,1.199353546679085e-12,7.280185724901384e-10,9.731277624575038e-14,5.885448068114316e-07,0.0024131398111789278,99.99731805091965,2.4456972255626985e-12,1.679094965350719e-12,3.640092862450692e-10,5.935106223228316e-12,2.5441474548551303e-08,7.863494436100245e-13,0.0002681949080351074,1.048465924813367e-12
2.765958201654262e-05,1.2519204708389555e-07,2.7820454907532347e-05,0.001382596957249623,7.772792851473982e-12,1.1816129246108965e-12,8.019463144539516e-10,9.587324538682845e-14,6.259602354194778e-07,0.0024886745230493215,99.99723408005062,2.4095657839569344e-12,1.6542580944552548e-12,4.009731572269758e-10,5.847309236142667e-12,2.7059412638868238e-08,8.629433543974943e-13,0.0002765919949383062,1.1505911391966598e-12
2.85256056399438e-05,1.3315074765712624e-07,2.958905503491694e-05,0.0014258738360003564,7.653792733116458e-12,1.163484763067143e-12,8.830045451356642e-10,9.440220008914367e-14,6.657537382856311e-07,0.0025665729048006416,99.99714748012113,2.3726757472661017e-12,1.628878668294e-12,4.415022725678321e-10,5.757590183436873e-12,2.8780237689917967e-08,9.469557891101507e-13,0.00028525198788723657,1.2626077188135353e-12
2.9418744529072375e-05,1.4161528217936932e-07,3.147006270652652e-05,0.0014705049326102272,7.53470255027807e-12,1.145324647666956e-12,9.718743332261054e-10,9.292847934231704e-14,7.080764108968466e-07,0.002646908878698409,99.99705816881979,2.3357577905862016e-12,1.603454506733738e-12,4.859371666130527e-10,5.667707955087917e-12,3.061049194089187e-08,1.039104490920487e-12,0.00029418311802050835,1.3854726545606503e-12
3.033984766496726e-05,1.5061778877024097e-07,3.347061972672022e-05,0.0015165325978628978,7.418336312689231e-12,1.127557282394467e-12,1.069301871885165e-09,9.14865286293771e-14,7.530889438512049e-07,0.002729758676153216,99.99696606125836,2.2996842569336615e-12,1.5785801953522537e-12,5.346509359425825e-10,5.579763381105709e-12,3.25571335829044e-08,1.1401766539289619e-12,0.00030339387416443593,1.5202355385719504e-12
3.1289790610328485e-05,1.6019244633879244e-07,3.5598321408620544e-05,0.001564000505377282,7.308025837051746e-12,1.11068569416424e-12,1.1761047263209152e-09,9.011714658013631e-14,8.009622316939622e-07,0.0028152009096791076,99.996871069891,2.265488009486041e-12,1.554959971829936e-12,5.880523631604576e-10,5.496244769922513e-12,3.462756320040047e-08,1.2510356458653969e-12,0.00031289301089935814,1.6680475278205303e-12
3.226947634179082e-05,1.7037560406770264e-07,3.786124534837836e-05,0.0016129536928240768,7.207688567358711e-12,1.0953014982318326e-12,1.293178682518818e-09,8.886831767946807e-14,8.518780203385132e-07,0.0029033166470833383,99.99677310443121,2.2343834558812004e-12,1.5334220975245656e-12,6.46589341259409e-10,5.420078695270758e-12,3.6829651892957165e-08,1.3726283817457529e-12,0.00032268955687839434,1.830171175661005e-12
3.327983610825664e-05,1.81205919102602e-07,4.026798202280045e-05,0.0016634386044200025,7.121903153594146e-12,1.0820963382862934e-12,1.4215052550957539e-09,8.779614026491963e-14,9.0602959551301e-07,0.0029941894879560046,99.99667207176593,2.2077899776141854e-12,1.5149348736008107e-12,7.107526275478769e-10,5.3546865947574486e-12,3.9171771184229796e-08,1.5059934115313261e-12,0.0003327928234065395,2.0079912153751026e-12
3.432183031610225e-05,1.927245029654399e-07,4.2827667325653316e-05,0.0017155031347388795,7.055993618087161e-12,1.071874626803771e-12,1.5621599178532911e-09,8.696586000064381e-14,9.636225148271994e-07,0.0030879056425299834,99.99656787586711,2.18735802160702e-12,1.5006244775252793e-12,7.810799589266456e-10,5.304047801439266e-12,4.1662824831564436e-08,1.6522697909444405e-12,0.00034321241328822403,2.2030263879259218e-12
3.5396449442101054e-05,2.049750772435693e-07,4.5550017165237625e-05,0.0017691966738799996,7.016123024143742e-12,1.065567724167084e-12,1.7163211267465098e-09,8.64530200631686e-14,1.0248753862178465e-06,0.0031845540129839993,99.99646041770048,2.17499813748456e-12,1.4917948138339176e-12,8.581605633732549e-10,5.272769693652653e-12,4.431228265701451e-08,1.8127068112941737e-12,0.00035395822995175753,2.4169424150588996e-12
3.650471497492984e-05,2.1800413914095615e-07,4.844536425354581e-05,0.0018245701540352882,7.0093976555180805e-12,1.064249709282923e-12,1.885280211719559e-09,8.634474042860908e-14,1.0900206957047807e-06,0.003284226277263519,99.9963495951314,2.172913273210605e-12,1.489949592996092e-12,9.426401058597795e-10,5.266165718740868e-12,4.713021652815418e-08,1.9886746715131705e-12,0.0003650404868592963,2.6515662286842285e-12
3.764768038615356e-05,2.318611375149034e-07,5.1524697225534086e-05,0.0018816760974981067,7.043982818665995e-12,1.069154910085096e-12,2.070452221246139e-09,8.674113992100844e-14,1.1593056875745169e-06,0.003387016975496592,99.99623530282788,2.1836346737864585e-12,1.4968168741191343e-12,1.0352261106230694e-09,5.290342123782305e-12,5.012733862523719e-08,2.181676183666789e-12,0.0003764697172112746,2.9089015782223866e-12
3.882643213161257e-05,2.4659866006095573e-07,5.479970223576794e-05,0.00194056866615783,7.1292314934836145e-12,1.081697379541152e-12,2.2733878115142733e-09,8.775691607911267e-14,1.2329933003047785e-06,0.003493023599084094,99.99611743216046,2.2100617629799204e-12,1.5143763313576126e-12,1.1366939057571367e-09,5.352294311665082e-12,5.331504213991692e-08,2.393359612036635e-12,0.00038825678395451444,3.1911461493821813e-12
4.004209068416216e-05,2.6227263235035527e-07,5.8282807188967836e-05,0.002001303712525524,7.2758271834022645e-12,1.1034925217362957e-12,2.4957862810789613e-09,8.952309943665335e-14,1.3113631617517762e-06,0.003602346682545943,99.99599587109897,2.255506426854702e-12,1.544889530430814e-12,1.2478931405394806e-09,5.4600138346414884e-12,5.6705444559953166e-08,2.625532755577345e-12,0.00040041289010349173,3.5007103407697946e-12
4.129581159874845e-05,2.7894252946882e-07,6.198722877084888e-05,0.002063938832337597,7.495942453417268e-12,1.1363810934642015e-12,2.739509861551037e-09,9.218900050303346e-14,1.3947126473440997e-06,0.003715089898207674,99.99587050410615,2.3237421605593527e-12,1.590933530849882e-12,1.3697549307755184e-09,5.6226071406800114e-12,6.031143370414264e-08,2.8801783941829766e-12,0.00041294958938457724,3.8402378589106365e-12
4.258878661083112e-05,2.9667160105249006e-07,6.59270224561089e-05,0.0021285334187854817,7.803414796113298e-12,1.1824558296968083e-12,3.0065993855764448e-09,9.592436959242246e-14,1.4833580052624503e-06,0.003831360153813867,99.99574121202787,2.4190585867951226e-12,1.6554381615755316e-12,1.5032996927882224e-09,5.850427301441846e-12,6.41467166821211e-08,3.1594712308659165e-12,0.00042587879721333054,4.212628307821224e-12
4.3922244769197726e-05,3.15527110567e-07,7.011713568155556e-05,0.0021951487184209764,8.21394163237651e-12,1.244090966541177e-12,3.299291465080965e-09,1.0092179169641969e-13,1.577635552835e-06,0.003951267693157757,99.99560787197984,2.5463219060367184e-12,1.7417273531576477e-12,1.6496457325404826e-09,6.155220075564637e-12,6.822587196477435e-08,3.4657964747493615e-12,0.0004392128020152694,4.621061966332483e-12
4.5297453604247436e-05,3.355805897288458e-07,7.457346438418796e-05,0.002263847888788321,8.74529643674976e-12,1.323974963047457e-12,3.620037325609739e-09,1.0739934084703095e-13,1.677902948644229e-06,0.004074926199818978,99.99547035723099,2.7110418953924255e-12,1.8535649482664395e-12,1.8100186628048695e-09,6.550285798260418e-12,7.256440476278161e-08,3.801770223812102e-12,0.0004529642769008637,5.069026965082805e-12
4.671572033285293e-05,3.569081090247197e-07,7.931291311660438e-05,0.0023346960578355088,9.417568178936007e-12,1.4251467537570755e-12,3.9715234566882385e-09,1.1560352089290977e-13,1.7845405451235984e-06,0.004202452904103916,99.99532853708294,2.919446135470162e-12,1.9952054552599055e-12,1.9857617283441193e-09,7.050658739258568e-12,7.717880592333855e-08,4.1702618217214336e-12,0.00046714629170581336,5.56034909562858e-12
4.8178393100946615e-05,3.7959056534458413e-07,8.435345896546314e-05,0.0024077603851589613,1.025342649459065e-11,1.5510358974476535e-12,4.356694253593615e-09,1.2581252233482438e-13,1.8979528267229207e-06,0.0043339686932861304,99.99518227674592,3.1785622133231015e-12,2.171450256426715e-12,2.1783471267968075e-09,7.673305737200939e-12,8.208661456844076e-08,4.574418379979907e-12,0.0004817723254080374,6.099224506639878e-12
4.968686226501331e-05,4.037139878080875e-07,8.971421951290834e-05,0.0024831101251373386,1.1278415242250998e-11,1.705507024441501e-12,4.778776842883329e-09,1.3833982786050544e-13,2.0185699390404373e-06,0.00446959822524721,99.99503143721067,3.4963087250978094e-12,2.387709834218101e-12,2.3893884214416643e-09,8.437346101212227e-12,8.730648471227919e-08,5.017691675137672e-12,0.0004968562789331652,6.690255566850232e-12
5.1242561713705045e-05,4.293698629316673e-07,9.541552509592607e-05,0.0025608166920116837,1.2521277371199747e-11,1.8929090254264836e-12,5.241308302625679e-09,1.5353820251105394e-13,2.1468493146583363e-06,0.0046094700456210305,99.99487587511639,3.881595985071922e-12,2.650072635597077e-12,2.6206541513128396e-09,9.36429497114918e-12,9.285825611035589e-08,5.50386765114179e-12,0.0005124124883606471,7.338490201522389e-12
5.2846970230837276e-05,4.566554803558122e-07,0.00010147899563462494,0.0026409537269710807,1.4014314319650927e-11,2.118129469355226e-12,5.748165508676691e-09,1.7180410803047366e-13,2.283277401779061e-06,0.004753716708547945,99.99471544261456,4.344437439091787e-12,2.9653812570973162e-12,2.8740827543383453e-09,1.047833254877859e-11,9.876302960896832e-08,6.037098779185083e-12,0.0005284557385430418,8.049465038913446e-12
5.450161290105955e-05,4.856743004283814e-07,0.0001079276223174181,0.002723597167304447,1.579378348648867e-11,2.3866547870362038e-12,6.303597860718529e-09,1.935825849286594e-13,2.428371502141907e-06,0.004902474901148005,99.99454998722848,4.8960728808114885e-12,3.3413167018506852e-12,3.1517989303592646e-09,1.1806601854798937e-11,1.0504324728072962e-07,6.6219395518645084e-12,0.0005450012771513694,8.829252735819347e-12
5.620806255953782e-05,5.165363450212338e-07,0.00011478585444916307,0.0028088253176810187,1.7900337675779472e-11,2.704636810946857e-12,6.912263166312897e-09,2.1937265016192216e-13,2.5826817251061688e-06,0.005055885571825834,99.9943793517084,5.5491046794916365e-12,3.7864915353256e-12,3.4561315831564486e-09,1.3379537933375632e-11,1.117227776499187e-07,7.263385415278102e-12,0.0005620648291598585,9.684513887037473e-12
5.796794128702756e-05,5.493586130437657e-07,0.00012207969178750348,0.0028967189236239308,2.037951080456773e-11,3.07896632106201e-12,7.579266988134842e-09,2.4973326314260736e-13,2.7467930652188283e-06,0.005214094062523075,99.99420337388216,6.317648349415996e-12,4.310552849486814e-12,3.789633494067421e-09,1.5231231719067624e-11,1.1882700633071902e-07,7.966915472105897e-12,0.0005796626117838335,1.0622553962807866e-11
5.978292195175599e-05,5.842655222086167e-07,0.00012983678271302594,0.002987361247242956,2.3282254594525792e-11,3.517354311626371e-12,8.3102057890676e-09,2.8528991807319056e-13,2.9213276110430833e-06,0.005377250245037321,99.99402188650114,7.217498924302995e-12,4.9242960362769194e-12,4.1551028945338e-09,1.7399832103283893e-11,1.263829324218719e-07,8.738539320985361e-12,0.0005978113498848761,1.1651385761313818e-11
6.165472979958253e-05,6.213893787023279e-07,0.00013808652860051733,0.003080838145294701,2.6665531440688577e-11,4.028421765387328e-12,9.111214242214299e-09,3.26741926407468e-13,3.106946893511639e-06,0.005545508661530462,99.99383471708143,8.26631474661346e-12,5.6397904715422594e-12,4.5556071211071495e-09,1.9927990091591472e-11,1.3441927102307242e-07,9.58484843288674e-12,0.0006165282918579003,1.2779797910515656e-11
6.358514409394608e-05,6.608708765171046e-07,0.00014686019478157882,0.0031772381496401893,3.059296916991972e-11,4.621798800473603e-12,9.989017108386668e-09,3.7487045962317303e-13,3.304354382585523e-06,0.005719028669352341,99.99364168773985,9.483820442675113e-12,6.4705183206630444e-12,4.994508554193334e-09,2.2863349332417325e-11,1.4296656226156919e-07,1.0513072504013347e-11,0.0006358312260151723,1.4017430005351133e-11
6.557599980715923e-05,7.028596283098005e-07,0.000156191028513289,0.0032766525501720244,3.513558397255173e-11,5.308234141556769e-12,1.0950986122575367e-08,4.3054742950335215e-13,3.514298141549002e-06,0.005897974590309644,99.99344261502517,1.0892031031491036e-11,7.431527798179476e-12,5.475493061287684e-09,2.625908772540945e-11,1.520572872420664e-07,1.1531141267336632e-11,0.0006557384974828158,1.5374855023115513e-11
6.762918936465819e-05,7.475147297709551e-07,0.0001661143843935456,0.003379175480285347,4.03725784178457e-11,6.099715961927407e-12,1.2005202373619518e-08,4.94745290829887e-13,3.7375736488547754e-06,0.006082515864513625,99.99323730974375,1.2515499309532167e-11,8.539602346698369e-12,6.002601186809759e-09,3.0174515287714814e-11,1.617259913592095e-07,1.2647752291585414e-11,0.0006762690256258298,1.686366972211389e-11
6.974666444386341e-05,7.950053596105795e-07,0.0001766678576912399,0.0034849040049687563,4.6392222153053485e-11,7.009605247493348e-12,1.3160524708138021e-08,5.68547859859583e-13,3.975026798052897e-06,0.0062728272089437615,99.99302557677981,1.438158886744658e-11,9.813447346490687e-12,6.580262354069011e-09,3.4675733972835967e-11,1.7200941543975082e-07,1.3872445347741562e-11,0.0006974423220181017,1.8496593796988755e-11
7.193043782936473e-05,8.455114173991338e-07,0.00018789142608869642,0.003593938211593854,5.329282364305036e-11,8.05278294838968e-12,1.4426664741170468e-08,6.53162251256355e-13,4.227557086995669e-06,0.006469088780868938,99.99280721491026,1.6520775329345612e-11,1.1273896127745551e-11,7.213332370585234e-09,3.983636570412509e-11,1.829466352111218e-07,1.5215683979297068e-11,0.0007192785089744835,2.028757863906276e-11
7.418258532619108e-05,8.992242016417535e-07,0.00019982760036483412,0.0037063813034839696,6.11838021393546e-11,9.245812309881128e-12,1.581426911232783e-08,7.499320463735321e-13,4.496121008208767e-06,0.006671486346271145,99.99258201661337,1.8966978663199928e-11,1.2944137233833577e-11,7.907134556163915e-09,4.573835550832173e-11,1.9457920962457213e-07,1.6688944974168217e-11,0.000741798338662455,2.2251926632224292e-11
7.650524773298479e-05,9.563471306122684e-07,0.0002125215845805041,0.003822339696345119,7.018686998124035e-11,1.0607117912654703e-11,1.7335009688066832e-08,8.603518170088125e-13,4.781735653061341e-06,0.006880211453421214,99.99234976787189,2.1757929694184508e-11,1.4849965077716583e-11,8.667504844033416e-09,5.2472857319367477e-11,2.0695133859451558e-07,1.8304816503782195e-11,0.0007650232128114956,2.4406422005042935e-11
7.890063287695763e-05,1.0170965086311298e-06,0.0002260214463624733,0.003941923117644646,8.043733633558976e-11,1.2157183104656659e-11,1.900168247849787e-08,9.860831410893366e-13,5.085482543155649e-06,0.007095461611760362,99.9921102479696,2.4935574264032824e-11,1.7020056346519323e-11,9.500841239248935e-09,6.014121077503864e-11,2.201100307512994e-07,2.0077105769021068e-11,0.000788975203038853,2.6769474358694764e-11
8.137101771255919e-05,1.0817023406384892e-06,0.00024037829791966425,0.00406524470902507,9.208554458491704e-11,1.391876767365605e-11,2.082831611149154e-08,1.1289722602937912e-12,5.408511703192446e-06,0.007317440476245126,99.99186322928189,2.8546518821324284e-11,1.948627474311847e-11,1.041415805574577e-08,6.885601815531833e-11,2.3410528184240368e-07,2.2020957074059272e-11,0.0008136770718109177,2.93612760987457e-11
8.391875048585711e-05,1.150409198091475e-06,0.0002556464884647722,0.0041924211318436185,1.0529845678439892e-10,1.5917147793196362e-11,2.283029078841256e-08,1.291069544502475e-12,5.752045990457374e-06,0.007546358037318514,99.9916084770594,3.264252160316367e-11,2.2284006910474904e-11,1.141514539420628e-08,7.874233151920595e-11,2.489902644573363e-07,2.4152981338375203e-11,0.0008391522940601109,3.220397511783361e-11
8.654625296668259e-05,1.2234771394029844e-06,0.0002718838087562188,0.004323572675929942,1.2026139993926138e-10,1.8180380476117236e-11,2.5024468735257914e-08,1.4746509443137304e-12,6.1173856970149215e-06,0.007782430816673895,99.99134574920522,3.728103398117103e-11,2.545253266656413e-11,1.2512234367628957e-08,8.993896109369441e-11,2.648215297941906e-07,2.6491398155095486e-11,0.0008654250794777116,3.532186420679399e-11
8.925602275066448e-05,1.3011826883395546e-06,0.00028915170851990103,0.004458823371657416,1.371799903152969e-10,2.0739594991176984e-11,2.7429337261095016e-08,1.6822416308211798e-12,6.505913441697773e-06,0.00802588206898335,99.99107479604496,4.2525796997742034e-11,2.9035432987647774e-11,1.3714668630547508e-08,1.0259991706378376e-10,2.8165922223131615e-07,2.905619161120363e-11,0.0008925203955037488,3.8741588814938184e-11
9.205063563334193e-05,1.383819874008253e-06,0.00030751552755738955,0.0045983011054260585,1.562822536003422e-10,2.362931394141e-11,3.006516564331095e-08,1.9166420415669366e-12,6.9190993700412645e-06,0.008276941989766905,99.99079536008965,4.844749861610609e-11,3.3081039517974e-11,1.5032582821655475e-08,1.1689599811516746e-10,2.995673075158742e-07,3.1869281202917486e-11,0.0009204639910357434,4.249237493722332e-11
9.493274805860892e-05,1.4717013362878104e-06,0.00032704474139729124,0.004742137738657527,1.7782096049727113e-10,2.6887806969837878e-11,3.29541771772145e-08,2.180956573243993e-12,7.358506681439052e-06,0.008535847929583548,99.99050717579121,5.512449775415405e-11,3.764292975777303e-11,1.647708858860725e-08,1.3301654140215113e-10,3.1861381543239363e-07,3.49547093087195e-11,0.0009492824208787103,4.6606279078292676e-11
9.790509964381984e-05,1.5651595007985461e-06,0.0003478132223996769,0.004890469230405712,2.020761992649509e-10,3.0557480351366835e-11,3.6120737856999853e-08,2.4786251855067693e-12,7.82579750399273e-06,0.008802844614730281,99.9902099692904,6.264362177213479e-11,4.278047249191357e-11,1.8060368928499927e-08,1.5117135006405787e-10,3.3887109786908405e-07,3.833884682422824e-11,0.0009790030709595783,5.111846243230434e-11
0.00010097051578395834,1.6645478277595233e-06,0.00036989951727989413,0.005043435763689239,2.2935820884954116e-10,3.468530605170116e-11,3.959156329708194e-08,2.8134582063694525e-12,8.322739138797616e-06,0.00907818437464063,99.9899034581567,7.110104474335776e-11,4.855942847238163e-11,1.979578164854097e-08,1.7159281600647292e-10,3.604161032577297e-07,4.2050618718532456e-11,0.0010096541843299153,5.606749162470995e-11
0.00010413191033733974,1.7702421393504833e-06,0.0003933871420778852,0.005201181875654744,2.600104985829761e-10,3.932329418768504e-11,4.3395945658554914e-08,3.189674658354755e-12,8.851210696752416e-06,0.00936212737617854,99.98958735112018,8.060325456072259e-11,5.5052611862759054e-11,2.1697972829277457e-08,1.9453825741305652e-10,3.833306684246609e-07,4.612175144209113e-11,0.0010412648879815104,6.149566858945485e-11
0.00010739228839540625,1.8826420304822756e-06,0.0004183648956627279,0.005363856591683314,2.944132829890948e-10,4.452901321177774e-11,4.756600251636921e-08,3.6119444560542926e-12,9.413210152411377e-06,0.009654941865029965,99.989261347795,9.126811772661939e-11,6.234061849648883e-11,2.3783001258184605e-08,2.2029249237475132e-10,4.0770182895599457e-07,5.058704430332818e-11,0.0010738652205002487,6.744939240443759e-11
0.00011075474913924204,2.0021723855505703e-06,0.00044492719678901566,0.005531613563633049,3.3332699776176564e-10,5.041828073471787e-11,5.213562188032639e-08,4.089665759817046e-12,1.0010861927752852e-05,0.009956904414539489,99.98892513839415,1.0333136930614734e-10,7.058559302860501e-11,2.6067810940163195e-08,2.494287146912416e-10,4.336221494711846e-07,5.5484501177032367e-11,0.0011074861605843828,7.397933490270983e-11
0.00011422248878552749,2.1292850661698004e-06,0.0004731744591488445,0.005704611212607865,3.797574712635598e-10,5.7451026435735066e-11,5.7133501048104196e-08,4.6601698147175725e-12,1.0646425330849001e-05,0.010268300182694158,99.98857840343545,1.1772481609170354e-10,8.043143701002908e-11,2.8566750524052098e-08,2.8422375699962476e-10,4.6119007580449805e-07,6.085475558722154e-11,0.0011421596564542068,8.113967411629541e-11
0.00011779880362473155,2.2644601994399606e-06,0.0005032133776533246,0.0058830128737690016,4.3102309232964675e-10,6.521446298311365e-11,6.261449216084189e-08,5.289940611444905e-12,1.1322300997199802e-05,0.010589423172784202,99.98822081343819,1.336171586221905e-10,9.13002481763591e-11,3.1307246080420944e-08,3.2263347789202476e-10,4.905103030931841e-07,6.674530206007758e-11,0.00117791865618096,8.899373608010347e-11
0.00012148709315442846,2.4082084464315027e-06,0.0005351574325403339,0.00606698694950157,4.879116959010563e-10,7.382805128401139e-11,6.862417867254396e-08,5.9886695353860785e-12,1.2041042232157513e-05,0.010920576509102827,99.98785202861036,1.5125262572932748e-10,1.0335927179761594e-10,3.431208933627198e-08,3.6524895496319693e-10,5.216941786668425e-07,7.320641152341892e-11,0.0012147971389635797,9.760854869789191e-11
0.00012529086331072175,2.5610727420356897e-06,0.0005691272760079309,0.0062567070642490985,5.513170955674971e-10,8.342734817845899e-11,7.521244669816736e-08,6.767353890141102e-12,1.2805363710178447e-05,0.011262072715648377,99.98747169852616,1.709082996259241e-10,1.1679828744984258e-10,3.760622334908368e-08,4.1274091375970585e-10,5.548601219289114e-07,8.0293212552813e-11,0.0012528301473829521,1.0705761673708406e-10
0.00012921372980084133,2.7236303277960747e-06,0.0006052511839546832,0.00645235222480567,6.222515300296926e-10,9.416589826652932e-11,8.243389353729904e-08,7.638450394652018e-12,1.3618151638980372e-05,0.011614234004650207,99.98707946179336,1.928979743092047e-10,1.3183225757314104e-10,4.121694676864952e-08,4.658690895698266e-10,5.901340732071297e-07,8.806616107797081e-11,0.001292053820664078,1.1742154810396113e-10
0.0001332594215400864,2.8964949121110125e-06,0.0006436655360246695,0.006654106985423654,7.018594632460406e-10,1.0621733157628363e-10,9.034827521406916e-08,8.61604538201474e-12,1.4482474560555062e-05,0.011977392573762577,99.98667494571022,2.1757643360627258e-10,1.4870426420679706e-10,4.517413760703458e-08,5.25492607849079e-10,6.276499710603497e-07,9.659155553611241e-11,0.0013325054289776359,1.287887407148166e-10
0.00013743178419637923,3.0803189657221308e-06,0.000684515325716029,0.0068621616178748,7.914328791117912e-10,1.1977768849482958e-10,9.902099677665008e-08,9.716043438180017e-12,1.5401594828610654e-05,0.01235189091217464,99.98625776591187,2.4534419252465527e-10,1.676887638927614e-10,4.951049838832504e-08,5.925814892945992e-10,6.675502598427204e-07,1.0594210187170846e-10,0.001374223408813342,1.4125613582894466e-10
0.00014173478384579716,3.2757961608890687e-06,0.0007279547024197931,0.007076712286606111,8.924282257916078e-10,1.3506799555593436e-10,1.0852364946001589e-07,1.0956376394914664e-11,1.6378980804445342e-05,0.012738082115891,99.98582752600541,2.766527499953984e-10,1.890951937783081e-10,5.4261824730007944e-08,6.682293963258454e-10,7.099864294399684e-07,1.1619753320802195e-10,0.0014172473994585005,1.5493004427736266e-10
0.00014617251074256315,3.4836639631656157e-06,0.0007741475473701369,0.007297961229135716,1.0064851805222152e-09,1.5233711806524792e-10,1.1893459921073783e-07,1.2357234785126554e-11,1.7418319815828078e-05,0.01313633021244429,99.98538381719383,3.120104059618867e-10,2.1327196529134707e-10,5.9467299605368914e-08,7.536677495448685e-10,7.551195892133919e-07,1.274452894831751e-10,0.0014616182806162577,1.699270526442335e-10
0.00015074918320707138,3.704706385237183e-06,0.0008232680856082629,0.007526116941837084,1.1354474229607759e-09,1.7186491816960147e-10,1.3033963150577364e-07,1.394132408168414e-11,1.8523531926185914e-05,0.013547010495306752,99.98492621788802,3.519887011178405e-10,2.4061088543744203e-10,6.516981575288682e-08,8.502813557419157e-10,8.03121078315533e-07,1.3978126285598557e-10,0.0015073782111990146,1.8637501714131413e-10
0.0001554691516356495,3.939756912857981e-06,0.0008755015361906626,0.007761394371264156,1.2813856241317671e-09,1.9396574986364413e-10,1.4283265787224506e-07,1.573414827509793e-11,1.9698784564289905e-05,0.013970509868275482,99.98445429330667,3.9722954348084783e-10,2.7155204980910175e-10,7.141632893612253e-08,9.596257032982226e-10,8.541731146780968e-07,1.5331061524903618e-10,0.0015545706693336856,2.044141536653816e-10
0.0001603369026358666,4.189701613538322e-06,0.0009310448030085161,0.008004015111173364,1.4466228788888732e-09,2.1899232560089197e-10,1.565164900360351e-07,1.7764323602956576e-11,2.094850806769161e-05,0.014407227200112054,99.98396759506383,4.484530924555507e-10,3.0658925584124875e-10,7.825824501801756e-08,1.0834460965443217e-09,9.084694851177067e-07,1.681486750130699e-10,0.001603240493616537,2.2419823335075993e-10
0.0001653570632913161,4.455482439281185e-06,0.0009901072087291523,0.008254207605402283,1.6337628327452277e-09,2.4733999266545883e-10,1.715036881981633e-07,2.0063925527126084e-11,2.2277412196405925e-05,0.014857573689724112,99.98346566074343,5.064664781510206e-10,3.4627598973164233e-10,8.575184409908165e-08,1.2236988178994199e-09,9.662162791592668e-07,1.8442192037317937e-10,0.0016534339256565336,2.458958938309059e-10
0.0001705344055599329,4.738100735354918e-06,0.0010529112745233152,0.008512207356768936,1.84572077913957e-09,2.794514612964005e-10,1.8791749056417922e-07,2.266887236594885e-11,2.369050367677459e-05,0.015321973242184084,99.98294801346053,5.721734415332667e-10,3.912320458149607e-10,9.395874528208961e-08,1.3825745255992205e-09,1.0276326693406482e-06,2.0226905805917596e-10,0.0017051986539473765,2.6969207741223467e-10
0.00017587385081001822,5.038620967816134e-06,0.0011196935484035853,0.008778257142158883,2.0857580309205955e-09,3.1582203077267546e-10,2.0589283193849874e-07,2.5619349330774887e-11,2.519310483908067e-05,0.01580086285588599,99.98241416140891,6.465849895853846e-10,4.4215084308174563e-10,1.0294641596924937e-07,1.5625241156839604e-09,1.0929517409364184e-06,2.2184220633624212e-10,0.0017585838591095597,2.957896084483229e-10
0.0001813804744982904,5.358174683268562e-06,0.0011907054851707916,0.009052607233972066,2.357519900294749e-09,3.570053643008998e-10,2.2557745994867778e-07,2.896027709217787e-11,2.679087341634281e-05,0.01629469302114972,99.98186359739455,7.308311690913723e-10,4.998075100212597e-10,1.1278872997433889e-07,1.7662872998519283e-09,1.1624213742235387e-06,2.4330819254459747e-10,0.0018136402605451638,3.2441092339279666e-10
0.0001870595109944055,5.697964715159354e-06,0.0012662143811465233,0.009335515628104647,2.6650776549623174e-09,4.0361986864118233e-10,2.4713315829033493e-07,3.2741829414467936e-11,2.848982357579677e-05,0.016803928130588366,99.98129579835451,8.261740730383184e-10,5.650678160976552e-10,1.2356657914516746e-07,1.9969241759883996e-09,1.2363051826085179e-06,2.6684997623592835e-10,0.0018704201645493579,3.5579996831457114e-10
0.0001929163585565317,6.059269651778573e-06,0.001346504367061905,0.009627248278645336,3.0129748549605576e-09,4.5635574000365796e-10,2.707370872889267e-07,3.702000485128513e-11,3.0296348258892864e-05,0.017329046901561604,99.98071022486076,9.340222050377728e-10,6.388980360051211e-10,1.3536854364446336e-07,2.25785009587988e-09,1.314883510144476e-06,2.92668210068213e-10,0.001928977513923937,3.9022428009095074e-10
0.00019895658446271358,6.443448582042862e-06,0.0014318774626761916,0.009928079339470068,3.4062785151666625e-09,5.159827438994634e-10,2.965832530675602e-07,4.185725799416539e-11,3.221724291021431e-05,0.017870542811046122,99.9801063206086,1.0559463397016654e-09,7.223758414592488e-10,1.482916265337801e-07,2.5528741650641474e-09,1.3984544921887513e-06,3.209829517985276e-10,0.0019893679391397145,4.279772690647036e-10
0.00020518593030289536,6.8519461361114366e-06,0.0015226546969136525,0.010238291412922252,3.850635582843074e-09,5.833588033889163e-10,3.248841176988327e-07,4.73231963144036e-11,3.425973068055718e-05,0.018428924543260054,99.97948351188904,1.193697030681353e-09,8.167023247444828e-10,1.6244205884941636e-07,2.8862417432154757e-09,1.4873351831874234e-06,3.5203554200536895e-10,0.002051648811095889,4.693807226738254e-10
0.00021161031743664044,7.2862978389078965e-06,0.0016191772975350882,0.010558175805770674,4.352335268428471e-09,6.594394775967212e-10,3.558723639127969e-07,5.3495349241176805e-11,3.643148919453948e-05,0.01900471645038721,99.97884120704474,1.349223933212826e-09,9.232152686354097e-10,1.7793618195639846e-07,3.2626813502193734e-09,1.5818627558240565e-06,3.8609066358927756e-10,0.0021158792955261446,5.147875514523702e-10
0.00021823585262173287,7.748135795704511e-06,0.0017218079546010025,0.010888032792640815,4.9183778214172895e-09,7.452884205241984e-10,3.8980282924252925e-07,6.046001678101489e-11,3.8740678978522554e-05,0.019598459026753466,99.97817879590897,1.5246971246393596e-09,1.0434037887338777e-09,1.9490141462126463e-07,3.687456423474098e-09,1.6823957760361993e-06,4.2343860065496885e-10,0.002182120409102692,5.64584800873292e-10
0.0002250688338190073,8.239195127023092e-06,0.001830932250449576,0.011228171888695352,5.563350777362438e-09,8.431458095996895e-10,4.269273319962017e-07,6.839906547361556e-11,4.119597563511546e-05,0.020210709399651635,99.9774956492271,1.7246387409823559e-09,1.1804041334395652e-09,2.1346366599810084e-07,4.171659003235813e-09,1.7893155639978709e-06,4.6439398940726386e-10,0.002250435077291023,6.19191985876352e-10
0.0002321157561789343,8.761319303173201e-06,0.0019469598451496,0.011578912124371265,6.291200437842137e-09,9.535927299093497e-10,4.675706137855542e-07,7.735955665181139e-11,4.380659651586601e-05,0.020842041823868278,99.97679111805991,1.9502721357310625e-09,1.3350298218730894e-09,2.337853068927771e-07,4.718159360193977e-09,1.9030276210785769e-06,5.093086395987603e-10,0.002320888194009912,6.790781861316806e-10
0.0002393833182156402,9.31646771706503e-06,0.0020703261593477845,0.011940582335453042,7.108288016003716e-09,1.0775821161637854e-09,5.120807447841816e-07,8.74187443784884e-11,4.6582338585325144e-05,0.021493048203815476,99.97606453316848,2.203569284961152e-09,1.5086149626292994e-09,2.560403723920908e-07,5.331669219644007e-09,2.0239631726656292e-06,5.585673485412517e-10,0.0023935466831526814,7.44756464721669e-10
0.00024687842817423984,9.906723139961296e-06,0.00220149403110251,0.012313521459336433,8.027363126297352e-09,1.217056069803574e-09,5.608163698082366e-07,9.873422410467021e-11,4.9533615699806475e-05,0.02216433862680558,99.97531520437973,2.488482569152179e-09,1.7038784977250036e-09,2.804081849041183e-07,6.021800328143836e-09,2.152580800651143e-06,6.125890450614475e-10,0.0024684795620276627,8.167853934152634e-10
0.0002546082105975307,1.0534299109189156e-05,0.00234095535759759,0.012698078837770613,9.062762941903799e-09,1.3741990059688277e-09,6.141695052566963e-07,1.1148325650435017e-10,5.2671495545945774e-05,0.022856541907987103,99.97454241993223,2.809456511990178e-09,1.9238786083563586e-09,3.0708475262834815e-07,6.7993638142003175e-09,2.2893681720284055e-06,6.718330778269646e-10,0.002545758006777474,8.957774371026195e-10
0.00026258001309828705,1.1201548080424847e-05,0.0024892329067610773,0.013094614529487028,1.0230591280852661e-08,1.5514650165861602e-09,6.725686737166878e-07,1.258649882852985e-10,5.6007740402124235e-05,0.02357030615307665,99.97374544580161,3.171483297064325e-09,2.172051023220624e-09,3.362843368583439e-07,7.676505635520356e-09,2.4348438808783244e-06,7.368031195011239e-10,0.0026254554198385533,9.82404159334832e-10
0.00027080141334360157,1.1910970082532613e-05,0.0026468822405628033,0.013503499631789895,1.1548916741147128e-08,1.7516081457024257e-09,7.364823356579003e-07,1.4210290936795033e-10,5.9554850412663066e-05,0.024306299337221813,99.97292352500496,3.58016418975561e-09,2.452251403983396e-09,3.6824116782895014e-07,8.666856442351291e-09,2.589559406747583e-06,8.080514483702948e-10,0.0027076474995044123,1.077401931160393e-09
0.00027928022625790073,1.2665221905375514e-05,0.0028144937567501148,0.013925116611336573,1.3037991841394e-08,1.9777158762802423e-09,8.064226465698354e-07,1.6044757071817078e-10,6.332610952687757e-05,0.02506520990040583,99.97207587688342,4.04177747083214e-09,2.768802226792339e-09,4.032113232849177e-07,9.785697338101236e-09,2.754101196747226e-06,8.861836439661509e-10,0.002792412311657819,1.181578191954868e-09
0.0002880245114514911,1.346712685280264e-05,0.0029926948561783645,0.014359859644340976,1.4720495320152374e-08,2.23324615776087e-09,8.829495706153608e-07,1.811795895620226e-10,6.73356342640132e-05,0.025847747359813756,99.97120169636261,4.563353549247236e-09,3.126544620865218e-09,4.414747853076804e-07,1.1050143167387758e-08,2.929092879159811e-06,9.718637367409137e-10,0.0028798303637393463,1.2958183156545513e-09
0.00029704258088169373,1.4319685094900108e-05,0.0031821522433111357,0.014808134966436452,1.6621799963441377e-08,2.5220683367756994e-09,9.666753848552209e-07,2.0461297139528257e-10,7.159842547450054e-05,0.026654642939585613,99.97030015318978,5.152757988666827e-09,3.530895671485979e-09,4.833376924276104e-07,1.2479345125398284e-08,3.1151976168304934e-06,1.0658198557314469e-09,0.002969984681021649,1.421093140975262e-09
0.0003063430067538469,1.522608465558135e-05,0.003383574367906967,0.015270361232438346,1.877026856751407e-08,2.848508389743245e-09,1.0582696113664371e-06,2.310987811512999e-10,7.613042327790675e-05,0.027486650218389024,99.9693703911474,5.8187832559293616e-09,3.987911745640543e-09,5.291348056832186e-07,1.4094714662417782e-08,3.3131206091351697e-06,1.168850422401514e-09,0.0030629608852609956,1.558467229868685e-09
0.00031593462966969207,1.618971307368979e-05,0.003597714016375509,0.015746969886250576,2.1197580905218933e-08,3.2173988960467146e-09,1.1584644181605537e-06,2.6102919913403757e-10,8.094856536844894e-05,0.028344545795251037,99.96841152724201,6.5712500806178696e-09,4.5043584544654e-09,5.792322090802769e-07,1.5920170855184952e-08,3.523611751868807e-06,1.2818309435169188e-09,0.003158847275799844,1.7091079246892248e-09
0.00032582656703088604,1.7214169777997513e-05,0.0038253710617772254,0.016238405541163636,2.3939094851342393e-08,3.634134234401275e-09,1.2680605337355963e-06,2.948420008874751e-10,8.607084888998755e-05,0.029229129974094548,99.96742265086804,7.421119403916142e-09,5.087787928161785e-09,6.340302668677982e-07,1.7982413634127108e-08,3.747468464980791e-06,1.4057214610253291e-09,0.0032577349131964334,1.8742952813671055e-09
0.0003360282217056268,1.8303279218814713e-05,0.004067395381958825,0.01674512637079511,2.7034245137801555e-08,4.104731533279715e-09,1.387933724401972e-06,3.330255040895982e-10,9.151639609407357e-05,0.030141227467431194,99.96640282294541,8.380615992718482e-09,5.746624146591601e-09,6.93966862200986e-07,2.0311225494424597e-08,3.985538698704253e-06,1.5415747225253282e-09,0.003359717705459735,2.0554329633671038e-09
0.0003465492909666339,1.9461104801380934e-05,0.0043246899558624305,0.017267604510927022,3.0526983556223015e-08,4.6358979592966646e-09,1.5190418882437406e-06,3.7612402986356607e-10,9.730552400690466e-05,0.031081688119668643,99.9653510750303,9.463364902429134e-09,6.4902571430153305e-09,7.595209441218703e-07,2.2939804581378897e-08,4.2387241292847135e-06,1.6905451420655618e-09,0.0034648924969705253,2.2540601894207488e-09
0.0003573997757089748,2.0691963668795423e-05,0.0045982141486212045,0.01780632647249731,3.446626480636089e-08,5.2351049857230626e-09,1.662432824752674e-06,4.247439306283326e-10,0.00010345981834397711,0.03205138765049516,99.96426640839829,1.0684542089971875e-08,7.329146980012287e-09,8.31216412376337e-07,2.5905132329022006e-08,4.507983556212306e-06,1.8538986277672744e-09,0.0035733591601717603,2.471864837023032e-09
0.000368589989956505,2.2000443203169663e-05,0.0048889873784821476,0.01836179356886913,3.891883684073222e-08,5.912603084187604e-09,1.8192020774308574e-06,4.797173825986324e-10,0.00011000221601584831,0.033051228423964435,99.96314779309887,1.2064839420626989e-08,8.277644317862645e-09,9.096010387154287e-07,2.9257963164690592e-08,4.794336525030842e-06,2.03301579920368e-09,0.003685220690114064,2.710687732271573e-09
0.00038013057066595374,2.3391415257471265e-05,0.005198092279438058,0.018934522343705153,4.393474972971779e-08,6.67596189210987e-09,1.99064820564539e-06,5.416583857507976e-10,0.00011695707628735631,0.034082140218669274,99.96199416698056,1.3619772416212514e-08,9.346346648953817e-09,9.95324102822695e-07,3.303574494694115e-08,5.09886713247302e-06,2.229425964655643e-09,0.003800583301944697,2.9725679528741904e-09
0.00039203248783797667,2.4870056451611114e-05,0.005526679211469137,0.019525045027993706,4.9586467520150735e-08,7.536258335851306e-09,2.1781227919865725e-06,6.114659752573509e-10,0.00012435028225805557,0.035145081050388674,99.9608044346857,1.5371804931246727e-08,1.0550761670191828e-08,1.0890613959932862e-06,3.729330983094583e-08,5.422728144624758e-06,2.4447956811860164e-09,0.0039195565314310956,3.2597275749146882e-09
0.00040430705494478827,2.644186613757053e-05,0.005875970252793451,0.0201339099977362,5.5958690399525376e-08,8.506461685823372e-09,2.3830870100739614e-06,6.901928752841694e-10,0.00013220933068785264,0.036241037995925166,99.95957746661388,1.7347194023852867e-08,1.190904636015272e-08,1.1915435050369807e-06,4.209486346358149e-08,5.767145324193938e-06,2.6809498831667532e-09,0.004042253338612902,3.5745998442223374e-09
0.0004169659396842801,2.8112686046461666e-05,0.0062472635658803715,0.020761682245977957,6.31462193902914e-08,9.60109160878876e-09,2.6071360558093984e-06,7.790176738809439e-10,0.00014056343023230832,0.037371028042760324,99.95831209785321,1.9575328010990332e-08,1.3441528252304262e-08,1.3035680279046992e-06,4.751228792999877e-08,6.133422038644274e-06,2.939889324168125e-09,0.004168790214679166,3.919852432224166e-09
0.00043002117507085483,2.9888721349448648e-05,0.006641938077655256,0.021408943868330144,7.12550688480974e-08,1.0836389153956345e-08,2.8520115993183364e-06,8.792587049654881e-10,0.00014944360674724324,0.03853609896299426,99.9570071270783,2.208907134291019e-08,1.5170944815538882e-08,1.4260057996591682e-06,5.3625988415845124e-08,6.522944161569883e-06,3.2238075417827674e-09,0.0042992872921705,4.298410055710356e-09
0.0004434851708735161,3.177656298893692e-05,0.007061458441985982,0.022076294561520608,8.040369568348931e-08,1.2230505692567953e-08,3.119615407794763e-06,9.923893879745359e-10,0.0001588828149446846,0.039737330210737096,99.95566131541392,2.4925145661881686e-08,1.7122707969595134e-08,1.5598077038973814e-06,6.052582877256694e-08,6.93718528247384e-06,3.535109461534749e-09,0.004433868458608894,4.713479282046331e-09
0.0004573707254120787,3.378321135411277e-05,0.00750738030091395,0.022764352135246562,9.07243571981517e-08,1.3803711640798341e-08,3.4120242503882886e-06,1.1200551737502842e-09,0.00016891605677056386,0.04097583384344381,99.95427338526339,2.8124550731427026e-08,1.9325196297117677e-08,1.7060121251941443e-06,6.831216504702984e-08,7.377712244242853e-06,3.876431798388837e-09,0.004572661473661001,5.1685757311851155e-09
0.0004716910377227306,3.591610137898091e-05,0.007981355861995757,0.023473753037603788,1.0236461061638593e-07,1.5578626978899298e-08,3.7315062068925737e-06,1.2640922600994433e-09,0.00017958050689490453,0.04225275546768682,99.95284201910056,3.173302929107964e-08,2.1810077770459018e-08,1.8657531034462869e-06,7.709698694346505e-08,7.846191028806765e-06,4.250665429715898e-09,0.004715798089944154,5.667553906287863e-09
0.00048645972010448804,3.8183129145299005e-05,0.008485139810066447,0.0242051528943649,1.1548896869974178e-07,1.7580475780735528e-08,4.080538513633108e-06,1.4265482567992684e-09,0.000190915645726495,0.04356927520985682,99.95136585822414,3.580158029691995e-08,2.4612666093029737e-08,2.040269256816554e-06,8.700517818218738e-08,8.344393012739118e-06,4.660979930394788e-09,0.004863414177587321,6.214639907193051e-09
0.000501690811058488,4.059268045043069e-05,0.009020595655651265,0.024959227063502364,1.3028547881162037e-07,1.983813179560104e-08,4.461806643157024e-06,1.6097672331161604e-09,0.00020296340225215342,0.044926608714304254,99.94984350147337,4.0388498431602314e-08,2.7773384513841456e-08,2.230903321578512e-06,9.817970354775463e-08,8.87420162134556e-06,5.1108470877105275e-09,0.005015649852662984,6.814462783614036e-09
0.0005173987886324115,4.3153660414613084e-05,0.009589702314358465,0.025736671202373114,1.4696520575853346e-07,2.2384001303002357e-08,4.878237613119335e-06,1.8163800320185474e-09,0.0002157683020730654,0.046326008164271605,99.9482735039039,4.5559213785145375e-08,3.13376018242033e-08,2.4391188065596676e-06,1.107810181528112e-07,9.437619390683308e-06,5.6040728068224245e-09,0.005172649609609253,7.472097075763233e-09
0.0005335985841827132,4.587552424368136e-05,0.010194560943040304,0.026538201847432975,1.6575283738189648e-07,2.5252500295331868e-08,5.333073132805446e-06,2.0491802710908956e-09,0.0002293776212184068,0.047768763325379354,99.94665437542236,5.1383379588387906e-08,3.5353500413464614e-08,2.666536566402723e-06,1.2497950473383372e-07,1.0036775464410388e-05,6.144837619219153e-09,0.005334562457765083,8.193116825625536e-09
0.0005503055965677615,4.87683133906325e-05,0.010837402975696112,0.02736455701936456,1.8692185318038097e-07,2.8485710705729387e-08,5.8297536443769615e-06,2.3115847200206348e-09,0.0002438415669531625,0.04925620263485621,99.94498457937854,5.79457744859181e-08,3.987999498802114e-08,2.9148768221884807e-06,1.4098355207405853e-07,1.0673933613349715e-05,6.737708379880876e-09,0.005501542062145474,8.983611173174501e-09
0.0005675357067853532,5.184268953692783e-05,0.01152059767487285,0.028216496831079966,2.107778240423914e-07,3.213066787643787e-08,6.372030182421212e-06,2.6074124021141625e-09,0.00025921344768463914,0.05078969429594394,99.94326253111413,6.534112545314134e-08,4.4982935027013015e-08,3.186015091210606e-06,1.5902608240494278e-07,1.1351500694620147e-05,7.38769121439307e-09,0.005673746888586966,9.850254952524092e-09
0.0005853052930685375,5.510997225758934e-05,0.012246660501686522,0.029094804115886753,2.3766191474028158e-07,3.623990211293482e-08,6.963992867282965e-06,2.9409285767765284e-09,0.0002755498612879467,0.052370647408596156,99.94148659646602,7.367519356948729e-08,5.0735862958108746e-08,3.4819964336414826e-06,1.7936723389760046e-07,1.2072035665726824e-05,8.100273854295592e-09,0.005851340353398052,1.0800365139060788e-08
0.0006036312464540928,5.858217890923967e-05,0.013018261979831039,0.03000028507138007,2.679547519686662e-07,4.087203681472739e-08,7.610102052637847e-06,3.3168933171388236e-09,0.00029291089454619836,0.054000513128484126,99.93965509022347,8.306597311028651e-08,5.7220851540618344e-08,3.8050510263189234e-06,2.0229732341229687e-07,1.2838259163593758e-05,8.88147205940574e-09,0.006034490977653018,1.184196274587432e-08
0.0006225309868384435,6.227206686574333e-05,0.013838237081276296,0.030933769919311627,3.020806950480782e-07,4.609244893165068e-08,8.315222377563527e-06,3.740615149768809e-09,0.0003113603343287167,0.05568078585476093,99.93776627453728,9.364501546490425e-08,6.452942850431095e-08,4.157611188781763e-06,2.2814011798439967e-07,1.3653063683658859e-05,9.737880522148129e-09,0.006223372546271766,1.2983840696197503e-08
0.0006420224795363042,6.619317876601913e-05,0.014709595281337586,0.03189611358307632,3.405183927971781e-07,5.19749583555028e-08,9.084633781661378e-06,4.218088523630419e-09,0.0003309658938300956,0.057413004449537376,99.93581835727967,1.0556070176712521e-07,7.276494169770391e-08,4.542316890830689e-06,2.5726121905621926e-07,1.4519524404362209e-05,1.0676723901563659e-08,0.006418164272032913,1.4235631868751544e-08
0.0006621242523577621,7.035988931669529e-05,0.01563553095926562,0.03288819637922977,3.838017671225396e-07,5.860190093490673e-08,9.924093182064402e-06,4.755999371120643e-09,0.0003517994465834764,0.05919875348261358,99.93380949035328,1.1897854780798728e-07,8.204266130886942e-08,4.962046591032201e-06,2.90068401644648e-07,1.544091067207229e-05,1.1705922660653891e-08,0.0066190509646712695,1.5607896880871854e-08
0.0006828554132200514,7.4787455502689e-05,0.016619434556153112,0.033910924726948545,4.3252668724825156e-07,6.606517931087212e-08,1.0839874303239325e-05,5.361810539499086e-09,0.0003739372775134449,0.06103966450850738,99.93173776794784,1.3408327304695798e-07,9.249125103522097e-08,5.419937151619662e-06,3.270168248040493e-07,1.6420698215214807e-05,1.2834159138664244e-08,0.006826223205215918,1.7112212184885656e-08
0.0007042356683107557,7.949207204014974e-05,0.017664904897811053,0.03496523188034178,4.873830396305468e-07,7.447149949876847e-08,1.1838699450235821e-05,6.0441883712436805e-09,0.0003974603602007487,0.0629374173846152,99.92960122474271,1.510887422854695e-07,1.0426009929827586e-07,5.9193497251179105e-06,3.686350487621521e-07,1.746258215721648e-05,1.4070929252252468e-08,0.007039877525729455,1.876123900300329e-08
0.0007262853408196906,8.449092547572138e-05,0.01877576121682697,0.03605207866664474,5.491405097656708e-07,8.393995660216044e-08,1.2927888421513538e-05,6.812805626269239e-09,0.00042245462737860686,0.06489374159996053,99.92739783405386,1.7023355802735795e-07,1.1751593924302461e-07,6.463944210756769e-06,4.155130151461609e-07,1.8570490772944955e-05,1.542664088311578e-08,0.007260216594613777,2.056885451082104e-08
0.0007490253902573006,8.980225357565885e-05,0.01995605635014641,0.03717245424701101,6.18657219972541e-07,9.460337871292545e-08,1.411541263148611e-05,7.678450665591094e-09,0.00044901126787829423,0.06691041764461982,99.92512550592348,1.9178373819148773e-07,1.3244473019809561e-07,7.057706315743055e-06,4.683087060944008e-07,1.974860013708657e-05,1.691270167134923e-08,0.007487449407653094,2.2550268895132308e-08
0.0007724774323778985,9.544540813456841e-05,0.021210090696570757,0.03832737689481977,6.968892643135178e-07,1.0660981056514018e-07,1.5409954226641816e-05,8.653147989918778e-09,0.00047722704067284204,0.06898927841067559,99.9227820851503,2.160356719371905e-07,1.4925373479119625e-07,7.704977113320908e-06,5.277554959051463e-07,2.1001349686711483e-05,1.8541615277651383e-08,0.007721791484969312,2.4722153703535177e-08
0.0007966637597267137,0.00010144092317054511,0.022542427371232247,0.03951789479589309,7.849187719525635e-07,1.2012708247898102e-07,1.6820889364500483e-05,9.75053037798094e-09,0.0005072046158527255,0.07113221063260756,99.9203653492593,2.433248193052947e-07,1.681779154705734e-07,8.410444682250242e-06,5.946848477530576e-07,2.2333458781985778e-05,2.0327071066321542e-08,0.007963465074070836,2.7102761421762058e-08
0.0008216073628302712,0.00010781058176599005,0.023957907059108906,0.040745086855217064,8.839363375656041e-07,1.3533963537840852e-07,1.8358499661656888e-05,1.098557888270207e-08,0.0005390529088299502,0.07334115633939071,99.91787300640819,2.7402026464533727e-07,1.894754895297719e-07,9.179249830828444e-06,6.700104560559992e-07,2.3749944216882035e-05,2.2284089498652238e-08,0.00821269935918081,2.9712119331536322e-08
0.0008473319520502297,0.00011457749690407535,0.025461665978683413,0.042010063543083405,9.953129284812228e-07,1.5246055829597485e-07,2.0033766404080013e-05,1.2375604758514517e-08,0.0005728874845203767,0.07561811437755013,99.91530269322963,3.0854700782917907e-07,2.1344478161436477e-07,1.0016883202040007e-05,7.547881342218005e-07,2.5256138981087977e-05,2.4429090403899113e-08,0.008469730677036288,3.257212053853215e-08
0.0008738619801214867,0.00012176618611926998,0.027059152470948884,0.0433139677366216,1.12057949892008e-06,1.7172795600126437e-07,2.1858618149389175e-05,1.3939952213070735e-08,0.0006088309305963499,0.07796514192591888,99.91265197260644,3.4737964466522485e-07,2.404191384017701e-07,1.0929309074694588e-05,8.501976854751841e-07,2.685771202063644e-05,2.678006531469935e-08,0.008734802739356066,3.5706753752932465e-08
0.0009012226653959314,0.00012940265418598542,0.02875614537466343,0.0446579755875862,1.261441488941206e-06,1.9340718869159862e-07,2.384602805653927e-05,1.5700180293135067e-08,0.000647013270929927,0.08038435605765516,99.90991833137821,3.910468615717738e-07,2.7077006416823806e-07,1.1923014028269636e-05,9.575539960783077e-07,2.8560689287760114e-05,2.9356731184720723e-08,0.009008166862179907,3.91423082462943e-08
0.000929440015813975,0.00013751448206746812,0.030558773792770697,0.046043297411681824,1.4198084293548574e-06,2.177956821643979e-07,2.6010053716139636e-05,1.7680454634984588e-08,0.0006875724103373406,0.08287793534102729,99.90709917797712,4.401406131000058e-07,3.0491395503015707e-07,1.3005026858069818e-05,1.07833092818771e-06,3.0371476124875448e-05,3.2180684622730504e-08,0.009290082202288689,4.2907579496974014e-08
0.0009585408536266312,0.00014613091793991954,0.03247353731998212,0.047471178591461646,1.597806485494748e-06,2.452246318809413e-07,2.8365986222215307e-05,1.9907684736951907e-08,0.0007306545896995976,0.08544812146463096,99.90419183999079,4.953200105033719e-07,3.433144846333178e-07,1.4182993111107653e-05,1.2141696921066968e-06,3.229688099148375e-05,3.527559664300752e-08,0.00958081600092074,4.703412885734336e-08
0.0009885528408916325,0.0001552829807053659,0.03450732904563687,0.04894290051046232,1.797845153526347e-06,2.760702778717261e-07,3.093023824301114e-05,2.2412444185551866e-08,0.0007764149035268294,0.08809722091883218,99.90119356164993,5.573319975931676e-07,3.8649838902041646e-07,1.546511912150557e-05,1.3669349708768083e-06,3.434414078455423e-05,3.866736096090216e-08,0.009880643835005875,5.155648128120288e-08
0.0010195045057678571,0.00016500356070996044,0.036667457935546766,0.050459781490132034,2.022623121790132e-06,3.1075452131098443e-07,3.372056027949222e-05,2.5229019367510695e-08,0.0008250178035498022,0.09082760668223766,99.89810150123854,6.270131677549409e-07,4.350563298353782e-07,1.686028013974611e-05,1.5387178912244773e-06,3.6520947591800094e-05,4.238433324228362e-08,0.01018984987614581,5.651244432304482e-08
0.0010514252696330096,0.00017532752696125547,0.03896167265805677,0.05202317774689074,2.2751444698465826e-06,3.497472548862692e-07,3.6756231459031295e-05,2.8395597905916526e-08,0.0008766376348062773,0.09364171994440333,99.89491272842425,7.052947856524407e-07,4.896461568407768e-07,1.8378115729515647e-05,1.731847516281849e-06,3.883547711799627e-05,4.645758404302508e-08,0.010508727157575337,6.19434453907001e-08
0.0010843454750503773,0.0001862918449207253,0.04139818776016118,0.05363448437596405,2.5587725268008015e-06,3.935752471070004e-07,4.0058085553334174e-05,3.195499282406612e-08,0.0009314592246036265,0.09654207187673529,99.89162422150653,7.932194833082485e-07,5.510053459498005e-07,2.0029042776667087e-05,1.948935012339793e-06,4.129641894741002e-05,5.092113433813666e-08,0.010837577849346448,6.789484578418221e-08
0.0011182964146112175,0.0001979356962120202,0.04398571026933783,0.055295136346417965,2.877259675978523e-06,4.4282657050195125e-07,4.364869815962989e-05,3.595500130187791e-08,0.000989678481060101,0.09953124542355234,99.88823286458016,8.919504995533421e-07,6.199571987027317e-07,2.1824349079814943e-05,2.192895529401534e-06,4.391300860396775e-05,5.581225370189996e-08,0.011176713541984027,7.441633826919997e-08
0.0011533103606802108,0.00021030061465077723,0.046733469922394945,0.057006609528666846,3.234838044279934e-06,4.981662106167515e-07,4.755226593136697e-05,4.0449679897561826e-08,0.001051503073253886,0.10261189715160032,99.88473544461131,1.0027997937267796e-06,6.974326948634519e-07,2.3776132965683485e-05,2.467025976952296e-06,4.669506175704224e-05,6.11717016136323e-08,0.011526455538869334,8.156226881817642e-08
0.0011894205960722355,0.00022343061368146659,0.04965124748477036,0.058770421715190625,3.6362166455214734e-06,5.603345563847733e-07,5.17950310213215e-05,4.549921686508057e-08,0.0011171530684073328,0.10578675908734313,99.88112864842385,1.1272271601116568e-06,7.844683789386826e-07,2.589751551066075e-05,2.774997236601264e-06,4.965301027618675e-05,6.70441327166388e-08,0.011887135157614673,8.939217695551843e-08
0.0012266614456896436,0.00023737233299863078,0.05274940733302906,0.060588133677879595,4.0866592102241675e-06,6.301604561276497e-07,5.640530754231492e-05,5.117099735396174e-08,0.0011868616649931539,0.10905864062018328,99.87740905959299,1.266864355169492e-06,8.822246385787095e-07,2.820265377115746e-05,3.1209191286181265e-06,5.2797940715250525e-05,7.347843099069274e-08,0.01225909404070056,9.797124132092367e-08
0.0012650683091500984,0.0002521751830379063,0.05603892956397918,0.06246135023012177,4.592018970899181e-06,7.085658016994113e-07,6.141381468550935e-05,5.7539971845841925e-08,0.0012608759151895314,0.11243043041421918,99.87357315524345,1.423525880978746e-06,9.919921223791758e-07,3.0706907342754675e-05,3.5093628828778993e-06,5.614163500022157e-05,8.052816265747977e-08,0.012642684475654264,1.0737088354330636e-07
0.0013046776944359965,0.00026789152124604066,0.05953144916578682,0.0643917213360471,5.158895661538571e-06,7.965936419632261e-07,6.685331628436168e-05,6.469095777302535e-08,0.0013394576062302033,0.1159050984048848,99.86961730274942,1.5992576550769569e-06,1.1152310987485165e-06,3.342665814218084e-05,3.945501514576816e-06,5.96966140330894e-05,8.825186343415033e-08,0.013038269725056806,1.1766915124553378e-07
0.0013455272525974454,0.00028457680372881173,0.06323928971751372,0.06638094319243185,5.794628620746074e-06,8.954048083980092e-07,7.275928769607927e-05,7.271835439145637e-08,0.0014228840186440586,0.11948569774637732,99.86553775633325,1.7963348724312828e-06,1.2535667317572128e-06,3.637964384803963e-05,4.435092434334924e-06,6.347618340442126e-05,9.671365087565688e-08,0.013446224366673672,1.2895153450087584e-07
0.0013876558135418051,0.00030228976401909313,0.06717550311535403,0.06843075935160486,6.507394039928116e-06,1.0062941615429643e-06,7.917002961272773e-05,8.172746801805647e-08,0.0015114488200954656,0.12317536683288877,99.86133065355986,2.0172921523777158e-06,1.4088118261601499e-06,3.9585014806363866e-05,4.984558274421264e-06,6.749448224125847e-05,1.0598372438023159e-07,0.013866934644013054,1.4131163250697548e-07
0.0014311034229437987,0.0003210925968350955,0.07135391040779901,0.07054296185759037,7.3063030807537e-06,1.1307060985503844e-06,8.612688091569829e-05,9.183577295483377e-08,0.0016054629841754772,0.12697733134366268,99.85699201172375,2.264953955033647e-06,1.582988537970538e-06,4.3063440457849146e-05,5.6010637925153115e-06,7.176653497687456e-05,1.1613894974846929e-07,0.014300798827623942,1.5485193299795909e-07
0.0014759113803112778,0.0003410511699136572,0.0757891488697016,0.07271939241383428,8.201568435052502e-06,1.2702647230976074e-06,9.367399822596328e-05,1.0317538308232973e-07,0.0017052558495682859,0.1308949063449017,99.85251772412543,2.542486214866276e-06,1.7783706123366502e-06,4.683699911298164e-05,6.292666614191291e-06,7.630830662260344e-05,1.2726334123902866e-07,0.01474822758745529,1.696844549853716e-07
0.0015221222782428416,0.00036223521302273403,0.08049671400505201,0.07496194353045284,9.204550608584531e-06,1.4267788538309185e-06,0.00010185903439414353,1.1589344817852004e-07,0.0018111760651136702,0.1349314983548151,99.84790355623392,2.8534106886612044e-06,1.9974903953632856e-06,5.0929517197071764e-05,7.068341404407937e-06,8.113676084204387e-05,1.394488820875298e-07,0.015209644376607021,1.859318427833731e-07
0.001569780042914596,0.00038471853561367135,0.0854930079141492,0.0772725597056869,1.0327892781381586e-05,1.602264537406452e-06,0.000110733331459325,1.3015399028572963e-07,0.0019235926780683567,0.13909060747023644,99.84314514173187,3.201646762228292e-06,2.2431703523690328e-06,5.53666657296625e-05,7.93809186752665e-06,8.626992190954085e-05,1.527962540784804e-07,0.015685485826812128,2.0372833877130724e-07
0.0016189299758345745,0.0004085792558724386,0.09079539019387524,0.07965323862307905,1.1585680436444512e-05,1.7989715536243913e-06,0.00012035208639753653,1.4614006497106232e-07,0.002042896279362193,0.1433758295215423,99.83823797843999,3.591560935297799e-06,2.5185601750741475e-06,6.017604319876827e-05,8.913082562585091e-06,9.17269404597603e-05,1.6741563226999759e-07,0.016176202155999603,2.2322084302666348e-07
0.0016696187969044833,0.0004339000544627601,0.09642223432505781,0.08210603236768717,1.2993635474619584e-05,2.0194186006642956e-06,0.00013077428337558337,1.6405664411618608e-07,0.0021695002723138004,0.1477908582618369,99.83317742411701,4.028026997132071e-06,2.8271860409300134e-06,6.538714168779168e-05,1.000581472464619e-05,9.752816349202537e-05,1.8342744452780922e-07,0.016682257588297028,2.44569926037079e-07
0.001721894688829714,0.0004607684038390634,0.10239297863090299,0.08463304862374756,1.4569221330448027e-05,2.2664070727667345e-06,0.0001420634914128149,1.8413172264254905e-07,0.0023038420191953167,0.1523394875227456,99.82795869213156,4.5164586124388885e-06,3.172969901873428e-06,7.103174570640745e-05,1.1230193763969067e-05,0.00010369520798708795,2.0096352053506987e-07,0.01720413078684226,2.6795136071342655e-07
0.0017758073429198463,0.0004892768352063583,0.10872818560141295,0.08723645190743852,1.633185717621502e-05,2.5430572880167356e-06,0.00015428803069592476,2.0661927563288692e-07,0.002446384176031791,0.15702561343338933,99.82257684700215,5.062875724626657e-06,3.5602802032234294e-06,7.714401534796238e-05,1.2601709620849775e-05,0.00011025103947085097,2.201681162572307e-07,0.017742315299783464,2.9355748834297437e-07
0.0018314080063231485,0.0005195232378504499,0.1154496084112111,0.08991846481772986,1.8303177007058944e-05,2.8528566248550082e-06,0.00016752080209800243,2.3180320737680696e-07,0.0025976161892522494,0.16185323667191376,99.81702679980141,5.673984872188272e-06,3.993999274797011e-06,8.376040104900122e-05,1.4137677617911457e-05,0.0001172200557101317,2.4119887362323287e-07,0.018297320019857212,3.2159849816431065e-07
0.0018887495307400132,0.0005516111249520353,0.12258024998934118,0.09268136926287955,2.0507202162186587e-05,3.199684147090174e-06,0.00018184014043091885,2.599993409485588e-07,0.0027580556247601765,0.16682646467318318,99.81130330342052,6.357232670277842e-06,4.479557805926244e-06,9.092007021545943e-05,1.58573598044526e-05,0.0001246281746298458,2.6422828150844094e-07,0.018869669657945967,3.52304375344588e-07
0.0019478864226616052,0.0005856499376303818,0.13014443058452932,0.09552750771364299,2.297060883221247e-05,3.5878556835049204e-06,0.0001973301145243556,2.9155909721876294e-07,0.002928249688151909,0.1719495138845574,99.80540094768972,7.120888737985866e-06,5.022997956906888e-06,9.86650572621778e-05,1.7782189339372353e-05,0.00013250292801948764,2.894450473198563e-07,0.01945990523102608,3.859267297598084e-07
0.0020088748951814844,0.0006217553919106176,0.13816786486902613,0.09845928447291215,2.5723050959358286e-05,4.022184841351083e-06,0.00021408035194648753,3.26874504894109e-07,0.0031087769595530878,0.17722671205124188,99.79931415435068,7.974145797401069e-06,5.631058777891516e-06,0.00010704017597324377,1.993607605349171e-05,0.00014087356144132048,3.1705535734820074e-07,0.020068584564929364,4.227404764642677e-07
0.002071772921429465,0.0006600497829347584,0.14667772954105743,0.10147916691859285,2.879742004981444e-05,4.508021468044668e-06,0.00023218698462928056,3.66381315196396e-07,0.0033002489146737916,0.18266250045346713,99.79303717187646,8.927200215442476e-06,6.3112300552625346e-06,0.00011609349231464028,2.2345596413828193e-05,0.0001497711391032566,3.4728475772547506e-07,0.02069628281235308,4.630463436339668e-07
0.002136640289678474,0.0007006623421745221,0.15570274270544934,0.10458968677030925,3.223020607676207e-05,5.051315109966144e-06,0.00025175286128918304,4.105641931497739e-07,0.00350331171087261,0.18826143618655666,99.78656407013435,9.99136388379624e-06,7.0718411539526015e-06,0.00012587643064459152,2.504031014020471e-05,0.00015922865577644625,3.8037987032773677e-07,0.021343592986563905,5.071731604369824e-07
0.0022035386601768265,0.0007437296268114554,0.16527325040254567,0.10779344135647435,3.6061882833245425e-05,5.658687239954925e-06,0.0002728875837191341,4.5996264660130685e-07,0.003718648134057277,0.19402819444165384,99.77988873488745,1.1179183678306081e-05,7.922162135936895e-06,0.00013644379185956705,2.8053121816213706e-05,0.00016928115576325477,4.166101381417785e-07,0.022011126511254555,5.55480184189038e-07
0.002272531623759918,0.0007893958637670743,0.17542130305934983,0.11109309486009085,4.0337290146354056e-05,6.337488964628926e-06,0.0002957085543457727,5.151757048360968e-07,0.003946979318835371,0.19996757074816354,99.77300486212975,1.2504559945369757e-05,8.872484550480497e-06,0.00014785427717288634,3.1420566237953546e-05,0.00017996585785343505,4.5627026240533295e-07,0.02269951378702347,6.083603498737773e-07
0.002343684762297049,0.0008378133820831977,0.18618075157404396,0.11449137958301818,4.5106105303170824e-05,7.095890935955111e-06,0.0003203408885777786,5.768693058007193e-07,0.004189066910415988,0.20608448324943274,99.76590595225039,1.3982892643982956e-05,9.934247310337155e-06,0.0001601704442888893,3.518325896078587e-05,0.0001913222891577564,4.996822389985315e-07,0.023409404774960178,6.662429853313753e-07
0.00241706571103086,0.0008891430340550387,0.19758734090111973,0.11799109718997408,5.042331873737379e-05,7.942968423419504e-06,0.0003469178759575937,6.457832629769326e-07,0.0044457151702751935,0.21238397494195335,99.75858530402166,1.5631228808585875e-05,1.1120155792787305e-05,0.00017345893797879685,3.938632120896312e-05,0.00020339242641200276,5.471978448490324e-07,0.024141469597832463,7.295971264653768e-07
0.002492744222868591,0.0009435545855290882,0.2096787967842418,0.12159511994128519,5.634978144372105e-05,8.888786592342356e-06,0.0003755820597799059,7.22738192310173e-07,0.004717772927645441,0.21887121589431335,99.75103600840615,1.7468432247553525e-05,1.2444301229279298e-05,0.00018779102988995296,4.407980234899745e-05,0.00021622084480725802,5.992017555985328e-07,0.024896399159383867,7.989356741313773e-07
0.002570792234686334,0.0010012272396521707,0.2224949421449268,0.1253063919262666,6.295277784676615e-05,9.944520230878683e-06,0.00040648482127092673,8.086453942863123e-07,0.0050061361982608535,0.22555150546727992,99.74325094217735,1.9515361132497508e-05,1.3922328323230157e-05,0.00020324241063546337,4.9319282597522186e-05,0.0002298548779533335,6.561139598973091e-07,0.025674905782263245,8.748186131964123e-07
0.0026512839357092583,0.0010623500686325251,0.23607779302945006,0.12912793026788102,7.030666954692741e-05,1.112255865333245e-05,0.0004397874761258298,9.045153992135972e-07,0.0053117503431626256,0.23243027448218584,99.73522276134877,2.17950675595475e-05,1.5571582114665428e-05,0.0002198937380629149,5.51663941980373e-05,0.0002443447852096249,7.183933609733326e-07,0.026477723865122448,9.578578146311103e-07
0.0027342958380328322,0.0011271224955545732,0.2504716656787941,0.1330628263197873,7.849362078183519e-05,1.2436632942968429e-05,0.0004756618908538884,1.0114683757689053e-06,0.0056356124777728655,0.23951308737561713,99.72694389440568,2.433302244236891e-05,1.74112861201558e-05,0.0002378309454269442,6.168945623814554e-05,0.00025974392959750124,7.865414153832855e-07,0.02730561055943086,1.0487218871777142e-06
0.002819906849352079,0.0011957548778267395,0.2657233061837199,0.13711424683207393,8.760428827234784e-05,1.3901961329517355e-05,0.0005142903130432887,1.1307461375235525e-06,0.0059787743891336976,0.2468056442977331,99.7184065353343,2.7157329364427832e-05,1.9462745861324296e-05,0.00025714515652164435,6.896420692756147e-05,0.0002761089679013155,8.611054159809045e-07,0.028159346466569986,1.148140554641206e-06
0.0029081983479679672,0.0012684689538438074,0.28188198974306833,0.14128543510568894,9.773874307681981e-05,1.553539309603366e-05,0.000555866865567945,1.2637238324536443e-06,0.006342344769219036,0.2543137831902401,99.70960263644213,3.029901035381414e-05,2.174955033444712e-05,0.0002779334327839725,7.707451654134777e-05,0.00029350004891882074,9.426834117765864e-07,0.029039736355786043,1.2569112157021155e-06
0.002999254260142278,0.0013454984781018494,0.29899966180041104,0.14557971210236523,0.00010900728301266389,1.7355581991605322e-05,0.000600597336644924,1.4119242743674903e-06,0.006727492390509247,0.2620434817842574,99.70052390096407,3.3792257733925806e-05,2.429781478824745e-05,0.000300298668322462,8.611326149367324e-05,0.00031198102681785655,1.0319281192081292e-06,0.029947609903591674,1.3759041589441725e-06
0.003093161139874452,0.001427089752220838,0.31713105604907516,0.15000047753610607,0.00012153146763828482,1.9383165721495507e-05,0.0006487002549442636,1.5770326175059685e-06,0.00713544876110419,0.2700008595649909,99.69116177544775,3.76747549678683e-05,2.7136432010093706e-05,0.0003243501274721318,9.618321934168903e-05,0.00033161968457188194,1.1295522668110914e-06,0.03088382245522418,1.5060696890814557e-06
0.0031900082511762645,0.0015135022406787782,0.3363338312619507,0.1545512109218028,0.00013544516735165225,2.164096828028468e-05,0.0007004073386043762,1.7609129956905281e-06,0.007567511203393891,0.27819217965924503,99.68150744191219,4.1988001879012196e-05,3.029735559239855e-05,0.0003502036693021881,0.00010739808360716532,0.000352487971857717,1.2363338558148747e-06,0.03184925580878125,1.6484451410865e-06
0.003289887652922501,0.0016050092112990786,0.35666871362201746,0.15923547257597429,0.000150895671984101,2.415421733042138e-05,0.0007559640277687089,1.965626416302732e-06,0.008025046056495393,0.2866238506367537,99.67155180977329,4.677765831507131e-05,3.381590426258993e-05,0.00037798201388435446,0.00011988355513030364,0.0003746622570124671,1.3531218696489416e-06,0.0328448190226706,1.8041624928652557e-06
0.003392894286358344,0.0017018983212818235,0.3781996269515164,0.16405690460102304,0.00016804506851681768,2.6950789008165004e-05,0.0008156305182075655,2.1934508015196212e-06,0.008509491606409117,0.2953024282818415,99.66128550752973,5.209397124021348e-05,3.7731104611431004e-05,0.00040781525910378277,0.0001337785643846817,0.000398223592212769,1.480843121120917e-06,0.03387144924702641,1.9744574948278897e-06
0.003499126065346608,0.0018044724007822274,0.400993866840495,0.16901923175240888,0.00018707132730805853,3.00614596543366e-05,0.0008796817049986482,2.4469018809944674e-06,0.009022362003911136,0.304234617154336,99.65069887420242,5.7992111465498144e-05,4.2086043516071236e-05,0.0004398408524993241,0.00014923654572185257,0.00042325799781120315,1.6205082168036684e-06,0.034930112579758366,2.1606776224048913e-06
0.0036086839694406177,0.0019130499683609383,0.42512221519131965,0.17412626236491688,0.00020817016970172794,3.3520210329837854e-05,0.0009484089154007319,2.7287579890226543e-06,0.009565249841804692,0.3134272722568504,99.63978195052081,6.453275260753566e-05,4.6928294461772994e-05,0.00047420445770036593,0.0001664269497504917,0.000449856757248025,1.773220498537466e-06,0.03602180494791868,2.3642939980499546e-06
0.00372167213987123,0.0020279661458362315,0.4506591435191626,0.17938188906115643,0.0002315561521964438,3.73645162325958e-05,0.001022119458646113,3.042084231536885e-06,0.010139830729181157,0.32288740031008156,99.62852446984918,7.178240718089757e-05,5.231032272563412e-05,0.0005110597293230565,0.00018553671728143464,0.00047811673704960234,1.940182545222896e-06,0.03714755301508321,2.586910060297195e-06
0.0038381979785391735,0.0021495732047343372,0.47768293438540826,0.1847900895628999,0.0002574648378531936,4.163571245116009e-05,0.0011011383627318064,3.390262331649129e-06,0.010747866023671686,0.33262216121321986,99.61691584884537,7.981409973449001e-05,5.828999743162412e-05,0.0005505691813659032,0.00020677209960728038,0.0005081407171973436,2.1227065728996084e-06,0.03830841511546468,2.830275430532811e-06
0.003958372250106888,0.002278241464604944,0.5062758810233209,0.19035492727867928,0.0002861542596686286,4.637934607170679e-05,0.001185808388755593,3.777019911541745e-06,0.011391207323024719,0.3426388691016227,99.60494517784514,8.870782049727486e-05,6.49310845003895e-05,0.0005929041943777965,0.00023036044440493102,0.0005400377476515978,2.322222892733619e-06,0.03950548221548635,3.0962971903114922e-06
0.004082309187286846,0.002414359972943854,0.5365244384319675,0.1960805519263076,0.0003179071541563002,5.164559731272035e-05,0.001276491256207636,4.2064650919273266e-06,0.01207179986471927,0.3529449934673537,99.59260121096435,9.855121778845307e-05,7.230383623780848e-05,0.000638245628103818,0.00025655230595664766,0.0005739235203717253,2.5402911528212676e-06,0.04073987890356588,3.3870548704283565e-06
0.004210126599426458,0.002558337371888547,0.5685194159752326,0.20197119998590898,0.00035303289291320066,5.7489709950432235e-05,0.0013735681122662245,4.683122167923487e-06,0.012791686859442734,0.3635481599746362,99.5798723559113,0.0001094401968030922,8.048559393060512e-05,0.0006867840561331122,0.00028562362102165347,0.0006099207663321571,2.7786111106685934e-06,0.04201276440887107,3.704814814224791e-06
0.0043419459844928066,0.0027106026609613368,0.602356146880297,0.20803119512534768,0.00039186992149853794,6.397248327124579e-05,0.0014774405479086226,5.211972181280117e-06,0.013553013304806683,0.3744561512256258,99.56674666350172,0.00012147967566454677,8.956147657974411e-05,0.0007387202739543113,0.00031787818333627434,0.0006481596726865946,3.039035381417536e-06,0.04332533364982953,4.052047175223381e-06
0.004477892644563578,0.0028716060995210768,0.6381346887824616,0.21426494845595395,0.00043478800601659355,7.116078160474626e-05,0.001588531185956747,5.798495198436334e-06,0.014358030497605383,0.3856769072207171,99.55321181686814,0.000134784281865144,9.962509424664476e-05,0.0007942655929783735,0.000353650222152632,0.0006887783264300976,3.323582238296357e-06,0.044678818313186784,4.431442984395142e-06
0.004618095804934077,0.003041819965302276,0.6759599922893947,0.22067695878104895,0.0004821911659250413,7.912812808505136e-05,0.001707284771964735,6.448719290798818e-06,0.015209099826511379,0.3972185258058881,99.53925512035573,0.0001494792614367628,0.0001107793793190719,0.0008536423859823675,0.00039330738954581994,0.0007319231798638767,3.6344508615941276e-06,0.04607448796442853,4.845934482125504e-06
0.004762688736953466,0.0032217395753116325,0.7159421278470296,0.2272718125663559,0.0005345199887486924,8.79552845289746e-05,0.0018341686581194116,7.169268887336131e-06,0.01610869787655816,0.4090892626194406,99.52486348809607,0.00016570119651209466,0.00012313739834056442,0.0009170843290597058,0.00043725370943863064,0.0007777495479449737,3.9740357879443705e-06,0.04751365119039364,5.298714383925828e-06
0.004911808884707012,0.003411884000300935,0.758196444511319,0.23405418400503403,0.000592255214427532,9.773097212664401e-05,0.0019696740231182086,7.967424205673484e-06,0.017059420001504674,0.42129753120906127,99.51002343225075,0.00018359911647253493,0.0001368233609773016,0.0009848370115591043,0.00048593320230402577,0.0008264221266997235,4.344945304338748e-06,0.048997656774927345,5.7932604057849974e-06
0.0050655979956647935,0.0036127971360263144,0.8028438080058478,0.24102883470984585,0.0006559203588259076,0.00010855255318443557,0.0021143164119173325,8.851178207579272e-06,0.01806398568013157,0.43385190247772254,99.49472105091567,0.00020333531123603138,0.00015197357445820978,0.0010571582059586662,0.0005398333588802598,0.0008781155486075541,4.750018439545215e-06,0.05052789490843369,6.33335791939362e-06
0.0052242022554209785,0.0038250485234454703,0.8500107829878822,0.24820061344889435,0.0007260854499798924,0.00012052685044579613,0.0022686367876200513,9.829304497196714e-06,0.01912524261722735,0.44676110420800985,99.47894201567793,0.00022508648949376667,0.00016873759062411458,0.0011343183938100257,0.0005994892812840276,0.0009330149633205738,5.192345631379101e-06,0.05210579843220856,6.923127508505469e-06
0.005387772426651847,0.004049234242500289,0.8998298316667309,0.25557445569019527,0.0008033707820895045,0.00013377101834104155,0.0024332024003732525,1.0911429733643987e-05,0.020246171212501444,0.4600340202423515,99.46267155881554,0.0002490449424477464,0.00018727942567745815,0.0012166012001866263,0.0006654880994549468,0.0009913166524198498,5.675290510077651e-06,0.0537328441184473,7.567054013436869e-06
0.005556463992424578,0.004285978052259538,0.9524395671687862,0.263155382791629,0.0008884500210127022,0.00014841340391869297,0.0026086075082598615,1.2108105807833591e-05,0.02142989026129769,0.4736796890249321,99.44589446013165,0.00027541950651393767,0.00020777876548617015,0.0013043037541299307,0.0007384733732197708,0.0010532286839808004,6.2025114756335295e-06,0.05541055398683586,8.270015300844707e-06
0.00573043730399304,0.004535932011038595,1.00798489134191,0.2709485014378544,0.0009820554654367973,0.00016459466314510673,0.002795474512204337,1.3430902186129711e-05,0.022679660055192973,0.487707302588138,99.42859503341346,0.00030443719428540717,0.00023043252840314942,0.0013977372561021686,0.0008191507243320511,0.0011189715914743323,6.7779894936093945e-06,0.05714049665865664,9.037319324812527e-06
0.005909857733221113,0.0047997777781681435,1.0666172840373653,0.27895900234802923,0.001084981064621466,0.00018246872762542083,0.0029944546175083193,1.4892487463837891e-05,0.023998888890840717,0.5021262042264526,99.41075711250657,0.0003363441300326545,0.0002554562186755891,0.0014972273087541597,0.000908292810419473,0.0011887791060981507,7.40605232933102e-06,0.058924288749343974,9.874736439108027e-06
0.006094895829778337,0.005078227281591852,1.128494951464856,0.28719215930479286,0.0011980880187258936,0.00020220408052321236,0.0032062288767701376,1.6506735352990113e-05,0.025391136407959255,0.5169458867486272,99.39236403699549,0.00037140728580502703,0.0002830857127324973,0.0016031144383850688,0.001006745789178867,0.0012628989147017108,8.091406191621968e-06,0.06076359630045289,1.0788541588829289e-05
0.0062857274832574216,0.005372023804210897,1.1937830676024215,0.29565332763122854,0.0013223090759399473,0.00022398497967562842,0.0034315090112845142,1.8288827413621717e-05,0.026860119021054483,0.5321759897362114,99.37339863747995,0.00040991581354138363,0.0003135789715458798,0.0017157545056422571,0.0011154355839567884,0.0013415934693851174,8.83916623623572e-06,0.06266013625200756,1.1785554981647627e-05
0.006482534090367648,0.005681942946251191,1.26265398805582,0.3043479425434243,0.00145865351911351,0.0002480128226960353,0.0036710383154979456,2.025536754250564e-05,0.02840971473125595,0.5478262965781637,99.35384322043785,0.00045218259092518815,0.0003472179517744494,0.0018355191577489728,0.0012353748664174192,0.0014251408386303675,9.654890544686733e-06,0.06461567795621699,1.2873187392915642e-05
0.006685502727363097,0.006008793409985167,1.3352874244411481,0.313281517420296,0.001608213042511714,0.00027450768569671594,0.003925592523507687,2.2424510757963265e-05,0.030043967049925832,0.5639067313565328,99.33367955266445,0.0004985460431786313,0.0003843107599754023,0.0019627962617538436,0.0013676709111281795,0.0015138356008555093,1.0544618181989752e-05,0.06663204473355774,1.4059490909319667e-05
0.006894826327869659,0.006353418082068747,1.4118706849041662,0.32245964155663526,0.0017721667213746537,0.000303709860150881,0.004195980689956385,2.48160928502039e-05,0.031767090410343736,0.5804273548019435,99.3128888452777,0.0005493716836261427,0.0004251938042112334,0.0020979903449781924,0.0015135335029339359,0.0016079897940274618,1.1514907545530705e-05,0.06871111547223287,1.5353210060707608e-05
0.007110703866279754,0.006716694857836692,1.4925988572970426,0.33188797786870655,0.0019517871408002976,0.00033588160551401415,0.0044830460353330985,2.74517777573333e-05,0.03358347428918346,0.5973983601636718,99.29145173727969,0.0006050540136480923,0.00047023424771961976,0.0022415230176665493,0.0016742839254197581,0.0017079339107323062,1.2572879782286095e-05,0.07085482627203366,1.6763839709714792e-05
0.007333340546889213,0.0070995374831528,1.577674996256178,0.3415722602946812,0.0021484466303410507,0.00037130902014959445,0.004787666760402149,3.035521527007512e-05,0.035497687415764,0.6148300685304261,99.26934827866363,0.0006660184554057257,0.0005198326282094322,0.0023938333802010743,0.0018513645793218816,0.0018140179477882747,1.3726265164882738e-05,0.07306517213363894,1.830168688651032e-05
0.007562947998956026,0.007502896405545856,1.6673103123435236,0.3515182908775729,0.0023636236092301915,0.00041030404005205917,0.005110756837428041,3.3552209911314344e-05,0.03751448202772928,0.6327329235796313,99.24655791305605,0.0007327233188613593,0.0005744256560728828,0.0025553784187140206,0.002046349282491062,0.001926612512933666,1.4983452679953627e-05,0.07534420869439731,1.9977936906604838e-05
0.007799744477866413,0.00792775966934505,1.7617243709655668,0.3617319364730947,0.0025989088960940805,0.0004532065559497868,0.0054532668413651165,3.707090037922615e-05,0.03963879834672524,0.6511174856515705,99.22305945988356,0.0008056617577891649,0.0006344891783297015,0.0027266334206825582,0.002260954214129003,0.0020461099924205316,1.635354272290672e-05,0.0776940540116474,2.180472363054229e-05
0.008043955072599375,0.008375153583435371,1.861145240763416,0.3722191253192103,0.0028560129501481943,0.0005003867683506957,0.005816184625281794,4.094195893867389e-05,0.04187576791717685,0.6699944255745786,99.19883109605361,0.0008853640145459402,0.0007005414756909739,0.002908092312640897,0.0024970500756697207,0.002172925775635572,1.784640538659325e-05,0.08011689039464133,2.3795207182124336e-05
0.008295811919687021,0.008846143469921455,1.9658096599825456,0.3829858431576734,0.003136772869286886,0.0005522476624347173,0.006200536028642175,4.5198801783113274e-05,0.044230717349607276,0.6893745176838122,99.17385033713862,0.0009723995894789346,0.0007731467274086041,0.0031002680143210875,0.0027566749207520785,0.0023074995474785735,1.9472741973810943e-05,0.08261496628614078,2.596365596508126e-05
0.008555554423873995,0.009341834321188838,2.0759631824864084,0.3940381290471703,0.0034431597412357753,0.0006092276812090747,0.006607385510603784,4.9877816593306006e-05,0.04670917160594419,0.7092686322849066,99.1480940180524,0.0010673795197830903,0.0008529187536927044,0.003303692755301892,0.0030420480340257335,0.0024502966473773616,2.1244151408923595e-05,0.08519059819476239,2.8325535211898127e-05
0.008823429485685758,0.009863371408879655,2.191860313084368,0.40538207080383964,0.003777286144748066,0.0006718035872064909,0.007037836738073802,5.501860672087284e-05,0.04931685704439827,0.7296877274469113,99.1215382732085,0.0011709587048719004,0.0009405250220890872,0.003518918369036901,0.003355584823906035,0.002601809499339607,2.3173201420904356e-05,0.08784617267915354,3.0897601894539146e-05
0.009099691736122082,0.01041194081615653,2.313764625812562,0.41702380007316886,0.004141413855032317,0.0007404935333143894,0.007493033103973803,6.0664253786703635e-05,0.05205970408078264,0.750642840131704,99.09415851614922,0.0012838382950600181,0.0010366909466401452,0.0037465165519869016,0.0036999128384510548,0.0027625591157228713,2.5273504990463932e-05,0.09058414838508143,3.3698006653951914e-05
0.009384603778698746,0.01098876988800431,2.441948864000958,0.42896948701446724,0.004537961715206907,0.0008158603539815324,0.00797415816771319,6.686159978043972e-05,0.05494384944002154,0.772145076626041,99.06592941863485,0.001406768131714141,0.0011422044955741453,0.003987079083856595,0.0040778889706090185,0.0029330966781043392,2.7559802370158225e-05,0.0934070581365192,3.674640316021097e-05
0.009678436439067658,0.01159512759339339,2.5766950207540873,0.44122533457908475,0.004969513633387338,0.0008985150886348958,0.008482436010766911,7.36615498125591e-05,0.05797563796696695,0.7942056022423526,99.03682488918191,0.0015405492263500747,0.001257921124088854,0.0042412180053834556,0.00449261792306798,0.0031140051987301374,3.0048049006589203e-05,0.09631751108181281,4.0064065342118944e-05
0.009981469022452547,0.01223232479773179,2.7182943994959534,0.45379757235795815,0.005438826644670146,0.0009891207473610975,0.009019131505547942,8.111939655440435e-05,0.061161623988658945,0.8168356302443247,99.00681805103997,0.0016860362598477452,0.0013847690463055365,0.004509565752773971,0.0049474719958531215,0.0033059012662763204,3.275550966668587e-05,0.09931819489600682,4.36740128889145e-05
0.010293989579144996,0.012901714387035166,2.8670476415633703,0.4666924500316726,0.005948839156004425,0.001088396353945029,0.009585550439429687,8.929516936838026e-05,0.06450857193517583,0.8400464100570106,98.97588121959599,0.0018441401383613716,0.0015237548955230407,0.0047927752197148435,0.005446112379777512,0.003509436878161306,3.570085957544269e-05,0.10241187804040383,4.760114610059025e-05
0.010616295178313237,0.013604691412924289,3.02326475842762,0.4799162302223654,0.006502678748265217,0.0011971212025280846,0.01018303966156722,9.825400348746924e-05,0.06802345706462144,0.8638492144002577,98.94398587919582,0.002015830411962217,0.0016759696835393183,0.00509151983078361,0.005992511672700749,0.003725301368202164,3.8904291419266504e-05,0.10560141208042166,5.187238855902201e-05
0.010948692190383783,0.014342692923660673,3.187265094146816,0.4934751810619295,0.007103670537006103,0.0013161394835540822,0.010812986920688512,0.00010806654165719156,0.07171346461830336,0.8882553259114732,98.91110265937199,0.002202137866471892,0.001842595276975715,0.005406493460344256,0.006590978375672113,0.003954223424285585,4.2387631434372765e-05,0.10888973406280375,5.651684191249702e-05
0.011291496578264596,0.015117197793257429,3.35937728739054,0.5073755681291163,0.00775534498289309,0.0014463651536548306,0.01147682070186956,0.00011880935887900629,0.07558598896628714,0.9132760226324094,98.87720131046781,0.002404156944696858,0.002024911215116763,0.00573841035093478,0.007246182798030593,0.00419697320906343,4.617446223038509e-05,0.11227986895322276,6.156594964051344e-05
0.011645034197686392,0.01592972635937379,3.5399391909719533,0.521623645920057,0.0084614456659492,0.0015887871421817,0.012176009875013796,0.0001305654178476328,0.07964863179686894,0.9389225626561026,98.84225067864703,0.002623048156444252,0.0022243019990543797,0.006088004937506898,0.007963184834527124,0.004454364582656711,5.029025434030381e-05,0.1157749321352998,6.70536724537384e-05
0.012009641106947667,0.01678183991357197,3.7292977585715494,0.536225648777861,0.009225936775307905,0.0017444748859040252,0.012912063198364946,0.00014342455485976386,0.08390919956785986,0.9652061678001499,98.80621868027961,0.0028600404003454507,0.0024422648402656353,0.006456031599182473,0.008747463600896998,0.004727257433027354,5.476250649088347e-05,0.11937813197204189,7.301667532117796e-05
0.012385663886357921,0.01767514002228597,3.927808893841327,0.5511877812736865,0.010053010267319104,0.0019145842118899025,0.013686528655339418,0.0001574839982233181,0.08837570011142985,0.9921380062926357,98.76907227569328,0.003116433182868922,0.0026804178966458635,0.006843264327669709,0.009604949051640171,0.005016560117907108,5.962089516585279e-05,0.12309277243067589,7.949452688780371e-05
0.012773459967682551,0.01861126766839766,4.1358372596439255,0.5665162080194361,0.010947092600075042,0.0021003635835350554,0.014500992614718388,0.0001728489208479528,0.0930563383419883,1.019729174434985,98.73077744228176,0.003393598706023263,0.002940509016949077,0.007250496307359194,0.01054205568251664,0.005323232022583274,6.489743394815906e-05,0.1269222557718259,8.652991193087874e-05
0.013173397973902818,0.01959190220169347,4.353756044820772,0.5822170428936867,0.011912850949749807,0.0023031607253367376,0.015357078802763362,0.0001896330287938567,0.09795951100846734,1.047990677208636,98.69129914696049,0.00369298379442244,0.0032244250154714327,0.007678539401381681,0.01156571842613732,0.0056482862378663375,7.062664315488864e-05,0.13087008530395275,9.416885753985152e-05
0.013585858069613647,0.02061876008480737,4.581946685512749,0.5982963376641314,0.012955198810693508,0.002524429642603077,0.01625644707420754,0.00020795918765344876,0.10309380042403685,1.0769334077954364,98.6506013179607,0.004016111631314987,0.0035342014996443075,0.00812822353710377,0.01268343085498384,0.005992792362570653,7.684573030635043e-05,0.13493986820393153,0.00010246097374180056
0.014011232322392425,0.02169359346404466,4.820798547565481,0.6147600699416704,0.014079300770448562,0.0027657380327338367,0.017200792014102698,0.0002279600871717651,0.1084679673202233,1.1065681258950069,98.60864681595399,0.0043645832388390544,0.003872033245827371,0.008600396007051349,0.013903285716605953,0.006357879436329199,8.359478159858445e-05,0.13913531840460294,0.00011145970879811261
0.014449925075482348,0.02281818836717279,5.0707085260383975,0.6316141306570501,0.015290576791317562,0.0030287751869717936,0.01819184116408277,0.0002497789525451962,0.11409094183586393,1.1369054351826902,98.56539740449914,0.004740078805308444,0.004240285261760511,0.009095920582041384,0.015234018315731516,0.006744739000935502,9.091696660373784e-05,0.14346025955008848,0.00012122262213831714
0.014902353332144362,0.023994362954514778,5.332080656558841,0.6488643105477536,0.016594704828736043,0.003315360199139069,0.019231353321895153,0.0002735702888842856,0.11997181477257388,1.1679557589859566,98.52081371980408,0.005144358496908173,0.004641504278794696,0.009615676660947576,0.016685051919052576,0.007154628309531286,9.885875281756142e-05,0.14791862801959385,0.00013181167042341523
0.015368947152043348,0.02522396521946594,5.605325604325764,0.6665162863037432,0.01799762307904265,0.003627450762553758,0.02032111628178133,0.000299500681630836,0.1261198260973297,1.1997293153467377,98.47485523979617,0.005579263154503222,0.005078431067575261,0.010160558140890666,0.018266546572664688,0.007588873668142107,0.000107470135950356,0.1525144760203846,0.00014329351460047468
0.0158501500600451,0.02650887059305091,5.8908601317890925,0.6845756058296698,0.019505530599279952,0.003967152357686593,0.021462944494416842,0.0003277496384763477,0.13254435296525455,1.2322360904934058,98.42748025249472,0.006046714485776785,0.005554013300761229,0.010731472247208421,0.019989450450672446,0.008048873929762295,0.00011680488234738545,0.15725197475052968,0.0001557398431298473
0.016346419467812803,0.027850979248868774,6.1891064997486165,0.7030476728209406,0.02112488663394084,0.00433672792923846,0.022658676434302655,0.0003585104814971673,0.13925489624434387,1.2654858110776932,98.37864582368054,0.00654871485652166,0.0060714191009338435,0.011329338217151328,0.021865554266512235,0.00853610413903784,0.0001269207858453998,0.16213541763194803,0.00016922771446053312
0.01685822710860375,0.029252213124471262,6.500491805438059,0.7219377306059743,0.022862408440275647,0.004738608051254568,0.023910171693068822,0.0003919912905114004,0.1462610656223563,1.299487915090754,98.32830776385795,0.007087346616485451,0.006634051271756395,0.011955085846534411,0.023907548808290314,0.009052119332866438,0.00013787993940594234,0.1671692236142063,0.00018383991920792314
0.017386059485679468,0.030714512641347076,6.825447253632684,0.7412508452464261,0.02472506747959992,0.005175401592981349,0.02521930778167264,0.0004284158998585445,0.15357256320673537,1.334251521443567,98.27642059450577,0.007664770918675974,0.007245562230173889,0.01260965389083632,0.026129085732372628,0.009598558500975261,0.00014974902217485193,0.17235794054942452,0.00019966536289980254
0.017930418334755747,0.03223983311188531,7.164407358196736,0.760991887881324,0.026720083826795974,0.0056499068939060825,0.026587976631021706,0.00046802495057398437,0.16119916555942654,1.3697853981863832,98.2229375136145,0.008283225986306752,0.007909869651468514,0.013293988315510853,0.02854484173550731,0.010177148710627443,0.0001625996025619568,0.17770624863855186,0.00021679947008260906
0.018491821100931897,0.03383014085538619,7.517809078974708,0.7811655162611031,0.02885491859822821,0.006165123439141377,0.028018080815876627,0.0005110769986875665,0.16915070427693094,1.4060979292699856,98.16781036050841,0.008945024765450746,0.008631172814797927,0.014009040407938314,0.031170586149954684,0.010789709400792177,0.00017650845761914174,0.1832189639491599,0.00023534461015885564
0.019070801430552824,0.03548740901748051,7.886090892773447,0.8017761554499465,0.03113726426962561,0.0067242640369149075,0.02951152949765911,0.0005578496813199601,0.17743704508740255,1.4431970798099039,98.11098957995213,0.009652551923583939,0.00941396965168087,0.014755764748829555,0.034023252063704365,0.011438156850015382,0.00019155790923899014,0.18890104200478797,0.0002554105456519869
0.019667909678471155,0.037213613018327395,8.269691781850533,0.8228279777633817,0.03357503285231742,0.007330767529852349,0.031070234009481494,0.000608640944731919,0.18606806509163695,1.481090359974087,98.0524241855426,0.0104082601842184,0.010263074541793288,0.015535117004740747,0.037121011219199744,0.012124508819145074,0.0002078361783363227,0.19475758144574107,0.00027711490444843034
0.020283713431191973,0.03901072571421041,8.669050158713423,0.8443248818136655,0.03617634166148665,0.007988311995519958,0.03269610317353779,0.0006637703326375127,0.19505362857105205,1.519784787264598,97.99206172238895,0.011214665915060863,0.011183636793727941,0.016348051586768896,0.0404833525875619,0.012850889376192408,0.00022543775667839382,0.2007938277611056,0.00030058367557119175
0.020918798046397128,0.040880712196545384,9.08460271034342,0.8662704707362007,0.03894949666084064,0.008700828463301691,0.034391038272594814,0.0007235803388618339,0.2044035609827269,1.5592868473251613,97.92984822908412,0.012074343964860599,0.012181159848622367,0.017195519136297407,0.04413116486718325,0.013619533903832333,0.00024446379751257225,0.20701517709158976,0.000325951730016763
0.021573767209362146,0.04282552422248884,9.516783160553075,0.8886680295891557,0.04190297325396182,0.009472515139242481,0.03615692767086957,0.0007884378258075437,0.21412762111244418,1.5996024532604802,97.86572819897366,0.012989921708728164,0.013261521194939473,0.018078463835434783,0.04808682299600209,0.014432794292341903,0.0002650225254726232,0.21342718010263567,0.000353363367296831
0.022249243506794646,0.04484709428523306,9.966020952274013,0.9115205019021017,0.0450453944036493,0.010307852120384058,0.0379956410938779,0.0008587355095648436,0.22423547142616532,1.640736903423783,97.79964454072935,0.013964072265131282,0.014430992968537679,0.01899782054693895,0.05237427872835981,0.015293144321049272,0.0002872296660848001,0.220035545927067,0.00038297288811306684
0.022945869018639504,0.04694732931970702,10.432739848823783,0.9348304653717202,0.04838550597227084,0.01121161658211775,0.039909023563866865,0.000934893512848215,0.2347366465985351,1.6826948376690964,97.73153853823659,0.01499950685140396,0.01569626321496485,0.019954511781933432,0.057019155348612634,0.016203185230167103,0.0003112088952878304,0.22684614617634208,0.0004149451937171072
0.023664305928413683,0.04912810420647372,10.917356490327492,0.9586001064653898,0.05193214920394991,0.012188898338469624,0.041898889160559234,0.0010173609804638585,0.24564052103236858,1.7254801916377018,97.66134980980728,0.016098966253224472,0.01706445767385747,0.020949444580279617,0.062048846198490736,0.01716565149328129,0.00033709230770913166,0.23386501901927267,0.00044945641027884225
0.024405237152650593,0.051391254771125855,11.420278838027969,0.9828311943422068,0.05569423046856334,0.013245115890709213,0.04396701429243327,0.0011066177693319181,0.25695627385562925,1.7690961498159723,97.5890162667315,0.017265211445254634,0.018543162246992897,0.021983507146216635,0.06749261775155369,0.01818341677707004,0.0003650209069094787,0.24109837332685014,0.0004866945425459716
0.025169366990052382,0.053738570512954456,11.941904558434326,1.0075250537753562,0.059680688120620246,0.014386032821632545,0.04611513072225122,0.0012031762048484596,0.26869285256477227,1.813545096795641,97.51447407118434,0.018501013317392276,0.020140445950285562,0.02305756536112561,0.07338171673370755,0.019259500099991757,0.0003951451155940616,0.2485525928815671,0.0005268601541254155
0.025957421790967376,0.05617178694516968,12.48261932114882,1.0326825372456687,0.06390045653382827,0.015617774553138116,0.04834491822427075,0.0013075829083159932,0.2808589347258484,1.8588285670422038,97.43765759350629,0.019809141525486764,0.02186488437439336,0.024172459112135374,0.07974948157819244,0.020397072183855204,0.00042762530712669034,0.25623424064937156,0.0005701670761689205
0.02677015064782866,0.05869257755028221,13.042795011173824,1.0583039962231107,0.06836242730081545,0.016946845421569573,0.05065799687688216,0.0014204206954304777,0.29346288775141105,1.904947193201599,97.35849936887898,0.021192352463252788,0.0237255835901974,0.02532899843844108,0.08663145821430483,0.021599461996803706,0.000462632358465382,0.26415006311210215,0.0006168431446205093
0.02760832610721057,0.06130254551219808,13.622787891599575,1.0843892514125446,0.07307540774946887,0.01838014594392255,0.05305591915710553,0.0015423105394942577,0.3065127275609904,1.9519006525425802,97.27693005342047,0.022653376402335352,0.025732204321491564,0.026527959578552765,0.09406551980375479,0.02287016349505116,0.0005003482230027037,0.2723069946579528,0.000667130964003605
0.02847274490417964,0.06400321485514415,14.222936634476481,1.1109375625796807,0.07804807654693463,0.01992499039245606,0.055540161454384236,0.001673913613099469,0.32001607427572076,1.999687612643425,97.19287837972793,0.024194903729549733,0.027894986549438484,0.027770080727192118,0.10209199126293661,0.024212842536801945,0.0005409665269969839,0.2807121620272075,0.000721288702662645
0.02936422871963809,0.06679602205687005,14.843560457082233,1.1379475962856334,0.08328893761447671,0.021589124108915676,0.05811211610264214,0.0018159333665286755,0.3339801102843502,2.04830567331414,97.10627111189922,0.02581957066048778,0.030224773752481945,0.02905605805132107,0.11075377602458392,0.025631344032776445,0.0005846931788964257,0.28937288881007855,0.0007795909051952343
0.03028362496137999,0.06968230646343031,15.484956991873403,1.1654173942303379,0.08880627098186951,0.023380741277664173,0.06077308220365778,0.0019691177060476403,0.34841153231715155,2.0977513096146083,97.01703300006766,0.02752994400437955,0.03273303778872984,0.03038654110182889,0.12009648889184558,0.027129699221919573,0.0006317470080596327,0.29829669999323455,0.0008423293440795103
0.031231807569601994,0.07266330093296723,16.14740020732605,1.1933443400259305,0.0946080819560313,0.02530850240166492,0.0635242567129708,0.002134261215955238,0.3633165046648361,2.148019812046675,96.92508673448933,0.029328505406369706,0.03543190336233089,0.0317621283564854,0.13016859156111,0.028712133153896,0.0006823604184605783,0.30749132655106687,0.0009098138912807711
0.03220967784763504,0.07574012208591818,16.831138241315156,1.221725125455267,0.10070204829502268,0.02738155168656513,0.06636672514357254,0.0023122074464909095,0.37870061042959086,2.1991052258194808,96.83035289922579,0.03121763497145703,0.03833417236119118,0.03318336257178627,0.14102153216148058,0.030383072330599746,0.0007367800632402011,0.3169647100774214,0.0009823734176536015
0.033218165318686106,0.07891376041765513,17.536391203923362,1.2505557158891822,0.10709546593114797,0.029609534114072876,0.06930145214839534,0.0025038512555975103,0.39456880208827566,2.2510002886005283,96.73274992546983,0.03319959443865587,0.041453347759702025,0.03465072607419767,0.15270988807889216,0.03214715251308789,0.0007952675371313839,0.3267250074530169,0.0010603567161751783
0.03333333333333333,0.07927612232644879,17.616916072544175,1.2538201703993268,0.10783220421465993,0.029869765952174828,0.06963670788341111,0.0025262618738953174,0.3963806116322439,2.2568763067187882,96.72161004820062,0.033427983306544576,0.04181767233304476,0.03481835394170556,0.1540767116888754,0.03235121756834405,0.0008020994432067203,0.3278389951799391,0.001069465924275627
0.034258228609404695,0.08218507016735221,18.263348926078272,1.279831315166457,0.11379519327841749,0.03200261214458803,0.07232927187000056,0.0027101412060023785,0.410925350836761,2.3036963672996227,96.63219404456679,0.03527650991630942,0.04480365700242324,0.03616463593500028,0.16529151215408508,0.03400922667262961,0.0008581000872822532,0.33678059554332196,0.001144133449709671
0.03533085636111394,0.08555475959757537,19.012168799461193,1.3095463288347218,0.12080759599972857,0.03457148163581543,0.07545087872282158,0.0029320819895399964,0.42777379798787685,2.3571833919024994,96.52859924078913,0.03745035475991586,0.0484000742901416,0.03772543936141079,0.1788276805420444,0.035974373126771556,0.0009255713353242193,0.34714007592108764,0.0012340951137656258
0.03643706816957214,0.08902338032184051,19.78297340485345,1.3396943283780036,0.12813848954853774,0.03732738747189316,0.07866681721031774,0.003170736927566367,0.44511690160920253,2.4114497910804067,96.42187720392674,0.0397229317600467,0.05225834246065042,0.03933340860515887,0.19338324521227274,0.03804790373328458,0.0009979920235413952,0.35781227960732664,0.001330656031388527
0.037577915554158604,0.09259131713346497,20.5758482518811,1.3702680140084278,0.13579308272197463,0.04028213809524988,0.08197747226176788,0.003427230487602233,0.46295658566732484,2.4664824252151702,96.3119372817623,0.04209585564381214,0.05639499333334983,0.04098873613088394,0.20902678743886022,0.04023537223623169,0.0010756907697410576,0.36880627182377124,0.0014342543596547433
0.03875448295740466,0.09625877772619265,21.39083949470948,1.4012591772714111,0.14377592143465698,0.04344811907407482,0.08538305945967498,0.0037027508351950423,0.48129388863096323,2.5222665190885403,96.19868643250655,0.04457053564474366,0.06082736670370475,0.04269152972983749,0.22583077343854563,0.042542582696445154,0.0011590148359241392,0.38013135674934684,0.0015453531145655187
0.039967888775819985,0.10002578238849924,22.227951641888723,1.4326586635866654,0.15209083299399154,0.046838305498558795,0.08888361523871265,0.003998552412565834,0.5001289119424962,2.5787855944559976,96.08202917727492,0.04714815822813738,0.0655736276979823,0.04444180761935632,0.24387171164239022,0.04497559798389023,0.0012483309087365343,0.39179708227250987,0.0016644412116487125
0.04121928642299442,0.10389215448460996,23.08714544102444,1.4644563332416483,0.16074087395462663,0.05046627269832188,0.09247898787762403,0.004315958508438905,0.5194607724230498,2.636021399834967,95.96186755269481,0.04982967092593425,0.07065278177765062,0.046239493938812014,0.2632303094296888,0.047540748390068985,0.001344025882617519,0.4038132447305194,0.0017920345101566917
0.042509865425985206,0.10785751045351642,23.968335656336983,1.4966410236978482,0.1697282778841022,0.05434620563773314,0.0961688279890012,0.004656363860475481,0.5392875522675821,2.6939538426561267,95.83810106373828,0.05261576614407168,0.0760846878928264,0.0480844139945006,0.2839916318503996,0.050244640204373435,0.0014465076566155493,0.41618989362617287,0.0019286768754873988
0.043840852556032546,0.11192124994754821,24.87138887723294,1.5292005123748185,0.17905440480208476,0.05849290650546382,0.0999525791373577,0.005021237259457221,0.559606249737741,2.7525609222746734,95.71062663688393,0.05550686548864627,0.08189006910764934,0.04997628956867885,0.3062452604542959,0.05309416427096996,0.0015562059370387185,0.4289373363116073,0.002074941249384958
0.04521351299467772,0.11608254676146915,25.7961215025487,1.5621214788565927,0.18871969482769718,0.06292180001940684,0.10382946924154507,0.005412124123651918,0.5804127338073457,2.811818661941867,95.57933857372103,0.058503105396586125,0.08809052002716956,0.051914734620772535,0.33008545030153047,0.056096504557385705,0.001673573037929096,0.4420661426278984,0.002231430717238795
0.04662915153639276,0.12034034079160788,26.74229795369064,1.5953894660344305,0.19872362803820903,0.06764893620337983,0.10779850299510327,0.0058306490296618114,0.6017017039580393,2.8717010388619753,95.44412850511684,0.0616043246918448,0.09470851068473177,0.053899251497551634,0.3556112843190739,0.05925914674895165,0.0017990846760390982,0.4555871494883166,0.0023987795680521307
0.04808911382886401,0.12469332953457227,27.709628785460506,1.6289888441581923,0.20906468445738993,0.0726909909352051,0.11185845379260734,0.006278518242838362,0.6234666476728613,2.932179919484746,95.30488534607537,0.06481005218179088,0.10176738730928714,0.05592922689630367,0.3829268276307117,0.06258988663256383,0.0019332407717314543,0.46951146539246413,0.0025776543623086054
0.04959478765210962,0.12913996030484107,28.69776895663135,1.6629027756382424,0.21974030861947236,0.07806526355366374,0.11600785635360829,0.006757522195053935,0.6456998015242054,2.9932249961488364,95.16149525142802,0.06811949567203643,0.10929136897512923,0.058003928176804144,0.4121412786763395,0.06609683835295391,0.002076566242463337,0.48385047485719856,0.002768754989951116
0.05114760423764598,0.13367842333199512,29.706316295998917,1.6971131806606952,0.23074687958164622,0.08378967121641925,0.12024500020168626,0.00726953789442331,0.6683921166599756,3.0548037251892515,95.01384157250686,0.07153153267031033,0.11730553970298695,0.06012250010084313,0.4433691161808777,0.069788442511624,0.0022296117851058643,0.4986158427493142,0.0029728157134744854
0.05274903962895741,0.13830664644291898,30.734810320648666,1.7316007020456436,0.24207969013138364,0.08988273960296,0.12456792470485589,0.007816531236935063,0.691533232214595,3.1168812636821586,94.86180481496275,0.07504470394072893,0.125835835444144,0.062283962352427946,0.47673024014066956,0.07367347417964516,0.002392954639625909,0.513819518503725,0.0031906061861678783
0.054400616084562536,0.14302228972555983,31.782731050124408,1.7663446740685722,0.25373292771999395,0.09636359016872956,0.12897441405460447,0.00840055926024749,0.7151114486277991,3.17942041332343,94.70526259789769,0.07865720759319812,0.13490902623622136,0.06448720702730223,0.5123501092824945,0.07776105052613466,0.0025671993448298236,0.5294737402102319,0.0034229324597730977
0.05610390352501015,0.1478227407648181,32.84949794773736,1.8013230946668335,0.26569965911682963,0.10325192338808291,0.13346199277832893,0.009023772304044228,0.7391137038240905,3.2423815704003003,94.54408961449597,0.08236689432621719,0.14455269274331606,0.06673099638916447,0.5503598728236575,0.0820606380515377,0.0027529784771851487,0.5455910385504026,0.0036706379695801987
0.05786052102518129,0.15270511196145078,33.934469324766845,1.8365125972361813,0.2779718263843973,0.11056799737848355,0.13802792330453698,0.00968841602216203,0.7635255598072539,3.3057226750251263,94.37815759435486,0.08617126617916317,0.15479519632987696,0.06901396165226849,0.5908964931916622,0.08658205962532602,0.002950953358939549,0.5621842405645132,0.003934604478586066
0.05967213835331507,0.15766623853684736,35.03694189707719,1.871888426463442,0.2905402472880724,0.11833260198773123,0.14266920416748094,0.010396833276289437,0.7883311926842367,3.3693991676341954,94.20733526772183,0.09006747665930244,0.1656656427828237,0.07133460208374047,0.6341028615208928,0.09133550103662638,0.003161814743562855,0.5792664732278172,0.00421575299141714
0.06154047755822148,0.16270267826541174,36.15615072564705,1.9074244154443352,0.30339462545346685,0.12656702794342264,0.14738256989911203,0.011151465874170163,0.8135133913270587,3.4333639477998035,94.03148833186603,0.09405233389057473,0.17719383912079167,0.07369128494955601,0.6801279036656382,0.09633151720154455,0.0033862834694297927,0.5968511668133976,0.00451504462590639
0.06346731460619036,0.16781071091748062,37.29126909277347,1.9430929719104453,0.3165235584215761,0.1352930308030899,0.15216449057215695,0.011954856175867301,0.839053554587403,3.4975673494388015,93.85047941981495,0.09812230311068859,0.18941024312432586,0.07608224528607847,0.7291266781661467,0.10158103747790542,0.0036251110878348833,0.6149520580185055,0.004833481450446511
0.0654544810691514,0.17298634017779535,38.44140892839897,1.9788650652876358,0.3299145585149905,0.14453278910378786,0.15701117377731405,0.012809648489406921,0.8649317008889768,3.5619571175177445,93.66416807171899,0.10227351313964705,0.20234590474530298,0.07850558688865703,0.7812604613689281,0.10709537058335405,0.003879080445743463,0.633583192828101,0.005172107260991284
0.06666666666666667,0.17609725049044722,39.132722331210495,2.0001934928211162,0.3380038476814127,0.15028548802173225,0.15992503703947814,0.013343951712493118,0.880486252452236,3.6003482870780092,93.55069850316254,0.10478119278123793,0.21039968323042513,0.07996251851973907,0.8138476149449553,0.11050803239420508,0.004037765893576489,0.644930149683746,0.005383687858101985
0.06750386586569122,0.17822529794909184,39.60562176646485,2.014710213704642,0.34355408710147173,0.1543088570448152,0.16191856894398685,0.013718590273124788,0.8911264897454592,3.6264783846683555,93.47241070911804,0.10650176700145624,0.21603239986274128,0.08095928447199342,0.8366968207578809,0.11288620919769209,0.0041490062286734545,0.6527589290881963,0.005532008304897939
0.0696174170565815,0.18352304783595663,40.78289951910148,2.0505964849893497,0.3574275820134253,0.16464411081091862,0.16688237076773405,0.01468453315662072,0.9176152391797832,3.6910736729808296,93.27506061237975,0.11080255042416183,0.23050175513528603,0.08344118538386702,0.8956096772222977,0.11896563322376519,0.004435735466136722,0.6724939387620243,0.005914313954848962
0.07179714369652528,0.18887479113776495,41.97217580839222,2.0864904995632347,0.37151949761080966,0.17556168854449802,0.1718980250991608,0.01571043371942594,0.9443739556888248,3.7556828992138227,93.07196790162898,0.115171044259351,0.24578636396229722,0.0859490125495804,0.9581793525477881,0.1253461125064649,0.004740147985319412,0.6928032098371012,0.006320197313759216
0.07404511774388184,0.1942754741386523,43.17232758636718,2.1223574405750534,0.38581334996240885,0.18708492359588222,0.1769607360688469,0.01679935402768348,0.9713773706932614,3.8202433930350965,92.86297952148483,0.11960213848834673,0.2619188930342351,0.08848036803442345,1.0245926021484155,0.13204050860733896,0.005063156813301132,0.7137020478515171,0.0067508757510681755
0.07636347603018456,0.19971979758940606,44.38217724209023,2.15816106657928,0.40029177311894026,0.19923727156537585,0.18206547535611592,0.017954461934745387,0.9985989879470303,3.8846899198427045,92.64793922995601,0.12409044966687148,0.27893218019152616,0.09103273767805796,1.095042633400121,0.13906207598473258,0.0054057085307399385,0.735206077004399,0.007207611374319918
0.07875442229132526,0.20520222657904008,45.60049479534224,2.1938637365477036,0.4149365740466501,0.21204222997429445,0.18720699177407707,0.019179031115270077,1.0260111328952004,3.9489547257858666,92.42668759184129,0.12863033795446152,0.2968591219640122,0.09360349588703853,1.169729107720322,0.14642446180006513,0.005768783568690014,0.7573312408158704,0.007691711424920018
0.0812202292623347,0.21071700161709137,46.826000359353635,2.229426444973225,0.42972879078291704,0.225523250331933,0.19237982199488854,0.020476440800303794,1.0535850080854567,4.012967600951805,92.19906197701904,0.13321592514270428,0.31573255046470616,0.09618991099744427,1.2488581244105283,0.15414170446266653,0.006153396440978469,0.7800938022980946,0.008204528587971292
0.08376324083775072,0.21625815200279275,48.05736711173172,2.264808859971335,0.4446487616449561,0.23970364376024933,0.19757830351291053,0.021850175244872223,1.0812907600139636,4.076655947948403,91.96489656404287,0.13784111610993638,0.33558510126434904,0.09878915175645527,1.332642188184757,0.16222823147498183,0.006560595922352085,0.8035103435957104,0.00874746122980278
0.08638587429962831,0.22181950976785716,49.29322439285715,2.2999693757977857,0.45967619288200634,0.25460647837405614,0.2027965880981295,0.023303822859723215,1.1090975488392858,4.139944876436014,91.72402234944778,0.14249961979342196,0.35644906972367857,0.10139829404906475,1.4213001562145189,0.17069885562474205,0.006991465153827906,0.8275977650552192,0.009321953538437209
0.08909062261530773,0.2273947255918014,50.53216124262254,2.3348651677647836,0.4747902359036708,0.27025447093152394,0.20802865718171037,0.024841075098373695,1.136973627959007,4.202757301976611,91.47626716324028,0.14718497313013795,0.3783562593041335,0.10401432859085519,1.5150571702498117,0.17956877053148984,0.0074471217021282185,0.8523732836759688,0.009929495602837625
0.09188005680712699,0.23297728509966872,51.77273002214861,2.3694522638016333,0.4899695609895623,0.28666986983864773,0.21326833753331614,0.026465724969306773,1.1648864254983435,4.26501407484294,91.22145569101346,0.1518905639067643,0.40133781777410676,0.10663416876665807,1.6141445658780202,0.1888535442977876,0.007928717537816675,0.8778544308986503,0.010571623383755568
0.09475682839632969,0.23856052630156627,53.01345028923695,2.4036856277325342,0.5051924329892019,0.30387433036884876,0.21850931800459877,0.028181665188704998,1.1928026315078313,4.3266341299185616,90.95940950319044,0.1566096542266526,0.42542406251638826,0.10925465900229939,1.7187997598591178,0.19856911163866842,0.00843743893798636,0.9040590496809515,0.011249918583981817
0.09772367192349175,0.24413765852265398,54.25281300503423,2.437519247656333,0.5204367930803762,0.3218887841394544,0.22374516771666428,0.02999288605478976,1.2206882926132698,4.3875346457813995,90.68994709193286,0.16133540585491662,0.4506442977952361,0.11187258385833214,1.8292661204816274,0.20873176508661873,0.00897450633727858,0.9310052908067095,0.011966008449704775
0.1,0.2482950254330464,55.176672318454756,2.462500281682062,0.5318232620548653,0.33588392004496426,0.2276484938601748,0.03141025167477155,1.241475127165232,4.4325005070277115,90.4837418035933,0.16486521123700826,0.47023748806294996,0.1138242469300874,1.915711249644317,0.21662367421060927,0.009394873072035449,0.9516258196406661,0.0125264974293806
0.10078340754786361,0.24970178190029657,55.489284866732575,2.470906238893265,0.5356803385342719,0.3407333008008855,0.22896935473266286,0.0319034729391908,1.2485089095014827,4.447631230007877,90.41288391623686,0.16606090494562428,0.4770266211212396,0.11448467736633143,1.9457928145612469,0.21935814440465715,0.009541174099401122,0.9587116083763109,0.012721565465868166
0.10393894372809626,0.25524590780581774,56.72131284573728,2.5037989592109837,0.550900603119483,0.36042694247345924,0.23417526557949533,0.03391760339481197,1.2762295390290885,4.506838126579771,90.12803245578951,0.17077918696703973,0.5045977194628429,0.11708763278974767,2.0686346310495822,0.23046522436451844,0.010138730210621573,0.9871967544210458,0.013518306947495432
0.10719327998690364,0.26076298000356385,57.94732888968086,2.5361491289291616,0.5660750396455849,0.38098761400086756,0.2393562254736488,0.03603954401769407,1.3038149000178192,4.565068432072491,89.8352022742068,0.17548326229013134,0.5333826596012146,0.1196781127368244,2.198051789639161,0.24207030162026655,0.010768495934478442,1.0164797725793167,0.01435799457930459
0.11054950976228473,0.266245896235503,59.16575471900067,2.567907966030946,0.5811810995611576,0.40243190602934936,0.24450551888981567,0.0382736468904996,1.331229481177515,4.622234338855702,89.53420009224484,0.18016614086395885,0.563404668441089,0.12225275944490784,2.3343097238515704,0.25419097966068915,0.01143182538174157,1.04657999077551,0.015242433842322095
0.11401082334801758,0.271687530469821,60.37500677107134,2.5990263379290397,0.5961963104108849,0.4247749303843613,0.2496164106979492,0.04062434554655784,1.358437652349105,4.678247408272272,89.22482987162378,0.18482085622737435,0.5946849025381058,0.1248082053489746,2.477678834884563,0.26684515163512657,0.012130104980612294,1.0775170128376164,0.01617347330748306
0.11758051092622286,0.2770807555654744,61.573501236772096,2.629454913902959,0.6110983550832958,0.4480301538868118,0.2546821677095144,0.043096150742258255,1.385403777827372,4.7330188450253265,88.90689291019255,0.1894404900758217,0.6272422154415365,0.1273410838547572,2.628434233770331,0.2800509826011547,0.012864752927932712,1.1093107089807384,0.017153003903910283
0.12126196569487344,0.2824184662462489,62.75965916583309,2.659144333322734,0.6258651473287161,0.47220922584837044,0.2596960804470102,0.045693645761360875,1.4120923312312443,4.786459799980921,88.5801879490888,0.194018195671902,0.6610929161877186,0.1298480402235051,2.7868554549853997,0.29382688968978554,0.01363721854714749,1.1419812050911151,0.018182958062863325
0.1250586870932304,0.2876936026003455,63.93191168896567,2.6880453849326793,0.6404749062586597,0.49732180099755413,0.2646514853734095,0.048421481296652934,1.4384680130017273,4.838481692878823,88.24451129262964,0.19854722094018448,0.6962505213965757,0.13232574268670474,2.9532261442828625,0.3081915205764568,0.014448981567524728,1.17554887073703,0.019265308756699642
0.12897428412826512,0.29289917242255215,65.08870498278937,2.7161091758573743,0.6549062278698432,0.5233753677942977,0.2695417860415012,0.05128437041909958,1.4644958621127606,4.888996516543274,87.8996569417926,0.2030209306396514,0.7327255149120168,0.1347708930207506,3.127833751860883,0.3231637325287947,0.015301551466067665,1.2100343058207346,0.020402068621423557
0.1330124788052318,0.29802827531694404,66.22850562598757,2.7432873372268003,0.6691381537179792,0.5503750625983147,0.2743604757786851,0.05428708251676989,1.4901413765847202,4.93791720700824,87.54541674185359,0.20743282765257356,0.7705250876376406,0.13718023788934255,3.3109691626977957,0.3387625669907418,0.016196466568255505,1.2454583258146357,0.021595288757674008
0.13333333333333333,0.2984256863058084,66.31681917906853,2.7453725613151683,0.6702413557334853,0.5525249984144988,0.27473384446469346,0.05452777051180541,1.492128431529042,4.941670610367303,87.51733190429466,0.20777482027738045,0.7735349977802982,0.13736692223234673,3.325648723515012,0.3400085489218354,0.016268232209120083,1.2482668095705276,0.021690976278826782
0.13717710966565425,0.3030741256135081,67.3498056918907,2.7695322157852518,0.6831502377096337,0.5783234915637725,0.2791011592817843,0.057434437346546824,1.5153706280675403,4.985157988413453,87.18158054521089,0.21177657368998645,0.8096528881892815,0.13955057964089215,3.502926333765891,0.3550072250180601,0.01713529322262522,1.2818419454789047,0.022847057630166964
0.14147213543608317,0.30803007583801234,68.45112796400275,2.7947970803456754,0.696922610775832,0.6072205485993006,0.28375757467571294,0.06073129850428247,1.5401503791900615,5.0306347446222155,86.80793639009336,0.2160460093405079,0.8501087680390208,0.14187878733785647,3.704001895776188,0.37191704044630847,0.018119624861345312,1.3192063609906572,0.02415949981512709
0.14590163879110046,0.3128896386525193,69.53103081167095,2.8190363177682545,0.7104360405993082,0.6370632413451248,0.2883236141246013,0.0641825669254535,1.5644481932625964,5.074265371982858,86.42427069614071,0.22023517258578554,0.8918885378831747,0.14416180706230064,3.914494756783409,0.38951145349442057,0.0191510811163444,1.3575729303859223,0.02553477482179254
0.15046983023414068,0.3176465085778893,70.58811301730873,2.842205634929421,0.7236719879715893,0.6678455184546022,0.2927933441947866,0.0677931739795002,1.5882325428894464,5.115970142872958,86.03036847765303,0.2243383162711927,0.934983725836443,0.1463966720973933,4.134705681009717,0.4078099829587437,0.02023130687390847,1.3969631522346906,0.026975075831877963
0.15518105209982128,0.3222945848473258,71.62101885496129,2.8642622765507473,0.7366126637586885,0.6995580939293259,0.29716102724088805,0.07156807383196936,1.611472924236629,5.155672097791345,85.62601357532719,0.22834992576519345,0.9793813315010561,0.14858051362044403,4.364936823011812,0.42683219579526865,0.02136197118130771,1.4373986424672742,0.02848262824174361
0.16003978268158892,0.32682799287657405,72.6284428614609,2.885165231664518,0.7492410819257012,0.7321882817856905,0.30142114148956395,0.07551223575442965,1.63413996438287,5.193297416996132,85.2109889075483,0.23226473539696735,1.0250635944999666,0.15071057074478197,4.605491258662664,0.4465976770269718,0.022544766193703353,1.4789011092451634,0.030059688258271135
0.16505064048859966,0.33124110165097687,73.6091337002171,2.9048754071895098,0.7615411011663903,0.765719852265696,0.3055683972836629,0.079630636981482,1.6562055082548843,5.228775732941117,84.78507674235709,0.236077741361581,1.0720077931719745,0.15278419864183146,4.856672549500587,0.4671260023768813,0.023781406327288025,1.521492325764284,0.031708541769717366
0.16666666666666666,0.33260993165061253,73.91331814458056,2.910850553113861,0.765357625725805,0.7765015107905444,0.3068548077498909,0.08096924857791898,1.6630496582530625,5.23953099560495,84.64817248907218,0.23726086397499954,1.0871021151067621,0.15342740387494544,4.938314470767279,0.47377554374017006,0.024183709210401548,1.5351827510927756,0.03224494561386873
0.17021838863588276,0.3355285450109076,74.56189889131282,2.9233558407372313,0.7734974741959866,0.8001328762560844,0.3095977569394274,0.08392825407609064,1.677642725054538,5.262040513327016,84.34805899053003,0.23978421700075583,1.1201860267585182,0.1547988784697137,5.118784216100768,0.48843670544430484,0.0250736270648868,1.5651941009469905,0.03343150275318239
0.17554793937196375,0.33968524019253554,75.48560893167458,2.940571888314993,0.7850958901942399,0.8354035889657088,0.3135044520345457,0.08841005451366633,1.6984262009626776,5.293029398966987,83.89971752114661,0.24337972596021437,1.1695650245519922,0.15675222601727284,5.39212922478851,0.5105492465342514,0.026423183883668714,1.610028247885332,0.03523091184489161
0.18104435874824296,0.34370640067005404,76.37920014890089,2.9564913650217304,0.7963230017019799,0.8715042842555834,0.317283995342665,0.09308098911754362,1.71853200335027,5.321684457039114,83.43983450086759,0.24686013052761377,1.2201059979578166,0.1586419976713325,5.677009526278986,0.5334829856115371,0.02783185148003356,1.6560165499132353,0.03710913530671141
0.18671287143457763,0.34758755573907574,77.24167905312795,2.9710847429409033,0.8071664683848628,0.9084031910780968,0.32093219907263837,0.09794598231267262,1.7379377786953787,5.347952537293626,82.96819275699366,0.2502216051993075,1.2717644675093354,0.16046609953631918,5.973725461249904,0.5572571474521744,0.029301422467200026,1.7031807243006287,0.03906856328960003
0.19255886568563693,0.35132456251206046,78.07212500268011,2.984325282963297,0.8176149812724997,0.946064391491637,0.3244451859977766,0.1030099236673043,1.756622812560302,5.371785509333934,82.48457616629443,0.2534606441944749,1.3244901480882918,0.1622225929988883,6.282575244468889,0.5818907928929874,0.030833706494786263,1.7515423833705521,0.04111160865971501
0.1985878984627537,0.354913613720091,78.86969193779801,2.996189132331802,0.8276582751950631,0.984447765796621,0.32781939663847676,0.10827765982368182,1.774568068600455,5.393140438197244,81.98877007044977,0.25657406531046956,1.3782268721152693,0.16390969831923838,6.603854472646354,0.607402792555995,0.03243052954771152,1.8011229929550168,0.04324070606361535
0.2,0.3557171951508773,79.04826558908384,2.998718958503023,0.8299082424009568,0.9933667918274256,0.32857492355842255,0.10951763439152629,1.7785859757543863,5.397694125305441,81.87307530781656,0.2572715551442966,1.3907135085583957,0.16428746177921127,6.679480521539189,0.613392238739302,0.032806836842404485,1.8126924692183377,0.043742449123205976
0.2048057007161457,0.35835125312837746,79.63361180630609,3.006655480986006,0.8372871620349192,1.0235089223842166,0.33105160359281316,0.11375398401034259,1.791756265641887,5.411979865774811,81.48056171799384,0.25955902023082494,1.4329124913379032,0.16552580179640658,6.937855484790795,0.6338117922682974,0.03409373266215811,1.8519438282006107,0.04545831021621081
0.21121818283251761,0.36163437857603853,80.36319523911969,3.015706614762076,0.8464935308205952,1.0631991892277939,0.33413891425125136,0.11944362785305845,1.8081718928801926,5.428271906571737,80.95974073543465,0.2624129945543845,1.4884788649189113,0.16706945712562568,7.284866862758036,0.6611361886501861,0.0358251713472792,1.9040259264565296,0.047766895129705604
0.21783144025323414,0.36476024828758047,81.05783295279568,3.0233279919844063,0.8552703568814396,1.103465608681415,0.33707877658263175,0.12535125173256187,1.8238012414379021,5.441990385571931,80.42609962715305,0.26513381063324626,1.544851852153981,0.16853938829131587,7.6451728431689485,0.6893941003097581,0.03762671469270264,1.9573900372846889,0.0501689529236035
0.22465175926839415,0.36772648340800235,81.7169963128894,3.0295082859027462,0.8636117011294557,1.1442509637275189,0.3398689813768351,0.13148143533364415,1.8386324170400117,5.453114914624943,79.87943430556582,0.2677196273501313,1.6019513492185262,0.16993449068841754,8.019052740998957,0.7186033411543233,0.03950024461298001,2.0120565694434114,0.05266699281730667
0.23168562299231782,0.37053106636613464,82.34023697025215,3.034239390344364,0.8715126981826532,1.1854938374594015,0.342507660569431,0.13783866844510514,1.852655331830673,5.461630902619855,79.31954465254975,0.2701689364366225,1.6596913724431621,0.1712538302847155,8.406780388466963,0.7487813960729696,0.041447655247796165,2.068045534745019,0.05526354033039488
0.23333333333333334,0.3711527072771915,82.47837939493145,3.035121484768999,0.8732661867835293,1.1950319256466957,0.34309261160830895,0.13933251995518747,1.8557635363859575,5.4632186725841985,79.1889566336457,0.2707125179028941,1.6730446959053737,0.17154630580415448,8.497890392066884,0.7558569732122751,0.04190593655466414,2.081104336635424,0.05587458207288551
0.23893971752613127,0.37317234233019686,82.92718718448819,3.0375164449198717,0.8789695535744748,1.2271286820562315,0.3449932884761969,0.14442734025608664,1.8658617116509841,5.4675296008557694,78.74623511200602,0.2724805616080872,1.7179801548787241,0.17249664423809846,8.808623482218724,0.7799453923989136,0.043470852042814014,2.1253764887993922,0.05796113605708534
0.2464209383132951,0.3756490055528086,83.47755678951302,3.0393377382421227,0.8859794992405579,1.2690859601636448,0.34732466882562296,0.1512517314386163,1.878245027764043,5.470807928835821,78.15931531675375,0.27465364476457294,1.7767203442291026,0.17366233441281148,9.224843100441209,0.8121120834896812,0.0455717516819162,2.1840684683246194,0.06076233557588825
0.2541363966941321,0.3779601006613619,83.99113348030265,3.039704722540281,0.8925407911010044,1.3112922579053543,0.34950093584225944,0.15831600184623168,1.8898005033068093,5.471468500572506,77.55860074638663,0.27668764524131134,1.8358091610674958,0.17475046792112972,9.65569295260167,0.8452978173178024,0.0477522809208316,2.2441399253613303,0.06366970789444212
0.26209342666557356,0.380105003415727,84.46777853682823,3.038621864597835,0.8986526496054092,1.3536704893017124,0.35152153602792996,0.16562418224042277,1.900525017078635,5.469519356276104,76.94391342170921,0.27858232137767686,1.8951386850223972,0.17576076801396498,10.101418874843386,0.8795185219322432,0.05001437661483702,2.3056086578290733,0.06668583548644935
0.26666666666666666,0.38123558057518836,84.71901790559741,3.037381972100424,0.9018851534232558,1.377493874669362,0.35258699801025595,0.16983302424333996,1.9061779028759418,5.467287549780764,76.59283383645831,0.2795843975612093,1.9284914245371065,0.17629349900512797,10.358116148601304,0.8991785558907999,0.05132006963279945,2.340716616354163,0.06842675951039925
0.27029959185255237,0.3820834137130212,84.90742526956026,3.0360965868028114,0.9043152347833979,1.3961400842691905,0.3533862214557657,0.17318016220668708,1.9104170685651058,5.46497385624506,76.31508263147339,0.28033772278285335,1.9545961179768665,0.17669311072788285,10.562258092985845,0.914789678279218,0.05235998480865729,2.368491736852656,0.06981331307820972
0.2787626926976774,0.3838953334589447,85.31007410198772,3.0321390871675318,0.9095295791198554,1.4386172490388136,0.3550950288344665,0.18098768079421348,1.9194766672947234,5.457850356901558,75.67194569630503,0.2819541695271552,2.014064148654339,0.17754751441723324,11.038438651639082,0.9511263049198384,0.054791060669065465,2.43280543036949,0.07305474755875395
0.2874907738760087,0.38554105490874424,85.67578997972095,3.0267622352978303,0.914297549896856,1.481015219397769,0.3566482684126546,0.1890503136997441,1.927705274543721,5.448172023536094,75.01434876556867,0.28343224046802534,2.0734213071568766,0.1783241342063273,11.530178632547393,0.9885429316471127,0.05730956758017597,2.498565123443127,0.07641275677356794
0.2964921319419978,0.3870211341828243,86.00469648507207,3.019981350572608,0.9186217700463494,1.523244583375117,0.35804649894063106,0.19737146310822154,1.9351056709141214,5.435966431030694,74.34214765240341,0.2847727487143683,2.1325424167251636,0.17902324947031553,12.037685534970432,1.0270535846433768,0.059917477065989086,2.565785234759653,0.07988996942131876
0.3,0.3875423024339181,86.1205116519818,3.0170280179318456,0.9201552197188321,1.53929177805682,0.35853924149027816,0.20061483541562344,1.9377115121695903,5.430650432277322,74.08182206815587,0.28524811811283796,2.155008489279548,0.17926962074513908,12.235498811998875,1.0420367712278131,0.060936383546113,2.5918177931844064,0.08124851139481731
0.3057753232158493,0.3883363734129663,86.29697186954807,3.0118140422486164,0.9225055632079067,1.5652136035718414,0.35929051074127843,0.2059543444913721,1.9416818670648313,5.421265276047509,73.65520870217046,0.28597672459445106,2.191299045000578,0.17964525537063922,12.561155470528785,1.0666717621464454,0.06261676799087224,2.6344791297829477,0.08348902398782962
0.3153491719168045,0.38948779713961507,86.55284380880336,3.0022800016074647,0.9259528826233823,1.6068285817755001,0.36038130336993496,0.21480197385430563,1.9474389856980752,5.404104002893437,72.95340969717694,0.2870453936132485,2.2495600144857,0.18019065168496748,13.100772385374102,1.1074104135005094,0.06540942598823918,2.7046590302822993,0.08721256798431887
0.32522277855108467,0.3904766258705228,86.77258352678284,2.991400769030934,0.928968231995814,1.6479942543394293,0.3613200605994466,0.2239171547678003,1.9523831293526137,5.384521384255682,72.23664079731064,0.28798015191870235,2.307191956075201,0.1806600302997233,13.656707269288141,1.14928191899051,0.06829744293736259,2.776335920268928,0.09106325724981676
0.3333333333333333,0.3911507596331467,86.92239102958817,2.981757188721862,0.931070327397686,1.6804973878956022,0.36196174561460626,0.23139404642380135,1.9557537981657334,5.367162939699352,71.65313105718693,0.28863180149328266,2.352696343053843,0.18098087280730313,14.112722891387644,1.183558612425875,0.07067479019623826,2.834686894281299,0.09423305359498434
0.335405528562453,0.39130425387058243,86.95650086012942,2.9791995295824107,0.9315565980856687,1.6886142008629108,0.3621081293759109,0.23330246342350253,1.9565212693529122,5.362559153248339,71.50480551381212,0.2887825454065573,2.364059881208075,0.18105406468795546,14.22911724419942,1.1922980641541854,0.07128281600916032,2.8495194486187803,0.09504375467888042
0.3459071012536346,0.39197222240414825,87.10493831203297,2.965700871085054,0.9337233704310895,1.7285912858420351,0.3627469944927137,0.24296023394831628,1.9598611120207412,5.338261567953097,70.75782171844466,0.28945424483363774,2.420027800178849,0.18137349724635685,14.818144668507811,1.2364700164685511,0.07436754688827599,2.9242178281555264,0.09915672918436796
0.356737478987062,0.3924821986612632,87.21826636916961,2.9509305818745775,0.9354742768171348,1.7678281097982103,0.36323825860004566,0.2528925414072925,1.962410993306316,5.31167504737424,69.99562268330533,0.28999702581331177,2.474959353717494,0.18161912930002283,15.42391610043077,1.2818082953087482,0.07755364047181176,3.000437731669459,0.10340485396241568
0.36666666666666664,0.39280476135047326,87.28994696677184,2.936729448005964,0.9366882080997808,1.8020652982182852,0.36355284763134615,0.26196947493278916,1.964023806752366,5.286113006410735,69.30406200869159,0.29037334451093205,2.522891417505599,0.18177642381567308,15.97751827615081,1.3231702221520174,0.08047769557695479,3.069593799130834,0.1073035941026064
0.3679069566736946,0.39283594529295424,87.29687673176761,2.9349153761712095,0.9368152923467606,1.806227494846497,0.36358361338231293,0.26310118646794983,1.9641797264647711,5.282847677108177,69.21815815719748,0.2904127406274958,2.5287184927850954,0.18179180669115647,16.046541362680262,1.3283227487403393,0.08084310412248552,3.0781841842802447,0.10779080549664737
0.37942615155894255,0.39303530829711164,87.34117962158037,2.9176827537111367,0.9377525996409826,1.8436929566000544,0.36378482797531336,0.27358767451067245,1.9651765414855582,5.251828956680046,68.42539546341685,0.2907033058887046,2.581170139240076,0.18189241398765668,16.686112268405914,1.3760225124204761,0.08423794551392738,3.157460453658308,0.11231726068523652
0.39130601331497683,0.3930821849773481,87.35159666163291,2.8992607103009416,0.9382924932730115,1.8801292176040818,0.3638437186526653,0.28435319937216696,1.9654109248867404,5.218669278541695,67.61732063765224,0.29087067291463353,2.6321809046457143,0.18192185932633265,17.342701629708465,1.4249159849543769,0.08774017183254587,3.238267936234769,0.11698689577672786
0.4,0.39302358961353834,87.3385754696752,2.8854196537630212,0.9384382511642172,1.9054199422211262,0.3637998429027983,0.2921973608079772,1.9651179480676915,5.193755376773439,67.03200460408338,0.29091585786090735,2.6675879191095766,0.18189992145139916,17.82111703567853,1.460498688149834,0.09030310993110022,3.2967995395916545,0.12040414657480032
0.4035578344490419,0.39297851803363293,87.32855956302954,2.8796776397510473,0.9384413570090788,1.915442698845164,0.3637621430629353,0.2953986194994843,1.9648925901681644,5.183419751551885,66.79393957715489,0.29091682067281444,2.6816197783832294,0.18188107153146765,18.01636180327355,1.4750107786646294,0.09135178701237884,3.3206060422845036,0.12180238268317181
0.4161932610376458,0.39272626684424977,87.27250374316661,2.858962068524278,0.938205577428409,1.9495420367431422,0.3635419730348482,0.3067244398764284,1.9636313342212488,5.1461317233437,65.95527923091909,0.2908437290028068,2.729358851440399,0.1817709865174241,18.707123588063368,1.5263136896531224,0.09507479062827442,3.404472076908084,0.12676638750436592
0.429224303796838,0.3923274062969843,87.18386806599652,2.837142591148767,0.9375915342340534,1.982338582749543,0.3631850932629825,0.31833078598884484,1.9616370314849214,5.106856664067781,65.10138879167307,0.29065337561255655,2.77527401584936,0.18159254663149124,19.414994637459646,1.578830642374158,0.09891117471184142,3.4898611208326855,0.1318815662824553
0.43333333333333335,0.39217479595841725,87.14995465742606,2.83018069248484,0.9373262461971101,1.992197054749702,0.3630474446968798,0.3219743004791415,1.9608739797920862,5.094325246472712,64.83443409994445,0.29057113632110415,2.7890758766495827,0.1815237223484399,19.63721258622284,1.5953067565615626,0.1001200063791886,3.516556590005548,0.13349334183891817
0.44266334949910746,0.3917839106933075,87.06309126517944,2.8142476979066284,0.9366055490349949,2.0137469086300355,0.3626933859711382,0.33021738170451964,1.9589195534665373,5.0656458562319315,64.23234091892132,0.2903477202008484,2.8192456720820496,0.1813466929855691,20.139958110158652,1.632566646832366,0.10286292171036197,3.576765908107859,0.1371505622804827
0.4565231727477313,0.3910977486828895,86.91061081841991,2.7903056842793874,0.9352538649152207,2.0436852965211068,0.36206872594057793,0.3423835240102664,1.9554887434144475,5.022550231702898,63.34823296982622,0.2899286981237184,2.861159415129549,0.18103436297028896,20.881971129386148,1.6875257454617416,0.10693200166513185,3.6651767030173708,0.14257600222017583
0.4666666666666667,0.3905226407802877,86.78280906228618,2.7726159361036395,0.9340705370692656,2.0640852801424714,0.3615433339405284,0.3512256605295432,1.9526132039014383,4.990708684986552,62.70890852739263,0.2895618664914723,2.88971939219946,0.1807716669702642,21.42125303569684,1.7274493014240582,0.10990517437406784,3.729109147260729,0.14654023249875717
0.4708169481197926,0.3902708831260775,86.72686291690611,2.765344596876302,0.933542639751699,2.072076222671286,0.36131298016871516,0.3548280563045269,1.9513544156303873,4.977620274377344,62.44918823559811,0.2893982183230267,2.9009067117398,0.18065649008435758,21.640963154013097,1.7437109554288428,0.11112036906236547,3.7550811764401812,0.148160492083154
0.4855582626893883,0.3893052674364663,86.51228165254808,2.7393921586341916,0.9314779300483929,2.09884681259318,0.36042800423153304,0.36754934304770953,1.9465263371823316,4.930905885541545,61.5353571924934,0.2887581583150018,2.9383855376304515,0.18021400211576652,22.416834432479806,1.8011242140771546,0.11542996011140867,3.846464280750653,0.15390661348187828
0.5,0.38826042706454267,86.2800949032317,2.7138260081211216,0.9291927924093014,2.1227323317751288,0.3594685601315559,0.3798976408497168,1.9413021353227131,4.884886814618019,60.65306597147813,0.28804976564688345,2.97182526448518,0.17973428006577796,23.16995711542423,1.8568441827166127,0.11964106808779239,3.9346934028521794,0.15952142411705658
0.5007611289429391,0.3882028577132636,86.26730171405859,2.7124758063571153,0.9290657185774217,2.1239293018526775,0.3594156534745393,0.38054523988733696,1.941014288566318,4.882456451442808,60.60691873133007,0.2880103727590007,2.9735010225937484,0.17970782673726965,23.20945418072868,1.859766310834383,0.11986268883825227,3.9393081268669854,0.15981691845100307
0.5164399980988887,0.38696561204969254,85.99235823326502,2.6846226460389424,0.9263119070612978,2.1472614333802498,0.358277782181132,0.3938130684621236,1.9348280602484627,4.832320762870096,59.664081408364126,0.28715669118900233,3.0061660067323492,0.179138891090566,24.01865904550492,1.9196368310418142,0.12442044449260237,4.03359185916358,0.16589392599013653
0.5326097738444289,0.3855955077865254,85.68789061922787,2.655859534946781,0.9232223586110068,2.1687868654922746,0.3570162595926268,0.4073495862140755,1.927977538932627,4.780547162904206,58.70708465585769,0.2861989311694121,3.036301611689184,0.1785081297963134,24.844251263196465,1.9807340851171935,0.1291050876202029,4.129291534414223,0.1721401168269372
0.5333333333333333,0.3855321526770157,85.67381170600349,2.6545724533767237,0.9230786847766763,2.16969239956936,0.35695789576396453,0.4079517852911114,1.9276607633850782,4.778230416078102,58.66462195133805,0.28615439228076966,3.037569359397104,0.17847894788198226,24.880979384904887,1.9834526591728594,0.1293143213924993,4.1335378048661875,0.17241909518999907
0.5492858265023374,0.3840945553381264,85.35434563069477,2.6262131450847965,0.9198029310902844,2.1884555390053873,0.3556329827240179,0.42115095813343123,1.920472776690632,4.727183661152634,57.73619998085804,0.2851389086379882,3.0638377546075417,0.17781649136200894,25.68599693655797,2.0430550422419524,0.1339184466745631,4.226380001914189,0.17855792889941746
0.5664840076413714,0.38246481081917216,84.99218018203827,2.5957100274111635,0.9160595078283783,2.2062239812634843,0.3541298880760266,0.43521273019364604,1.9123240540958606,4.672278049340094,56.75173215068163,0.2839784474267973,3.0887135737688776,0.1770649440380133,26.54362441451047,2.1065952668092462,0.1388623150946908,4.324826784931828,0.18514975345958773
0.5666666666666667,0.3824470954054974,84.98824342344386,2.595386620838207,0.9160186716896308,2.206399612337625,0.3541135440241199,0.4353611338038982,1.9122354770274868,4.671695917508773,56.74136688147493,0.28396578822378554,3.0889594572726744,0.17705677201205994,26.55267555069975,2.1072661352523046,0.1389147093732495,4.3258633118524985,0.18521961249766605
0.5842206651441115,0.38070840145665874,84.6018669903686,2.5643767622456304,0.911998063588496,2.2220556401708382,0.35250897534697706,0.449529799450943,1.9035420072832936,4.615878172042135,55.75402030593365,0.28271939971243376,3.1108778962391734,0.17625448767348853,27.416822468513015,2.171348846444833,0.143938447448864,4.424597969406626,0.19191792993181866
0.6,0.3790897004990168,84.24215566644818,2.536642301551998,0.908235562116569,2.234157699707406,0.3510144288870073,0.46210748563064263,1.8954485024950838,4.565956142793596,54.88116360824576,0.2815530242561364,3.127820779590368,0.17550721444350365,28.183935548612894,2.2282971294707545,0.1484344116140096,4.511883639175417,0.1979125488186795
0.6025126587465945,0.37882754007273967,84.18389779394217,2.532240049443135,0.9076247014656159,2.235921097334661,0.35077232092266497,0.46409638962671795,1.894137700363698,4.558032088997644,54.74343907198694,0.28136365745434094,3.1302895362685255,0.17538616046133249,28.30523880333353,2.2373083319736313,0.14914855705657631,4.525656092801298,0.19886474274210178
0.6213773760644736,0.37682454922090536,83.73878871575675,2.499326864780874,0.9029457165431015,2.2477982932844585,0.3489221004312205,0.47890602477522115,1.8841227461045267,4.498788356605573,53.720399587023024,0.2799131721283615,3.146917610598242,0.17446105021561026,29.20847845104074,2.304464672649593,0.15449431303415645,4.62796004129769,0.20599241737887525
0.6333333333333333,0.3755263327380831,83.45029616401848,2.478604338176193,0.8999032737764681,2.254139395059531,0.3477225369462613,0.4881794227016294,1.8776316636904153,4.4614878087171475,53.081945056141166,0.2789700148707051,3.1557951530833432,0.17386126847313066,29.77406299057238,2.3465730691753093,0.15786748158804173,4.691805494385875,0.2104899754507223
0.6408327491209788,0.374701886579328,83.26708590651732,2.4656646269332305,0.8979676633146141,2.257672733976245,0.3469606124879851,0.4939515040456771,1.87350943289664,4.438196328479815,52.6853504510309,0.27836997562753035,3.160741827566743,0.17348030624399255,30.126102231745847,2.3728071546455056,0.15997733756363858,4.731464954896902,0.21330311675151808
0.6608972713923554,0.3724621607984291,82.76936906631758,2.431281318576622,0.8926973982171773,2.265537545617113,0.34489029352906014,0.5092248823053783,1.8623108039921454,4.37630637343792,51.638778657024055,0.276736193447325,3.171752563863958,0.17244514676453007,31.057625571805023,2.442323351356671,0.1655992047082978,4.836122134297586,0.2207989396110637
0.6666666666666666,0.3718099483085876,82.6244329574639,2.4214613953695965,0.8911597532407155,2.267391623997768,0.3442873034856288,0.5135708502989231,1.859049741542938,4.3586305116652735,51.34171190322463,0.2762595235046218,3.174348273596875,0.1721436517428144,31.322686159731322,2.4621319700882727,0.16720945592324232,4.865828809677529,0.22294594123098974
0.6815900153869975,0.3701081591175732,82.24625758168294,2.396205676007884,0.8871421540677742,2.27139361801514,0.3427137436727088,0.5247174479518371,1.8505407955878659,4.313170216814191,50.58121036058726,0.27501406776101,3.179951065221196,0.1713568718363544,32.00251715058254,2.512999070047012,0.17136143831881706,4.941878963941266,0.2284819177584227
0.7,0.36798335293807843,81.7740784306841,2.365348109079114,0.882115938708378,2.2748436923306143,0.3407486697080276,0.5382799047600811,1.839916764690392,4.257626596342406,49.65853037608664,0.2734559409995972,3.18478116926286,0.1703743348540138,32.82969139131735,2.5750194020601023,0.17645706269282968,5.034146962391328,0.23527608359043953
0.7029306507749974,0.36764286431847265,81.69841429299392,2.360467325383228,0.8813095865887627,2.2752495905216006,0.34043374262259063,0.5404197073245474,1.8382143215923632,4.24884118568981,49.513211610763584,0.27320597184251644,3.185349426730241,0.17021687131129531,32.96019794972415,2.5848183124693866,0.17726551165053644,5.0486788389236334,0.23635401553404856
0.7249394630853131,0.3650694747692419,81.12654994872042,2.324096938108101,0.875207829600423,2.277121842926003,0.33805326847678085,0.5563213701253776,1.8253473738462094,4.183374488594581,48.43538893980784,0.27131442717613113,3.187970580096404,0.16902663423839043,33.93004036394678,2.6577632398760422,0.18331284709593806,5.15646110601921,0.2444171294612507
0.7333333333333333,0.3640815165858111,80.9070036857358,2.3103602284061897,0.8728620875120175,2.2773169445417776,0.33713925336031164,0.5623081160339036,1.8204075829290556,4.158648411131142,48.03053010603992,0.27058724712872545,3.1882437223584885,0.16856962668015582,34.29517199690778,2.6852863199102015,0.18560799821605545,5.196946989396001,0.24747733095474056
0.7476373729883667,0.3623914229828087,80.53142732951304,2.287126377436714,0.8688455465203027,2.2770344585166167,0.33557551515611606,0.572411337827842,1.8119571149140434,4.116827479386085,47.348389810753666,0.2693421194212938,3.1878482419232634,0.16778775757805803,34.911367494120086,2.731814147127951,0.18950481654845094,5.265161018924626,0.25267308873126787
0.7666666666666666,0.3601332451058687,80.02961002352637,2.2565650623099462,0.8634723130935189,2.275534893224019,0.3334859152599921,0.5856597534929923,1.8006662255293433,4.061817112157903,46.455902033261935,0.26767641705899087,3.185748850513627,0.16674295762999605,35.7193883655376,2.792987489409445,0.19466075292489363,5.354409796673799,0.25954767056652484
0.7710459561823675,0.3596123848664274,79.91386330365053,2.249588803764154,0.862231957905383,2.275019012786892,0.3330039011528891,0.5886776988021674,1.7980619243321367,4.0492598467754775,46.25290301141924,0.26729190695066873,3.185026617901648,0.16650195057644454,35.90345284994419,2.8069494504564476,0.19584274348320585,5.3747096988580685,0.2611236579776078
0.795187463902277,0.3567362967060584,79.27473260134632,2.2115188094618645,0.8553768892575104,2.271114503213638,0.33034208550395683,0.6051077225994087,1.7836814835302919,3.9807338570313564,45.149658767402144,0.26516683566982824,3.1795603044990934,0.16517104275197841,36.90552000133794,2.8831456807269995,0.20232790448810645,5.485034123259779,0.2697705393174752
0.8,0.35616240632236795,79.14720140497066,2.204008756272561,0.8540078868782696,2.270133132899564,0.3298109073987315,0.6083413076419684,1.7808120316118397,3.96721576129061,44.93289640900032,0.26474244493226357,3.1781863860593895,0.16490545369936574,37.10273635308365,2.898180328400309,0.20361447351981274,5.50671035909996,0.27148596469308356
0.8200848440709281,0.3537673594035611,78.61496875634691,2.1729524951497607,0.8482907858306544,2.2653670561673542,0.3275939718718652,0.6216878627806894,1.7688367970178052,3.9113144912695694,44.03942880710612,0.26297014360750287,3.1715138786342956,0.1637969859359326,37.91674275099425,2.960377493848164,0.2089615329945043,5.596057119289381,0.27861537732600566
0.8333333333333334,0.3521888508951166,78.2641890878037,2.1527214480892924,0.844519697690699,2.2616687724623485,0.3261327345611433,0.6303610712097674,1.760944254475583,3.8748986065607265,43.45982084809004,0.2618011062841167,3.166336281447288,0.16306636728057164,38.445721733083715,3.0009240367666283,0.21246885151786407,5.654017915190989,0.28329180202381865
0.8457617631123614,0.35071004436069514,77.93556541348782,2.133927547346892,0.8409847317961194,2.2578296764788495,0.32476371416582706,0.6384037619471474,1.7535502218034755,3.8410695852244063,42.923026185192995,0.260705266856797,3.1609615470703893,0.16238185708291353,38.93624544115652,3.0386176915286027,0.21574482330073264,5.707697381480695,0.2876597644009767
0.8666666666666667,0.34822911681850677,77.3842481818904,2.1027209736898618,0.8350501175878053,2.250629177666903,0.3224668129729157,0.6517287965784152,1.7411455840925336,3.784897752641751,42.035038448351195,0.25886553645221966,3.1508808487336637,0.16123340648645784,39.74893930331754,3.101278933450775,0.2212240320065175,5.796496155164874,0.2949653760086899
0.8722426284481652,0.3475690940042685,77.23757644539302,2.0944832871931496,0.8334704555526932,2.248561915470268,0.3218557171641602,0.6552402622870194,1.7378454700213424,3.7700699169476697,41.80130493642811,0.2583758412213349,3.147986681658375,0.1609278585820801,39.96310359688531,3.1178372567502697,0.22267893584585227,5.8198695063571835,0.29690524779446953
0.8995526116981605,0.34434952000649605,76.52211555699911,2.0546607012024847,0.8257603290368022,2.2376295227390086,0.3188746349857631,0.6721814204773447,1.72174760003248,3.6983892621644725,40.67515949477567,0.2559857020014087,3.132681331834612,0.15943731749288154,40.99634483491326,3.1980054036165684,0.2297650033437455,5.932484050522427,0.3063533377916605
0.9,0.34429697952084437,76.51043989352098,2.0540155792823067,0.8256344469233073,2.2374399532400493,0.3188259842027419,0.672455412325453,1.7214848976042216,3.697228042708152,40.65696597345209,0.25594667854622527,3.132415934536069,0.15941299210137094,41.013055597729384,3.1993059433806508,0.2298805379845805,5.934303402654785,0.3065073839794405
0.9277176726074996,0.34105659535337535,75.79035452297231,2.0145024407279415,0.81786735119695,2.2251039949421747,0.31582536382554344,0.689210528659703,1.7052829767668767,3.6261043933102948,39.54552394774796,0.2535388788710545,3.1151455929190446,0.15791268191277172,42.03495014295529,3.2790896426697738,0.23700413831926645,6.045447605225198,0.31600551775902175
0.9333333333333333,0.34040388984876213,75.64530885528048,2.0066059447837907,0.8163020561311278,2.2224721581100253,0.3152209240343,0.6925527864400145,1.7020194492438105,3.6118907006108234,39.32407209226744,0.2530536374006496,3.1114610213540352,0.15761046201715,42.238794444976484,3.2950661950915245,0.23843920696236023,6.06759279077325,0.3179189426164801
0.9567645837229419,0.33769584509087697,75.043521131306,1.9740528057325615,0.8098051279578531,2.2110621350491138,0.3127130334538329,0.7063101396277491,1.6884792254543848,3.553295050318611,38.41337101175416,0.25103958966693446,3.095486989068759,0.15635651672691644,43.07785541589642,3.3610558615785697,0.24439744140818792,6.158662898824578,0.325863255210917
0.9666666666666667,0.3365593294211662,74.79096209359248,1.9604867244234339,0.8070773057152022,2.206048791999302,0.311660473987272,0.7120335269847204,1.6827966471058309,3.528876103962181,38.034875654361755,0.2501939647717127,3.088468308799023,0.155830236993636,43.4269248107981,3.3886207019983368,0.24690113734313526,6.196512434563818,0.3292015164575135
0.9867209558417291,0.33427303455128327,74.28289656695183,1.9333577072031725,0.8015878455794023,2.195585601324728,0.309542996362667,0.7234620971394278,1.6713651727564163,3.4800438729657106,37.279710716078796,0.24849223212961472,3.073819841854619,0.1547714981813335,44.1239533045337,3.44386842316656,0.2519460106386655,6.272028928392115,0.33592801418488716
1.0,0.33277109991136355,73.94913331363635,1.9156477330840505,0.7979802908372243,2.188450503575928,0.30815191105289164,0.730910814482402,1.6638554995568176,3.448165919551291,36.7879441175435,0.24737389015953953,3.0638307050062994,0.15407595552644582,44.5782505752817,3.4800301065960975,0.25526764323019047,6.321205588245643,0.34035685764025375
1.017615264257265,0.33079414902225396,73.50981089383421,1.892464592750573,0.7932302221477184,2.178760284605087,0.3063208089384609,0.7406475731156017,1.6539707451112697,3.4064362669510313,36.145589002367274,0.24590136886579272,3.050264398447122,0.15316040446923046,45.17209548432055,3.527490277961434,0.25965095244055275,6.385441099763266,0.34620126992073685
1.0333333333333332,0.3290455691766184,73.1212375948041,1.872074896790247,0.7890274714955914,2.169920796085595,0.3047011770816987,0.7491982580445513,1.645227845883092,3.369734814222445,35.58189185728675,0.24459851616363332,3.037889114519833,0.15235058854084935,45.693601758137184,3.5693544764770673,0.26354021519535137,6.441810814271318,0.3513869535938017
1.0494768758265702,0.32726537844710396,72.725639654912,1.851422372237107,0.7847474716638386,2.1606758651959526,0.3030522173149034,0.7578471077816674,1.6363268922355196,3.332560270026793,35.01208578762214,0.24327171621578997,3.0249462112743335,0.1515261086574517,46.2210951036039,3.6118830970926576,0.2675133927311599,6.4987914212377795,0.3566845236415464
1.0666666666666667,0.32538787391824353,72.30841642627635,1.8297510028562023,0.7802321893510566,2.1506705170894413,0.3013130675900717,0.7669097745471167,1.6269393695912175,3.2935518051411643,34.41537868212847,0.24187197869882757,3.0109387239252174,0.15065653379503585,46.77382714962865,3.6566531387325267,0.27172048726926645,6.558462131787147,0.36229398302568844
1.082336076885192,0.3236930914154931,71.93179809233179,1.8102813019706474,0.7761552408574593,2.1414251360774266,0.2997431332496922,0.7750406572155889,1.6184654570774653,3.2585063435471655,33.88031302954594,0.24060812466581238,2.997995190508397,0.1498715666248461,47.26972968357877,3.6970074181157413,0.2755344899879898,6.6119686970454,0.36737931998398626
1.1,0.3218020928607233,71.51157619127186,1.788656314085231,0.7716051078956714,2.1308818516712256,0.2979913930520833,0.7840594851666676,1.6090104643036165,3.2195813653534158,33.28710838243847,0.23919758344765812,2.983234592339716,0.14899569652604164,47.81978800031506,3.741984545779517,0.27981020843788845,6.671289161756148,0.37308027791718446
1.1162241020361605,0.32008381299518707,71.1297362211527,1.7690928653118618,0.7674695556156286,2.1211034742887365,0.29639961357445227,0.7922076446237375,1.6004190649759353,3.1843671575613515,32.75141226526824,0.23791556224084487,2.969544864004231,0.14819980678722613,48.316744245601754,3.7828228121699667,0.28371544861480635,6.72485877347317,0.3782872648197416
1.1333333333333333,0.31829139816449326,70.73142181433184,1.7487690814726229,0.763154596276105,2.1107119395545424,0.29473911988538193,0.8006616271477032,1.5914569908224663,3.147784346650721,32.195827148053226,0.23657792484559256,2.9549967153763594,0.14736955994269096,48.83235263973842,3.825406172217294,0.28781121785608565,6.780417285194671,0.3837482904747807
1.1511731638403098,0.3164441961206439,70.32093247125421,1.727909625312398,0.7587067510084916,2.099808180593985,0.2930278336430919,0.8093270173861199,1.5822209806032195,3.1102373255623164,31.626552048729106,0.2351990928126324,2.9397314528315786,0.14651391682154594,49.360854790379456,3.869288064099976,0.2920575337306158,6.837344795127084,0.38941004497415427
1.1666666666666667,0.31485817907245905,69.96848423832424,1.710065957323734,0.7548870421081647,2.0902958776409246,0.29155848556194325,0.8167304792531405,1.5742908953622952,3.078118723182721,31.140322388140262,0.23401498305353105,2.9264142286972943,0.14577924278097162,49.81239192964904,3.9069744245075944,0.295725424137849,6.885967761185968,0.3943005655171319
1.1872164834362047,0.31278099555436406,69.5068879009698,1.686785069591326,0.7498834077640874,2.0776379341477402,0.28963406317404655,0.8263773088988295,1.5639049777718201,3.036213125264387,30.506924855360044,0.23246385640686706,2.908693107806836,0.14481703158702328,50.40075206973962,3.9563613757786107,0.30056208651833954,6.949307514463991,0.40074944869111917
1.2,0.3115041556149185,69.22314569220411,1.6725223556138546,0.7468071387255611,2.0697495614156134,0.28845110445031935,0.8322802981529149,1.5575207780745925,3.0105402401049384,30.11942120102097,0.23151021300492397,2.8976493859818584,0.14422555222515968,50.76077538434628,3.9867445790971825,0.303554786943732,6.988057879897898,0.4047397159249758
1.2243883221188034,0.30910103467738853,68.68911881719745,1.6457734301639295,0.7410162705431097,2.0546920793518018,0.2862246354147605,0.8433367047314253,1.5455051733869425,2.9623921742950734,29.393744047172518,0.229715043868364,2.876568911092522,0.14311231770738025,51.43510562156963,4.044000575464153,0.30923054085820295,7.060625595282744,0.41230738781093706
1.2333333333333334,0.3082304730413867,68.4956606758637,1.6361127472407972,0.7389181234569302,2.049172071389072,0.2854180557080721,0.8473252650862171,1.5411523652069332,2.945002945033435,29.13198910506794,0.22906461827164837,2.8688408999447006,0.14270902785403605,51.678367917608384,4.0647707306515075,0.31130130156574587,7.086801089493201,0.41506840208766105
1.2627240139068128,0.30541117873959556,67.86915083102123,1.6049295023616368,0.732122182558479,2.031070137462698,0.2828059223211536,0.860183114274751,1.5270558936979777,2.8888731042509463,28.2882400375805,0.22695787659312852,2.8434981924477767,0.1414029611605768,52.46256813961707,4.1321633587902555,0.3180644403173543,7.171175996241945,0.4240859204231389
1.2666666666666666,0.3050377831189449,67.7861740264322,1.6008109104305914,0.7312219825788443,2.0286477485320353,0.2824599589441032,0.8618794400909878,1.5251889155947245,2.881459638775065,28.176928909375313,0.22667881459944172,2.840106847944849,0.1412299794720516,52.56602705114935,4.141105749079986,0.31896698564428994,7.182307109062464,0.4252893141923864
1.3,0.30192631830290856,67.09473740064635,1.5665901474426382,0.7237196382569984,2.0082481254424,0.2795770432465186,0.8759567248127579,1.5096315915145426,2.819862265396749,27.25317931849855,0.22435308785966948,2.81154737561936,0.1397885216232593,53.424600646330106,4.215801258010629,0.32655386769453065,7.274682068150141,0.43540515692604065
1.3022599991297694,0.3017183001277434,67.04851113949854,1.5643084414145847,0.7232179999595398,2.0068711134151362,0.27938430230427874,0.8768942450666116,1.508591500638717,2.8157551945462527,27.19165669393422,0.22419757998745735,2.8096195587811903,0.13969215115213937,53.481780006612645,4.2208075281766275,0.327065456261714,7.280834330606574,0.4360872750156185
1.3333333333333333,0.2988959532888308,66.42132295307351,1.533423464197604,0.7164111035905486,1.9880335343362838,0.27676920446363074,0.8895708310123782,1.4944797664441538,2.760162235555687,26.35971381146712,0.22208744211307008,2.783246948070797,0.13838460223181537,54.25492498344495,4.288907615038307,0.33406397747835226,7.3640286188532835,0.4454186366378028
1.3430338590667084,0.2980292494978878,66.22872211064173,1.523965556701291,0.7143205211043718,1.9821930086841384,0.2759661334393103,0.8934476831151408,1.490146247489439,2.743138002062324,26.105246940519034,0.22143936154235527,2.7750702121577935,0.13798306671965516,54.491374193192435,4.309891264610316,0.33623540645609407,7.389475305948092,0.4483138752747919
1.3666666666666667,0.2959462588434232,65.76583529853849,1.5012837246932365,0.7092956181714114,1.9680545232879394,0.27403605529852104,0.9027352538609478,1.479731294217116,2.7023107044478256,25.49553959069185,0.21988164163313753,2.755276332603115,0.13701802764926052,55.05782313297921,4.360473897848102,0.3414993376971184,7.450446040930811,0.45533245026282426
1.38508435166937,0.2943508220265397,65.4112937836755,1.4839560939301688,0.7054464034413884,1.9571322049723818,0.2725577221286294,0.9098209740638696,1.4717541101326985,2.671120969074304,25.030268566938084,0.21868838506683042,2.7399850869613345,0.1362788610643147,55.48998120815541,4.399373395724513,0.3455762742738684,7.496973143306188,0.46076836569849094
1.4,0.293076550060794,65.12812223573201,1.4701437820180652,0.7023717696448828,1.9483531461600563,0.27137697021755686,0.9154632513981874,1.46538275030397,2.6462588076325173,24.659696377877566,0.21773524858991367,2.7276944046240788,0.13568848510877843,55.83410370277545,4.430547904535577,0.34886195703745315,7.534030362212239,0.4651492760499372
1.428451448403933,0.2906897290037951,64.5977175563989,1.444335011099795,0.6966120940266783,1.9317830441762958,0.2691652967433634,0.9259917120986656,1.4534486450189754,2.599803019979631,23.967979138909005,0.21594974914827028,2.704496261846814,0.1345826483716817,56.47623452089762,4.489213701715495,0.35509022870096146,7.603202086109095,0.47345363826794834
1.4333333333333333,0.29028592729833813,64.50798384407514,1.4399765886152809,0.6956375968117052,1.9289640604283804,0.26879112354582413,0.9277678273318183,1.4514296364916905,2.5919578595075055,23.851255372453096,0.21564765501162864,2.7005496845997325,0.13439556177291206,56.584559788967596,4.49917615483786,0.35615382430084247,7.614874462754686,0.4748717657344564
1.4666666666666666,0.2875733119895622,63.905180442124944,1.4107552893822934,0.6890906798480846,1.9099154967045948,0.266277522795849,0.9396617175554681,1.4378665599478109,2.5393595208881283,23.06931822004993,0.21361811075290624,2.6738816953864326,0.1331387613979245,57.309968153708006,4.566403897075942,0.3633769034954653,7.693068177995003,0.48450253799395354
1.4731763722462197,0.287052564221461,63.78945871588023,1.4051567520359651,0.6878337467464458,1.9062372432714987,0.2657949764142203,0.9419376247594433,1.435262821107305,2.529282153664737,22.919631509603136,0.2132284614913982,2.668732140580098,0.13289748820711014,57.44877573407845,4.579373198669109,0.3647796442565204,7.708036849039682,0.4863728590086936
1.5,0.28493747777259315,63.3194395050207,1.382453299810768,0.6827282187458498,1.8912301087791918,0.26383503763776744,0.9511573797520689,1.4246873888629656,2.488415939659382,22.31301601476625,0.21164574781121342,2.6477221522908683,0.13191751881888372,58.01108859107869,4.632275119123221,0.3705331297627024,7.76869839852337,0.49404417301693626
1.5193016368665802,0.28344577747270366,62.9879505494897,1.3664750099161527,0.679127157759723,1.880583572244795,0.26245274645229666,0.9576366693066901,1.4172288873635184,2.459655017849075,21.886468047312277,0.21052941890551413,2.6328170011427128,0.13122637322614833,58.40626046101503,4.669814476484823,0.37464712212967893,7.811353195268768,0.49952949617290504
1.5333333333333332,0.2823770774174022,62.75046164831161,1.355044371889636,0.6765471011780474,1.8729257134220518,0.2614624249600071,0.9622669851997305,1.411885387087011,2.4390798694013447,21.581508374880197,0.2097296013651947,2.6220959987908725,0.13073121248000355,58.68866342733157,4.696832560879529,0.3776244059698406,7.841849162511975,0.5034992079597873
1.5666666666666667,0.2798906667195312,62.19792593767361,1.3285026451598767,0.6705439628041271,1.8550159649133187,0.2591583511099939,0.9730024152543676,1.399453333597656,2.391304761287778,20.873982338998875,0.2078686284692794,2.597022350878646,0.12957917555499696,59.34341730636388,4.760117739207984,0.38465260023833625,7.912601766100108,0.5128701336511149
1.5668710870416267,0.27987564368939327,62.194587486531844,1.3283424978010645,0.6705076897035164,1.8549073712484188,0.2591444297008526,0.9730671211487874,1.3993782184469663,2.391016496041916,20.86971570784984,0.20785738380809007,2.596870319747786,0.1295722148504263,59.34736371886454,4.7605020012700665,0.38469551060289253,7.913028429215012,0.5129273474705233
1.6,0.2774767240048205,61.661494223293445,1.3028026968521487,0.6647152363907767,1.8375108855907136,0.25692141004545704,0.9833752541222993,1.3873836200241023,2.345044854333868,20.189651793068926,0.20606172328114075,2.572515239826999,0.12846070502272852,59.976056748919035,4.822170952243292,0.3916195432843469,7.981034820693103,0.5221593910457957
1.6159299403312637,0.27634823736246106,61.41071941388024,1.2908107080629503,0.6619902094850806,1.8292902716043882,0.25587566281429824,0.9882076727780098,1.3817411868123053,2.3234592745133105,19.87058000872498,0.20521696494037497,2.5610063802461434,0.12793783140714912,60.27078596273082,4.851402465504789,0.3949279266901733,8.012941999127499,0.526570568920231
1.6333333333333333,0.27513366851996474,61.14081522665883,1.2779195719311176,0.6590571983353167,1.8204174074599753,0.25475014045678934,0.9933967908436501,1.3756683425998235,2.300255229476012,19.52775626644188,0.20430773148394818,2.5485843704439652,0.12737507022839467,60.58727027355422,4.883031315907532,0.39852702720595895,8.047224373355807,0.5313693696079451
1.6665248300606588,0.27286940600214676,60.63764577825484,1.2539296786027878,0.6535890235285867,1.80380986930865,0.2526518716389065,1.0030375282028017,1.3643470300107339,2.257073421485018,18.890239395545564,0.20261259729386188,2.52533381703211,0.12632593581945326,61.17525884508887,4.942485120684487,0.4053477772920011,8.11097606044544,0.5404637030560014
1.6666666666666667,0.2728598751940274,60.63552782089498,1.2538288147807912,0.653566005914246,1.80373978889085,0.25264303950705225,1.0030780169980937,1.3642993759701367,2.2568918666054243,18.887560258377597,0.20260546183341624,2.52523570444719,0.12632151975352612,61.17772825671374,4.942736778896868,0.40537680393740144,8.111243974162235,0.5405024052498685
1.7,0.2706536878129088,60.145263958424195,1.230506490759074,0.6482377306085517,1.7874800026551,0.2505985750978518,1.0124296280914602,1.3532684390645442,2.214911683366333,18.268352377904755,0.20095369648865102,2.50247200371714,0.1252992875489259,61.74808301729816,5.001324148724646,0.4121705843748658,8.17316476220952,0.5495607791664877
1.7187038496479357,0.26944474595537976,59.876610212306616,1.2177477650176962,0.6453178189489345,1.7785394634872775,0.24947824878679598,1.0175364964701625,1.3472237297768987,2.1919459770318532,17.92983953995181,0.2000485238741697,2.4899552488821883,0.12473912439339799,62.059550919715214,5.033722110941979,0.41595878012520954,8.207016046004815,0.5546117068336127
1.7333333333333334,0.26851343024763674,59.6696511661415,1.2079292030837334,0.6430683865236262,1.7716380702283108,0.2486151963239239,1.0214620254922602,1.3425671512381836,2.1742725655507202,17.669444553762176,0.19935119982232413,2.480293298319635,0.12430759816196195,62.298968934772944,5.058829116703333,0.4189100377424755,8.23305554462378,0.5585467169899674
1.7666666666666666,0.2664374160807041,59.20831468460092,1.1860741050539674,0.6380539547817251,1.7562123538144876,0.24669134243718854,1.0301853192431283,1.3321870804035205,2.1349333890971414,17.09017127021125,0.19779672598233478,2.4586972953402824,0.12334567121859427,62.8310026206384,5.115286283609017,0.425596791218125,8.290982872978871,0.5674623882908334
1.7725165983198194,0.26607958013256194,59.12879558501377,1.1823113967984533,0.6371896097830662,1.7535478971569214,0.2463597329962883,1.0316850951007097,1.3303979006628097,2.128160514237216,16.990486779075653,0.1975287790327505,2.4549670560196897,0.12317986649814415,62.922473950192284,5.125088846828487,0.42676498605806895,8.30095132209243,0.5690199814107586
1.8,0.2644239568321614,58.760879296035874,1.1649189082593387,0.6331904043934391,1.74119981125406,0.24482545050792312,1.0386093316052787,1.322119784160807,2.09685403486681,16.529888827873094,0.19628902536196613,2.437679735755684,0.12241272525396156,63.34478313460595,5.1707291858247615,0.43223242978181886,8.347011117212686,0.5763099063757585
1.8280142282586083,0.2627789368312263,58.39531929582806,1.147664872760624,0.6292166855318277,1.728899341000669,0.24330098949591591,1.0454646344248184,1.3138946841561312,2.0657967709691234,16.073242930793764,0.1950571725148666,2.4204590774009365,0.12165049474795796,63.762888053569675,5.21656431097844,0.437770798646022,8.39267570692062,0.583694398194696
1.8333333333333333,0.2624713689624682,58.326970880548494,1.1444418873453872,0.6284737100526198,1.726596218353266,0.24301596194772818,1.0467436012123648,1.3123568448123408,2.059995397221697,15.98797462877234,0.19482685011631212,2.417234705694572,0.12150798097386409,63.840892237942136,5.22519032178767,0.43881849625384334,8.401202537122762,0.5850913283384579
1.8666666666666667,0.2605779798074383,57.90621773498629,1.1246218818331537,0.623899867244769,1.7123963626247882,0.24126132803879716,1.0545973877261985,1.3028898990371915,2.0243193872996765,15.463826484795593,0.1934089588458784,2.3973549076747034,0.12063066401939858,64.31989467742085,5.278701178589578,0.44535649149423573,8.453617351520437,0.5938086553256477
1.8852494932253205,0.25954753047728735,57.67722899495275,1.113850117549604,0.6214105650657772,1.7046532344439909,0.24030639217324973,1.0588573236216399,1.2977376523864366,2.0049302115892873,15.179118361504468,0.19263727517039092,2.386514528221587,0.12015319608662486,64.57970816768382,5.3081314473980585,0.44898099680733106,8.48208816384955,0.5986413290764415
1.9,0.25874213258158474,57.49825168479661,1.1054382954268023,0.619464905011129,1.6985942119471638,0.2395600145962958,1.062179676900854,1.2937106629079236,1.9897889317682442,14.956861948798814,0.19203412055345,2.378031896726029,0.1197800072981479,64.7823384941831,5.331292258603084,0.45184787473863935,8.504313805120116,0.6024638329848525
1.9333333333333333,0.25696219056945707,57.10270901543491,1.086871093188313,0.6151648966687605,1.685183061226032,0.2379105058751158,1.0694991859740444,1.2848109528472853,1.9563679677389634,14.466517667622702,0.19070111796731576,2.3592562857164445,0.1189552529375579,65.22875535255697,5.382993106023757,0.4582940640488167,8.553348233237728,0.611058752065089
1.9442767987052718,0.25638974466480935,56.97549881440208,1.0809064946949827,0.6137819556950127,1.6808641683008743,0.2373800078590803,1.0718463499447792,1.2819487233240467,1.9456316904509687,14.309066942694997,0.19027240626545394,2.353209835621224,0.11869000392954016,65.3719088831321,5.39977745608441,0.4604007534643174,8.569093305730497,0.6138676712857566
1.9666666666666666,0.2552365406872886,56.71923126384191,1.0689007982789784,0.6109959689305657,1.672155659075094,0.23631130789008867,1.0765643686873352,1.276182703436443,1.9240214369021613,13.992248799218597,0.18940875036847538,2.3410179227051313,0.11815565394504433,65.65966084624057,5.433832331042914,0.4646964367600751,8.600775120078138,0.6195952490134335
2.0,0.2535635962024065,56.347465822756995,1.0515084828799557,0.6069543089495514,1.6595043203100102,0.2347609509541243,1.083383422493751,1.2678179810120322,1.8927152691839202,13.533528313172871,0.18815583577436093,2.3233060484340142,0.11738047547706215,66.07555493789388,5.483837640747014,0.4710563303196773,8.646647168682708,0.6280751070929032
2.005152253623659,0.2533096158183516,56.29102573741147,1.0488705819808806,0.6063407142878219,1.657581878438379,0.23452558120921752,1.0844159778088729,1.266548079091758,1.887967047565585,13.463979473412335,0.18796562142922477,2.3206146298137305,0.11726279060460876,66.13853048656316,5.491494162400621,0.4720356571577597,8.653602052658762,0.6293808762103463
2.033333333333333,0.25194179916792353,55.987066481760785,1.034675762907478,0.6030361705906399,1.6472210198613964,0.23325799194928443,1.0899642935545388,1.2597089958396175,1.8624163732334604,13.089846474259765,0.18694121288309837,2.306109427805955,0.11662899597464221,66.47692226389132,5.533035861412561,0.4773750428230861,8.69101535257402,0.6365000570974482
2.0666666666666664,0.2503696222728804,55.63769383841787,1.0183847890741315,0.5992378792570847,1.6352974759172219,0.2318010160548816,1.09631468305651,1.251848111364402,1.833092620333437,12.660710259964862,0.18576374256969624,2.2894164662841106,0.1159005080274408,66.86423251961655,5.5814529647410405,0.4836538337924869,8.73392897400351,0.6448717783899824
2.0679337236804196,0.250310819917203,55.62462664826734,1.0177759951901892,0.5990958156009758,1.6348512259902421,0.23174652241678756,1.096551625976026,1.2515540995860148,1.8319967913423407,12.644678577423681,0.1857197028363025,2.288791716386339,0.11587326120839378,66.87868366827783,5.583278311093535,0.4838917302854768,8.735532142257629,0.645188973713969
2.1,0.24884557030333757,55.29901562296391,1.002618237465712,0.595555835730987,1.6237252212377393,0.23038863811329044,1.1024420534112522,1.2442278515166878,1.8047128274382815,12.245642809238495,0.18462230907660598,2.273215309732835,0.11519431905664522,67.23794083755227,5.629114093039792,0.48989392496977485,8.775435719076148,0.6531918999596997
2.132680886354972,0.24739666017119177,54.977035593598174,0.9876532025022648,0.5920553231504398,1.6127122317444291,0.22904589581553858,1.1082399504101634,1.2369833008559588,1.7777757645040768,11.8519131176237,0.18353715017663635,2.2577971244422006,0.11452294790776929,67.59155457551587,5.675131883238886,0.49597544819480294,8.814808688237628,0.6613005975930705
2.1333333333333333,0.24736818126290827,54.970706947312955,0.987359299546412,0.5919865191526197,1.6124956644702362,0.22901950367869806,1.108353634426538,1.2368409063145414,1.7772467391835416,11.844182892886263,0.1835158209373121,2.2574939302583306,0.11450975183934903,67.59848816367455,5.676043583758949,0.49609650113333525,8.81558171071137,0.6614620015111136
2.1666666666666665,0.24593602719413213,54.65245048758492,0.9725916716187444,0.5885264892437674,1.6016001427821838,0.22769228978735317,1.1140564294753812,1.2296801359706606,1.7506650089137399,11.455884401302518,0.18244321166556787,2.242240199895057,0.11384614489367659,67.9463016337035,5.722264993544105,0.5022627109389739,8.854411559869746,0.6696836145852985
2.199455287633156,0.2445700565797452,54.3489014621656,0.9585293573085657,0.5852263646570628,1.591200129374893,0.2264264102293605,1.1194689194627194,1.222850282898726,1.7253528431554184,11.086353079813955,0.18142017304368946,2.22768018112485,0.11321320511468025,68.27640939803126,5.767062388409001,0.5082937570873557,8.8913646920186,0.6777250094498074
2.2,0.24454771474214723,54.34393660936605,0.9582995438613505,0.5851723878792753,1.5910299669020553,0.2264057054878911,1.1195572216387133,1.2227385737107361,1.724939178950431,11.080315848979742,0.18140344024257535,2.2274419536628773,0.11320285274394555,68.28179494774513,5.767801121782021,0.5083936677780658,8.891968415102022,0.6778582237040875
2.2333333333333334,0.2432018854969536,54.04486344376747,0.9444675890511414,0.5819209400980191,1.5807764595245657,0.22515849216549838,1.1248625798013383,1.216009427484768,1.7000416602920545,10.717059895245086,0.1803954914303859,2.213087043334392,0.11257924608274919,68.60536874208363,5.812674033622041,0.5144904506469551,8.928294010475486,0.6859872675292733
2.2666666666666666,0.24189721614601584,53.754936921336856,0.9310809510615617,0.5787689546331051,1.5708309879204674,0.22394942368945878,1.1299788646840467,1.2094860807300791,1.6759457119108112,10.365712880693248,0.1794183759362626,2.199163383088654,0.11197471184472939,68.91741095708001,5.856905082460595,0.5205541050224882,8.963428711930671,0.6940721400299842
2.26832040051034,0.24183353747786118,53.74078610619137,0.9304281495907772,0.5786151123298454,1.5703454406261381,0.2238904111645454,1.1302278814142266,1.2091676873893058,1.674770669263399,10.348584918083699,0.17937068482225207,2.1984836168765933,0.1119452055822727,68.93259848745369,5.859083132305769,0.5208540907289355,8.965141508191627,0.694472120971914
2.3,0.24063241846496247,53.473870769991656,0.9181252332159653,0.5757133240311025,1.5611849914885263,0.2227773064099076,1.1349122347975722,1.2031620923248123,1.6526254197887376,10.02588437880235,0.17847113044964177,2.1856589880839365,0.1113886532049538,69.21829720030394,5.900514931880113,0.5265856437392975,8.997411562119762,0.7021141916523967
2.3333333333333335,0.23940623923686807,53.2013864970818,0.905586487372989,0.572751024580219,1.5518300051723468,0.2216409790876992,1.1396686519545904,1.1970311961843403,1.6300556772713801,9.697196784970778,0.17755281761986788,2.1725620072412855,0.1108204895438496,69.50839108271047,5.943523575844778,0.5325860478078694,9.030280321502918,0.7101147304104926
2.3393416853262052,0.23918923291385116,53.15316286974471,0.9033696742064835,0.5722267676116427,1.5501740712271377,0.22143987470100399,1.1405076250738317,1.1959461645692557,1.6260654135716703,9.639107317790378,0.17739029795960923,2.1702436997179926,0.11071993735050199,69.559560053253,5.951213462186263,0.533664386077921,9.036089268220959,0.7115525147705614
2.3666666666666667,0.23821745987087806,52.93721330463956,0.8934512007051778,0.5698791155003069,1.542757678359454,0.2205393125452001,1.144253887679813,1.1910872993543902,1.60821216126932,9.379284855090967,0.17666252580509514,2.1598607497032356,0.11026965627260005,69.7880446095918,5.985950361729791,0.5385562673894474,9.0620715144909,0.7180750231859299
2.4,0.2370648960893047,52.68108801984549,0.8817062846201698,0.5670947382811288,1.5339597909403104,0.21947120937988504,1.148673528587584,1.1853244804465235,1.5870713123163056,9.071795318043,0.17579936886714992,2.1475437073164345,0.10973560468994252,70.05759850855675,6.027814009652416,0.5444972226133274,9.092820468195697,0.72599629681777
2.412586651988674,0.23663886972105586,52.58641549356797,0.8773703163206701,0.5660655500331024,1.5307074223620458,0.21907640295392725,1.150300433185643,1.1831943486052792,1.579266569377206,8.958327403006033,0.17548032051026174,2.142990391306864,0.10953820147696362,70.15682341999236,6.043478988919769,0.5467330978034114,9.104167259699393,0.728977463737882
2.433333333333333,0.23594739750340638,52.43275500075698,0.870339063343934,0.5643951157409848,1.5254282664599683,0.21843560357436734,1.1529329818277567,1.1797369875170318,1.5666103140190812,8.774386489427306,0.17496248587970528,2.1355995730439554,0.10921780178718367,70.31738256167489,6.069132631877807,0.5504098044133197,9.122561351057266,0.7338797392177596
2.466666666666667,0.23486384708270253,52.19196601837834,0.8593372621518891,0.5617775508182469,1.5171551825581981,0.21743146000739066,1.1570374806116759,1.1743192354135126,1.5468070718734004,8.486727885366708,0.17415104075365653,2.124017255581477,0.10871573000369533,70.56771594250611,6.109923752350946,0.5562948753847214,9.151327211463325,0.7417265005129621
2.488124924146039,0.23418376844933908,52.04083743318646,0.8524426575811067,0.5601346905533937,1.5119625146227849,0.21680122125871643,1.1596001269563228,1.1709188422466954,1.5343967836459922,8.30655750603578,0.17364175407155205,2.1167475204718986,0.10840061062935821,70.72401174306613,6.135911779705879,0.5600692114278566,9.169344249396419,0.7467589485704755
2.5,0.23381316058790388,51.958480130645306,0.8486889959754113,0.5592394252655265,1.509132779297013,0.2164577739307438,1.1609920895117356,1.1690658029395193,1.5276401927557404,8.208499855468048,0.1733642218323132,2.112785891015818,0.1082288869653719,70.80890753932076,6.150204325335855,0.5621532706109369,9.179150014453192,0.7495376941479159
2.533333333333333,0.23279428595885557,51.73206354641235,0.8383827581701607,0.5567781982271698,1.5013534655993523,0.21551357040418131,1.164801709635769,1.1639714297942778,1.5090889647062893,7.939393227803018,0.17260124145042263,2.101894851839093,0.10775678520209066,71.04125627068555,6.189990753521751,0.5679857984753525,9.206060677219694,0.7573143979671368
2.566028305368317,0.23182484228744082,51.5166316194313,0.8285954055157118,0.5544364296914844,1.4939521228889574,0.21461517720016604,1.1684021005590086,1.159124211437204,1.4914717299282811,7.684012577843132,0.17187529320436018,2.0915329720445404,0.10730758860008302,71.26084411309394,6.228550517419425,0.5736822549109045,9.231598742215683,0.7649096732145395
2.5666666666666664,0.23180620266663363,51.51248948147415,0.8284074094664288,0.5543914047231306,1.4938098240557072,0.21459790369685822,1.168471083674518,1.159031013333168,1.4911333370395718,7.679108965515197,0.1718613354641705,2.09133375367799,0.10729895184842911,71.26505139330885,6.229298905604226,0.5737932414574642,9.232089103448477,0.7650576552766191
2.6,0.2308479210377135,51.299538008380786,0.81875216711798,0.5520766540592121,1.486494614323627,0.21370985666264938,1.1720048008212047,1.1542396051885675,1.4737539008123641,7.427357834672989,0.17114376275835574,2.081092460053078,0.10685492833132469,71.48057280208528,6.268144133350442,0.5795763569124618,9.257264216532697,0.7727684758832826
2.6333333333333333,0.22991848155705835,51.09299590156853,0.8094065942626231,0.5498316281809648,1.4794007753170146,0.21284854009572848,1.175407301562871,1.1495924077852917,1.4569318696727216,7.183860083000688,0.17044780473609908,2.0711610854438205,0.10642427004786424,71.68809132231951,6.306541288157973,0.5853358778336623,9.281613991699928,0.7804478371115496
2.6463708474008025,0.22956259803097862,51.013910673550804,0.8058333475503585,0.5489720205704788,1.4766849206168282,0.2125187415363021,1.176703344949632,1.147812990154893,1.4505000255906453,7.090808286333354,0.17018132637684844,2.0673588888635592,0.10625937076815105,71.76713700847806,6.321440624197618,0.5875823085677604,9.290919171366662,0.7834430780903472
2.6666666666666665,0.22901695415603554,50.892656479119005,0.8003605895049327,0.547654079986184,1.472521426357509,0.21201309207190575,1.1786828823437099,1.1450847707801777,1.440649061108879,6.948345129131756,0.16977276479571704,2.0615299969005125,0.10600654603595287,71.88786899414286,6.3445047371175365,0.5910725135973399,9.305165487086821,0.7880966847964533
2.7,0.2281424375277683,50.69831945061518,0.7916043771482204,0.5455418316993775,1.4658498676884697,0.2112026773152285,1.181835699921813,1.1407121876388415,1.4248878788667967,6.720551273403545,0.16911796782680702,2.0521898147638575,0.10560133865761424,72.08015933823137,6.382048377988897,0.5967869506601768,9.327944872659643,0.7957159342135691
2.7292289205545637,0.22739713907648718,50.532697572552706,0.7841573301258248,0.5437417368191405,1.4601656317358802,0.21051201099837846,1.1845024607326124,1.1369856953824358,1.4114831942264847,6.52695982349061,0.16855993841393355,2.044231884430232,0.10525600549918923,72.24280508008204,6.414634348241792,0.6017800132798977,9.347304017650936,0.8023733510398637
2.7333333333333334,0.22729405835218405,50.509790744929795,0.7831284967108201,0.5434927730248041,1.4593795796867057,0.21041648648077016,1.1848697760073656,1.1364702917609202,1.4096312940794762,6.500225392613294,0.1684827596376893,2.043131411561388,0.10520824324038508,72.26520763868923,6.419185655070956,0.6024798533055397,9.349977460738668,0.803306471074053
2.7666666666666666,0.22647097054623702,50.32688234360823,0.7749237929992029,0.5415048593568547,1.4531042215824055,0.20965373546061822,1.1877890016394452,1.132354852731185,1.3948628273985653,6.2871226530382796,0.16786650640062495,2.0343459102153676,0.10482686773030911,72.44325120998977,6.455929574148046,0.6081518643492162,9.371287734696168,0.8108691524656216
2.8,0.22567235458558327,50.14941213012962,0.7669814072013954,0.539576110160069,1.4470176301233504,0.208913664755965,1.1905971411076888,1.1283617729279163,1.3805665329625119,6.081006253672181,0.1672685941496214,2.0258246821726904,0.1044568323779825,72.61451963615794,6.4922927158716215,0.6138036057722944,9.391899374632777,0.8184048076963927
2.8146812863009507,0.22532817040513442,50.072926756696546,0.7635642631085899,0.5387448852355021,1.444395188471581,0.20859471293306073,1.191799659942593,1.126640852025672,1.374415673595462,5.992381433552276,0.16701091442300564,2.0221532638602135,0.10429735646653036,72.68786125989875,6.508190813254949,0.6162865769759066,9.400761856644769,0.8217154359678756
2.8333333333333335,0.22489741675592834,49.97720372353963,0.7592927673954267,0.5377046071770433,1.4411138172909552,0.20819553878394081,1.193297836107273,1.1244870837796417,1.3667269813117682,5.881647155905269,0.16668842822488342,2.017559344207337,0.10409776939197041,72.77923502418258,6.528287249890451,0.6194356793941511,9.411835284409468,0.8259142391922015
2.8666666666666667,0.22414538843464143,49.810086318809205,0.7518495795715614,0.5358884927071914,1.435386967797495,0.2074986452124101,1.1958946096593353,1.1207269421732071,1.3533292432288107,5.68882382915364,0.16612543273922933,2.009541754916493,0.10374932260620505,72.93761224312286,6.56392494816402,0.6250486675084285,9.431117617084633,0.8333982233445713
2.9,0.2234155253805029,49.647894529000645,0.7446438188973578,0.5341259679032607,1.4298314362739173,0.20682229430223273,1.1983908699147232,1.1170776269025144,1.340358874015244,5.5023220048181445,0.16557905005001083,2.001764010783484,0.10341114715111636,73.08985915609897,6.5992171978586915,0.6306431335011706,9.449767799518181,0.8408575113348942
2.9028091721389933,0.22335500569860933,49.634445710802076,0.7440471515064245,0.5339798235511427,1.4293708950382886,0.20676621191863487,1.198596755847362,1.1167750284930467,1.3392848727115643,5.486886721562697,0.16553374530085424,2.001119253053604,0.10338310595931743,73.10241613913061,6.602176027409264,0.6311137792328442,9.451311327843726,0.8414850389771256
2.933333333333333,0.2227071070331762,49.49046822959472,0.7376677212237819,0.5324152910896812,1.4244417442055832,0.20616581825847485,1.2007899138434837,1.1135355351658809,1.3278018982028075,5.321934438300615,0.16504874023780117,1.9942184418878164,0.10308290912923743,73.23617684531408,6.634175013838009,0.636219622451342,9.467806556169934,0.8482928299351227
2.966666666666667,0.22201943582372025,49.33765240527117,0.7309137748299285,0.5307547761061309,1.4192125766657233,0.20552857059179502,1.2030949308125811,1.1100971791186012,1.3156447946938712,5.14746067881388,0.16453398059290056,1.9868976073320124,0.10276428529589751,73.37675983025933,6.668809050758428,0.6417786617139869,9.485253932118608,0.8557048822853158
2.993696348806895,0.22147657742194693,49.2170172048771,0.725595163762314,0.5294439853104216,1.4150866028802251,0.2050255191287489,1.204897136810285,1.1073828871097346,1.3060712947721653,5.010189993163171,0.16412763544623069,1.9811212440323152,0.10251275956437444,73.48667637405929,6.696662838526912,0.6462739733396552,9.49898100068368,0.8616986311195404
3.0,0.22135183649721749,49.18929699938167,0.7243747124033145,0.5291427906790984,1.4141387788897612,0.20490992549101106,1.2053090060544067,1.1067591824860874,1.3038744823259663,4.978706846730626,0.16403426511052052,1.9797942904456656,0.10245496274550553,73.51179627925826,6.703129614781632,0.6473207614863196,9.502129315326933,0.8630943486484262
3.033333333333333,0.22070365544838585,49.04525676630797,0.7180435032522484,0.5275777548236982,1.4092153527278495,0.2043092772076562,1.2074351240286905,1.1035182772419292,1.2924783058540472,4.815485418224511,0.16354910399534642,1.9729014938189893,0.1021546386038281,73.64146821450983,6.737146674914445,0.6528464153570595,9.518451458177545,0.870461887142746
3.0666666666666664,0.22007426008847186,48.90539113077153,0.711913345937624,0.5260581393200825,1.4044374531382173,0.20372603946948775,1.2094761715991131,1.1003713004423592,1.2814440226877233,4.6576150220876995,0.16307802318922557,1.9662124343935041,0.10186301973474388,73.7659517058299,6.770869873715212,0.6583561008259231,9.534238497791225,0.8778081344345642
3.0874292099110883,0.2196914480352196,48.82032178560436,0.7081937164194206,0.5251339074267573,1.4015328844438386,0.20337130274040038,1.2107057328290836,1.098457240176098,1.2747486895549571,4.561908081453285,0.16279151130229474,1.962146038221374,0.10168565137020019,73.8409426452458,6.791730864284651,0.6617800872341986,9.543809191854667,0.882373449645598
3.1,0.21946303820550686,48.76956404566819,0.7059776609010184,0.5245824641729835,1.3998003844678082,0.20315964488781396,1.2114349412055658,1.0973151910275343,1.2707597896218332,4.50492023725735,0.1626205638936249,1.9597205382549314,0.10157982244390698,73.88541706412747,6.804308537973599,0.6638502798230214,9.54950797627426,0.8851337064306951
3.1333333333333333,0.21886939728889698,48.63764384197711,0.7002300827688396,0.5231492969843002,1.3952995963173134,0.20260954433173672,1.2133141341687028,1.0943469864444848,1.2604141489839114,4.357231382413964,0.16217628206513307,1.9534194348442386,0.10130477216586836,74.0000290429492,6.837471689821479,0.6693293992506518,9.564276861758598,0.8924391990008691
3.1666666666666665,0.2182927639824167,48.509503107203706,0.6946644541033802,0.5217572516352773,1.390930680231027,0.20207520642136736,1.2151163633745388,1.0914638199120834,1.2503960173860844,4.214384344955369,0.16174474800693597,1.9473029523234378,0.10103760321068368,74.10994700221312,6.870368055762033,0.6747938914233089,9.578561565504456,0.899725188564412
3.18409685404839,0.21799782461720782,48.44396102604619,0.6918246002323566,0.5210452659286621,1.3886972217036415,0.2018019015018747,1.2160289640621584,1.089989123086039,1.2452842804182418,4.141563335897121,0.16152403243788524,1.944176110385098,0.10090095075093734,74.16560651815105,6.887466361615846,0.6776456215450174,9.58584366641028,0.9035274953933566
3.2,0.21773258346902,48.38501854867111,0.6892748184596267,0.5204049868033825,1.3866893657715214,0.201556116957833,1.2168441562503236,1.0886629173451,1.240694673227328,4.076220391921263,0.16132554590904857,1.9413651120801296,0.1007780584789165,74.21532508970724,6.903006076664466,0.6802441745561582,9.592377960807866,0.9069922327415443
3.2333333333333334,0.21718831889417356,48.264070865371906,0.6840554139013962,0.5190912045717526,1.3825715167813872,0.2010517783889637,1.2184999575415023,1.0859415944708677,1.2312997450225132,3.9425859937051633,0.1609182734172433,1.935600123493942,0.10052588919448185,74.31631241045623,6.935393917086511,0.6856806532210724,9.605741400629476,0.9142408709614299
3.2666666666666666,0.21665945080434637,48.146544623188085,0.6790006667174031,0.5178146490748252,1.3785731276726154,0.2005617092890096,1.220086132000578,1.0832972540217318,1.2222012000913256,3.8133326535390832,0.1605225412131958,1.9300023787416614,0.1002808546445048,74.41305319071526,6.967539474296204,0.6911037187884578,9.618666734646084,0.9214716250512772
3.283791169499502,0.21639357490893207,48.0874610908738,0.676466125650963,0.517172915087801,1.3765641957473855,0.20031533961467618,1.2208746807700963,1.0819678745446604,1.2176390261717334,3.7485871768278356,0.16032360367721832,1.9271898740463396,0.10015766980733809,74.46114678016818,6.983962066857125,0.6938846462798646,9.625141282317209,0.9251795283731529
3.3,0.21614547660061031,48.03232813346896,0.6741051853322134,0.5165741051801015,1.3746903197541451,0.20008544385234647,1.2216049669904128,1.0807273830030515,1.2133893335979842,3.688316742562169,0.16013797260583146,1.924566447655803,0.10004272192617324,74.50568693674528,6.999450387002189,0.6965137498552464,9.631168325743776,0.9286849998069953
3.3333333333333335,0.21564591000725175,47.921313334944834,0.6693637544070289,0.5153683972058486,1.3709193376063944,0.19962253140108124,1.22305867500447,1.0782295500362586,1.204854757932652,3.567399340290658,0.15976420313381307,1.919287072648952,0.09981126570054062,74.59434858852264,7.03113404380164,0.7019111126594308,9.643260065970928,0.9358814835459078
3.3666666666666667,0.21516028055525274,47.81339567894506,0.6647713291252464,0.5141963876744412,1.3672565455100805,0.19917253590642595,1.2244493961064447,1.0758014027762637,1.1965883924254435,3.450446080312515,0.15940088017907678,1.9141591637141124,0.09958626795321297,74.67916866853206,7.062597591354573,0.7072961614815153,9.654955391968741,0.9430615486420206
3.386606921574205,0.21487624657409815,47.75027701646626,0.6620933069778705,0.5135109342735052,1.3651156912302393,0.1989093445949387,1.225252086482493,1.0743812328704907,1.191767952560167,3.3823247300118164,0.15918838962478662,1.911161967722335,0.09945467229746935,74.72812475456725,7.081316979246205,0.7105117947981817,9.661767526998812,0.9473490597309091
3.4,0.2146881330804604,47.708474017880086,0.660323029657768,0.5130569761009428,1.3636984239353402,0.19873503552367466,1.2257792002916867,1.0734406654023019,1.1885814533839825,3.337327001035815,0.15904766259129227,1.9091777935094763,0.09936751776183733,74.76027342578998,7.093847942293156,0.7126692390332503,9.666267299896413,0.9502256520443337
3.433333333333333,0.21422902724258852,47.60645049835301,0.6560141358714388,0.5119490978318123,1.360241566144624,0.19830962214647832,1.227050089743756,1.0711451362129425,1.1808254445685897,3.2279164031489387,0.15870422032786183,1.9043381926024736,0.09915481107323916,74.83778497347168,7.124891782777451,0.7180306768292212,9.6772083596851,0.957374235772295
3.466666666666667,0.21378253706953393,47.507230459896434,0.6518400823261569,0.5108717229446031,1.3568826749499947,0.19789590098457313,1.2282640009669972,1.0689126853476696,1.1733121481870823,3.1220927149756785,0.15837023411282697,1.8996357449299925,0.09894795049228657,74.91182141897715,7.15573557963427,0.7233807955381144,9.687790728502426,0.9645077273841525
3.4926418426913393,0.21344308784652488,47.431797299227746,0.6486780650052346,0.5100526781164156,1.3543311029216092,0.19758136641860807,1.2291716530084096,1.0672154392326243,1.1676205170094223,3.042039996554404,0.15811633021608884,1.8960635440902527,0.09879068320930404,74.9671791169829,7.179636116582589,0.7275422564753705,9.695796000344554,0.9700563419671608
3.5,0.21334825043549666,47.41072231899926,0.6477964525749257,0.5098238549874603,1.3536185589283405,0.19749349008015277,1.2294228072137083,1.0667412521774833,1.1660336146348662,3.0197383394171475,0.1580453950461127,1.8950659824996765,0.09874674504007638,74.98249701196407,7.186385588477025,0.7287199053827722,9.69802616605828,0.971626540510363
3.533333333333333,0.21292576867318852,47.31683748293079,0.6438789749189524,0.5088045300425998,1.3504461296316634,0.19710201994850532,1.2305283202925328,1.0646288433659425,1.1589821548541144,2.9207395398541802,0.15772940431320595,1.8906245814843288,0.09855100997425266,75.04992225464157,7.216847859757171,0.7340483064381735,9.707926046014576,0.9787310752508981
3.5666666666666664,0.2125147061215464,47.225490249232536,0.6400835174799212,0.5078128156337443,1.3473623982779588,0.19672113315887144,1.2315822926657507,1.062573530607732,1.1521503314638581,2.824986307967963,0.15742197284646073,1.886307357589142,0.09836056657943572,75.11420402968413,7.247128245778362,0.7393662889772259,9.717501369203198,0.9858217186363013
3.6,0.21211468970699815,47.13659771266626,0.6364060836430074,0.5068478097145489,1.3443644726752155,0.19635048394639515,1.232586419388336,1.0605734485349907,1.1455309505574134,2.732372241566099,0.15712282101151015,1.8821102617453016,0.09817524197319757,75.17544571849461,7.277232407180497,0.7446741337905163,9.726762775843383,0.9928988450540216
3.6019967252792653,0.2120910707496937,47.13134905548748,0.6361894606002879,0.5067908328495414,1.3441875540708748,0.1963285990488888,1.2326450220226246,1.0604553537484684,1.1451410290805182,2.7269218874195222,0.15710515818335782,1.8818625756992244,0.0981642995244444,75.17901989315988,7.279030225449526,0.744991767174541,9.727307811258042,0.9933223562327214
3.6333333333333333,0.21172535853753832,47.05007967500852,0.6328428076461123,0.5059086396878881,1.3414495542231952,0.19598973783594115,1.2335423399842007,1.0586267926876916,1.1391170537630022,2.642794426409362,0.15683167830324532,1.878029375912473,0.09799486891797057,75.2337473156364,7.307165819212532,0.7499721124957651,9.735720557359057,0.9999628166610202
3.6666666666666665,0.2113463635093028,46.96585855762285,0.6293899503109,0.5049944614552665,1.338614934993208,0.1956385712774936,1.234451640261607,1.056731817546514,1.1329019105596199,2.5561533219082904,0.1565482830511326,1.874060908990491,0.0978192856387468,75.28920553955541,7.336933777800848,0.7552604878373023,9.744384667809165,1.0070139837830696
3.6999999999999997,0.21097736692532976,46.88385931673995,0.6260438949113168,0.5041044584956093,1.3358579948857763,0.19529667129284511,1.2353158540696505,1.0548868346266487,1.1268790108403703,2.472352650563077,0.15627238213363887,1.8702011928400868,0.09764833564642256,75.341913939708,7.366541405419733,0.7605395139758688,9.752764734943685,1.0140526853011584
3.714775517584936,0.2108169161938412,46.84820359863138,0.6245939513236014,0.503717477153132,1.3346601223402665,0.19514800370243943,1.2356848966282086,1.0540845809692059,1.1242691123824826,2.4360909061240745,0.15615241791747092,1.8685241712763732,0.09757400185121971,75.36442184535444,7.379615457364221,0.7628765980704547,9.756390909387585,1.017168797427273
3.7333333333333334,0.2106180421261924,46.80400936137609,0.6228011431753785,0.5032378409726832,1.3331761988657795,0.1949637351332864,1.2361364649976938,1.0530902106309619,1.1210420577156812,2.3912992910243114,0.15600373070153178,1.8664466784120912,0.0974818675666432,75.39196300020934,7.395993656770346,0.7658094367690487,9.760870070897562,1.0210792490253984
3.7666666666666666,0.21026807313218943,46.726238473819876,0.6196583114161079,0.5023938448703971,1.3305670942744263,0.19463946994800474,1.2369149080195452,1.051340365660947,1.1153849605489943,2.3129031746561446,0.1557420919098231,1.8627939319841966,0.09731973497400237,75.43944024011206,7.425295324274353,0.7710704940426184,9.768709682534379,1.0280939920568246
3.8,0.20992715429740105,46.65047873275579,0.6166121267942772,0.5015717311567344,1.3280283082220068,0.19432359246347733,1.2376525710813275,1.0496357714870053,1.109901828229699,2.2370771856645484,0.15548723665858766,1.8592396315108093,0.09716179623173866,75.48443031025018,7.454451043378782,0.776322915852637,9.776292281433538,1.0350972211368494
3.8310854224828703,0.20961712082763162,46.58158240614037,0.6138556693722618,0.5008241472108217,1.3257220732816342,0.1940363337405352,1.23830492365542,1.048085604138158,1.1049402048700712,2.1686064294678853,0.1552554856353547,1.8560109025942877,0.0970181668702676,75.52421729374407,7.481513013390382,0.7812135429338359,9.783139357053205,1.0416180572451146
3.8333333333333335,0.20959498999868492,46.57666444415221,0.6136594239597001,0.5007707850321126,1.3255575452413426,0.19401582869524472,1.2383507965284124,1.0479749499934246,1.10458696312746,2.163737071354787,0.1552389433599549,1.8557805633378794,0.09700791434762236,75.52701508026787,7.483465297323014,0.7815669247209808,9.783626292864515,1.0420892329613076
3.8666666666666667,0.20927129425088112,46.50473205575137,0.6107971409049822,0.49999031499929153,1.3231525843620988,0.19371591359129448,1.2390108828661235,1.0463564712544056,1.099434853628968,2.0928013314574203,0.15499699764978037,1.8524136181069382,0.09685795679564724,75.56727374600487,7.512342423019172,0.7868027359260591,9.790719866854252,1.0490703145680789
3.9,0.2089557904423479,46.43462009829954,0.6080223161124508,0.49922965222417365,1.3208112771081313,0.19342359078696372,1.2396340859715895,1.0447789522117394,1.0944401690024115,2.0241911419320395,0.15476119218949383,1.8491357879513837,0.09671179539348186,75.60528290340724,7.541086615100049,0.7920305577028752,9.79758088580679,1.0560407436038337
3.933333333333333,0.2086482110134906,46.366269114109016,0.6053320850925257,0.49848814975874484,1.318531545047786,0.1931386123070087,1.2402216205635248,1.043241055067453,1.0895977531665462,1.9578302625948356,0.1545313264252109,1.8459441630669002,0.09656930615350436,75.64111663816938,7.569701930827455,0.7972505914857261,9.804216973740509,1.0630007886476347
3.9510369993777683,0.20848798541102714,46.3306634246727,0.6039367179617213,0.49810190541746374,1.317345100466833,0.19299016096907712,1.2405195679564676,1.0424399270551357,1.0870860923310983,1.9234745048398039,0.15441159067941376,1.844283140653566,0.09649508048453856,75.65928844966496,7.58484876140738,0.8000199040656151,9.807652549516012,1.0666932054208202
3.966666666666667,0.20834829716194322,46.299621591542945,0.6027236772102016,0.49776518182842455,1.3163113775446078,0.19286073829237327,1.2407746615495796,1.041741485809716,1.0849026189783628,1.8936449524476924,0.1543072063668116,1.8428359285624507,0.09643036914618663,75.67484660790886,7.59819229459151,0.8024630321306976,9.810635504755224,1.0699507095075969
4.0,0.20805579855718498,46.23462190159667,0.6001944126147232,0.49706014314220326,1.3141488295761465,0.19258973673570154,1.2412943453297407,1.0402789927859248,1.0803499427065018,1.8315638877798799,0.154088644374083,1.839808361406605,0.09629486836785077,75.70654212166089,7.626561502262871,0.8076680681309153,9.816843611222005,1.076890757507887
4.033333333333333,0.20777047306430996,46.17121623651333,0.5977416992691643,0.49637244822488896,1.312042019619302,0.19232538322533274,1.2417817710571915,1.0388523653215498,1.0759350586844958,1.7715180829516632,0.15387545894971558,1.8368588274670226,0.09616269161266637,75.73627021677811,7.654813225402677,0.8128658818247844,9.822848191704825,1.0838211757663792
4.066666666666666,0.20749208647667433,46.10935255037207,0.5953630300767223,0.4957015307707976,1.3099891276006224,0.19206746069752278,1.2422380018580141,1.0374604323833716,1.0716534541381002,1.7134408137721333,0.15366747453894725,1.8339847786408712,0.09603373034876139,75.76409573332029,7.682951015334823,0.8180566495974425,9.828655918622777,1.090742199463257
4.074744269297704,0.2074256444098752,46.09458764663894,0.5947974825773075,0.4955414120189468,1.3094995708081205,0.1920059030700562,1.2423439802431613,1.037128222049376,1.0706354686391535,1.699656064766586,0.1536178377258735,1.8332993991313686,0.0960029515350281,75.77055935503041,7.689752831179131,0.8193134771172542,9.830034393523333,1.0924179694896725
4.1,0.2072204122571503,46.04898050158896,0.5930559801006318,0.4950468430182369,1.3079883929099532,0.1918157591966419,1.2426640660110553,1.0361020612857514,1.0675007641811372,1.6572675433863997,0.15346452133565344,1.8311837500739343,0.09590787959832095,75.79008138601426,7.710978307085052,0.8232405420756441,9.834273245661352,1.097654056100859
4.133333333333333,0.20695523128772386,45.99005139727197,0.5908182038746949,0.4944078551441496,1.3060381124758151,0.19157007564310535,1.2430609580892529,1.0347761564386193,1.0634727669744508,1.6029358505900713,0.15326643509468638,1.828453357466141,0.09578503782155268,75.81428783386353,7.738898423191198,0.8284177243162869,9.839706414940986,1.1045569657550494
4.166666666666667,0.20669633162717893,45.9325181393731,0.5886474328015175,0.4937840546782944,1.3041366389008993,0.19133021360879693,1.2434296400636655,1.0334816581358945,1.0595653790427315,1.550385360491621,0.15307305695027126,1.8257912944612589,0.09566510680439846,75.83677374748297,7.766714577388766,0.8335883559887867,9.844961463950831,1.111451141318382
4.2,0.2064435082917646,45.876335175947695,0.5865414727978328,0.4931749459729884,1.3022823787736666,0.1910959831137943,1.2437710423026298,1.032217541458823,1.055774651036099,1.4995576817634124,0.1528842332516264,1.8231953302831332,0.09554799155689715,75.8575958700374,7.794429877946347,0.8387525915401286,9.850044231823652,1.1183367887201714
4.202324823277872,0.20642609673744025,45.87246594165339,0.5863969559667,0.49313299950718514,1.3021547752674123,0.19107985209532358,1.243793858976666,1.0321304836872012,1.05551452074006,1.4960755247373596,0.1528712298472274,1.823016685374377,0.09553992604766179,75.85898745898686,7.796359188889664,0.8391125348608474,9.850392447526257,1.1188167131477964
4.233333333333333,0.20619656299620145,45.82145844360033,0.584498201515942,0.49258004957693835,1.3004737906700357,0.19086720038633453,1.2440860647506105,1.0309828149810072,1.0520967627286957,1.450396332619791,0.15269981536885088,1.8206633069380498,0.09543360019316727,75.87680908913974,7.822047331600584,0.8439105803896247,9.854960366738014,1.125214107186166
4.266666666666667,0.20595530395590378,45.767845323534175,0.5825155662214866,0.491998901757083,1.298709383628434,0.19064368767951573,1.2443755778286298,1.0297765197795188,1.0485280191986759,1.4028466842749319,0.15251965954469573,1.8181931370798075,0.09532184383975786,75.89446649176814,7.849569846561825,0.849062467077666,9.8597153315725,1.132083289436888
4.3,0.2057195456709427,45.71545459354282,0.5805915814762975,0.4914310539762748,1.296987715481612,0.19042527307107496,1.2446404234173123,1.0285977283547134,1.0450648466573356,1.3568558992196085,0.15234362673264518,1.8157828016742568,0.09521263653553748,75.91061942422188,7.877000235795381,0.8542083914281334,9.864314410078032,1.1389445219041778
4.333333333333333,0.2054891087186288,45.664246381917515,0.5787243269141296,0.490876072391797,1.295307391253991,0.19021179027115448,1.2448814158004824,1.027445543593144,1.0417037884454332,1.3123728719773216,0.15217158244145707,1.8134303477555873,0.09510589513557724,75.92531754967142,7.904341220171038,0.8593484887042967,9.868762712802262,1.1457979849390623
4.333899934137717,0.2054852367235298,45.66338593856218,0.578693066736759,0.49086674755090953,1.2952791785099407,0.19020820317074624,1.2448853106358155,1.027426183617649,1.0416475201261663,1.3116294909946142,0.15216869174078196,1.8133908499139169,0.09510410158537312,75.92555509567839,7.904805205537646,0.8594358106024648,9.868837050900533,1.1459144141366198
4.366666666666666,0.20526381955474707,45.61418212327713,0.5769119451095437,0.49033353737479635,1.2936670616249957,0.19000307843808747,1.2450993425692156,1.0263190977737353,1.0384415011971786,1.2693481723458295,0.15200339658618686,1.8111338862749937,0.09500153921904374,75.93860890329647,7.931595431480506,0.864482889758182,9.873065182765412,1.1526438530109093
4.4,0.2050435103212545,45.56522451583434,0.5751526395164235,0.48980304304533523,1.292065421441524,0.1897989820001721,1.2452949654963215,1.0252175516062725,1.0352747511295624,1.227733990497332,0.15183894334405393,1.8088915900181335,0.09489949100008604,75.95053994562065,7.958765415356116,0.8696117211750573,9.877226600950262,1.1594822949000763
4.433333333333334,0.20482801866023415,45.517337480052035,0.5734446724738645,0.48928419682256824,1.2905012082780913,0.18959935048324483,1.245469021382217,1.0241400933011706,1.0322004104529563,1.1874840838765286,0.15167810101499615,1.8067016915893277,0.09479967524162242,75.96115561410141,7.985853634093976,0.8747351054131933,9.881251591612342,1.1663134738842578
4.466666666666667,0.20461718753390598,45.47048611864578,0.5717863632772499,0.48877661898955915,1.2889732010432124,0.18940403834386688,1.245622222873127,1.0230859376695298,1.0292154538990497,1.1485537258377374,0.15152075188676334,1.8045624814604972,0.09470201917193344,75.97049937303203,8.01286246938472,0.8798531609390564,9.88514462741622,1.173137547918742
4.469594671757941,0.2045988856751981,45.46641903893291,0.5716430152061626,0.4887325593453216,1.2888406709108324,0.18938708374820032,1.2456347068389961,1.0229944283759904,1.0289574273710926,1.1451956725445387,0.1515070933970497,1.8043769392751652,0.09469354187410016,75.97126077011038,8.015231214039382,0.8803024809643032,9.88548043274554,1.1737366412857377
4.5,0.20441086505050154,45.42463667788923,0.5701760863123959,0.4882799422722715,1.2874802186306222,0.18921290480794406,1.2457552592525127,1.0220543252525076,1.0263169553623126,1.110899655964208,0.15136678210440416,1.8024723060828711,0.09460645240397203,75.97861326181075,8.03979422495486,0.884966002358078,9.888910034403573,1.1799546698107708
4.533333333333333,0.20420890429581268,45.379756510180606,0.5686122692507157,0.4877938114322787,1.2860211186139647,0.18902581371460725,1.2458687972065978,1.0210445214790633,1.0235020846512883,1.07448003201459,0.1512160815440064,1.8004295660595504,0.09451290685730362,75.9855379416304,8.066651129121663,0.8900737405411464,9.892551996798534,1.1867649873881951
4.566666666666666,0.2040111631781666,45.33581403959257,0.567093391388324,0.4873178828919325,1.2845947960452686,0.1888426333725344,1.2459634815288352,1.0200558158908328,1.0207681044989834,1.0392543857030154,0.15106854369649908,1.798432714463376,0.0944213166862672,75.99131273844365,8.093435337144205,0.8951764827410108,9.896074561429693,1.1935686436546808
4.6,0.20381750425706754,45.29277872379279,0.5656179818105193,0.48685182432003754,1.2832001821259928,0.18866323640113594,1.2460399358984071,1.0190875212853376,1.0181123672589347,1.0051835738342685,0.15092406553921164,1.7964802549763899,0.09433161820056797,75.99597569044386,8.12014893382148,0.9002743327209218,9.899481642616566,1.200365776961229
4.609538021966754,0.20376282298293238,45.280627329540536,0.565203605099429,0.4867202368537965,1.2828068152952832,0.1886125824359771,1.2460585431812947,1.018814114914662,1.0173664891789722,0.9956416910177344,0.15088327342467692,1.7959295414133964,0.09430629121798854,75.99711054862716,8.127780071189317,0.9017321488153963,9.900435830898218,1.2023095317538617
4.633333333333333,0.2036277945949556,45.25062102110125,0.5641846178038968,0.4863953142734187,1.2818362430572936,0.18848749959316405,1.2460987635536955,1.018138972974778,1.0155323120470143,0.9722297360315996,0.1507825474247598,1.794570740280211,0.09424374979658202,75.9995635891399,8.146793935739943,0.9053673908659171,9.902777026396832,1.2071565211545563
4.666666666666667,0.20344190561356001,45.209312358568894,0.5627919233178059,0.48594804184959767,1.2805019789256518,0.18831530378158118,1.2461405479448133,1.0172095280678,1.0130254619720507,0.9403562537795553,0.15064389297337527,1.7927027704959122,0.09415765189079059,76.00211201915417,8.173372293451196,0.910455754290647,9.905964374622036,1.2139410057208628
4.7,0.20325971294834502,45.16882509963223,0.5614385674055192,0.4855097063348544,1.2791964225733345,0.18814653370466006,1.2461658533947275,1.016298564741725,1.0105894213299347,0.9095277089285889,0.15050800896380487,1.7908749916026683,0.09407326685233003,76.00365539854444,8.199885893678287,0.9155395169486215,9.909047229107133,1.2207193559314955
4.733333333333333,0.20308109631052018,45.12913251344894,0.5601232627465008,0.48508001687057867,1.2779186385273722,0.18798107787809404,1.2461752257259806,1.0154054815526008,1.0082218729437016,0.8797098443593978,0.1503748052298794,1.7890860939383209,0.09399053893904702,76.00422701702756,8.2263365614072,0.920618769735775,9.912029015564052,1.2274916929810336
4.7538630091484615,0.20297281687394453,45.10507041643212,0.5593315719977537,0.48481955518942343,1.2771450896075425,0.18788077750186394,1.2461732994161248,1.0148640843697225,1.0067968295959568,0.8618338106859093,0.15029406210872126,1.7880031254505593,0.09394038875093197,76.00410953138945,8.242596723150118,0.9237448262647743,9.913816618931401,1.2316597683530324
4.766666666666667,0.20290593935355866,45.09020874523526,0.5588447642170267,0.48465869213051876,1.2766677219633167,0.18781882847128648,1.246169192866896,1.0145296967677933,1.005920575590648,0.850869525935376,0.15024419456046081,1.787334810748643,0.09390941423564324,76.003859072952,8.252726061909879,0.9256936005906398,9.914913047406454,1.234258134120853
4.8,0.20273412954407594,45.05202878757243,0.5576018675075811,0.48424546000857577,1.2754427977026868,0.18765968118768034,1.246148265437942,1.0136706477203796,1.003683361513646,0.8229747057010401,0.15011609260265849,1.7856199167837614,0.09382984059384017,76.00258270906009,8.27905610270099,0.9307640945912412,9.917702529429889,1.2410187927883216
4.833333333333333,0.20256555803692936,45.01456845265097,0.5563934077855042,0.4838400573167998,1.2742430192430232,0.1875035351490002,1.2461129373188962,1.0128277901846467,1.0015081340139076,0.7959943862856859,0.14999041776820793,1.7839402269402322,0.0937517675745001,76.00042804707948,8.305328335430639,0.9358303340488229,9.920400561371423,1.2477737787317638
4.866666666666666,0.20240011955440018,44.97780434542227,0.5552182584014133,0.4834422294932573,1.2730675678195136,0.18735029278327758,1.246063686197442,1.0120005977720008,0.9993928651225439,0.7698985864728514,0.14986709114290978,1.782294594947319,0.09367514639163879,75.99742422118199,8.33154435771509,0.9408923985985018,9.923010141352707,1.2545231981313356
4.9,0.20223771226932585,44.941713837627965,0.5540753296379685,0.4830517303194514,1.271915651497183,0.18719985971653777,1.2460009740998035,1.0111885613466292,0.9973355933483432,0.744658307897454,0.14974603639902995,1.7806819120960562,0.09359992985826888,75.99359941034702,8.357705714907546,0.9459503652869571,9.925534169210247,1.2612671537159428
4.9027068226910275,0.20222465408571738,44.938812019048314,0.5539839006237285,0.4830203343805765,1.2718231201923236,0.1871877643753163,1.2459953043561736,1.0111232704285869,0.9971710211227114,0.742645376077734,0.14973630365797871,1.780552368269253,0.09359388218765816,75.99325361268303,8.359827785629752,0.946360918248621,9.925735462392218,1.2618145576648279
4.933333333333334,0.20207823769594105,44.90627504354246,0.552963567541201,0.4826683216563783,1.27078650432289,0.1870521446716306,1.2459252478863632,1.0103911884797052,0.9953344215741619,0.7202455039407547,0.14962717971347728,1.779101106052046,0.0935260723358153,75.9889808685893,8.383813901752053,0.9510043086543309,9.927975449605917,1.2680057448724413
4.966666666666667,0.20192160057634992,44.871466794744435,0.5518819527051297,0.4822917731700213,1.2696793854432316,0.18690705936301255,1.245836939767083,1.0096080028817496,0.9933875148692335,0.6966330473828161,0.1495104496827066,1.7775511396205241,0.09345352968150628,75.9835949563944,8.409870364103508,0.9560543008194052,9.93033669526171,1.274739067759207
5.0,0.20176770877095282,44.83726861576729,0.5508294990987533,0.4819218620664063,1.2685935782530942,0.18676451839519384,1.245736467798953,1.008838543854764,0.991493098377756,0.6737946991832356,0.14939577724058595,1.7760310095543317,0.09338225919759692,75.97746717105815,8.435876500587657,0.9611004115618064,9.93262053008167,1.2814672154157418
5.033333333333333,0.20161647316283848,44.803660702853,0.5498052530425418,0.48155837286042297,1.267528389652708,0.18662443917412855,1.2456242363200398,1.0080823658141924,0.9896494554765752,0.6517050812407762,0.1492830955867311,1.7745397455137912,0.09331221958706427,75.97062217315923,8.46183366404954,0.9661427083937331,9.934829491875915,1.2881902778583105
5.056210947392584,0.20151416819935408,44.78092626652313,0.5491181280603233,0.48131250789206403,1.2668089039232302,0.1865296819073825,1.245540606735742,1.0075708409967703,0.9884126305085821,0.636964878696218,0.14920687744653985,1.7735324654925222,0.09326484095369125,75.9655216048129,8.479621142770961,0.9696012068889873,9.936303512130372,1.292801609185316
5.066666666666666,0.20146780755585564,44.770623901301256,0.5488082921173237,0.4812010971293661,1.26648314925548,0.1864867418127472,1.2455006364121994,1.0073390377792781,0.9878549258111828,0.6303396473543391,0.1491723401101035,1.7730764089576718,0.0932433709063736,75.96308381478005,8.487743163097567,0.9711812566364226,9.93696603526456,1.2949083421818965
5.1,0.20132162857892408,44.73813968420536,0.5478377241399733,0.4808498332815603,1.2654572086442661,0.18635134904227138,1.2453660463354617,1.0066081428946203,0.986107903451952,0.6096746559619441,0.1490634483172837,1.7716400921019726,0.09317567452113569,75.95487516599981,8.513606263553083,0.9762161194919352,9.939032534403799,1.3016214926559135
5.133333333333333,0.2011778555934757,44.706190131883496,0.5468926861726293,0.4805043863325541,1.2644499406519323,0.18621818612642999,1.245220831948192,1.0058892779673785,0.9844068351107328,0.5896871437724054,0.14895635976309177,1.7702299169127051,0.09310909306321499,75.94601854052024,8.539424189852431,0.9812473581125881,9.941031285622753,1.308329810816784
5.166666666666667,0.20103641060392474,44.67475791198328,0.5459723435643536,0.4801645676886391,1.2634607386654102,0.1860871807784826,1.2450653471134954,1.0051820530196236,0.9827502184158365,0.5703549002605081,0.1488510159834781,1.768845034131574,0.0930435903892413,75.93653552045208,8.565198126403141,0.9862750316681165,9.942964509973942,1.3150333755574888
5.2,0.20089721817106768,44.64382626023726,0.5450758890241664,0.4798301949374505,1.2624890159524937,0.18595826308095786,1.244899934092312,1.0044860908553384,0.9811366002434995,0.5516564429974484,0.14874736043060965,1.7674846223334912,0.09297913154047893,75.92644698029011,8.59092921889568,0.9912991974106352,9.944834355700248,1.3217322632141804
5.214521297951117,0.20083726630663612,44.630503623696924,0.5446926293259792,0.4796861871143916,1.2620710168442995,0.18590273708619512,1.2448248535623332,1.0041863315331805,0.9804467327867625,0.5437035565714096,0.1487027180054614,1.766899423582019,0.09295136854309756,75.9218678187667,8.602125569718716,0.9934868368473336,9.945629644342851,1.324649115796445
5.233333333333333,0.2007602053283175,44.61337896184833,0.5442025417244338,0.47950109164542387,1.2615342050106366,0.18583136540801923,1.2447249239236426,1.0038010266415875,0.979564575103981,0.5335709937892112,0.1486453384100814,1.766147887014891,0.09291568270400961,75.91577311010296,8.616618575572259,0.9963199107374737,9.94664290062107,1.328426547649965
5.266666666666667,0.20062530150067995,44.583400333484434,0.5433515464336169,0.4791770871618791,1.2605957569370327,0.18570642235037155,1.2445406367923193,1.0031265075033997,0.9780327835805106,0.5160784555964635,0.14854489702018253,1.7648340597118457,0.09285321117518577,75.90453343796355,8.642267268454084,1.0013372252519528,9.948392154440345,1.3351163003359374
5.3,0.20049243842806552,44.55387520623679,0.5425221726954399,0.47885801643359077,1.2596731408323918,0.1855833706441866,1.2443473823770912,1.0024621921403276,0.9765399108517919,0.4991593906899448,0.14844598509441315,1.7635423971653483,0.0927916853220933,75.8927468511788,8.667876334502902,1.0063511928209086,9.950084060930998,1.3418015904278784
5.333333333333333,0.20036155008991333,44.52478890886964,0.5417137140221039,0.47854371982252714,1.2587658432148807,0.18546214910124337,1.244145460192754,1.0018077504495666,0.9750846852397871,0.48279499917973623,0.1483485531449834,1.7622721805008328,0.09273107455062168,75.88043161715606,8.69344677676268,1.0113618636312316,9.951720500082018,1.3484824848416426
5.366666666666666,0.20023257262500638,44.49612725000142,0.5409254870360579,0.47823404291196525,1.2578733673966485,0.18534269853461327,1.2439351599540915,1.0011628631250318,0.9736658766649043,0.4669670961757046,0.14825255330270923,1.7610227143553077,0.09267134926730664,75.86760540560005,8.71897956557408,1.0163692862500124,9.953303290382422,1.35515904833335
5.377788357664939,0.20018995359974112,44.48665635549803,0.5406668808390168,0.47813172082798583,1.2575788062801863,0.18530322782709485,1.2438631778605813,1.0009497679987056,0.9732003855102302,0.46180240698182307,0.1482208334566756,1.7606103287922605,0.09265161391354743,75.86321521771686,8.727490385069245,1.0180393019563774,9.95381975930181,1.3573857359418366
5.4,0.20010544426774388,44.46787650394308,0.5401568307878984,0.47792883635239697,1.2569952329883156,0.18522496169959643,1.2437167618651304,1.0005272213387193,0.9722822954182172,0.45165809363510967,0.14815793926924306,1.7597933261836418,0.09261248084979821,75.85428530615431,8.744475639539665,1.0213735076723416,9.95483419063648,1.3618313435631224
5.433333333333334,0.19998010527684165,44.440023394853704,0.53940710599325,0.47762795568912675,1.256130975344561,0.18510888322764102,1.2434905369427482,0.9999005263842082,0.97093279078785,0.4368509800542671,0.1480646662636293,1.7585833654823853,0.09255444161382051,75.84048784813822,8.769935906603795,1.0263745733747907,9.956314901994565,1.3684994311663878
5.466666666666667,0.1998564978694488,44.41255508209974,0.538675694327611,0.4773312612029655,1.25528014505181,0.18499440956528226,1.2432567473157021,0.9992824893472441,0.9696162497896998,0.4225293017028362,0.1479726909729193,1.757392203072534,0.09249720478264113,75.82622901878467,8.795361245050449,1.0313725273648275,9.957747069829708,1.3751633698197703
5.5,0.19973456616091526,44.385459146870055,0.5379619977816879,0.47703861776458845,1.2544423074598614,0.18488148891831857,1.2430156464980058,0.9986728308045763,0.9683315960070382,0.4086771454678727,0.14788197150702242,1.7562192304438058,0.09244074445915929,75.81152427991337,8.820752504415491,1.036367412225995,9.959132285453205,1.3818232163013267
5.533333333333333,0.19961425607531763,44.35872357229281,0.5372654377037827,0.4767498946181873,1.2536170419860706,0.1847700711688866,1.2427674797950123,0.9980712803765881,0.9670777878668089,0.39527911336999116,0.14779246733163806,1.7550638587804988,0.0923850355844433,75.79638859269781,8.846110506841748,1.0413592691850229,9.960472088662993,1.3884790255800303
5.546167321475886,0.19956835557294034,44.34852346065342,0.5370016983953515,0.4766397488917232,1.2533025641108666,0.18472756354946862,1.2426700972477762,0.9978417778647016,0.9666030571116326,0.39023852190494673,0.1477583221564342,1.7546235897552132,0.09236378177473431,75.79044923114188,8.85586513784324,1.0432804333352594,9.960976147809497,1.391040577780346
5.566666666666666,0.19949551534208276,44.33233674268506,0.5365854547636237,0.4764649653733047,1.2528039420891546,0.18466010787233167,1.2425124843187558,0.9974775767104137,0.9658538185745227,0.38232032160049434,0.14770413926572445,1.7539255189248164,0.09233005393616583,75.78083641860093,8.871436047130176,1.0463481381143556,9.961767967839942,1.395130850819141
5.6,0.19937829339274246,44.30628742060944,0.5359215078473812,0.47618370775518815,1.2520026144662475,0.1845515521615199,1.2422508894565267,0.9968914669637122,0.9646587141252863,0.3697863711158683,0.14761694940410833,1.7528036602527464,0.09227577608075994,75.76488174795357,8.8967298943035,1.0513340576095955,9.963021362888405,1.4017787434794606
5.633333333333333,0.19926254131189364,44.28056473597637,0.535273073532802,0.4759060034862103,1.2512126786715319,0.18444435870138717,1.2419829170934444,0.9963127065594681,0.9634915323590436,0.3576633336701116,0.1475308610807252,1.7516977501401445,0.09222217935069359,75.74853811352918,8.92199279234892,1.0563170650262828,9.964233666632982,1.408422753368377
5.666666666666667,0.1991482117734428,44.25515817187618,0.5346396454068634,0.4756317381317084,1.2504337666204124,0.18433848362985086,1.2417087819018124,0.995741058867214,0.962351361732354,0.345937733656338,0.1474458388208296,1.7506072732685771,0.09216924181492543,75.73181860819155,8.94722546118369,1.0612971965277176,9.965406226634359,1.4150629287036234
5.7,0.1990352590293111,44.230057562069135,0.5340207339448728,0.4753608010726731,1.2496655225017061,0.18423388454734116,1.241428691392388,0.9951762951465555,0.9612373211007711,0.3345965448892337,0.14736184833252866,1.7495317315023886,0.09211694227367058,75.71473588802175,8.972428596826155,1.0662744870934242,9.966540345511069,1.4216993161245655
5.719818243491295,0.1989687377066798,44.21527504592885,0.5336594482342992,0.47520124984279993,1.249213680283933,0.18417228342020733,1.241259423952093,0.994843688533399,0.9605870068217387,0.32803070782474403,0.14731238745126798,1.7488991523975062,0.09208614171010367,75.70441226683816,8.987399330848923,1.0692323890541768,9.967196929217518,1.4256431854055691
5.733333333333333,0.19892363882149897,44.20525307144422,0.5334158655693447,0.47509308529312005,1.2489076020937389,0.1841305204353021,1.2411428463134706,0.9946181941074947,0.9601485580248206,0.3236271655603006,0.14727885644086722,1.7484706429312342,0.09206526021765105,75.69730219665857,8.997602872727521,1.071248970585112,9.967637283443961,1.4283319607801492
5.766666666666667,0.1988133083413845,44.18073518697434,0.5328245822143879,0.4748284872816736,1.2481596724478037,0.18402835161846945,1.2408514408356266,0.9940665417069224,0.9590842479858982,0.31301740664545175,0.14719683105731882,1.747423541426925,0.09201417580923472,75.67952937656487,9.022748940388267,1.0762206797772007,9.968698259335447,1.434960906369601
5.8,0.19870422617012326,44.15649470447184,0.5322464406878377,0.47456690688745223,1.2474214114246316,0.18392733970963246,1.2405546628221806,0.9935211308506162,0.9580435932381077,0.30275547493036414,0.1471157411351102,1.746389975994484,0.09196366985481623,75.6614288855248,9.047867430260764,1.0811896464015247,9.969724452506956,1.4415861952020326
5.833333333333333,0.19859635226401104,44.1325227253358,0.5316810125145958,0.4743082472846767,1.2466925075805684,0.18382744759606826,1.2402526938956493,0.9929817613200551,0.9570258225262724,0.2928299688413984,0.14703555665824977,1.7453695106127955,0.09191372379803413,75.64301180069565,9.072958951970937,1.0861559011583048,9.970717003115851,1.4482078682110728
5.866666666666666,0.19848964789142381,44.108810642538636,0.5311278832617333,0.4740524148201895,1.2459726596771221,0.18372863938109743,1.2399457097239346,0.992448239457119,0.9560301898711201,0.28322986048558446,0.14695624859425874,1.744361723547971,0.09186431969054872,75.62428883606277,9.098024095273285,1.0911194737634502,9.971677013951433,1.454825965017933
5.8989061891248165,0.19838752228721757,44.086116063826125,0.530604227452062,0.4738075815695927,1.2452847739240698,0.18363407194235132,1.2396441878657642,0.9919376114360878,0.9550876094137116,0.27424429003053175,0.14688035028657373,1.7433986834936976,0.09181703597117566,75.60589901793297,9.122242185561227,1.0959176455746305,9.97257557099694,1.46122352743284
5.9,0.19838407558664162,44.08535013036481,0.5305866520442998,0.4737993189018012,1.2452615763218349,0.18363088034128755,1.2396338802298892,0.9919203779332081,0.9550559736797397,0.27394448249945386,0.14687778885955838,1.7433662068505686,0.09181544017064378,75.60527035522094,9.123063430750193,1.0960803929831893,9.972605551750046,1.461440523977585
5.933333333333334,0.1982795991013213,44.062133133626965,0.5300569310059646,0.4735488718809514,1.2445589755908555,0.1835341368814781,1.2393173698115516,0.9913979955066066,0.9541024758107364,0.26496351422813774,0.14680015028309493,1.7423825658271976,0.09176706844073905,75.58596638480654,9.148077510546848,1.1010386866704687,9.973503648577179,1.4680515822272908
5.966666666666667,0.1981761833838983,44.03915186308851,0.5295383450985626,0.4733009890029011,1.243864584868744,0.18343837651568967,1.238996337435633,0.9908809169194915,0.9531690211774126,0.256276975858707,0.14672330659089933,1.7414104188162416,0.09171918825784484,75.56638662019925,9.173066868683177,1.1059943817803994,9.974372302414121,1.4746591757071987
6.0,0.19807379453938584,44.01639878653019,0.5290305316518519,0.47305558830952743,1.2431781405358078,0.1833435678298658,1.238670936819962,0.9903689726969291,0.9522549569733334,0.2478752169708043,0.1466472323759535,1.7404493967501307,0.0916717839149329,75.54654043664948,9.198032021662666,1.1109475044004071,9.975212478302913,1.481263339200542
6.033333333333333,0.1979723997776215,43.993866617249225,0.5285331398196347,0.47281259051418445,1.242499387565578,0.18324968043390769,1.2383413166683614,0.9898619988881074,0.9513596516753424,0.23974890179712044,0.14657190305939718,1.7394991425918094,0.09162484021695384,75.52643690360337,9.222973469256118,1.1158980797890503,9.97602510982028,1.4878641063853997
6.066666666666666,0.19787196737519405,43.97154830559868,0.5280458301722838,0.47257191890963973,1.241828079228691,0.18315668492638743,1.2380076208434383,0.9893598368759702,0.9504824943101108,0.2318889983799617,0.14649729486198831,1.7385593109201674,0.09157834246319371,75.5060847952413,9.247891695078271,1.1208461324045775,9.976811100161997,1.4944615098727694
6.0836013920007606,0.1978213023067954,43.96028940151009,0.5278020131527594,0.472450514924659,1.2414898016509448,0.18310977183793675,1.2378365728976097,0.9891065115339769,0.950043623674967,0.22799508493044987,0.14645965962664428,1.7380857223113226,0.09155488591896838,75.49565258102523,9.260542449199274,1.1233589909697774,9.977200491506949,1.4978119879597025
6.1,0.1977724666511833,43.9494370335963,0.5275682744371015,0.4723334993094151,1.241163976904199,0.18306455287206394,1.2376699884766864,0.9888623332559164,0.9496228939867827,0.2242867716618158,0.14642338478591868,1.7376295676658786,0.09153227643603197,75.4854925971931,9.272787166955176,1.1257916859231198,9.977571322833812,1.5010555812308257
6.133333333333333,0.19767386794193753,43.92752620931945,0.5271001552283803,0.4720972599867971,1.2405068498834027,0.1829732567785063,1.2373285540829548,0.9883693397096875,0.9487802794110846,0.2169337763018678,0.14635015059590709,1.7367095898367635,0.09148662838925314,75.46466851351941,9.297660337306157,1.1307347632576057,9.978306622369807,1.5076463510101403
6.166666666666667,0.19757614254938505,43.905809455418904,0.5266411654942191,0.47186313154985393,1.2398564749678243,0.18288277004818873,1.2369834477950294,0.9878807127469251,0.9479540978895944,0.20982184195503256,0.14627757078045472,1.7357990649549537,0.09144138502409437,75.44362048101885,9.322511643926626,1.1356753865965323,9.979017815804491,1.5142338487953761
6.2,0.19747926271007357,43.88428060223857,0.5261910081851754,0.4716310468665736,1.2392126362284068,0.18279306694979602,1.2366347955041408,0.9873963135503678,0.9471438147333157,0.2029430644543405,0.1462056245286378,1.7348976907197695,0.09139653347489801,75.42235617779755,9.347341510456939,1.1406135774271868,9.979705693554562,1.5208181032362484
6.233333333333333,0.19738320156937156,43.86293368208258,0.5257493959781577,0.47140094100248037,1.238575124804855,0.18270412259431323,1.2362827189770489,0.9869160078468577,0.9463489127606839,0.1962897984633322,0.14613429171076892,1.734005174726797,0.09135206129715662,75.40088303041021,9.372150346773097,1.1455493565549935,9.980371020153662,1.527399142073324
6.266666666666667,0.19728793316577586,43.84176292572797,0.5253160511084835,0.47117275118269275,1.2379437387835872,0.18261591292048202,1.2359273359272616,0.9864396658288792,0.9455688919952703,0.18985465300685792,0.14606355286663475,1.7331212342970221,0.09130795646024101,75.37920821820369,9.396938549224382,1.15048274411528,9.98101453469931,1.533976992153706
6.274079415771256,0.19726685234552288,43.837078299005086,0.5252207792631415,0.4711222600390404,1.2378041423630992,0.18259639413345868,1.235847867085779,0.9863342617276144,0.9453974026736547,0.188452511624095,0.14604790061210252,1.732925799308339,0.09129819706672934,75.37436141356167,9.402448245326276,1.1515795199594911,9.981154748837586,1.5354393599459877
6.3,0.1971934323825135,43.82076275166966,0.52489070485191,0.4709464166748946,1.2373182828212996,0.18252841464994463,1.2355687602346799,0.9859671619125674,0.9448032687334381,0.18363047768726157,0.14599338916921734,1.7322455959498193,0.09126420732497231,75.35733868671313,9.421706501366307,1.1554137596095817,9.98163695223127,1.5405516794794418
6.333333333333333,0.19709967492165467,43.79992776036771,0.5244730972475841,0.4707218787267409,1.2366985679436202,0.18244160526325207,1.2352071020630826,0.9854983746082733,0.9440515750456514,0.17761035531167874,0.1459237824052897,1.7313779951210682,0.09122080263162603,75.33528115482741,9.446454574352678,1.160342421925056,9.982238964468829,1.5471232292334074
6.366666666666666,0.1970066372781082,43.779252728468485,0.5240629768197357,0.47049908050297823,1.2360844113428504,0.18235546297576255,1.2348424679781436,0.9850331863905409,0.9433133582755242,0.17178759448594905,0.14585471495592325,1.7305181758799904,0.09117773148788128,75.31304212198698,9.47118312732939,1.1652687493539868,9.982821240551402,1.5536916658053153
6.4,0.19691429672980695,43.75873260662377,0.5236601004726398,0.47027796706171293,1.2354756363016297,0.18226996672854553,1.2344749609919734,0.9845714836490347,0.9425881808507516,0.1661557268193902,0.145786169789131,1.7296658908222815,0.09113498336427277,75.29062787090047,9.495892507583033,1.1701927596011399,9.983384427318057,1.5602570128015192
6.433333333333334,0.19682263129413913,43.7383625098087,0.5232642330243334,0.4700584852490619,1.234872071854062,0.1821850961480019,1.2341046807608496,0.9841131564706956,0.9418756194438003,0.1607084945164016,0.14571813042720919,1.7288209005956867,0.09109254807400095,75.26804447960421,9.520583051200743,1.1751144698164446,9.983929150548356,1.5668192930885922
6.466666666666667,0.19673161970599176,43.71813771244262,0.5228751469716325,0.4698405836460609,1.234273552614938,0.18210083152551457,1.2337317236848602,0.9836580985299588,0.9411752645489385,0.1554398441232475,0.14565058093027888,1.7279829736609131,0.09105041576275728,75.24529782753963,9.545255083402699,1.1800338966114627,9.984456015587671,1.573378528815283
6.470521320999721,0.19672113639313846,43.7158080873641,0.5228305805506019,0.46981548523678707,1.234204658179436,0.1820911254091799,1.233688426671347,0.9836056819656922,0.9410950449910835,0.15484183034813723,0.145642800423404,1.7278865214512102,0.09104556270458995,75.24265714268546,9.548106968413627,1.1806026307491742,9.984515816965182,1.5741368409988983
6.5,0.1966412413923122,43.69805364273605,0.5224926222178858,0.46962421250715525,1.2336799185818812,0.18201715379387193,1.2333561830233524,0.9832062069615609,0.9404867199921945,0.15034391928325197,0.14558350587721813,1.7271518860146335,0.09100857689693596,75.22239360259427,9.56990891892736,1.1849510560784662,9.98496560807167,1.5799347414379545
6.533333333333333,0.1965514764658224,43.67810588129388,0.5221164460056993,0.46940932374499905,1.2330910150864545,0.18193404452144218,1.2329781489234604,0.982757382329112,0.9398096028102587,0.14541505894647994,0.1455168903609497,1.7263274211210362,0.09096702226072109,75.19933730284185,9.59454486212665,1.1898659637951474,9.985458494105348,1.5864879517268626
6.566666666666666,0.19646230568668105,43.65829015259579,0.5217464125066387,0.46919587083775555,1.2325066924959727,0.1818514858766416,1.2325977085940942,0.9823115284334052,0.9391435425119495,0.14064778645119086,0.1454507199597042,1.7255093694943617,0.0909257429383208,75.17613424715381,9.619163207546556,1.1947786348533767,9.985935221354877,1.5930381798045017
6.6,0.19637371044391091,43.6386023208691,0.5213823226224615,0.46898380878418733,1.2319268060690456,0.18176946061072136,1.2322149463902274,0.9818685522195545,0.9384881807204307,0.1360368042343834,0.14538498072309808,1.7246975284966637,0.09088473030536068,75.15278958033997,9.643764240208398,1.1996890838731324,9.986396319576556,1.599585445164176
6.633333333333333,0.19628567273090983,43.61903838464663,0.5210239837230289,0.46877309404444195,1.2313512157651019,0.18168795203507074,1.2318299439240366,0.9814283636545491,0.9378431707014521,0.13157698685727354,0.145319659153777,1.7238917020711426,0.09084397601753537,75.12930827992699,9.668348235979696,1.2045973250208692,9.986842301314269,1.6061297666944918
6.666666666666667,0.19619817514127136,43.59959447583809,0.5206712096015804,0.4685636845299466,1.2307797862118874,0.1816069440173442,1.2314427800838676,0.9809908757063568,0.9372081772828448,0.12726337981509223,0.14525474220428344,1.7230917006966424,0.0908034720086721,75.1056951573151,9.692915461637433,1.209503372012646,9.987273662018486,1.6126711626835273
6.6731138372696694,0.19618131269193678,43.595847264874834,0.5206036047041415,0.46852332874630126,1.2306697321811453,0.18159133228762717,1.2313676537736804,0.9809065634596839,0.9370864884674546,0.12644553056560207,0.14524223191135338,1.7229376250536033,0.09079566614381358,75.10111320365677,9.697665220929476,1.2104520235663638,9.987355446943436,1.6139360314218179
6.7,0.1961112008353516,43.580266852300355,0.5203238201169198,0.46835553952256503,1.2302123864454166,0.18152642095047453,1.2310535311859687,0.980556004176758,0.9365828762104557,0.1230911900152052,0.14519021725199516,1.7222973410235833,0.09076321047523726,75.08195486703224,9.717466175374392,1.2144072381392061,9.987690880998475,1.6192096508522742
6.733333333333333,0.19602473352490837,43.56105189442408,0.5199816410290268,0.4681486196374567,1.229648889790503,0.18144636773843711,1.2306622710441988,0.9801236676245418,0.9359669538522482,0.11905578140251369,0.14512607208761158,1.721508445706704,0.09072318386921856,75.05809191098568,9.742000627031778,1.2193089362774978,9.988094421859744,1.6257452483699963
6.766666666666667,0.19593875745029274,43.541946100065054,0.5196445037549521,0.46794288676792445,1.229089173683351,0.18136676977511038,1.2302690710735407,0.9796937872514636,0.9353601067589138,0.11515266846353013,0.14506229489805658,1.7207248431566913,0.09068338488755519,75.03411064477525,9.76651905844464,1.2242084789077823,9.988484733153642,1.6322779718770424
6.8,0.19585325737455672,43.522946083234835,0.5193122453057593,0.4677383040711672,1.2285331196257292,0.1812876129388153,1.229874000316844,0.9792662868727836,0.9347620415503667,0.11137751454827906,0.14499887426206182,1.7199463674760207,0.09064380646940765,75.01001527932432,9.791021703531074,1.2291058781180482,9.988862248545166,1.6388078374907302
6.833333333333333,0.1957682185602515,43.50404856894478,0.5189847080382122,0.4675348359121779,1.227980613004505,0.18120888357081116,1.2294771255501196,0.9788410928012575,0.9341724744687819,0.10772612526242203,0.14493579913277516,1.719172858206307,0.09060444178540558,74.9858098873018,9.815508788643612,1.2340011456214148,9.989227387473752,1.6453348608285523
6.866666666666666,0.19568362675123813,43.48525038916402,0.5186617394601112,0.4673324478197614,1.22743154295017,0.18113056845843814,1.2290785113650897,0.9784181337561906,0.9335911310282002,0.10419444328698463,0.14487305882412604,1.718404160130238,0.09056528422921907,74.96149840815683,9.83998053284468,1.2388942927697764,9.989580555671296,1.6518590570263678
6.882049540682124,0.19564473570380808,43.47660793417958,0.5185141935711497,0.46723940345743525,1.2271792837610038,0.18109456325668466,1.2288939872097475,0.9782236785190404,0.9333255484280695,0.10260389769431187,0.14484421507180492,1.7180509972654052,0.09054728162834233,74.9502442799225,9.851268791167474,1.2411517007700237,9.989739610230563,1.6548689343600307
6.8999999999999995,0.1955994681544783,43.46654847877295,0.5183431920354163,0.46713110644250494,1.22688580219521,0.1810526548182409,1.2286782202518247,0.9779973407723914,0.9330177456637494,0.10077854319243593,0.14481064299717653,1.7176401230732938,0.09052632740912045,74.93708465315879,9.864437148182358,1.2437853305674593,9.989922145680751,1.658380440756612
6.933333333333334,0.19551572943188356,43.4479398737519,0.518028923097012,0.46693077952906825,1.2263432870107054,0.18097513028841403,1.2282763126357372,0.9775786471594178,0.9324520615746217,0.09747462911725144,0.14474854165401116,1.7168806018149874,0.09048756514420701,74.91257230765362,9.888878839813819,1.2486742696773332,9.990252537088269,1.6648990262364438
6.966666666666667,0.19543239768555248,43.42942170790055,0.5177187946887151,0.4667314358924885,1.2258038970915086,0.18089798291512,1.2278728469445779,0.9771619884277624,0.9318938304396872,0.09427903056353809,0.14468674512667143,1.716125455928112,0.09044899145756,74.88796493514981,9.913305806228877,1.2535611204318806,9.99057209694364,1.671414827242507
7.0,0.19534946043771895,43.410991208381986,0.5174126733506779,0.46653304536169377,1.2252675354002822,0.18082120113390523,1.2274678796994363,0.9767473021885946,0.9313428120312203,0.09118819668633692,0.14462524406212507,1.7153745495603951,0.09041060056695262,74.86326598286863,9.937718239553668,1.258445892848241,9.99088118033136,1.6779278571309875
7.033333333333333,0.19526690561640833,43.39264569253518,0.5171104299658773,0.4663355787468202,1.2247341080559315,0.18074477375640594,1.2270614655798389,0.9763345280820416,0.9307987739385792,0.08819869220851162,0.14456402941151425,1.7146277512783041,0.09037238687820297,74.83847878571437,9.962116325767882,1.2633285966389685,9.991180130779144,1.6844381288519574
7.066666666666666,0.1951847215459798,43.37438256577329,0.5168119396588952,0.46613900781634254,1.2242035242600424,0.18066868996158267,1.226653657466669,0.975923607729899,0.9302614913860113,0.08530719472715541,0.1445030924230662,1.7138849339640592,0.09033434498079133,74.81360656889215,9.986500244847981,1.268209241219123,9.991469280527278,1.6909456549588302
7.097527036910484,0.1951089553131575,43.357545625146116,0.5165388347381822,0.46595779499460654,1.2237147624527633,0.1805985479308738,1.2262749059593205,0.9755447765657874,0.929769902528728,0.0827147900174712,0.14444691644832802,1.7132006674338687,0.0902992739654369,74.79050651445897,10.00906266988266,1.2727259683980319,9.991728520998247,1.696967957864042
7.1,0.19510289693787647,43.35619931952811,0.5165170816969273,0.46594330527470895,1.2236756962249375,0.18059293928714776,1.226244506484148,0.9755144846893823,0.9297307470544692,0.08251049207931298,0.14444242463515977,1.7131459747149125,0.09029646964357388,74.78865245046819,10.010870170907257,1.2730878357132054,9.991748950792063,1.6974504476176067
7.133333333333333,0.195021420870772,43.33809352683823,0.5162257392773076,0.46574844471433424,1.2231505390192563,0.18051751161116483,1.2258340620899328,0.97510710435386,0.9292063306991537,0.07980547668772944,0.1443820178614436,1.7124107546269587,0.09025875580558242,74.76361944686501,10.035226272496516,1.2779643889700514,9.99201945233122,1.7039525186267346
7.166666666666667,0.1949402827788657,43.32006283974794,0.515937799402239,0.465554400587298,1.2226279704769132,0.1804423971412007,1.225422372128239,0.9747014138943284,0.9286880389240303,0.07718914222729804,0.1443218641820624,1.7116791586676783,0.09022119857060035,74.7385104761013,10.059568712781344,1.2828389095716115,9.992281085777263,1.7104518794288148
7.2,0.19485947244189905,43.30210498708868,0.5156531527719518,0.4653611481812042,1.2221079111194482,0.18036758640507272,1.2250094828751468,0.9742973622094953,0.9281756749895131,0.07465858078183255,0.1442619559361733,1.7109510755672273,0.09018379320253636,74.71332836055521,10.083897649693286,1.2877114058404369,9.99253414192181,1.716948541120582
7.233333333333333,0.19477897997940263,43.28421777320059,0.5153716937231277,0.46516866360526976,1.2215902841112762,0.18029307024551658,1.2245954390647125,0.973894899897013,0.92766904870163,0.07221098120549028,0.14420228571763363,1.7102263977557868,0.09014653512275829,74.68807582855682,10.108213236016951,1.2925818858439904,9.992778901879444,1.7234425144586532
7.266666666666667,0.1946987958322026,43.2663990738228,0.515093320030986,0.4649769237456085,1.22107501511585,0.1802188398030468,1.2241802839728948,0.9734939791610129,0.9271679760557748,0.06984362385599716,0.14414284636113864,1.7095050211621898,0.0901094199015234,74.66275551950686,10.132515619670102,1.2974503574085214,9.993015637614393,1.729933809878028
7.3,0.19461891075261215,43.24864683391382,0.5148179328043033,0.46478590624151184,1.220562032219362,0.18014488650686564,1.2237640594620716,0.9730945537630606,0.9266722790477461,0.06755387780103395,0.14408363093486867,1.7087868451071067,0.09007244325343282,74.63736998659175,10.156804943852203,1.3023168281264237,9.993244612219888,1.7364224375018975
7.31975114998699,0.1945717135303723,43.23815856230496,0.5146561262806235,0.4646730537458862,1.2202591223006924,0.18010119399611274,1.2235169440842182,0.9728585676518615,0.9263810273051224,0.06623270088053215,0.14404864666122472,1.7083627712209692,0.09005059699805637,74.62229841969646,10.17119110147061,1.3051994389007322,9.993376729911938,1.7402659185343088
7.333333333333333,0.19453931579440964,43.230959065424365,0.5145454363781643,0.46459558946121754,1.220051265852801,0.18007120206557506,1.2233468060265196,0.9726965789720482,0.9261817854806959,0.06533919796414986,0.14402463273297744,1.7080717721939214,0.09003560103278753,74.61192169955743,10.181081347196178,1.3071813053637498,9.993466080203577,1.7429084071516654
7.366666666666666,0.19446000230923471,43.21333384649661,0.514275738275386,0.4644059524931948,1.219542648763916,0.17999777846383663,1.222928562808773,0.9723000115461735,0.9256963288956949,0.06319712409824832,0.14396584527289039,1.7073597082694822,0.08999888923191832,74.58641304570706,10.205344963822974,1.31204379626291,9.993680287590166,1.7493917283505456
7.3999999999999995,0.19438096192999277,43.19576931777617,0.5140087490289157,0.4642169751060161,1.2190361158881402,0.17992460794699053,1.2225093676749352,0.9719048096499637,0.9252157482520483,0.061125276059352106,0.143907262282865,1.706650562243396,0.08996230397349526,74.5608463344943,10.2295959235929,1.3169043077551241,9.993887472394055,1.7558724103401646
7.433333333333334,0.194302186562531,43.17826368056245,0.5137443820927413,0.46402863772823,1.2185316042838434,0.1798516830133411,1.2220892572524598,0.971510932812655,0.9247398877669344,0.05912135143582432,0.1438488776957513,1.7059442459973808,0.08992584150667055,74.53522379982752,10.253834352231692,1.3217628465666649,9.994087864856409,1.7623504620888855
7.466666666666667,0.19422366837585728,43.16081519463496,0.5134825537372153,0.4638409214247099,1.218029053056258,0.17977899640509135,1.2216682669745353,0.9711183418792864,0.9242685967269875,0.057183122762803275,0.14379068564166006,1.7052406742787611,0.08988949820254567,74.50954760277692,10.278060371478638,1.3266194192261935,9.99428168772371,1.76882589230159
7.5,0.19414539979982337,43.14342217773853,0.5132231830242587,0.4636538078910526,1.2175284033394567,0.17970654110619602,1.2212464310906037,0.9707269989991169,0.9238017294436658,0.05530843686235064,0.1437326804462263,1.7045397646752394,0.08985327055309801,74.48381983221593,10.30227409912163,1.3314740320664917,9.994469156313755,1.7752987094219879
7.533333333333333,0.19406737351054598,43.12608300234355,0.5129661916513347,0.4634672794183256,1.2170295981829578,0.1796343103288495,1.2208237827325217,0.9703368675527299,0.9233391449724025,0.05349521069137551,0.14367485661968094,1.7038414374561408,0.08981715516442475,74.4580425088565,10.326475649217988,1.3363266912354028,9.994650478930852,1.7817689216472026
7.548933116999904,0.19403093892924117,43.117986428720265,0.5128467171716741,0.463380181412415,1.2167967785850087,0.1796005820542766,1.2206257160518614,0.9701546946462059,0.9231240909090133,0.052667172380524076,0.14364785623784865,1.703515490019012,0.0898002910271383,74.44596242200303,10.337797665883972,1.3385970348288072,9.994733282761937,1.7847960464384083
7.566666666666666,0.19398958242337516,43.108796094083374,0.5127115038761951,0.4632813188760654,1.2165325824970337,0.17956229750696917,1.220400353946473,0.9699479121168758,0.9228807069771513,0.05174142933906873,0.14361720885158027,1.703145615495847,0.08978114875348459,74.43221758719538,10.350665132200923,1.3411774027011027,9.994825857066083,1.7882365369348026
7.6,0.19391201968348876,43.09155992966417,0.5124590464162219,0.46309590968953385,1.216037302979555,0.1794904962874779,1.219976175735652,0.9695600984174437,0.9224262835491993,0.05004514334823682,0.1435597320037555,1.7024522241713769,0.08974524814373895,74.40634695811741,10.374842655022006,1.3460261722591578,9.994995485665166,1.794701563012209
7.633333333333333,0.19383467866434623,43.074373036521386,0.5122087484318766,0.46291103583598026,1.2155437081039626,0.1794189005288715,1.2195512780672841,0.969173393321731,0.921975747177378,0.04840446827488374,0.14350242110915387,1.7017611913455475,0.08970945026443575,74.38043244932366,10.39900832117453,1.3508730055336762,9.9951595531725,1.8011640073782336
7.666666666666667,0.19375755295497635,43.05723398999474,0.5119605413906555,0.46272668181390286,1.2150517480203937,0.17934750428943658,1.2191256899303142,0.9687877647748817,0.9215289745031799,0.0468175810678561,0.1434452713623099,1.7010724472285512,0.08967375214471829,74.35447582884987,10.423162230886069,1.3557179079868495,9.995318241893203,1.807623877315798
7.7,0.1936806363541843,43.04014141204096,0.5117143590050871,0.4625428326290407,1.2145613745106216,0.17927630182188156,1.2186994393617003,0.9684031817709216,0.9210858462091569,0.045282718418913126,0.14338827811500263,1.7003859243148702,0.08963815091094078,74.3284788066701,10.447304481206194,1.3605608849232953,9.995471728158098,1.8140811798977259
7.733333333333333,0.1936039228618216,43.0230939692937,0.5114701371393072,0.46235947377326525,1.214072540920156,0.17920528756524598,1.218272553486029,0.968019614309108,0.920646246850753,0.04379817427655172,0.14333143686971223,1.6997015572882184,0.08960264378262299,74.30244303711291,10.471435166138683,1.3654019414966072,9.995620182572333,1.820535921995475
7.766666666666667,0.19352740667642437,43.00609037253876,0.5112278137837791,0.462176591218869,1.2135852021398714,0.17913445614271128,1.2178450585262375,0.9676370333821218,0.9202100648108024,0.04236229917327684,0.1432747432778494,1.69901928299582,0.08956722807135564,74.27637011951522,10.49555437667728,1.3702410827111213,9.995763770082661,1.826988110281494
7.785290788886883,0.19348473909905986,42.99660868867997,0.5110932263475559,0.4620746127569496,1.2133135490863176,0.1790949586277434,1.2176059511989559,0.9674236954952993,0.9199678074256008,0.04158064023193896,0.14324312995465438,1.6986389687208445,0.0895474793138717,74.26178696362432,10.509025386748949,1.3729439932052387,9.995841935976795,1.830591990940317
7.8,0.1934510821866784,42.98912937481742,0.510987328963954,0.46199417139792853,1.213099314539624,0.17906380235369074,1.2174169798423446,0.967255410933392,0.9197771921351173,0.04097349779495805,0.14321819313335785,1.6983390403554735,0.08953190117684537,74.25026160058461,10.519662200934944,1.3750783134283195,9.995902650220494,1.8334377512377582
7.833333333333333,0.19337494396427235,42.9722097698383,0.5107486246637823,0.46181220118502275,1.212614835912662,0.17899332116720576,1.2169883419638885,0.9668747198213617,0.9193475243948082,0.03963022694533794,0.14316178236735705,1.6976607702777267,0.08949666058360288,74.22411897637757,10.543758724252095,1.379913638372191,9.996036977305454,1.8398848511629204
7.866666666666666,0.19329898675706209,42.95533039045825,0.5105116447525584,0.4616306678807047,1.2121317254224588,0.17892300771555053,1.2165591686209456,0.9664949337853104,0.918920960554605,0.038330993599310796,0.14310550704301847,1.6969844155914424,0.08946150385777527,74.19794369419148,10.567844029300137,1.384747062134361,9.996166900640057,1.8463294161791468
7.8999999999999995,0.19322320548585248,42.938490107967226,0.5102763349504799,0.46144955920371994,1.2116499435776826,0.17885285729130923,1.2161294827587374,0.9661160274292623,0.9184974029108638,0.0370743539863957,0.14304936335315319,1.6963099210087556,0.08942642864565462,74.1717371534554,10.591918196130177,1.3895785891764996,9.99629256460135,1.8527714522353316
7.933333333333334,0.19314759523897768,42.92168783088393,0.5100426427706414,0.461268863277901,1.2111694521900394,0.17878286534233329,1.2156993065622268,0.9657379761948883,0.9180767569871545,0.03585891204711044,0.14299334761614932,1.695637233066055,0.08939143267116664,74.14550070723021,10.615981302255099,1.3944082238343876,9.996414108795276,1.8592109651125155
7.966666666666667,0.19307215126454105,42.90492250323135,0.5098105174359889,0.4610885686134046,1.2106902143139169,0.17871302746454912,1.2152686614913355,0.9653607563227052,0.9176589313847802,0.03468331722303617,0.14293745627015542,1.6949663000394837,0.08935651373227456,74.11923566435655,10.640033422767099,1.3992359703237385,9.996531668277685,1.8656479604316503
8.0,0.19299686896500937,42.88819310333542,0.5095799098214632,0.4609086640936389,1.2102121942043382,0.178643339396948,1.2148375683054762,0.9649843448250468,0.9172438376786338,0.033546262917168224,0.14288168586902805,1.6942970718860735,0.089321669698474,74.092943290951,10.664074630419556,1.4040618327442556,9.996645373708272,1.8720824436590062
8.029048837515067,0.1929313914307288,42.87364254016195,0.5093801438383914,0.46075219332359235,1.2097965823716983,0.17858272761985833,1.2144615358965039,0.9646569571536439,0.9168842589091044,0.032585800470470896,0.14283317993031364,1.6937152153203774,0.08929136380992916,74.07000907432777,10.685016860544074,1.408265870278887,9.996741419952942,1.8776878270385151
8.033333333333333,0.19292174389352934,42.87149864300652,0.5093507724145806,0.4607291389663581,1.2097353572883112,0.17857379701817222,1.2144060470802707,0.9646087194676466,0.9168313903462451,0.03244648544493177,0.142826033079571,1.6936295002036357,0.08928689850908611,74.06662481142571,10.688104995682798,1.4088858150823897,9.996755351455496,1.878514420109852
8.066666666666666,0.1928467717505362,42.854838166785825,0.509123059279135,0.46054998283546095,1.2092596701384495,0.17850439634337192,1.2139741172229404,0.9642338587526809,0.916421506702443,0.03138276306824474,0.1427704946789929,1.6929635381938293,0.08925219817168596,74.04028140942714,10.712124586795452,1.4137079212138826,9.996861723693163,1.8849438949518427
8.1,0.19277194837613304,42.8382107502518,0.5088967259736438,0.4603711856425653,1.208785100413701,0.17843513351714238,1.2135417975068907,0.9638597418806651,0.9160141067525588,0.030353913825244102,0.14271506754919525,1.6922991405791812,0.08921756675857119,74.01391422994527,10.736133469879874,1.4185281549094855,9.996964608617462,1.8913708732126466
8.133333333333333,0.19269726974566465,42.8216154990366,0.5086717295039732,0.4601927376563035,1.2083116168249168,0.17836600480942125,1.2131091060917998,0.9634863487283232,0.9156091131071519,0.029358794269621458,0.14265974867345407,1.6916362635548836,0.08918300240471062,73.98752438053887,10.760131709009183,1.4233465198382798,9.997064120573025,1.8977953597843722
8.166666666666666,0.1926227319658562,42.80505154796804,0.5084480282820195,0.4600146294629878,1.2078391891048237,0.17829700661191067,1.2126760605411402,0.9631136598292809,0.9152064509076351,0.028396298371028434,0.14260453513352622,1.690974864746753,0.08914850330595533,73.96111293240415,10.784119366265724,1.4281630195705715,9.997160370162884,1.9042173594274276
8.2,0.19254833127270388,42.78851806060086,0.5082255821031298,0.4598368519615087,1.207367787991613,0.17822813543612176,1.212242677831754,0.9627416563635194,0.9148060477856337,0.027465356914266797,0.1425494241080677,1.690314903188258,0.08911406771806088,73.93468092095868,10.808096501772996,1.4329776575794693,9.99725346430856,1.910636876772625
8.233333333333333,0.19247406402441164,42.77201422764703,0.5080043520705124,0.45965939634625624,1.206897385174004,0.17815938790682842,1.211808974385906,0.9623703201220581,0.9144078337269225,0.02656493548771783,0.14249441286733944,1.6896563392436055,0.08907969395341421,73.90822934779641,10.832063173802643,1.4377904372461878,9.997343506451216,1.9170539163282498
8.266666666666666,0.19239992669767397,42.755539266149775,0.5077843005554529,0.4594822540981315,1.2064279532623317,0.17809076075862235,1.211374966088155,0.9619996334883698,0.9140117409998152,0.025694033424648186,0.14243949877042075,1.6889991345672644,0.08904538037931117,73.88175918171657,10.856019438830751,1.4426013618628346,9.997430596657523,1.923468482483779
8.28043896924485,0.19236933257109123,42.7487405713536,0.5076937175338351,0.45940915393689385,1.2062342757010007,0.17806244054109935,1.211195561910034,0.9618466628554562,0.9138486915609031,0.02534259290160714,0.1424168377204371,1.688727985981401,0.08903122027054967,73.87081732089298,10.865914401461582,1.4445885463427754,9.997465740709828,1.9261180617903666
8.3,0.19232591588381498,42.73909241862555,0.5075653911559952,0.45930541697521127,1.205959465758516,0.1780222508323346,1.2109406683028747,0.9616295794190748,0.9136177040807913,0.024851682703679243,0.1423846792623155,1.6883432520619224,0.0890111254161673,73.85527135979233,10.87996535159631,1.447410434635307,9.997514831729621,1.9298805795137421
8.333333333333334,0.19225202828746452,42.7226729527699,0.5073475886827722,0.4591288770095466,1.205491897045765,0.17795385507380862,1.210506095880263,0.9612601414373225,0.9132256596289899,0.024036947571697685,0.14232995187295944,1.6876886558640711,0.08897692753690431,73.82876678773724,10.90390096512124,1.4522176586842772,9.99759630524282,1.936290211579036
8.366666666666667,0.19217826072023883,42.706280160053076,0.5071308590913747,0.45895262649188256,1.2050252223394222,0.17788557052804344,1.2100712631850203,0.9608913036011941,0.9128355463644745,0.02324892274411854,0.1422753142124836,1.687035311275191,0.08894278526402172,73.8022463416544,10.927826330806125,1.4570230370499415,9.997675107725577,1.9426973827332545
8.4,0.1921046100975845,42.68991335501878,0.5069151694485767,0.4587766579640272,1.2045594176624201,0.17781739433626875,1.2096361841106726,0.9605230504879224,0.9124473050074381,0.02248673250609954,0.14222076396884845,1.686383184727388,0.08890869716813438,73.77571086890993,10.951741498477999,1.4618265726943827,9.997751326749379,1.949102096925843
8.433333333333334,0.19203107343501863,42.673571874448584,0.506700487892095,0.4586009642097596,1.2040944598160346,0.17774932373246,1.209200872096635,0.9601553671750931,0.912060878205771,0.021749529641695044,0.14216629890502547,1.6857322437424485,0.08887466186623,73.74916118917376,10.975646516447286,1.4666282685043943,9.99782504703582,1.9555043580058586
8.466666666666667,0.19195764784727437,42.65725507717209,0.5064867836214464,0.45842553825276444,1.203630326373241,0.17768135604254678,1.2087653401320881,0.9597882392363718,0.9116762105186036,0.021036495190544433,0.14211191685835697,1.6850824569225373,0.08884067802127339,73.72259809465606,10.99954143152072,1.4714281272921135,9.997896350480936,1.9619041697228174
8.5,0.19188433054275766,42.640962342835046,0.5062740268386192,0.4582503733432279,1.203166995635595,0.17761348867927504,1.2083296007811393,0.9594216527137882,0.9112932483095145,0.0203468368690689,0.14205761573640063,1.684433793889833,0.08880674433963752,73.69602235164169,11.023426289085322,1.4762261517991848,9.997965316313083,1.9683015357322458
8.533333333333333,0.19181111882088533,42.62469307130785,0.5060621887195904,0.45807546295140156,1.2027044466125336,0.1775457191397403,1.2078936661948971,0.9590555941044266,0.9109119396952629,0.019679788312523074,0.1420033935149345,1.6837862252575468,0.08877285956987015,73.66943470122678,11.047301133148686,1.4810223446987556,9.998032021168738,1.9746964595983403
8.539700145180513,0.19179714685371166,42.621588189713705,0.5060218288734374,0.458042082725531,1.20261618494912,0.1775327857865843,1.2078103795676256,0.9589857342685583,0.9108392919721873,0.01955488877082985,0.1419930456449146,1.6836626589287678,0.08876639289329215,73.66435504982948,11.051860196950194,1.4819382303163884,9.998044511122908,1.9759176404218506
8.566666666666666,0.19173801006847346,42.60844668188299,0.5058512413756697,0.4579008007588688,1.2022426589932782,0.17747804500204,1.2074575481278658,0.9586900503423673,0.9105322344762055,0.019034608046282576,0.14194924823524932,1.6831397225905895,0.08873902250102,73.64283586031854,11.071166006393712,1.4858167085981873,9.998096539195362,1.9810889447975824
8.6,0.19166500175916493,42.59222261314776,0.5056411578473724,0.45772638065716115,1.201781613142386,0.1774104639247433,1.2070212579405437,0.9583250087958246,0.9101540841252704,0.018410579322824482,0.14189517800371995,1.6824942583993403,0.08870523196237165,73.61622652179376,11.095020950187225,1.490609246039477,9.998158942067707,1.9874789947193021
8.633333333333333,0.19159209144859557,42.57602032191013,0.5054319120526903,0.45755219673606995,1.2013212900621508,0.17734297364241086,1.2065848066213576,0.9579604572429777,0.9097774416948425,0.017807008745122442,0.1418411809881817,1.681849806087011,0.08867148682120543,73.5896073558366,11.118866004653208,1.4953999595028904,9.998219299125479,1.9938666126705198
8.666666666666666,0.1915192767722107,42.55983928271348,0.5052234787637202,0.4573782432783667,1.2008616713756197,0.1772755719635712,1.2061482047965753,0.9575963838610534,0.9094022617746963,0.017223225644720414,0.14178725541629367,1.6812063399258677,0.0886377859817856,73.56297901054313,11.142701208705873,1.5001888514085961,9.998277677435517,2.000251801878128
8.7,0.19144655544192343,42.5436789870941,0.5050158335709029,0.45720451475172214,1.2004027393006025,0.17720825676762367,1.205711462745468,0.9572327772096171,0.9090285004276252,0.01665858113009096,0.14173339957303385,1.6805638350208434,0.08860412838381183,73.53634211284609,11.166526600100264,1.5049759241191762,9.998334141886982,2.0066345654922344
8.733333333333333,0.19137392524517133,42.52753894337141,0.5048089528729258,0.45703100580642625,1.1999444766423326,0.17714102600396403,1.2052745904045943,0.9568696262258566,0.9086561151712665,0.01611244781790753,0.14167961179999214,1.6799222672992655,0.08857051300198202,73.50969726877621,11.19034221544653,1.5097611799403277,9.9983887552182,2.013014906587103
8.766666666666666,0.19130138404177746,42.51141867595055,0.5046028138431317,0.4568577112677979,1.1994868667690548,0.17707387768907545,1.204837597382044,0.9565069202088873,0.908285064917637,0.015584218939150709,0.14162589049301735,1.6792816134766766,0.08853693884453773,73.48304506433087,11.214148090257465,1.514544621123218,9.998441578106075,2.0193928281642903
8.8,0.19122892976114872,42.49531772469972,0.5043973943995301,0.45668462612940974,1.1990298935902304,0.17700680990393167,1.2044004929701542,0.9561446488057436,0.9079153099191543,0.015073307541095019,0.14157223410011702,1.6786418510263224,0.08850340495196583,73.4563860662497,11.237944258990954,1.5193262498665907,9.99849266924588,2.0257683331554537
8.807078808316678,0.19121355406024018,42.4919009022756,0.5043538612430073,0.4566478955268522,1.198932929297214,0.17699257729314194,1.2043076541403883,0.9560677703012008,0.9078369502374131,0.014966983202811094,0.1415608476133242,1.6785061010160993,0.08849628864657097,73.45072382602228,11.24299646822491,1.520341463753211,9.998503301679708,2.0271219516709476
8.833333333333334,0.19115656039970833,42.47923564437963,0.5041926731773257,0.45651174554688106,1.1985735415365708,0.17693982079161766,1.2039632861571592,0.9557828019985416,0.9075468117191864,0.014579145756218367,0.14151864111953313,1.678002958151199,0.08846991039580883,73.42972082272514,11.261730755088841,1.524106068318689,9.998542085424369,2.0321414244249176
8.866666666666667,0.19108427401962827,42.46317200436184,0.5039886295153475,0.4563390648348118,1.1981177955501758,0.17687290855615465,1.2035259856329454,0.9554213700981413,0.9071795331276254,0.014101184441087277,0.14146511009879165,1.677364913770246,0.08843645427807732,73.40304986375334,11.285507610996138,1.528884078578205,9.998589881555882,2.0385121047709394
8.9,0.1910120687468394,42.44712638818654,0.5037852434347556,0.45616657946197176,1.1976626410690576,0.17680607146065586,1.2030885997980805,0.955060343734197,0.9068134381825601,0.013638892609718085,0.14141163963321124,1.6767276974966807,0.08840303573032793,73.37637370168493,11.309274858191127,1.533660282695772,9.998636110739017,2.0448803769276953
8.933333333333334,0.19093994276803225,42.43109839289606,0.5035824956069405,0.4559942850440475,1.1972080640038119,0.17673930782454708,1.202651136777426,0.9546997138401612,0.9064484920924928,0.013191756579322408,0.14135822836365472,1.6760912896053364,0.08836965391227354,73.34969283205521,11.33303252723082,1.5384346826762154,9.998680824342058,2.0512462435682868
8.966666666666667,0.19086789432861828,42.415087628581844,0.5033803673317075,0.45582217733871416,1.196754050721761,0.176672616021677,1.2022136044293878,0.9543394716430913,0.9060846611970736,0.012759279389787508,0.14130487497500138,1.6754556710104653,0.0883363080108385,73.32300773414836,11.35678064778182,1.5432072804800843,9.998724072061012,2.0576097073067787
9.0,0.19079592173129706,42.39909371806602,0.5031788405219415,0.45565025224216943,1.1963005880358106,0.1766059944789891,1.2017760103524204,0.9539796086564852,0.9057219129394948,0.012340980395559174,0.14125157819507253,1.674820823250135,0.08830299723949454,73.29631887139412,11.38051924864202,1.5479780780247228,9.998765901960434,2.0639707706996298
9.033333333333333,0.19072402333481292,42.38311629662509,0.5029778976902972,0.45547850578612786,1.1958476631947768,0.17653944167536958,1.2013383618906694,0.9536201166740645,0.905360215842535,0.011936394911478986,0.14119833679369964,1.6741867284726875,0.08826972083768479,73.26962669171193,11.404248357759412,1.5527470771852006,9.998806360508842,2.0703294362469333
9.066666666666666,0.19065219755103163,42.367155011340365,0.502777521917917,0.4553069341307519,1.195395263860649,0.17647295613893782,1.2009006661472381,0.9532609877551581,0.9049995394522506,0.01154507338031153,0.1411451495805331,1.6735533694049087,0.08823647806946891,73.24293162832005,11.427968002276392,1.5575142797965091,9.998845492661959,2.0766857063953448
9.082829117796988,0.19061739680877487,42.35942151306108,0.5026805642399851,0.45522380538898655,1.19517609299667,0.17644074285066255,1.2006884241025992,0.9530869840438744,0.9048250156319732,0.011359976500830203,0.14111937967058583,1.6732465301953379,0.08822037142533128,73.22998698601754,11.43946563088748,1.5598251239746768,9.998864002349906,2.079766831966235
9.1,0.19058044284326597,42.351209520725774,0.50257769683651,0.45513553356060366,1.194943378095568,0.17640653644549473,1.2004629299917853,0.9529022142163298,0.9046398543057179,0.011166580895851156,0.14109201540378713,1.6729207293337953,0.08820326822274736,73.21623410019899,11.4516782085551,1.562279687654819,9.998883341910403,2.083039583539758
9.133333333333333,0.19050875772478337,42.33527949439631,0.50237840661238,0.4549643004810356,1.1944919943502164,0.1763401812171392,1.2000251600673,0.9525437886239168,0.904281131902284,0.010800496777888396,0.14103893314912103,1.672288792090303,0.0881700906085696,73.18953451250462,11.475379002200034,1.5670433025185972,9.9989199503222,2.0893910700247957
9.166666666666666,0.1904371407580323,42.319364612896074,0.5021796359381469,0.4547932314163207,1.1940411014578025,0.17627388912155165,1.1995873627936111,0.9521857037901615,0.9039233446886643,0.010446414351891562,0.14098590173905942,1.6716575420409234,0.08813694456077582,73.16283325678235,11.49907040806973,1.5718051261091837,9.9989553585648,2.0957401681455776
9.2,0.19036559055194588,42.30346456709909,0.5019813700038867,0.4546223230031317,1.193590688613086,0.1762076588694946,1.1991495443796263,0.9518279527597293,0.903566466006996,0.0101039401810257,0.14093292013097083,1.6710269640583204,0.0881038294347473,73.1361307117134,11.522752450317638,1.5765651601128188,9.998989605981887,2.1020868801504244
9.233333333333333,0.19029410576053246,42.2875790578961,0.5017835944820531,0.45445157198713443,1.1931407453614196,0.17614148921350664,1.1987117108297243,0.9514705288026623,0.9032104700676957,0.00977269366488834,0.14087998731601167,1.6703970435059874,0.08807074460675332,73.10942724350488,11.546425152413445,1.5813234061816999,9.9990227306335,2.1084312082422656
9.266666666666666,0.1902226850813893,42.27170779586429,0.501586295511565,0.4542809752193919,1.1926912615871825,0.1760753789465246,1.1982738679505052,0.9511134254069463,0.9028553319208169,0.009452306616044166,0.1408271023180115,1.6697677662220556,0.0880376894732623,73.08272320630131,11.570088537165606,1.5860798659350965,9.999054769338384,2.1147731545801283
9.3,0.19015132725521544,42.255850501158996,0.501389459692598,0.45411052965518867,1.1922422275099982,0.17600932690143267,1.1978360213529964,0.9507566362760772,0.9025010274466764,0.009142423121455948,0.14077426419310848,1.6691391185139974,0.08800466345071634,73.05601894231926,11.593742626728679,1.590834540959711,9.999085757687842,2.121112721279614
9.333333333333334,0.19008003106340657,42.24000690297924,0.5011930740608384,0.4539402323482134,1.19179363366602,0.17594333194883247,1.1973981764635735,0.9504001553170328,0.902147533309509,0.008842698857305315,0.14072147202794616,1.668511087132428,0.08797166597441623,73.02931478251335,11.617387442639785,1.595587432811487,9.999115730114257,2.127449910415315
9.366666666666667,0.19000879532699674,42.224176739332606,0.5009971260761631,0.4537700804480007,1.1913454708997062,0.17587739299606295,1.1969603385287575,0.9500439766349836,0.9017948269370937,0.008552800787791552,0.14066872493888022,1.6678836592595885,0.08793869649803147,73.00261104686892,11.641023005834624,1.6003385430164019,9.99914471992121,2.133784724021868
9.367213190507265,0.19000762786342928,42.22391730298429,0.5009939169468005,0.4537672918818733,1.191338126492382,0.17587631234039885,1.1969531599493064,0.9500381393171464,0.9017890505042409,0.008548127754291344,0.14066786048338073,1.6678733770893346,0.08793815617019943,73.0021732253082,11.641410450816615,1.6004164260295635,9.99914518722456,2.133888568039417
9.4,0.18993761890440544,42.20835975653455,0.5008016035985279,0.453600071194484,1.1908977303462942,0.1758115089851121,1.1965225126254402,0.9496880945220272,0.9014428864773503,0.008272406523466924,0.14061602207029003,1.6672568224848119,0.08790575449255605,72.9759080450256,11.664649336681618,1.6050878730721634,9.999172759347642,2.140117164096217
9.433333333333334,0.1898665006931085,42.19255570957967,0.5006064949058422,0.4534302019220342,1.190450403444794,0.17574567889416537,1.1960847036533067,0.9493325034655424,0.9010916908305159,0.00800120479690032,0.1405633625958306,1.6666305648227115,0.08787283944708268,72.94920607581517,11.688266454956535,1.6098354244469375,9.9991998795203,2.146447232595916
9.466666666666667,0.18979543962508194,42.17676436112932,0.5004117886452201,0.4532604700484452,1.190003481902557,0.1756799017333834,1.1956469163555041,0.9489771981254096,0.9007412195613961,0.007738894165428231,0.140510745715018,1.6660048746635796,0.0878399508666917,72.9225054285222,11.711874379911565,1.6145811985827867,9.999226110583445,2.1527749314437146
9.5,0.1897244346665663,42.16098548145918,0.5002174738304497,0.45309087307436174,1.1895569576934366,0.17561417654468325,1.195209155319717,0.9486221733328314,0.9003914528948094,0.007485182943800664,0.14045817065305213,1.665379740770811,0.08780708827234163,72.89580638294954,11.735473130278885,1.6193251968958413,9.999251481705608,2.159100262527787
9.533333333333333,0.1896534848191907,42.14521884870905,0.5000235398540234,0.4529214085859988,1.1891108230665333,0.17554850240278033,1.1947714249730657,0.9482674240959534,0.9000423717372421,0.007239789524301707,0.14040563666165962,1.6647551522931465,0.08777425120139017,72.86910920910728,11.759062724253544,1.6240674207754406,9.999276021047557,2.1654232277005865
9.566666666666666,0.18958258911503198,42.12946424778489,0.49982997643426524,0.4527520742431939,1.1886650705077666,0.17548287841060917,1.1943337296045256,0.9479129455751598,0.8996939575816775,0.007002440969779152,0.14035314301539012,1.664131098710873,0.08774143920530458,72.84241416858002,11.782643179568433,1.628807871587866,9.99929975590301,2.1717438287838204
9.6,0.18951174661870104,42.113721470822455,0.49963677363765446,0.45258286778445267,1.1882196927561,0.17541730370125702,1.1938960733554629,0.9475587330935051,0.899346192547778,0.006772873607675256,0.14030068901318032,1.66350756985854,0.08770865185062851,72.81572151394968,11.806214513462562,1.633546550674753,9.99932271263922,2.1780620675663367
9.633333333333333,0.1894409564254403,42.097990316764516,0.49944392185846526,0.45241378702234747,1.187774682788744,0.17535177743620073,1.1934584602282667,0.9472047821272014,0.8989990593452375,0.006550832488216031,0.1402482739769277,1.6628845559042418,0.08767588871810036,72.78903148932199,11.829776742709921,1.6382834593545252,9.999344916751165,2.184377945806033
9.660501350232964,0.18938329762748496,42.08517725055221,0.49928699301012786,0.45227607085161664,1.1874122489442382,0.17529840614339184,1.193101822394236,0.9469164881374247,0.8987165874182301,0.006375255122328248,0.14020558196400115,1.6623771485219334,0.08764920307169592,72.76728014782445,11.848974190951546,1.642142923198169,9.999362474487754,2.189523897597558
9.666666666666666,0.18937021765834344,42.08227059074299,0.49925141178901533,0.4522448298367955,1.187330033799533,0.1752862988027296,1.1930208940989655,0.9468510882917172,0.8986525412202276,0.006336070592715597,0.1401958972494066,1.662262047319346,0.0876431494013648,72.7623443310959,11.85332988366164,1.6430185989244936,9.999366392940715,2.1906914652326575
9.7,0.18929952947063322,42.06656210458517,0.4990592344440365,0.4520759941805658,1.1868857392166365,0.175220867016057,1.1925833787068938,0.946497647353166,0.8983066219992657,0.006128349482064775,0.1401435581959754,1.661640034903291,0.0876104335080285,72.73566026733346,11.876873952211378,1.6477519706591213,9.999387165051779,2.1970026275454946
9.733333333333333,0.18922889104237442,42.0508646760832,0.49886738112550294,0.4519072780713324,1.186441792677,0.1751554813162736,1.1921459176696065,0.9461444552118721,0.8979612860259053,0.0059274383608015424,0.14009125620211305,1.6610185097477996,0.0875777406581368,72.70897951866931,11.900408963845184,1.6524835758125094,9.999407256163904,2.2033114344166784
9.766666666666666,0.18915830157929084,42.0351781287313,0.4986758434099673,0.45173867958881214,1.1859981880171375,0.17509014096725065,1.191708514488247,0.9457915078964542,0.8976165181379412,0.005733113740099568,0.14003899067253175,1.6603974632239924,0.08754507048362532,72.68230229863819,11.92393493365944,1.6572134156192866,9.999426688625976,2.2096178874923815
9.8,0.1890877603145491,42.01950229212202,0.4984846131676515,0.45157019687907934,1.1855549192870098,0.17502484525829404,1.1912711725394554,0.9454388015727455,0.8972723037017728,0.005545159945786972,0.1399867610325146,1.6597768870018137,0.08751242262914702,72.65562881318138,11.947451876333721,1.661941491293248,9.999445484005406,2.215921988390997
9.833333333333334,0.18901726650480152,42.003837001067005,0.4982936825200968,0.4514018281449965,1.1851119807192436,0.17495959350047605,1.1908338950933233,0.9450863325240075,0.8969286285361743,0.0053633679913744235,0.13993456672494892,1.659156773006941,0.08747979675023802,72.62895926174178,11.970959806190864,1.6666678040303502,9.999463663200848,2.2222237387071333
9.866666666666667,0.18894681943106054,41.98818209579123,0.49810304384952375,0.4512335716483294,1.184669366735934,0.17489438502744614,1.190396685309427,0.9447340971553027,0.8965854789291428,0.00518753582713765,0.1398824072109821,1.6585371134303075,0.08744719251372307,72.60229383702196,11.994458737183654,1.671392355008042,9.999481246417272,2.2285231400107226
9.9,0.18887641839832017,41.97253742184893,0.4979126897947766,0.45106542570883096,1.1842270719456984,0.17482921919507988,1.1899595462385482,0.9443820919916008,0.8962428416305979,0.00501746823217337,0.1398302819697376,1.6579179007239777,0.08741460959753994,72.57563272508905,12.017948682900531,1.6761151453855425,9.999498253176768,2.2348201938473897
9.933333333333334,0.18880606273279366,41.9569028295097,0.4977226132217667,0.45089738869756296,1.183785091122194,0.17476409537891927,1.1895224808352034,0.9440303136639682,0.8959007037991801,0.0048529760278878216,0.13977819049624451,1.6572991275710718,0.08738204768945963,72.54897610613905,12.041429656607525,1.6808361763059338,9.999514702397196,2.241114901741245
9.962972384617977,0.18874354205430013,41.943009345400036,0.4975538300216042,0.4507480651843488,1.1833923539662428,0.17470622393605045,1.189133918899477,0.9437177102715006,0.8955968940388875,0.004711249111684295,0.13973190020714812,1.6567492955527396,0.08735311196802523,72.5252777136791,12.062300745001679,1.6850325057779332,9.999528875088817,2.246710007703911
9.966666666666667,0.18873575178349605,41.94127817411023,0.4975328072404039,0.45072945904072137,1.1833434192164254,0.1746990129756388,1.1890854919504688,0.9436787589174802,0.895559053032727,0.004693876528539136,0.13972613230262362,1.6566807869029954,0.0873495064878194,72.52232415405909,12.064901671224167,1.68555544889495,9.999530612347131,2.2474072651932664
10.0,0.18866548492039503,41.92566331564334,0.4973432651848084,0.4505616352151663,1.1829020513423598,0.17463397140133224,1.188648582340369,0.9433274246019752,0.8952178773326552,0.004539993014664132,0.13967410691670154,1.6560628718793038,0.08731698570066612,72.4956770369391,12.088364739351562,1.6902729642623757,9.999546000698517,2.2536972856831676
10.033333333333333,0.18859526153284364,41.9100581184097,0.4971539805965394,0.4503939157446313,1.1824609827647412,0.1745689700900596,1.1882117546729882,0.9429763076642181,0.894877165073771,0.004391154286769669,0.1396221138808357,1.6554453758706376,0.0872844850450298,72.46903491750555,12.111818873296166,1.694988723503233,9.999560884571308,2.259984964670977
10.066666666666666,0.18852508103122204,41.89446245138268,0.4969649472421612,0.4502262992036939,1.1820202089118552,0.17450400849536907,1.1877750115210246,0.9426254051561102,0.8945369050358902,0.004247195132778421,0.1395701527531451,1.6548282924765971,0.08725200424768453,72.44239795266729,12.13526408504479,1.6997027276965218,9.999575280486708,2.266270303595362
10.1,0.18845494284420825,41.87887618760183,0.496776159084038,0.4500587842111758,1.1815797253543041,0.17443908608776737,1.1873383553741717,0.9422747142210411,0.8941970863512684,0.004107955550854113,0.1395182231054645,1.6542116154960256,0.08721954304388368,72.41576629427072,12.15870038630606,1.7044149779072926,9.9995892044449,2.2725533038763897
10.133333333333333,0.1883848464185983,41.86329920413296,0.49658761027840825,0.4498913694297082,1.1811395278036074,0.17437420235455312,1.186901788639935,0.9419242320929914,0.8938576985011348,0.003973280698163481,0.13946632452320953,1.6535953389250502,0.08718710117727656,72.38914008914963,12.182127788513117,1.7091254751867762,9.999602671930168,2.2788339669157014
10.166666666666666,0.18831479122002692,41.847731382228204,0.4963992951830965,0.4497240535674744,1.1806996121178064,0.17430935680048473,1.1864653136403647,0.9415739561001345,0.8935187313295737,0.0038430210960654822,0.13941445660591706,1.652979456964929,0.08715467840024237,72.36251947892585,12.205546302812607,1.7138342205718256,9.999615697890379,2.285112294095767
10.2,0.1882447767302935,41.83217260673189,0.49621120832889654,0.4495568353717437,1.1802599742806665,0.174244548945302,1.1860289326241873,0.9412238836514675,0.8931801749920137,0.0037170318686257516,0.13936261896524055,1.652363963992933,0.087122274472651,72.33590460074919,12.228955940105328,1.7185412150869497,9.999628296813123,2.2913882867825994
10.233333333333333,0.1881748024484311,41.81662276631803,0.49602334443101026,0.44938971363145674,1.17982061040999,0.17417977832471726,1.185592647761957,0.9408740122421554,0.8928420199758185,0.00359517304698446,0.1393108112257516,1.6517488545739858,0.08708988916235863,72.30929558700176,12.252356711029924,1.7232464597434893,9.999640482695286,2.297661946324652
10.266666666666666,0.18810486788976497,41.8010817532811,0.49583569837897457,0.4492226871749486,1.1793815167502963,0.17411504448954218,1.1851564611503271,0.9405243394488247,0.8925042570821542,0.0034773093013061663,0.13925903302423406,1.6511341234504147,0.08705752224477109,72.28269256555845,12.275748625977167,1.7279499555403293,9.999652269069854,2.303933274053772
10.27491381016851,0.18808757115462696,41.79723803436155,0.49578930510095665,0.4491813770115497,1.179272919970761,0.17409903403845975,1.1850485577409808,0.9404378557731348,0.892420749181722,0.0034487493396411833,0.1392462268735804,1.6509820879590653,0.08704951701922987,72.27611153662242,12.281534754937626,1.729113397925072,9.99965512506602,2.305484530566762
10.3,0.1880349725844058,41.78554946320129,0.49564826522053473,0.44905575486630567,1.1789426896611004,0.174050347004292,1.1847203748188868,0.9401748629220289,0.8921668773969625,0.003363309511653341,0.13920728400855475,1.6505197655255406,0.087025173502146,72.25609566020391,12.299131695112859,1.7326517034650417,9.999663669048818,2.310202271286722
10.333333333333334,0.18796511607843033,41.77002579520675,0.49546104017427806,0.44888891560822025,1.1785041256260964,0.17398568544827908,1.1842843907248064,0.9398255803921516,0.8918298723137005,0.0032530471041444585,0.13915556383854827,1.649905775876535,0.08699284272413954,72.22950499030594,12.322505928359806,1.7373517044929765,9.99967469528957,2.3164689393239684
10.366666666666667,0.18789529793220783,41.75451065160174,0.4952740186117246,0.4487221683379439,1.1780658212401396,0.17392105941406238,1.1838485107604302,0.9394764896610391,0.8914932335011043,0.0031463995743959716,0.1391038721847626,1.6492921497361954,0.08696052970703119,72.20292067127863,12.34587133542328,1.7420499595885337,9.999685360042545,2.322733279451378
10.4,0.18782551771969302,41.73900393770956,0.49508719604976237,0.44855551202557814,1.1776277732037488,0.17385646850679182,1.1834127367564835,0.9391275885984651,0.8911569528895723,0.0030432482862095107,0.13905220872792923,1.6486788824852483,0.08692823425339591,72.17634281477793,12.369227925801718,1.746746469705699,9.999695675171363,2.328995292940932
10.433333333333334,0.18775577502942062,41.72350556209348,0.4949005681612856,0.44838894567647863,1.1771899783308404,0.17379191234513028,1.1829770704775644,0.938778875147103,0.890821022690314,0.0029434787546473804,0.13900057315970837,1.6480659696631765,0.08689595617256514,72.14977152842665,12.392575708771565,1.7514412357872726,9.99970565212452,2.3352549810496965
10.466666666666667,0.1876860694624216,41.708015436093696,0.4947141307529001,0.4482224683262173,1.176752433532522,0.17372739055932204,1.182541513631595,0.938430347312108,0.8904854353552202,0.0028469800527768413,0.13894896518112737,1.6474534069455307,0.08686369527966102,72.12320691639098,12.415914693418955,1.7561342587664601,9.999715301994707,2.341512345021947
10.5,0.1876164006325959,41.6925334739102,0.49452787976890855,0.4480560790414832,1.1763151358199906,0.17366290279153856,1.1821060678681323,0.9380820031629795,0.8901501835840354,0.0027536449177030455,0.1388973845028598,1.6468411901479867,0.08683145139576928,72.0966490792774,12.439244888634,1.7608255395665802,9.999724635508214,2.347767386088773
10.533333333333333,0.18754676816672955,41.67705959260657,0.49434181129149257,0.44788977692012366,1.175878082304665,0.17359844869589408,1.181670734778293,0.9377338408336476,0.8898152603246866,0.002663369755408166,0.13884583084523833,1.646229315226531,0.08679922434794704,72.0700981141281,12.462566303110492,1.7655150791010412,9.999733663024445,2.354020105468055
10.566666666666666,0.18747717170239678,41.661593711643725,0.4941559215182675,0.44772356108607236,1.1754412701818722,0.1735340279365016,1.1812355159042662,0.9373858585119839,0.8894806587328815,0.002576054043489915,0.13879430393668243,1.6456177782546209,0.0867670139682508,72.0435541150012,12.485878945377834,1.7702028782749506,9.999742394595636,2.3602705043666004
10.596622145554578,0.18741465826582826,41.64770183685072,0.4939890184411545,0.4475742617569347,1.1750489264029396,0.17347616346879374,1.1808444988742683,0.9370732913291412,0.8891802331940781,0.0025000315076123005,0.13874802114464976,1.6450684969641152,0.08673808173439687,72.01970598634163,12.50682170929988,1.774414152332798,9.999749996849223,2.3658855364437303
10.6,0.1874076108903128,41.646135753402845,0.4939702067874525,0.44755743069503756,1.1750046967491419,0.17346964018965302,1.1808004127286476,0.937038054451564,0.8891463722174145,0.002491601000914833,0.13874280351546164,1.6450065754487986,0.08673482009482651,72.01701717232022,12.509182823765142,1.7748889379832924,9.999750839899894,2.3665185839777227
10.633333333333333,0.187338085390713,41.63068564238067,0.49378466353912936,0.4473913849257475,1.1745683593780483,0.17340528514046372,1.1803654266908594,0.936690426953565,0.8888123943704329,0.0024099165571337187,0.13869132932698172,1.6443957031292675,0.08670264257023186,71.99048737387552,12.532477946456405,1.7795732591137121,9.999759008344272,2.372764345484949
10.666666666666666,0.18726859487608707,41.61524330579713,0.4935992883444952,0.44722542298656104,1.174132255535473,0.1733409624854064,1.1799305591747538,0.9363429743804353,0.8884787190200913,0.0023309101304594473,0.13863988112583392,1.643785157749662,0.0866704812427032,71.96396480406824,12.555764321448757,1.784255842544399,9.999766908986938,2.379007790059198
10.7,0.18719913902819463,41.59980867293214,0.49341407787393093,0.4470595441082522,1.1736963827603946,0.17327667192954513,1.179495811522146,0.935995695140973,0.8881453401730757,0.002254493778400245,0.13858845867355818,1.6431749358645524,0.08663833596477256,71.9374495447357,12.579041956597957,1.788936689146383,9.999774550622146,2.3852489188618433
10.733333333333333,0.18712971753982582,41.58438167551685,0.4932290289158388,0.4468937475482664,1.1732607386775833,0.17321241318816732,1.1790611850248331,0.9356485876991291,0.8878122520485099,0.0021805826988907403,0.13853706173996258,1.6425650341486164,0.08660620659408366,71.91094167466457,12.602310859591489,1.7936157997821653,9.999781941730095,2.3914877330428865
10.766666666666666,0.18706033011287854,41.568962247306345,0.49304413835606575,0.44672803258607185,1.1728253209826422,0.17314818598500123,1.1786266809333135,0.9353016505643926,0.8874794490409184,0.002109094682763477,0.13848569010168227,1.6419554493756991,0.08657409299250061,71.88444127012279,12.625571037977869,1.7982931753072,9.999789090531708,2.3977242337429323
10.8,0.18699097645914423,41.553550324254275,0.49285940318631194,0.446562398525059,1.172390127448122,0.1730839900529447,1.1781923004532253,0.9349548822957211,0.8871469257353615,0.002039950337487351,0.1384343435427683,1.6413461784273708,0.08654199502647235,71.85794840464222,12.648822499154614,1.802968816569276,9.999796004966235,2.4039584220923675
10.833333333333334,0.18692165629934132,41.53814584429808,0.49267482049378875,0.44639684469020413,1.1719551559160026,0.17301982513316908,1.1777580447497307,0.9346082814967065,0.8868146768888198,0.0019730728119638536,0.13838302185396328,1.6407372182824036,0.08650991256658454,71.83146314928608,12.672065250382952,1.8076427244092592,9.999802692718788,2.410190299212345
10.866666666666667,0.1868523693630657,41.52274874734793,0.4924903874606881,0.44623137042794925,1.1715204042973077,0.17295569097507335,1.1773239149477406,0.9342618468153284,0.8864826974292386,0.0019083877824003863,0.13833172483266426,1.6401285660162308,0.08647784548753668,71.8049855726627,12.695299298788553,1.8123148996611236,9.999809161221744,2.4164198662148313
10.9,0.18678311538860656,41.5073589752459,0.49230610136220954,0.4460659751057564,1.171085870570672,0.17289158733611368,1.1768899121327516,0.9339155769430327,0.8861509824519772,0.001845823399808986,0.1382804522827845,1.6395202187989406,0.08644579366805684,71.77851574097653,12.718524651364296,1.8169853431520868,9.999815417660002,2.422647124202782
10.928403193468384,0.18672413018658832,41.49425115257519,0.49214918591233003,0.44592510427536286,1.1707157766688219,0.1728369887998438,1.1765202011462648,0.9336206509329416,0.8858685346421941,0.0017941336672814211,0.1382367823253625,1.6390020873363504,0.0864184943999219,71.75596706791069,12.738308020280229,1.8209636425692977,9.999820586633255,2.42795152342573
10.933333333333334,0.18671389412226042,41.49197647161343,0.49212195955922194,0.44590065811044954,1.170651552777006,0.17282751398116722,1.1764560373539579,0.933569470611302,0.8858195272065995,0.001785310094733939,0.13822920401423935,1.6389121738878083,0.08641375699058361,71.7520537182179,12.741741314980716,1.8216540557031344,9.999821468990511,2.4288720742708456
10.966666666666667,0.1866447053187436,41.476601181943025,0.49193795950267455,0.4457354188492116,1.1702174490227044,0.17276347068291473,1.1760222916223806,0.933223526593718,0.8854883271048142,0.001726780694614277,0.13817797984325558,1.638304428631786,0.08638173534145736,71.725599566049,12.76494929637966,1.8263210381286927,9.999827321930523,2.4350947175049233
11.0,0.1865755487399141,41.461233053314245,0.4917540987199217,0.44557025674649386,1.1697835574697046,0.172699457220656,1.1755886759166658,0.9328777436995705,0.8851573776958591,0.001670170059905094,0.1381267795914131,1.6376969804575865,0.086349728610328,71.69915334415745,12.788148602193795,1.8309862912376171,9.999832982993993,2.441315054983489
11.033333333333333,0.1865064241559269,41.44587203465042,0.49157037482708343,0.44540517124681034,1.169349876344473,0.1726354733813804,1.1751551911778464,0.9325321207796344,0.8848266746887502,0.0016154154129494399,0.1380756030865112,1.637089826882262,0.0863177366906902,71.67271510993686,12.811339238928891,1.8356498158322816,9.999838458458688,2.4475330877763755
11.066666666666666,0.18643733134318516,41.430518076263375,0.491386785507125,0.4452401618097826,1.1689164039220694,0.1725715189578683,1.1747218383186318,0.9321866567159257,0.8844962139128251,0.001562455754721773,0.1380244501610326,1.6364829654908972,0.08628575947893415,71.64628491905336,12.834521212995142,1.840311612710174,9.99984375442451,2.4537488169468986
11.1,0.18636827008624957,41.415171130277685,0.49120332853028054,0.44507522791475695,1.1684831385409968,0.17250759375046024,1.1742886182147543,0.9318413504312478,0.884165991354505,0.001511232408249313,0.13797332065357465,1.6358763939573955,0.08625379687523012,71.61986282491786,12.8576945306779,1.8449716826623928,9.999848876759158,2.459962243549857
11.133333333333333,0.18629924017521304,41.39983115004735,0.4910200017259698,0.44491036905445713,1.1680500785827839,0.17244369756462433,1.1738555317168695,0.9314962008760652,0.8838360031067457,0.001461688271362428,0.1379222144068817,1.6352701100158973,0.08622184878231216,71.59344887941188,12.880859198177825,1.8496300264756977,9.999853831172848,2.4661733686342635
11.166666666666666,0.18623024140801536,41.38449809067008,0.49083680300755633,0.44474558474057985,1.167617222489985,0.17237983021310094,1.173422579640068,0.9311512070400767,0.8835062454136015,0.0014137684754479698,0.13787113126957976,1.634664111485979,0.08618991510655047,71.56704313224775,12.904015221575408,1.8542866449306847,9.999858623152438,2.4723821932409127
11.2,0.18616127358764195,41.369171908364876,0.4906537303423822,0.444580874497023,1.1671845687443978,0.1723159915133071,1.17298976277657,0.9308063679382097,0.883176714616288,0.0013674195881390537,0.13782007109407712,1.6340583962421569,0.08615799575665355,71.540645631743,12.927162606873843,1.8589415388039807,9.99986325804117,2.4785887184053075
11.233333333333333,0.18609233652447577,41.35385256099462,0.4904707817769244,0.44441623786557094,1.1667521158853493,0.17225218128951555,1.1725570818850695,0.9304616826223787,0.8828474071984639,0.0013225902826556662,0.137769033738327,1.633452962239489,0.08612609064475778,71.51425642417038,12.95030135996295,1.863594708866384,9.999867740971718,2.4847929451551782
11.266666666666666,0.18602343003362642,41.33854000747254,0.49028795540822323,0.44425167439943736,1.166319862488928,0.17218839937037997,1.17212453770284,0.9301171501681321,0.8825183197348019,0.001279230577577511,0.13771801906382558,1.632847807484499,0.08609419968518998,71.48787555449621,12.973431486660076,1.8682461558849635,9.999872076942225,2.490994874513284
11.270572331307687,0.18601535825696142,41.33674627932476,0.49026654156652894,0.4442323972767788,1.16626922837586,0.17218092789165926,1.172073865507607,0.930076791284807,0.8824797748197521,0.0012742440795228173,0.13771204315580143,1.6327769197262039,0.08609046394582963,71.48478505730895,12.976141077872061,1.868791052912545,9.99987257559203,2.491721403883393
11.3,0.18595455393706553,41.323234208236784,0.49010524940672423,0.44408718366842825,1.1658878071845875,0.1721246455909137,1.171692130936058,0.9297727696853276,0.8821894489321036,0.0012372924445935242,0.13766702693721275,1.6322429300584225,0.08606232279545685,71.46150306579018,12.996552992677325,1.8728958806213631,9.999876270755523,2.4971945074951503
11.333333333333334,0.18588570806128862,41.30793512473081,0.48992266199126433,0.44392276525328805,1.1654559486369644,0.17206091979032276,1.1712598622704,0.9294285403064431,0.8818607915842758,0.0011967291429595946,0.1376160572285193,1.6316383280917501,0.08603045989516138,71.4351389998717,13.019665883657373,1.8775438838336453,9.999880327085688,2.5033918451115267
11.366666666666667,0.18581689223907438,41.292642719794316,0.48974019144789377,0.4437584187499544,1.165024285559561,0.17199722181363666,1.1708277323630705,0.9290844611953719,0.8815323446062088,0.0011574957202726524,0.13756510981248588,1.6310339997833851,0.08599861090681833,71.40878339682367,13.042770165146448,1.8821901662748879,9.999884250427957,2.509586888366517
11.4,0.18574810630759692,41.277356957243754,0.4895578361096773,0.4435941437649924,1.164592816700061,0.17193355150995834,1.1703957418513593,0.9287405315379845,0.8812041049974192,0.00111954847504236,0.13751418456714765,1.6304299433800853,0.08596677575497917,71.38243629551441,13.06586584262327,1.8868347286946767,9.99988804515248,2.5157796382595685
11.433333333333334,0.18567935010979797,41.26207780217732,0.4893755943713764,0.4434299399189139,1.1641615408510047,0.17186990873373648,1.1699638913464239,0.9283967505489898,0.8808760698684776,0.0010828453473199278,0.1374632813748633,1.6298261571914063,0.08593495436686824,71.35609773321839,13.088952921477926,1.8914775718380044,9.999891715465251,2.521970095784005
11.466666666666667,0.18561062349255814,41.246805220568476,0.4891934646698811,0.44326580684175404,1.1637304568355626,0.17180629334307013,1.169532181441576,0.9280531174627906,0.8805482364057861,0.0010473453980664048,0.13741240012094375,1.6292226395697875,0.08590314667153506,71.32976774612172,13.11203140703997,1.8961186964467234,9.999895265460177,2.528158261928964
11.5,0.1855419263087681,41.23153917972624,0.4890114455063689,0.44310174417808096,1.1632995635236465,0.17174270520162854,1.1691006127029002,0.9277096315438403,0.880220601911464,0.0010130093986889215,0.1373615406952051,1.628619388933105,0.08587135260081427,71.30344636874989,13.1351013045465,1.9007581032578804,9.999898699060115,2.534344137677173
11.533333333333333,0.18547325841418635,41.21627964759696,0.48882953541269175,0.4429377515793971,1.162868859807471,0.17167914417573896,1.1686691856834894,0.9273662920709317,0.8798931637428452,0.000979798936741849,0.1373107029896131,1.6280164037304594,0.08583957208786948,71.27713363483602,13.15816261919049,1.9053957930062264,9.999902020106308,2.5405277240083013
11.566666666666666,0.18540461967066424,41.20102659348095,0.4886477329858686,0.44277382871193693,1.1624383446266329,0.17161561013737547,1.168237900908837,0.9270230983533212,0.8795659193745635,0.0009476773336078293,0.13725988690070046,1.6274136824772858,0.08580780506868774,71.25082957642998,13.181215356071103,1.9100317664216213,9.999905232266622,2.5467090218954946
11.6,0.18533600994306204,41.185779987347125,0.48846603685510015,0.44260997524921053,1.1620080169441278,0.17155210296130066,1.1678067588908096,0.9266800497153102,0.8792388663391802,0.0009166087668993585,0.13720909232725526,1.6268112237217789,0.08577605148065033,71.22453422475049,13.204259520241141,1.914666024231504,9.999908339123294,2.5528880323086716
11.623454810960725,0.18528775041823609,41.1750556484969,0.488338250399439,0.4424947221185122,1.1617053311515928,0.17150743253225387,1.1675034740862253,0.9264387520911804,0.8790088507189903,0.000895360031915907,0.13717336385673878,1.62638746361223,0.08575371626612693,71.20603688451888,13.220469280055218,1.9179258655494282,9.999910463996793,2.557234487399237
11.633333333333333,0.18526742910094954,41.170539800211,0.4882844456999586,0.4424461908761158,1.1615778757595783,0.17148862252664224,1.167375760119941,0.9263371455047477,0.8789120022599255,0.000886558754405197,0.1371583191715959,1.6262090260634094,0.08574431126332112,71.19824760971521,13.227295116680827,1.9192985671595175,9.999911344124543,2.5590647562126896
11.666666666666666,0.18519887701781337,41.15530600395852,0.4881029582419068,0.4422824752870214,1.1611479201030652,0.17142516871615787,1.1669449050690275,0.9259943850890668,0.8785853248354323,0.0008574939284297897,0.13710756733897664,1.6256070881442912,0.08571258435807894,71.17196976015998,13.250322150309957,1.923929395926138,9.99991425060714,2.565239194568184
11.7,0.18513035357056074,41.14007857123572,0.4879215732389907,0.44211882818456677,1.1607181490312712,0.1713617414157754,1.1665141941953743,0.9256517678528036,0.8782588318301833,0.0008293818945878677,0.1370568367372157,1.6250054086437797,0.0856808707078877,71.14570070397588,13.27334062599556,1.9285585112490733,9.999917061810525,2.5714113483320973
11.733333333333333,0.18506185864072122,41.124857475715835,0.48774028949869097,0.44195524928256824,1.160288561636825,0.17129834051570686,1.166083627935356,0.925309293203606,0.8779325210976437,0.0008021915737199247,0.13700612727759615,1.624403986291555,0.08564917025785343,71.11944046777737,13.296350548533264,1.933185913842274,9.99991978084261,2.5775812184563653
11.766666666666666,0.18499339211216956,41.10964269159324,0.48755910585356826,0.4417917383005127,1.159859157030592,0.1712349659083376,1.1656532067147287,0.9249669605608477,0.8776063905364229,0.0007758925539090639,0.13695543887315895,1.623802819842829,0.0856174829541688,71.0931890775313,13.31935192268248,1.9378116044177844,9.999922410744592,2.5837488058903793
11.8,0.1849249538736265,41.094434194139225,0.4873780211880081,0.44162829496960476,1.159429934361124,0.1711716174905445,1.1652229309373068,0.9246247693681325,0.8772804381384146,0.0007504558020355795,0.13690477144057747,1.6232019081055735,0.08558580874527225,71.06694655786634,13.342344753127676,1.942435583683692,9.999924954419779,2.589914111578256
11.833333333333334,0.18485654381602948,41.079231959117664,0.4871970344100998,0.4414649190264084,1.159000892794209,0.17110829516125864,1.1647928009968709,0.9242827190801474,0.8769546619381797,0.0007258529156005983,0.1368541248981866,1.6226012499118927,0.08555414758062932,71.04071293279915,13.365329044519017,1.9470578523462683,9.999927414708422,2.5960771364616906
11.866666666666667,0.1847881618343147,41.06403596318105,0.4870161444706954,0.44130161021715714,1.1585720315267332,0.1710449988231173,1.1643628172690983,0.9239408091715735,0.8766290600472517,0.0007020566297849736,0.1368034991673187,1.6220008441374263,0.08552249941155865,71.0144882252423,13.388304801444765,1.9516784111085044,9.999929794337003,2.602237881478006
11.9,0.1847198078262724,41.04884618361609,0.48683535035116476,0.44113836829498526,1.1581433497777742,0.17098172838140296,1.1639329801167495,0.923599039131362,0.8763036306320966,0.0006790404916647516,0.13675289417144543,1.6214006896888837,0.08549086419070148,70.98827245732055,13.411272028448941,1.9562972606710405,9.999932095950815,2.608396347561387
11.933333333333334,0.18465148169258228,41.033662598351626,0.4866546510637764,0.4409751930200137,1.1577148467888816,0.17091848374407587,1.163503289889505,0.9232574084629114,0.8759783719147975,0.0006567788703440473,0.13670230983620424,1.6208007855044342,0.08545924187203793,70.96206565036091,13.434230730030775,1.960914401732133,9.999934322112948,2.6145525356428436
11.966666666666667,0.18458318333744617,41.01848518609915,0.4864740456584576,0.44081208416087947,1.1572865218289912,0.17085526482236074,1.1630737469211079,0.9229159166872307,0.8756532821852236,0.0006352471367748207,0.13665174608987263,1.6202011305605877,0.08542763241118037,70.93586782471837,13.457180910634825,1.9655298349871193,9.999936475286303,2.6207064466494923
11.987386067977084,0.18454074426469408,41.00905428104313,0.48636183148499346,0.44071073199508987,1.1570203721319394,0.17081598199757028,1.1628068250853363,0.9227037213234703,0.8754512966729883,0.000622220582816644,0.13662032691847786,1.6198285209847152,0.08540799099878514,70.91958826195466,13.471442038300538,1.9683978450193473,9.9999377779417,2.624530460025796
12.0,0.18451491266701858,41.003313926004125,0.4862935332060191,0.440649041490942,1.156858374182227,0.17079207152929213,1.1626443515364626,0.9225745633350929,0.8753283597708343,0.0006144212174908879,0.13660120286219202,1.6196017238551177,0.08539603576464606,70.90967900020885,13.480122574675322,1.9701435611297158,9.999938557878231,2.6268580815062874
12.033333333333333,0.1844466695912735,40.988148798060784,0.4861131128181049,0.4404860647927951,1.1564304031624097,0.1707289037814442,1.1622151040431927,0.9222333479563675,0.8750036030725888,0.000594278125315059,0.13655068008576648,1.6190025644273736,0.0853644518907221,70.88349919559433,13.503055726507126,1.9747555808504549,9.999940572187448,2.6330074411339397
12.066666666666666,0.18437845402185507,40.97298978263446,0.48593278362421877,0.4403231538530716,1.1560026080963497,0.17066576149693932,1.1617860047413657,0.9218922701092753,0.8746790105235938,0.0005747953481782227,0.1365001776944522,1.6184036513348894,0.08533288074846966,70.8573284291759,13.525980370459111,1.9793658948384723,9.999942520465162,2.639154526451296
12.1,0.1843102658737395,40.957836860831,0.4857525447894884,0.440160308466461,1.1555749883367668,0.17060264459698787,1.1613570539159739,0.9215513293686974,0.8743545806210792,0.0005559513217127149,0.1364496956246029,1.6178049836714734,0.08530132229849394,70.83116671833525,13.54889651080826,1.9839745037801073,9.999944404867808,2.645299338373476
12.133333333333333,0.1842421050639989,40.942690014221974,0.48557239550144915,0.43999752843272066,1.1551475432526785,0.17053955300474286,1.1609282518425306,0.9212105253199945,0.8740303119026085,0.000537725077631467,0.1363992338141434,1.61720656055375,0.08526977650237143,70.80501407987595,13.571804151798892,1.988581408359934,9.999946227492217,2.651441877813245
12.166666666666666,0.18417397151212658,40.92754922491702,0.4853923349735203,0.43983481355746223,1.1547202722319299,0.17047648664560108,1.1604995987855975,0.9208698575606329,0.8737062029523366,0.0005200963362227423,0.1363487922028133,1.6166083811247016,0.08523824332280054,70.7788705299336,13.594703297637553,1.9931866092604806,9.999947990366357,2.65758214568064
12.2,0.18410586514029112,40.91241447562025,0.4852123624477201,0.439672163652766,1.1542931746831664,0.1704134454474389,1.160071094997638,0.9205293257014555,0.8733822524058962,0.0005030455785420919,0.13629837073235745,1.6160104445564327,0.08520672272371944,70.75273608390594,13.617593952489003,1.9977901071620041,9.999949695442124,2.6637201428826716
12.233333333333333,0.18403778587229874,40.89728574939972,0.4850324771835735,0.43950957853467226,1.153866250027769,0.17035042933965042,1.1596427407237109,0.9201889293614937,0.8730584589304323,0.0004865537513535294,0.1362479693457484,1.6154127500388764,0.08517521466982521,70.72661075673913,13.640476120492414,2.0023919027433688,9.999951344624844,2.6698558703244912
12.266666666666666,0.18396973363498623,40.88216302999694,0.4848526784730017,0.43934705802654905,1.1534394977106832,0.1702874382544386,1.159214536195172,0.919848668174931,0.872734821251403,0.00047060266318383866,0.1361975879882302,1.6148152967949565,0.0851437191272193,70.70049456254354,13.663349805739516,2.0069919966808447,9.99995293973366,2.675989328907792
12.3,0.18390170835631345,40.86704630140299,0.48467296561992895,0.4391846019544798,1.1530129171855867,0.17022447212504704,1.1587864816383004,0.9195085417815672,0.8724113381158721,0.0004551744418614416,0.13614722660588874,1.6142180840598215,0.08511223606252352,70.67438751511995,13.686215012304466,2.011590389649741,9.999954482555792,2.6821205195329867
12.333333333333334,0.18383370996711196,40.851935548247106,0.48449333795897487,0.43902221015149157,1.1525865079284858,0.17016153088738106,1.1583585772663956,0.9191685498355597,0.8720880083261547,0.00044025203170454743,0.1360968851469624,1.6136211110998802,0.08508076544369053,70.64828962747747,13.709071744216372,2.016187082322888,9.999955974796809,2.688249443097183
12.362712040419066,0.18377380106425126,40.838622458722504,0.4843350912228148,0.43887913746986584,1.1522108289375443,0.1701060775093725,1.1579815636287727,0.9188690053212563,0.8718031642010667,0.0004275061925723174,0.13605253261565842,1.613095160512562,0.08505303875468626,70.62529556571884,13.729209758194672,2.0202370198054287,9.99995724938072,2.693649359740571
12.366666666666667,0.18376573840008412,40.83683075557425,0.48431379484475456,0.43885988245513535,1.1521602694299338,0.1700986144790797,1.1579308232843009,0.9188286920004205,0.8717648307205582,0.0004258189089192162,0.13604656356109196,1.6130243772019073,0.08504930723953985,70.6222009121095,13.731920005474956,2.020782075371494,9.999957418109085,2.694376100495324
12.4,0.18369779358900973,40.82173190866883,0.4841343356433985,0.4386976187055668,1.1517342011888603,0.17003572283878066,1.1575032198919912,0.9184889679450486,0.8714418041581172,0.00041185885600914993,0.1359962617987257,1.6124278816644044,0.08501786141939033,70.59612138121254,13.754759800063027,2.025375369465835,9.999958814114377,2.7005004926211127
12.433333333333334,0.18362987547070497,40.80663899349,0.4839549597534866,0.4385354187502837,1.151308302727804,0.16997285590793573,1.1570757672757228,0.9181493773535249,0.871118927556276,0.00039835651861246536,0.13594597981258794,1.6118316238189254,0.08498642795396787,70.57005104614633,13.777591131915598,2.0299669652735313,9.999960164348117,2.7066226203647075
12.466666666666667,0.18356198398317883,40.791551996261965,0.48377566658634735,0.43837328243966783,1.1508825735785777,0.16991001362910216,1.1566484656163636,0.9178099199158941,0.8707961998554252,0.0003852968814439659,0.13589571755629704,1.6112356030100088,0.08495500681455108,70.54398991794201,13.800414004948857,2.0345568634611513,9.999961470311835,2.7127424846148673
12.5,0.18349411906573382,40.77647090349641,0.48359645556713254,0.43821120962722904,1.1504570132830525,0.16984719594603617,1.156221315088937,0.917470595328669,0.8704736200208386,0.0003726652969199457,0.135845474984441,1.6106398185962734,0.08492359797301809,70.51793800727428,13.823228423058625,2.0391450646941296,9.999962733470287,2.7188600862588386
12.533333333333333,0.18342628066039168,40.76139570230927,0.4834173261500484,0.4380492001730514,1.1500316214042388,0.16978440280501403,1.1557943158561887,0.9171314033019583,0.8701511870700871,0.0003604478902219604,0.13579525205364593,1.6100442699659343,0.08489220140250701,70.49189532406895,13.84603439009773,2.043731569635485,9.999963955210957,2.724975426180646
12.566666666666666,0.1833584687100268,40.74632638000596,0.4832382777984135,0.4378872539392815,1.1496063975117785,0.1697216341531023,1.155367468077013,0.916792343550134,0.8698289000371443,0.00034863102890624764,0.13574504872117726,1.6094489565164898,0.08486081707655115,70.46586187801702,13.868831909905499,2.048316378947475,9.999965136897089,2.731088505263299
12.6,0.18329068315899633,40.731262924221404,0.4830593099913895,0.43772537079165047,1.1491813411868406,0.1696588899387418,1.154940771903609,0.9164534157949815,0.8695067579845012,0.0003372015019020017,0.13569486494541164,1.6088538776615768,0.0848294449693709,70.43983767840112,13.891620986297797,2.052899493291033,9.999966279849788,2.7371993243880426
12.633333333333333,0.18322292395392448,40.71620532309433,0.48288042223235916,0.4375635506013714,1.1487564520282205,0.1695961701124745,1.1545142274779443,0.9161146197696224,0.8691847600182465,0.00032614674233738387,0.13564470068642515,1.6082590328395088,0.08479808505623725,70.41382273387983,13.914401623054486,2.057480913325046,9.999967385325746,2.7433078844333934
12.666666666666666,0.1831551910421675,40.70115356492611,0.48270161403252354,0.43740179324142736,1.148331729640403,0.1695334746255206,1.154087834938683,0.9157759552108373,0.8688629052585424,0.0003154543912721306,0.13559455590484248,1.607664421496564,0.0847667373127603,70.38781705291028,13.937173823943795,2.0620606397077363,9.999968454560852,2.7494141862769808
12.7,0.18308748437265357,40.68610763836747,0.48252288491987994,0.4372400985886023,1.1479071736400954,0.1694708034305575,1.1536615944173947,0.9154374218632678,0.8685411928557839,0.0003051125364711413,0.1355444305624667,1.6070700430961335,0.08473540171527875,70.36182064351691,13.959937592708949,2.0666386730959,9.999969488746332,2.7555182307945327
12.733333333333333,0.18301980389614825,40.671067532477394,0.4823442344420495,0.4370784665241227,1.1474827836582884,0.16940815648196528,1.1532355060373614,0.9150990194807412,0.8682196219956891,0.00029510978759650765,0.13549432462247804,1.6064758971216035,0.08470407824098264,70.33583351321867,13.982692933063857,2.0712150141446437,9.99997048902122,2.761620018859524
12.749789497696108,0.18298640070733782,40.66364460163062,0.4822560662492961,0.4369986942501419,1.1472733298193911,0.16937723755339634,1.1530252087572221,0.914932003536689,0.8680609192487331,0.00029029316426296527,0.13546959521754398,1.6061826617471475,0.08468861877669817,70.32300748210298,13.993923795234045,2.073473660985836,9.999970970683554,2.764631547981114
12.766666666666666,0.18295214956402905,40.6560332364509,0.4821656621531911,0.4369168969306948,1.1470585593307299,0.16934553373469116,1.152809569919105,0.9147607478201452,0.867898191875744,0.0002854349281680385,0.13544423804851538,1.6058819830630218,0.08467276686734558,70.30985566936621,14.005439848712664,2.0757896635085102,9.999971456507163,2.7677195513446793
12.8,0.18288452132943567,40.64100473987459,0.4819871676262861,0.43675538969528566,1.1466345003068683,0.16928293514531573,1.1523837861751995,0.9144226066471783,0.8675769017273149,0.00027607724227858636,0.13539417080553856,1.6052883004296157,0.08464146757265786,70.28388711882542,14.02817834333133,2.0803626218404103,9.999972392275751,2.773816829120546
12.833333333333334,0.18281691914682638,40.62598203262808,0.48180875044839583,0.4365939447080504,1.1462106062464008,0.16922036067164137,1.1519581549122757,0.9140845957341318,0.8672557508071125,0.00026702638844473944,0.13534412285949562,1.604694848744961,0.08461018033582068,70.2579278680997,14.050908420574661,2.084933889792018,9.999973297361135,2.779911853056023
12.866666666666667,0.18274934297126108,40.610965104724684,0.4816304102130093,0.43643256186059914,1.1457868768137027,0.1691578102720284,1.151532676234252,0.9137467148563053,0.8669347383834167,0.000258272196113972,0.13529409417678573,1.6041016275391837,0.0845789051360142,70.23197792352703,14.073630084087823,2.089503468014447,9.99997417278037,2.7860046240192613
12.9,0.1826817927596603,40.59595394659118,0.4814521465334819,0.4362712410490406,1.1453633116876125,0.16909528390656128,1.1511073502366613,0.9134089637983014,0.8666138637602674,0.00024980502302475964,0.13524408472520258,1.6035086363626574,0.08454764195328064,70.20603729093398,14.096343337486047,2.094071357157048,9.999975019497677,2.792095142876063
12.933333333333334,0.1826142684698001,40.58094854884447,0.48127395903230574,0.43610998217155234,1.1449399105536195,0.16903278153611748,1.150682177011183,0.9130713423490004,0.8662931262581504,0.00024161546986162997,0.13519409447318123,1.6029158747750671,0.08451639076805874,70.18010597591206,14.119048184370753,2.0986375578683534,9.999975838452993,2.798183410491137
12.966666666666667,0.18254677006017725,40.56594890226161,0.48109584733966676,0.4359487851280543,1.1445166731028142,0.16897030312224248,1.1502571566462496,0.9127338503008862,0.8659725252114002,0.00023369434190828294,0.13514412338969684,1.6023233423439398,0.08448515156112124,70.15418398385476,14.141744628331756,2.10320207079621,9.999976630565788,2.8042694277282787
13.0,0.1824792974910208,40.55095499800461,0.48091781110424536,0.43578764982265505,1.1440935990397538,0.16890784862808716,1.149832289222493,0.9123964874551039,0.8656520599876417,0.00022603293620224638,0.13509417144502306,1.6017310386556551,0.08445392431404358,70.12827131967985,14.16443267293081,2.1077648965867857,9.99997739670636,2.8103531954490464
13.033333333333333,0.1824118507231426,40.53596682736502,0.48073984998094366,0.4356265761608724,1.1436706880735248,0.1688454180173426,1.1494075748179213,0.9120592536157129,0.8653317299656986,0.00021862271521634158,0.13504423860987044,1.6011389633029347,0.0844227090086713,70.10236798814502,14.187112321720207,2.112326035885679,9.999978137728458,2.816434714514237
13.066666666666666,0.18234442971820253,40.520984381822785,0.4805619636337149,0.43546556405027426,1.143247939919805,0.16878301125448575,1.1489830135067258,0.9117221485910125,0.8650115345406868,0.00021145538208649253,0.13499432485558502,1.600547115887727,0.08439150562724287,70.07647399377521,14.209783578238488,2.1168854893376614,9.999978854461771,2.8225139857835475
13.1,0.1822770344393461,40.50600765318802,0.48038415174237037,0.435304613402021,1.1428253543058204,0.16872062830537052,1.148558605356413,0.9113851721967304,0.8646914731362667,0.00020452306157013134,0.1349444301546265,1.5999554960281486,0.08436031415268526,70.05058934068762,14.232446445999964,2.1214432575860322,9.999979547693822,2.8285910101147085
13.133333333333333,0.1822096648502492,40.49103663338872,0.4802064139923797,0.43514372412855545,1.1424029309629185,0.16865826913634235,1.1481343504321047,0.9110483242512459,0.8643715451862835,0.00019781802886129256,0.13489455447985219,1.5993641033480857,0.08432913456817118,70.02471403285406,14.255100928510267,2.125999341273556,9.999980218197095,2.83466578836474
13.148986379694996,0.18217803752530864,40.48400833895748,0.4801229753693634,0.4350681930637658,1.1422046205143115,0.16862899400334383,1.1479351768614892,0.9108901876265432,0.8642213556648541,0.00019474565676812444,0.1348711398497674,1.5990864687200361,0.08431449700167191,70.01256643678222,14.265736386093613,2.1281382578677066,9.999980525434305,2.8375176771569404
13.166666666666666,0.18214232091519525,40.47607131448783,0.4800287500756985,0.434982896143789,1.1419806696271686,0.1685959337143098,1.147710248796188,0.9107116045759762,0.8640517501362573,0.00019133273160296338,0.1348446978045746,1.598772937478036,0.0842979668571549,69.99884807407952,14.277747029265143,2.1305537410424007,9.99998086672682,2.8407383213898663
13.2,0.18207500260018544,40.4611116889301,0.4798511597026097,0.43482212936578685,1.1415585700479915,0.1685336220077734,1.1472863005033305,0.9103750130009272,0.8637320874646975,0.00018506010466859047,0.13479486010339392,1.598181998067188,0.0842668110038867,69.97299146769812,14.300384751732103,2.1351064575329812,9.999981493989514,2.846808610043974
13.233333333333333,0.1820077098714886,40.446157749219694,0.47967364258625167,0.434661423713261,1.1411366319768876,0.16847133398548167,1.146862505606996,0.9100385493574429,0.8634125566552531,0.00017899315883378544,0.1347450413511109,1.5975912847676426,0.08423566699274083,69.9471442169707,14.323014099374223,2.1396574913854347,9.999982100684097,2.852876655180578
13.266666666666666,0.18194044269582832,40.431209487961844,0.4794961984446147,0.4345007791060232,1.1407148551688908,0.1684090696166047,1.1464388641586056,0.9097022134791416,0.8630931572003065,0.00017312503387232044,0.1346952415228672,1.597000797236447,0.08420453480830235,69.92130632503336,14.34563507564715,2.144206843239442,9.999982687496594,2.8589424576525877
13.299999999999999,0.18187320104143612,40.41626689809692,0.47931882701177436,0.43434019546753105,1.1402932393907543,0.1683468288717101,1.146015376202807,0.9093660052071805,0.8627738886211939,0.00016744929713785985,0.13464546059493462,1.596410535147056,0.08417341443585505,69.89547779460919,14.36824768398156,2.1487545137331088,9.999983255070267,2.8650060183108104
13.333333333333334,0.18180598487711952,40.401329972693226,0.4791415280279501,0.4341796727226351,1.1398717844137087,0.16828461172189937,1.1455920417816625,0.9090299243855975,0.8624547504503103,0.00016195967930026002,0.13459569854401687,1.5958204981791921,0.08414230586094969,69.8696586282636,14.390851927798543,2.1533005035039317,9.99998380403205,2.8710673380052407
13.366666666666667,0.18173879417210456,40.386398704912125,0.4789643012378232,0.43401921079719735,1.1394504900122349,0.16822241813866173,1.1451688609353576,0.9086939708605227,0.8621357422280818,0.0001566500296176962,0.13454595534713118,1.5952306860171288,0.08411120906933087,69.84384882844746,14.41344781051222,2.1578448131889587,9.999984334997018,2.8771264175852767
13.4,0.18167162889630306,40.371473088067354,0.4787871463933899,0.4338588096187386,1.1390293559661444,0.16816024809412225,1.1447458337009988,0.9083581444815153,0.8618168635081018,0.0001515143917975047,0.13449623098180896,1.594641098352602,0.08408012404706112,69.81804839742392,14.436035335525345,2.1623874434245196,9.9999848485608,2.8831832578993577
13.433333333333334,0.18160448902089452,40.35655311575434,0.478610063260161,0.433698469117844,1.138608382065098,0.16809810156158056,1.1443229601100093,0.9080224451044725,0.8614981138682898,0.00014654716873044172,0.13444652542653163,1.5940517348911372,0.08404905078079028,69.79225733710948,14.458614506219384,2.16692839484556,9.999985345283108,2.8892378597940787
13.466666666666667,0.18153737451724616,40.34163878161026,0.4784330516056491,0.43353818922555315,1.138187568100217,0.16803597851451055,1.1439002401929712,0.9076868725862308,0.8611794928901684,0.00014174281650937865,0.13439683865992147,1.5934625953403037,0.08401798925725527,69.76647564936931,14.481185325972636,2.1714676680868155,9.99998582571833,2.8952902241157523
13.5,0.18147028535712426,40.32673007936095,0.47825611120161976,0.4333779698738701,1.1377669138657203,0.16797387892675578,1.1434776739786767,0.9073514267856212,0.8608610001629156,0.0001370959042689042,0.13434717066089974,1.5928736794120084,0.08398693946337789,69.7407033359595,14.503747798156748,2.1760052637825966,9.999986290409554,2.9013403517101266
13.533333333333333,0.18140322151353516,40.311827003007814,0.4780792418330574,0.43321781099779766,1.1373464191654654,0.1679118027733092,1.1430552614903644,0.9070161075676758,0.8605426352995034,0.00013260135243103096,0.13429752140931728,1.5922849868316515,0.0839559013866546,69.71494039829733,14.52630192612237,2.18054118256582,9.999986739864736,2.907388243421092
13.560682146528556,0.18134821690563263,40.29960375680726,0.47793417971530283,0.4330864514612367,1.1370015372417153,0.1678608889832929,1.1427088019031346,0.906741084528163,0.8602815234875452,0.00012902402048750993,0.13425679995298337,1.5918021521384014,0.08393044449164645,69.69380982807218,14.54480055587437,2.184261490533775,9.99998709759793,2.9123486540450316
13.566666666666666,0.18133618295984508,40.29692954663224,0.47790244328877857,0.4330577125332082,1.1369260838061033,0.16784975002949717,1.1426330027496632,0.9066809147992253,0.8602243979198014,0.00012825418324101832,0.13424789088529454,1.5916965173285444,0.08392487501474859,69.68918683770195,14.548847713214025,2.185075425068995,9.999987174581657,2.9134339000919915
13.6,0.18126916966978,40.28203770439556,0.4777257153614348,0.4328976744168445,1.1365059075970811,0.16778772067097972,1.142210897776591,0.9063458483488999,0.8599062876505827,0.00012404952086506483,0.1341982790692218,1.5911082706359134,0.08389386033548986,69.66344265539429,14.571385162770111,2.189607991924217,9.999987595047893,2.9194773225656205
13.633333333333333,0.18120218161768545,40.267151470596765,0.4775490578502781,0.4327376965869469,1.1360858903526587,0.1677257146739908,1.1417889465883941,0.9060109080884272,0.8595883041305007,0.0001199826648521584,0.13414868594195353,1.5905202464937223,0.0838628573369954,69.63770785242616,14.593914278118506,2.1941388837628804,9.999988001733495,2.9255185116838387
13.666666666666666,0.18113521877883026,40.25227083974006,0.4773724705643939,0.4325777789839879,1.135666031894269,0.16766373201562024,1.141367149198192,0.9056760938941513,0.859270447015909,0.00011604917601832627,0.13409911148503625,1.5899324446519765,0.08383186600781012,69.61198242959773,14.61643506257119,2.1986681012152895,9.999988395082378,2.9315574682870507
13.7,0.1810682811286333,40.23739580636296,0.47719595331446607,0.43241792154880376,1.1352463320445103,0.16760177267309692,1.1409455056184343,0.9053414056431665,0.858952715966039,0.00011224465765069721,0.13404955568012916,1.5893448648623143,0.08380088633654846,69.58626638766832,14.638947519437544,2.203195644911567,9.999988775534215,2.9375941932154204
13.733333333333333,0.1810013686428682,40.222526365081826,0.4770195059149573,0.43225812422308724,1.1348267906287368,0.16753983662397837,1.1405240158599845,0.9050068432143409,0.8586351106469231,0.00010856481343850605,0.13400001850915705,1.5887575068802313,0.08376991831198918,69.56055972730046,14.661451652020892,2.207721515481427,9.999989143518636,2.9436286873085673
13.766666666666666,0.1809344812983044,40.20766251073431,0.4768431281909319,0.4320983869509399,1.1344074074800379,0.1674779238467452,1.1401026799292615,0.9046724064915219,0.8583176307436774,0.00010500562870705525,0.13395049995479136,1.588170370472053,0.0837389619233726,69.53486244888566,14.683947463607229,2.2122457135533686,9.999989499437108,2.9496609514044896
13.799999999999999,0.18086761907194887,40.19280423821087,0.47666681996998034,0.43193870967703657,1.1339881824333469,0.16741603432009808,1.1396814978316268,0.9043380953597443,0.8580002759459646,0.00010156315588133047,0.13390099999988134,1.5875834554066857,0.08370801716004904,69.50917455275092,14.706434957478388,2.2167682397555954,9.999989843684393,2.955690986340792
13.833333333333334,0.18080078194106017,40.17795154245782,0.4764905810823729,0.4317790923466611,1.1335691153255527,0.16735416802297087,1.1392604695713178,0.9040039097053008,0.8576830459482713,9.823351857232777e-05,0.13385151862746494,1.5869967614557738,0.08367708401148544,69.48349603915467,14.72891413691182,2.2212890947160036,9.999990176648122,2.9617187929546693
13.866666666666667,0.1807339698835318,40.16310441856262,0.47631441136513786,0.43161953490663235,1.1331502059984757,0.16729232493488597,1.1388395951497425,0.9036698494176589,0.8573659404572481,9.501301989927509e-05,0.13380205582105603,1.586410288397866,0.08364616246744298,69.4578269081828,14.751385005173839,2.2258082790616944,9.99999049869799,2.967744372082257
13.9,0.1806671828778602,40.148262861746716,0.47613831066171447,0.4314600373052268,1.132731454298617,0.1672305050359244,1.1384188745656254,0.9033359143893009,0.857048959191086,9.189813324910182e-05,0.13375261156462032,1.5858240360180638,0.0836152525179622,69.4321671597575,14.773847565520068,2.2303257934189937,9.999990810186656,2.9737677245586562
13.933333333333334,0.18060042090275708,40.133426867279354,0.4759622788178311,0.4313005994912412,1.1323128600741499,0.1671687083063668,1.1379983078167348,0.9030021045137854,0.856732101872096,8.88853927870844e-05,0.13370318584228477,1.5852380041038097,0.0835843541531834,69.40651679374265,14.79630182120225,2.2348416384139367,9.999991111460702,2.97978885121858
13.966666666666667,0.18053368393698593,40.11859643044132,0.4757863156797722,0.43114122141359806,1.131894423173651,0.16710693472654184,1.1375778949006026,0.9026684196849296,0.85641536822359,8.597134747876109e-05,0.1336537786382154,1.5846521924431112,0.08355346736327092,69.38087580998776,14.81874777547138,2.239355814672526,9.999991402865232,2.9858077528966995
13.985268139234584,0.18049645262662695,40.1103228059171,0.47568815029065437,0.43105230735651034,1.131660985237936,0.16707247239693962,1.1373433527937253,0.9024822631331346,0.8562386705231779,8.43869149136985e-05,0.1336262152805182,1.5843253793331102,0.08353623619846981,69.36657108688931,14.83127000188473,2.2418741992316376,9.999991561308489,2.9891655989755144
14.0,0.1804669719603679,40.103771546748426,0.4756104211050639,0.4309819030237767,1.131476143453909,0.16704518427775839,1.1371576358100643,0.9023348598018395,0.8560987579891151,8.315284478084104e-05,0.13360438993737078,1.5840666008354722,0.08352259213887919,69.35524420805582,14.841185431559373,2.2438683228193352,9.999991684715503,2.991824430425778
14.033333333333333,0.18040028495292157,40.08895221176035,0.47543459495333057,0.43082264427373373,1.1310580207732446,0.1669834569415082,1.1367375305370788,0.9020014247646078,0.855782270915995,8.042678786388936e-05,0.13355501972485745,1.5834812290825424,0.0834917284707541,69.32962198745643,14.863614792694575,2.248379163478667,9.999991957321194,2.9978388846382202
14.066666666666666,0.18033362289481564,40.07413842107014,0.4752588370857914,0.4306634451157887,1.1306400549911457,0.16692175269942236,1.13631757907294,0.9016681144740781,0.8554659067544246,7.779012222704753e-05,0.1335056679858945,1.582896076987604,0.08346087634971118,69.30400914765862,14.886035862102563,2.2528883372746096,9.999992220987757,3.0038511163661434
14.1,0.180266985766377,40.059330170306,0.4750831473653501,0.430504305502644,1.1302222459683275,0.16686007153327836,1.135897781408236,0.9013349288318849,0.8551496652576303,7.523983812498509e-05,0.13345633470581963,1.5823111443556583,0.08343003576663918,69.27840568808831,14.908448643006194,2.2573958448310645,9.999992476016168,3.009861126441417
14.133333333333333,0.18020037354873716,40.044527455274924,0.47490752566345523,0.43034522538894693,1.1298045935717511,0.16679841342559953,1.1354781375299903,0.9010018677436857,0.8548335461942195,7.277315262924976e-05,0.13340701987057355,1.5817264310004515,0.08339920671279977,69.25281160795411,14.93085313861352,2.2619016867707846,9.999992722684718,3.0158689156943765
14.166666666666666,0.1801337862233514,40.02973027185587,0.47473197185499305,0.4301862047301277,1.1293870976708917,0.16673677835920925,1.1350586474237956,0.900668931116757,0.8545175493389875,7.038737405422073e-05,0.1333577234663396,1.5811419367392483,0.08336838917960462,69.2272269063773,14.953249352126578,2.2664058637160487,9.999992961262574,3.0218744849547288
14.2,0.18006722377175224,40.01493861594494,0.4745564858156682,0.4300272434818031,1.1289697581358227,0.16667516631700238,1.1346393110749038,0.9003361188587612,0.8542016744682028,6.807983242804297e-05,0.13330844547935897,1.5805576613901515,0.08333758315850119,69.20165158245838,14.975637286745952,2.2709083762890168,9.999993192016737,3.0278778350520192
14.233333333333333,0.1800006861756437,40.00015248347637,0.47438106742301045,0.4298683416000052,1.1285525748379504,0.1666135772820329,1.1342201284678042,0.9000034308782184,0.8538859213614188,6.584790623169679e-05,0.1332591858960016,1.5799736047731305,0.08330678864101645,69.17608563525138,14.99801694566912,2.2754092251116163,9.999993415209357,3.033878966815485
14.266666666666666,0.1799341734172648,39.98537187050329,0.4742057165602246,0.42970949904205863,1.1281355476528325,0.1665520112378505,1.1338010995846244,0.8996708670863239,0.8535702898084043,6.368912455683794e-05,0.13320994470303818,1.5793897667139656,0.08327600561892524,69.15052906366624,15.020388332083536,2.2799084108049725,9.999993631087523,3.0398778810732936
14.299999999999999,0.17986768547932136,39.97059677318253,0.4740304331154671,0.42955071576641735,1.1277186764596496,0.16649046816843754,1.133382224405434,0.8993384273966067,0.8532547796078408,6.160114785857591e-05,0.13316072188758937,1.5788061470435093,0.08324523408421877,69.12498186648742,15.042751449167772,2.2844059339894827,9.999993839885194,3.0458745786526404
14.333333333333334,0.17980122234453463,39.955827187674366,0.47385521697705657,0.429391991731572,1.1273019611377009,0.1664289480577907,1.1329635029102354,0.8990061117226731,0.8529393905587018,5.958164089932776e-05,0.1331115174367873,1.578222745592781,0.08321447402889535,69.09944404249526,15.06510630010009,2.2889017952855175,9.99999404183589,3.051869060380687
14.366666666666667,0.17973478399586695,39.94106311019266,0.47368006803586854,0.4292333268965964,1.1268854015681569,0.16636745089013003,1.132544935077969,0.8986739199793347,0.8526241224645634,5.762833627231632e-05,0.13306233133794487,1.5776395621954196,0.08318372544506501,69.07391559040533,15.087452888054148,2.293395995313067,9.999994237166351,3.057861327084086
14.4,0.17966837041649367,39.92630453699859,0.47350498618504,0.42907472122107965,1.1264689976338422,0.16630597664987307,1.1321265208866333,0.8983418520824683,0.852308975133072,5.5739026587659486e-05,0.13301316357853468,1.577056596687379,0.08315298832493653,69.04839650887577,15.109791216199627,2.2978885346918063,9.99999442609732,3.063851379589072
14.423147951768717,0.1796222648307764,39.916058851283644,0.47338344201693855,0.4289646141106818,1.1261799221955282,0.16626330004863604,1.1318360483213306,0.898111324153882,0.8520901956304894,5.446359347745634e-05,0.13297903037431136,1.5766518910737395,0.08313165002431802,69.03068058711796,15.125298954553232,2.3010073505354565,9.999994553640631,3.068009800713939
14.433333333333334,0.17960198159020954,39.91155146449102,0.473329971324266,0.42891617466610765,1.1260527492223849,0.1662445253220113,1.1317082603115096,0.8980099079510476,0.8519939483836788,5.391167837226058e-05,0.13296401414649336,1.5764738489113386,0.08312226266100566,69.02288679639898,15.132121287694076,2.3023794140403724,9.999994608832143,3.0698392187204937
14.466666666666667,0.1795356175008092,39.896803889068714,0.4731550233532416,0.42875768719276647,1.1256366562214122,0.16618309689153632,1.1312901533278792,0.897678087504046,0.8516790420358349,5.2144258153022905e-05,0.1329148830297576,1.575891318709977,0.08309154844576816,68.99738645146735,15.154443105695044,2.306868633977402,9.999994785574165,3.0758248453031993
14.5,0.17946927813227748,39.88206180717277,0.4729801421736746,0.4285992587626021,1.1252207185200276,0.1661216913436158,1.130872199910191,0.8973463906613873,0.8513642559126143,5.043478581978925e-05,0.13286577021640664,1.5753090059280386,0.0830608456718079,68.97189547252255,15.17675667335629,2.3113561951211996,9.999994956521398,3.0818082601615964
14.533333333333333,0.17940296346871346,39.86732521526966,0.47280532768848627,0.4284408893374361,1.1248049360082206,0.16606030866352328,1.1304544000323866,0.8970148173435673,0.8510495898392753,4.878131347844121e-05,0.1328166756946052,1.5747269104115087,0.08303015433176164,68.94641385797526,15.199061993829504,2.315842098089913,9.999995121868633,3.0877894641198806
14.566666666666666,0.1793366734948153,39.85259410995896,0.47263057980693307,0.4282825788805392,1.124389308580626,0.1659989488370877,1.1300367536657923,0.8966833674740765,0.8507350436524795,4.7182061162444856e-05,0.13276759945296715,1.5741450320128765,0.08299947441854386,68.92094160607667,15.221359070254254,2.3203263435006067,9.999995281793863,3.0937684580008056
14.6,0.17927040819532583,39.83786848785019,0.4724558984387441,0.42812432735528955,1.123973836132226,0.16593761185017925,1.1296192607815387,0.8963520409766291,0.8504206171897394,4.563526142854584e-05,0.13271854148013976,1.5735633705851162,0.08296880592508962,68.89547871506605,15.243647905769205,2.324808931970264,9.999995436473837,3.0997452426270153
14.633333333333333,0.17920416755510646,39.82314834557921,0.47228128349490084,0.42796613472535217,1.1235585185589207,0.165876297688778,1.1292019213502411,0.8960208377755322,0.8501063102908215,4.41391800151659e-05,0.13266950176485917,1.5729819259824889,0.082938148844389,68.87002518315121,15.265928503510567,2.329289864115642,9.99999558608198,3.1057198188208526
14.666666666666666,0.17913795155911083,39.8084336798024,0.47210673488736393,0.42780800095461485,1.1231433557573272,0.1658150063389497,1.128784735342106,0.895689757795554,0.8497921227972551,4.269210865702367e-05,0.1326204802959306,1.572400698060258,0.08290750316947484,68.84458100851505,15.288200866612843,2.3337691405533634,9.999995730789115,3.1116921874044814
14.7,0.17907176019279977,39.79372448728884,0.47193225253344884,0.42764992600819174,1.1227283476279932,0.16575373778722985,1.128367702725137,0.8953588009639988,0.849478054560208,4.129248094712697e-05,0.13257147706253944,1.5718196866791905,0.08287686889361492,68.81914618920611,15.310464998199945,2.3382467618990654,9.999995870751885,3.117662349198751
14.733333333333333,0.17900559344174205,39.77902076483157,0.4717578363516107,0.4274919098514578,1.1223134940723034,0.16569249202025427,1.1279508234668687,0.8950279672087103,0.8491641054328993,3.9938760668614885e-05,0.13252249205395192,1.5712388917012245,0.08284624601012713,68.79372072324432,15.332720901393515,2.3427227287681713,9.999996006123913,3.123630305024226
14.766666666666666,0.17893945129162972,39.76432250925105,0.47158348626160296,0.42733395245008626,1.121898794992597,0.16563126902477288,1.1275340975343047,0.8946972564581486,0.8488502752708853,3.862944596680519e-05,0.13247352525952674,1.5706583129896357,0.08281563451238644,68.76830460861724,15.354968579312498,2.34719704177584,9.999996137055385,3.1295960557011164
14.799999999999999,0.17887333372808675,39.74962971735261,0.4714092021824673,0.4271760537695853,1.121484250290687,0.16557006878747252,1.1271175248947338,0.8943666686404337,0.8485365639284411,3.736301621309705e-05,0.13242457666857144,1.5700779504069617,0.08278503439373626,68.74289784332981,15.377208035077564,2.3516697015374244,9.99999626369836,3.135559602049896
14.833333333333334,0.17880724073718582,39.734942386041304,0.4712349840379759,0.42701821377654825,1.1210698598718634,0.1655088912954559,1.126701105513506,0.8940362036859291,0.8482229712683567,3.6138076017663774e-05,0.13237564627072995,1.5694978038206087,0.08275444564772795,68.71750042526874,15.399439271799688,2.356140708667338,9.999996386192379,3.1415209448897805
14.866666666666667,0.1787411723053063,39.720260512290295,0.47106083175512986,0.42686043243830957,1.1206556236437915,0.16544773653611003,1.1262848393546514,0.8937058615265315,0.8479094971592338,3.495331545993253e-05,0.13232673405587597,1.568917873101308,0.08272386826805501,68.69211235224019,15.421662292583099,2.3606100637793266,9.999996504668434,3.1474800850390983
14.874737814644144,0.17872517855429423,39.71670634539871,0.47101867338595177,0.4268222369593801,1.120555345964059,0.1654329322799053,1.1261840700194752,0.8936258927714711,0.8478336120947132,3.467233918665792e-05,0.13231489345740782,1.5687774843496824,0.08271646613995265,68.6859664304878,15.427042016082124,2.3616920002091213,9.999996532766062,3.1489226669454915
14.9,0.1786751284188276,39.7055840930728,0.4708867452609302,0.4267027097222041,1.1202415415141365,0.16538660449682183,1.125868726382199,0.893375642094138,0.8475961414696744,3.380742461933028e-05,0.13227784001388326,1.568338158119791,0.08269330224841091,68.66673362205032,15.443877100532028,2.3650777674871364,9.99999661925752,3.1534370233161786
14.933333333333334,0.17860910906419847,39.690913125377435,0.4707127244831069,0.426545045595734,1.1198276133911007,0.1653254951650426,1.1254527665598817,0.8930455453209923,0.8472829040695925,3.269911285070521e-05,0.13222896413467752,1.567758658747541,0.0826627475825213,68.64136423248719,15.466083698749106,2.369543820404347,9.999996730088696,3.1593917605391257
14.966666666666667,0.1785431142279588,39.67624760621307,0.4705387693503539,0.4263874400266218,1.1194138391835933,0.16526440852830804,1.1250369598510346,0.8927155711397939,0.846969784830637,3.1627115063761925e-05,0.13218010640825276,1.5671793748570306,0.08263220426415402,68.61600418131461,15.488282090335117,2.374008223144372,9.999996837288474,3.165344297525826
15.0,0.17847714389686262,39.66158753263614,0.4703648797936185,0.426229892983108,1.119000218802182,0.16520334457435235,1.1246213062180725,0.892385719484313,0.8466567836285134,3.059022580526788e-05,0.13213126682476348,1.5666003063230547,0.08260167228717617,68.59065346624024,15.510472278386096,2.3784709763201524,9.9999969409774,3.171294635093533
15.033333333333333,0.17841119805803582,39.646932901785746,0.47019105574775194,0.42607240443433153,1.118586752160312,0.16514230329125434,1.1242058056218227,0.892055990290179,0.8463439003459535,2.9587342846019986e-05,0.13208244537464278,1.5660214530244365,0.08257115164562717,68.56531208487498,15.532654265989432,2.3829320805437204,9.999997041265697,3.17724277405829
15.066666666666666,0.17834527669860425,39.632283710800955,0.47001729714760543,0.4259149743494316,1.1181734391714286,0.16508128466709274,1.1237904580231146,0.8917263834930212,0.8460311348656898,2.8617363956815173e-05,0.1320336420483238,1.5654428148400001,0.08254064233354637,68.53998003482977,15.55482805623251,2.387391536427108,9.999997138263586,3.1831887152361404
15.1,0.17827937980571282,39.61763995682507,0.46984360392822827,0.42575760269759316,1.1177602797491244,0.16502028868996393,1.1233752633826963,0.891396899028564,0.8457184870708109,2.767919214524622e-05,0.13198485683625388,1.5648643916487741,0.08251014434498197,68.51465731371066,15.576993652202251,2.3918493445822966,9.999997232080768,3.189132459443058
15.133333333333333,0.1782135073666775,39.60300163703945,0.46966997602646665,0.4256002894484149,1.117347273808316,0.16495931534812305,1.1229602216605878,0.8910675368333874,0.84540595684764,2.6771777920976725e-05,0.1319360897290086,1.5642861833316426,0.08247965767406153,68.48934391907926,15.599151056981547,2.3963055056208398,9.999997322822189,3.1950740074944495
15.166666666666666,0.17814765936881283,39.58836874862508,0.46949641337915893,0.4254430345714921,1.1169344212639114,0.16489836462982368,1.1225453328168051,0.890738296844064,0.845093544082486,2.5894071650077242e-05,0.13188734071716254,1.563708189769476,0.08244918231491184,68.46403984849695,15.621300273653626,2.400760020154358,9.999997410592817,3.2010133602058075
15.2,0.17808183579987558,39.57374128886124,0.4693229159277686,0.42528583803748876,1.1165217220342365,0.16483743652372929,1.1221305968095001,0.8904091789993779,0.8447812486699835,2.504514586469882e-05,0.1318386097916215,1.563130410847931,0.08241871826186464,68.43874509941142,15.64344130529079,2.405212888793259,9.999997495485395,3.2069505183910088
15.233333333333333,0.1780160366476225,39.55911925502723,0.4691494836137596,0.42512869981706886,1.1161091760376172,0.16477653101850329,1.121716013596825,0.8900801832381124,0.8444690705047673,2.422407309699251e-05,0.13178989694329135,1.562552846452664,0.08238826550925164,68.41345966927035,15.665574154965341,2.40966411214795,9.999997577592671,3.2128854828639297
15.266666666666666,0.17795026189981028,39.544502644402286,0.46897611637859543,0.42497161988089643,1.11569678319238,0.16471564810280923,1.121301583136932,0.8897513094990513,0.8441570094814718,2.342992587910936e-05,0.1317412021630779,1.561975496469332,0.08235782405140461,68.38818355552148,15.687698825749582,2.414113690828838,9.999997657007393,3.2188182544384474
15.299999999999999,0.1778845115443607,39.52989145430237,0.4688028141654634,0.4248145982000345,1.1152845434181275,0.16465478776546347,1.1208873053872819,0.8894225577218035,0.8438450654978341,2.266182223138339e-05,0.13169252544201068,1.5613983607853785,0.08232739388273173,68.36291675557032,15.709815320711588,2.4185616254458484,9.999997733817759,3.224748833927794
15.333333333333334,0.1778187855691301,39.51528568202892,0.4686295769168771,0.4246576347453877,1.1148724566339572,0.16459394999522178,1.1204731803055967,0.8890939278456506,0.8435332384503789,2.1918862486066642e-05,0.13164386677107018,1.56082143928754,0.08229697499761089,68.33765926683834,15.731923642921512,2.4230079166091794,9.999997808113733,3.230677222145569
15.340466990583078,0.17780472273772424,39.51216060838316,0.46859251089635323,0.42462405060197866,1.1147842859244033,0.16458093305173543,1.120384573341968,0.8890236136886212,0.8434665196134359,2.1763052526575545e-05,0.1316334556866134,1.5606980002941644,0.08229046652586772,68.33225512812663,15.736653977324352,2.4239592526905644,9.999997823694729,3.2319456702540825
15.366666666666667,0.17775308396238487,39.50068532497442,0.46845640457962273,0.4245007294888518,1.114460522762135,0.16453313478121986,1.120059207847893,0.8887654198119243,0.843221528243321,2.120025966336469e-05,0.13159522614154406,1.5602447318669888,0.08226656739060993,68.312411086643,15.754023795438686,2.4274525649277634,9.999997879974016,3.236603419903681
15.4,0.17768740671241515,39.486090380536695,0.4682832971007351,0.4243438824023804,1.1140487417251104,0.1644723421126157,1.1196453879700876,0.8884370335620757,0.8429099347813231,2.0505233347907953e-05,0.13154660354473793,1.5596682384151543,0.08223617105630784,68.28717221229564,15.776115781321815,2.431895571010458,9.999997949476647,3.2425274280139402
15.433333333333334,0.17762175380751125,39.471500846113614,0.46811025442724896,0.4241870934579271,1.113637113445334,0.16441157197856715,1.1192317206280977,0.8881087690375562,0.8425984579690482,1.983300312432689e-05,0.1314979989719574,1.5590919588234675,0.08220578598928358,68.26194264110768,15.798199603629602,2.436336935466121,9.999998016699669,3.248449247288158
15.466666666666667,0.1775561252360726,39.45691671912724,0.46793727650733385,0.4240303626277092,1.1132256378460985,0.1643508243683333,1.118818205777391,0.8877806261803629,0.842287097713201,1.9182818462722394e-05,0.13144941241458985,1.558515892984538,0.08217541218416664,68.23672237036308,15.820275265417724,2.4407766589032427,9.999998081718136,3.2543688785376537
15.5,0.17749052098646503,39.44233799699224,0.4677643632888197,0.4238736898838632,1.11281431485044,0.16429009927114213,1.1184048433735605,0.8874526049323251,0.8419758539198755,1.8553919983237977e-05,0.13140084386399759,1.5579400407906157,0.08214504963557107,68.21151139735346,15.842342769743173,2.4452147419305073,9.999998144607984,3.260286322574007
15.533333333333333,0.17742494104736847,39.427764677193,0.4675915147227938,0.42371707519928414,1.1124031443838165,0.16422939667651265,1.1179916333709135,0.8871247052368423,0.8416647265010289,1.7945634087726338e-05,0.13135229331177808,1.557364402137343,0.08211469833825633,68.18630971929201,15.864402119654072,2.449651185155505,9.999998205436574,3.266201580207337
15.566666666666666,0.17735938540752472,39.41319675722772,0.4674187307609861,0.42356051854701715,1.111992126372165,0.16416871657402127,1.1175785757235028,0.8867969270376236,0.841353715369775,1.7357304097737968e-05,0.1313037607495753,1.556788976921031,0.08208435828701063,68.16111733337644,15.886453318196773,2.454085989185608,9.999998264269573,3.272114652247474
15.6,0.17729385405567566,39.39863423459459,0.46724601135512656,0.42340401990010706,1.111581260741423,0.16410805895324443,1.1171656703853818,0.8864692702783782,0.8410428204392278,1.678827333482336e-05,0.1312552461690332,1.5562137650379921,0.08205402947662221,68.13593423680445,15.908496368417634,2.4585191546281875,9.999998321172649,3.278025539504247
15.633333333333333,0.17722834698068662,39.38407710681925,0.4670733564582185,0.42324757923189765,1.1111705474184785,0.16404742380387308,1.116752917310109,0.8861417349034331,0.8407320416247933,1.623791858605923e-05,0.13120674956188827,1.5556387663858697,0.08202371190193654,68.11076042674355,15.930531273359199,2.46295068209012,9.999998376208124,3.283934242786824
15.666666666666666,0.17716286417127178,39.369525371393735,0.46690076602171665,0.4230911965153668,1.110759986329057,0.16398681111545788,1.1163403164518342,0.8858143208563588,0.84042137883909,1.5705576038224657e-05,0.1311582709197637,1.5550639808606797,0.08199340555772894,68.08559590039737,15.952558036069117,2.4673805721789797,9.99999842944238,3.2898407629053033
15.7,0.17709740561642978,39.354979025873284,0.4667282400000119,0.42293487172418026,1.1103495774010763,0.16392622087781328,1.1159278677635627,0.8854870280821489,0.8401108320000215,1.5190659066607996e-05,0.1311098102344959,1.5544894083615066,0.08196311043890664,68.0604406548997,15.974576659586363,2.471808825501219,9.999998480934076,3.295745100668289
15.733333333333333,0.17703197130533407,39.34043806785202,0.46655577834929546,0.4227786048324262,1.109939320563801,0.16386565308091575,1.1155155711976017,0.8851598565266703,0.8398004010287319,1.4692628338300325e-05,0.1310613674980521,1.5539150487893214,0.08193282654045787,68.03529468734173,15.996587146944472,2.4762354426625772,9.99999853073715,3.301647256883433
15.766666666666666,0.17696656122715812,39.32590249492403,0.46638338102575844,0.4226223958141925,1.1095292157464955,0.1638051077147417,1.1151034267062578,0.8848328061357905,0.8394900858463652,1.4210944520392723e-05,0.13101294270239966,1.5533409020450937,0.08190255385737084,68.01015799481466,16.018589501176976,2.4806604242687933,9.999998578905531,3.307547232358388
15.799999999999999,0.1769011753710754,39.311372304683424,0.46621104798559193,0.42246624464356713,1.109119262878424,0.1637445847692675,1.1146914342418377,0.8845058768553768,0.8391798863740655,1.3745068279976269e-05,0.13096453583950582,1.5527669680297935,0.08187229238463375,67.98503057440968,16.040583725317408,2.485083770925607,9.999998625493156,3.3134450279008063
15.820778182556454,0.17686042964388582,39.302317698641296,0.4661036574694708,0.42236893777435713,1.108863797460258,0.1637068694043451,1.1144346975000154,0.8843021482194291,0.8389865834450475,1.3462425699888645e-05,0.1309343707100507,1.552409316444361,0.08185343470217255,67.96937220052594,16.054289613350203,2.48784021711719,9.999998653757414,3.3171202894895835
15.833333333333334,0.17683581372628762,39.29684749473058,0.4660387791852759,0.4223101512947067,1.1087094618890683,0.16368408423449585,1.1142795937565382,0.884179068631438,0.8388698025334966,1.3294467853254666e-05,0.13091614690135908,1.5521932466446955,0.08184204211724792,67.95991242321126,16.062569822398324,2.489505483238622,9.999998670553198,3.3193406443181592
15.866666666666667,0.1767704762821132,39.28232806269182,0.4658665745824914,0.4221541157420494,1.1082998127088088,0.16362360610053747,1.1138679052020912,0.883852381410566,0.8385598342484846,1.2858643017048998e-05,0.13086777588003531,1.5516197377923322,0.08181180305026874,67.93480353827555,16.084547795448618,2.493925561812958,9.999998714135682,3.3252340824172744
15.9,0.17670516302778036,39.26781400617342,0.4656944341340085,0.42199813795981583,1.1078903152673345,0.16356315035741956,1.1134563685305645,0.8835258151389017,0.8382499814412153,1.2437069786077917e-05,0.1308194227675429,1.5510464413742682,0.08178157517870978,67.90970391667913,16.10651764750069,2.4983440072542527,9.999998756293005,3.331125343005667
15.933333333333334,0.17663987395284825,39.25330532285517,0.4655223577999757,0.4218422179230259,1.107480969496878,0.16350271699547597,1.1130449836927439,0.8831993697642412,0.8379402440399563,1.2029312652367798e-05,0.13077108755613803,1.550473357295629,0.08175135849773799,67.88461355542044,16.128479381575453,2.502760820166541,9.999998797068718,3.337014426888718
15.966666666666667,0.17657460904687605,39.238802010416904,0.4653503455405413,0.4216863556066998,1.1070717753296717,0.16344230600504056,1.1126337506394144,0.8828730452343801,0.8376306219729743,1.163493610794501e-05,0.13072277023807694,1.5499004854615404,0.08172115300252028,67.85953245149788,16.15043300069379,2.5071760011538573,9.999998836506373,3.3429013348718066
16.0,0.1765093682994229,39.22430406653842,0.4651783973158537,0.42153055098585746,1.1066627326979483,0.16338191737644722,1.1122226693213622,0.8825468414971145,0.8373211151685367,1.1253504644835923e-05,0.1306744708056158,1.5493278257771275,0.08169095868822361,67.83446060190988,16.17237850787661,2.5115895508202373,9.999998874649519,3.3487860677603134
16.03333333333333,0.17644415170004799,39.209811488899554,0.4650065130860612,0.42137480403551897,1.10625384153394,0.16332155110002988,1.1118117396893725,0.8822207585002398,0.8370117235549103,1.0884582755066931e-05,0.13062618925101088,1.548755378147516,0.08166077555001494,67.80939800365483,16.1943159061448,2.5160014697697153,9.999998911541708,3.3546686263596177
16.066666666666666,0.17637895923842556,39.19532427520568,0.464834692812479,0.4212191147309826,1.1058451017707627,0.163261207166229,1.1114009616937968,0.8818947961921277,0.8367024470624622,1.0527765405430527e-05,0.1305779255666046,1.5481831424790675,0.0816306035831145,67.78434465370466,16.216245198514923,2.520411758605698,9.999998947223443,3.3605490114742613
16.1,0.17631379090412003,39.18084242313778,0.46466293645532575,0.42106348304728114,1.1054365133406918,0.16320088556538334,1.110990335285377,0.8815689545206001,0.8363932856195864,1.0182619089739897e-05,0.13052967974465715,1.5476111186769685,0.08160044278269167,67.75930054905514,16.238166388008363,2.5248204179323364,9.999998981738075,3.3664272239097786
16.133333333333333,0.17624864668694096,39.166365930431326,0.4644912439772988,0.42090790896003943,1.1050280761778835,0.16314058628805883,1.1105798604139385,0.8812432334347048,0.8360842391591379,9.84877498839448e-06,0.13048145177761222,1.5470393066490369,0.08157029314402942,67.73426568664611,16.260079477637007,2.529227448352389,9.999999015122485,3.372303264469849
16.166666666666668,0.17618352657676303,39.15189479483623,0.46431961534175253,0.42075239244504,1.1046197902169919,0.16308030932488166,1.1101695370290643,0.8809176328838151,0.8357753076151546,9.525881431410864e-06,0.13043324165796238,1.5464677063037886,0.08154015466244083,67.70924006340263,16.281984470410197,2.533632850468244,9.99999904741184,3.3781771339576556
16.2,0.1761184305634608,39.137429014102395,0.46414805051204155,0.42059693347806487,1.1042116553926717,0.1630200546664781,1.1097593650803363,0.880592152817304,0.8354664909216748,9.213586748805782e-06,0.1303850493782001,1.5458963175497402,0.08151002733323905,67.68422367624972,16.30388136933728,2.538036624882287,9.99999907864131,3.3840488331763803
16.233333333333334,0.17605335863690894,39.12296858597976,0.46397654945152017,0.4204415320348964,1.1038036716395772,0.16295982230347436,1.1093493445173377,0.8802667931845446,0.8351577890127363,8.911539270595828e-06,0.1303368749308179,1.5453251402954078,0.08147991115173718,67.65921652211243,16.325770177427597,2.5424387721969066,9.999999108846056,3.3899183629292056
16.266666666666666,0.17598831078702457,39.10851350822768,0.46380511212396747,0.4202861880914195,1.1033958388926874,0.16289961222653607,1.1089394752894983,0.8799415539351227,0.8348492018231415,8.619398362978924e-06,0.13028871830834005,1.5447541744497624,0.08144980611326803,67.63421859790651,16.347650897688634,2.546839293014204,9.999999138060147,3.3957857240189355
16.3,0.17592328700374013,39.09406377860891,0.46363373849332706,0.4201309016235561,1.1029881570871016,0.16283942442634305,1.1085297573461792,0.8796164350187006,0.8345407292879887,8.336827769725643e-06,0.1302405795033024,1.5441834199219422,0.08141971221317153,67.60922990054347,16.36952353312767,2.5512381879362755,9.999999166317208,3.4016509172483644
16.316127954598873,0.1758918346211785,39.08707436026189,0.46355084416382525,0.42005578865527454,1.1027909590415688,0.16281031123697284,1.1083315742659634,0.8794591731058924,0.8343915194948854,8.203445121421443e-06,0.1302172944831351,1.5439073426581962,0.08140515561848642,67.59714271448111,16.38010345795868,2.55336595979652,9.999999179655472,3.404487946395357
16.333333333333332,0.17585828727702638,39.079619394894756,0.4634624285239304,0.41997567260732066,1.1025806261582116,0.16277925889361056,1.1081201906365947,0.8792914363851319,0.8342323713430747,8.06350137825933e-06,0.1301924585082694,1.5436128766214963,0.08138962944680528,67.58425042692592,16.39138808675056,2.555635457565012,9.999999193649847,3.4075139434200135
16.366666666666667,0.1757933115970167,39.0651803548926,0.46329118218173126,0.41982050101912033,1.1021732460426525,0.1627191156192046,1.107710775109382,0.8789665579850834,0.8339241279271163,7.79913521725295e-06,0.1301443553159273,1.5430425444597136,0.0813595578096023,67.55928017392121,16.413244561555967,2.5600311025011995,9.999999220086462,3.41337480333493
16.4,0.17572835995384445,39.050746656409885,0.4631199994326838,0.4196653868353625,1.10176601667706,0.16265899459399122,1.1073015107131767,0.8786417997692222,0.8336159989788309,7.543445315379583e-06,0.13009626991896237,1.542472423347884,0.08132949729699561,67.53431913839665,16.435092960542555,2.5644251233456212,9.999999245655452,3.4192334977941585
16.433333333333334,0.17566343233764303,39.03631829725401,0.4629488802427418,0.4195103300324544,1.1013589379980688,0.1625988958088364,1.106892397396616,0.878317161688215,0.8333079844369352,7.296147701312195e-06,0.13004820231006087,1.5419025131972963,0.0812994479044182,67.50936731721961,16.456933286708985,2.568817520699062,9.999999270385214,3.425090027598747
16.466666666666665,0.17559852873854584,39.0218952752324,0.4627778245778592,0.41935533058680347,1.1009520099423147,0.1625388192546062,1.106483435108336,0.8779926436927291,0.8330000842401466,7.0569584037238595e-06,0.13000015248190908,1.5413328139192406,0.0812694096273031,67.4844247072574,16.478765543053914,2.5732082951623063,9.999999294304144,3.430944393549739
16.5,0.1755336491468472,39.007477588188266,0.46260683240557277,0.41920038847520547,1.1005452324476586,0.16247876492231572,1.1060746237964296,0.8776682457342359,0.832692298330031,6.825634360593776e-06,0.1299521204273137,1.540763325426722,0.08123938246115786,67.45949130534424,16.500589732568013,2.57759744733486,9.999999317436547,3.4367965964464777
16.53333333333333,0.1754687935525523,38.99306523390051,0.4624359036906007,0.4190455036737583,1.1001386054497642,0.1624187328027122,1.105665963409933,0.8773439677627614,0.8323846266430813,6.601859895997961e-06,0.12990410613886508,1.5401940476296696,0.0812093664013561,67.43456710837182,16.522405858257304,2.581984977818733,9.999999339813995,3.4426466370916406
16.566666666666666,0.17540396194600336,38.97865821022297,0.4622650384009655,0.41889067615937353,1.0997321288868593,0.16235872288685524,1.105257453896758,0.8770198097300167,0.832077069121738,6.385404647753613e-06,0.1298561096094058,1.539624980441603,0.08117936144342762,67.40965211316326,16.544213923110686,2.586370887213177,9.999999361459519,3.4484945162842333
16.6,0.17533915431757308,38.96425651501624,0.4620942365049896,0.4187359059090366,1.0993258026974055,0.16229873516583262,1.1048490952047139,0.8766957715878654,0.8317696257089813,6.1760459899031325e-06,0.12980813083180134,1.5390561237763676,0.08114936758291631,67.3847463165355,16.566013930115492,2.5907551761171943,9.999999382395385,3.4543402348229226
16.633333333333333,0.1752743706576343,38.94986014614095,0.4619234979709953,0.4185811928997328,1.0989196268198633,0.1622387696307322,1.1044408872816107,0.8763718532881715,0.8314622963477916,5.973561296488919e-06,0.12976016979891716,1.5384874775478086,0.0811193848153661,67.35984971530544,16.587805882259058,2.5951378451297846,9.999999402643853,3.460183793506377
16.666666666666668,0.17520961095655974,38.93546910145772,0.46175282276730484,0.4184265371084474,1.098513601192694,0.16217882627264177,1.1040328300752587,0.8760480547827986,0.8311550809811488,5.777727941553307e-06,0.1297122265036187,1.5379190416697714,0.08108941313632088,67.33496230629002,16.609589782528722,2.5995188948499512,9.999999422227189,3.466025193133265
16.7,0.1751448752047221,38.921083378827134,0.4615822108622406,0.418271938512166,1.098107725754358,0.16211890508264923,1.1036249235334674,0.8757243760236104,0.8308479795520332,5.588323299138715e-06,0.12966430093877146,1.5373508160561014,0.08105945254132461,67.31008408630618,16.631365633911823,2.6038983258766937,9.999999441167654,3.471864434502255
16.733333333333334,0.1750801633924942,38.90670297610982,0.461411662224125,0.4181173970878738,1.0977020004433171,0.16205900605184234,1.103217167604047,0.8754008169624709,0.830540992003425,5.4051247432874785e-06,0.12961639309724088,1.5367828006206439,0.08102950302592117,67.28521505217083,16.653133439395695,2.6082761388090145,9.99999945948751,3.477701518412016
16.766666666666666,0.1750154755104024,38.89232789120053,0.4612411768227612,0.4179629128129271,1.097296425199196,0.16199912917145137,1.1028095622343292,0.8750773775520119,0.8302341182809703,5.227947639694007e-06,0.1295685029720074,1.5362149952788742,0.08099956458572569,67.26035520067174,16.674893201958856,2.612652334244446,9.99999947720522,3.4835364456592584
16.8,0.17495081154874,38.87795812194223,0.46107075462573993,0.41780848566411954,1.0968909999598597,0.16193927443249048,1.102402107372325,0.8747540577437,0.8299273583263319,5.056550925235108e-06,0.12952063055587706,1.5356473999438034,0.08096963721624524,67.2355045286381,16.696644924594576,2.6170269127830355,9.999999494344891,3.4893692170440445
16.82698716579979,0.17489847615343834,38.866328034097414,0.46093282454277973,0.41768350096409823,1.0965628714594249,0.1618908313531836,1.102072336032359,0.8744923807671917,0.8296790841770035,4.921901009061814e-06,0.12948188529887045,1.5351880200431949,0.0809454156765918,67.21539177461358,16.71424955737846,2.6205674530317005,9.999999507809882,3.494089937375598
16.833333333333332,0.1748861714980777,38.86359366623949,0.46090039560330365,0.41765411561891436,1.096485724665272,0.16187944182623093,1.1019948029652122,0.8744308574903884,0.8296207120859466,4.89076134857969e-06,0.12947277584186345,1.5350800145313805,0.08093972091311546,67.2106630328483,16.71838861027931,2.6213998750219925,9.999999510923848,3.495199833362654
16.866666666666667,0.17482155534899566,38.84923452199903,0.46073009972578594,0.41749980265479775,1.0960805992554676,0.16181963134395277,1.10158764896014,0.8741077767449782,0.8293141795064147,4.7304079921598815e-06,0.1294249388229873,1.5345128389576546,0.08090981567197639,67.18583071007893,16.740124261988935,2.6257712215584323,9.999999526959185,3.5010282954112406
16.9,0.1747569630920741,38.83488068712758,0.46055986696352047,0.41734554674925595,1.0956756236704825,0.1617598429769361,1.1011806453042572,0.8737848154603705,0.8290077605343369,4.575319938407882e-06,0.12937711949226935,1.5339458731386755,0.08087992148846805,67.16100755710664,16.761851882699336,2.6301409529894686,9.99999954246799,3.506854603985955
16.933333333333334,0.17469239471789322,38.82053215953183,0.4603896972868409,0.4171913478797752,1.0952707978503518,0.161700076716461,1.1007737919447125,0.873461973589466,0.8287014551163137,4.4253262697558246e-06,0.1293293178427303,1.5333791169904925,0.0808500383582305,67.13619357070802,16.783571475386395,2.6345090699122156,9.999999557467357,3.5126787598829514
16.966666666666665,0.1746278502170332,38.80618893711849,0.46021959066608087,0.4170372060238415,1.0948661217351112,0.1616403325538075,1.1003670888286556,0.873139251085166,0.8283952631989456,4.2802560686359055e-06,0.12928153386739086,1.5328125704291558,0.08082016627690375,67.1113887476597,16.805283043025987,2.638875572923787,9.999999571974376,3.51850076389838
17.0,0.17456332958007767,38.79185101779505,0.46004954707160567,0.4168831211589495,1.0944615952648216,0.16158061048025885,1.099960535903226,0.8728166479003883,0.8280891847288903,4.139939217112535e-06,0.12923376755927435,1.53224623337075,0.08079030524012942,67.08659308473776,16.826986588593762,2.643240462621256,9.99999958600606,3.5243206168283385
17.03333333333333,0.17449883279772838,38.7775183994952,0.4598795664748903,0.4167290932628785,1.0940572183804336,0.16152091048720768,1.0995541331152356,0.8724941639886418,0.8277832196548026,4.004233788351993e-06,0.12918601891149234,1.531680105732607,0.08076045524360384,67.06180657869822,16.848682115057407,2.647603739600323,9.999999599576604,3.530138319467094
17.066666666666666,0.1744343598605028,38.76319108011174,0.45970964884571336,0.4165751223129636,1.093652991021517,0.16146123256587605,1.0991478804119619,0.8721717993025139,0.8274773679222841,3.872955099994774e-06,0.12913828791701873,1.5311141874301235,0.08073061628293803,67.03702922632556,16.870369625398375,2.6519654044591117,9.999999612704473,3.535953872612146
17.1,0.17436991075914635,38.748869057588074,0.4595397941559683,0.4164212082870898,1.0932489131293528,0.16140157670769703,1.0987417777400839,0.8718495537957317,0.827171629480743,3.7459719327738028e-06,0.12909057456899783,1.5305484783810939,0.08070078835384852,67.01226102436772,16.892049122581753,2.656325457792886,9.99999962540279,3.5417672770571786
17.133333333333333,0.17430548548440447,38.734552329867654,0.45937000237754844,0.4162673511631418,1.0928449846452228,0.16134194290410384,1.0983358250462807,0.8715274274220223,0.8268660042795872,3.623153067422002e-06,0.12904287886057395,1.5299829785033119,0.08067097145205192,66.98750196957266,16.913720609572632,2.6606839001969096,9.999999637684676,3.5475785335958765
17.166666666666668,0.17424108402702246,38.720240894893884,0.4592002734823474,0.41611355091900454,1.0924412055104082,0.16128233114652954,1.0979300222772312,0.8712054201351123,0.8265604922682253,3.5043672846722547e-06,0.1289952007848914,1.5294176877145713,0.08064116557326477,66.96275205868834,16.9353840893361,2.6650407322664464,9.999999649563254,3.553387643021926
17.2,0.1741767063777458,38.705934750610176,0.45903060744225843,0.41595980753256295,1.0920375756661902,0.16122274142640733,1.0975243693796146,0.8708835318887289,0.8262550933960652,3.389483365257495e-06,0.1289475403350945,1.5288526059326661,0.08061137071320366,66.9380112884627,16.95703956483725,2.66939595459676,9.999999661051646,3.5591946061290107
17.233333333333334,0.17411235252731982,38.691633894959956,0.4588610042291751,0.4158061209817017,1.0916340950538506,0.1611631737351703,1.0971188663001101,0.870561762636599,0.8259498076125151,3.278370089910609e-06,0.12889989750432754,1.5282877330753906,0.08058158686758515,66.91327965564372,16.97868703904117,2.6737495677831147,9.999999672162973,3.564999423710817
17.266666666666666,0.17404802246650963,38.677338325891036,0.4586914638151665,0.4156524912443535,1.0912307636148169,0.16110362806426992,1.0967135129853542,0.8702401123325482,0.8256446348672998,3.170900612440272e-06,0.12885227228574958,1.5277230690607435,0.08055181403213496,66.88855715697676,17.00032651491125,2.6781015724204678,9.999999682909921,3.5708020965606213
17.3,0.17398371618618264,38.66304804137392,0.458521986173227,0.4154989182986971,1.0908275812912813,0.1610441044052523,1.0963083093817472,0.8699185809309131,0.8253395751118086,3.066971229334765e-06,0.1288046646725961,1.5271586138077937,0.08052205220262615,66.86384378919276,17.0219579954026,2.682451969102298,9.999999693302861,3.5766026254697283
17.333333333333332,0.17391943367695228,38.64876303932273,0.45835257127410384,0.41534540212229953,1.0904245480235486,0.16098460274942833,1.0959032554362096,0.8695971683847614,0.8250346282933869,2.9664225331949014e-06,0.12875707465791286,1.526594367232968,0.08049230137471416,66.83913954905442,17.043581483492886,2.6868007584261706,9.99999970335773,3.5824010112348916
17.353841417882688,0.17387989615043015,38.639976922317814,0.45824837118609435,0.4152509806387942,1.090176658851955,0.1609480057291348,1.0956541233586397,0.8693994807521507,0.8248470681349699,2.9061982981774083e-06,0.1287278039980262,1.526247322392737,0.0804740028645674,66.82394498364343,17.05688120314457,2.6894755201885867,9.999999709380154,3.585967360251446
17.366666666666667,0.17385517492971167,38.63448331771371,0.45818321909103654,0.41519194269340187,1.090021663754005,0.160925123088368,1.0954983510950653,0.8692758746485583,0.8247297943638658,2.869157086017347e-06,0.1287095022349546,1.526030329255607,0.080462561544184,66.81444443328803,17.065196982135628,2.691147940985295,9.999999713084275,3.5881972546470573
17.4,0.17379093993535388,38.62020887452309,0.45801392959726467,0.41503853999024526,1.089618928425037,0.16086566541364136,1.0950935963046384,0.8689546996767693,0.8244250732750764,2.775077449798809e-06,0.12866194739697603,1.5254664997950518,0.08043283270682068,66.7897584386199,17.08680449428433,2.6954935173728782,9.99999972249224,3.5939913564971686
17.433333333333334,0.17372672868477196,38.6059397077271,0.45784470276602757,0.4148851939910708,1.0892163419790306,0.16080622971681835,1.0946889910112525,0.8686336434238597,0.8241204649788496,2.6840861865359537e-06,0.12861441013723196,1.5249028787706427,0.08040311485840917,66.7650815617763,17.10840402289252,2.69983748818213,9.999999731591364,3.5997833175761706
17.466666666666665,0.17366254116885904,38.59167581530201,0.45767553857056475,0.4147319046741196,1.088813904358372,0.16074681598946894,1.0942845351612318,0.8683127058442952,0.8238159694270166,2.596085858225487e-06,0.12856689044897707,1.5243394661017207,0.08037340799473447,66.74041379948353,17.1299955709137,2.704179854006257,9.999999740391397,3.605573138675007
17.5,0.17359837737850817,38.577417195224044,0.45750643698411586,0.4145786720176327,1.0884116155054475,0.1606874242231631,1.0938802287009,0.8679918868925408,0.8235115865714085,2.510979026864077e-06,0.12851938832546614,1.5237762617076265,0.08034371211158155,66.71575514846789,17.151579141301394,2.7085206154384696,9.99999974890208,3.6113608205846233
17.53333333333333,0.17353423730461248,38.56316384546945,0.4573373979799201,0.4144254959998513,1.0880094753626435,0.16062805440947087,1.0934760715765812,0.8676711865230623,0.8232073163638562,2.428668254448428e-06,0.1284719037599539,1.5232132655077006,0.08031402720473543,66.69110560545569,17.17315473700911,2.712859773071974,9.999999757133159,3.6171463640959627
17.566666666666666,0.17347012093806496,38.54891576401444,0.45716842153121723,0.41427237659901645,1.0876074838723457,0.16056870653996216,1.0930720637345988,0.8673506046903248,0.822903158756191,2.349056102975209e-06,0.1284244367456951,1.522650477421284,0.08028435326998108,66.66646516717319,17.19472236099037,2.71719732749998,9.999999765094373,3.622929769999971
17.6,0.17340602826982765,38.53467294885059,0.45699950761183045,0.4141193137935352,1.0872056409774478,0.16050938060627085,1.0926682051211705,0.8670301413491381,0.8225991137012948,2.272059340614592e-06,0.12837698727599592,1.5220878973684269,0.08025469030313542,66.64183383034019,17.216282016191542,2.721533279314374,9.99999977279405,3.628711039085829
17.633333333333333,0.17334195929079788,38.52043539795509,0.45683065619506774,0.41396630756165925,1.0868039466203736,0.16045007659997082,1.09226449568257,0.8667097964539893,0.822295181151122,2.197582547117291e-06,0.12832955534411436,1.521525525268523,0.08022503829998541,66.61721159167995,17.237833705566974,2.7258676291085466,9.99999978024173,3.634490172144726
17.666666666666668,0.1732779139918801,38.506203109306696,0.4566618672542996,0.4138133578816572,1.0864024007435995,0.16039079451264265,1.091860935365058,0.8663895699594005,0.8219913610577393,2.125531849722015e-06,0.12828214094331372,1.5209633610410391,0.08019539725632133,66.59259844791488,17.259377432070373,2.730200377475774,9.9999997874468,3.640267169967696
17.7,0.17321389236409276,38.4919760809095,0.45649314076385467,0.4136604647320722,1.0860010032904392,0.16033153433597241,1.0914575241147269,0.8660694618204637,0.8216876533749384,2.055836606192765e-06,0.12823474406694238,1.5204014046066148,0.08016576716798621,66.5679943957572,17.280913198643326,2.7345315250070827,9.999999794416324,3.6460420333427743
17.733333333333334,0.17314989439845416,38.477754310767594,0.45632447669806153,0.41350762809144737,1.0855997542042062,0.16027229606164617,1.091054261877671,0.8657494719922707,0.8213840580565108,1.9884261742935094e-06,0.12818736470834868,1.5198396558858887,0.08013614803082308,66.54339943191916,17.30244100822744,2.738861072293501,9.999999801157367,3.6518147630579985
17.766666666666666,0.17308592008598267,38.46353779688504,0.4561558750312489,0.4133548479383257,1.0851986534282143,0.16021307968134996,1.0906511485999837,0.8654296004299132,0.821080575056248,1.9232299117882466e-06,0.12814000286088098,1.5192781147995,0.08010653984067498,66.518813553113,17.323960863764306,2.7431890199260556,9.999999807676993,3.6575853599014043
17.8,0.17302196941769665,38.44932653726592,0.4559873357377453,0.4132021242512506,1.084797700905777,0.16015388518676985,1.0902481842277578,0.8651098470884832,0.8207772043279415,1.8601771764409474e-06,0.12809265851788768,1.5187167812680877,0.08007694259338492,66.49423675605095,17.345472768195524,2.7475153684957747,9.999999813982267,3.66335382466103
17.833333333333332,0.17295804238461449,38.43512052991433,0.4558188587918794,0.41304945700876483,1.0843968965802078,0.16009471256959187,1.0898453687070875,0.8647902119230724,0.8204739458253829,1.799197326015609e-06,0.1280453316727171,1.5181556552122908,0.08004735628479594,66.46966903744527,17.366976724462692,2.751840118593685,9.999999820080252,3.6691201581249104
17.866666666666667,0.17289413897775452,38.42091977283434,0.4556504441679798,0.4128968461894117,1.0839962403948205,0.1600355618215021,1.089442701984066,0.8644706948887725,0.8201707995023636,1.740219718276203e-06,0.12799802231871762,1.5175947365527485,0.08001778091075105,66.44511039400818,17.388472735507406,2.756163270810815,9.999999825978012,3.6748843610810837
17.897191516797946,0.1728356404367372,38.40792009705271,0.45549627387827424,0.41275714299199145,1.0836294711898775,0.15998141396565346,1.0890740922174025,0.8641782021836859,0.8198932929808936,1.6879073168930432e-06,0.12795471432751734,1.5170812596658283,0.07999070698282673,66.42262888433937,17.40815064418978,2.760120776911008,9.999999831209253,3.6801610358813415
17.9,0.1728302591881351,38.40672426403003,0.4554820918403751,0.4127442917717342,1.0835957322929284,0.1599764329341866,1.0890401840047865,0.8641512959406755,0.8198677653126751,1.6831737109867262e-06,0.1279507304492376,1.5170340252100998,0.0799882164670933,66.42056082245193,17.40996080427126,2.7604848257381915,9.999999831682613,3.6806464343175858
17.933333333333334,0.17276640300686813,38.39253400152626,0.4553138017841404,0.41259179373450067,1.0831953722185252,0.159917325899418,1.0886378147152598,0.8638320150343406,0.8195648432114527,1.6280063152360036e-06,0.1279034560576952,1.5164735211059353,0.079958662949709,66.3960203194837,17.43144093368432,2.7648047839646646,9.999999837199352,3.6864063786195507
17.966666666666665,0.17270257042490916,38.37834898331315,0.45514557397314415,0.41243935205610327,1.0827951601144756,0.1598582407088243,1.0882355940615802,0.8635128521245458,0.8192620331516595,1.5746364824888633e-06,0.12785619913739202,1.5159132241602657,0.07992912035441214,66.37148888181578,17.452913126697556,2.769123146083062,9.999999842536337,3.692164194777414
18.0,0.1726387614333462,38.364169207410264,0.45497740838229345,0.4122869667152528,1.0823950959246038,0.159799177354156,1.0878335219897488,0.8631938071667309,0.8189593350881282,1.5230075156650351e-06,0.12780895968172837,1.5153531342944453,0.079899588677078,66.34696650615479,17.474377386244864,2.773439912682977,9.999999847699232,3.6979198835773
18.03333333333333,0.17257497602329694,38.34999467184377,0.454809304986729,0.4121346376907315,1.0819951795929488,0.15974013582719118,1.0874315984457459,0.8628748801164846,0.8186567489761122,1.4730681993727981e-06,0.12776173768412677,1.5147932514301283,0.07987006791359559,66.32245318920604,17.49583371525635,2.7777550843532812,9.999999852693165,3.7036734458043723
18.066666666666666,0.172511214185879,38.33582537463978,0.4546412637615912,0.4119823649613218,1.08159541106355,0.15968111611970792,1.0870298233755509,0.8625560709293949,0.8183542747708642,1.4247673182204093e-06,0.12771453313800976,1.5142335754889698,0.07984055805985396,66.29794892767485,17.517282116662127,2.7820686616828496,9.999999857523253,3.709424882243797
18.1,0.17244747591221007,38.32166131382446,0.4544732846820207,0.4118301485058058,1.0811957902804457,0.1596221182234842,1.0866281967251434,0.8622373795610503,0.8180519124276373,1.3780536568161417e-06,0.1276673460367998,1.5136741063926238,0.0798110591117421,66.2734537182665,17.538722593392304,2.7863806452605555,9.999999862194619,3.7151741936807383
18.133333333333333,0.17238376119340781,38.30750248742397,0.45430536772315805,0.411677988302966,1.0807963171876755,0.15956314213029815,1.0862267184405032,0.861918805967039,0.8177496619016845,1.3328759997682674e-06,0.12762017637391945,1.5131148440627455,0.07978157106514908,66.2489675576863,17.56015514837699,2.790691035675272,9.999999866712384,3.7209213809003603
18.166666666666668,0.17232007002058983,38.293348893464405,0.4541375128601438,0.41152588433158444,1.0803969917292782,0.15950418783192774,1.0858253884676103,0.8616003501029491,0.8174475231482589,1.2891831316850453e-06,0.12757302414279117,1.5125557884209893,0.07975209391596387,66.22449044263956,17.581579784546292,2.7949998335158734,9.999999871081672,3.726666444687829
18.2,0.17225640238487383,38.279200529971966,0.45396972006811853,0.4113738365704436,1.079997813849293,0.15944525532015105,1.0854242067524444,0.8612820119243692,0.8171454961226133,1.2469238371747516e-06,0.1275258893368375,1.51199693938901,0.07972262766007553,66.20002236983159,17.60299650483032,2.799307039371233,9.999999875307601,3.7324093858283085
18.233333333333334,0.1721927582774098,38.26505739497995,0.45380198932245497,0.4112218449984033,1.079598783491989,0.15938634458677606,1.085023173240991,0.8609637913870489,0.816843580780419,1.2060520929950988e-06,0.12747877194950502,1.5114382968887843,0.07969317229338803,66.17556333596804,17.62440531215417,2.803612653829259,9.999999879394776,3.7381502051056756
18.266666666666666,0.1721291376894164,38.25091948653697,0.45363432059903785,0.4110699095944892,1.079199900602128,0.1593274556236745,1.084622287879225,0.860645688447082,0.8165417770782681,1.16653354616403e-06,0.12743167197429164,1.5108798608429792,0.07966372781183725,66.15111333775394,17.64580620943296,2.8079166774759443,9.99999988334663,3.7438889033012566
18.3,0.172065540611857,38.23678680263489,0.45346671387193427,0.4109180303371122,1.0788011651226574,0.15926858842248137,1.0842215506130493,0.860327703059285,0.8162400849694817,1.1282934541088315e-06,0.12738458940450478,1.5103216311717202,0.07963429421124069,66.12667237188988,17.667199199622193,2.812219110905082,9.99999988717064,3.7496254812067735
18.333333333333332,0.17200196703594103,38.22265934132023,0.4532991691169773,0.4107662072052757,1.0784025769982752,0.15920974297505974,1.0838209613884167,0.8600098351797051,0.8159385044105592,1.0912965003563555e-06,0.12733752423363545,1.5097636077975851,0.07960487148752987,66.10224043507954,17.688584285639035,2.816519954703069,9.999999890870335,3.7553599396040895
18.366666666666667,0.1719384169528779,38.20853710063953,0.45313168630999956,0.4106144401779827,1.0780041361736803,0.1591509192732727,1.0834205201512799,0.8596920847643894,0.8156370353579993,1.0555073684334375e-06,0.12729047645517463,1.5092057906431524,0.07957545963663636,66.07781752402656,17.70996147040065,2.8208192094563054,9.999999894449248,3.761092279275071
18.4,0.17187489035387712,38.19442007863936,0.45296426542683393,0.4104627292342363,1.0776058425935717,0.15909211730898337,1.0830202268475921,0.8593744517693855,0.8153356777683011,1.020890741866929e-06,0.12724344606261326,1.5086481796310003,0.07954605865449169,66.05340363543465,17.7313307568242,2.8251168757511875,9.99999989791091,3.7668225010015806
18.433333333333334,0.17181138723014808,38.180308273366244,0.4527969064433131,0.4103110743530399,1.077207696202648,0.1590333370740548,1.0826200814233067,0.8590569361507403,0.8150344315979636,9.87411304183666e-07,0.12719643304944236,1.5080907746837071,0.0795166685370274,66.02899876600748,17.75269214782685,2.8294129541741153,9.999999901258855,3.7725506055654843
18.457553948768624,0.17176525940892698,38.17005764642822,0.45267533913157576,0.41020091427221583,1.0769184879837235,0.158990639896204,1.082329421103519,0.8588262970446349,0.8148156104368364,9.63777746078176e-07,0.1271622834243869,1.5076858831772126,0.079495319948102,66.01127139310363,17.76820877781984,2.8325335683428836,9.99999990362221,3.7767114244571753
18.466666666666665,0.17174790757290026,38.166201682866735,0.4526296093352701,0.4101594755133965,1.076809696945608,0.15897457856035005,1.0822200838243763,0.8587395378645013,0.8147332968034862,9.550337389104994e-07,0.1271494374091529,1.507533575723851,0.07948728928017502,66.00460291244872,17.77404564632576,2.833707445311486,9.999999904496612,3.7782765937486453
18.5,0.17168445137334315,38.15210030518737,0.45246237407853745,0.4100079326943092,1.0764118447671505,0.15891584175973222,1.0818202339967544,0.8584222568667157,0.8144322733413675,9.23722729574266e-07,0.12710245913523585,1.5069765826740105,0.07945792087986611,65.98021607146205,17.7953912552381,2.8380003497496986,9.999999907627712,3.784000466332929
18.53333333333333,0.17162101862268614,38.1380041383747,0.45229520064894824,0.4098564458747813,1.0760141396119742,0.15885712666406443,1.0814205318863936,0.8581050931134306,0.8141313611681068,8.934429597018161e-07,0.1270554982211822,1.5064197954567637,0.07942856333203221,65.95583823975115,17.81672897748103,2.8422916680751507,9.999999910655688,3.7897222241001987
18.566666666666666,0.1715576093121387,38.12391318047528,0.4521280890223351,0.40970501503381596,1.0756165814247778,0.1587984332652097,1.081020977439247,0.8577880465606934,0.8138305602402032,8.641591128199866e-07,0.12700855466048294,1.5058632139946888,0.07939921663260485,65.93146941401967,17.838058815971717,2.846581400874242,9.999999913584073,3.79544186783232
18.6,0.1714942234329103,38.10982742953562,0.4519610391745308,0.40955364015041623,1.07521917015026,0.15873976155503114,1.0806215706012676,0.8574711171645514,0.8135298705141555,8.358358724556247e-07,0.12696162844662903,1.505306838210364,0.07936988077751557,65.90710959097132,17.85938077362732,2.8508695487333693,9.999999916416398,3.8011593983111567
18.633333333333333,0.17143086097621035,38.0957468836023,0.45179405108136833,0.40940232120358544,1.0748219057331199,0.15868111152539185,1.0802223113184088,0.8571543048810517,0.813229291946463,8.084379221355769e-07,0.12691471957311148,1.5047506680263678,0.07934055576269593,65.88275876730975,17.880694853365004,2.8551561122389315,9.999999919156192,3.806874816318573
18.666666666666668,0.17136752193338886,38.081671540753085,0.4516271247195927,0.40925105817266416,1.0744247881190385,0.15862248316828503,1.0798231995367802,0.8568376096669442,0.8129288244952669,7.819490837878042e-07,0.1268678280335259,1.5041947033666538,0.07931124158414252,65.85841693974822,17.90200105807625,2.8594410919723163,9.999999921805077,3.812588122629753
18.7,0.17130420629552456,38.06760139900546,0.45146026006425005,0.409099851036342,1.0740278172518123,0.15856387647545273,1.0794242352021062,0.8565210314776227,0.8126284681156501,7.563184220804133e-07,0.126820953821266,1.503638944152537,0.07928193823772636,65.83408410497645,17.92329939070457,2.863724488525095,9.999999924368144,3.8182993180334575
18.733333333333334,0.17124091405388905,38.05353645641979,0.451293457091603,0.4089486997737712,1.0736309930765795,0.15850529143881556,1.0790254182603733,0.8562045702694452,0.8123282227648855,7.315200165273773e-07,0.12677409692986907,1.5030833903072112,0.07925264571940778,65.80976025970017,17.944589854156828,2.8680063024816693,9.999999926847984,3.8240084033088904
18.766666666666666,0.17117764519977252,38.03947671106056,0.4511267157780325,0.40879760436414925,1.0732343155386075,0.1584467280503114,1.0786267486575927,0.8558882259988625,0.8120280884004585,7.075303900082175e-07,0.12672725735288626,1.5025280417540505,0.0792233640251557,65.78544540062659,17.965872451336388,2.872286534425758,9.999999929246947,3.8297153792343424
18.8,0.1711143997244651,38.02542216099225,0.4509600360999193,0.40864656478667305,1.0728377845831643,0.15838818630187806,1.078228226339776,0.8555719986223255,0.8117280649798547,6.843260654024448e-07,0.12668043508386864,1.5019728984164298,0.07919409315093903,65.76113952446293,17.987147185146615,2.876565184941082,9.999999931567379,3.8354202465881064
18.833333333333332,0.17105117761925698,38.01137280427933,0.45079341803364426,0.40849558102053996,1.0724414001555165,0.15832966618545338,1.077829851252933,0.8552558880962848,0.8114281524605597,6.6188356558958e-07,0.12663363011636738,1.5014179602177231,0.07916483309272669,65.73684262791639,18.008414058490878,2.8808422546113572,9.999999933811628,3.8411230061484742
18.866666666666667,0.1709879788754383,37.99732863898628,0.45062686155558834,0.40834465304494705,1.0720451622009324,0.15827116769297525,1.0774316233430759,0.8549398943771914,0.8111283508000591,6.401794134491343e-07,0.1265868424439336,1.5008632270813054,0.07913558384648763,65.7125547076942,18.02967307427255,2.8851177440203055,9.999999935982045,3.8468236586937383
18.9,0.17092480348429925,37.983289663177615,0.4504603666421324,0.40819378083909147,1.0716490706646795,0.15821269081638145,1.077033542556215,0.8546240174214962,0.8108286599558383,6.191901318606285e-07,0.12654007206011836,1.5003086989305512,0.07910634540819073,65.68827576050356,18.050924235394987,2.8893916537516446,9.999999938080972,3.8525222050021903
18.933333333333334,0.17086165143712997,37.96925587491778,0.45029393326965717,0.4080429643821704,1.0712531254920248,0.15815423554760985,1.0766356088383617,0.8543082571856498,0.8105290798853829,5.988922437035739e-07,0.12649331895847282,1.4997543756888345,0.07907711777380493,65.66400578305168,18.07216754476157,2.8936639843890943,9.999999940110762,3.8582186458521233
18.966666666666665,0.17079852272522064,37.95522727227125,0.45012756141454363,0.4078922036533809,1.0708573266282362,0.15809580187859829,1.0762378221355267,0.8539926136261031,0.8102296105461786,5.792622718574908e-07,0.12644658313254808,1.4992002572795307,0.07904790093929914,65.63974477204577,18.09340300527565,2.8979347365163726,9.999999942073758,3.863912982021828
19.0,0.17073541733986142,37.94120385330255,0.4499612510531727,0.40774149863192033,1.070461674018581,0.15803738980128462,1.0758401823937211,0.853677086699307,0.8099302518957109,5.602767392018911e-07,0.1263998645758953,1.4986463436260133,0.07901869490064231,65.61549272419306,18.114630619840607,2.9022039107171995,9.99999994397231,3.869605214289597
19.03333333333333,0.17067233527234246,37.9271856160761,0.44979500216192514,0.40759084929698575,1.0700661676083272,0.15797899930760664,1.0754426895589562,0.8533616763617122,0.8096310038914653,5.419121686162949e-07,0.12635316328206558,1.4980926346516579,0.07898949965380332,65.59124963620074,18.135850391359803,2.906471507575294,9.999999945808769,3.8752953434337227
19.035461371240668,0.17066830883304726,37.92629085178828,0.4497843907305224,0.4075812335626622,1.07004092299274,0.1579752723248451,1.0754173181518167,0.8533415441652362,0.8096119033149404,5.407602919697325e-07,0.12635018240442528,1.4980572921898356,0.07898763616242255,65.58970223407931,18.13720481943557,2.9067439022614905,9.999999945923957,3.8756585363486518
19.066666666666666,0.17060927651410956,37.91317255869101,0.44962881471804195,0.40744025562814756,1.0696708073438015,0.15792063038964635,1.0750453435776188,0.8530463825705478,0.8093318664924756,5.241609722622915e-07,0.12630647924472574,1.497539130281322,0.07896031519482317,65.56701550479897,18.15706232270218,2.91073752766758,9.999999947583888,3.8809833702234373
19.1,0.17054624105632604,37.89916467918356,0.44946268869724465,0.40728971760429894,1.0692755931694158,0.1578622830392241,1.0746481443953573,0.8527312052816302,0.8090328396550404,5.069881908775472e-07,0.12625981245733267,1.496985830437182,0.07893114151961204,65.54279032667284,18.178266416800824,2.9150019715836595,9.999999949301165,3.8866692954448765
19.133333333333333,0.1704832288902527,37.885161975611716,0.4492966240757865,0.4071392352045666,1.0688805250302438,0.15780395724825053,1.0742510919580652,0.8524161444512635,0.8087339233364158,4.903685830535035e-07,0.12621316291341564,1.4964327350423412,0.07890197862412526,65.51857409852241,18.19946267656699,2.9192648399088252,9.999999950963126,3.892353119878431
19.166666666666668,0.1704202400072542,37.87116444605648,0.4491306208304902,0.4069888084083266,1.0684856028720662,0.1577456530087325,1.0738541862118933,0.852101200036271,0.8084351174948824,4.742873304115509e-07,0.12616653060658123,1.4958798440208925,0.07887282650436625,65.49436681706338,18.22065110488875,2.9235261332237883,9.999999952571251,3.898034844298382
19.2,0.1703572743986953,37.85717208859896,0.44896467893817826,0.40683843719495494,1.068090826640664,0.15768737031267693,1.073457427102993,0.8517863719934765,0.8081364220887209,4.587296145730869e-07,0.12611991553043603,1.4953271572969293,0.07884368515633847,65.47016847901155,18.24183170465415,2.9277858521092583,9.999999954127023,3.903714469479009
19.233333333333334,0.1702943320559407,37.84318490132015,0.44879879837567327,0.4066881215438279,1.0676961962818177,0.15762910915209064,1.0730608145775151,0.8514716602797033,0.8078378370762119,4.436806171595023e-07,0.12607331767858665,1.4947746747945445,0.07881455457604532,65.44597908108265,18.26300447875126,2.932043997145947,9.999999955631923,3.909391996194593
19.266666666666666,0.17023141297035504,37.829202882301125,0.4486329791197978,0.4065378614343216,1.067301711741308,0.15757086951898056,1.0726643485816112,0.8511570648517751,0.8075393624156361,4.291255197921946e-07,0.12602673704463968,1.494222396437831,0.07878543475949028,65.42179861999247,18.28416943006813,2.9363005689145623,9.999999957087432,3.915067425219414
19.3,0.17016851713330308,37.815226029622906,0.44846722114737436,0.4063876568458118,1.0669073729649157,0.15751265140535348,1.0722680290614324,0.8508425856665154,0.8072409980652738,4.1504950409255466e-07,0.12598017362220165,1.4936703221508818,0.07875632570267674,65.39762709245676,18.30532656149283,2.9405555679958164,9.999999958495033,3.920740757327753
19.333333333333332,0.17010564453614951,37.80125434136656,0.44830152443522553,0.40623750775767486,1.0665131798984215,0.15745445480321635,1.0718718559631293,0.8505282226807476,0.8069427439834059,4.014377516819797e-07,0.1259336274048792,1.49311845185779,0.07872722740160817,65.37346449519126,18.326475875913413,2.944808994970419,9.99999995985621,3.9264119932938892
19.366666666666667,0.17004279517025908,37.78728781561313,0.44813588896017387,0.4060874141492868,1.0661191324876063,0.157396279704576,1.0714758292328537,0.8502139758512953,0.806644600128313,3.8827544418186096e-07,0.1258870983862789,1.4925667854826488,0.078698139852288,65.34931082491175,18.34761737621794,2.9490608504190803,9.99999996117244,3.9320811338921047
19.4,0.1699799690269964,37.77332645044365,0.447970314699042,0.4059373760000237,1.0657252306782505,0.15733812610143932,1.0710799488167566,0.8498998451349821,0.8063465664582756,3.7554776321359533e-07,0.12584058656000735,1.4920153229495507,0.07866906305071966,65.325166078334,18.36875106529447,2.9533111349225103,9.999999962445209,3.937748179896678
19.433333333333334,0.16991716609772628,37.75937024393917,0.4478048016286525,0.40578739328926156,1.065331474416135,0.15727999398581322,1.0706842146609894,0.8495858304886313,0.8060486429315745,3.6323989039857425e-07,0.12579409191967109,1.4914640641825891,0.07863999699290661,65.30103025217375,18.389876946031066,2.95755984906142,9.999999963675995,3.943413132081891
19.466666666666665,0.16985438637381337,37.74541919418075,0.44763934972582786,0.4056374659963766,1.0649378636470408,0.1572218833497045,1.0702886267117029,0.8492719318690668,0.8057508295064901,3.513370073581946e-07,0.12574761445887675,1.4909130091058571,0.07861094167485225,65.27690334314676,18.41099502131578,2.961806993416519,9.999999964866284,3.949075991222023
19.5,0.16979162984662238,37.731473299249416,0.4474739589673906,0.40548759410074486,1.0645443983167482,0.15716379418512008,1.0698931849150481,0.8489581492331119,0.8054531261413032,3.3982429571384765e-07,0.1257011541712309,1.4903621576434474,0.07858189709256004,65.25278534796878,18.43210529403668,2.9660525685685184,9.999999966017555,3.954736758091355
19.53333333333333,0.16972889650751802,37.71753255722622,0.44730862933016347,0.40533777758174244,1.0641510783710382,0.15710572648406682,1.0694978892171765,0.8486444825375901,0.8051555327942943,3.286869370869303e-07,0.12565471105034015,1.4898115097194533,0.07855286324203341,65.2286762633556,18.45320776708182,2.9702965750981276,9.999999967131291,3.9603954334641673
19.566666666666666,0.16966618634800848,37.70359696622411,0.4471433607916462,0.4051880164190891,1.063757903756647,0.15704768023868448,1.0691027395647417,0.8483309317400424,0.8048580494249632,3.179206747599776e-07,0.12560828508991762,1.4892610652593057,0.07852384011934224,65.20457608605359,18.474302443302903,2.97453901357883,9.999999968207916,3.966052018105104
19.6,0.16960349935935226,37.689666524300506,0.4469781533282091,0.4050383105919067,1.0633648744186568,0.15698965544088153,1.0687077359034562,0.8480174967967612,0.8045606759907764,3.075046054154853e-07,0.12556187628349108,1.4887108241861196,0.07849482772044077,65.1804848127518,18.49538932561687,2.978779884597095,9.999999969249524,3.9717065127961235
19.631463119205424,0.16954435076293764,37.676522391763925,0.44682227107499617,0.4048970549702739,1.0629940297810518,0.15693490587608705,1.0683350283708253,0.8477217538146882,0.8042800879349932,2.979809720743242e-07,0.1255180870407849,1.4881916416934724,0.07846745293804352,65.15775338033663,18.51528595073633,2.9827813780196806,9.999999970201886,3.9770418373595717
19.633333333333333,0.16954083553290233,37.675741229533855,0.44681300691665,0.4048886600795435,1.0629719903027768,0.15693165208265408,1.0683128781793905,0.8477041776645117,0.80426341244997,2.974241240566088e-07,0.12551548462465847,1.4881607864238875,0.07846582604132704,65.15640244016103,18.51646841691593,2.9830191887344704,9.999999970257571,3.977358918312625
19.666666666666668,0.16947819486009127,37.66182108002028,0.446647921534135,0.4047390648615378,1.0625792513552432,0.15687367015607176,1.067918166338901,0.8473909743004563,0.803966258761443,2.8767023321286497e-07,0.12546911010707673,1.4876109518973404,0.07843683507803588,65.13232896500958,18.53753972007192,2.98725692656845,9.99999997123296,3.983009235424597
19.7,0.16941557733235152,37.64790607385589,0.4464828971578301,0.4045895249174285,1.0621866575222927,0.1568157096532042,1.0675236003283441,0.8470778866617575,0.8036692148840943,2.7823393541377486e-07,0.12542275272440284,1.4870613205312095,0.0784078548266021,65.10826438402572,18.558603237956657,2.991493098676524,9.99999997217659,3.988657464902029
19.733333333333334,0.1693529829411156,37.6339962091368,0.4463179337649015,0.4044400402267541,1.0617942087501615,0.15675777056612106,1.067129180094077,0.8467649147055779,0.8033722807768227,2.6910623318885537e-07,0.12537641247029377,1.486511892250226,0.07837888528306053,65.08420869393775,18.57965897344197,2.995727705636186,9.999999973089361,3.9943036075149116
19.766666666666666,0.16929041167781594,37.62009148395911,0.44615303133251516,0.40429061076905304,1.0614019049850867,0.15669985288689198,1.0667349055824562,0.8464520583890797,0.8030754563985273,2.602781290676274e-07,0.12533008933840645,1.4859626669791213,0.07834992644344599,65.06016189147401,18.600706929399674,2.9999607480249266,9.999999973972171,3.999947664033233
19.8,0.16922786353388508,37.606191896418906,0.4459881898378372,0.4041412365238641,1.0610097461733043,0.15664195660758656,1.0663407767398385,0.8461393176694254,0.802778741708107,2.5174062557960807e-07,0.12528378332239787,1.485413644642626,0.07832097830379328,65.03612397336275,18.6217471087016,3.004192226420239,9.999999974825922,4.005589635226983
19.833333333333332,0.16916533850075552,37.59229744461234,0.4458234092580338,0.4039919174707256,1.0606177322610513,0.1565840817202745,1.0659467935125806,0.8458266925037775,0.8024821366644609,2.4348472525431804e-07,0.12523749441592494,1.4848648251654717,0.07829204086013725,65.01209493633229,18.642779514219576,3.0084221413996146,9.99999997565151,4.0112295218661504
19.866666666666667,0.1691028365698597,37.578408126635495,0.4456586895702709,0.4038426535891763,1.0602258631945638,0.1565262282170254,1.0655529558470391,0.8455141828492985,0.8021856412264876,2.355014306212746e-07,0.12519122261264465,1.484316208472389,0.0782631141085127,64.98807477711092,18.663804148825417,3.0126504935405456,9.99999997644984,4.016867324720725
19.9,0.16904035773263015,37.564523940584486,0.4454940307517147,0.40369344485875464,1.0598341389200787,0.1564683960899089,1.065159263689571,0.8452017886631507,0.8018892553530864,2.2778174420999839e-07,0.12514496790621393,1.48376779448811,0.07823419804495445,64.96406349242694,18.684821015390952,3.016877283420524,9.99999997722181,4.022503044560696
19.933333333333334,0.16897790198049933,37.55064488455541,0.4453294327795311,0.4035442912589993,1.0594425593838321,0.15641058533099467,1.064765716986533,0.8448895099024967,0.801592979003156,2.203166685500067e-07,0.12509873029028978,1.483219583137365,0.07820529266549733,64.94006107900864,18.705830116788004,3.0211025116170416,9.999999977968317,4.0281366821560525
19.966666666666665,0.16891546930489976,37.536770956644396,0.44516489563088635,0.40339519276944874,1.059051124532061,0.1563527959323523,1.0643723156842817,0.8445773465244988,0.8012968121355954,2.1309720617082007e-07,0.1250525097585291,1.4826715743448855,0.07817639796617615,64.91606753358434,18.726831455888398,3.0253261787075902,9.999999978690264,4.033768238276784
20.0,0.16885305969726394,37.522902154947545,0.4450004192829465,0.4032461493696417,1.0586598343110019,0.15629502788605149,1.063979059729174,0.8442652984863196,0.8010007547093037,2.0611435960195592e-07,0.12500630630458892,1.4821237680354025,0.07814751394302574,64.89208285288233,18.747825035563956,3.029548285269663,9.999999979388548,4.039397713692881
20.03333333333333,0.1687906731490243,37.50903847756096,0.4448360037128775,0.40309716103911664,1.058268688666891,0.15623728118416183,1.0635859490675663,0.8439533657451215,0.8007048066831796,1.993591313729347e-07,0.12496011992212615,1.4815761641336473,0.07811864059208092,64.86810703363088,18.768810858686503,3.0337688318807503,9.99999998006407,4.045025109174332
20.066666666666666,0.1687283096518874,37.49517992264164,0.44467164889892496,0.4029482277580678,1.0578776875477498,0.1561795558190067,1.0631929836470626,0.8436415482594369,0.8004089680180649,1.9283513548518882e-07,0.12491395060500102,1.4810287625668497,0.07808977790950335,64.84414007263435,18.78978892804991,3.0379878191027703,9.999999980716469,4.050650425470358
20.1,0.16866596919703175,37.481326488229286,0.4445073548172897,0.4027993495054263,1.0574868308981675,0.15612185178242055,1.0628001634128166,0.8433298459851587,0.8001132386711215,1.8652292913547034e-07,0.12486779834668214,1.4804815632574344,0.07806092589121028,64.82018196654768,18.81075924659965,3.0422052475279404,9.99999998134769,4.056273663370585
20.133333333333333,0.16860365177582792,37.46747817240621,0.44434312144491983,0.40265052626058245,1.057096118663982,0.15606416906641576,1.0624074883108683,0.8430182588791395,0.7998176186008558,1.8041157864133954e-07,0.12482166314078057,1.4799345661295746,0.07803208453320788,64.79623271207986,18.831721817226185,3.0464211177374874,9.999999981958824,4.061894823649981
20.166666666666668,0.16854135737977716,37.45363497328381,0.44417894875927444,0.40250175800323973,1.0567055507918817,0.15600650766312563,1.0620149582878577,0.8427067868988858,0.799522107766694,1.7449603260417943e-07,0.12477554498100431,1.4793877711086343,0.07800325383156281,64.77229230597645,18.85267664278267,3.050635430305179,9.99999998255038,4.06751390707357
20.2,0.16847908600038075,37.439796888973504,0.4440148367378125,0.40235304471310107,1.0563151272285554,0.15594886756468346,1.0616225732904252,0.8423954300019036,0.7992267061280626,1.687712396253756e-07,0.12472944386106133,1.4788411781199775,0.07797443378234173,64.74836074498303,18.873623726122236,3.054848185804781,9.999999983122859,4.073130914406373
20.233333333333334,0.1684168376291399,37.42596391758664,0.4438507853579932,0.40220438636986977,1.0559248479206915,0.15589124876322252,1.0612303332652098,0.8420841881456994,0.7989314136443878,1.6323214830631117e-07,0.12468335977465964,1.478294787088968,0.07794562438161126,64.72443802584515,18.89456307009804,3.059059384810062,9.999999983676767,4.078745846413414
20.246125727374732,0.16839295456581715,37.42065657018159,0.4437878431583788,0.40214735007231267,1.055775108012293,0.15586914194409732,1.0610798410790496,0.8419647728290857,0.7988181176850819,1.6115464405245082e-07,0.12466567852241693,1.4780851512172102,0.07793457097204866,64.71525950741123,18.902596945868467,3.0606751111527837,9.999999983884518,4.0809001482037095
20.266666666666666,0.16835461225755588,37.41213605723464,0.44368679459727556,0.4020557829532491,1.0555347128149786,0.15583365125087617,1.0608382381588517,0.8417730612877794,0.798636230275096,1.578737072483716e-07,0.12463729271550722,1.47774859794097,0.07791682562543809,64.70052414530836,18.91549467756322,3.063269027894788,9.999999984212613,4.0843587038597144
20.3,0.16829240987712996,37.39831330602888,0.4435228644331186,0.40190723444294213,1.0551447218581052,0.1557760750197777,1.060446287917991,0.8414620493856497,0.7983411559796135,1.5269086505294013e-07,0.12459124267731206,1.4772026106013472,0.07788803750988885,64.67661910011827,18.93641855137092,3.0674771156327263,9.999999984730897,4.0899694875103
20.333333333333332,0.16823023047936336,37.38449566208075,0.4433589948429814,0.40175874081865215,1.05475487499676,0.15571852006206036,1.060054482489267,0.8411511523968167,0.7980461907173666,1.476785703214021e-07,0.12454520965378217,1.476656824995464,0.07785926003103018,64.6527228870204,18.95733469437429,3.071683648597644,9.999999985232126,4.09557819813019
20.366666666666667,0.16816807405575734,37.370683123501635,0.44319518580432304,0.40161030206008236,1.0543651721776315,0.1556609863698575,1.05966282181932,0.8408403702787867,0.7977513344477815,1.4283177165514084e-07,0.12449919363862552,1.476111241048684,0.07783049318492875,64.62883550276032,18.97824310942647,3.075888627363309,9.999999985716805,4.10118483648441
20.4,0.1681059405978132,37.35687568840294,0.44303143729460265,0.4014619181469359,1.053975613347408,0.15560347393530244,1.0592713058547898,0.8405297029890659,0.7974565871302848,1.3814541765554167e-07,0.12445319462555011,1.4755658586863714,0.07780173696765122,64.60495694408363,18.9991437993806,3.080092052503487,9.999999986185442,4.10678940333798
20.433333333333334,0.1680438300970321,37.34307335489603,0.44286774929127914,0.40131358905891595,1.0535861984527786,0.15554598275052847,1.0588799345423157,0.8402191504851605,0.7971619487243025,1.336144569239879e-07,0.12440721260826394,1.47502067783389,0.07777299137526424,64.58108720773583,19.020036767089834,3.084293924591946,9.999999986638537,4.112391899455925
20.466666666666665,0.16798174254491538,37.32927612109231,0.4427041217718117,0.4011653147757258,1.0531969274404314,0.15548851280766887,1.058488707828538,0.8399087127245768,0.7968674191892611,1.2923383806186485e-07,0.124361247580475,1.4744756984166039,0.07774425640383444,64.55722629046254,19.040922015407308,3.0884942442024523,9.999999987076599,4.117992325603268
20.5,0.16791967793296422,37.315483985103164,0.4425405547136594,0.4010170952770686,1.0528078002570551,0.15543106409885699,1.0580976256600967,0.839598389664821,0.796572998484587,1.2499850967055587e-07,0.12431529953589127,1.473930920359877,0.07771553204942849,64.5333741890093,19.061799547186173,3.0926930119087745,9.999999987500132,4.12359068254503
20.53333333333333,0.16785763625267994,37.301696945039986,0.44237704809428124,0.40086893054264755,1.052418816849338,0.15537363661622608,1.057706687983631,0.8392881812633997,0.7962786865697062,1.2090342035144622e-07,0.12426936846822073,1.4733863435890733,0.07768681830811304,64.50953090012166,19.082669365279568,3.096890228284678,9.999999987909641,4.129186971046235
20.566666666666666,0.1677956174955637,37.287914999014156,0.4422136018911363,0.40072082055216585,1.0520299771639692,0.15531623035190947,1.0573158947457815,0.8389780874778185,0.7959844834040454,1.1694351870591933e-07,0.12422345437117141,1.4728419680295568,0.07765811517595474,64.48569642054521,19.10353147254064,3.101085893903931,9.999999988305632,4.134781191871906
20.6,0.16773362165311687,37.27413814513709,0.4420502160816837,0.40057276528532665,1.0516412811476368,0.15525884529804046,1.0569252458931877,0.8386681082655842,0.7956903889470307,1.1311375333535998e-07,0.12417755723845127,1.4722977936066914,0.07762942264902023,64.46187074702551,19.12438587182254,3.1052800093403006,9.999999988688607,4.140373345787065
20.633333333333333,0.16767164871684062,37.26036638152014,0.4418868906433825,0.4004247647218333,1.0512527287470297,0.1552014814467524,1.0565347413724893,0.8383582435842031,0.7953964031580885,1.0940907284115285e-07,0.12413167706376832,1.4717538202458413,0.0776007407233762,64.43805387630812,19.145232565978397,3.1094725751675525,9.999999989059075,4.145963433556735
20.666666666666668,0.16760969867823622,37.24659970627472,0.4417236255536916,0.4002768188413888,1.050864319908836,0.1551441387901785,1.056144381130326,0.838048493391181,0.7951025259966449,1.0582442582468147e-07,0.12408581384083053,1.4712100478723704,0.07757206939508925,64.41424580513858,19.16607155786137,3.1136635919594555,9.99999998941754,4.151551455945938
20.7,0.1675477715290205,37.232838117560114,0.44156042079080265,0.40012892762421204,1.0504760545811271,0.15508681732065174,1.0557541651144762,0.8377388576451025,0.7948087574234448,1.0236055611895994e-07,0.12403996756350573,1.470666476413578,0.07754340866032587,64.3904465303319,19.186902850258605,3.1178530602765506,9.999999989763928,4.157137413702066
20.733333333333334,0.16748586726057446,37.219081613460986,0.44139727633179976,0.3999810910497185,1.0500879327098265,0.15502951703019402,1.0553640932708988,0.8374293363028722,0.7945150973972396,9.901037247371613e-08,0.12399413822541275,1.470123105793757,0.07751475851509701,64.36665604859212,19.207726446061415,3.122040980700265,9.999999990098946,4.162721307600352
20.766666666666666,0.1674239858642909,37.20533019206464,0.441234192153796,0.3998333090973524,1.0496999542409313,0.15497223791083828,1.0549741655456315,0.8371199293214544,0.7942215458768328,9.57666950665949e-08,0.12394832582017924,1.4695799359373038,0.07748611895541914,64.34287435662807,19.22854234815702,3.126227353811202,9.999999990423314,4.1683031384149345
20.8,0.16736212733173916,37.1915838514976,0.4410711682344973,0.3996855817469797,1.0493121191215697,0.15491497995478087,1.0545843818856528,0.8368106366586957,0.7939281028220952,9.262685397964171e-08,0.1239025303415637,1.4690369667701977,0.07745748997739044,64.31910145120597,19.24935055937835,3.130412180179081,9.999999990737297,4.1738829069054395
20.833333333333332,0.16730029165448856,37.17784258988635,0.44090820455160973,0.3995379089784665,1.0489244272988703,0.15485774315421816,1.054194742237941,0.8365014582724428,0.7936347681928976,8.958817929490333e-08,0.12385675178332461,1.4684941982184183,0.07742887157710908,64.29533732909202,19.270151082558318,3.134595460373621,9.999999991041166,4.179460613831493
20.866666666666667,0.16723847882410856,37.16410640535746,0.4407453010828393,0.3993902907716789,1.0485368787199607,0.15480052750134643,1.0538052465494738,0.8361923941205427,0.7933415419491108,8.664800109442526e-08,0.12381099013922046,1.467951630207945,0.07740026375067321,64.27158198705241,19.290943920529855,3.138777194964542,9.999999991335184,4.185036259952721
20.880033468705356,0.1672136980439799,37.15859956532886,0.440679993039669,0.39933111059334503,1.0483815103918108,0.1547775897309029,1.0536490976234247,0.8360684902198995,0.7932239874714042,8.549604552372594e-08,0.12379264428393696,1.4677341145485352,0.07738879486545144,64.26205846405267,19.299279774829373,3.140453653479795,9.999999991450379,4.187271537973059
20.9,0.1671766888321684,37.150375296037424,0.4405824578058919,0.399242727106483,1.0481494733319694,0.1547433329883621,1.0534158947672305,0.8358834441608419,0.7930484240506054,8.380364946025424e-08,0.12376524540300973,1.467409262664757,0.07737166649418105,64.2478354218534,19.311729076125875,3.1429573845215626,9.99999999161962,4.190609846028749
20.933333333333334,0.16711492167023748,37.13664926005277,0.4404196746984736,0.3990952179627449,1.0477622110820244,0.15468615960746152,1.0530266868381888,0.8355746083511874,0.7927554144572525,8.105245447443578e-08,0.12371951756845091,1.466867095514834,0.07734307980373076,64.22409763026114,19.332506552179307,3.147136029614403,9.999999991894738,4.196181372819202
20.966666666666665,0.16705317732988514,37.12292829553003,0.4402569517382904,0.39894776332033066,1.0473750919172535,0.15462900735084098,1.052637622709327,0.8352658866494257,0.7924625131289227,7.83917462190166e-08,0.1236738066293025,1.466325128684155,0.07731450367542049,64.20036860904186,19.353276351523068,3.1513131308127815,9.99999999216081,4.201750841083706
21.0,0.16699145580268077,37.10921240059573,0.4400942889030482,0.3988003631591063,1.0469881157847853,0.15457187621069687,1.0522487023276237,0.8349572790134038,0.7921697200254868,7.581885477604227e-08,0.12362811257932295,1.4657833620986995,0.07728593810534844,64.17664835496177,19.374038476990084,3.155488688686418,9.999999992418099,4.207318251581889
21.03333333333333,0.1669297570801937,37.09550157337638,0.4399316861704531,0.398653017458938,1.0466012826317481,0.15451476617922558,1.0518599256400571,0.8346487854009684,0.7918770351068156,7.333111022755945e-08,0.12358243541227078,1.4652417956844472,0.07725738308961279,64.1529368647871,19.394792931413274,3.1596627038050316,9.999999992666872,4.212883605073374
21.066666666666666,0.16686808115399326,37.081795811998504,0.4397691435182111,0.39850572619969177,1.0462145924052695,0.1544576772486234,1.0514712925936056,0.8343404057699663,0.79158445833278,7.092584265561374e-08,0.12353677512190445,1.4647004293673773,0.0772288386243117,64.12923413528401,19.415539717625567,3.1638351767383424,9.9999999929074,4.218446902317788
21.1,0.16680642801564882,37.06809511458862,0.4396066609240281,0.39835848936123375,1.0458280450524782,0.1544006094110867,1.0510828031352473,0.834032140078244,0.7912919896632507,6.860038214225154e-08,0.12349113170198246,1.4641592630734692,0.07720030470554334,64.10554016321873,19.43627883845988,3.1680061080560686,9.999999993139946,4.224008144074757
21.133333333333333,0.16674479765672975,37.05439947927328,0.43944423836561025,0.39821130692343004,1.0454416405205018,0.15434356265881183,1.0506944572119605,0.8337239882836487,0.7909996290580985,6.63520587695192e-08,0.12344550514626332,1.4636182967287024,0.07717178132940591,64.08185494535748,19.457010296749132,3.17217549832793,9.999999993364778,4.2295673311039055
21.166666666666668,0.1666831900688054,37.04070890417897,0.43928187582066347,0.39806417886614665,1.0450553787564687,0.15428653698399514,1.0503062547707238,0.8334159503440268,0.7907073764771942,6.417820261946235e-08,0.12339989544850546,1.4630775302590562,0.07714326849199757,64.05817847846644,19.477734095326255,3.1763433481236465,9.999999993582163,4.23512446416486
21.2,0.16662160524344505,37.02702338743223,0.43911957326689366,0.3979171051692498,1.0446692597075071,0.15422953237883297,1.0499181957585153,0.8331080262172252,0.7904152318804086,6.207614377412763e-08,0.12335430260246742,1.4625369635905099,0.07711476618941648,64.03451075931186,19.49845023702416,3.1805096580129364,9.99999999379237,4.2406795440172464
21.233333333333334,0.16656004317221818,37.01334292715959,0.43895733068200693,0.39777008581260537,1.0442832833207452,0.1541725488355217,1.0495302801223136,0.8328002158610908,0.7901231952276125,6.004321231556067e-08,0.12330872660190767,1.4619965966490431,0.07708627441776085,64.0108517846599,19.519158724675776,3.1846744285655197,9.999999993995662,4.246232571420691
21.266666666666666,0.16649850384669404,36.99966752148757,0.4387951480437093,0.39762312077607964,1.0438974495433109,0.15411558634625766,1.0491425078090968,0.8324925192334701,0.7898312664786767,5.8076738325808054e-08,0.12326316744058469,1.4614564293606351,0.07705779317312883,63.98720155127681,19.539859561114024,3.1888376603511155,9.99999999419231,4.251783547134819
21.3,0.16643698725844203,36.985997168542674,0.43863302532970666,0.39747621003953854,1.0435117583223326,0.15405864490323723,1.048754878765843,0.83218493629221,0.789539445593472,5.617405188691547e-08,0.12321762511225695,1.4609164616512655,0.07702932245161861,63.96356005592877,19.56055274917183,3.1929993539394435,9.999999994382579,4.2573324719192565
21.333333333333332,0.1663754933994438,36.972331866543065,0.43847096251894263,0.39732935358383353,1.0431262096075515,0.15400172449903837,1.0483673929419262,0.8318774669972189,0.7892477325340967,5.433781264008496e-08,0.12317209961098839,1.460376693450572,0.07700086224951919,63.93992729552808,19.581238291549422,3.1971595098735803,9.999999994566203,4.262879346498106
21.366666666666667,0.16631402226118497,36.958671613596664,0.43830895958888727,0.3971825513886305,1.042740803345568,0.15394482512577998,1.047980050283817,0.8315701113059247,0.7889561272599971,5.256481354299772e-08,0.12312659093047545,1.4598371246837951,0.07697241256288999,63.916303266810004,19.601916191107303,3.201318128728787,9.999999994743503,4.26842417163838
21.4,0.16625257383474895,36.94501640772199,0.43814701651580384,0.3970358034326345,1.0423555394804331,0.15388794677520856,1.04759285073565,0.8312628691737447,0.788664629728447,5.084665969525223e-08,0.1230810990641167,1.4592977552726063,0.07694397338760428,63.8926879663673,19.622586450835385,3.205475211106309,9.999999994915317,4.2739669481417435
21.433333333333334,0.1661911481117824,36.931366247062755,0.4379851332776426,0.39688910969589647,1.0419704179597675,0.15383108943959203,1.0472057942448363,0.830955740558912,0.7883732398997567,4.918211085545507e-08,0.1230356240057279,1.4587585851436744,0.07691554471979602,63.86908139099256,19.6432490735422,3.209630757570974,9.999999995081772,4.279507676761297
21.466666666666665,0.16612974508393202,36.917721129762676,0.4378233098523537,0.3967424701584672,1.0415854387311916,0.1537742531111983,1.0468188807587866,0.8306487254196601,0.7880819577342366,4.756992678221354e-08,0.12299016574912483,1.458219614223668,0.07688712655559915,63.845483537478394,19.663904062036284,3.213784768687606,9.999999995242991,4.285046358250139
21.5,0.1660683647428444,36.90408105396543,0.4376615462178873,0.3965958848003975,1.0412006017423252,0.1537174377822953,1.046432110224912,0.8303418237142219,0.7877907831921971,4.600886723413425e-08,0.12294472428812322,1.4576808424392553,0.07685871889114765,63.82189440261738,19.684551419126166,3.217937245021032,9.999999995399097,4.290582993361374
21.53333333333333,0.16600700708016625,36.89044601781472,0.4374998423521937,0.3964493536017382,1.0408159069407894,0.1536606434451509,1.0460454825906236,0.8300350354008311,0.7874997162339487,4.44976919698245e-08,0.12289929961653885,1.457142269717105,0.07683032172257545,63.79831398320213,19.70519114762038,3.2220881871360763,9.999999995550215,4.2961175828481
21.5337889097851,0.1660061686440342,36.890259698674264,0.437497632711911,0.39644735129190334,1.040810650188703,0.15365986736564788,1.0460401994268773,0.830030843220171,0.7874957388814399,4.4477378077906494e-08,0.12289867890049004,1.457134910264184,0.07682993368282394,63.797991763045246,19.705473184018,3.222144908655512,9.999999995552246,4.296193211540681
21.566666666666666,0.16594567208754418,36.87681601945427,0.4373381982332231,0.39630287654254026,1.040431354274204,0.153603870092033,1.0456589978033322,0.8297283604377208,0.7872087568198016,4.30351607478909e-08,0.12285389172818748,1.4566038959838856,0.0768019350460165,63.77474227602523,19.725823250327455,3.2262375955975657,9.999999995696468,4.301650127463419
21.6,0.16588435975662486,36.86319105702775,0.43717661383892564,0.3961564536028544,1.0400469436901898,0.15354711771520957,1.0452726558104488,0.8294217987831242,0.7869179049100662,4.1620033326940575e-08,0.12280850061688486,1.4560657211662658,0.07677355885760478,63.75117927787928,19.746447730055927,3.230385470970325,9.99999999583798,4.307180627960432
21.633333333333333,0.16582307007905495,36.84957112867888,0.43701508914725173,0.39601008476273153,1.039662675136367,0.15349038630694847,1.0448864565593847,0.8291153503952746,0.7866271604650531,4.0251069465580626e-08,0.12276312627644677,1.4555277451909137,0.07674519315347424,63.72762498555688,19.76706458961432,3.2345318138191805,9.999999995974877,4.312709085092239
21.666666666666668,0.16576180304648105,36.83595623255134,0.43685362413615136,0.39586377000222245,1.0392785485603557,0.15343367585951762,1.0445003999975506,0.8288090152324052,0.7863365234450724,3.89270289224177e-08,0.12271776870068896,1.454989967984498,0.07671683792975881,63.70407939585062,19.78767383181118,3.2386766247089573,9.999999996107281,4.318235499611942
21.7,0.16570055865054992,36.82234636678888,0.43669221878357484,0.395717509301378,1.0388945639097769,0.15337698636518493,1.0441144860723577,0.8285027932527496,0.7860459938104347,3.7646671456059047e-08,0.12267242788342718,1.4544523894736874,0.07668849318259247,63.6805425055531,19.80827545945503,3.2428199042044814,9.999999996235317,4.32375987227264
21.733333333333334,0.16563933688290813,36.80874152953514,0.43653087306747235,0.395571302640249,1.0385107211322502,0.1533203178162183,1.0437287147312169,0.8281966844145406,0.7857555715214503,3.640875682511134e-08,0.12262710381847719,1.4539150095851503,0.07666015890810915,63.65701431145692,19.828869475354402,3.2469616528705787,9.999999996359108,4.329282203827437
21.766666666666666,0.16557813773520236,36.795141718933856,0.43636958696579414,0.3954251499988864,1.0381270201753967,0.15326367020488565,1.0433430859215391,0.8278906886760118,0.7854652565384295,3.5212044788181785e-08,0.12258179649965478,1.4533778282455552,0.07663183510244283,63.63349481035467,19.84945588231783,3.2511018712720743,9.99999999647878,4.334802495029431
21.8,0.16551696119907927,36.78154693312872,0.4362083604564904,0.3952790513573409,1.0377434609868361,0.1532070435234549,1.0429575995907352,0.8275848059953963,0.7851750488216828,3.405529510387709e-08,0.12253650592077568,1.4528408453815704,0.07660352176172745,63.609983999038946,19.87003468315385,3.255240559973794,9.999999996594454,4.340320746631724
21.833333333333332,0.1654558072661855,36.76795717026345,0.43604719351751137,0.3951330066956634,1.0373600435141892,0.15315043776419393,1.0425722556862165,0.8272790363309275,0.7848849483315204,3.293726753080446e-08,0.12249123207565567,1.4523040609198647,0.07657521888209697,63.58648187430235,19.890605880670986,3.2593777195405638,9.999999996706258,4.345836959387417
21.866666666666667,0.16539467592816773,36.75437242848172,0.43588608612680724,0.39498701599390484,1.0369767677050763,0.15309385291937067,1.042187054155394,0.8269733796408386,0.784594955028253,3.185672182757059e-08,0.1224459749581105,1.4517674747871068,0.07654692645968533,63.56298843293747,19.911169477677777,3.2635133505372096,9.999999996814312,4.351351134049611
21.9,0.16533356717667258,36.74079270592724,0.43572503826232817,0.3948410792321159,1.0365936335071178,0.15303728898125302,1.0418019949456783,0.8266678358833629,0.7843050688721908,3.081241775278268e-08,0.12240073456195594,1.4512310869099647,0.07651864449062651,63.53950367173692,19.931725476982752,3.267647453528556,9.999999996918742,4.356863271371406
21.933333333333334,0.16527248100334674,36.727218000743726,0.43556404990202446,0.3946951963903475,1.036210640867934,0.15298074594210886,1.0414170780044807,0.8263624050167336,0.7840152898236441,2.9803115065047444e-08,0.12235551088100773,1.4506948972151072,0.07649037297105443,63.51602758749328,19.952273881394447,3.271780029079429,9.999999997019673,4.362373372105904
21.966666666666665,0.16521141739983683,36.713648311074856,0.4354031210238464,0.3945493674486505,1.0358277897351449,0.15292422379420617,1.0410323032792121,0.8260570869991841,0.7837256178429235,2.8827573522972073e-08,0.12231030390908165,1.4501589056292028,0.07646211189710309,63.49256017699915,19.97281469372139,3.275911077754655,9.999999997117227,4.367881437006205
22.0,0.1651503763577895,36.70008363506433,0.4352422516057439,0.3944035923870757,1.0354450800563715,0.1528677225298128,1.0406476707172836,0.8257518817889475,0.7834360528903391,2.788455288516329e-08,0.12226511363999346,1.44962311207892,0.0764338612649064,63.46910143704713,19.993347916772112,3.280040600119059,9.999999997211528,4.3733874668254105
22.03333333333333,0.16508935786885146,36.68652397085588,0.43508144162566753,0.3942578711856739,1.035062511779234,0.15281124214119665,1.0402631802661062,0.8254467893442572,0.7831465949262015,2.6972812910228255e-08,0.12221994006755892,1.4490875164909276,0.07640562107059833,63.445651364429814,20.013873553355147,3.2841685967374667,9.999999997302703,4.378891462316621
22.066666666666666,0.1650283619246693,36.672969316593175,0.4349206910615672,0.394112203824496,1.0346800848513527,0.1527547826206257,1.0398788318730907,0.8251418096233465,0.782857243910821,2.6091113356773727e-08,0.12217478318559377,1.4485521187918935,0.07637739131031285,63.4222099559398,20.03439160627903,3.2882950681747043,9.999999997390873,4.384393424232937
22.1,0.16496738851688972,36.65941967041994,0.43475999989139336,0.3939665902835929,1.0342977992203477,0.15269834396036777,1.039494625485648,0.8248369425844485,0.7825679998045081,2.523821398340675e-08,0.12212964298791379,1.4480169189084866,0.07634917198018389,63.39877720836968,20.054902078352292,3.292420014995597,9.999999997476163,4.3898933533274604
22.133333333333333,0.16490643763715931,36.64587503047985,0.4345993680930961,0.3938210305430153,1.0339156548338397,0.15264192615269082,1.0391105610511897,0.8245321881857965,0.782278862567573,2.4412874548734374e-08,0.12208451946833475,1.4474819167673756,0.07632096307634541,63.37535311851206,20.075404972383463,3.29654343776497,9.999999997558696,4.395391250353292
22.166666666666668,0.16484550927712482,36.63233539491663,0.4344387956446256,0.3936755245828142,1.033533651639449,0.15258552918986276,1.038726638517126,0.824227546385624,0.7819898321603261,2.3613854811363373e-08,0.12203941262067239,1.4469471122952287,0.07629276459493138,63.35193768315953,20.095900291181078,3.3006653370476497,9.999999997638598,4.400887116063531
22.2,0.1647846034289706,36.61880076199347,0.43427828252542666,0.39353007238432486,1.0331517895881823,0.1525291530646493,1.0383428578341536,0.823923017144853,0.781700908545768,2.2842639291201595e-08,0.12199432243914071,1.4464125054234551,0.07626457653232464,63.32853089930503,20.116388037375838,3.3047857133727203,9.999999997715719,4.406380951163625
22.20801348360742,0.164769964744239,36.615547720942004,0.4342397032919032,0.39349511303408674,1.0330600092690947,0.15251560309615858,1.0382506163728555,0.823849823721195,0.7816314659254258,2.266211958836796e-08,0.12198348504056689,1.4462840129767325,0.07625780154807929,63.32290509258046,20.121312255112358,3.3057760433967736,9.999999997733772,4.407701391195697
22.233333333333334,0.1647237200847055,36.605271129934565,0.4341178287144703,0.3933846739284633,1.0327700686299426,0.15247279776965353,1.0379592189518756,0.8236186004235275,0.7814120916860465,2.2100332763391388e-08,0.12194924891782363,1.4458780960819195,0.07623639888482676,63.305132763874894,20.136868213657106,3.3089045672810586,9.99999999778995,4.411872756374742
22.266666666666666,0.16466285923483004,36.5917464966289,0.43395743418653554,0.39323932919254284,1.0323884887051364,0.1524164632960825,1.0375757218106838,0.8233142961741502,0.781123381535764,2.1380378610126506e-08,0.12190419204968828,1.445343884187191,0.07620823164804125,63.28174327323361,20.15734082321294,3.313021899413776,9.999999997861945,4.417362532551699
22.3,0.16460202087108475,36.57822686024105,0.43379709891984186,0.3930940381568383,1.0320070497619769,0.15236014963629096,1.037192366358551,0.8230101043554237,0.7808347780557153,2.0682310352801752e-08,0.12185915182861987,1.4448098696667675,0.07618007481814548,63.25836242420802,20.177805868821196,3.317137710329534,9.999999997931752,4.422850280439376
22.333333333333332,0.16454120498521002,36.56471221893556,0.4336368228926087,0.3929488008016248,1.0316257517486762,0.1523038567826337,1.0368091525434497,0.82270602492605,0.7805462812066957,2.0005661512812214e-08,0.12181412824850368,1.4442760524481466,0.07615192839131685,63.234990213625,20.198263353259705,3.321252000586991,9.999999997999417,4.428336000782653
22.366666666666667,0.1644804115689464,36.55120257087699,0.4334766060830554,0.3928036171071772,1.0312445946134472,0.1522475847274654,1.0364260803133527,0.822402057844732,0.7802578909494997,1.9349965611552696e-08,0.12176912130322493,1.443742432458826,0.0761237923637327,63.21162663831139,20.21871327930632,3.3253647707448093,9.999999998064986,4.43381969432641
22.4,0.16441964061403436,36.53769791422986,0.43331644846940137,0.3926584870537706,1.0308635783045028,0.1521913334631409,1.036043149616233,0.8220982030701718,0.7799696072449225,1.8714756170418285e-08,0.12172413098666889,1.443209009626304,0.07609566673157045,63.18827169509405,20.239155649738883,3.3294760213616468,9.999999998128507,4.439301361815527
22.433333333333334,0.16435889211221433,36.52419824715874,0.43315635002986597,0.39251341062167994,1.0304827027700558,0.1521351029820149,1.0356603604000632,0.8217944605610716,0.7796814300537588,1.809956671080379e-08,0.12167915729272077,1.442675783878078,0.07606755149100745,63.16492538079985,20.25959046733524,3.3335857529961648,9.999999998190026,4.444781003994884
22.466666666666665,0.16429816605522685,36.51070356782819,0.4329963107426687,0.3923683877911802,1.0301019679583183,0.15207889327644222,1.0352777126128159,0.8214908302761342,0.7793933593368036,1.7503930754104284e-08,0.12163420021526586,1.4421427551416457,0.07603944663822111,63.14158769225565,20.280017734873226,3.3376939662070226,9.99999999824959,4.450258621609361
22.5,0.16423746243481238,36.497213874402746,0.43283633058602883,0.3922234185425464,1.029721373817504,0.15202270433877757,1.0348952062024641,0.8211873121740618,0.7791053950548519,1.6927381821714592e-08,0.12158925974818938,1.4416099233445054,0.07601135216938879,63.11825862628829,20.30043745513069,3.341800661552881,9.999999998307246,4.455734215403839
22.53333333333333,0.1641767812427114,36.48372916504698,0.4326764095381659,0.3920785028560535,1.0293409202958248,0.1519665361613757,1.0345128411169806,0.8208839062135569,0.7788175371686986,1.6369453435029784e-08,0.12154433588537658,1.4410772884141545,0.07598326808068785,63.09493817972464,20.32084963088548,3.3459058395923993,9.999999998363037,4.461207786123197
22.566666666666666,0.16411612247066434,36.47024943792541,0.4325165475772991,0.3919336407119765,1.0289606073414936,0.1519103887365914,1.0341306173043376,0.8205806123533217,0.7785297856391384,1.582967911544468e-08,0.12149942862071271,1.440544850278091,0.0759551943682957,63.07162634939156,20.341254264915435,3.350009500884238,9.999999998417016,4.466679334512316
22.6,0.16405548611041176,36.45677469120262,0.4323567446816481,0.3917888320905904,1.0285804349027234,0.1518542620567794,1.0337485347125086,0.8202774305520587,0.7782421404269666,1.530759238435429e-08,0.12145453794808303,1.4400126088638128,0.0759271310283897,63.0483231321159,20.3616513599984,3.3541116459870577,9.999999998469224,4.472148861316074
22.633333333333333,0.16399487215369407,36.44330492304313,0.4321970008294321,0.39164407697217024,1.0282004029277267,0.1517981561142945,1.0333665932894658,0.8199743607684703,0.7779546014929778,1.4802726763153611e-08,0.12140966386137277,1.4394805640988173,0.07589907805714725,63.025028524724526,20.38204091891222,3.3582122754595165,9.99999999851971,4.477616367279354
22.666666666666668,0.1639342805922518,36.429840131611506,0.4320373159988705,0.39149937533699086,1.0278205113647163,0.15174207090149142,1.0329847929831824,0.8196714029612588,0.7776671687979669,1.4314615773237487e-08,0.12136480635446717,1.4389487159106027,0.07587103545074571,63.001742524044296,20.40242294443474,3.3623113898602766,9.999999998568521,4.483081853147033
22.7,0.16387371141782536,36.41638031507231,0.4318776901681828,0.3913547271653274,1.0274407601619049,0.15168600641072494,1.0326031337416306,0.8193685570891267,0.777379842302729,1.3842792936000962e-08,0.1213199654212515,1.4384170642266667,0.07584300320536247,62.97846512690206,20.4227974393438,3.3664089897479967,9.999999998615705,4.488545319663993
22.733333333333334,0.1638131646221553,36.40292547159007,0.4317181233155883,0.3912101324374547,1.027061149267505,0.1516299626343498,1.0322216155127837,0.8190658231107765,0.777092621968059,1.3386791772838884e-08,0.12127514105561096,1.437885608974507,0.0758149813171749,62.955196330124686,20.443164406417242,3.3705050756813377,9.999999998661304,4.494006767575115
22.766666666666666,0.16375264019698207,36.38947559932935,0.43155861541930646,0.3910655911336479,1.0266816786297297,0.1515739395647208,1.0318402382446141,0.8187632009849103,0.7768055077547517,1.2946145805146295e-08,0.12123033325143086,1.4373543500816215,0.0757869697823604,62.93193613053902,20.463523848432917,3.374599648218959,9.999999998705368,4.499466197625276
22.8,0.16369213813404615,36.3760306964547,0.43139916645755666,0.390921103234182,1.0263023481967914,0.15151793719419263,1.0314590018850949,0.8184606906702306,0.776518499623602,1.2520388554318048e-08,0.12118554200259642,1.436823287475508,0.07575896859709631,62.90868452497193,20.483875768168666,3.378692707919521,9.999999998747944,4.504923610559359
22.833333333333332,0.163631658425088,36.36259076113067,0.43123977640855826,0.3907766687193318,1.025923157916903,0.15146195551512007,1.0310779063821984,0.81815829212544,0.7762315975354049,1.2109053541749177e-08,0.12114076730299286,1.4362924210836643,0.07573097775756003,62.88544151025028,20.50422016840233,3.382784255341683,9.999999998789077,4.510379007122242
22.866666666666667,0.16357120106184816,36.34915579152182,0.43108044525053074,0.39063228756937246,1.0255441077382774,0.15140599451985792,1.0306969516838975,0.8178560053092407,0.7759448014509553,1.1711674288834544e-08,0.12109600914650546,1.4357617508335883,0.07570299725992896,62.862207083200914,20.52455705191176,3.3868742910441063,9.999999998828816,4.515832388058807
22.9,0.16351076603606704,36.335725785792675,0.43092117296169347,0.3904879597645789,1.025165197609127,0.15135005420076092,1.030316137738165,0.8175538301803351,0.7756581113310482,1.1327784316969176e-08,0.12105126752701946,1.4352312766527775,0.07567502710038046,62.838981240650696,20.54488642147479,3.39096281558545,9.999999998867205,4.521283754113932
22.903348080280356,0.1635046970306974,36.33437711793276,0.4309051785220045,0.39047346607965117,1.0251271467010903,0.15134443656276722,1.0302778956450536,0.8175234851534869,0.7756293213396082,1.1289952926133787e-08,0.12104677448469185,1.4351780053815262,0.07567221828138361,62.836648855391815,20.546927937160333,3.3913733933437085,9.999999998870988,4.521831191124942
22.933333333333334,0.16345035333948513,36.32230074210781,0.43076195952026575,0.3903436852852261,1.0247864274776646,0.1512941345501838,1.029935464492974,0.8172517666974256,0.7753715271364784,1.0956917147547942e-08,0.1210065424384201,1.4347009984687302,0.0756470672750919,62.815763979426485,20.565208279869275,3.3950498295243747,9.999999998904292,4.526733106032498
22.966666666666665,0.16338996296384295,36.30888065863177,0.4306028049044671,0.3901994641115891,1.0244077972921029,0.15123823556048135,1.0295549318962967,0.8169498148192147,0.7750850488280409,1.0598606301965859e-08,0.12096183387459263,1.4341709162089438,0.07561911778024068,62.79255529635514,20.585522629873047,3.3991353334195398,9.999999998940122,4.532180444559384
23.0,0.16332959490088095,36.295465533529104,0.4304437090925169,0.39005529622394286,1.0240293070006545,0.15118235722400833,1.029174539896106,0.8166479745044046,0.7747986763665304,1.025238530161781e-08,0.12091714182942229,1.4336410298009161,0.07559117861200416,62.76935518826352,20.60582947426396,3.4032193278296066,9.999999998974744,4.537625770439473
23.03333333333333,0.1632692491423396,36.28205536496436,0.43028467206263443,0.3899111816025624,1.0236509565515324,0.15112649953311946,1.0287942884403751,0.8163462457116979,0.774512409712742,9.9177876678988e-09,0.12087246629679434,1.4331113391721453,0.07556324976655973,62.74616365197848,20.62612881581985,3.407301813313233,9.999999999008205,4.543069084417643
23.066666666666666,0.16320892567995937,36.26865015110209,0.4301256937930392,0.38976712022772264,1.0232727458929491,0.15107066248016954,1.028414177477076,0.8160446283997969,0.7742262488274706,9.59434692220371e-09,0.12082780727059401,1.4325818442501288,0.07553533124008477,62.72298068432687,20.64642065731857,3.4113827904290814,9.999999999040549,4.548510387238773
23.1,0.16314862450548076,36.25524989010684,0.4299667742619506,0.3896231120796986,1.0228946749731176,0.1510148460575133,1.028034206954182,0.8157431225274038,0.7739401936715111,9.281596585927522e-09,0.12078316474470656,1.4320525449623647,0.07550742302875665,62.69980628213556,20.666705001537952,3.4154622597358104,9.999999999071823,4.553949679647745
23.133333333333333,0.16308834561064428,36.241854580143176,0.42980791344758806,0.3894791571387653,1.0225167437402505,0.15095905025750553,1.0276543768196658,0.8154417280532213,0.7736542442056585,8.979070180465213e-09,0.12073853871301723,1.4315234412363507,0.07547952512875276,62.67664044223142,20.686981851255847,3.4195402217920803,9.999999999102076,4.559386962389438
23.166666666666668,0.16302808898719034,36.22846421937563,0.42964911132817085,0.38933525538519764,1.0221389521425603,0.15090327507250095,1.0272746870215,0.8151404449359517,0.7733684003907075,8.686301227211666e-09,0.12069392916941127,1.4309945329995843,0.07545163753625048,62.65348316144128,20.707251209250103,3.4236166771565517,9.999999999131353,4.564822236208733
23.2,0.16296785462685948,36.21507880596878,0.42949036788191847,0.3891914067992707,1.02176130012826,0.15084752049485434,1.0268951375076572,0.8148392731342973,0.7730826621874533,8.402823247561888e-09,0.12064933610777392,1.430465820179564,0.07542376024742717,62.63033443659201,20.727513078298557,3.427691626387883,9.999999999159702,4.570255501850509
23.233333333333334,0.16290764252139212,36.201698338087134,0.4293316830870503,0.3890476113612594,1.021383787645562,0.15079178651692046,1.0265157282261104,0.8145382126069606,0.7727970295566905,8.128169762910766e-09,0.12060475952199043,1.4299373027037867,0.07539589325846023,62.607194264510476,20.747767461179055,3.4317650700447366,9.999999999187166,4.575686760059647
23.266666666666666,0.1628474526634149,36.1883228140922,0.4291730569241589,0.3889038690535552,1.021006414648242,0.15073607313187426,1.0261364591303648,0.8142372633170745,0.7725115024634861,7.863216819078632e-09,0.1205601994066021,1.4294089805075387,0.07536803656593713,62.58406264236095,20.768014360372888,3.435837008626141,9.999999999213662,4.581116011501519
23.3,0.16278728504603523,36.17495223245228,0.42901448937513353,0.3887601798596977,1.0206291810930956,0.15068038033333583,1.0257573301769165,0.8139364252301762,0.7722260808752404,7.609864749305801e-09,0.12051565575650627,1.428880853530334,0.07534019016666792,62.56093956749014,20.788253778200733,3.439907442598833,9.999999999238996,4.586543256798441
23.333333333333332,0.1627271396582665,36.16158659072589,0.4288559804108974,0.3886165437534486,1.0202520869112173,0.15062470811113562,1.0253783412967001,0.8136356982913324,0.7719407647396154,7.363808060703016e-09,0.12047112856356908,1.428352921675704,0.07531235405556781,62.53782503568575,20.808485718353477,3.4439763727050665,9.999999999263602,4.591968496940087
23.366666666666667,0.16266701649196436,36.148225887103195,0.4286975300099831,0.38847296071535825,1.0198751320515433,0.15056905645773497,1.024999492438402,0.8133350824598217,0.7716555540179696,7.124910551233968e-09,0.12042661782176106,1.4278251848721606,0.07528452822886748,62.51471904381814,20.828710183570582,3.448043799495786,9.999999999287493,4.5973917326610465
23.4,0.1626069155389845,36.13487011977433,0.4285391381509229,0.38832943072597675,1.0194983164630107,0.15051342536559537,1.0246207835507082,0.8130345776949224,0.7713704486716613,6.893036018862453e-09,0.1203821235250528,1.427297643048215,0.07525671268279768,62.491621588757695,20.8489271765915,3.4521097235219336,9.99999999931068,4.602812964695909
23.433333333333334,0.16254683679118265,36.12151928692948,0.42838080481224927,0.3881859537658543,1.0191216400945566,0.15045781482717815,1.024242214582305,0.8127341839559131,0.7710854486620488,6.668048261552167e-09,0.12033764566741484,1.4267702961323792,0.07522890741358908,62.46853266737478,20.86913670015569,3.4561741453344514,9.999999999333179,4.6082321937792665
23.466666666666665,0.1624867802404145,36.10817338675877,0.4282225299724947,0.38804252981554116,1.0187451028951175,0.15040222483494478,1.0238637854818784,0.8124339012020724,0.7708005539504905,6.449811077266905e-09,0.12029318424281776,1.4262431440531644,0.07520111241747239,62.44545227653977,20.88933875700261,3.4602370654842827,9.999999999355001,4.613649420645708
23.5,0.1624267458785357,36.09483241745237,0.4280643136101915,0.3878991588555874,1.0183687048136305,0.15034665538135666,1.023485496198115,0.8121337293926785,0.7705157644983447,6.238188263970363e-09,0.12024873924523209,1.4257161867390826,0.07517332769067833,62.42238041312304,20.90953334987172,3.46429848452237,9.999999999376165,4.619064646029824
23.53333333333333,0.16236673369740207,36.08149637720046,0.4279061557038721,0.3877558408665433,1.0179924457990326,0.15029110645887522,1.0231073466797007,0.8118336684870102,0.7702310802669697,6.033043619626335e-09,0.12020431066862843,1.4251894241186456,0.07514555322943761,62.39931707399495,20.92972048150247,3.4683584029996557,9.999999999396678,4.624477870666205
23.566666666666666,0.1623067436888692,36.06816526419315,0.4277480562320688,0.387612575828959,1.0176163258002604,0.15023557805996182,1.022729336875322,0.8115337184443459,0.7699465012177239,5.834240942198519e-09,0.1201598985069773,1.4246628561203645,0.07511778902998091,62.37626225602589,20.949900154634328,3.4724168214670827,9.99999999941656,4.629889095289442
23.6,0.16224677584479283,36.05483907662063,0.42759001517331424,0.3874693637233847,1.0172403447662508,0.1501800701770779,1.0223514667336648,0.8112338792239641,0.7696620273119656,5.641644029650685e-09,0.12011550275424926,1.4241364826727512,0.07509003508853895,62.35321595608622,20.970072372006747,3.476473740475594,9.999999999435818,4.635298320634123
23.62045365623013,0.16220998996406044,36.046664436457874,0.42749306855762964,0.3873815135844275,1.0170097079360165,0.15014602015592202,1.0221196710741038,0.8110499498203022,0.7694875234037334,5.526478200645759e-09,0.12008826921117254,1.423813591110423,0.07507301007796101,62.3390787388096,20.982446550101695,3.4789623631887925,9.999999999447335,4.638616484251721
23.633333333333333,0.16218683015702867,36.041517812673035,0.4274320325061407,0.38732620453037064,1.016864502645941,0.1501245828026849,1.0219737362034156,0.8109341507851433,0.7693776585110533,5.455116679946598e-09,0.12007112340441489,1.4236103037043173,0.07506229140134245,62.33017817104632,20.990237136359184,3.4805291605761317,9.999999999454472,4.64070554743484
23.666666666666668,0.16212690661743243,36.02820147054054,0.42727410820908057,0.3871830982304669,1.0164887993882676,0.1500691159292442,1.0215961452332605,0.810634533087162,0.7690933947763451,5.274522691049963e-09,0.12002676045144475,1.4230843191435745,0.0750345579646221,62.30714889777656,21.010394450431097,3.4845830823196393,9.99999999947253,4.646110776426183
23.7,0.16206700521785977,36.014890048413285,0.42711624226066636,0.3870400448042238,1.0161132349421675,0.15001366954921722,1.0212186937718857,0.8103350260892987,0.7688092360691995,5.099725860924563e-09,0.11998241388930939,1.4225585289190343,0.07500683477460861,62.284128133147306,21.03054431696194,3.4886355062570584,9.99999999949001,4.651514008342742
23.733333333333334,0.16200712595016642,36.00158354448143,0.4269584346394304,0.3868970442321915,1.0157378092565776,0.14995824365506538,1.0208413817679773,0.810035629750832,0.7685251823509748,4.930589987534107e-09,0.11993808371197937,1.4220329329592085,0.07497912182753269,62.26111587402894,21.05068673869118,3.4926864329393323,9.999999999506924,4.656915243919108
23.766666666666666,0.16194726880620805,35.98828195693512,0.42680068532390514,0.3867540964949201,1.0153625222804348,0.14990283823925007,1.0204642091702218,0.8097363440310402,0.7682412335830293,4.766978868842378e-09,0.11989376991342524,1.4215075311926086,0.07495141911962504,62.238112117291834,21.070821718358264,3.4967358629174035,9.999999999523284,4.662314483889869
23.8,0.1618874337778404,35.974985283964536,0.426642994292623,0.3866112015729599,1.0149873739626758,0.1498474532942327,1.0200871759273054,0.8094371688892019,0.7679573897267213,4.608756302813084e-09,0.11984947248761757,1.4209823235477461,0.07492372664711636,62.21511685980635,21.090949258702658,3.500783796742215,9.999999999539108,4.667711728989618
23.833333333333332,0.16182762085691915,35.96169352375981,0.42648536152411626,0.38646835944686103,1.014612364252238,0.14979208881247474,1.019710281987914,0.8091381042845958,0.7676736507434093,4.455786087410005e-09,0.11980519142852691,1.420457309953133,0.07489604440623737,62.192130098442874,21.111069362463812,3.504830234964709,9.999999999554404,4.673106979952943
23.866666666666667,0.16176783003530004,35.948406674511126,0.42632778699691753,0.38632557009717367,1.0142374930980576,0.14973674478643756,1.019333527300734,0.8088391501765001,0.7673900165944516,4.307932020596854e-09,0.11976092673012384,1.4199324903372805,0.07486837239321878,62.169151830071776,21.13118203238119,3.5088751781358294,9.999999999569189,4.678500237514436
23.9,0.1617080613048387,35.9351247344086,0.42617027068955915,0.3861828335044481,1.013862760449072,0.14968142120858258,1.018956911814452,0.8085403065241934,0.7671064872412064,4.165057900337408e-09,0.11971667838637891,1.4194078646287007,0.07484071060429129,62.14618205156342,21.151287271194246,3.512918626806517,9.999999999583478,4.683891502408687
23.933333333333334,0.16164831465739088,35.92184770164241,0.42601281258057344,0.3860401496492344,1.0134881662542177,0.14962611807137116,1.0185804354777535,0.8082415732869543,0.7668230626450322,4.027027524595381e-09,0.11967244639126266,1.4188834327559048,0.07481305903568558,62.12322075978818,21.17138508164244,3.516960581527716,9.99999999959728,4.689280775370285
23.966666666666665,0.16158859008481227,35.908575574402725,0.42585541264849286,0.3858975185120828,1.013113710462432,0.1495708353672648,1.0182040982393252,0.8079429504240613,0.7665397427672872,3.8937046913345495e-09,0.11962823073874568,1.4183591946474046,0.0747854176836324,62.100267951616445,21.19147546646523,3.5210010428503677,9.999999999610612,4.694668057133821
24.0,0.16152888757895856,35.89530835087969,0.4256980708718499,0.38575494007354355,1.0127393930226514,0.14951557308872485,1.0178279000478532,0.8076444378947927,0.7662565275693298,3.764953198518628e-09,0.1195840314227985,1.4178351502317117,0.07475778654436242,62.077323623918566,21.21155842840207,3.5250400113254163,9.999999999623487,4.700053348433886
24.03333333333333,0.16146920713168544,35.88204602926343,0.4255407872291769,0.38561241431416676,1.0123652138838128,0.14946033122821276,1.0174518408520237,0.8073460356584272,0.7659734170125184,3.6406368441113932e-09,0.1195398484373917,1.4173112994373378,0.07473016561410638,62.054387773564926,21.231633970192423,3.5290774875038036,9.99999999963592,4.705436650005069
24.066666666666666,0.16140954873484867,35.86878860774415,0.42538356169900626,0.3854699412145026,1.0119911729948532,0.1494051097781899,1.0170759206005229,0.8070477436742433,0.7656904110582113,3.5206194260765603e-09,0.11949568177649582,1.4167876421927945,0.07470255488909495,62.031460397425896,21.25170209457574,3.5331134719364723,9.99999999964792,4.71081796258196
24.1,0.16134991238030386,35.85553608451197,0.42522639425987047,0.3853275207551014,1.0116172703047095,0.14934990873111775,1.0167001392420372,0.8067495619015193,0.7654075096677668,3.4047647423778897e-09,0.11945153143408144,1.4162641784265932,0.07467495436555888,62.00854149237185,21.271762804291484,3.537147965174366,9.999999999659506,4.716197286899152
24.133333333333333,0.1612902980599068,35.842288457757064,0.4250692848903018,0.3851851529165133,1.0112435057623186,0.14929472807945765,1.0163244967252527,0.8064514902995339,0.7651247128025433,3.2929365909791377e-09,0.11940739740411911,1.415740908067246,0.07464736403972883,61.98563105527316,21.29181610207911,3.541180967768425,9.99999999967069,4.7215746236912315
24.166666666666668,0.16123070576551313,35.82904572566959,0.42491223356883284,0.3850428376792883,1.0108698793166173,0.14923956781567105,1.0159489929988554,0.8061535288275656,0.7648420204238991,3.184998769844027e-09,0.11936327968057937,1.4152178310432642,0.07461978390783552,61.96272908300019,21.31186199067808,3.545212480269595,9.999999999681483,4.726949973692792
24.2,0.16117113548897857,35.81580788643968,0.4247552402739959,0.38490057502397684,1.0104963909165425,0.14918442793221934,1.015573628011532,0.8058556774448928,0.7645594324931927,3.0808150769363254e-09,0.11931917825743282,1.4146949472831594,0.07459221396610967,61.939835572423334,21.33190047282784,3.549242503228817,9.999999999691902,4.73232333763842
24.233333333333334,0.16111158722215885,35.80257493825752,0.4245983049843234,0.384758364931129,1.010123040511031,0.14912930842156397,1.0151984017119682,0.8055579361107942,0.7642769489717821,2.980249310219756e-09,0.11927509312864999,1.4141722567154433,0.07456465421078198,61.91695052041294,21.35193155126786,3.5532710371970335,9.999999999701958,4.737694716262709
24.266666666666666,0.1610520609569096,35.78934687931325,0.42444142767834775,0.38461620738129504,1.0097498280490198,0.14907420927616633,1.0148233140488505,0.805260304784548,0.763994569821026,2.8831652676580857e-09,0.11923102428820145,1.4136497592686277,0.07453710463808316,61.89407392383939,21.371955228737594,3.557298082725188,9.999999999711667,4.743064110300248
24.3,0.1609925566850866,35.776123707797026,0.42428460833460135,0.384474102355025,1.0093767534794458,0.1490191304884878,1.014448364970865,0.8049627834254329,0.7637122950022824,2.7894267472150406e-09,0.11918697173005775,1.413127454871224,0.0745095652442439,61.87120577957307,21.391971507976496,3.5613236403642228,9.999999999721041,4.748431520485628
24.333333333333332,0.1609330743985455,35.762905421899006,0.42412784693161665,0.3843320498328692,1.0090038167512458,0.14896407205098985,1.014073554426698,0.8046653719927275,0.7634301244769099,2.698897546854383e-09,0.11914293544818946,1.412605343451744,0.07448203602549493,61.84834608448433,21.411980391724025,3.5653477106650806,9.999999999730093,4.753796947553438
24.360011862478963,0.1608854832351898,35.75232960781996,0.42400242375158376,0.3842183950764685,1.0087054339252906,0.14892002036358098,1.0137736723798383,0.804427416175949,0.7632043627528508,2.6286625667273926e-09,0.11910770247370522,1.4121876074954067,0.07446001018179049,61.83005627844634,21.42798929303758,3.568567327768085,9.999999999737117,4.7580897703574445
24.366666666666667,0.16087361408914203,35.74969201980934,0.42397114344792597,0.38419004979537785,1.0086310178133566,0.14890903395613386,1.0136988823650361,0.80436807044571,0.7631480582062667,2.611441464539841e-09,0.11909891543656713,1.412083424938699,0.07445451697806693,61.82549483544355,21.431981882719647,3.569370294178704,9.999999999738838,4.75916039223827
24.4,0.16081417574873183,35.73648349971819,0.4238144978620618,0.38404810222310104,1.0082583566147152,0.14885401619638128,1.013324348734565,0.8040708787436591,0.7628660961517113,2.5269222982351797e-09,0.11905491168916132,1.411561699260601,0.07442700809819064,61.802652029321116,21.451975983702805,3.5733913914560356,9.99999999974729,4.764521855274712
24.433333333333334,0.1607547593691707,35.72327985981571,0.4236579101525566,0.383906207096589,1.0078858331042584,0.14879901876419344,1.0129499534839708,0.8037737968458534,0.7625842382746019,2.4452038459041244e-09,0.1190109241999426,1.4110401663459615,0.07439950938209672,61.779817662987384,21.47196269741297,3.577411003048019,9.999999999755463,4.769881337397356
24.466666666666665,0.16069536494231423,35.71008109829206,0.4235013802979427,0.383764364396392,1.007513447230923,0.14874404165203184,1.0125756965619401,0.8034768247115711,0.7623024845362969,2.366149905510439e-09,0.11896695296288151,1.4105188261232922,0.07437202082601592,61.75699173331273,21.49194202658959,3.581429129505595,9.999999999763368,4.775238839340791
24.5,0.16063599246001822,35.69688721333739,0.42334490827675253,0.38362257410306005,1.0071411989436463,0.14868908485235782,1.0122015779171591,0.803179962300091,0.7620208348981545,2.289624275017852e-09,0.11892299797194862,1.4099976785211046,0.07434454242617891,61.73417423716754,21.511913973972128,3.5854457713797085,9.99999999977102,4.780594361839609
24.53333333333333,0.1605766419141383,35.68369820314185,0.42318849406751846,0.3834808361971435,1.0067690881913647,0.14863414835763286,1.011827597498314,0.8028832095706915,0.7617392893215332,2.215490752390124e-09,0.1188790592211145,1.4094767234679104,0.07431707417881643,61.711365171422166,21.53187854230004,3.5894609292213002,9.999999999778433,4.785947905628398
24.566666666666666,0.1605173132965302,35.67051406589561,0.42303213764877295,0.38333915065919255,1.006397114923015,0.14857923216031832,1.0114537552540908,0.802586566482651,0.7614578477677914,2.1436131355909844e-09,0.11883513670434968,1.408955960892221,0.07428961608015916,61.68856453294699,21.55183573431278,3.5934746035813143,9.999999999785622,4.79129947144175
24.6,0.16045800659904963,35.657334799788806,0.42287583899904846,0.3831975174697573,1.0060252790875346,0.14852433625287564,1.0110800511331757,0.8022900329952481,0.7611765101982872,2.07385522258419e-09,0.11879123041562475,1.4084353907225484,0.07426216812643782,61.66577231861238,21.571785552749816,3.597486795010693,9.999999999792598,4.796649060014255
24.633333333333333,0.1603987218135523,35.64416040301162,0.42271959809687737,0.38305593660938797,1.00565358063386,0.14846946062776625,1.0107064850842553,0.8019936090677614,0.7608952765743793,2.0060808113334903e-09,0.11874734034891027,1.407915012887404,0.07423473031388313,61.64298852528873,21.591728000350596,3.6014975040603785,9.999999999799375,4.801996672080502
24.666666666666668,0.16033945893941376,35.63099087542528,0.42256341494067695,0.38291440807659366,1.0052820195580885,0.14841460528441217,1.0103330571033102,0.8016972946970687,0.7606141468932185,1.9425099274901397e-09,0.11870346650374403,1.407394827381324,0.07420730264220608,61.62021315273089,21.611663077327663,3.605506730773133,9.999999999805732,4.807342307697509
24.7,0.1602802179609058,35.61782621353463,0.42240728948893325,0.3827729318338127,1.0049105957615962,0.14835977020825486,1.0099597670913187,0.801401089804529,0.7603331210800799,1.880909152064335e-09,0.11865960886848194,1.4068748340662347,0.07417988510412743,61.59744619489953,21.63159078896923,3.6095144762124756,9.999999999811893,4.812685968283299
24.733333333333334,0.1602209988690691,35.60466641534869,0.42225122171802576,0.382631507859649,1.0045393091882098,0.14830495539100141,1.0095866149918382,0.8011049943453454,0.7600521990924464,1.8209628119438188e-09,0.11861576743649119,1.4063550328634935,0.07415247769550071,61.57468764835222,21.651511138288704,3.6135207409844408,9.999999999817888,4.818027654645919
24.766666666666666,0.1601618016559103,35.591511479091174,0.4220952116068877,0.38249013613501304,1.0041681597878123,0.14825016082525286,1.0092136007545016,0.8008090082795514,0.7597713808923978,1.7626442456592437e-09,0.11857194220185403,1.4058354237029371,0.07412508041262643,61.55193751001706,21.67142412797491,3.6175255256297887,9.99999999982372,4.823367367506383
24.8,0.1601026263134359,35.57836140298575,0.421939259134452,0.3823488166408153,1.0037971475102871,0.14819538650361028,1.008840724328942,0.8005131315671794,0.7594906664420137,1.7059267917412389e-09,0.11852813315865275,1.405316006514402,0.07409769325180514,61.529195776822164,21.691329760716677,3.6215288306892814,9.99999999982939,4.828705107585707
24.833333333333332,0.16004347283365253,35.56521618525612,0.42178336427965213,0.3822075493579664,1.003426272305518,0.14814063241867476,1.0084679856647913,0.8002173641682626,0.7592100557033739,1.6507837887204563e-09,0.11848434030096959,1.404796781227725,0.07407031620933738,61.506462445695625,21.71122803920283,3.6255306567036802,9.999999999834905,4.834040875604905
24.866666666666667,0.15998434120856675,35.55207582412594,0.4216275270214209,0.3820663342673768,1.0030555341233882,0.14808589856304735,1.008095384711683,0.7999217060428337,0.7589295486385577,1.5971885751275255e-09,0.11844056362288681,1.4042777477727433,0.07404294928152368,61.48373751356554,21.731118966122203,3.629531004213747,9.999999999840265,4.839374672284993
24.9,0.15992523143018514,35.53894031781893,0.4214717473386917,0.38192517134995707,1.002684932913781,0.14803118492932912,1.0077229214192496,0.7996261571509257,0.7586491452096451,1.5451144894930985e-09,0.11839680311848669,1.4037589060792932,0.07401559246466456,61.46102097736003,21.75100254416362,3.633529873760242,9.999999999845471,4.844706498346987
24.933333333333334,0.15986614349051428,35.525809664558736,0.4213160252103975,0.3817840605866176,1.00231446862658,0.14797649151012116,1.0073505957371238,0.7993307174525713,0.7583688453787155,1.4945348703478048e-09,0.11835305878185147,1.4032402560772117,0.07398824575506058,61.43831283400718,21.770878776015913,3.6375272658839277,9.99999999985053,4.850036354511902
24.966666666666665,0.15980707738156075,35.512683862569055,0.4211603606154715,0.3816430019582691,1.0019441412116685,0.1479218182980245,1.0069784076149384,0.7990353869078037,0.7580886491078488,1.4454230562222963e-09,0.11830933060706342,1.4027217976963358,0.07396090914901225,61.415613080435094,21.79074766436791,3.641523181125565,9.999999999855442,4.855364241500751
25.0,0.15974803309533112,35.499562910073585,0.42100475353284683,0.3815019954458219,1.0015739506189298,0.14786716528564026,1.006606357002326,0.7987401654766555,0.7578085563591244,1.3977523856472029e-09,0.1182656185882048,1.4022035308665017,0.07393358264282013,61.39292171357187,21.81060921190844,3.645517620025915,9.999999999860208,4.860690160034551
25.03333333333333,0.15968901062383198,35.486446805296,0.42084920394145675,0.38136104103018664,1.0012038967982477,0.14781253246556944,1.00623444384892,0.7984450531191598,0.7575285670946221,1.3514961971531758e-09,0.11822192271935786,1.4016854555175466,0.07390626623278472,61.370238730345626,21.83046342132633,3.6495105831257395,9.999999999864833,4.866014110834317
25.066666666666666,0.15963000995906987,35.47333554645997,0.4206937118202342,0.3812201386922738,1.0008339796995052,0.14775791983041317,1.0058626681043523,0.7981500497953493,0.7572486812764215,1.3066278292708456e-09,0.11817824299460487,1.4011675715793073,0.07387895991520659,61.34756412768445,21.85031029531041,3.6535020709658,9.99999999986932,4.871336094621064
25.1,0.1595710310930514,35.460229131789205,0.4205382771481123,0.3810792884129939,1.000464199272586,0.14770332737277247,1.005491029718256,0.797855155465257,0.7569688988666022,1.263120620530858e-09,0.1181345794080281,1.4006498789816202,0.07385166368638624,61.32489790251644,21.87014983654951,3.657492084086857,9.99999999987367,4.876656112115807
25.122725692594777,0.15953083351861863,35.45129633747081,0.4204323392550571,0.380983290643497,1.000212172110348,0.14766611939426044,1.005237736247266,0.7976541675930932,0.7567782106591028,1.234225353961032e-09,0.11810482009948407,1.4002970409544873,0.07383305969713022,61.30944953372076,21.883671653592778,3.6602115132698754,9.999999999876561,4.8802820176931645
25.133333333333333,0.15951207401778317,35.44712755950737,0.4203828999040245,0.3809384901732574,1.0000945554673732,0.14764875508524844,1.005119528640264,0.7975603700889158,0.7566892198272441,1.2209479094638585e-09,0.1180909319537098,1.4001323776543224,0.07382437754262422,61.302240051769715,21.889982047732452,3.6614806230296724,9.999999999877888,4.881974164039561
25.166666666666668,0.1594531387252717,35.43403082783816,0.42022758006690364,0.3807977439539749,0.9997250482337506,0.14759420296044215,1.0047481648200092,0.7972656936263585,0.7564096441204265,1.1800830346004787e-09,0.11804730062573222,1.3996150675272507,0.07379710148022108,61.27959057237236,21.909806931548076,3.665467688335008,9.999999999881975,4.887290251113342
25.2,0.1593942252075236,35.42093893500525,0.4200723176156829,0.38065704973605696,0.9993556775216013,0.14753967099095466,1.004376938207124,0.796971126037618,0.7561301717082293,1.140499334471368e-09,0.11800368541817766,1.3990979485302417,0.07376983549547733,61.25694946125249,21.9296244906852,3.6694532805436246,9.999999999885933,4.8926043740581635
25.233333333333334,0.15933533345654546,35.407851879232325,0.4199171125292956,0.38051640750041393,0.9989864432808088,0.14748515916938704,1.004005848751241,0.7966766672827272,0.7558508025527321,1.102170147607159e-09,0.11796008632512832,1.3985810205931322,0.07374257958469352,61.2343167153382,21.94943472783266,3.673437400196284,9.999999999889766,4.897916533595043
25.266666666666666,0.15927646346434382,35.39476965874307,0.41976196478667466,0.3803758172279565,0.9986173454612566,0.14743066748834036,1.0036348964019937,0.796382317321719,0.7555715366160144,1.0650688125385003e-09,0.11791650334066651,1.398064283645759,0.07371533374417018,61.21169233155759,21.969237645679282,3.677420047833747,9.999999999893477,4.9032267304449935
25.3,0.1592176152229253,35.38169227176118,0.4196068743667533,0.3802352788995951,0.9982483840128279,0.14737619594041565,1.0032640811090139,0.7960880761146264,0.755292373860156,1.0291686677960246e-09,0.11787293645887448,1.397547737617959,0.07368809797020782,61.189076306838764,21.989033246913895,3.6814012239967755,9.999999999897067,4.908534965329031
25.333333333333332,0.15915878872429642,35.368619716510324,0.4194518412484647,0.3800947924962403,0.9978795588854065,0.14732174451821403,1.0028934028219352,0.795793943621482,0.7550133142472365,9.944430519103805e-10,0.11782938567383448,1.397031382439569,0.07366087225910702,61.166468638109826,22.008821534225323,3.68538092922613,9.999999999900538,4.913841238968171
25.366666666666667,0.15909998396046382,35.35555199121418,0.419296865410742,0.37995435799880245,0.9975108700288754,0.14726731321433656,1.0025228614903898,0.795499919802319,0.7547343577393356,9.608653034122013e-10,0.11778585097962876,1.3965152180404254,0.07363365660716828,61.143869322298876,22.028602510302402,3.689359164062574,9.999999999903897,4.919145552083429
25.4,0.15904120092343405,35.34248909409646,0.41914194683251826,0.37981397538819234,0.9971423173931183,0.1472129020213843,1.0021524570640108,0.7952060046171702,0.7544555042985329,9.284087608321352e-10,0.11774233237033963,1.3959992443503655,0.07360645101069214,61.12127835633402,22.04837617783396,3.693335929046866,9.999999999907143,4.924447905395819
25.433333333333334,0.15898243960521366,35.32943102338081,0.4189870854927267,0.3796736446453203,0.9967739009280183,0.1471585109319583,1.0017821894924308,0.7949121980260683,0.7541767538869081,8.970467627008154e-10,0.11769882984004928,1.3954834612992255,0.07357925546597915,61.09869573714335,22.06814253950882,3.6973112247197695,9.999999999910278,4.929748299626357
25.466666666666665,0.15892369999780928,35.31637777729095,0.41883228137030043,0.37953336575109686,0.996405620583459,0.14710413993865967,1.0014120587252824,0.7946184999890463,0.7538981064665408,8.667526475488901e-10,0.11765534338284003,1.3949678688168425,0.07355206996932984,61.07612146165498,22.087901598015815,3.7012850516220444,9.999999999913308,4.935046735496057
25.5,0.15886498209322747,35.303329354050554,0.41867753444417255,0.37939313868643265,0.9960374763093239,0.14704978903408944,1.0010420647121987,0.7943249104661373,0.7536195619995106,8.374997539069926e-10,0.11761187299279412,1.3944524668330534,0.07352489451704472,61.053555526797,22.107653356043773,3.7052574102944535,9.999999999916234,4.940343213725936
25.53333333333333,0.15880628588347478,35.29028575188329,0.4185228446932763,0.3792529634322381,0.9956694680554963,0.1469954582108487,1.0006722074028123,0.7940314294173738,0.7533411204478974,8.092614203057709e-10,0.1175684186639938,1.3939372552776947,0.07349772910542435,61.03099792949752,22.12739781628152,3.709228301277757,9.999999999919057,4.945637735037007
25.566666666666666,0.15874761136055782,35.27724696901285,0.41836821209654473,0.3791128399694237,0.9953015957718595,0.1469411474615385,1.0003024867467556,0.793738056802789,0.7530627817737805,7.820109852758592e-10,0.11752498039052134,1.3934222340806033,0.07347057373076925,61.00844866668463,22.14713498141789,3.713197725112717,9.999999999921782,4.950930300150287
25.6,0.15868895851648313,35.26421300366292,0.41821363663291095,0.37897276827890003,0.9949338594082971,0.14688685677875993,0.999932902693662,0.7934447925824155,0.7527845459392397,7.557217873479012e-10,0.11748155816645901,1.392907403171616,0.07344342838937996,60.985907735286446,22.166864854141707,3.717165682340095,9.99999999992441,4.956220909786791
25.633333333333333,0.15863032734325733,35.25118385405719,0.4180591182813082,0.3788327483415776,0.9945662589146926,0.14683258615511405,0.9995634551931639,0.7931516367162865,0.7525064129063548,7.303671650525408e-10,0.11743815198588906,1.3923927624805696,0.07341629307755702,60.96337513223107,22.186587437141803,3.721132173500651,9.999999999926947,4.961509564667533
25.666666666666668,0.15857171783288695,35.23815951841933,0.41790465702066953,0.37869278013836694,0.9941987942409293,0.14677833558320189,0.9991941441948942,0.7928585891644347,0.7522283826372052,7.059204569204123e-10,0.11739476184289374,1.3918783119373008,0.07338916779160094,60.940850854446595,22.206302733107005,3.7250971991351483,9.999999999929392,4.966796265513529
25.7,0.15851312997737863,35.22513999497303,0.41775025282992817,0.3785528636501785,0.9938314653368903,0.14672410505562458,0.9988249696484854,0.792565649886893,0.7519504550938707,6.823550014821633e-10,0.11735138773155533,1.3913640514716463,0.07336205252781229,60.918334898861126,22.22601074472614,3.7290607597843466,9.999999999931747,4.972081013045793
25.733333333333334,0.1584545637687389,35.21212528194198,0.41759590568801713,0.37841299885792284,0.9934642721524595,0.14666989456498317,0.9984559315035704,0.7922728188436944,0.7516726302384309,6.596441372684278e-10,0.11730802964595607,1.3908499810134431,0.07333494728249158,60.89582726240276,22.24571147468804,3.7330228559890086,9.999999999934019,4.977363807985342
25.766666666666666,0.15839601919897436,35.19911537754986,0.4174416155738697,0.3782731857425105,0.99309721463752,0.14661570410387872,0.9980870297097822,0.7919800959948717,0.7513949080329655,6.377612028098528e-10,0.11726468758017826,1.3903361004925279,0.07330785205193936,60.87332794199962,22.26540492568153,3.7369834882898947,9.999999999936207,4.9826446510531905
25.8,0.15833749626009155,35.186110280020344,0.41728738246641894,0.378133424284852,0.9927302927419552,0.14656153366491229,0.9977182642167531,0.7916874813004577,0.7511172884395542,6.166795366370732e-10,0.11722136152830412,1.3898224098387373,0.07328076683245614,60.850836934579775,22.285091100395444,3.740942657227767,9.999999999938316,4.9879235429703535
25.833333333333332,0.15827899494409708,35.173109987577135,0.41713320634459805,0.3779937144658578,0.9923635064156487,0.14650738324068496,0.9973496349741162,0.7913949747204854,0.7508397714202765,5.963724772807353e-10,0.11717805148441592,1.3893089089819082,0.07325369162034248,60.82835423707135,22.304770001518605,3.7449003633433855,9.999999999940346,4.993200484457845
25.866666666666667,0.15822051524299754,35.1601144984439,0.41697908718733995,0.3778540562664385,0.9919968556084838,0.1464532528237978,0.9969811419315042,0.7911025762149877,0.750562356937212,5.768133632714744e-10,0.11713475744259592,1.3887955978518773,0.0732266264118989,60.80587984640245,22.324441631739848,3.7488566071775136,9.999999999942302,4.998475476236682
25.9,0.1581620571487995,35.147123810844334,0.4168250249735781,0.37771444966750456,0.9916303402703442,0.14639914240685187,0.9966127850385498,0.7908102857439974,0.7502850449524406,5.579755331399364e-10,0.1170914793969264,1.3882824763784818,0.07319957120342593,60.78341375950115,22.344105993747995,3.752811389270911,9.999999999944185,5.003748519027879
25.909320150927556,0.15814571586518042,35.14349241448454,0.41678195866489326,0.3776754242586271,0.9915278851497418,0.14638401646608712,0.9965098151326084,0.790728579325902,0.7502075255968079,5.528337979735332e-10,0.1170793815201744,1.3881390392096384,0.07319200823304356,60.77713362493779,22.34960293854546,3.7539169028311483,9.9999999999447,5.005222537108196
25.933333333333334,0.15810362065350947,35.13413792300211,0.41667101968224546,0.37757489464996646,0.9912639603511126,0.14634505198244827,0.9962445642448857,0.7905181032675473,0.7500078354280418,5.398323254167573e-10,0.11704821734148961,1.3877695444915576,0.07317252599122413,60.76095597329558,22.363763090231878,3.75676471016434,9.999999999946,5.009019613552451
25.966666666666665,0.15804520574913417,35.12115683314093,0.4165170712922751,0.37743539119473485,0.9908977158006732,0.146290981543188,0.9958764795001448,0.7902260287456707,0.7497307283260952,5.223570786325826e-10,0.1170049712703678,1.3872568021209424,0.073145490771594,60.73850648471383,22.383412923880325,3.7607165703985617,9.999999999947748,5.014288760531413
26.0,0.15798681242768,35.10818053948445,0.41636317978260035,0.37729593928272015,0.990531606568909,0.14623693108167218,0.9955085307539596,0.7899340621384,0.7494537236086807,5.055231313180482e-10,0.11696174117764324,1.3867442491964725,0.07311846554083609,60.716065290684,22.403055497382166,3.7646669705143374,9.99999999994943,5.019555960685781
26.03333333333333,0.1579284406811537,35.09520904025638,0.41620934513215424,0.37715653889483286,0.9901656326057034,0.14618290059050187,0.9951407179559631,0.7896422034057684,0.7491768212378777,4.893038220037993e-10,0.11691852705739819,1.3862318856479847,0.07309145029525094,60.6936323881342,22.422690813426225,3.768615911052428,9.999999999951052,5.024821214736568
26.066666666666666,0.15787009050156173,35.082242333680384,0.41605556731986987,0.3770171900119836,0.9897997938609399,0.14612889006227814,0.9947730410557881,0.7893504525078086,0.7489000211757658,4.736724892204724e-10,0.11687532890371491,1.3857197114053157,0.07306444503113907,60.67120777399252,22.44231887470134,3.772563392553596,9.999999999952616,5.030084523404793
26.099999999999998,0.15781176188091073,35.06928041798017,0.41590184632468047,0.37687789261508275,0.989434090284502,0.14607489948960206,0.9944055000030673,0.7890588094045535,0.7486233233844248,4.586024714987128e-10,0.11683214671067566,1.3852077263983027,0.07303744974480103,60.64879144518707,22.46193968389633,3.776509415558602,9.999999999954124,5.035345887411467
26.133333333333333,0.15775345481120726,35.05632329137939,0.41574818212551906,0.3767386466850409,0.9890685218262728,0.1460209288650747,0.9940380947474332,0.7887672740560362,0.7483467278259344,4.4406710736915666e-10,0.11678898047236269,1.3846959305567819,0.07301046443253735,60.626383398645956,22.48155324370003,3.7804539806082076,9.999999999955577,5.040605307477608
26.166666666666668,0.15769516928445787,35.043370952101746,0.41559457470131894,0.37659945220276864,0.9887030884361361,0.14596697818129709,0.9936708252385189,0.7884758464222893,0.7480702344623741,4.3003973536244744e-10,0.11674583018285828,1.3841843238105904,0.07298348909064854,60.60398363129727,22.50115955680127,3.7843970882431743,9.99999999995698,5.04586278432423
26.2,0.1576369052926692,35.03042339837093,0.4154410240310132,0.3764603091491764,0.988337790063975,0.14591304743087036,0.993303691425957,0.7881845264633459,0.7477938432558238,4.164936940092263e-10,0.11670269583624468,1.383672906089565,0.07295652371543518,60.58159214006912,22.520758625888867,3.7883387390042627,9.999999999958334,5.051118318672348
26.233333333333334,0.15757866282784777,35.01748062841062,0.41528753009353486,0.3763212175051747,0.9879726266596731,0.14585913660639552,0.9929366932593802,0.7878933141392388,0.7475175541683627,4.03402321840132e-10,0.11665957742660416,1.3831616773235422,0.07292956830319776,60.5592089218896,22.540350453651662,3.792278933432235,9.999999999959643,5.0563719112429775
26.266666666666666,0.1575204418820002,35.00454264044449,0.41513409286781716,0.3761821772516741,0.9876075981731138,0.1458052457004737,0.9925698306884214,0.7876022094100009,0.7472413671620709,3.907389573858077e-10,0.11661647494801897,1.3826506374423593,0.07290262285023685,60.536833973686825,22.55993504277848,3.796217672067852,9.99999999996091,5.061623562757134
26.3,0.15746224244713303,34.99160943269624,0.4149807123327932,0.3760431883695851,0.9872427045541804,0.1457513747057059,0.9922031036627132,0.7873112122356651,0.7469652821990278,3.784769391768913e-10,0.11657338839457138,1.3821397863758524,0.07287568735285295,60.514467292388886,22.57951239595815,3.800154955451876,9.999999999962135,5.066873273935832
26.333333333333332,0.15740406451525288,34.97868100338953,0.4148273884673962,0.37590425083981815,0.9868779457527564,0.14569752361469326,0.9918365121318886,0.7870203225762643,0.7466892992413132,3.665896057440263e-10,0.11653031776034363,1.381629124053859,0.07284876180734663,60.492108874923886,22.5990825158795,3.804090784125067,9.999999999963324,5.072121045500087
26.366666666666667,0.15734590807836626,34.965757350748056,0.41467412125055925,0.37576536464328386,0.9865133217187252,0.14564369242003677,0.99147005604558,0.7867295403918313,0.7464134182510067,3.550502956178513e-10,0.116487263039418,1.3811186504062152,0.07282184621001839,60.46975871821993,22.618645405231355,3.8080251586281877,9.999999999964478,5.077366878170914
26.4,0.1572877731284798,34.95283847299551,0.41452091066121544,0.3756265297608927,0.9861488324019703,0.14558988111433757,0.9911037353534206,0.786438865642399,0.7461376391901878,3.4383234732900833e-10,0.11644422422587675,1.3806083653627583,0.07279494055716879,60.447416819205124,22.63820106670255,3.811958079501998,9.9999999999656,5.082610772669328
26.433333333333334,0.15722965965760008,34.93992436835557,0.41436775667829795,0.3754877461735553,0.9857844777523749,0.14553608969019668,0.9907375500050427,0.7861482982880004,0.7458619620209364,3.3290909940813714e-10,0.11640120131380213,1.3800982688533248,0.07276804484509834,60.425083174807554,22.657749502981908,3.815889547287261,9.999999999966693,5.087852729716346
26.466666666666665,0.15717156765773366,34.92701503505193,0.41421465928073997,0.375349013862182,0.9854202577198226,0.14548231814021523,0.9903714999500794,0.7858578382886683,0.745586386705332,3.2225389038588013e-10,0.11635819429727642,1.3795883608077515,0.07274115907010761,60.402757781955344,22.677290716758264,3.819819562524737,9.999999999967757,5.09309275003298
26.5,0.1571134971208871,34.91411047130824,0.4140616184474745,0.37521033280768346,0.9850561722541965,0.1454285664569942,0.9900055851381632,0.7855674856044355,0.7453109132054542,3.1184005879287557e-10,0.11631520317038187,1.379078641155875,0.0727142832284971,60.38044063757658,22.696824710720442,3.8237481257551877,9.9999999999688,5.098330834340248
26.53333333333333,0.15705544804535235,34.90121067674497,0.4139086341740058,0.37507170300598036,0.9846922213447887,0.1453748346389526,0.9896398055585237,0.7852772402267617,0.7450355415132105,3.0186836694320754e-10,0.11627222793185392,1.3785691098827042,0.0726874173194763,60.35813174101436,22.716351485443244,3.8276752370942146,9.999999999969797,5.103566982792284
26.566666666666666,0.1569974204292396,34.88831565094213,0.4137557064553611,0.3749331244525599,0.9843284049797525,0.14532112268434116,0.9892741611992426,0.7849871021461979,0.74476027161965,2.926070470276892e-10,0.11622926858029356,1.3780597669716534,0.07266056134217058,60.335831091541806,22.735871041562664,3.831600896669728,9.999999999970724,5.108801195559635
26.599999999999998,0.15693941425046523,34.87542538899228,0.4136028352333267,0.3747945970946829,0.983964723020627,0.1452674305727187,0.9889086519211847,0.7846970712523261,0.7444851034199881,2.8357081141050003e-10,0.11618632509935169,1.3775506122288776,0.07263371528635935,60.313538680673055,22.75538338650673,3.8355251059756057,9.999999999971626,5.114033474634138
26.633333333333333,0.156881429501233,34.86253988916288,0.413450020487356,0.37465612091373063,0.9836011754185318,0.14521375829686878,0.9885432776752243,0.7844071475061649,0.7442100368772409,2.7475660354249506e-10,0.1161433974832565,1.3770416455859444,0.07260687914843439,60.291254505411935,22.774888522897974,3.839447865539276,9.999999999972509,5.119263820719032
26.666666666666668,0.15682346617374662,34.84965914972147,0.41329726219690266,0.37451769589108475,0.983237762124587,0.14516010584957495,0.9881780384122358,0.784117330868733,0.7439350719544248,2.6616136687453206e-10,0.11610048572623627,1.3765328669744217,0.07258005292478747,60.268978562762264,22.79438645335893,3.8433691758881676,9.999999999973369,5.124492234517554
26.7,0.1567655242602099,34.83678316893553,0.4131445603414199,0.37437932200812646,0.9828744830899122,0.14510647322362086,0.9878129340830935,0.7838276213010494,0.7436602086145558,2.577820448574689e-10,0.11605758982251921,1.376024276325877,0.07255323661181043,60.24671084972787,22.813877180512115,3.8472890375497064,9.999999999974206,5.129718716732939
26.720542941768944,0.1567298260013625,34.828850222525006,0.4130504800801618,0.3742940692715486,0.9826506653348186,0.1450734299351426,0.9875879917563268,0.7836491300068125,0.7434908641442913,2.5272417576005777e-10,0.11603116147418008,1.375710931468746,0.0725367149675713,60.232991617218374,22.825885500233973,3.8497040809561054,9.999999999974712,5.132938774608138
26.733333333333334,0.15670760375282655,34.82391194507257,0.4129919149003613,0.37424099924623727,0.9825113382656272,0.14505286041179,0.9874479646386713,0.7835380187641326,0.7433854468206503,2.496155809421606e-10,0.11601470976633356,1.375515873571878,0.072526430205895,60.22445136331257,22.833360706980073,3.8512074510513217,9.999999999975023,5.134943268068426
26.766666666666666,0.15664970464380035,34.811045476400075,0.4128393258531803,0.3741027275867986,0.9821483276028518,0.144999267406866,0.9870831300298442,0.7832485232190016,0.7431107865357245,2.416589185794658e-10,0.11597184555190757,1.3750076586439923,0.072499633703433,60.202200100520194,22.85283703538532,3.85512441692044,9.999999999975818,5.140165889227251
26.8,0.15659182692533502,34.79818376118556,0.41268679317933016,0.3739645070111917,0.9817854510527056,0.14494569420163245,0.9867184302074858,0.782959134626675,0.7428362277227943,2.3390900122023974e-10,0.11592899717346944,1.3744996314737878,0.07247284710081622,60.17995705835456,22.872306168350395,3.8590399356844904,9.999999999976593,5.1453865809126516
26.833333333333332,0.1565339705896343,34.78532679769651,0.41253431685826464,0.3738263375007982,0.9814227085663086,0.1448921407888729,0.9863538651224708,0.7826698529481715,0.7425617703448764,2.2636277231534093e-10,0.11588616462524744,1.373991791992832,0.07244607039443644,60.1577222338195,22.891768108497818,3.8629540078708993,9.999999999977348,5.150605343827864
26.866666666666667,0.156476135628902,34.772474584200445,0.412381896869437,0.37368821903699934,0.9810601000947804,0.14483860716137092,0.9859894347256735,0.78238067814451,0.7422874143649866,2.1901717531562463e-10,0.11584334790146979,1.3734841401326925,0.07241930358068546,60.13549562391883,22.911222858450127,3.8668666340070956,9.999999999978082,5.155822178676125
26.9,0.15641832203534184,34.75962711896486,0.4122295331923006,0.3735501516011765,0.9806976255892409,0.14478509331191014,0.985625138967968,0.7820916101767091,0.7420131597461411,2.118691536719493e-10,0.11580054699636472,1.372976675824937,0.07239254665595507,60.11327722565637,22.93067042082984,3.8707778146205065,9.999999999978797,5.161037086160673
26.933333333333334,0.15636052980115756,34.74678440025724,0.41207722580630907,0.37341213517471117,0.9803352850008097,0.14473159923327408,0.9852609778002286,0.7818026490057878,0.7417390064513564,2.049156508351703e-10,0.11575776190416047,1.3724693990011334,0.07236579961663704,60.091067036035945,22.950110798259498,3.87468755023856,9.999999999979492,5.166250066984744
26.966666666666665,0.15630275891855294,34.7339464263451,0.4119249746909159,0.3732741697389848,0.9799730782806065,0.14467812491824636,0.9848969511733299,0.7815137945927647,0.7414649544436486,1.9815361025614603e-10,0.11571499261908529,1.371962309592849,0.07233906245912318,60.06886505206139,22.969543993361622,3.878595841388683,9.999999999980169,5.171461121851575
27.0,0.1562450093797317,34.72111319549594,0.41177277982557425,0.37313625527537864,0.9796110053797514,0.14462467035961052,0.9845330590381458,0.7812250468986585,0.7411910036860336,1.9157997538573191e-10,0.11567223913536738,1.3714554075316518,0.07231233517980526,60.04667127073652,22.98897000875875,3.8825026885983047,9.999999999980826,5.176670251464404
27.03333333333333,0.15618728117689762,34.70828470597725,0.41162064118973785,0.3729983917652742,0.9792490662493638,0.14457123555015017,0.9841693013455509,0.7809364058844881,0.7409171541415281,1.8519168967478623e-10,0.11562950144723501,1.3709486927491092,0.07228561777507508,60.02448568906515,23.008388847073395,3.8864080923948516,9.999999999981465,5.1818774565264665
27.066666666666666,0.15612957430225444,34.69546095605654,0.4114685587628599,0.37286057919005283,0.9788872608405637,0.14451782048264888,0.9838056780464193,0.7806478715112721,0.7406434057731479,1.789856965741645e-10,0.11558677954891639,1.370442165176789,0.07225891024132444,60.00230830405111,23.027800510928103,3.890312053305752,9.999999999982085,5.187082737741001
27.099999999999998,0.15607188874800593,34.682641944001325,0.41131653252439415,0.37272281753109604,0.9785255891044707,0.14446442514989025,0.9834421890916255,0.7803594437400295,0.7403697585439095,1.7295893953472497e-10,0.11554407343463977,1.369935824746259,0.07223221257494512,59.98013911269824,23.04720500294539,3.894214571858434,9.999999999982688,5.192286095811243
27.133333333333333,0.15601422450635577,34.669827668079066,0.4111645624537938,0.37258510676978507,0.9781640509922047,0.1444110495446578,0.9830788344320435,0.7800711225317788,0.7400962124168289,1.671083620073232e-10,0.11550138309863338,1.3694296713890866,0.0722055247723289,59.95797811201033,23.066602325747795,3.8981156485803243,9.999999999983274,5.19748753144043
27.166666666666668,0.15595658156950779,34.65701812655728,0.4110126485305124,0.3724474468875014,0.9778026464548856,0.14435769365973516,0.9827156140185478,0.7797829078475389,0.7398227673549224,1.6143090744281676e-10,0.11545870853512544,1.3689237050368397,0.07217884682986758,59.93582529899123,23.085992481957838,3.902015283998852,9.99999999998384,5.202687045331801
27.2,0.15589895992966574,34.644213317703496,0.4108607907340034,0.3723098378656265,0.9774413754436327,0.14430435748790588,0.9823525278020128,0.7794947996483286,0.7395494233212061,1.5592351929206311e-10,0.11541604973834421,1.3684179256210858,0.07215217874395294,59.91368067064476,23.105375474198055,3.9059134786414433,9.999999999984391,5.207884638188589
27.233333333333334,0.15584135957903333,34.63141323978519,0.41070898904372016,0.3721722796855417,0.9770802379095661,0.14425104102195357,0.9819895757333125,0.7792067978951666,0.7392761802786963,1.5058314100591794e-10,0.11537340670251792,1.3679123330733924,0.07212552051097679,59.891544223974726,23.124751305090975,3.9098102330355275,9.999999999984926,5.213080310714035
27.266666666666666,0.1557837805098143,34.618617891069846,0.4105572434391163,0.3720347723286283,0.9767192338038057,0.14419774425466178,0.9816267577633214,0.7789189025490715,0.7390030381904094,1.4540671603523927e-10,0.11533077942187478,1.3674069273253278,0.07209887212733089,59.86941595598498,23.14411997725912,3.913705547708531,9.999999999985443,5.218274063611372
27.3,0.15572622271421246,34.60582726982499,0.41040555389964506,0.37189731577626794,0.9763583630774707,0.1441444671788141,0.9812640738429138,0.7786311135710623,0.7387299970193612,1.4039118783088293e-10,0.11528816789064306,1.366901708308459,0.07207223358940705,59.847295863679314,23.163481493325026,3.917599423187883,9.999999999985945,5.223465897583841
27.333333333333332,0.15566868618443153,34.59304137431812,0.41025392040476,0.3717599100098419,0.9759976256816815,0.1440912097871941,0.9809015239229639,0.7783434309221576,0.738457056728568,1.3553349984370683e-10,0.11524557210305097,1.366396675954354,0.07204560489359706,59.82518394406157,23.182835855911215,3.9214918600010096,9.99999999998643,5.228655813334677
27.366666666666667,0.1556111709126753,34.58026020281673,0.41010234293391457,0.37162255501073144,0.9756370215675575,0.14403797207258537,0.9805391079543461,0.7780558545633763,0.7381842172810462,1.308305955245668e-10,0.11520299205332675,1.3658918301945804,0.07201898603629268,59.80308019413557,23.202183067640227,3.92538285867534,9.999999999986901,5.233843811567118
27.4,0.15555367689114744,34.56748375358832,0.4099508214665622,0.3714852507603182,0.9752765506862184,0.1439847540277715,0.9801768258879346,0.7777683844557371,0.737911478639812,1.2627941832432086e-10,0.11516042773569864,1.3653871709607057,0.07199237701388575,59.780984610905136,23.221523131134578,3.929272419738301,9.999999999987356,5.239029892984399
27.433333333333334,0.15549620411205176,34.55471202490039,0.40979935598215633,0.37134799723998346,0.9749162129887843,0.14393155564553603,0.9798146776746037,0.7774810205602587,0.7376388407678814,1.2187691169382476e-10,0.11511787914439488,1.3648826981842979,0.07196577782276802,59.75889719137408,23.24085604901681,3.933160543717321,9.999999999987796,5.244214058289759
27.466666666666665,0.155438752567592,34.541945015020445,0.4096479464601504,0.37121079443110866,0.9745560084263747,0.14387837691866256,0.9794526632652278,0.7771937628379599,0.7373663036282707,1.1762001908393642e-10,0.11507534627364369,1.3643784117969244,0.07193918845933128,59.736817932546245,23.26018182390944,3.937047231139827,9.999999999988223,5.249396308186434
27.5,0.15538132224997192,34.529182722215985,0.4094965928799979,0.37107364231507517,0.9741959369501094,0.14382521783993468,0.9790907826106812,0.7769066112498595,0.7370938671839963,1.135056839455118e-10,0.1150328291176733,1.363874311730153,0.07191260891996734,59.714746831425444,23.279500458435006,3.9409324825332477,9.999999999988633,5.2545766433776615
27.53333333333333,0.15532391315139527,34.5164251447545,0.40934529522115226,0.37093654087326444,0.9738359985111084,0.143772078402136,0.9787290356618381,0.7766195657569762,0.736821531398074,1.0953084972940864e-10,0.11499032767071198,1.3633703979155516,0.071886039201068,59.692683885015505,23.29881195521603,3.94481629842501,9.999999999989031,5.2597550645666775
27.557165180089015,0.15528288121039102,34.507306935642454,0.4092371584141719,0.37083855051265174,0.9735787401119975,0.14373409811101812,0.978470484668501,0.776414406051955,0.7366268851455094,1.0677284693235886e-10,0.11495995065892205,1.3630102361567964,0.07186704905550906,59.67691485993188,23.31261443977464,3.9475921738261963,9.999999999989306,5.263456231768259
27.566666666666666,0.15526652526406576,34.5036722809035,0.40919405346306686,0.37079949008705776,0.9734761930604909,0.14371895859804998,0.9783674223695726,0.7763326263203287,0.7365492962335204,1.0569245988648308e-10,0.11494784192698791,1.3628666702846872,0.07185947929902499,59.67062909032024,23.31811631687505,3.948698679342542,9.999999999989415,5.26493157245672
27.599999999999998,0.1552091585801872,34.49092412893049,0.40904286758519526,0.37066248993783674,0.9731165205493773,0.1436658584204603,0.9780059426847595,0.7760457929009359,0.7362771616533514,1.0198745786759265e-10,0.11490537188072938,1.362363128769128,0.07183292921023016,59.64858244434348,23.337413546034586,3.9525796258132715,9.999999999989786,5.270106167751026
27.633333333333333,0.1551518130919633,34.478180687102956,0.4088917375669908,0.37052554040698255,0.972756980928887,0.14361277786215054,0.9776445965582726,0.7757590654598164,0.7360051276205835,9.841278712359362e-11,0.11486291752616459,1.3618597733004416,0.07180638893107527,59.62654394408905,23.35670364531717,3.956459138364626,9.999999999990143,5.275278851152833
27.666666666666668,0.15509448879159785,34.46544195368841,0.408740663387907,0.37038864147587675,0.9723975741501398,0.14355971691590425,0.9772833839409867,0.7754724439579892,0.7357331940982326,9.496539110534315e-11,0.1148204788575218,1.3613566038101956,0.07177985845795212,59.60451358656078,23.375986617345333,3.9603372175240343,9.999999999990488,5.280449623365376
27.7,0.15503718567129457,34.452707926954346,0.40858964502739725,0.3702517931259007,0.9720383001642555,0.143506675574505,0.9769223047837756,0.7751859283564728,0.735461361049315,9.164221326369855e-11,0.11477805586902921,1.3608536202299577,0.0717533377872525,59.582491368762476,23.395262464741602,3.964213863818922,9.99999999999082,5.285618485091894
27.733333333333334,0.15497990372325723,34.43997860516827,0.40843868246491505,0.3701149953384358,0.971679158922354,0.14345365383073636,0.9765613590375138,0.7748995186162861,0.7351896284368471,8.844019704951597e-11,0.1147356485549151,1.3603508224912955,0.07172682691536818,59.56047728769797,23.414531190128507,3.9680890777767193,9.99999999999114,5.290785437035623
27.766666666666666,0.1549226429396896,34.42725398659769,0.4082877756799138,0.3699782480948634,0.9713201503755549,0.14340065167738195,0.9762005466530757,0.7746132146984479,0.7349179962238449,8.535628591365296e-11,0.11469325690940765,1.3598482105257768,0.07170032583869097,59.53847134037109,23.433792796128575,3.971962859924852,9.999999999991449,5.2959504798998
27.8,0.15486540331279536,34.41453406951008,0.40813692465184703,0.369841551376565,0.9709612744749779,0.14334766910722532,0.9758398675813355,0.7743270165639767,0.7346464643733247,8.238742330696583e-11,0.11465088092673514,1.359345784264969,0.07167383455361266,59.51647352378565,23.453047285364338,3.9758352107907493,9.999999999991745,5.301113614387663
27.833333333333332,0.15480818483477835,34.401818852172966,0.4079861293601681,0.36970490516492194,0.9706025311717429,0.14329470611305006,0.9754793217731674,0.7740409241738917,0.7343750328483026,7.953055268031202e-11,0.1146085206011258,1.35884354364044,0.07164735305652503,59.494483834945484,23.47229466045832,3.979706130901838,9.999999999992031,5.306274841202448
27.866666666666667,0.15475098749784225,34.38910833285384,0.40783538978433054,0.36956830944131563,0.9702439204169697,0.14324176268763975,0.9751189091794459,0.7737549374892112,0.734103701611795,7.678261748454777e-11,0.11456617592680785,1.3583414885837575,0.07162088134381987,59.472502270854406,23.491534924033058,3.983575620785546,9.999999999992307,5.3114341610473925
27.9,0.15469381129419085,34.37640250982019,0.4076847059037877,0.3694317641871275,0.9698854421617779,0.14318883882377795,0.9747586297510451,0.7734690564709542,0.7338324706268179,7.41405611705307e-11,0.11452384689800951,1.357839619026489,0.07159441941188897,59.45052882851624,23.510768078711074,3.9874436809693012,9.99999999999257,5.316591574625733
27.933333333333334,0.1546366562160279,34.36370138133954,0.40753407769799305,0.36929526938373886,0.9695270963572875,0.14313593451424825,0.9743984834388395,0.7731832810801395,0.7335613398563875,7.160132718911695e-11,0.11448153350895905,1.3573379349002024,0.07156796725712412,59.42856350493482,23.5299941271149,3.991310311980532,9.999999999992824,5.321747082640707
27.966666666666665,0.15457952225555716,34.35100494567937,0.4073835051464001,0.3691588250125313,0.969168882954618,0.14308304975183422,0.9740384701937032,0.7728976112777858,0.7332903092635202,6.916185899116413e-11,0.11443923575388469,1.356836436136465,0.07154152487591711,59.40660629711396,23.54921307186706,3.995175514346665,9.999999999993069,5.326900685795551
28.0,0.15452240940498235,34.33831320110719,0.4072329882284622,0.36902243105488597,0.9688108019048892,0.14303018452931945,0.9736785899665106,0.7726120470249117,0.733019378811232,6.681910002752852e-11,0.11439695362701466,1.3563351226668448,0.07151509226465973,59.38465720205748,23.568424915590093,3.9990392885951285,9.999999999993301,5.332052384793503
28.03333333333333,0.15446531765650726,34.3256261458905,0.40708252692363295,0.3688860874921845,0.9684528531592209,0.14297733883948754,0.973318842708136,0.7723265882825362,0.7327485484625393,6.456999374906747e-11,0.1143546871225772,1.3558339944229092,0.07148866941974377,59.362716216769215,23.587629660906522,4.00290163525335,9.999999999993527,5.337202180337798
28.066666666666666,0.15440824700233557,34.31294377829679,0.40693212121136557,0.3687497943058082,0.9680950366687331,0.14292451267512202,0.9729592283694536,0.7720412350116779,0.7324778181804581,6.241148360663746e-11,0.11431243623480053,1.3553330513362263,0.07146225633756101,59.340783338252976,23.606827310438877,4.006762554848758,9.999999999993744,5.342350073131675
28.099999999999998,0.15435119743467113,34.30026609659359,0.40678177107111374,0.3686135514771384,0.9677373523845452,0.1428717060290065,0.9725997469013378,0.7717559871733556,0.7322071879280048,6.034051305109577e-11,0.1142702009579129,1.3548322933383632,0.07143585301450325,59.31885856351259,23.626017866809683,4.010622047908779,9.99999999999395,5.34749606387837
28.133333333333333,0.15429416894571762,34.287593099048365,0.40663147648233083,0.3684773589875566,0.9673798002577773,0.14281891889392456,0.9722403982546628,0.7714708447285881,0.7319366576681955,5.835402553329885e-11,0.11422798128614255,1.354331720360888,0.07140945944696228,59.29694188955189,23.645201332641474,4.0144801149608424,9.999999999994149,5.352640153281121
28.166666666666668,0.15423716152767883,34.27492478392863,0.4064812374244702,0.3683412168184442,0.9670223802395487,0.14276615126265976,0.9718811823803032,0.7711858076383941,0.7316662273640463,5.6448964504103814e-11,0.1141857772137177,1.3538313323353681,0.07138307563132988,59.27503331337469,23.664377710556778,4.018336756532375,9.999999999994339,5.357782342043164
28.2,0.1541801751727585,34.262261149501896,0.40633105387698537,0.36820512495118257,0.9666650922809796,0.14271340312799569,0.9715220992291328,0.7709008758637924,0.7313958969785737,5.4622273414367883e-11,0.1141435887348666,1.3533311291933714,0.07135670156399784,59.253132831984814,23.683547003178123,4.022191973150804,9.999999999994522,5.362922630867736
28.233333333333334,0.15412320987316036,34.24960219403564,0.40618092581932974,0.36806908336715316,0.9663079363331897,0.14266067448271594,0.9711631487520264,0.7706160493658017,0.7311256664747936,5.2870895714947403e-11,0.11410141584381747,1.3528311108664655,0.07133033724135797,59.23124044238609,23.70270921312804,4.026045765343557,9.999999999994698,5.368061020458074
28.266666666666666,0.1540662656210882,34.23694791579737,0.4060308532309569,0.3679330920477373,0.9659509123472986,0.14260796531960407,0.9708043308998578,0.7703313281054409,0.7308555358157224,5.1191774856699596e-11,0.11405925853479856,1.352331277286218,0.07130398265980203,59.20935614158233,23.721864343029054,4.0298981336380635,9.999999999994865,5.373197511517416
28.3,0.15400934240874575,34.22429831305461,0.4058808360913201,0.3677971509743164,0.9655940202744261,0.14255527563144366,0.9704456456235017,0.7700467120437287,0.7305855049643761,4.9581854290481115e-11,0.11401711680203809,1.3518316283841965,0.07127763781572183,59.18747992657737,23.7410123955037,4.03374907856175,9.999999999995026,5.378332104748998
28.333333333333332,0.15395244022833676,34.211653384074836,0.4057308743798729,0.367661260128272,0.9652372600656921,0.14250260541101828,0.9700870928738322,0.7697622011416837,0.7303155738837712,4.803807746714918e-11,0.11397499063976431,1.3513321640919689,0.07125130270550914,59.16561179437503,23.760153373174496,4.037598600642045,9.99999999999518,5.383464800856057
28.366666666666667,0.15389555907206498,34.19901312712555,0.4055809680760687,0.3675254194909853,0.9648806316722162,0.14244995465111154,0.9697286726017237,0.7694777953603249,0.7300457425369237,4.655738783756014e-11,0.11393288004220543,1.3508328843411026,0.07122497732555577,59.14375174197913,23.779287278663986,4.041446700406375,9.999999999995328,5.388595600541831
28.4,0.1538386989321342,34.18637754047427,0.40543111715936103,0.3673896290438378,0.9645241350451182,0.142397323344507,0.9693703847580504,0.7691934946606709,0.7297760108868498,4.5136728852571526e-11,0.11389078500358972,1.3503337890631655,0.0711986616722535,59.1218997663935,23.798414114594685,4.045293378382168,9.99999999999547,5.393724504509556
28.419982124526236,0.15380462341244464,34.178805202765474,0.40534131351362707,0.3673082516490397,0.9643104913950902,0.1423657821079453,0.9691556676559376,0.7690231170622231,0.7296143643245288,4.4312604916413345e-11,0.11386555801120231,1.3500346879531262,0.07118289105397264,59.10880417033564,23.80987657098593,4.0475986409310005,9.999999999995552,5.396798187907999
28.433333333333334,0.1537818598007481,34.173746622388464,0.4052813216092032,0.3672538887682109,0.9641677701355179,0.14234471148398822,0.9690122292936867,0.7689092990037404,0.7295063788965658,4.377304396303968e-11,0.11384870551814538,1.349834878189725,0.07117235574199411,59.10005586462195,23.817533883589135,4.0491386350968535,9.999999999995607,5.3988515134624695
28.466666666666665,0.15372504167011047,34.16112037113566,0.4051315814050488,0.36711819864548606,0.963811536894535,0.14229211906233882,0.9686542061595067,0.7686252083505524,0.7292368465290878,4.246327661982187e-11,0.11380664158010068,1.349336151652349,0.07114605953116941,59.078220033668316,23.836646588269854,4.052982471077858,9.999999999995739,5.403976628103807
28.5,0.15366824453242509,34.14849878498335,0.4049818965263512,0.36698255865704454,0.9634554352732895,0.14223954607234235,0.9682963153063848,0.7683412226621253,0.7289674137474321,4.1204370273774655e-11,0.11376459318368382,1.348837609382605,0.07111977303617117,59.05639227053641,23.855752231259377,4.056824886852608,9.999999999995863,5.409099849136809
28.53333333333333,0.1536114683798957,34.13588186219904,0.40483226695256386,0.36684696878426787,0.9630994652229009,0.14218699250678238,0.9679385566851955,0.7680573418994784,0.7286980805146149,3.9993268375755306e-11,0.11372256032312304,1.3483392513120611,0.07109349625339119,59.034572572230076,23.874850815180228,4.060665882948533,9.999999999995985,5.414221177264709
28.566666666666666,0.153554713204726,34.123269601050225,0.4046826926631402,0.3667114290085374,0.962743626694489,0.14213445835844252,0.9675809302468129,0.7677735660236299,0.7284288467936524,3.882691437662032e-11,0.1136805429926466,1.3478410773722844,0.07106722917922126,59.01276093575312,23.893942342654945,4.064505459893061,9.999999999996101,5.419340613190745
28.599999999999998,0.15349797899911977,34.11066199980439,0.40453317363753366,0.36657593931123456,0.9623879196391736,0.14208194362010632,0.9672234359421112,0.7674898949955988,0.7281597125475606,3.770225172722692e-11,0.11363854118648271,1.3473430874948429,0.07104097181005316,58.99095735810937,23.913026816306047,4.068343618213618,9.999999999996215,5.424458157618155
28.633333333333333,0.1534412657552808,34.09805905672907,0.40438370985519784,0.3664404996737407,0.9620323440080742,0.14202944828455738,0.9668660737219649,0.7672063287764039,0.7278906777393561,3.661622387843166e-11,0.11359655489885961,1.346845281611304,0.07101472414227869,58.96916183630264,23.932104238756068,4.072180358437634,9.999999999996323,5.429573811250176
28.666666666666668,0.1533845734654128,34.085460770091736,0.40423430129558596,0.36630511007743727,0.9616768997523112,0.14197697234457923,0.9665088435372482,0.7669228673270639,0.7276217423320548,3.556577428109165e-11,0.11355458412400556,1.3463476596532356,0.07098848617228962,58.94737436733677,23.95117461262754,4.076015681092534,9.999999999996428,5.434687574790043
28.7,0.15332790212171954,34.0728671381599,0.4040849479381516,0.36616977050370564,0.9613215868230038,0.14192451579295554,0.9661517453388354,0.7666395106085976,0.7273529062886729,3.454784638606376e-11,0.11351262885614875,1.3458502215522052,0.07096225789647777,58.925594948215576,23.970237940542983,4.079849586705747,9.999999999996529,5.439799448940994
28.733333333333334,0.15327125171640477,34.06027815920106,0.4039356497623482,0.36603448093392726,0.9609664051712721,0.1418720786224698,0.9657947790776008,0.7663562585820237,0.7270841695722268,3.3559383644204847e-11,0.11347068908951745,1.3453529672397808,0.0709360393112349,58.90382357594287,23.989294225124937,4.0836820758047025,9.999999999996628,5.444909434406268
28.766666666666666,0.1532146222416722,34.04769383148271,0.4037864067476292,0.3658992413494835,0.9606113547482356,0.14181966082590564,0.9654379447044188,0.766073111208361,0.7268155321457326,3.259732950637177e-11,0.11342876481833988,1.3448558966475297,0.07090983041295282,58.8820602475225,24.00834346899592,4.087513148916826,9.999999999996724,5.450017531889099
28.8,0.15315801368972565,34.03511415327237,0.403637218873448,0.36576405173175575,0.9602564355050142,0.14176726239604662,0.9650812421701634,0.7657900684486282,0.7265469939722065,3.165862742342149e-11,0.11338685603684429,1.3443590097070197,0.07088363119802331,58.86030495995827,24.027385674778472,4.091342806569546,9.999999999996819,5.455123742092726
28.833333333333332,0.15310142605276886,34.02253912283752,0.4034880861192581,0.3656289120621255,0.9599016473927278,0.14171488332567633,0.9647246714257093,0.7655071302638442,0.7262785550146647,3.074022084621082e-11,0.1133449627392589,1.3438623063498187,0.07085744166283817,58.83855771025401,24.04642084509511,4.095171049290291,9.999999999996911,5.460228065720385
28.866666666666667,0.15304485932300552,34.00996873844567,0.403339008464513,0.36549382232197397,0.9595469903624957,0.14166252360757833,0.9643682324219305,0.7652242966150276,0.7260102152361234,2.983905322559667e-11,0.11330308491981193,1.343365786507494,0.07083126180378917,58.81681849541354,24.065448982568373,4.098997877606487,9.999999999997,5.465330503475314
28.9,0.15298831349263944,33.99740299836432,0.40318998588866606,0.3653587824926827,0.9591924643654383,0.1416101832345362,0.9640119251097014,0.7649415674631972,0.7257419745995989,2.8952068012435955e-11,0.11326122257273165,1.3428694501116134,0.0708050916172681,58.795087312440685,24.084470089820787,4.102823292045563,9.999999999997089,5.4704310560607485
28.933333333333334,0.15293178855387435,33.98484190086097,0.4030410183711707,0.3652237925556331,0.9588380693526747,0.14155786219933353,0.9636557494398962,0.7646589427693717,0.7254738330681072,2.8076208657585533e-11,0.11321937569224626,1.3423732970937445,0.07077893109966676,58.77336415833927,24.10348416947488,4.106647293134947,9.999999999997177,5.475529724179927
28.966666666666665,0.15287528449891402,33.97228544420312,0.4028921058914804,0.3650888524922066,0.9584838052753251,0.1415055604947539,0.9632997053633894,0.76437642249457,0.7252057906046647,2.7208418611902212e-11,0.11317754427258403,1.341877327385455,0.07075278024737695,58.75164903011312,24.12249122415318,4.110469881402065,9.999999999997263,5.480626508536085
29.0,0.15281880131996217,33.959733626658256,0.4027432484290486,0.3649539622837844,0.9581296720845092,0.14145327811358088,0.9629437928310551,0.7640940065998109,0.7249378471722875,2.634564132624306e-11,0.11313572830797317,1.3413815409183127,0.07072663905679044,58.72994192476605,24.14149125647822,4.114291057374348,9.99999999999735,5.485721409832461
29.03333333333333,0.15276233901675612,33.947186448168026,0.4025944459831835,0.36481912192973925,0.9577756697785798,0.1414010150555713,0.962588011841237,0.7638116950837806,0.7246700027697304,2.550986778797274e-11,0.11309392779821917,1.3408859376900115,0.07070050752778564,58.708242842197045,24.160484266538397,4.118110821069572,9.999999999997433,5.490814428092761
29.066666666666666,0.15270589758478612,33.93464390773025,0.40244569854200096,0.36468433141930123,0.9574217983292623,0.1413487713165508,0.9622323623655175,0.7635294879239305,0.7244022573756017,2.472684670260546e-11,0.11305214273998339,1.3403905176609672,0.0706743856582754,58.686551780672914,24.17947025585074,4.121929172792834,9.999999999997513,5.495905563723777
29.099999999999998,0.1526494770041733,33.9221060009274,0.40229700605311053,0.3645495907049968,0.9570680576119223,0.14129654687811902,0.9618768442786371,0.7632473850208665,0.7241346108955989,2.3962871147302847e-11,0.11301037311854902,1.339895280656691,0.07064827343905951,58.664868732554076,24.19844923110213,4.125746113888959,9.99999999999759,5.500994818518611
29.133333333333333,0.1525930772673344,33.909572726074316,0.4021483684965269,0.36441489976871577,0.9567144475790144,0.14124434173325662,0.9615214575328116,0.762965386336672,0.7238670632937485,2.3217682233754402e-11,0.11296861892830189,1.33940022661062,0.07062217086662831,58.64319369492618,24.217421194843478,4.129561644870973,9.999999999997662,5.506082193161296
29.166666666666668,0.15253669836668607,33.897044081485795,0.4019997858522649,0.364280258592348,0.9563609681829931,0.14119215587494427,0.9611662020802569,0.7626834918334303,0.7235996145340768,2.2491021073649873e-11,0.11292688016362788,1.3389053554561903,0.07059607793747213,58.62152666487487,24.23638614962569,4.1333757662519,9.999999999997735,5.511167688335866
29.2,0.15248034029464497,33.884520065476664,0.40185125810033895,0.36414566715778346,0.9560076193763133,0.1411399892961626,0.9608110778731886,0.7624017014732247,0.7233322645806102,2.1782628778679e-11,0.11288515681891287,1.3384106671268385,0.0705699946480813,58.59986763948578,24.255344097999682,4.137188478544764,9.999999999997806,5.51625130472635
29.233333333333334,0.15242400304362771,33.872000676361715,0.4017027852207639,0.3640111254469119,0.9556544011114296,0.14108784198989227,0.9604560848638228,0.7621200152181385,0.7230650133973751,2.1092246460531293e-11,0.11284344888854268,1.3379161615560013,0.07054392099494614,58.57821661584455,24.274295042516368,4.14099978226259,9.999999999997875,5.521333043016785
29.266666666666666,0.15236768660605104,33.85948591245579,0.4015543671935542,0.36387663344162324,0.9553013133407968,0.14103571394911396,0.9601012230043752,0.7618384330302551,0.7227978609483976,2.041961523089657e-11,0.1128017563669032,1.3374218386771155,0.07051785697455698,58.556573591036845,24.293238985726653,4.144809677918401,9.999999999997943,5.5264129038912
29.3,0.15231139097433155,33.846975772073684,0.4014060039987246,0.3637421911238074,0.9549483560168694,0.1409836051668083,0.9597464922470614,0.7615569548716578,0.7225308071977044,1.9764476201464346e-11,0.11276007924838029,1.3369276984236171,0.07049180258340415,58.53493856214828,24.31217593018145,4.148618166025223,9.999999999998009,5.5314908880336295
29.30981393332793,0.15229482049049162,33.84329344233147,0.4013623336490497,0.3637026183508101,0.9548444638772187,0.14096826707202648,0.9596420781015572,0.7614741024524581,0.7224522005682895,1.9574886888419724e-11,0.11274781168875113,1.336782249428106,0.07048413353601324,58.528570343413975,24.317749974249914,4.149739185342375,9.999999999998028,5.532985580456497
29.333333333333332,0.152255116140886,33.83447025353022,0.40125769561628977,0.3636077984753542,0.9545955290921022,0.14093151563595596,0.9593918925440974,0.7612755807044299,0.7222638521093216,1.9126570483924433e-11,0.1127184175273598,1.336433740728943,0.07046575781797798,58.5133115262645,24.33110587843167,4.15242524709608,9.999999999998073,5.536566996128105
29.366666666666667,0.15219886209813097,33.82196935514022,0.4011094420262643,0.3634734554781535,0.9542428325189499,0.1408794453495376,0.9590374238476991,0.7609943104906548,0.7219969956472758,1.8505639189966356e-11,0.11267677119822758,1.3359399655265298,0.0704397226747688,58.491692480471166,24.350028833028226,4.156230921643996,9.999999999998135,5.541641228858659
29.4,0.15214262883848317,33.809473075218484,0.4009612432086629,0.3633391621140952,0.9538902662498673,0.1408273943005339,0.958683086110082,0.7607131441924158,0.7217302377755932,1.7901423431279917e-11,0.11263514025536953,1.335446372749814,0.07041369715026695,58.470081421853905,24.36894479652203,4.160035190181995,9.999999999998195,5.546713586909326
29.433333333333334,0.15208641635435924,33.79698141207983,0.4008130991435001,0.36320491836506924,0.9535378302373086,0.14077536248192546,0.9583288792834621,0.7604320817717961,0.7214635784583002,1.7313664319554645e-11,0.11259352469317147,1.334952962332232,0.07038768124096273,58.44847834749836,24.38785377146399,4.163838053223103,9.999999999998254,5.551784070964136
29.466666666666665,0.15203022463817584,33.78449436403908,0.4006650098107907,0.3630707242129654,0.9531855244337291,0.140723349886693,0.9579748033200554,0.7601511231908792,0.7211970176594232,1.6742102966480332e-11,0.11255192450601927,1.3344597342072206,0.0703616749433465,58.42688325449018,24.406755760405023,4.167639511280344,9.99999999999831,5.556852681707124
29.5,0.1519740536823497,33.77201192941105,0.40051697519054924,0.3629365796396736,0.9528333487915831,0.14067135650781712,0.9576208581720774,0.7598702684117484,0.7209305553429887,1.6186480483746523e-11,0.11251033968829881,1.3339666883082162,0.07033567825390856,58.405296139915,24.425650765896034,4.171439564866742,9.999999999998366,5.5619194198223205
29.53333333333333,0.15191790347929743,33.75953410651054,0.4003689952627904,0.36280248462708364,0.9524813032633254,0.14061938233827853,0.957267043791744,0.7595895173964871,0.7206641914730227,1.5646537983043e-11,0.11246877023439593,1.3334738245686555,0.07030969116913927,58.38371700085847,24.444538790487933,4.17523821449532,9.99999999999842,5.566984285993759
29.566666666666666,0.15186177402143566,33.74706089365237,0.40022107000752877,0.36266843915708546,0.9521293878014107,0.14056742737105785,0.9569133601312709,0.7593088701071783,0.7203979260135518,1.5122016576059318e-11,0.1124272161386965,1.332981142921975,0.07028371368552892,58.36214583440621,24.46341983673164,4.179035460679105,9.999999999998472,5.572047280905473
29.599999999999998,0.15180566530118114,33.73459228915137,0.4000731994047791,0.36253444321156897,0.9517776023582937,0.14051549159913576,0.9565598071428741,0.7590283265059057,0.7201317589286024,1.4612657374485247e-11,0.11238567739558637,1.332488643301611,0.07025774579956788,58.3405826376439,24.482293907178057,4.1828313039311205,9.999999999998524,5.577108405241493
29.633333333333333,0.1517495773109505,33.722128291322335,0.3999253834345559,0.362400496772424,0.951425946886429,0.14046357501549292,0.9562063847787695,0.7587478865547524,0.7198656901822007,1.4118201490010346e-11,0.11234415399945143,1.3319963256410006,0.07023178750774646,58.31902740765715,24.501161004378105,4.186625744764391,9.999999999998574,5.582167659685853
29.666666666666668,0.1516935100431604,33.70966889848009,0.399777622076874,0.3622665998215403,0.9510744213382714,0.14041167761310996,0.9558530929911725,0.7584675502158019,0.7195997197383732,1.3638390034324332e-11,0.1123026459446775,1.3315041898735798,0.07020583880655498,58.297480141531615,24.520021130882686,4.19041878369194,9.999999999998622,5.587225044922585
29.7,0.1516374634902275,33.69721410893945,0.39962991531174796,0.362132752340808,0.9507230256662755,0.14035979938496757,0.9554999317322993,0.7581873174511374,0.7193338475611464,1.3172964119116929e-11,0.11226115322565047,1.3310122359327856,0.07017989969248378,58.27594083635294,24.538874289242713,4.194210421226792,9.999999999998668,5.592280561635722
29.733333333333334,0.1515814376445685,33.684763921015225,0.3994822631191924,0.36199895431211676,0.9503717598228961,0.1403079403240464,0.9551469009543656,0.7579071882228424,0.7190680736145463,1.2721664856077689e-11,0.1122196758367562,1.3305204637520545,0.0701539701620232,58.25440948920676,24.557720482009103,4.198000657881973,9.999999999998712,5.597334210509296
29.766666666666666,0.1515254324986,33.672318333022226,0.3993346654792219,0.3618652057173566,0.9500206237605878,0.1402561004233271,0.954794000609587,0.757627162493,0.7188023978625995,1.2284233356896385e-11,0.11217821377238053,1.3300288732648229,0.07012805021166355,58.232886097178714,24.576559711732763,4.201789494170506,9.999999999998757,5.60238599222734
29.8,0.15146944804473872,33.65987734327527,0.3991871223718513,0.36173150653841724,0.9496696174318052,0.1402042796757903,0.9544412306501795,0.7573472402236936,0.7185368202693323,1.1860410733262578e-11,0.11213676702690935,1.3295374644045272,0.07010213983789515,58.21137065735445,24.595391980964603,4.2055769306054165,9.9999999999988,5.607435907473887
29.833333333333332,0.15141348427540136,33.64744095008919,0.39903963377709506,0.3615978567571887,0.9493187407890034,0.14015247807441672,0.9540885910283591,0.7570674213770067,0.7182713407987711,1.144993809686603e-11,0.11209533559472849,1.3290462371046046,0.07007623903720836,58.18986316681962,24.614217292255535,4.209362967699728,9.99999999999884,5.6124839569329685
29.866666666666667,0.15135754118300448,33.635009151778775,0.3988921996749679,0.36146425635556073,0.9489679937846365,0.14010069561218697,0.9537360816963412,0.7567877059150224,0.7180059594149423,1.105255655939632e-11,0.11205391947022383,1.328555191298491,0.07005034780609348,58.16836362265985,24.633035648156476,4.213147605966465,9.99999999999888,5.6175301412886185
29.9,0.15130161875996484,33.622581946658855,0.3987448200454845,0.36133070531542333,0.9486173763711595,0.1400489322820817,0.9533837026063416,0.7565080937998242,0.7177406760818721,1.0668007232543192e-11,0.11201251864778122,1.3280643269196233,0.07002446614104085,58.14687202196078,24.651847051218326,4.216930845918652,9.999999999998918,5.622574461224867
29.933333333333334,0.15124571699869904,33.61015933304423,0.3985974948686594,0.36119720361866625,0.9482668885010271,0.1399971880770816,0.9530314537105766,0.7562285849934952,0.717475490763587,1.0296031227996234e-11,0.11197113312178654,1.3275736439014378,0.0699985940385408,58.12538836180807,24.67065150399201,4.220712688069314,9.999999999998956,5.62761691742575
29.966666666666665,0.15118983589162382,33.59774130924974,0.3984502241245074,0.3610637512471795,0.947916530126694,0.13994546299016736,0.9526793349612617,0.755949179458119,0.7172104034241134,9.936369657445188e-12,0.11192976288662564,1.3270831421773714,0.06997273149508368,58.10391263928735,24.689449009028426,4.2244931329314745,9.999999999998991,5.6326575105752985
30.0,0.15113397543115578,33.585327873590174,0.39830300779304306,0.3609303481828528,0.9475663012006147,0.13989375701431955,0.9523273463106126,0.7556698771557788,0.7169454140274776,9.588763632579642e-12,0.11188840793668436,1.3265928216808605,0.06994687850715978,58.08244485148426,24.708239568878493,4.228272181018159,9.999999999999027,5.637696241357545
30.03333333333333,0.15107813560971162,33.57291902438036,0.39815584585428104,0.3607969944075761,0.9472162016752441,0.1398420701425189,0.9519754877108453,0.755390678048558,0.7166805225377059,9.25295426508934e-12,0.11184706826634859,1.3261026823453417,0.06992103507125945,58.06098499548445,24.727023186093117,4.2320498328423914,9.99999999999906,5.64273311045652
30.066666666666666,0.15102231641970798,33.56051475993511,0.39800873828823596,0.36066368990323927,0.9468662315030368,0.13979040236774604,0.9516237591141755,0.7551115820985398,0.7164157289188248,8.928682666663863e-12,0.11180574387000418,1.3256127241042515,0.06989520118387302,58.039533068373565,24.74579986322322,4.235826088917197,9.999999999999092,5.64776811855626
30.099999999999998,0.15096651785356152,33.548115078569225,0.3978616850749225,0.3605304346517322,0.9465163906364474,0.1397387536829816,0.951272160472819,0.7548325892678076,0.7161510331348605,8.615689948992963e-12,0.11176443474203698,1.3251229468910264,0.0698693768414908,58.018089067237234,24.764569602819698,4.239600949755598,9.999999999999124,5.652801266340795
30.133333333333333,0.15091073990368895,33.53571997859754,0.3977146861943553,0.3603972286349447,0.9461666790279308,0.1396871240812063,0.9509206917389917,0.7545536995184446,0.7158864351498395,8.313717223766219e-12,0.11172314087683287,1.324633350639103,0.06984356204060314,57.996652989161106,24.783332407433477,4.243374415870621,9.999999999999154,5.657832554494159
30.166666666666668,0.1508549825625069,33.523329458334864,0.39756774162654895,0.3602640718347668,0.9458170966299415,0.13963551355540074,0.9505693528649093,0.7542749128125344,0.7156219349277881,8.022505602673345e-12,0.1116818622687777,1.324143935281918,0.06981775677770037,57.97522483123082,24.80208827961546,4.247146487775289,9.999999999999183,5.662861983700384
30.2,0.15079924582243207,33.51094351609601,0.3974208513515182,0.36013096423308816,0.9454676433949344,0.13958392209854562,0.9502181438027877,0.7539962291121602,0.7153575324327328,7.741796197404023e-12,0.11164059891225733,1.323654700752908,0.06979196104927281,57.95380459053202,24.82083722191656,4.250917165982627,9.999999999999211,5.6678895546435015
30.227506443958504,0.1507532677455834,33.5007261656852,0.3972996793499874,0.3600211617665123,0.945179374155065,0.13954136352829494,0.9499284261546709,0.753766338727917,0.7151394228299773,7.517881960793008e-12,0.1116065601476188,1.323251123817091,0.06977068176414747,57.93613471117338,24.836303506970072,4.25402765526054,9.999999999999233,5.672036873680718
30.233333333333334,0.1507435296758811,33.498562150195795,0.39727401534927764,0.3599979058117988,0.9451183192753638,0.13953234970362158,0.9498670645048427,0.7537176483794054,0.7150932276286998,7.471330119647872e-12,0.11159935080165763,1.3231656469855093,0.06976617485181079,57.93239226415036,24.839579236887687,4.25468645100566,9.999999999999238,5.672915268007545
30.266666666666666,0.15068783411527065,33.48618535894904,0.3971272335998419,0.3598648965527886,0.9447691242236848,0.13948079636360924,0.94951611492329,0.7534391705763531,0.7148290204797155,7.210848481094602e-12,0.11155811793136446,1.3226767739131586,0.06974039818180462,57.91098784917146,24.85831432707975,4.258454343357411,9.999999999999265,5.677939124476547
30.3,0.1506321591330174,33.47381314067053,0.39698050608322566,0.35973193643794726,0.9444200581923519,0.13942926207148934,0.9491652950103456,0.7531607956650869,0.7145649109498062,6.960092393433827e-12,0.11151690029576365,1.3221880814692926,0.06971463103574467,57.88959134268098,24.877042495043668,4.262220843550907,9.99999999999929,5.682961124734541
30.333333333333332,0.150576504721538,33.461445493675114,0.39683383277944356,0.3595990254491649,0.9440711211338196,0.13937774682024248,0.9488146047182251,0.7528825236076899,0.7143008990029984,6.718802968355276e-12,0.11147569788924111,1.3216995695873475,0.06968887341012124,57.86820274176455,24.895763743330345,4.26598595209917,9.999999999999313,5.687981269465558
30.366666666666667,0.1505208708732491,33.449082416277584,0.39668721366851023,0.35946616356833117,0.943722313000543,0.1393262506028493,0.9484640439991444,0.7526043543662455,0.7140369846033184,6.486721317548542e-12,0.11143451070618267,1.3212112382007601,0.06966312530142466,57.84682204350782,24.914478074490695,4.269749669515225,9.999999999999336,5.692999559353631
30.4,0.15046525758056745,33.436723906792764,0.39654064873044037,0.35933335077733614,0.9433736337449766,0.13927477341229055,0.9481136128053194,0.7523262879028372,0.7137731677147927,6.263588552703357e-12,0.1113933387409742,1.3207230872429672,0.06963738670614528,57.82544924499643,24.93318549107563,4.273511996312096,9.999999999999359,5.698015995082793
30.433333333333334,0.15040966483590965,33.424369963535476,0.3963941379452485,0.35920058705806945,0.943025083319575,0.13922331524154677,0.9477633110889657,0.7520483241795481,0.7135094483014474,6.049145785509326e-12,0.11135218198800154,1.320235116647405,0.06961165762077338,57.80408434331602,24.951885995636065,4.277272933002809,9.99999999999938,5.703030577337077
30.466666666666665,0.15035409263169233,33.412020584820525,0.39624768129294946,0.3590678723924212,0.942676661676793,0.1391718760835987,0.9474131388022994,0.7517704631584616,0.713245826327309,5.843134127656172e-12,0.11131104044165058,1.3197473263475101,0.06958593804179936,57.78272733555224,24.9705795907229,4.281032480100388,9.999999999999401,5.708043306800515
30.5,0.15029854096033224,33.39967576896272,0.3961012787535577,0.3589352067622812,0.9423283687690852,0.13912045593142697,0.9470630958975358,0.7514927048016612,0.7129823017564039,5.6452946908335035e-12,0.11126991409630717,1.3192597162767192,0.06956022796571348,57.76137821879071,24.989266278887058,4.2847906381178555,9.999999999999421,5.713054184157139
30.53333333333333,0.150243009814246,33.387335514276884,0.395954930307088,0.3588025901495393,0.9419802045489063,0.13906905477801224,0.9467131823268914,0.7512150490712299,0.7127188745527584,5.455368586731029e-12,0.11122880294635717,1.3187722863684688,0.06953452738900612,57.740036990117105,25.00794606267944,4.288547407568238,9.999999999999439,5.718063210090982
30.566666666666666,0.15018749918585028,33.37499981907784,0.395808635933555,0.3586700225360853,0.9416321689687112,0.13901767261633516,0.9463633980425813,0.7509374959292514,0.712455544680399,5.273096927038388e-12,0.11118770698618645,1.3182850365561956,0.06950883630816758,57.71870364661704,25.02661894465097,4.29230278896456,9.999999999999458,5.723070385286078
30.599999999999998,0.15013200906756174,33.36266868168039,0.3956623956129732,0.35853750390380923,0.9412842619809543,0.1389663094393764,0.946013742996822,0.7506600453378087,0.7121923121033518,5.098220823445269e-12,0.11114662621018086,1.317797966773336,0.0694831547196882,57.697378185376174,25.045284927352547,4.296056782819844,9.999999999999476,5.728075710426457
30.633333333333333,0.15007653945179708,33.35034210039935,0.3955162093253574,0.3584050342346008,0.9409364835380902,0.13891496524011662,0.9456642171418287,0.7503826972589853,0.7119291767856434,4.930481387641307e-12,0.11110556061272625,1.3173110769533263,0.06945748262005831,57.67606060348013,25.06394401333509,4.299809389647116,9.999999999999492,5.733079186196154
30.666666666666668,0.1500210903309729,33.33802007354954,0.39537007705072214,0.35827261351035,0.9405888335925741,0.13886364001153645,0.9453148204298175,0.7501054516548645,0.7116661386912999,4.769619731316183e-12,0.1110645101882085,1.3168243670296036,0.06943182000576822,57.65475089801457,25.082596205149503,4.3035606099594,9.999999999999508,5.7380808132792
30.7,0.14996566169750594,33.32570259944577,0.39522399876908226,0.3581402417129466,0.9402413120968601,0.13881233374661658,0.9449655528130043,0.7498283084875297,0.7114031977843481,4.615376966159579e-12,0.11102347493101346,1.316337836935604,0.06940616687330829,57.63344906606513,25.101241505346703,4.307310444269722,9.999999999999524,5.743080592359627
30.733333333333334,0.14991025354381282,33.31338967640285,0.3950779744604522,0.3580079188242806,0.9398939190034034,0.13876104643833764,0.9446164142436047,0.7495512677190641,0.7111403540288139,4.4674942038611236e-12,0.11098245483552699,1.3158514866047646,0.06938052321916882,57.61215510471745,25.1198799164776,4.311058893091103,9.999999999999538,5.748078524121469
30.766666666666666,0.14985486586231023,33.30108130273561,0.3949320041048467,0.35787564482624185,0.9395466542646582,0.13870977807968032,0.9442674046738345,0.7492743293115511,0.7108776073887241,4.325712556110514e-12,0.11094144989613497,1.3153653159705214,0.06935488903984016,57.59086901105717,25.138511441093108,4.31480595693657,9.999999999999552,5.753074609248759
30.8,0.1497994986454148,33.288777476758845,0.39478608768228035,0.3577434197007201,0.9391995178330795,0.13865852866362527,0.9439185240559098,0.748997493227074,0.7106149578281047,4.1897731345973966e-12,0.11090046010722324,1.3148793249663113,0.06932926433181263,57.56959078216994,25.157136081744135,4.318551636319147,9.999999999999567,5.758068848425528
30.833333333333332,0.14974415188554324,33.27647819678739,0.39464022517276787,0.3576112434296053,0.9388525096611221,0.13860729818315312,0.9435697723420461,0.7487207594277162,0.7103524053109822,4.059417051011446e-12,0.11085948546317766,1.3143935135255709,0.06930364909157656,57.54832041514139,25.17575384098159,4.322295931751858,9.999999999999579,5.763061242335809
30.866666666666667,0.14968882557511218,33.26418346113604,0.39449441655632383,0.35747911599478743,0.9385056297012404,0.13855608663124455,0.9432211494844593,0.7484441278755609,0.710089949801383,3.934385417042316e-12,0.1108185259583841,1.3139078815817364,0.06927804331562228,57.52705790705718,25.194364721356386,4.326038843747728,9.999999999999591,5.768051791663636
30.9,0.14963351970653832,33.25189326811963,0.39434866181296296,0.3573470373781562,0.938158877905889,0.13850489400088023,0.9428726554353652,0.7481675985326915,0.7098275912633334,3.814419344379687e-12,0.11077758158722842,1.3134224290682446,0.06925244700044011,57.50580325500293,25.212968725419437,4.329780372819781,9.999999999999604,5.77304049709304
30.933333333333334,0.1495782342722383,33.23960761605296,0.3942029609226999,0.35721500756160157,0.937812254227523,0.13845372028504077,0.9425242901469796,0.7478911713611914,0.7095653296608598,3.6992599447132125e-12,0.11073665234409648,1.312937155918532,0.06922686014252039,57.48455645606429,25.23156585572165,4.333520519481041,9.999999999999615,5.778027359308053
30.966666666666665,0.1495229692646288,33.22732650325084,0.39405731386554915,0.35708302652701335,0.9374657586185969,0.1384025654767069,0.9421760535715185,0.7476148463231439,0.7093031649579885,3.588648329732557e-12,0.11069573822337414,1.3124520620660356,0.06920128273835345,57.46331750732691,25.250156114813944,4.337259284244534,9.999999999999627,5.78301237899271
31.0,0.14946772467612643,33.215049928028094,0.3939117206215256,0.3569510942562815,0.9371193910315652,0.1383514295688592,0.9418279456611974,0.7473386233806322,0.7090410971187461,3.4823256111273843e-12,0.11065483921944727,1.3119671474441912,0.0691757147844296,57.44208640587643,25.268739505247222,4.3409966676232825,9.999999999999636,5.787995556831042
31.03333333333333,0.14941250049914798,33.20277788869955,0.39376618117064366,0.35681921073129585,0.9367731514188828,0.1383003125544784,0.9414799663682323,0.7470625024957398,0.7087791261071587,3.3800329005873808e-12,0.11061395532670171,1.311482411986436,0.0691501562772392,57.42086314879849,25.2873160295724,4.344732670130312,9.999999999999647,5.792976893507081
31.066666666666666,0.14935729672610998,33.19051038358,0.3936206954929181,0.3566873759339462,0.9364270397330045,0.1382492144265451,0.941132115644839,0.7467864836305499,0.7085172518872527,3.281511309802178e-12,0.11057308653952333,1.310997855626206,0.06912460721327254,57.39964773317873,25.305885690340382,4.348467292278647,9.999999999999657,5.797956389704861
31.099999999999998,0.1493021133494292,33.17824741098427,0.3934752635683636,0.3565555898461226,0.9360810559263846,0.13819813517804,0.9407843934432332,0.7465105667471459,0.7082554744230545,3.1865019504614724e-12,0.110532232852298,1.3105134782969383,0.06909906758902,57.37844015610279,25.32444849010209,4.3522005345813115,9.999999999999666,5.802934046108414
31.133333333333333,0.14924695036152222,33.16598896922716,0.3933298853769947,0.35642385244971475,0.935735199951478,0.13814707480194371,0.9404367997156307,0.746234751807611,0.7079937936785905,3.0947459342548986e-12,0.11049139425941157,1.3100292799320692,0.06907353740097186,57.35724041465632,25.343004431408428,4.355932397551331,9.999999999999675,5.807909863401772
31.166666666666668,0.14919180775480576,33.1537350566235,0.3931845608988261,0.3562921637266126,0.9353894717607395,0.13809603329123693,0.9400893344142475,0.7459590387740288,0.707732209617887,3.0059843728721463e-12,0.1104505707552499,1.3095452604650353,0.06904801664561847,57.33604850592496,25.36155351681031,4.359662881701728,9.999999999999684,5.812883842268969
31.173931977118094,0.14917979161460695,33.151064803245994,0.3931528932028651,0.3562634674016903,0.9353141340380968,0.13808491082196803,0.9400136181573591,0.7458989580730347,0.7076752077651572,2.987010021000284e-12,0.11044167489452399,1.3094397876533355,0.06904245541098401,57.33143057141733,25.365595552978363,4.360475792502102,9.999999999999686,5.813967723336135
31.2,0.14913668552169648,33.14148567148811,0.39303929011387245,0.356160523658706,0.9350438713066236,0.13804501063890032,0.9397419974912992,0.7456834276084824,0.7074707222049704,2.919958378002873e-12,0.11040976233419886,1.309061419829273,0.06902250531945016,57.31486442699434,25.380095748858643,4.363391987545528,9.999999999999693,5.817855983394035
31.233333333333334,0.14908158365461105,33.12924081213579,0.39289407300214846,0.3560289322278849,0.9346983985415852,0.1379940068379145,0.9393947888990017,0.7454079182730552,0.7072093314038672,2.83640906133673e-12,0.11036896899064431,1.3085777579582192,0.06899700341895725,57.29368817495012,25.39863113010435,4.367119715595756,9.999999999999702,5.822826287461005
31.266666666666666,0.1490265021459661,33.11700047688136,0.39274890954366865,0.35589738941603904,0.9343530534180787,0.13794302188126015,0.9390477085895709,0.7451325107298306,0.7069480371786035,2.755077534563413e-12,0.1103281907189721,1.3080942747853102,0.06897151094063007,57.27251974687793,25.417159663098325,4.370846066365434,9.999999999999709,5.827794755153911
31.3,0.14897144098817836,33.104764664039635,0.3926037997184477,0.35576589520505836,0.9340078358885591,0.13789205576191793,0.9387007565152224,0.7448572049408918,0.7066868394932059,2.6757049093725505e-12,0.1102874275135681,1.3076109702439827,0.06894602788095897,57.25135913986342,25.43568135039149,4.374571040367591,9.999999999999718,5.832761387156785
31.333333333333332,0.14891640017366445,33.092533371925434,0.39245874350650034,0.3556344495768328,0.9336627459054808,0.1378411084728685,0.9383539326281722,0.7445820008683222,0.7064257383117006,2.598032297453842e-12,0.11024667936881817,1.307127844267673,0.06892055423643426,57.230206350992226,25.45419619453476,4.378294638115246,9.999999999999725,5.83772618415366
31.366666666666667,0.148861379694841,33.08030659885356,0.3923137408878411,0.35550305251325215,0.9333177834212987,0.1377901800070925,0.9380072368806359,0.7443068984742051,0.706164733598114,2.5218008104969225e-12,0.11020594627910817,1.306644896789818,0.06889509000354625,57.20906137734999,25.472704198079036,4.382016860121428,9.999999999999734,5.842689146828569
31.4,0.14880637954412476,33.068084343138835,0.39216879184248477,0.35537170399620627,0.9329729483884673,0.1377392703575706,0.9376606692248296,0.7440318977206238,0.7059038253164726,2.4467515601914814e-12,0.11016522823882395,1.3061621277438542,0.0688696351787853,57.18792421602236,25.491205363575233,4.385737706899159,9.99999999999974,5.8476502758655435
31.433333333333334,0.14875139971393234,33.05586660309607,0.3920238963504459,0.3552404040075851,0.9326282407594416,0.1376883795172835,0.9373142296129688,0.7437569985696617,0.7056430134308026,2.3726256582271635e-12,0.11012452524235139,1.3056795370632182,0.06884418975864175,57.166794864094975,25.509699693574266,4.3894571789614645,9.999999999999748,5.8526095719486175
31.466666666666665,0.14869644019668046,33.0436533770401,0.3918790543917391,0.3551091525292785,0.932283660486676,0.13763750747921177,0.9369679179972696,0.7434822009834022,0.7053822979051304,2.2991642162936487e-12,0.11008383728407634,1.3051971246813463,0.06881875373960589,57.14567331865348,25.528187190627044,4.393175276821367,9.999999999999755,5.8575670357618215
31.5,0.14864150098478568,33.03144466328571,0.39173426594637906,0.3549779495431763,0.9319392075226253,0.13758665423633612,0.9366217343299476,0.7432075049239284,0.7051216787034823,2.2261083460805944e-12,0.11004316435838465,1.3047148905316752,0.06879332711816806,57.124559576783504,25.546667857284476,4.396892000991894,9.999999999999762,5.86252266798919
31.53333333333333,0.14858658207934944,33.019240462077654,0.39158953101726834,0.35484679505190864,0.9315948818741943,0.13753581978967594,0.9362756786179424,0.7429329103967471,0.704861155831083,2.155749637280062e-12,0.11000250646609168,1.3042328346238719,0.06876790989483797,57.103453638908306,25.565141693176106,4.400607351398539,9.999999999999769,5.8674764685313825
31.566666666666666,0.14853168347317391,33.00704077181643,0.39144484958543785,0.35471568903828626,0.9312506834962554,0.13748500413256887,0.9359297508158994,0.7426584173658696,0.7046007292537881,2.089547288526415e-12,0.10996186360186874,1.3037509568947574,0.06874250206628443,57.082355502261706,25.583608700723126,4.404321328528239,9.999999999999774,5.872428438037649
31.599999999999998,0.14847680514839268,32.99484558853171,0.3913002216038015,0.3545846314596413,0.9309066122767908,0.1374342072484771,0.9355839508112381,0.7423840257419634,0.7043403988868427,2.0249564775694066e-12,0.1099212357524888,1.303269257187507,0.06871710362423855,57.06126515997742,25.602068885935548,4.4080339335896905,9.999999999999782,5.877378578119585
31.633333333333333,0.14842194709762943,32.982654910584316,0.39115564705291983,0.3544536222983582,0.9305626681695537,0.13738342913057303,0.9352382785574794,0.7421097354881471,0.7040801646952557,1.9619552766878943e-12,0.10988062291249104,1.3027877354373751,0.06869171456528651,57.04018260922067,25.620522251294616,4.41174516708191,9.999999999999789,5.882326889442545
31.666666666666668,0.1483671093135079,32.97046873633509,0.39101112591335313,0.35432266153682135,0.930218851128297,0.137332669772029,0.9348927340081438,0.7418355465675395,0.7038200266440356,1.900521758160755e-12,0.10984002507641462,1.3023063915796158,0.0686663348860145,57.01910784715669,25.638968799281585,4.415455029503911,9.999999999999794,5.88727337267188
31.7,0.1483122917886519,32.95828706414487,0.39086665816566196,0.3541917491574153,0.929875161106774,0.13728192916601734,0.9345473171167522,0.7415614589432595,0.7035599846981916,1.840633994266866e-12,0.10979944223879874,1.3018252255494835,0.06864096458300867,56.99804087095072,25.657408532377698,4.419163521354708,9.9999999999998,5.892218028472942
31.733333333333334,0.1482574945156852,32.946109892374494,0.3907222437904067,0.3540608851425243,0.9295315980587374,0.13723120730571037,0.934202027836825,0.741287472578426,0.7033000388227321,1.7822700572850855e-12,0.10975887439418254,1.3013442372822324,0.06861560365285518,56.97698167776796,25.67584145306421,4.422870643133315,9.999999999999806,5.897160857511085
31.766666666666666,0.14820271748723154,32.933937219384795,0.3905778827681478,0.353930069474533,0.9291881619379407,0.1371805041842805,0.9338568661218833,0.7410135874361576,0.7030401889826661,1.7254080194942964e-12,0.10971832153710523,1.300863426713117,0.06859025209214024,56.95593026477367,25.694267563822365,4.4265763953387465,9.999999999999812,5.902101860451661
31.8,0.1481479606959146,32.92176904353658,0.39043357507944565,0.3537993021358257,0.9288448526981369,0.13712981979490005,0.9335118319254477,0.740739803479573,0.7027804351430021,1.6700259531733574e-12,0.10967778366210597,1.3003827937773915,0.06856490989745002,56.93488662913306,25.712686867133417,4.430280778470018,9.999999999999817,5.907041037960023
31.833333333333332,0.14809322413435827,32.90960536319073,0.39028932070486066,0.3536685831087869,0.9285016702930788,0.13707915413074134,0.9331669252010389,0.7404661206717913,0.7025207772687492,1.6161019306011512e-12,0.10963726076372393,1.2999023384103103,0.06853957706537067,56.913850768011365,25.73109936547861,4.433983793026143,9.999999999999822,5.911978390701522
31.866666666666667,0.1480385077951862,32.89744617670805,0.3901451196249533,0.353537912375801,0.9281586146765198,0.13702850718497675,0.9328221459021776,0.740192538975931,0.7022612153249159,1.5636140240565366e-12,0.1095967528364983,1.2994220605471276,0.06851425359248837,56.892822678573815,25.749505061339203,4.4376854395061365,9.999999999999828,5.916913919341513
31.9,0.1479838116710222,32.885291482449375,0.390000971820284,0.3534072899192524,0.927815685802213,0.13697787895077862,0.9324774939823844,0.739919058355111,0.7020017492765112,1.5125403058183958e-12,0.10955625987496825,1.298941960123098,0.06848893947538931,56.87180235798563,25.767903957196435,4.441385718409013,9.999999999999833,5.9218476245453475
31.933333333333334,0.14792913575449002,32.873141278775556,0.3898568772714131,0.3532767157215257,0.9274728836239112,0.13692726942131928,0.9321329693951804,0.73964567877245,0.7017423790885436,1.4628588481655887e-12,0.10951578187367296,1.2984620370734756,0.06846363471065964,56.850789803412056,25.78629605553156,4.445084630233786,9.999999999999838,5.926779506978379
31.966666666666665,0.1478744800382134,32.86099556404742,0.38971283595890116,0.3531461897650051,0.9271302080953678,0.1368766785897711,0.9317885720940859,0.739372400191067,0.7014831047260222,1.4145477233769963e-12,0.10947531882715159,1.2979822913335148,0.06843833929488555,56.829785012018306,25.80468135882583,4.44878217547947,9.999999999999842,5.931709567305957
32.0,0.14781984451481608,32.8488543366258,0.3895688478633086,0.3530157120320752,0.9267876591703357,0.1368261064493064,0.9314443020326219,0.7390992225740804,0.7012239261539555,1.3675850037314794e-12,0.10943487072994332,1.29750272283847,0.0684130532246532,56.80878798096961,25.823059869560492,4.452478354645081,9.999999999999847,5.936637806193438
32.03333333333333,0.1477652291769219,32.83671759487153,0.38942491296519566,0.35288528250512047,0.9264452368025681,0.13677555299309757,0.9311001591643091,0.7388261458846095,0.7009648433373522,1.3219487615079186e-12,0.10939443757658734,1.2970233315235953,0.06838777649654879,56.787798707431214,25.841431590216793,4.456173168229631,9.999999999999853,5.941564224306173
32.06666666666666,0.14771063401715454,32.82458533714545,0.389281031245123,0.3527549011665252,0.926102940945818,0.13672501821431693,0.930756143442668,0.7385531700857727,0.7007058562412214,1.2776170689851793e-12,0.10935401936162281,1.2965441173241452,0.06836250910715846,56.766817188568325,25.859796523275985,4.459866616732136,9.999999999999856,5.946488822309513
32.1,0.14765605902813778,32.8124575618084,0.38913720268365093,0.3526245679986739,0.9257607715538386,0.1366745021061368,0.9304122548212196,0.7382802951406888,0.7004469648305717,1.2345679984421234e-12,0.10931361607958892,1.296065080175374,0.0683372510530684,56.74584342154618,25.87815467121932,4.463558700651612,9.999999999999861,5.9514116008688145
32.13333333333333,0.14760150420249535,32.80033426722119,0.38899342726133984,0.3524942829839511,0.9254187285803829,0.13662400466172958,0.9300684932534844,0.7380075210124767,0.7001881690704117,1.1927796221576399e-12,0.10927322772502483,1.2955862200125359,0.06831200233086479,56.724877403530016,25.89650603652804,4.467249420487071,9.999999999999865,5.956332560649426
32.14999016593451,0.14757425043756062,32.79427787501347,0.388921601872533,0.3524291969512498,0.9252478553590616,0.13659877782865892,0.9298967614799827,0.737871252187803,0.7000588833705594,1.1723633047589233e-12,0.10925305105488743,1.2953469975026861,0.06829938891432946,56.714403482664146,25.905673764413997,4.469093180588054,9.999999999999867,5.958790907450737
32.166666666666664,0.14754696953285104,32.788215451744676,0.38884970495875026,0.3523640461047411,0.925076811979204,0.13657352587426758,0.9297248586929833,0.7377348476642552,0.6999294689257505,1.1522300124105904e-12,0.10923285429246973,1.2951075367708855,0.06828676293713379,56.703919131685055,25.914850621683403,4.470938776737528,9.999999999999869,5.961251702316702
32.2,0.14749245501182862,32.77610111373969,0.3887060357564426,0.3522338573434283,0.9247350217040549,0.13652306573692316,0.9293813510932368,0.7374622750591431,0.6996708643615966,1.1128972414798374e-12,0.10919249577646278,1.2946290303856767,0.06826153286846158,56.68296860317652,25.933188429166655,4.474626769901999,9.999999999999872,5.966169026535996
32.233333333333334,0.1474379606320518,32.76399125156706,0.3885624196349771,0.3521037166823973,0.9243933577086889,0.13647262424286866,0.9290379704077661,0.7371898031602591,0.6994123553429589,1.074759381644268e-12,0.10915215217154317,1.2941507007921644,0.06823631212143433,56.662025815169656,25.951519461459043,4.478313400479495,9.999999999999877,5.971084533972658
32.266666666666666,0.14738348638614437,32.75188586358764,0.3884188565749145,0.35197362410403255,0.9240518199468589,0.13642220138527644,0.9286947165900914,0.7369174319307219,0.6991539418348461,1.0377945051827449e-12,0.10911182347225008,1.2936725479256024,0.06821110069263822,56.64109076482968,25.969843721041816,4.481998668969034,9.999999999999881,5.975998225292043
32.3,0.1473290322667301,32.739784948162246,0.38827534655681506,0.3518435795907183,0.9237104083723182,0.13637179715731884,0.9283515895937337,0.7366451613336505,0.6988956238022671,1.001980684374138e-12,0.10907150967312268,1.2931945717212454,0.06818589857865942,56.620163449321815,25.98816121039623,4.485682575869628,9.999999999999885,5.980910101159503
32.333333333333336,0.14727459826643272,32.72768850365172,0.3881318895612392,0.3517135831248391,0.9233691229388196,0.1363214115521682,0.9280085893722135,0.7363729913321635,0.6986374012102305,9.672959914973118e-13,0.10903121076870012,1.2927167721143473,0.0681607057760841,56.5992438658113,26.006471932003528,4.489365121680294,9.999999999999888,5.98582016224039
32.36666666666667,0.14722018437787596,32.71559652841688,0.3879884855687473,0.3515836346887794,0.9230279636001165,0.13627104456299688,0.9276657158790518,0.7361009218893798,0.6983792740237452,9.337184988311511e-13,0.10899092675352161,1.292239149040163,0.06813552228149844,56.57833201146337,26.024775888344962,4.493046306900044,9.999999999999892,5.990728409200057
32.4,0.14716579059368365,32.703509020818586,0.38784513455989994,0.3514537342649236,0.9226869303099619,0.13622069618297722,0.9273229690677691,0.7358289529684182,0.6981212422078199,9.012262786545195e-13,0.10895065762212632,1.2917617024339465,0.06811034809148861,56.55742788344324,26.043073081901777,4.496726132027893,9.999999999999893,5.995634842703856
32.43333333333333,0.1471114169064795,32.69142597921767,0.38770183651525747,0.35132388183565616,0.9223460230221087,0.13617036640528157,0.9269803488918863,0.7355570845323974,0.6978633057274635,8.697974032462874e-13,0.1089104033690534,1.291284432230952,0.06808518320264079,56.536531478916146,26.061363515155232,4.500404597562856,9.999999999999897,6.00053946341714
32.46666666666667,0.14705706330888726,32.67934740197495,0.38755859141538024,0.35119407738336145,0.9220052416903101,0.13612005522308226,0.9266378553049238,0.7352853165444363,0.6976054645476845,8.394099448853194e-13,0.10887016398884206,1.290807338366434,0.06806002761154113,56.515642795047306,26.07964719058657,4.504081704003949,9.9999999999999,6.005442272005263
32.5,0.1470027297935307,32.667273287451266,0.38741539924082874,0.35106432089042405,0.9216645862683192,0.13606976262955164,0.9262954882604028,0.7350136489676535,0.6973477186334918,8.100419758504992e-13,0.10882993947603145,1.2903304207756467,0.06803488131477582,56.494761829001966,26.097924110677038,4.507757451850183,9.999999999999904,6.010343269133575
32.53333333333333,0.1469484163530336,32.65520363400747,0.38727225997216347,0.35093461233922824,0.9213240567098891,0.1360194886178621,0.9259532477118437,0.734742081765168,0.6970900679498943,7.816715684206908e-13,0.10878972982516076,1.2898536793938447,0.06800974430893104,56.47388857794535,26.11619427790789,4.511431841600574,9.999999999999906,6.01524245546743
32.56666666666666,0.14689412298001966,32.64313844000437,0.38712917358994475,0.3508049517121586,0.920983652968773,0.13596923318118595,0.9256111336127674,0.7344706149000984,0.6968325124619006,7.54276794874765e-13,0.10874953503076916,1.2893771141562822,0.06798461659059298,56.453023039042684,26.134457694760375,4.515104873754137,9.99999999999991,6.020139831672181
32.6,0.1468398496671127,32.63107770380282,0.3869861400747331,0.3506753389915995,0.9206433749987237,0.13591899631269552,0.9252691459166944,0.7341992483355635,0.6965750521345195,7.278357274915864e-13,0.10870935508739583,1.2889007249982132,0.06795949815634776,56.43216520945919,26.152714363715745,4.518776548809887,9.999999999999911,6.025035398413181
32.63333333333333,0.14678559640693645,32.619021423763655,0.3868431594070888,0.3505457741599353,0.9203032227534947,0.13586877800556318,0.9249272845771456,0.7339279820346822,0.6963176869327599,7.023264385500378e-13,0.10866918998957995,1.2884245118548925,0.06793438900278159,56.41131508636011,26.17096428725524,4.5224468672668365,9.999999999999915,6.029929156355781
32.666666666666664,0.14673136319211466,32.6069695982477,0.38670023156757244,0.3504162571995506,0.9199631961868387,0.1358185782529613,0.9245855495476417,0.7336568159605733,0.6960604168216304,6.777270003289841e-13,0.10862903973186068,1.2879484746615741,0.06790928912648064,56.39047266691067,26.18920746786012,4.526115829624001,9.999999999999917,6.034821106165333
32.7,0.14667715001527107,32.5949222256158,0.38655735653674433,0.35028678809282965,0.9196232952525089,0.13576839704806215,0.9242439407817035,0.7333857500763553,0.6958032417661398,6.540154851072907e-13,0.10858890430877718,1.2874726133535124,0.06788419852403108,56.36963794827609,26.20744390801163,4.529783436380396,9.999999999999918,6.039711248507193
32.733333333333334,0.14662295686902949,32.582879304228776,0.386414534295165,0.35015736682215703,0.9192835199042587,0.13571823438403818,0.9239024582328513,0.7331147843451474,0.695546161731297,6.311699651638388e-13,0.10854878371486869,1.286996927865962,0.06785911719201909,56.34881092762161,26.225673610191016,4.533449688035034,9.999999999999922,6.04459958404671
32.766666666666666,0.14656878374601365,32.57084083244748,0.3862717648233948,0.3500279933699172,0.9189438700958407,0.13566809025406168,0.9235611018546064,0.7328439187300682,0.6952891766821107,6.091685127774935e-13,0.10850867794467432,1.2865214181341769,0.06783404512703084,56.32799160211245,26.24389657687953,4.537114585086931,9.999999999999924,6.049486113449239
32.8,0.14651463063884726,32.558806808632724,0.38612904810199417,0.3498986677184945,0.9186043457810084,0.135617964651305,0.9232198716004892,0.7325731531942363,0.6950322865835895,5.87989200227126e-13,0.10846858699273329,1.2860460840934116,0.0678089823256525,56.30717996891384,26.262112810558424,4.5407781280351,9.999999999999925,6.054370837380132
32.833333333333336,0.14646049754015417,32.54677723114537,0.38598638411152353,0.34976938985027334,0.9182649469135143,0.13556785756894046,0.9228787674240206,0.7323024877007708,0.6947754914007424,5.676100997916031e-13,0.10842851085358474,1.28557092567892,0.06778392878447023,56.28637602519102,26.280322313708947,4.544440317378557,9.999999999999927,6.0592537565047415
32.86666666666667,0.14640638444255805,32.53475209834623,0.38584377283254334,0.3496401597476383,0.9179256734471123,0.13551776900014045,0.9225377892787212,0.7320319222127902,0.6945187910985781,5.480092837498028e-13,0.10838844952176786,1.2850959428259572,0.06775888450007023,56.265579768109205,26.298525088812344,4.548101153616315,9.999999999999929,6.0641348714884185
32.9,0.14635229133868274,32.522731408596165,0.38570121424561404,0.3495109773929737,0.9175865253355551,0.1354676989380773,0.9221969371181117,0.7317614566934136,0.6942621856421053,5.291648243805927e-13,0.10834840299182184,1.284621135469777,0.06773384946903865,56.24479119483363,26.31672113834987,4.55176063724739,9.99999999999993,6.069014182996518
32.93333333333333,0.1462982182211519,32.51071516025598,0.3855587083312961,0.349381842768664,0.9172475025325957,0.13541764737592338,0.9218562108957127,0.7314910911057595,0.6940056749963329,5.110547939628434e-13,0.10830837125828585,1.2841465035456339,0.06770882368796169,56.22401030252952,26.334910464802768,4.555418768770795,9.999999999999932,6.073891691694391
32.96666666666667,0.14624416508258936,32.49870335168653,0.3854162550701497,0.34925275585709364,0.9169086049919871,0.13536761430685101,0.9215156105650452,0.7312208254129468,0.6937492591262695,4.936572647754212e-13,0.10826835431569903,1.283672046988782,0.06768380715342551,56.20323708836211,26.3530930706523,4.559075548685546,9.999999999999934,6.078767398247392
33.0,0.14619013191561886,32.48669598124864,0.38527385444273554,0.3491237166406472,0.9165698326674827,0.13531759972403254,0.9211751360796299,0.7309506595780942,0.693492937996924,4.76950309097205e-13,0.10822835215860062,1.2831977657344757,0.06765879986201627,56.182471549496626,26.371268958379698,4.562730977490655,9.999999999999936,6.083641303320872
33.03333333333333,0.14613611871286414,32.47469304730315,0.385131506429614,0.3489947251017088,0.9162311855128353,0.13526760362064033,0.9208347873929873,0.7306805935643207,0.6932367115733052,4.609119992070612e-13,0.10818836478152974,1.2827236597179694,0.06763380181032017,56.1617136830983,26.38943813046622,4.566385055685139,9.999999999999938,6.088513407580183
33.06666666666666,0.146082125466949,32.46269454821089,0.3849892110113454,0.3488657812226632,0.9158926634817983,0.1352176259898467,0.9204945644586384,0.7304106273347449,0.6929805798204218,4.455204073838612e-13,0.1081483921790256,1.2822497288745176,0.06760881299492336,56.14096348633236,26.40760058939312,4.570037783768011,9.99999999999994,6.093383711690679
33.1,0.1460281521704971,32.45070048233269,0.38484696816849023,0.3487368849858946,0.9155542665281248,0.135167666824824,0.9201544672301036,0.7301407608524856,0.6927245427032824,4.3075360590647187e-13,0.10810843434562734,1.2817759731393745,0.067583833412412,56.12022095636402,26.425756337641644,4.573689162238286,9.999999999999941,6.0982522163177135
33.13333333333333,0.14597419881613233,32.43871084802941,0.38470477788160895,0.3486080363737876,0.9152159946055674,0.13511772611874465,0.9198144956609039,0.7298709940806616,0.6924686001868962,4.165896670537706e-13,0.10806849127587416,1.2813023924477942,0.06755886305937232,56.09948609035853,26.443905377693035,4.577339191594978,9.999999999999943,6.103118922126636
33.15660881111725,0.1459365369332086,32.43034154071302,0.38460552262676034,0.3485180942116887,0.9149798654956404,0.13508286524591043,0.9195771801207056,0.7296826846660429,0.6922899407281686,4.0704524855998725e-13,0.1080406092056235,1.2809718116938964,0.06754143262295521,56.08501221556183,26.456574228956153,4.579887077262485,9.999999999999943,6.106516103016644
33.166666666666664,0.14592026539647837,32.42672564366186,0.38456264013126196,0.3484792353687266,0.9148778476678796,0.1350678038647809,0.9194746497045599,0.7296013269823918,0.6922127522362715,4.030066631046252e-13,0.10802856296430524,1.2808289867350313,0.06753390193239045,56.078758885481115,26.46204771202855,4.5809878723371025,9.999999999999943,6.1079838297828015
33.2,0.14586635190415895,32.414744867590876,0.3844205548980096,0.348350481953096,0.9145398256688144,0.13501790005610512,0.9191349293145924,0.7293317595207948,0.6919569988164173,3.899826663379034e-13,0.10798864940545976,1.28035575593634,0.06750895002805256,56.05803933889699,26.48018334312944,4.584635204963673,9.999999999999945,6.112846939951562
33.233333333333334,0.14581245833179787,32.402768518177304,0.38427852216241243,0.34822177610928023,0.9142019285621249,0.1349680146858897,0.9187953344445221,0.7290622916589894,0.6917013398923424,3.7749574903248093e-13,0.10794875059387687,1.2798826999869748,0.06748400734294485,56.0373274477714,26.498312273476948,4.588281189973704,9.999999999999947,6.11770825329827
33.266666666666666,0.1457585846720189,32.39079659378198,0.3841365419050308,0.34809311781966373,0.9138641563015643,0.13491814774730695,0.9184558650478696,0.7287929233600945,0.6914457754290555,3.6552398346722685e-13,0.10790886652409576,1.2794098188221898,0.06745907387365348,56.01662320926957,26.516434505552326,4.591925827866209,9.999999999999948,6.122567770488278
33.3,0.1457047309174458,32.378829092765734,0.3839946141064252,0.347964507066631,0.9135265088408853,0.13486829923352922,0.9181165210781558,0.7285236545872289,0.6911903053915655,3.5404544192101086e-13,0.10786899719065561,1.2789371123772393,0.06743414961676461,55.99592662055672,26.53455004183682,4.595569119140205,9.999999999999948,6.127425492186938
33.333333333333336,0.14565089706070225,32.36686601348939,0.383852738747156,0.34783594383256644,0.9131889861338414,0.13481846913772888,0.9177773024889012,0.7282544853035112,0.6909349297448808,3.430381966727018e-13,0.10782914258809559,1.2784645805873778,0.06740923456886444,55.97523767879809,26.55265888481169,4.599211064294705,9.99999999999995,6.1322814190596056
33.36666666666667,0.14559708309441208,32.354907354313795,0.3837109158077836,0.34770742809985444,0.9128515881341854,0.13476865745307826,0.9174382092336268,0.7279854154720604,0.6906796484540105,3.324803200011751e-13,0.10778930271095488,1.2779922233878596,0.06738432872653913,55.9545563811589,26.570761036958174,4.602851663828723,9.99999999999995,6.137135551771629
33.4,0.14554328901119903,32.34295311359979,0.38356914526886854,0.3475789598508795,0.9125143147956708,0.13471886417274967,0.9170992412658532,0.7277164450559952,0.6904244614839634,3.2234988418529954e-13,0.10774947755377265,1.277520040713939,0.06735943208637483,55.933882724804384,26.588856500757526,4.606490918241274,9.999999999999952,6.141987890988363
33.43333333333333,0.14548951480368688,32.3310032897082,0.3834274271109712,0.3474505390680261,0.9121771660720503,0.13466908928991553,0.9167603985391011,0.7274475740184344,0.6901693687997482,3.1262496150394446e-13,0.10770966711108808,1.2770480325008704,0.06733454464495776,55.913216706899775,26.606945278690997,4.610128828031372,9.999999999999954,6.146838437375161
33.46666666666667,0.14543576046449933,32.31905788099985,0.3832857613146519,0.34732216573367847,0.9118401419170772,0.13461933279774813,0.9164216810068911,0.7271788023224967,0.6899143703663735,3.0328362423598033e-13,0.10766987137744033,1.276576198683908,0.06730966639887406,55.89255832461029,26.625027373239835,4.613765393698033,9.999999999999954,6.151687191597375
33.5,0.1453820259862602,32.307116885835605,0.38314414786047124,0.3471938398302213,0.9115032422845043,0.13456959468941984,0.9160830886227441,0.726910129931301,0.6896594661488482,2.943039446602801e-13,0.1076300903473686,1.276104539198306,0.06728479734470992,55.87190757510117,26.643102786885287,4.617400615740269,9.999999999999956,6.156534154320357
33.53333333333333,0.1453283113615932,32.29518030257626,0.3830025867289895,0.3470655613400389,0.9111664671280851,0.13451987495810303,0.9157446213401809,0.7266415568079659,0.6894046561121812,2.856639950557146e-13,0.10759032401541206,1.275633053979319,0.06725993747905151,55.85126445553763,26.661171522108603,4.6210344946570965,9.999999999999956,6.1613793262094605
33.56666666666666,0.1452746165831221,32.28324812958269,0.3828610779007672,0.34693733024551576,0.9108298164015725,0.13447017359697,0.9154062791127221,0.7263730829156105,0.689149940221381,2.7734184770115195e-13,0.10755057237610989,1.2751617429622013,0.067235086798485,55.83062896308492,26.67923358139104,4.624667030947529,9.999999999999957,6.166222707930037
33.6,0.14522094164347066,32.27132036521571,0.3827196213563647,0.34680914652903627,0.9104932900587194,0.13442049059919312,0.9150680618938882,0.7261047082173533,0.6888953184414566,2.6931557487546305e-13,0.10751083542400124,1.274690606082207,0.06721024529959656,55.810001094908245,26.697288967213836,4.628298225110581,9.999999999999957,6.17106430014744
33.63333333333333,0.14516728653526265,32.25939700783615,0.38257821707634254,0.34668101017298486,0.9101568880532791,0.13437082595794472,0.9147299696372004,0.7258364326763131,0.6886407907374166,2.61563248857522e-13,0.1074711131536253,1.2742196432745907,0.06718541297897236,55.789380848172854,26.715337682058248,4.631928077645267,9.999999999999957,6.175904103527021
33.666666666666664,0.1451136512511218,32.24747805580485,0.382436865041261,0.346552921159746,0.9098206103390047,0.1343211796663972,0.9143920022961791,0.725568256255609,0.6883863570742699,2.540629419261973e-13,0.10743140555952126,1.2737488544746065,0.0671605898331986,55.76876822004397,26.733379728405524,4.635556589050601,9.99999999999996,6.180742118734133
33.7,0.14506003578367185,32.23556350748264,0.3822955652316806,0.3464248794717041,0.9094844568696493,0.13427155171772284,0.9140541598243451,0.7253001789183593,0.6881320174170251,2.4679272636035866e-13,0.10739171263622826,1.2732782396175089,0.06713577585886142,55.74816320768681,26.751415108736914,4.6391837598256,9.99999999999996,6.185578346434131
33.733333333333334,0.14500644012553662,32.22365336123036,0.38215431762816177,0.3462968850912436,0.9091484275989657,0.13422194210509403,0.9137164421752191,0.7250322006276831,0.6878777717306912,2.3973067443887853e-13,0.10735203437828553,1.272807798638552,0.06711097105254701,55.72756580826661,26.769443825533664,4.642809590469274,9.999999999999961,6.190412787292364
33.766666666666666,0.14495286426933984,32.211747615408854,0.38201312221126493,0.346168938000749,0.9088125224807074,0.13417235082168308,0.9133788493023218,0.7247643213466992,0.6876236199802769,2.3285485844062744e-13,0.10731237078023219,1.2723375314729903,0.06708617541084154,55.70697601894861,26.787465881277022,4.646434081480641,9.999999999999961,6.195245441974187
33.8,0.14489930820770525,32.19984626837895,0.38187197896155045,0.3460410381826047,0.9084767414686274,0.13412277786066237,0.9130413811591741,0.7244965410385262,0.6873695621307908,2.2614335064447548e-13,0.10727272183660745,1.2718674380560784,0.06706138893033119,55.68639383689803,26.805481278448244,4.650057233358714,9.999999999999961,6.200076311144951
33.833333333333336,0.14484577193325662,32.187949318501474,0.3817308878595788,0.3459131856191951,0.9081410845164786,0.13407322321520423,0.9127040376992964,0.724228859666283,0.6871155981472419,2.1957422332929273e-13,0.10723308754195048,1.27139751832307,0.06703661160760212,55.66581925928009,26.82349001952858,4.653679046602509,9.999999999999963,6.20490539547001
33.86666666666667,0.1447922554386177,32.17605676413727,0.38158984888591047,0.3457853802929047,0.9078055515780142,0.13402368687848104,0.9123668188762097,0.7239612771930886,0.6868617279946388,2.131255487739513e-13,0.10719346789080045,1.2709277722092198,0.06701184343924052,55.645252283260035,26.841492106999272,4.657299521711038,9.999999999999963,6.209732695614716
33.9,0.14473875871641226,32.16416860364717,0.38144886202110573,0.34565762218611784,0.9074701426069873,0.13397416884366511,0.9120297246434347,0.7236937935820613,0.6866079516379904,2.067753992573221e-13,0.10715386287769653,1.2704581996497821,0.06698708442183256,55.624692906003084,26.859487543341572,4.6609186591833165,9.999999999999963,6.2145582122444205
33.93333333333333,0.14468528175926407,32.15228483539202,0.38130792724572515,0.34552991128121907,0.907134857557151,0.1339246691039288,0.911692754954492,0.7234264087963203,0.6863542690423053,2.0050184705827439e-13,0.1071142724971779,1.2699888005800113,0.0669623345519644,55.60414112467447,26.877476331036732,4.664536459518359,9.999999999999964,6.219381946024478
33.96666666666667,0.1446318245597968,32.140405457732626,0.3811670445403291,0.34540224756059273,0.9067996963822583,0.13387518765244444,0.9113559097629024,0.7231591227989841,0.6861006801725924,1.9428296445567948e-13,0.10707469674378375,1.2695195749351615,0.06693759382622222,55.58359693643942,26.895458472566006,4.668152923215182,9.999999999999964,6.2242038976202405
34.0,0.14457838711063437,32.12853046902986,0.381026213885478,0.34527463100662337,0.9064646590360623,0.1338257244823844,0.9110191890221866,0.7228919355531718,0.6858471849938604,1.8809682372840828e-13,0.10703513561205324,1.2690505226504871,0.0669128622411922,55.56306033846316,26.91343397041063,4.671768050772796,9.999999999999966,6.22902406769706
34.03333333333333,0.14452496941416026,32.1166598698134,0.38088543528745383,0.3451470616250034,0.9061297455335081,0.13377627959595503,0.9106825927473645,0.7226248470708013,0.685593783517417,1.821746514102156e-13,0.10699558910375107,1.2685816437469113,0.06688813979797752,55.54253133166176,26.93140282376879,4.675381842029945,9.999999999999966,6.233842456039926
34.06666666666666,0.14447157146065512,32.10479365792336,0.38074470872064164,0.3450195393925214,0.905794955813657,0.13372685298415976,0.9103461208771917,0.7223578573032755,0.685340475697155,1.7657742714944222e-13,0.10695605721168162,1.2681129381391196,0.06686342649207988,55.52200991229992,26.949365035909963,4.678994297644168,9.999999999999966,6.238659063525557
34.1,0.1444181932341609,32.09293182981354,0.38060403414298527,0.3448920642710672,0.9054602897764575,0.13367744463222744,0.9100097733111135,0.7220909661708045,0.6850872614573735,1.71116563046117e-13,0.10691653992403084,1.2676444056870404,0.06683872231611372,55.50149607424482,26.96732061220214,4.6826054186950445,9.999999999999968,6.243473891593392
34.13333333333333,0.14436483472750292,32.081074383889536,0.38046341153557617,0.3447646362435066,0.9051257473769257,0.1336280545335169,0.9096735500039206,0.7218241736375146,0.6848341407640371,1.6579020183232124e-13,0.10687703723548705,1.267176046327696,0.06681402726675845,55.48098981473912,26.9852695550588,4.686215205667958,9.999999999999968,6.248286940890609
34.166666666666664,0.1443114959335063,32.06922131855696,0.38032284087950563,0.34463725529270506,0.9047913285700779,0.13357868268138695,0.9093374509104026,0.7215574796675316,0.6845811135831101,1.6059648624013265e-13,0.10683754914073856,1.266707859998109,0.06678934134069348,55.46049113102546,27.00321186689344,4.6898236590482965,9.999999999999968,6.253098212064395
34.19474476288701,0.14426658167041434,32.05924037120319,0.38020447248463396,0.3445299933711555,0.9045097291346907,0.13353710880635625,0.9090544365791785,0.7213329083520716,0.6843680504723412,1.5632315679545257e-13,0.10680429794505819,1.266313620788567,0.06676855440317812,55.4432300869641,27.018320302121108,4.692862179650958,9.99999999999997,6.2571495728679425
34.2,0.14425817684499628,32.057372632221394,0.3801823221558649,0.3445099214015279,0.9044570333109297,0.1335293290691964,0.9090014759853495,0.7212908842249813,0.6843281798805568,1.5553355900162913e-13,0.10679807563447365,1.2662398466353015,0.0667646645345982,55.44000002034647,27.02114755011955,4.693430779321449,9.99999999999997,6.257907705761932
34.233333333333334,0.14420487745479801,32.04552832328845,0.38004185534574525,0.34438263455284074,0.9041228615544975,0.13347999369030403,0.9086656251835515,0.7210243872739901,0.6840753396223415,1.5059956284889178e-13,0.10675861671138062,1.2657720061762965,0.06673999684515201,55.41951647994481,27.039076607150616,4.697036566972801,9.99999999999997,6.2627154226304
34.266666666666666,0.14415159775573672,32.03368839016371,0.3799014404302381,0.34425539472950906,0.9037888132557972,0.13343067653806862,0.9083298984597985,0.7207579887786836,0.6838225927744286,1.4579264051399845e-13,0.10671917236614781,1.265304338558116,0.06671533826903431,55.39904050706311,27.05699904040013,4.70064102248774,9.99999999999997,6.267521363316985
34.3,0.14409833774063757,32.021852831252794,0.37976107739043463,0.3441282019143983,0.9034548883698447,0.133381377605849,0.9079942957688805,0.7204916887031878,0.6835699393027823,1.4111093472902803e-13,0.10667974259346348,1.2648368437177824,0.0666906888029245,55.37857209894402,27.074914852281584,4.704244146351652,9.99999999999997,6.272325528468868
34.333333333333336,0.1440450974023257,32.01002164496127,0.3796207662074261,0.34400105609037407,0.903121086851656,0.13333209688700398,0.9076588170655874,0.7202254870116286,0.683317379173367,1.3655258822605853e-13,0.10664032738801596,1.2643695215923183,0.06666604844350199,55.35811125283018,27.092824045208467,4.707845939049926,9.999999999999972,6.277127918733234
34.36666666666667,0.14399187673362646,31.99819482969477,0.3794805068623039,0.3438739572403018,0.9027874086562474,0.13328283437489236,0.9073234623047094,0.7199593836681323,0.6830649123521471,1.3211574373717086e-13,0.10660092674449355,1.2639023721187463,0.06664141718744618,55.337657965964226,27.110726621594264,4.711446401067947,9.999999999999972,6.281928534757262
34.4,0.1439386757273649,31.98637238385887,0.37934029933615937,0.3437469053470469,0.9024538537386346,0.13323359006287291,0.9069882314410364,0.7196933786368245,0.6828125388050869,1.2779854399444292e-13,0.10656154065758454,1.2634353952340884,0.06661679503143646,55.31721223558881,27.128622583852472,4.715045532891104,9.999999999999972,6.286727377188137
34.43333333333333,0.14388549437636627,31.974554305859176,0.37920014361008364,0.343619900393475,0.902120422053834,0.13318436394430444,0.9066531244293584,0.7194274718818313,0.6825602584981506,1.2359913172995368e-13,0.10652216912197725,1.2629685908753676,0.06659218197215222,55.296774058946575,27.146511934396575,4.718643335004782,9.999999999999972,6.291524446673042
34.46666666666667,0.14383233267345572,31.96274059410127,0.3790600396651681,0.3434929423624515,0.9017871135568614,0.13313515601254577,0.9063181412244655,0.7191616633672786,0.6823080713973027,1.195156496757812e-13,0.10648281213235995,1.2625019589796058,0.06656757800627289,55.276343433280154,27.16439467564007,4.72223980789437,9.999999999999973,6.29631974385916
34.5,0.1437791906114585,31.95093124699078,0.3789199874825041,0.34336603123684195,0.9014539282027328,0.1330859662609557,0.9059832817811476,0.7188959530572925,0.6820559774685074,1.1554624056400618e-13,0.106443469683421,1.2620354994838259,0.06654298313047785,55.255920355832195,27.182270809996442,4.725834952045255,9.999999999999973,6.301113269393672
34.53333333333333,0.14372606818319975,31.93912626293328,0.37877998704318294,0.34323916699951185,0.9011208659464643,0.133036794682893,0.9056485460541949,0.7186303409159988,0.6818039766777293,1.1168904712670666e-13,0.10640414176984866,1.26156921232505,0.0665183973414465,55.235504823845346,27.20014033987918,4.729428767942822,9.999999999999973,6.305905023923762
34.56666666666666,0.14367296538150473,31.927325640334388,0.37864003832829574,0.3431123496333266,0.9007879267430721,0.1329876412717165,0.9053139339983972,0.7183648269075236,0.6815520689909323,1.079422120959616e-13,0.10636482838633124,1.2611030974403008,0.06649382063585825,55.215096834562246,27.218003267701775,4.73302125607246,9.999999999999973,6.310695008096612
34.6,0.14361988219919852,31.915529377599672,0.37850014131893395,0.34298557912115174,0.9004551105475718,0.13293850602078497,0.9049794455685445,0.7180994109959926,0.6813002543740811,1.0430387820384912e-13,0.10632552952755704,1.2606371547666004,0.06646925301039248,55.19469638522553,27.235859595877724,4.736612416919556,9.999999999999975,6.315483222559407
34.63333333333333,0.14356681862910642,31.90373747313476,0.3783602959961888,0.3428588554458529,0.9001224173149798,0.13288938892345725,0.9046450807194268,0.717834093145532,0.6810485327931399,1.0077218818244976e-13,0.10628624518821439,1.2601713842409716,0.06644469446172863,55.17430347307784,27.253709326820506,4.740202250969496,9.999999999999975,6.320269667959327
34.666666666666664,0.14351377466405357,31.89194992534524,0.3782205023411517,0.3427321785902954,0.899789847000312,0.13284028997309213,0.9043108394058343,0.7175688733202679,0.680796904214073,9.734528476384165e-14,0.10624697536299157,1.2597057858004366,0.06642014498654607,55.15391809536184,27.271552462943617,4.743790758707667,9.999999999999975,6.325054344943555
34.7,0.14346075029686517,31.880166732636706,0.3780807603349137,0.34260554853734476,0.8994573995585843,0.1327912091630484,0.9039767215825568,0.7173037514843258,0.6805453686028448,9.402131068010303e-14,0.10620772004657687,1.2592403593820178,0.0663956045815242,55.13354024932014,27.28938900666055,4.747377940619458,9.999999999999975,6.329837254159276
34.733333333333334,0.14340774552036642,31.868387893414763,0.37794106995856636,0.34247896526986654,0.899125074944813,0.13274214648668484,0.9036427272043844,0.7170387276018321,0.6802939259254195,9.079840866331426e-14,0.10616847923365863,1.258775104922738,0.06637107324334242,55.11316993219541,27.307218960384784,4.750963797190254,9.999999999999975,6.334618396253671
34.766666666666666,0.1433547603273825,31.856613406085003,0.3778014311932009,0.3423524287707262,0.8987928731140139,0.1326931019373603,0.9033088562261073,0.7167738016369125,0.6800425761477616,8.767472144555355e-14,0.10612925291892512,1.2583100223596193,0.06634655096868015,55.09280714123029,27.325042326529818,4.754548328905442,9.999999999999975,6.339397771873923
34.8,0.14330179471073864,31.844843269053033,0.37766184401990854,0.34222593902278925,0.8984607940212033,0.13264407550843355,0.9029751086025152,0.7165089735536931,0.6797913192358354,8.464839175889983e-14,0.10609004109706467,1.2578451116296845,0.06632203775421677,55.072451873667404,27.342859107509142,4.758131536250411,9.999999999999977,6.344175381667214
34.833333333333336,0.14324884866325996,31.833077480724434,0.3775223084197806,0.3420994960089212,0.8981288376213968,0.1325950671932634,0.9026414842883982,0.7162442433162998,0.6795401551556051,8.171756233543143e-14,0.10605084376276556,1.2573803726699555,0.0662975335966317,55.052104126749406,27.360669305736245,4.7617134197105475,9.999999999999977,6.348951226280729
34.86666666666667,0.1431959221777717,31.821316039504822,0.37738282437390847,0.34197309971198747,0.8977970038696107,0.13254607698520862,0.9023079832385462,0.7159796108888584,0.6792890838730352,7.888037590722858e-14,0.10601166091071611,1.256915805417455,0.06627303849260431,55.03176389771894,27.37847292362461,4.765293979771236,9.999999999999977,6.353725306361648
34.9,0.14314301524709905,31.80955894379979,0.3772433918633833,0.34184675011485355,0.8974652927208613,0.13249710487762806,0.9019746054077495,0.7157150762354952,0.6790381053540899,7.613497520636952e-14,0.1059724925356046,1.2564514098092057,0.06624855243881403,55.011431183818644,27.396269963587734,4.768873216917867,9.999999999999977,6.358497622557155
34.93333333333333,0.1430901278640672,31.79780619201493,0.37710401086929646,0.3417204472003851,0.897133704130164,0.13244815086388048,0.9016413507507979,0.7154506393203359,0.6787872195647336,7.347950296493319e-14,0.10593333863211937,1.2559871857822296,0.06622407543194024,54.99110598229117,27.414060428039107,4.772451131635826,9.999999999999977,6.363268175514434
34.96666666666667,0.1430372600215013,31.786057782555844,0.37696468137273925,0.3415941909514474,0.8968022380525354,0.1323992149373247,0.9013082192224814,0.7151863001075065,0.6785364264709307,7.091210191499804e-14,0.10589419919494869,1.2555231332735495,0.06619960746866235,54.97078829037914,27.431844319392223,4.7760277244105005,9.999999999999977,6.368036965880666
35.0,0.14298441171222662,31.77431371382814,0.37682540335480297,0.34146798135090606,0.8964708944429912,0.13235029709131954,0.90097521077759,0.7149220585611331,0.6782857260386453,6.843091478864408e-14,0.10585507421878088,1.2550592522201875,0.06617514854565977,54.95047810532522,27.44962164006056,4.779602995727276,9.999999999999979,6.372803994303035
35.03333333333333,0.14293158292906832,31.76257398423741,0.37668617679657895,0.3413418183816266,0.8961396732565475,0.13230139731922377,0.9006423253709139,0.7146579146453416,0.6780351182338421,6.603408431794964e-14,0.10581596369830423,1.2545955425591664,0.06615069865961189,54.930175424372045,27.467392392457615,4.783176946071542,9.999999999999979,6.377569261428722
35.06666666666666,0.14287877366485155,31.750838592189236,0.3765470016791584,0.3412157020264744,0.8958085744482204,0.1322525156143962,0.900309562957243,0.7143938683242578,0.6777846030224851,6.37197532349937e-14,0.10577686762820707,1.2541320042275084,0.0661262578071981,54.90988024476225,27.48515657899688,4.786749575928684,9.999999999999979,6.38233276790491
35.1,0.14282598391240153,31.73910753608923,0.3764078779836326,0.34108963226831507,0.8954775979730258,0.1322036519701956,0.899976923491367,0.7141299195620077,0.6775341803705387,6.148606427185477e-14,0.10573778600317767,1.253668637162236,0.0661018259850978,54.889592563738475,27.502914202091844,4.790320885784089,9.999999999999979,6.387094514378785
35.13333333333333,0.14277321366454349,31.727380814342997,0.37626880569109294,0.34096360909001405,0.8951467437859798,0.13215480637998084,0.8996444069280765,0.7138660683227174,0.6772838502439673,5.933116016061266e-14,0.10569871881790435,1.2532054413003717,0.06607740318999042,54.869312378543384,27.520665264155994,4.793890876123145,9.999999999999979,6.3918545014975265
35.166666666666664,0.14272046291410256,31.71565842535613,0.3761297847826307,0.3408376324744368,0.8948160118420987,0.13210597883711067,0.899312013222161,0.7136023145705128,0.6770336126087353,5.72531836333459e-14,0.10565966606707541,1.252742416578938,0.06605298941855534,54.8490396864196,27.53840976760282,4.797459547431239,9.999999999999979,6.396612729908317
35.2,0.14266773165390398,31.70394036753422,0.3759908152393371,0.34071170240444887,0.8944854020963979,0.13205716933494388,0.8989797423284106,0.7133386582695199,0.6767834674308068,5.525027742213296e-14,0.10562062774537916,1.252279562934957,0.06602858466747194,54.82877448460977,27.556147714845817,4.801026900193757,9.999999999999979,6.401369200258342
35.233333333333334,0.1426150198767729,31.692226639282868,0.37585189704230354,0.3405858188629158,0.894154914503894,0.1320083778668393,0.8986475942016156,0.7130750993838646,0.6765334146761464,5.3320584259053606e-14,0.1055816038475039,1.2518168803054515,0.06600418893341965,54.80851677035653,27.57387910829847,4.804592934896087,9.999999999999979,6.406123913194782
35.265384830517924,0.1425643535024428,31.68096744498729,0.3757183693611049,0.34046482004662737,0.893837250995194,0.13196147967972344,0.8983283345932096,0.7128217675122139,0.6762930648499889,5.1532412612635845e-14,0.10554409421445449,1.2513721513932714,0.06598073983986172,54.78904512683985,27.590922461168795,4.808020594879039,9.99999999999998,6.410694126505384
35.266666666666666,0.14256232757553455,31.68051723900768,0.37571303017262125,0.340459981832703,0.8938245490196027,0.13195960442615576,0.8983155687965657,0.7128116378776728,0.6762834543107182,5.146224687618642e-14,0.10554259436813793,1.2513543686274438,0.06597980221307788,54.78826654090255,27.591603950374267,4.808157652023615,9.99999999999998,6.410876869364819
35.3,0.1425096547430141,31.668812165114247,0.3755742146113815,0.34033419129667597,0.8934943055985403,0.131910849006252,0.897983666068051,0.7125482737150706,0.6760335863004867,4.967340800561025e-14,0.10550359930196955,1.2508920278379563,0.065955424503126,54.768023793490435,27.609322243486705,4.8117210520617295,9.99999999999998,6.4156280694156385
35.333333333333336,0.14245700137203676,31.65711141600817,0.3754354503396757,0.34020844723770016,0.8931641841957226,0.1318621116004868,0.8976518859708615,0.7122850068601838,0.6757838106114162,4.7952210379403757e-14,0.10546461864368706,1.2504298578740116,0.0659310558002434,54.74778852536285,27.627033990049274,4.815283135495817,9.99999999999998,6.420377513994422
35.36666666666667,0.1424043674554277,31.64541499009505,0.37529673733859503,0.3400827496386412,0.8928341847661657,0.13181339220221908,0.8973202284597874,0.7120218372771385,0.675534127209471,4.629679672964652e-14,0.10542565238797878,1.249967858672632,0.06590669610110954,54.72756073376244,27.644739192475456,4.818843902811264,9.99999999999998,6.425125203748352
35.4,0.14235175298601213,31.633722885780475,0.3751580755892308,0.3399570984823645,0.8925043072648856,0.13176469080480752,0.8969886934896184,0.7117587649300606,0.6752845360606154,4.470530978841722e-14,0.105386700529533,1.2495060301708398,0.06588234540240376,54.70734041593183,27.662437853178744,4.822403354493458,9.99999999999998,6.429871139324611
35.43333333333333,0.14229915795661524,31.622035101470058,0.3750194650726743,0.3398314937517356,0.8921745516468985,0.131716007401611,0.8966572810151449,0.7114957897830761,0.6750350371308138,4.317589228779469e-14,0.10534776306303803,1.249044372305658,0.0658580037008055,54.687127569113684,27.68012997457263,4.825961491027787,9.99999999999998,6.434615321370382
35.46666666666667,0.14224658236006218,31.610351635569373,0.3748809057700169,0.33970593542961985,0.8918449178672203,0.13166734198598823,0.8963259909911563,0.7112329118003109,0.6747856303860305,4.1706686959857636e-14,0.10530883998318216,1.2485828850141083,0.06583367099299411,54.66692219055062,27.697815559070605,4.829518312899637,9.99999999999998,6.4393577505328485
35.5,0.1421940261891782,31.598672486484045,0.3747423976623499,0.33958042349888296,0.891515405880867,0.1316186945512981,0.8959948233724431,0.710970130945891,0.6745363157922298,4.029583653668551e-14,0.10526993128465371,1.2481215682332136,0.06580934727564905,54.646724277485305,27.715494609086157,4.833073820594395,9.99999999999998,6.444098427459192
35.53333333333333,0.14214148943678848,31.586997652619665,0.37460394073076453,0.3394549579423903,0.8911860156428545,0.13157006509089939,0.8956637781137952,0.7107074471839424,0.6742870933153762,3.89414837503571e-14,0.10523103696214098,1.2476604218999963,0.06578503254544969,54.626533827160365,27.733167127032775,4.836628014597447,9.99999999999998,6.448837352796596
35.56666666666666,0.1420889720957182,31.575327132381823,0.37446553495635204,0.3393295387430073,0.8908567471081991,0.13152145359815087,0.8953328551700024,0.7104448604785909,0.6740379629214337,3.764177133295117e-14,0.10519215701033227,1.2471994459514786,0.06576072679907544,54.60635083681845,27.750833115323953,4.840180895394183,9.99999999999998,6.4535745271922424
35.6,0.14203647415879253,31.563660924176123,0.37432718032020385,0.3392041658835996,0.8905276002319166,0.13147286006641137,0.8950020544958549,0.7101823707939626,0.673788924576367,3.6394842016546524e-14,0.10515329142391587,1.2467386403246832,0.06573643003320569,54.58617530370219,27.768492576373177,4.843732463469988,9.99999999999998,6.458309951293317
35.63333333333333,0.14198399561883668,31.551999026408154,0.3741888768034112,0.3390788393470326,0.8901985749690232,0.13142428448903967,0.8946713760461428,0.7099199780941834,0.6735399782461401,3.519883853322255e-14,0.10511444019758011,1.2462780049566324,0.06571214224451984,54.56600722505425,27.78614551259394,4.8472827193102495,9.99999999999998,6.463043625746998
35.666666666666664,0.14193153646867587,31.540341437483526,0.3740506243870653,0.33895355911617187,0.889869671274535,0.1313757268593946,0.8943408197756559,0.7096576823433793,0.6732911238967176,3.405190361505794e-14,0.10507560332601328,1.245817539784349,0.0656878634296973,54.54584659811726,27.803791926399725,4.850831663400354,9.999999999999982,6.467775551200471
35.7,0.14187909670113527,31.52868815580784,0.37391242305225764,0.3388283251738828,0.8895408891034676,0.1313271871708349,0.8940103856391843,0.7093954835056763,0.6730423614940637,3.295217999413144e-14,0.10503678080390366,1.2453572447448547,0.06566359358541746,54.525693420133855,27.821431820204037,4.85437929622569,9.999999999999982,6.472505728300919
35.733333333333334,0.14182667630904006,31.51703917978668,0.3737742727800793,0.338703137503031,0.8892122284108376,0.13127866541671945,0.8936800735915181,0.7091333815452002,0.6727936910041428,3.189781040252247e-14,0.1049979726259396,1.2448971197751726,0.06563933270835973,54.505547688346695,27.839065196420346,4.857925618271643,9.999999999999982,6.477234157695523
35.766666666666666,0.14177427528521544,31.50539450782566,0.37363617355162176,0.3385779960864818,0.8888836891516607,0.131230161590407,0.8933498835874473,0.7088713764260771,0.6725451123929191,3.08869375723096e-14,0.10495917878680937,1.244437164812325,0.0656150807952035,54.48540939999841,27.85669205746216,4.8614706300236,9.999999999999982,6.4819608400314666
35.8,0.1417218936224866,31.49375413833036,0.37349812534797616,0.3384529009071009,0.8885552712809531,0.13118167568525638,0.8930198155817617,0.708609468112433,0.6722966256263571,2.991770423557186e-14,0.10492039928120128,1.2439773797933342,0.06559083784262819,54.46527855233165,27.874312405742952,4.865014331966949,9.999999999999982,6.486685775955932
35.833333333333336,0.14166953131367874,31.482118069706388,0.37336012815023384,0.3383278519477536,0.8882269747537304,0.13113320769462636,0.8926898695292512,0.7083476565683937,0.672048230670421,2.898825312438798e-14,0.10488163410380362,1.2435177646552225,0.06556660384731318,54.44515514258904,27.89192624367623,4.868556724587079,9.999999999999982,6.491408966116104
35.86666666666667,0.14161718835161705,31.470486300359347,0.3732221819394862,0.33820284919130555,0.887898799525009,0.13108475761187574,0.8923600453847064,0.7080859417580853,0.6717999274910752,2.8096726970837305e-14,0.10484288324930473,1.2430583193350127,0.06554237880593787,54.42503916801324,27.90953357367547,4.872097808369373,9.999999999999982,6.496130411159164
35.9,0.14156486472912674,31.458858828694833,0.3730842866968244,0.3380778926206222,0.8875707455498052,0.13103632543036337,0.8920303431029167,0.7078243236456336,0.671551716054284,2.72412685069986e-14,0.10480414671239288,1.2425990437697272,0.06551816271518168,54.404930625846895,27.92713439815417,4.875637583799221,9.999999999999982,6.500850111732293
35.93333333333333,0.14151256043903293,31.44723565311843,0.37294644240333985,0.337952982218569,0.8872428127831345,0.130987911143448,0.8917007626386726,0.7075628021951647,0.6713035963260118,2.6420020464950704e-14,0.10476542448775639,1.2421399378963882,0.065493955571724,54.38482951333264,27.944728719525816,4.879176051362007,9.999999999999982,6.505568068482676
35.96666666666667,0.1414602754741609,31.435616772035754,0.3728086490401238,0.33782811796801143,0.886915001180013,0.13093951474448842,0.8913713039467634,0.7073013773708045,0.6710555682722228,2.5631125576772514e-14,0.10472671657008355,1.2416810016520181,0.06546975737224421,54.364735827713105,27.9623165402039,4.882713211543123,9.999999999999982,6.510284282057496
36.0,0.14140800982733578,31.424002183852398,0.37267090658826746,0.33770329985181513,0.886587310695457,0.13089113622684348,0.89104196698198,0.707040049136679,0.6708076318588815,2.487272657454315e-14,0.10468802295406268,1.2412222349736397,0.06544556811342174,54.34464956623096,27.97989786260191,4.886249064827951,9.999999999999982,6.514998753103934
36.03333333333333,0.14135576349138282,31.41239188697396,0.37253321502886233,0.33757852785284537,0.8862597412844823,0.13084277558387195,0.8907127516991117,0.7067788174569141,0.6705597870519522,2.414296619034158e-14,0.10464934363438207,1.2407636377982751,0.06542138779193597,54.324570726128826,27.997472689133335,4.889783611701882,9.999999999999982,6.519711482269175
36.06666666666666,0.14130353645912716,31.400785879806037,0.3723955743429995,0.3374538019539678,0.8859322929021051,0.13079443280893263,0.8903836580529491,0.7065176822956358,0.6703120338173991,2.343998715624652e-14,0.10461067860573002,1.240305210062947,0.06539721640446632,54.30449930464936,28.01504102221167,4.893316852650299,9.999999999999982,6.524422470200399
36.1,0.14125132872339402,31.389184160754226,0.3722579845117703,0.33732912213804783,0.8856049655033413,0.13074610789538432,0.8900546859982814,0.70625664361697,0.6700643721211865,2.2761932204336938e-14,0.10457202786279483,1.2398469517046777,0.06537305394769216,54.28443529903519,28.032602864250403,4.896848788158594,9.999999999999982,6.529131717544791
36.13333333333333,0.14119914027700858,31.37758672822413,0.37212044551626616,0.3372044883879511,0.8852777590432069,0.13069780083658586,0.8897258354898994,0.7059957013850429,0.6698168019292791,2.2106944066691955e-14,0.10453339140026484,1.2393888626604896,0.06534890041829293,54.264378706528966,28.05015821766302,4.90037941871215,9.999999999999982,6.533839224949532
36.166666666666664,0.14114697111279603,31.365993580621343,0.3719829573375782,0.3370799006865429,0.8849506734767182,0.13064951162589603,0.8893971064825927,0.7057348555639802,0.6695693232076407,2.1473165475390415e-14,0.10449476921282831,1.2389309428674053,0.06532475581294801,54.244329524373335,28.067707084863017,4.903908744796356,9.999999999999982,6.538544993061807
36.2,0.14109482122358158,31.354404716351464,0.3718455199567978,0.3369553590166889,0.8846237087588907,0.13060124025667358,0.8890684989311514,0.7054741061179078,0.6693219359222361,2.0858739162511107e-14,0.10445616129517356,1.238473192262447,0.06530062012833679,54.22428774981093,28.085249468263882,4.907436766896598,9.999999999999982,6.543249022528797
36.233333333333334,0.1410426906021904,31.34282013382009,0.37170813335501635,0.3368308633612545,0.8842968648447409,0.13055298672227736,0.8887400127903656,0.705213453010952,0.6690746400390294,2.026180786013328e-14,0.1044175676419889,1.2380156107826372,0.06527649336113868,54.2042533800844,28.102785370279097,4.9109634854982644,9.999999999999982,6.547951313997685
36.266666666666666,0.14099057924144767,31.331239831432814,0.37157079751332495,0.3367064137031053,0.8839701416892849,0.13050475101606618,0.8884116480150251,0.7049528962072383,0.6688274355239849,1.9680514300335648e-14,0.10437898824796263,1.2375581983649988,0.06525237550803309,54.18422641243639,28.120314793322162,4.914488901086741,9.999999999999982,6.552651868115653
36.3,0.14093848713417864,31.319663807595255,0.371433512412815,0.33658201002510657,0.8836435392475382,0.1304565331313988,0.8880834045599202,0.7046924356708931,0.6685803223430671,1.911300121519718e-14,0.10434042310778303,1.2371009549465535,0.0652282665656994,54.164206844109536,28.137837739806564,4.918013014147415,9.999999999999982,6.557350685529886
36.333333333333336,0.14088641427320842,31.308092060712983,0.3712962780345779,0.336457652310124,0.8833170574745174,0.13040833306163405,0.8877552823798406,0.704432071366042,0.6683333004622402,1.855741133679677e-14,0.10430187221613843,1.2366438804643243,0.06520416653081702,54.14419467234648,28.1553542121458,4.921535825165675,9.999999999999982,6.562047766887566
36.36666666666667,0.14083436065136226,31.296524589191616,0.37115909435970473,0.33633334054102304,0.8829906963252382,0.13036015080013072,0.8874272814295764,0.7041718032568113,0.6680863698474685,1.8011887397213464e-14,0.10426333556771714,1.2361869748553334,0.06518007540006536,54.124189894389865,28.172864212753343,4.9250573346269055,9.999999999999982,6.566743112835873
36.36954672035756,0.14082986403731437,31.295525341625417,0.37114724384829556,0.3363226019597787,0.8829625038560787,0.1303559886107143,0.8873989473074084,0.7041493201865718,0.668065038926932,1.7965165056677098e-14,0.10426000660753139,1.23614750539851,0.06517799430535715,54.12246179627884,28.17437680134791,4.925361537645861,9.999999999999982,6.567148716861147
36.4,0.14078232626146536,31.28496139143675,0.3710219613692869,0.33620907470066913,0.8826644557547165,0.13031198634024763,0.8870994016639178,0.7039116313073268,0.6678395304647164,1.7474572128526227e-14,0.10422481315720743,1.235730238056603,0.06515599317012381,54.104192507482345,28.190367744042696,4.9285775430164955,9.999999999999982,6.571436724021993
36.43333333333333,0.14073031109634287,31.27340246585397,0.37088487904441575,0.33608485477192784,0.8823383357179688,0.13026383967534355,0.8867716430376544,0.7036515554817143,0.6675927822799483,1.6943608262813853e-14,0.10418630497929762,1.2352736700051563,0.06513191983767178,54.08420250886655,28.207864808427345,4.932096450819832,9.999999999999982,6.5761286010931075
36.46666666666667,0.14067831514881998,31.261847810848884,0.3707478473661825,0.3359606807376646,0.8820123361700107,0.1302157107987773,0.8864440055055767,0.7033915757440999,0.6673461252591285,1.641713853215526e-14,0.10414781102867603,1.234817270638015,0.06510785539938865,54.06421989578512,28.225355408320784,4.935614058522301,9.999999999999984,6.5808187446964
36.5,0.14062633841172195,31.2502974248271,0.3706108663156784,0.33583655258074496,0.8816864570658585,0.13016759970390768,0.8861164890224743,0.7031316920586097,0.6670995593682212,1.5893305668629542e-14,0.10410933130003093,1.2343610398922018,0.06508379985195384,54.04424466548071,28.242839546136498,4.93913036660929,9.999999999999984,6.585507155479053
36.53333333333333,0.14057438088863672,31.238751308585936,0.3704739359023596,0.33571247030973755,0.8813606984280077,0.13011950639405584,0.8857890936109561,0.7028719044431836,0.6668530846242473,1.5394907516809198e-14,0.10407086579601864,1.2339049777992106,0.06505975319702792,54.024276819332215,28.260317220667538,4.942645374838066,9.999999999999984,6.590193833117421
36.56666666666666,0.1405224425674815,31.227209459440335,0.37033705609438244,0.33558843389578685,0.8810350601807028,0.1300714308580376,0.8854618191948859,0.7026122128374075,0.6666067009698884,1.492167847803467e-14,0.10403241450769393,1.2334490842529837,0.0650357154290188,54.004316352696094,28.277788435978376,4.946159084026048,9.999999999999984,6.594878778701397
36.6,0.14047052343410785,31.21567187424619,0.3702002268544598,0.33546444330510433,0.8807095422352369,0.13002337308275674,0.8851346656851112,0.7023526171705392,0.6663604083380277,1.4459987532865954e-14,0.10399397742458234,1.2329933591293316,0.06501168654137837,53.984363260134934,28.295253196828313,4.949671495130403,9.999999999999984,6.599561993507203
36.63333333333333,0.14041862348153689,31.20413855145264,0.37006344816419945,0.3353404985210234,0.880384144547855,0.12997533306175352,0.8848076330376569,0.7020931174076844,0.666114206695559,1.4009677371562298e-14,0.10395555454151725,1.2325378023669968,0.06498766653087676,53.96441753896669,28.312711505564927,4.953182608623259,9.999999999999984,6.604243478164345
36.666666666666664,0.14036674270278976,31.192609489508836,0.36992672000520893,0.33521659952687743,0.8800588670748012,0.12992731078856803,0.8844807212085473,0.7018337135139487,0.6658680960093761,1.3570590684382642e-14,0.103917145853332,1.2320824139047215,0.06496365539428402,53.9444791865093,28.3301633645358,4.95669242497675,9.999999999999984,6.608923233302332
36.7,0.14031488109088758,31.181084686863908,0.369790042359096,0.3350927463059999,0.8797337097723199,0.12987930625674043,0.8841539301538072,0.7015744054544378,0.6656220762463728,1.314257016158594e-14,0.10387875135485997,1.2316271936812477,0.06493965312837022,53.9245482000807,28.347608776088517,4.960200944663008,9.999999999999984,6.613601259550677
36.733333333333334,0.14026303863885145,31.169564141966994,0.36965341520746825,0.33496893884172413,0.879408672596656,0.1298313194598109,0.8838272598294611,0.7013151931942573,0.6653761473734429,1.2725458493431417e-14,0.10384037104093448,1.2311721416353183,0.06491565972990546,53.904624576998835,28.365047742570656,4.963708168154164,9.999999999999984,6.618277557538884
36.766666666666666,0.14021121533970257,31.158047853267238,0.36951683853193334,0.33484517711738365,0.8790837555040535,0.12978335039131964,0.8835007101915339,0.7010560766985128,0.6651303093574801,1.2319098370178028e-14,0.10380200490638893,1.2307172577056749,0.06489167519565982,53.88470831458165,28.382480266329797,4.967214095922349,9.999999999999984,6.622952127896465
36.8,0.140159411186462,31.146535819213778,0.369380312314099,0.33472146111631174,0.8787589584507572,0.12973539904480674,0.88317428119605,0.7007970559323099,0.6648845621653783,1.1923332482084812e-14,0.10376365294605663,1.23026254183106,0.06486769952240337,53.86479941014709,28.39990634971352,4.970718728439698,9.999999999999984,6.627624971252929
36.833333333333336,0.14010762617215086,31.135028038255747,0.3692438365355729,0.3345977908218419,0.8784342813930114,0.1296874654138124,0.882847972799034,0.7005381308607542,0.6646389057640313,1.1538003519410737e-14,0.10372531515477099,1.2298079939502158,0.0648437327069062,53.84489786101309,28.41732599506941,4.974222066178339,9.999999999999984,6.632296088237785
36.86666666666667,0.1400558602897903,31.12352450884229,0.36910741117796264,0.3344741662173075,0.8781097242870607,0.1296395494918768,0.8825217849565108,0.7002793014489516,0.6643933401203328,1.1162954172415006e-14,0.10368699152736534,1.2293536140018848,0.0648197747459384,53.82500366449759,28.434739204745046,4.977724109610406,9.999999999999984,6.636965479480541
36.9,0.14000411353240147,31.11202522942255,0.36897103622287597,0.33435058728604206,0.8777852870891495,0.12959165127254008,0.8821957176245048,0.7000205676620074,0.6641478652011767,1.0798027131356581e-14,0.10364868205867304,1.2288994019248092,0.06479582563627004,53.805116817918545,28.452145981088005,4.981224859208031,9.999999999999984,6.641633145610707
36.93333333333333,0.1399523858930055,31.100530198445668,0.3688347116519205,0.33422705401137887,0.8774609697555223,0.1295437707493424,0.8818697707590406,0.6997619294650274,0.6639024809734569,1.0443065086494505e-14,0.10361038674352745,1.2284453576577312,0.0647718853746712,53.785237318593886,28.469546326445876,4.984724315443344,9.999999999999984,6.646299087257791
36.96666666666667,0.13990067736462342,31.089039414360762,0.36869843744670383,0.3341035663766514,0.8771367722424235,0.1294959079158239,0.8815439443161428,0.6995033868231171,0.6636571874040669,1.0097910728087752e-14,0.10357210557676193,1.2279914811393928,0.06474795395791196,53.76536516384155,28.486940243166234,4.9882224787884795,9.999999999999984,6.650963305051305
37.0,0.13984898794027645,31.07755287561699,0.3685622135888338,0.333980124365193,0.8768126945060979,0.1294480627655248,0.8812182382518363,0.6992449397013822,0.6634119844599008,9.76240674639551e-15,0.10353383855320983,1.227537772308537,0.0647240313827624,53.7455003509795,28.50432773359666,4.991719349715567,9.999999999999984,6.655625799620755
37.03333333333333,0.13979731761298572,31.066070580663496,0.36842604005991786,0.3338567279603372,0.8764887365027895,0.12940023529198524,0.8808926525221454,0.6989865880649285,0.6631668721078522,9.436395831676748e-15,0.10349558566770453,1.2270842311039052,0.06470011764599262,53.725642877325654,28.52170880008474,4.99521492869674,9.999999999999984,6.660286571595652
37.06666666666666,0.1397456663757723,31.0545925279494,0.36828991684156387,0.3337333771454173,0.8761648981887432,0.12935242548874537,0.8805671870830951,0.6987283318788614,0.662921850314815,9.119720674190512e-15,0.10345734691507937,1.2266308574642404,0.06467621274437269,53.70579274019797,28.539083444978047,4.998709216204128,9.999999999999984,6.664945621605503
37.1,0.13969403422165733,31.04311871592385,0.36815384391537936,0.3336100719037668,0.8758411795202031,0.12930463334934536,0.8802418418907096,0.6984701711082866,0.6626769190476829,8.812223964195782e-15,0.1034191222901677,1.2261776513282843,0.06465231667467268,53.68594993691438,28.556451670624174,5.002202212709866,9.999999999999984,6.66960295027982
37.13333333333333,0.13964242114366196,31.031649143035995,0.3680178212629721,0.333486812218719,0.8755175804534141,0.12925685886732538,0.879916616901014,0.6982121057183097,0.6624320782733498,8.513748391951729e-15,0.1033809117878029,1.2257246126347796,0.06462842943366269,53.66611446479284,28.57381347937069,5.005693918686084,9.999999999999984,6.67425855824811
37.166666666666664,0.13959082713480728,31.020183807734956,0.3678818488659497,0.33336359807360744,0.8751941009446202,0.12920910203622557,0.8795915120700325,0.6979541356740364,0.6621873279587095,8.22413664771733e-15,0.10334271540281831,1.2252717413224683,0.06460455101811279,53.64628632115129,28.591168873565177,5.009184334604912,9.999999999999984,6.678912446139882
37.2,0.13953925218811444,31.00872270846988,0.3677459267059198,0.33324042945176546,0.8748707409500662,0.1291613628495861,0.87926652735379,0.6976962609405722,0.6619426680706557,7.943231421751575e-15,0.1033045331300473,1.2248190373300927,0.06458068142479305,53.62646550330765,28.608517855555224,5.012673460938486,9.999999999999984,6.683564614584647
37.233333333333334,0.1394876962966046,30.997265843689913,0.36761005476449016,0.33311730633652653,0.8745475004259967,0.12911364130094713,0.8789416627083109,0.6974384814830229,0.6616980985760823,7.670875404313623e-15,0.10326636496432322,1.2243665005963953,0.06455682065047356,53.60665200857988,28.625860427688405,5.016161298158934,9.999999999999984,6.688215064211912
37.266666666666666,0.13943615945329882,30.98581321184419,0.3674742330232683,0.332994228711224,0.8742243793286558,0.12906593738384886,0.87861691808962,0.6971807972664941,0.661453619441883,7.406911285662455e-15,0.10322821090047944,1.223914131060118,0.06453296869192443,53.586845834285924,28.643196592312304,5.0196478467383905,9.999999999999984,6.692863795651187
37.3,0.13938464165121828,30.97436481138184,0.36733846146386206,0.33287119655919134,0.8739013776142882,0.1290182510918314,0.8782922934537419,0.6969232082560913,0.6612092306349517,7.151181756057122e-15,0.10319007093334931,1.2234619286600035,0.0645091255459157,53.56704697774372,28.660526351774497,5.023133107148986,9.999999999999984,6.69751080953198
37.333333333333336,0.13933314288338405,30.962920640752014,0.36720274006787895,0.3327482098637619,0.8735784952391382,0.12897058241843493,0.8779677887567012,0.6966657144169203,0.6609649321221821,6.903529505756608e-15,0.10315194505776619,1.2230098933347935,0.06448529120921746,53.54725543627121,28.677849708422578,5.026617079862853,9.999999999999984,6.7021561064838036
37.36666666666667,0.1392816631428173,30.951480698403845,0.3670670688169268,0.33262526860826913,0.8732557321594506,0.12892293135719962,0.8776434039545227,0.6964083157140866,0.6607207238704682,6.6637972250200675e-15,0.10311383326856344,1.2225580250232309,0.06446146567859981,53.52747120718634,28.695166664604113,5.030099765352123,9.999999999999986,6.706799687136162
37.4,0.13923020242253917,30.940044982786485,0.36693144769261304,0.3325023727760465,0.8729330883314699,0.12887529790166566,0.8773191390032307,0.6961510121126958,0.6604766058467035,6.431827604106488e-15,0.10307573556057441,1.2221063236640577,0.06443764895083283,53.50769428780704,28.71247722266669,5.033581164088926,9.999999999999986,6.7114415521185675
37.43333333333333,0.13917876071557073,30.92861349234905,0.36679587667654556,0.3323795223504273,0.87261056371144,0.12882768204537318,0.87699499385885,0.6958938035778536,0.660232578017782,6.207463333274912e-15,0.10303765192863246,1.2216547891960159,0.06441384102268659,53.48792467545127,28.729781384957885,5.037061276545397,9.999999999999986,6.716081702060529
37.46666666666667,0.13912733801493313,30.917186225540693,0.3666603557503319,0.332256717314745,0.8722881582556059,0.12878008378186231,0.8766709684774053,0.6956366900746657,0.6599886403505975,5.990547102784342e-15,0.10299958236757095,1.2212034215578482,0.06439004189093116,53.46816236743695,28.74707915382529,5.040540103193667,9.999999999999986,6.720720137591555
37.5,0.1390759343136475,30.90576318081056,0.36652488489557983,0.33213395765233306,0.8719658719202119,0.12873250310467327,0.8763470628149211,0.6953796715682375,0.6597447928120437,5.780921602893912e-15,0.10296152687222325,1.2207522206882966,0.06436625155233663,53.44840736108204,28.76437053161647,5.044017644505867,9.999999999999986,6.725356859341154
37.50828000321718,0.13906316857435116,30.902926349855818,0.36649124168369485,0.3321034711735919,0.8718858344280951,0.12872068678589954,0.8762666231745748,0.6953158428717557,0.6596842350306508,5.729962765819094e-15,0.10295207606381349,1.220640168199333,0.06436034339294977,53.44350134741732,28.76866472085648,5.044881266865222,9.999999999999986,6.726508355820295
37.53333333333333,0.139024549604735,30.894344356607778,0.3663894640938969,0.3320112433465249,0.8716437046615025,0.12868494000734618,0.8760232768274223,0.695122748023675,0.6595010353690144,5.578429523862618e-15,0.1029234854374227,1.2203011865261035,0.06434247000367309,53.428659653704486,28.78165552067902,5.0474939009541275,9.999999999999986,6.7299918679388355
37.56666666666666,0.13897318388121668,30.882929751381486,0.36625409332689085,0.3318885743806538,0.8713216564357223,0.12863739448342126,0.8756996104709331,0.6948659194060834,0.6592573679884035,5.382913555949503e-15,0.10288545805800267,1.2198503190100112,0.06431869724171063,53.40891924262221,28.798934123360514,5.050968873010582,9.999999999999986,6.734625164014109
37.6,0.13892183713611375,30.871519363580834,0.3661187725761693,0.33176595073805326,0.8709997271991154,0.12858986652643858,0.8753760637014784,0.6946091856805687,0.6590137906371047,5.194216389413574e-15,0.1028474447287965,1.2193996180787616,0.06429493326321929,53.38918612515317,28.81620634200854,5.054442561147364,9.999999999999986,6.7392567481964845
37.63333333333333,0.13887050936244727,30.860113191654946,0.36598350182333994,0.33164337240205677,0.8706779169079268,0.12854235612993842,0.8750526364750827,0.6943525468122363,0.6587703032820119,5.012180714513954e-15,0.10280944544463759,1.2189490836710974,0.06427117806496921,53.369460298615294,28.83347217897067,5.057914965836602,9.999999999999986,6.743886621115469
37.666666666666664,0.1388192005532384,30.848711234052985,0.36584828105001044,0.3315208393559976,0.8703562255184008,0.12849486328746085,0.8747293287477709,0.694096002766192,0.6585269058900188,4.836649221509642e-15,0.10277146020035925,1.218498715725761,0.06424743164373042,53.349741760326545,28.850731636594485,5.06138608755043,9.999999999999986,6.748514783400572
37.7,0.13876791070150823,30.837313489224055,0.3657131102377885,0.33139835158320924,0.8700346529867815,0.12844738799254604,0.8744061404755672,0.6938395535075411,0.6582835984280193,4.667464600659653e-15,0.10273348899079486,1.218048514181494,0.06422369399627302,53.330030507604846,28.867984717227575,5.06485592676098,9.999999999999986,6.753141235681305
37.733333333333334,0.13871663980027793,30.82591995561732,0.3655779893682817,0.3312759090670251,0.8697131992693139,0.12839993023873422,0.8740830716144966,0.6935831990013896,0.6580403808629071,4.504469542223098e-15,0.10269553181077778,1.2175984789770393,0.06419996511936711,53.31032653776815,28.885231423217512,5.068324483940382,9.999999999999986,6.757765978587174
37.766666666666666,0.13866538784256863,30.81453063168192,0.3654429184230978,0.3311535117907786,0.8693918643222422,0.12835249001956547,0.8737601221205834,0.693326939212843,0.657797253161576,4.347506736458984e-15,0.10265758865514138,1.217148610051139,0.06417624500978274,53.29062984813439,28.90247175691188,5.071791759560768,9.999999999999986,6.76238901274769
37.8,0.1386141548214014,30.803145515866984,0.3653078973838444,0.33103115973780317,0.8690706481018109,0.12830506732858002,0.8734372919498528,0.693070774107007,0.65755421529092,4.196418873626359e-15,0.10261965951871899,1.2166989073425352,0.06415253366429001,53.27094043602152,28.91970572065826,5.075257754094271,9.999999999999986,6.76701033879236
37.833333333333336,0.1385629407297974,30.79176460662165,0.36517292623212916,0.3309088528914322,0.8687495505642645,0.128257662159318,0.8731145810583286,0.692814703648987,0.6573112672178325,4.0510486439842285e-15,0.10258174439634397,1.2162493707899702,0.064128831079659,53.251258298747466,28.93693331680424,5.078722468013024,9.999999999999986,6.771629957350697
37.86666666666667,0.13851174556077778,30.780387902395063,0.3650380049495598,0.33078659123499904,0.8684285716658475,0.12821027450531955,0.8727919894020362,0.6925587278038888,0.6570684089092076,3.911238737791709e-15,0.1025438432828497,1.2158000003321865,0.06410513725265977,53.231583433630185,28.954154547697385,5.082185901789155,9.999999999999986,6.776247869052206
37.9,0.1384605693073636,30.76901540163636,0.3649031335177439,0.33066437475183724,0.8681077113628044,0.12816290436012487,0.8724695169369998,0.6923028465368181,0.656825640331939,3.7768318453078e-15,0.10250595617306954,1.2153507959079262,0.06408145218006243,53.21191583798762,28.971369415685288,5.085648055894799,9.999999999999986,6.780864074526398
37.93333333333333,0.13840941196257608,30.75764710279469,0.3647683119182893,0.33054220342528007,0.8677869696113797,0.12811555171727412,0.872147163619244,0.6920470598128804,0.6565829614529207,3.647670656791555e-15,0.10246808306183683,1.2149017574559315,0.06405777585863706,53.192255509137695,28.98857792311553,5.089108930802087,9.999999999999986,6.785478574402782
37.96666666666667,0.13835827351943628,30.746283004319178,0.3646335401328034,0.330420077238661,0.8674663463678177,0.12806821657030742,0.8718249294047937,0.6917913675971813,0.6563403722390462,3.5235978625019886e-15,0.10243022394398492,1.2144528849149447,0.06403410828515371,53.17260244439837,29.00578007233569,5.092568526983151,9.999999999999986,6.7900913693108675
38.0,0.1383071539709653,30.734923104658957,0.36449881814289414,0.3302979961753135,0.8671458415883629,0.128020898912765,0.8715028142496735,0.6915357698548265,0.6560978726572094,3.4044561526981954e-15,0.10239237881434719,1.214004178223708,0.0640104494563825,53.152956641087584,29.022975865693343,5.0960268449101225,9.999999999999986,6.794702459880162
38.03333333333333,0.13825605331018434,30.72356740226319,0.36436414593016897,0.33017596021857093,0.8668254552292601,0.12797359873818698,0.8711808181099077,0.6912802665509217,0.6558554626743042,3.290088217639199e-15,0.10235454766775699,1.2135556373209642,0.06398679936909349,53.13331809652327,29.040165305536075,5.099483885055133,9.999999999999986,6.799311846740177
38.06666666666666,0.13820497153011446,30.712215895580993,0.3642295234762357,0.33005396935176673,0.8665051872467536,0.12792631604011354,0.8708589409415213,0.6910248576505723,0.6556131422572243,3.1803367475840327e-15,0.10231673049904769,1.213107262145455,0.06396315802005677,53.11368680802338,29.057348394211466,5.102939647890315,9.999999999999986,6.803919530520419
38.1,0.13815390862377683,30.70086858306152,0.36409495076270193,0.32993202355823426,0.8661850375970876,0.1278790508120848,0.8705371827005386,0.6907695431188842,0.6553709113728635,3.075044432791727e-15,0.10227892730305262,1.2126590526359227,0.0639395254060424,53.09406277290585,29.074525134067105,5.1063941338878,9.999999999999986,6.8085255118504
38.13333333333333,0.13810286458419258,30.68952546315391,0.3639604277711754,0.329810122821307,0.865865006236507,0.127831803047641,0.8702155433429845,0.6905143229209628,0.6551287699881156,2.9740539635213658e-15,0.10224113807460516,1.2122110087311098,0.0639159015238205,53.07444598848863,29.09169552745056,5.1098473435197205,9.999999999999986,6.813129791359626
38.166666666666664,0.1380518394043828,30.678186534307287,0.3638259544832636,0.3296882671243183,0.865545093121256,0.1277845727403222,0.8698940228248836,0.690259197021914,0.6548867180698745,2.8772080300319714e-15,0.10220336280853867,1.2117631303697585,0.0638922863701611,53.05483645208965,29.108859576709417,5.113299277258206,9.999999999999986,6.817732369677608
38.2,0.13800083307736863,30.666851794970807,0.3636915308805743,0.3295664564506016,0.8652252982075792,0.12773735988366866,0.8695726211022603,0.6900041653868432,0.6546447555850338,2.7843493225825678e-15,0.1021656014996865,1.211315417490611,0.06386867994183433,53.03523416102686,29.126017284191263,5.116749935575392,9.999999999999986,6.822333247433855
38.233333333333334,0.1379498455961712,30.655521243593604,0.3635571569447153,0.3294446907834903,0.8649056214517212,0.1276901644712205,0.8692513381311394,0.689749227980856,0.6544028825004875,2.695320531432239e-15,0.102127854142882,1.2108678700324096,0.06384508223561025,53.015639112618196,29.14316865224367,5.120199318943407,9.999999999999986,6.826932425257875
38.266666666666666,0.13789887695381164,30.644194878624813,0.3634228326572941,0.3293229701063179,0.8645860628099261,0.12764298649651787,0.8689301738675457,0.6894943847690582,0.6541610987831293,2.6099643468400058e-15,0.10209012073295855,1.2104204879338964,0.06382149324825893,52.99605130418161,29.16031368321422,5.123647427834385,9.999999999999986,6.831529903779178
38.3,0.1378479271433111,30.632872698513577,0.3632885579999184,0.3292012944024177,0.8642666222384386,0.12759582595310096,0.8686091282675036,0.6892396357165554,0.6539194043998531,2.5281234590649158e-15,0.10205240126474949,1.209973271133814,0.06379791297655048,52.97647073303504,29.1774523794505,5.127094262720456,9.999999999999986,6.836125683627273
38.333333333333336,0.13779699615769064,30.621554701709034,0.3631543329541958,0.32907966365512314,0.8639472996935034,0.1275486828345099,0.8682882012870375,0.6889849807884532,0.6536777993175524,2.4496405583659914e-15,0.10201469573308818,1.2095262195709047,0.06377434141725495,52.95689739649642,29.194584743300087,5.130539824073754,9.999999999999986,6.84071976543167
38.36666666666667,0.13774608398997143,30.610240886660318,0.3630201575017341,0.3289580778477677,0.8636280951313645,0.1275015571342849,0.8679673928821726,0.6887304199498571,0.6534362835031214,2.374358335002318e-15,0.10197700413280798,1.2090793331839103,0.06375077856714245,52.93733129188371,29.21171077711056,5.133984112366408,9.999999999999986,6.8453121498218765
38.4,0.1376951906331746,30.59893125181658,0.36288603162414096,0.3288365369636847,0.8633090085082669,0.12745444884596607,0.8676467030089332,0.688475953165873,0.6531948569234537,2.3021194792329137e-15,0.10193932645874226,1.2086326119115736,0.06372722442298304,52.917772416514836,29.228830483229505,5.137427128070552,9.999999999999986,6.849902837427402
38.43333333333333,0.13764431608032124,30.587625795626945,0.3627519553030239,0.32871504098620763,0.8629900397804546,0.12740735796309363,0.8673261316233439,0.6882215804016062,0.652953519545443,2.2327666813168258e-15,0.10190166270572437,1.2081860556926365,0.06370367898154682,52.89822076770775,29.2459438640045,5.140868871658317,9.999999999999986,6.854491828877755
38.46666666666667,0.1375934603244325,30.576324516540556,0.36261792851999064,0.3285935898986698,0.8626711889041725,0.12736028447920766,0.8670056786814294,0.6879673016221626,0.6527122713359832,2.166142631513083e-15,0.10186401286858765,1.2077396644658414,0.06368014223960383,52.87867634278038,29.263050921783126,5.144309343601837,9.999999999999986,6.859079124802448
38.5,0.13754262335852954,30.565027413006565,0.362483951256649,0.32847218368440484,0.8623524558356647,0.12731322838784842,0.8666853441392143,0.6877131167926477,0.6524711122619682,2.10209002008076e-15,0.1018263769421655,1.2072934381699305,0.06365661419392421,52.85913913905068,29.280151658912963,5.14774854437324,9.999999999999986,6.8636647258309855
38.53333333333333,0.13749180517563342,30.55373448347409,0.3623500234946065,0.3283508223267459,0.8620338405311759,0.12726618968255599,0.8663651279527232,0.6874590258781671,0.6522300422902917,2.0404515372788834e-15,0.10178875492129123,1.2068473767436463,0.06363309484127799,52.83960915383659,29.297246077741594,5.15118647444466,9.999999999999986,6.868248632592879
38.56666666666666,0.13744100576876533,30.5424457263923,0.36221614521547085,0.3282295058090266,0.8617153429469506,0.12721916835687058,0.8660450300779808,0.6872050288438266,0.6519890613878475,1.9810698733664983e-15,0.10175114680079825,1.2064014801257308,0.06360958417843529,52.820086384456054,29.314334180616598,5.1546231342882285,9.999999999999986,6.872830845717637
38.6,0.13739022513094631,30.531161140210294,0.36208231640084965,0.3281082341145802,0.861396963039233,0.12717216440433235,0.8657250504710118,0.6869511256547316,0.6517481695215294,1.9237877186026316e-15,0.10171355257551985,1.2059557482549261,0.06358608220216617,52.80057082822701,29.33141596988556,5.158058524376078,9.999999999999986,6.87741136583477
38.63333333333333,0.1373394632551976,30.519880723377245,0.36194853703235064,0.3279870072267402,0.861078700764268,0.12712517781848143,0.8654051890878407,0.686697316275988,0.6515073666582312,1.868447763246364e-15,0.10167597224028946,1.205510181069975,0.06356258890924071,52.781062482467405,29.348491447896052,5.161492645180339,9.999999999999986,6.881990193573785
38.666666666666664,0.13728872013454024,30.508604474342278,0.3618148070915815,0.32786582512884,0.8607605560782997,0.12707820859285804,0.865085445884492,0.6864436006727012,0.6512666527648466,1.8148926975567085e-15,0.10163840578994039,1.2050647785096196,0.06353910429642902,52.76156134449517,29.365560616995666,5.164925497173145,9.999999999999986,6.886567329564192
38.682667112049934,0.13726436941862533,30.503193204138963,0.36175063248515593,0.32780767200775257,0.8606078841344483,0.1270556689016628,0.8649320068407439,0.6863218470931266,0.6511511384732807,1.7897733735057808e-15,0.1016203783224033,1.2048510377882276,0.0635278344508314,52.75220309721697,29.373751805914747,5.166572861437932,9.999999999999986,6.8887638152505755
38.7,0.13723799576199536,30.497332391554522,0.3616811265601498,0.32774468780421295,0.8604425289375728,0.12703125672100227,0.8647658208169907,0.6861899788099768,0.6510260278082696,1.7629652117927113e-15,0.10160085321930601,1.204619540512602,0.06351562836050113,52.74206741162826,29.38262347953198,5.168357080826627,9.999999999999986,6.891142774435501
38.733333333333334,0.13718729013058414,30.486064473463145,0.3615474954196632,0.3276235952361926,0.8601246192983317,0.12698432219645434,0.8644463138413611,0.6859364506529206,0.6507854917553938,1.7125079962134356e-15,0.1015633145232197,1.2041744670176644,0.06349216109822717,52.72258068118461,29.399680037852566,5.171787396612915,9.999999999999986,6.8957165288172195
38.766666666666666,0.13713660323332766,30.47480071851726,0.36141391365172953,0.32750254740811224,0.8598068271168211,0.12693740501275438,0.864126924913628,0.6856830161666383,0.6505450445731131,1.6633637410779165e-15,0.1015257896965148,1.2037295579635494,0.06346870250637719,52.70310115048217,29.416730294305015,5.175216445004144,9.999999999999986,6.900288593338857
38.8,0.13708593506324704,30.463541125166007,0.3612803812379563,0.3273815443033053,0.8594891523492851,0.12689050516344255,0.8638076539898158,0.6854296753162352,0.6503046862283214,1.6153751366451906e-15,0.10148827873402465,1.203284813288999,0.06344525258172128,52.68362881683887,29.4337742512369,5.178644226472443,9.999999999999986,6.904858968629923
38.833333333333336,0.13703528561336345,30.452285691858545,0.3611468981599513,0.32726058590510526,0.8591715949519684,0.12684362264205906,0.8634885010259494,0.6851764280668172,0.6500644166879124,1.568384873174293e-15,0.10145078163058263,1.2028402329327557,0.06342181132102953,52.66416367757266,29.450811910995817,5.182070741489946,9.999999999999986,6.909427655319927
38.86666666666667,0.13698465487669798,30.441034417043998,0.3610134643993221,0.3271396721968455,0.8588541548811155,0.12679675744214403,0.8631694659780534,0.6849232743834899,0.6498242359187798,1.522235640924295e-15,0.1014132983810221,1.2023958168335616,0.06339837872107201,52.64470573000148,29.46784327592933,5.185495990528784,9.999999999999986,6.913994654038378
38.9,0.13693404284627178,30.429787299171508,0.3608800799376764,0.32701880316185944,0.8585368320929707,0.1267499095572376,0.8628505488021524,0.6846702142313589,0.6495841438878175,1.4767701301542189e-15,0.10137582898017643,1.2019515649301589,0.0633749547786188,52.625254971443276,29.484868348385024,5.188919974061088,9.999999999999986,6.918559965414783
38.93333333333333,0.13688344951510598,30.418544336690214,0.3607467447566219,0.3268979787834804,0.8582196265437786,0.12670307898088,0.8625317494542709,0.6844172475755298,0.6493441405619194,1.431831031123117e-15,0.10133837342287894,1.20150747716129,0.06335153949044,52.60581139921599,29.501887130710486,5.1923426925589915,9.999999999999986,6.923123590078654
38.96666666666667,0.13683287487622162,30.407305528049246,0.36061345883776613,0.326777199045042,0.8579025381897837,0.12665626570661134,0.8622130678904336,0.6841643743811081,0.649104225907979,1.3872610340900263e-15,0.10130093170396301,1.201063553465697,0.06332813285330567,52.586375010637546,29.518899625253294,5.195764146494626,9.999999999999986,6.9276855286595
39.0,0.13678231892263995,30.39607087169777,0.36048022216271686,0.32665646392987746,0.8575855669872303,0.12660946972797182,0.8618945040666651,0.6839115946131997,0.6488643998928904,1.3429028293139909e-15,0.101263503818262,1.2006197937821224,0.06330473486398591,52.56694580302591,29.535905834361028,5.199184336340121,9.999999999999986,6.932245781786827
39.03333333333333,0.1367317816590788,30.384840368684173,0.3603470347439078,0.3265357734492539,0.8572687129656986,0.12656269104932844,0.861576058012694,0.6836589082953939,0.6486246625390341,1.3009653600821346e-15,0.1012260897692687,1.200176198151978,0.06328134552466422,52.54752377819421,29.552905756446663,5.202603261776306,9.999999999999986,6.936804349035074
39.06666666666666,0.13668126307124315,30.373614015831812,0.3602138965436655,0.3264151275690327,0.856951976035563,0.12651592965744932,0.8612577296384445,0.6834063153562158,0.6483850137785979,1.260955278909616e-15,0.10118868954640013,1.199732766449788,0.06325796482872466,52.528108930648735,29.5698993963188,5.206020923770258,9.999999999999986,6.941361231693676
39.1,0.13663076314669928,30.36239181037762,0.36008080752922156,0.3262945262595202,0.8566353561188669,0.12646918554082545,0.8609395188655686,0.6831538157334964,0.6481454535525988,1.2219214907625996e-15,0.10115130314045126,1.1992894985664135,0.06323459277041273,52.50870125561103,29.586886758159974,5.209437323163145,9.999999999999986,6.945916430884191
39.13333333333333,0.13658028187865887,30.35117375081308,0.3599477676826858,0.3261739695045049,0.8563188531730501,0.1264224586931734,0.8606214256512917,0.6829014093932944,0.6479059818288345,1.1838506715782034e-15,0.10111393054639652,1.19884639444227,0.0632112293465867,52.48930075047228,29.603867844253656,5.212852460414203,9.999999999999986,6.950469947218935
39.166666666666664,0.1365298192603336,30.339959835629696,0.3598147769861683,0.32605345728777535,0.8560024671555517,0.12637574910820973,0.8603034499528392,0.682649096301668,0.647666598575103,1.1467294972935205e-15,0.10107657175921037,1.1984034540177724,0.06318787455410486,52.46990741262367,29.620842656883315,5.216266335982671,9.999999999999986,6.955021781310227
39.2,0.13647937528493523,30.32875006331894,0.35968183542177895,0.32593298959312017,0.8556861980238112,0.12632905677965098,0.8599855917274372,0.6823968764246761,0.6474273037592021,1.1105446438456445e-15,0.10103922677386724,1.1979606772333355,0.06316452838982549,52.45052123945639,29.637811198332432,5.219678950327791,9.999999999999986,6.959571933770386
39.233333333333334,0.13642894994567542,30.317544432372316,0.35954894297162765,0.3258125664043278,0.8553700457352678,0.12628238170121378,0.8596678509323106,0.682144749728377,0.6471880973489298,1.0752827871716923e-15,0.10100189558534163,1.1975180640293748,0.06314119085060689,52.43114222836162,29.654773470884468,5.223090303908797,9.999999999999986,6.964120405211728
39.266666666666666,0.1363785432357659,30.30634294128131,0.35941609961782434,0.32569218770518693,0.8550540102473612,0.12623572386661464,0.8593502275246852,0.6818927161788294,0.6469489793120838,1.0409306032087578e-15,0.10096457818860795,1.1970756143463055,0.06311786193330732,52.41177037673055,29.6717294768229,5.22650039718493,9.999999999999986,6.968667196246571
39.3,0.13632815514841834,30.295145588537412,0.35928330534247893,0.32557185347948603,0.8547380915175304,0.12618908326957018,0.8590327214617867,0.6816407757420917,0.6467099496164621,1.007474767893942e-15,0.10092727457864066,1.1966333281245425,0.06309454163478509,52.39240568195437,29.6886792184312,5.229909230615428,9.999999999999986,6.973212307487236
39.333333333333336,0.13627778567684454,30.283952372632125,0.3591505601277014,0.3254515637110136,0.8544222895032152,0.12614245990379694,0.8587153327008402,0.6813889283842226,0.6464710082298626,9.7490195716434e-16,0.1008899847504142,1.1961912053045012,0.06307122995189847,52.37304814142425,29.70562269799284,5.23331680465953,9.999999999999986,6.977755739546039
39.36666666666667,0.13622743481425612,30.272763292056915,0.35901786395560176,0.3253313183835583,0.8541066041618546,0.12609585376301152,0.8583980611990718,0.6811371740712805,0.6462321551200831,9.431988469570667e-16,0.10085270869890306,1.1957492458265964,0.06304792688150576,52.35369775253139,29.72255991779129,5.2367231197764745,9.999999999999986,6.982297493035298
39.4,0.1361771025538648,30.261578345303292,0.3588852168082898,0.3252111174809086,0.8537910354508882,0.12604926484093049,0.8580809069137065,0.6808855127693241,0.6459933902549216,9.123521132092167e-16,0.10081544641908166,1.1953074496312435,0.06302463242046524,52.33435451266696,29.739490880110022,5.240128176425499,9.999999999999986,6.986837568567331
39.43333333333333,0.13612678888888238,30.250397530862752,0.35875261866787544,0.3250909609868531,0.8534755833277552,0.12600269313127038,0.8577638698019702,0.6806339444444118,0.6457547136021758,8.823484318578912e-16,0.10077819790592446,1.1948658166588573,0.06300134656563519,52.31501841922216,29.756415587232507,5.243531975065844,9.999999999999986,6.9913759667544575
39.46666666666667,0.13607649381252043,30.239220847226765,0.35862006951646874,0.32497084888518035,0.8531602477498952,0.1259561386277478,0.8574469498210882,0.6803824690626021,0.6455161251296437,8.531744788401856e-16,0.10074096315440591,1.1944243468498532,0.0629780693138739,52.29568946958817,29.773334041442222,5.246934516156747,9.999999999999986,6.995912688208995
39.5,0.13602621731799078,30.22804829288684,0.3584875693361796,0.32485078115967897,0.8528450286747475,0.12590960132407933,0.8571301469282863,0.6801310865899538,0.6452776248051233,8.248169300932139e-16,0.10070374215950048,1.1939830401446465,0.06295480066203966,52.27636766115618,29.79024624502263,5.250335800157447,9.999999999999986,7.00044773354326
39.53333333333333,0.13597595939850507,30.216879866334462,0.35835511810911796,0.3247307577941374,0.8525299260597514,0.1258630812139815,0.8568134610807897,0.6798797969925253,0.6450392125964124,7.972624615540711e-16,0.10066653491618259,1.193541896483652,0.06293154060699074,52.257052991317366,29.80715220025721,5.253735827527181,9.999999999999986,7.004981103369573
39.56666666666666,0.13592572004727504,30.205715566061127,0.3582227158173937,0.3246107787723443,0.8522149398623464,0.1258165782911709,0.8564968922358243,0.6796286002363752,0.6448008884713087,7.704977491598587e-16,0.10062934141942673,1.193100915807285,0.06290828914558545,52.23774545746292,29.824051909429432,5.257134598725188,9.999999999999986,7.00951279830025
39.6,0.13587549925751236,30.194555390558303,0.3580903624431168,0.3244908440780881,0.8519000700399718,0.12577009254936414,0.8561804403506151,0.6793774962875617,0.6445626523976102,7.445094688476726e-16,0.1005921616642073,1.1926600980559605,0.06288504627468207,52.21844505698402,29.84094537482277,5.26053211421071,9.999999999999986,7.014042818947611
39.63333333333333,0.1358252970224288,30.18339933831751,0.3579580579683972,0.32437095369515745,0.851585316550067,0.12572362398227774,0.8558641053823882,0.6791264851121439,0.644324504343115,7.192842965546252e-16,0.1005549956454988,1.1922194431700937,0.06286181199113887,52.19915178727186,29.857832598720687,5.263928374442981,9.999999999999986,7.018571165923973
39.666666666666664,0.135775113335236,30.172247407830227,0.3578258023753447,0.3242511076073409,0.8512706793500713,0.12567717258362826,0.855547887288369,0.67887556667618,0.6440864442756206,6.948089082178126e-16,0.10051784335827567,1.1917789510900998,0.06283858629181413,52.179865645717626,29.874713583406663,5.267323379881241,9.999999999999986,7.023097839841653
39.7,0.1357249481891457,30.16109959758794,0.35769359564606945,0.3241313057984269,0.8509561583974243,0.12563073834713234,0.8552317860257828,0.6786247409457286,0.6438484721629251,6.71069979774331e-16,0.10048070479751234,1.191338621756394,0.06281536917356617,52.16058662971249,29.891588331164172,5.27071713098473,9.999999999999986,7.027622841312972
39.733333333333334,0.13567480157736966,30.14995590608215,0.3575614377626813,0.3240115482522042,0.8506417536495651,0.12558432126650648,0.8549158015518553,0.6783740078868483,0.6436105879728263,6.48054187161292e-16,0.1004435799581833,1.190898455109391,0.06279216063325324,52.14131473664766,29.908456844276678,5.274109628212685,9.999999999999986,7.032146170950245
39.766666666666666,0.13562467349311955,30.138816331804346,0.35742932870729016,0.3238918349524612,0.8503274650639334,0.12553792133546732,0.8545999338238119,0.6781233674655976,0.6433727916731223,6.257482063157921e-16,0.10040646883526297,1.1904584510895067,0.06276896066773366,52.12204996391429,29.925319125027656,5.277500872024345,9.999999999999986,7.036667829365792
39.8,0.13557456392960704,30.12768087324601,0.35729726846200593,0.32377216588298646,0.8500132925979682,0.12549153854773137,0.8542841827988785,0.6778728196480351,0.6431350832316107,6.041387131749321e-16,0.1003693714237258,1.1900186096371554,0.06274576927386569,52.1027923089036,29.942175175700577,5.280890862878948,9.999999999999986,7.04118781717193
39.833333333333336,0.13552447288004385,30.116549528898638,0.35716525700893864,0.32365254102756863,0.8496992362091091,0.12544517289701526,0.8539685484342802,0.6776223644002193,0.6428974626160896,5.832123836758098e-16,0.10033228771854627,1.1895789306927527,0.06272258644850763,52.08354176900675,29.95902499857892,5.284279601235735,9.999999999999986,7.045706134980978
39.86666666666667,0.13547440033764174,30.10542229725372,0.35703329433019815,0.3235329603699962,0.8493852958547954,0.1253988243770355,0.8536530306872427,0.6773720016882087,0.6426599297943567,5.629558937555353e-16,0.10029521771469882,1.1891394141967135,0.06269941218851775,52.064298341614936,29.975868595946142,5.287667087553941,9.999999999999986,7.050222783405253
39.893824370867556,0.1354336183556638,30.09635963459196,0.35692581627280423,0.32343556694861036,0.8491296046264784,0.12536107545485498,0.8533960547388265,0.677168091778319,0.6424664692910477,5.469382441908241e-16,0.10026502575406922,1.1887814464770696,0.06268053772742749,52.04862537852103,29.989586998314397,5.290426052834158,9.999999999999986,7.053901403778875
39.9,0.1354243462956124,30.094299176802757,0.3569013804078945,0.3234134238940577,0.8490714714924669,0.1253524929815087,0.8533376295149917,0.677121731478062,0.64242248473421,5.433559193512053e-16,0.10025816140715789,1.1887000600894535,0.06267624649075434,52.045062024119346,29.992705970085726,5.291053322292807,9.999999999999986,7.054737763057075
39.93333333333333,0.13537431074716752,30.083180166037227,0.35676951522413747,0.32329393158354175,0.8487577630795623,0.12530617870415142,0.8530223448747525,0.6768715537358375,0.6421851274034475,5.243991363999213e-16,0.10022111879089794,1.188260868311387,0.06265308935207571,52.02583281391116,30.009537123281145,5.294438305911571,9.999999999999986,7.05925107454876
39.96666666666667,0.1353242936855188,30.072065263448625,0.35663769876103707,0.3231744834222368,0.8484441705735213,0.12525988153868023,0.8527071767237507,0.676621468427594,0.6419478577698667,5.060722208387811e-16,0.10018408986089342,1.1878218388029298,0.06262994076934011,52.00661070838156,30.026362057815867,5.297822038869472,9.999999999999986,7.063762718492628
40.0,0.13527429510387798,30.060954467528443,0.3565059310007032,0.3230550793939316,0.8481306939317833,0.12521360147881172,0.8523921250192119,0.6763714755193899,0.6417106758012658,4.883618486048935e-16,0.10014707461211879,1.1873829715044966,0.06260680073940586,51.98739570492174,30.04318077597336,5.301204521625747,9.999999999999986,7.068272695500995
40.03333333333333,0.13522431499545676,30.04984777676817,0.35637421192524593,0.32293571948241445,0.8478173331117878,0.12516733851826242,0.8520771897183617,0.6761215749772838,0.6414735814654426,4.712546956353565e-16,0.10011007303954848,1.1869442663565029,0.06258366925913121,51.96818780092288,30.0599932800371,5.3045857546396356,9.999999999999986,7.0727810061861796
40.06666666666666,0.13517435335346684,30.038745189659295,0.356242541516775,0.32281640367147413,0.8475040880709739,0.12512109265074897,0.8517623707784253,0.6758717667673342,0.641236574730195,4.547374378672712e-16,0.10007308513815698,1.1865057232993634,0.06256054632537449,51.94898699377616,30.07679957229056,5.307965738370377,9.999999999999986,7.077287651160501
40.1,0.13512441017111995,30.027646704693325,0.35611091975740045,0.322697131944899,0.8471909587667812,0.12507486386998787,0.8514476681566284,0.6756220508555997,0.6409996555633208,4.387967512377355e-16,0.1000361109029187,1.1860673422734935,0.06253743193499393,51.92979328087277,30.093599655017215,5.3113444732772095,9.999999999999986,7.0817926310362775
40.13333333333333,0.13507448544162776,30.016552320361722,0.35597934662923225,0.3225779042864778,0.8468779451566488,0.12502865216969572,0.8511330818101968,0.6753724272081387,0.6407628239326181,4.234193116838583e-16,0.09999915032880813,1.1856291232193084,0.06251432608484786,51.9106066596039,30.110393530500524,5.31472195981937,9.999999999999986,7.0862959464258255
40.166666666666664,0.135024579158202,30.005462035156004,0.35584782211438026,0.322458720679999,0.8465650471980166,0.1249824575435891,0.8508186116963556,0.67512289579101,0.6405260798058845,4.0859179514273696e-16,0.09996220341079969,1.1851910660772231,0.06249122877179455,51.891427127360735,30.12718120102397,5.3180981984560995,9.999999999999986,7.090797597941464
40.2,0.1349746913140544,29.994375847567643,0.3557163461949544,0.3223395811092511,0.8462522648483234,0.12493627998538458,0.8505042577723309,0.674873456570272,0.640289423150918,3.9430087755147e-16,0.09992527014386784,1.1847531707876526,0.06246813999269229,51.87225468153446,30.143962668871023,5.321473189646635,9.999999999999986,7.095297586195512
40.233333333333334,0.13492482190239663,29.983293756088145,0.35558491885306476,0.32222048555802274,0.845939598065009,0.12489011948879872,0.8501900199953476,0.6746241095119831,0.6400528539355166,3.805332348471652e-16,0.09988835052298706,1.1843154372910125,0.06244505974439936,51.85308931951625,30.16073793632515,5.324846933850216,9.999999999999986,7.099795911800285
40.266666666666666,0.13487497091644046,29.972215759208993,0.3554535400708211,0.32210143401010244,0.8456270468055126,0.1248439760475481,0.8498758983226317,0.6743748545822023,0.639816372127478,3.672755429669208e-16,0.09985144454313176,1.1838778655277176,0.06242198802377405,51.83393103869731,30.17750700566983,5.328219431526079,9.999999999999986,7.104292575368104
40.3,0.13482513834939752,29.961141855421673,0.3553222098303334,0.3219824264492788,0.8453146110272735,0.12479784965534929,0.8495618927114085,0.6741256917469876,0.6395799776946002,3.5451447784783786e-16,0.09981455219927643,1.1834404554381828,0.062398924827674646,51.8147798364688,30.19426987918853,5.331590683133465,9.999999999999986,7.108787577511285
40.333333333333336,0.13477532419447957,29.950072043217684,0.35519092811371167,0.32186346285934025,0.8450022906877311,0.12475174030591886,0.8492480031189035,0.6738766209723979,0.639343670604681,3.4223671542701555e-16,0.09977767348639548,1.1830032069628236,0.06237587015295943,51.79563571022192,30.211026559164722,5.334960689131612,9.999999999999986,7.113280918842148
40.36666666666667,0.13472552844489832,29.939006321088517,0.3550596949030657,0.3217445432240755,0.8446900857443251,0.12470564799297339,0.8489342295023424,0.6736276422244916,0.6391074508255183,3.304289316415607e-16,0.0997408083994634,1.1825661200420552,0.06235282399648669,51.776498657347865,30.22777704788188,5.338329449979758,9.999999999999986,7.117772599973009
40.4,0.13467575109386545,29.927944687525656,0.3549285101805056,0.321625667527273,0.8443779961544946,0.12465957271022944,0.8486205718189507,0.6733787554693272,0.6388713183249101,3.1907780242857185e-16,0.09970395693345463,1.1821291946162924,0.06232978635511472,51.75736867523781,30.244521347623472,5.341696966137142,9.999999999999986,7.122262621516187
40.43333333333333,0.1346259921345927,29.916887141020602,0.3547973739281412,0.3215068357527213,0.8440660218756789,0.12461351445140359,0.848307030025954,0.6731299606729635,0.6386352730706542,3.0817000372515032e-16,0.09966711908334361,1.1816924306259504,0.062306757225701795,51.73824576128293,30.261259460672974,5.345063238063001,9.999999999999986,7.126750984084
40.46666666666667,0.13457625156029174,29.905833680064834,0.35466628612808243,0.321388047884209,0.8437541628653176,0.12456747321021239,0.8479936040805774,0.6728812578014587,0.6383993150305484,2.9769221146839566e-16,0.0996302948441048,1.1812558280114445,0.062283736605106194,51.71912991287442,30.277991389313858,5.348428266216577,9.999999999999986,7.131237688288768
40.5,0.13452652936417434,29.89478430314985,0.35453524676243925,0.32126930390552466,0.8434424190808498,0.12452144898037244,0.8476802939400471,0.6726326468208716,0.6381634441723907,2.876311015954135e-16,0.09959348421071265,1.1808193867131898,0.06226072449018622,51.700021127403474,30.29471713582959,5.351792051057105,9.999999999999986,7.135722734742806
40.53333333333333,0.13447682553945214,29.883739008767144,0.3544042558133216,0.32115060380045685,0.8431307904797153,0.12447544175560031,0.8473670995615882,0.6723841276972607,0.6379276604639789,2.779733500433028e-16,0.09955668717814162,1.1803831066716013,0.062237720877800155,51.68091940226127,30.311436702503645,5.355154593043825,9.999999999999986,7.140206124058432
40.56666666666666,0.1344271400793369,29.8726977954082,0.3542733132628394,0.3210319475527941,0.8428192770193532,0.12442945152961256,0.8470540209024264,0.6721357003966845,0.6376919638731109,2.6870563274916584e-16,0.09951990374136617,1.1799469878270945,0.06221472576480628,51.66182473483899,30.3281500916195,5.358515892635976,9.999999999999986,7.144687856847967
40.6,0.1343774729770403,29.861660661564514,0.35414241909310257,0.3209133351463249,0.8425078786572029,0.12438347829612575,0.846741057919787,0.6718873648852015,0.6374563543675846,2.598146256501014e-16,0.09948313389536072,1.179511030120084,0.06219173914806288,51.64273712252781,30.34485730546062,5.361875950292797,9.999999999999986,7.149167933723728
40.63333333333333,0.13432782422577408,29.85062760572757,0.35401157328622107,0.32079476656483785,0.8421965953507037,0.12433752204885648,0.8464282105708958,0.6716391211288704,0.637220831915198,2.512870046832147e-16,0.09944637763509974,1.179075233490985,0.06216876102442824,51.623656562718935,30.361558346310478,5.365234766473525,9.999999999999986,7.153646355298032
40.666666666666664,0.13427819381874992,29.83959862638887,0.3538807758243048,0.3206762417921216,0.8418854270572951,0.12429158278152132,0.8461154788129783,0.6713909690937495,0.6369853964837487,2.431094457856055e-16,0.0994096349555577,1.178639597880213,0.06214579139076066,51.60458305280355,30.378253216452546,5.368592341637399,9.999999999999986,7.158123122183198
40.7,0.1342285817491795,29.828573722039888,0.3537500266894638,0.3205577608119645,0.8415743737344165,0.12424566048783679,0.8458028626032598,0.6711429087458975,0.6367500480410349,2.352686248943737e-16,0.099372905851709,1.178204123228183,0.062122830243918396,51.585516590172816,30.3949419181703,5.371948676243659,9.999999999999986,7.162598234991544
40.733333333333334,0.1341789880102746,29.817552891172138,0.3536193258638079,0.32043932360815536,0.8412634353395072,0.12419975516151953,0.8454903618989661,0.6708949400513731,0.6365147865548543,2.2775121794662384e-16,0.09933619031852817,1.17776880947531,0.062099877580759764,51.566457172217945,30.411624453747205,5.375303770751541,9.999999999999986,7.167071694335387
40.766666666666666,0.13412941259524694,29.8065361322771,0.35348867332944717,0.32032093016448254,0.8409526118300068,0.12415386679628608,0.8451779766573227,0.6706470629762347,0.6362796119930049,2.2054390087945598e-16,0.09929948835098959,1.1773336565620094,0.06207693339814304,51.54740479633011,30.42830082546674,5.378657625620286,9.999999999999986,7.171543500827046
40.8,0.13407985549730814,29.795523443846253,0.3533580690684913,0.3202025804647347,0.8406419031633544,0.12410799538585301,0.8448657068355551,0.6703992774865407,0.6360445243232844,2.1363334962997086e-16,0.09926279994406775,1.176898664428696,0.06205399769292651,51.52835945990051,30.44497103561237,5.382010241309131,9.999999999999986,7.176013655078839
40.833333333333336,0.13403031670966994,29.7845148243711,0.3532275130630504,0.32008427449270027,0.8403313092969894,0.12406214092393689,0.8445535523908887,0.6701515835483497,0.6358095235134907,2.070062401352692e-16,0.09922612509273708,1.176463833015785,0.06203107046196844,51.509321160320305,30.46163508646757,5.385361618277316,9.999999999999986,7.180482157703087
40.86666666666667,0.1339807962255441,29.773510272343135,0.35309700529523436,0.319966012232168,0.8400208301883512,0.1240163034042543,0.8442415132805492,0.6699039811277204,0.6355746095314219,2.006492483324549e-16,0.09918946379197206,1.1760291622636916,0.06200815170212715,51.4902898949807,30.47829298031581,5.388711756984078,9.999999999999986,7.184949009312102
40.9,0.13393129403814227,29.762509786253844,0.35296654574715314,0.31984779366692623,0.8397104657948794,0.12397048282052181,0.8439295894617621,0.6696564701907114,0.6353397823448756,1.9454905015862824e-16,0.09915281603674712,1.175594652112831,0.061985241410260905,51.471265661272874,30.494944719440564,5.392060657888655,9.999999999999986,7.189414210518206
40.93333333333333,0.1338818101406762,29.75151336459471,0.3528361344009167,0.3197296187807636,0.8394002160740132,0.12392467916645598,0.843617780891753,0.669409050703381,0.6351050419216501,1.8869232155089018e-16,0.09911618182203673,1.1751603025036184,0.06196233958322799,51.452248456588016,30.511590306125306,5.395408321450288,9.999999999999986,7.193877761933717
40.96666666666667,0.1338323445263576,29.740521005857243,0.3527057712386349,0.3196114875574687,0.8390900809831919,0.12387889243577341,0.843306087527747,0.6691617226317879,0.6348703882295428,1.8306573844634142e-16,0.0990795611428153,1.1747261133764686,0.061939446217886704,51.4332382783173,30.528229742653505,5.398754748128216,9.999999999999986,7.198339664170953
41.0,0.13378289718839811,29.72953270853292,0.3525754562424177,0.31949339998083015,0.8387800604798551,0.12383312262219064,0.8429945093269704,0.6689144859419905,0.6346358212363519,1.7765597678208525e-16,0.09904295399405734,1.174292084671797,0.06191656131109532,51.414235123851924,30.54486303130863,5.4020999383816735,9.999999999999986,7.20279991784223
41.03333333333333,0.1337334681200095,29.718548471113223,0.352445189394375,0.31937535603463635,0.8384701545214421,0.12378736971942426,0.8426830462466481,0.6686673406000475,0.6344013409098751,1.7244971249522239e-16,0.09900636037073726,1.1738582163300189,0.06189368485971213,51.395238990583074,30.561490174374157,5.405443892669902,9.999999999999986,7.207258523559869
41.06666666666666,0.1336840573144035,29.707568292089668,0.3523149706766168,0.3192573557026759,0.8381603630653921,0.12374163372119083,0.8423716982440059,0.6684202865720175,0.6341669472179103,1.6743362152285454e-16,0.09896978026782953,1.1734245082915489,0.061870816860595416,51.37624987590193,30.578111174133554,5.408786611452141,9.999999999999986,7.211715481936186
41.1,0.13363466476479177,29.69659216995373,0.3521848000712531,0.3191393989687374,0.8378506860691447,0.12369591462120692,0.8420604652762693,0.6681733238239588,0.6339326401282556,1.6259437980208086e-16,0.0989332136803086,1.1729909604968025,0.06184795731060346,51.35726777719967,30.594726032870298,5.412128095187627,9.999999999999986,7.2161707935835
41.13333333333333,0.13358529046438603,29.685620103196896,0.3520546775603937,0.3190214858166094,0.8375411234901392,0.12365021241318913,0.8417493473006638,0.6679264523219302,0.6336984196087087,1.579186632700066e-16,0.0988966606031489,1.1725575728861948,0.061825106206594566,51.33829269186749,30.611334752867858,5.415468344335598,9.999999999999986,7.220624459114129
41.14290305587176,0.13357111888442977,29.682470863206614,0.3520173293539057,0.3189876419818705,0.8374522717838102,0.1236370948097035,0.8416600491591024,0.6678555944221488,0.6336311928370302,1.566046396219366e-16,0.09888616901437985,1.1724331804973342,0.06181854740485175,51.33284639821366,30.616101844279434,5.416427074028685,9.999999999999986,7.221902765371579
41.166666666666664,0.13353593440639802,29.674652090310673,0.35192460312614854,0.3189036162300804,0.837231675285815,0.12360452709085401,0.841438344274415,0.6676796720319901,0.6334642856270674,1.533931478637305e-16,0.09886012103132492,1.1721243454001409,0.061802263545427005,51.31932461729657,30.627937336409705,5.418807359355294,9.999999999999986,7.225076479140391
41.2,0.13348659658403939,29.663688129786532,0.35179457675062764,0.318785790192939,0.8369223414136113,0.12355885864791812,0.8411274561547484,0.6674329829201969,0.6332302381511298,1.4900450952035446e-16,0.09882359495981109,1.1716912779790558,0.06177942932395906,51.3003635508781,30.644533785779313,5.422145140705955,9.999999999999986,7.229526854274605
41.233333333333334,0.1334372769905219,29.652728220115982,0.35166459841594083,0.3186680076889738,0.8366131218309678,0.12351320707809804,0.8408166828988894,0.6671863849526095,0.6329962771486936,1.447394241769804e-16,0.09878708238358187,1.1712583705633548,0.06175660353904902,51.28140949000327,30.66112410326015,5.4254816888468165,9.999999999999986,7.2339755851290874
41.266666666666666,0.13338797561905727,29.641772359790508,0.3515346681041982,0.3185502687019732,0.8363040164953237,0.12346757237511037,0.8405060244640638,0.6669398780952863,0.6327624025875568,1.4058456777070982e-16,0.0987505832976117,1.170825623093453,0.061733786187555185,51.26246243206325,30.677708291135687,5.428817004237119,9.999999999999986,7.238422672316156
41.3,0.13333869246285715,29.630820547301592,0.35140478579750956,0.31843257321572593,0.8359950253641185,0.12342195453267164,0.840195480807497,0.6666934623142857,0.6325286144355172,1.3652661623864384e-16,0.09871409769687504,1.1703930355097658,0.06171097726633582,51.24352237444924,30.694286351689403,5.432151087336099,9.999999999999986,7.242868116448132
41.333333333333336,0.13328942751513329,29.619872781140728,0.3512749514779849,0.31831492121402044,0.8356861483947914,0.12337635354449843,0.8398850518864143,0.6664471375756664,0.6322949126603727,1.325522455178828e-16,0.09867762557634634,1.1699606077527078,0.06168817677224921,51.22458931455241,30.71085828720477,5.435483938602999,9.999999999999986,7.2473119181373304
41.36666666666667,0.1332401807690974,29.60892905979943,0.3511451651277341,0.31819731268064533,0.8353773855447817,0.12333076940430734,0.8395747376580417,0.666200903845487,0.6320612972299213,1.2864813154553014e-16,0.09864116693100006,1.1695283397626943,0.06166538470215367,51.205663249763965,30.727424099965248,5.438815558497054,9.999999999999986,7.25175407799607
41.4,0.13319095221796118,29.597989381769153,0.35101542672886715,0.3180797475993892,0.8350687367715292,0.12328520210581491,0.8392645380796044,0.6659547610898059,0.6318277681119608,1.2480095025868643e-16,0.09860472175581064,1.1690962314801407,0.061642601052907454,51.18674417747508,30.74398379225432,5.442145947477504,9.999999999999986,7.25619459663667
41.43333333333333,0.13314174185493632,29.587053745541404,0.3508857362634939,0.31796222595404044,0.8347602020324728,0.12323965164273773,0.8389544531083281,0.6657087092746816,0.631594325274289,1.2099737759445275e-16,0.09856829004575254,1.1686642828454619,0.061619825821368865,51.16783209507693,30.76053736635545,5.445475106003586,9.999999999999986,7.2606334746714465
41.46666666666667,0.13309254967323456,29.57612214960768,0.3507560937137244,0.3178447477283877,0.8344517812850523,0.12319411800879236,0.8386444827014381,0.6654627483661728,0.6313609686847039,1.1722408948993044e-16,0.0985318717958002,1.1682324937990731,0.06159705900439618,51.148926999960715,30.77708482455212,5.448803034534541,9.999999999999986,7.2650707127127205
41.5,0.1330433756660676,29.565194592459466,0.35062649906166854,0.31772731290621964,0.8341434744867067,0.12314860119769538,0.8383346268161603,0.665216878330338,0.6311276983110033,1.1346776188222158e-16,0.09849546700092808,1.1678008642813893,0.06157430059884769,51.13002888951762,30.79362616912779,5.452129733529606,9.999999999999986,7.269506311372807
41.53333333333333,0.13299421983921222,29.554271075380495,0.3504969523225505,0.3176099215013319,0.833835281673655,0.12310310121479393,0.8380248854888951,0.6649710991960611,0.630894514180591,1.099395344571564e-16,0.09845907566541288,1.167369394343117,0.06155155060739696,51.11113776596771,30.81016139813926,5.455455202597975,9.999999999999986,7.273940270130631
41.56666666666666,0.13294508217630535,29.54335159473452,0.3503674534532468,0.3174925734746471,0.8335272027433055,0.1230576180449419,0.8377152586165355,0.6647254108815267,0.6306614162158443,1.0655680827210118e-16,0.0984226977771406,1.1669380838406276,0.06152880902247095,51.0922536230225,30.826690517090785,5.458779442846631,9.999999999999986,7.278372590462173
41.6,0.13289596266653708,29.532436148119352,0.3502380024252685,0.31737526880034966,0.833219237627883,0.12301215167813337,0.8374057461309657,0.6644798133326854,0.6304284043654833,1.0325669080450933e-16,0.0983863333281084,1.166506932679036,0.061506075839066685,51.073376456527605,30.843213529618655,5.462102455006885,9.999999999999986,7.2828032733425125
41.63333333333333,0.13284686130330448,29.521524734067665,0.3501085992212141,0.31725800746267074,0.8329113862859893,0.12296670210825647,0.8370963479905799,0.6642343065165224,0.6301954785981855,1.0003805351236673e-16,0.09834998231342792,1.166075940800385,0.061483351054128235,51.05450626394547,30.859730437943977,5.465424239525433,9.999999999999986,7.287232319367242
41.666666666666664,0.13279777808000467,29.510617351112153,0.34997924382368223,0.3171407894458417,0.8326036486762262,0.12292126932919939,0.8367870641537712,0.6639888904000234,0.629962638882628,9.689976785365709e-17,0.09831364472821091,1.1656451081467165,0.061460634664599695,51.035643042738506,30.876241244287865,5.468744796848972,9.999999999999986,7.291659729131961
41.7,0.13274871299003474,29.4997139977855,0.3498499362152712,0.3170236147340937,0.8322960247571949,0.12287585333485028,0.8364778945789334,0.6637435649501737,0.6297298851874882,9.384070528636423e-17,0.09827732056756903,1.1652144346600728,0.06143792666742514,51.01678679036915,30.89274595087144,5.472064127424201,9.999999999999986,7.296085503232266
41.733333333333334,0.13269966602679176,29.488814672620393,0.34972067637857956,0.31690648331165805,0.8319885144874974,0.1228304541190973,0.8361688392244604,0.6634983301339588,0.6294972174814433,9.08597372684739e-17,0.09824100982661399,1.1647839202824963,0.06141522705954865,50.99793750429984,30.909244559915805,5.475382231697815,9.999999999999986,7.300509642263752
41.766666666666666,0.13265063718367281,29.477919374149515,0.34959146429620586,0.316789395162766,0.8316811178257354,0.12278507167582862,0.8358598980487456,0.663253185918364,0.6292646357331706,8.795573525796987e-17,0.09820471250045747,1.1643535649560295,0.06139253583791431,50.979095181992996,30.925737073642082,5.478699110116513,9.999999999999986,7.304932146822017
41.8,0.132601626454075,29.46702810090556,0.34946229995074857,0.3166723502716489,0.8313738347305105,0.1227397059989324,0.8355510710101826,0.6630081322703749,0.6290321399113474,8.512757071283659e-17,0.09816842858421117,1.1639233686227146,0.0613698529994662,50.960259820911034,30.94222349427138,5.482014763126993,9.999999999999986,7.309353017502656
41.833333333333336,0.13255263383139537,29.456140851421196,0.34933318332480606,0.316555348622538,0.831066665160424,0.12269435708229678,0.8352423580671651,0.6627631691569769,0.628799729984651,8.237411509105794e-17,0.09813215807298677,1.1634933312245936,0.06134717854114839,50.9414314185164,30.958703824024816,5.485329191175952,9.999999999999986,7.313772254901267
41.86666666666667,0.1325036593090311,29.445257624229136,0.34920411440097704,0.31643839019966447,0.8307596090740782,0.12264902491980999,0.8349337591780868,0.6625182965451555,0.6285674059217586,7.969423985061953e-17,0.09809590096189598,1.1630634527037094,0.061324512459904994,50.922609972271516,30.975178065123497,5.4886423947100855,9.999999999999986,7.318189859613446
41.9,0.1324547028803792,29.434378417862046,0.34907509316185975,0.3163214749872596,0.8304526664300741,0.12260370950536012,0.8346252743013414,0.662273514401896,0.6283351676913476,7.708681644950521e-17,0.09805965724605048,1.1626337330021037,0.06130185475268006,50.90379547963881,30.991646219788542,5.491954374176093,9.999999999999986,7.322605832234789
41.93333333333333,0.13240576453883676,29.423503230852617,0.34894611959005284,0.31620460296955477,0.8301458371870138,0.12255841083283538,0.8343169033953224,0.6620288226941838,0.6281030152620951,7.455071634569943e-17,0.09802342692056197,1.1622041720618193,0.06127920541641769,50.88498793808071,31.00810829024106,5.4952651300206705,9.999999999999986,7.327020173360893
41.96666666666667,0.1323568442778009,29.412632061733532,0.34881719366815467,0.3160877741307811,0.8298391213034987,0.1225131288961239,0.8340086464184235,0.6617842213890045,0.6278709486026784,7.208481099718612e-17,0.09798720998054214,1.1617747698248981,0.06125656444806195,50.86618734505965,31.024564278702172,5.498574662690517,9.999999999999986,7.331432883587356
42.0,0.1323079420906687,29.401764909037492,0.3486883153787639,0.3159709884551699,0.8295325187381306,0.12246786368911386,0.8337005033290384,0.6615397104533435,0.627638967681775,6.968797186195077e-17,0.09795100642110267,1.1613455262333827,0.06123393184455693,50.847393698038054,31.04101418739298,5.5018829726323295,9.999999999999986,7.335843963509771
42.03333333333333,0.13225905797083723,29.390901771297163,0.34855948470447884,0.3158542459269525,0.8292260294495111,0.12242261520569343,0.8333924740855607,0.6612952898541862,0.6274070724680619,6.735907039797729e-17,0.09791481623735528,1.1609164412293154,0.061211307602846717,50.82860699447835,31.057458018534607,5.505190060292804,9.999999999999986,7.340253413723738
42.06666666666666,0.13221019191170363,29.380042647045254,0.34843070162789813,0.3157375465303602,0.8289196533962417,0.12237738343975077,0.833084558646384,0.6610509595585181,0.6271752629302166,6.509697806325015e-17,0.09787863942441165,1.1604875147547384,0.061188691719875385,50.80982723184296,31.073895774348163,5.5084959261186395,9.999999999999986,7.3446612348248514
42.1,0.1321613439066649,29.369187534814422,0.3483019661316201,0.31562089024962403,0.8286133905369242,0.12233216838517402,0.8327767569699019,0.6608067195333245,0.6269435390369162,6.29005663157533e-17,0.09784247597738345,1.1600587467516938,0.06116608419258701,50.79105440759432,31.090327457054762,5.511800570556533,9.999999999999986,7.349067427408709
42.13333333333333,0.13211251394911822,29.35833643313738,0.3481732781982434,0.31550427706897555,0.8283072408301604,0.12228697003585137,0.8324690690145083,0.660562569745591,0.6267119007568381,6.076870661347215e-17,0.09780632589138241,1.1596301371622244,0.061143485017925686,50.772288519194866,31.106753068875516,5.515103994053181,9.999999999999986,7.353471992070907
42.166666666666664,0.13206370203246062,29.347489340546804,0.34804463781036643,0.31538770697264584,0.8280012042345518,0.12224178838567099,0.8321614947385967,0.660318510162303,0.6264803480586596,5.870027041439065e-17,0.09777018916152021,1.1592016859283725,0.06112089419283549,50.75352956410701,31.12317261203154,5.518406197055281,9.999999999999986,7.357874929407041
42.2,0.13201490815008918,29.336646255575374,0.34791604495058764,0.31527117994486614,0.8276952807086999,0.12219662342852101,0.8318540341005606,0.6600745407504459,0.6262488809110578,5.669412917649283e-17,0.09773406578290851,1.1587733929921797,0.06109831171426051,50.73477753979319,31.139586088743947,5.521707180009533,9.999999999999986,7.36227624001271
42.233333333333334,0.13196613229540102,29.325807176755788,0.3477874996015056,0.3151546959698679,0.8273894702112065,0.12215147515828963,0.8315466870587939,0.6598306614770051,0.6260174992827101,5.4749154357764024e-17,0.09769795575065905,1.158345258295689,0.06107573757914481,50.71603244371584,31.155993501233848,5.525006943362631,9.999999999999986,7.3666759244835065
42.266666666666666,0.13191737446179325,29.31497210262072,0.3476590017457188,0.31503825503188226,0.8270837727006733,0.12210634356886499,0.83123945357169,0.6595868723089662,0.6257862031422938,5.286421741618819e-17,0.0976618590598835,1.1579172817809427,0.061053171784432494,50.69729427333738,31.172394851722355,5.528305487561274,9.999999999999986,7.37107398341503
42.3,0.1318686346426629,29.304141031702873,0.34753055136582567,0.31492185711514054,0.826778188135702,0.12206122865413525,0.8309323335976427,0.6593431732133145,0.6255549924584862,5.1038189809749817e-17,0.09762577570569357,1.1574894633899828,0.06103061432706763,50.67856302612023,31.188790142430587,5.531602813052158,9.999999999999986,7.375470417402878
42.333333333333336,0.1318199128314071,29.29331396253491,0.3474021484444247,0.31480550220387393,0.8264727164748941,0.12201613040798859,0.8306253270950457,0.6590995641570354,0.6253238671999645,4.9269942996432936e-17,0.09758970568320093,1.1570618030648516,0.061008065203994294,50.65983869952684,31.20517937557966,5.534898920281984,9.999999999999986,7.379865227042645
42.36666666666667,0.1317712090214229,29.282490893649534,0.3472737929641144,0.3146891902823138,0.8261673576768512,0.12197104882431316,0.8303184340222924,0.6588560451071144,0.6250928273354059,4.7558348434222805e-17,0.09755364898751727,1.1566343007475917,0.06098552441215658,50.641121291019616,31.22156255339068,5.538193809697446,9.999999999999986,7.384258412929927
42.4,0.13172252320610742,29.271671823579425,0.34714548490749325,0.3145729213346913,0.8258621117001751,0.12192598389699713,0.8300116543377767,0.658612616030537,0.6248618728334878,4.5902277581103456e-17,0.0975176056137543,1.156206956380245,0.060962991948498566,50.622410798061004,31.237939678084757,5.541487481745242,9.999999999999986,7.3886499756603214
42.43109048980974,0.1316771294441784,29.261584320928534,0.34702585282701776,0.31446451429880384,0.825577505945804,0.12188396618467831,0.8297256185823245,0.6583856472208919,0.624646535088632,4.440668708156952e-17,0.0974839994326292,1.1558085083241256,0.060941983092339155,50.60496547733597,31.253209409003876,5.544558441199061,9.999999999999986,7.392744588265414
42.43333333333333,0.13167385537885773,29.26085675085728,0.34701722425715975,0.31445669534523774,0.8255569785034675,0.12188093561992866,0.8297049879998921,0.6583692768942886,0.6246310036628876,4.4300601895059306e-17,0.0974815755570237,1.1557797699048544,0.06094046780996433,50.60370721811342,31.254310751883015,5.54477993687207,9.999999999999986,7.393039915829425
42.46666666666667,0.13162520553307094,29.250045674015766,0.34688901099571234,0.31434051229818444,0.8252519580453298,0.12183590398699591,0.8293984349670322,0.6581260276653547,0.6244002197922822,4.2752192834074524e-17,0.09744555881243717,1.1553527412634617,0.060917951993497955,50.585010548639296,31.270675777006563,5.548071175524627,9.999999999999986,7.3974282340328354
42.5,0.13157657366214412,29.239238591587583,0.3467608451057496,0.3142243721777626,0.8249470502843639,0.12179088899208705,0.8290919951975909,0.6578828683107205,0.6241695211903493,4.125592185613419e-17,0.09740955537510641,1.1549258703981093,0.060895444496043526,50.56632078710107,31.287034755676515,5.5513611981496105,9.999999999999986,7.401814930866147
42.53333333333333,0.13152795975947434,29.228435502105413,0.34663272656986993,0.3141082749682036,0.8246422551791712,0.12174589062909025,0.8287856686499616,0.6576397987973717,0.6239389078257659,3.981066041922243e-17,0.09737356524014311,1.1544991572508396,0.060872945314545124,50.54763793096116,31.30338769011398,5.554650005193718,9.999999999999986,7.406200006924957
42.56666666666666,0.13147936381845873,29.217636404101942,0.3465046553706719,0.31399222065373855,0.8243375726883537,0.12170090889189367,0.8284794552825381,0.6573968190922936,0.6237083796672094,3.8415279981323684e-17,0.09733758840265895,1.154072601763695,0.06085045444594683,50.528961977682,31.319734582540075,5.557937597103647,9.999999999999986,7.410583462804862
42.6,0.13143078583249435,29.206841296109854,0.34637663149075393,0.31387620921859877,0.8240330027705128,0.12165594377438545,0.8281733550537138,0.6571539291624717,0.623477936683357,3.706865200042212e-17,0.09730162485776563,1.1536462038787179,0.060827971887192724,50.51029292472601,31.336075435175914,5.561223974326095,9.999999999999986,7.41496529910146
42.63333333333333,0.1313822257949783,29.196050176661842,0.34624865491271445,0.3137602406470156,0.8237285453842501,0.12161099527045377,0.8278673679218826,0.6569111289748915,0.6232475788428861,3.5769647934502715e-17,0.09726567460057484,1.15321996353795,0.060805497635226885,50.49163076955563,31.35241025024261,5.56450913730776,9.999999999999986,7.4193455164103455
42.666666666666664,0.13133368369930767,29.185263044290593,0.34612072561915214,0.3136443149232202,0.8234242004881676,0.1215660633739868,0.8275614938454381,0.6566684184965383,0.6230173061144738,3.4517139241549684e-17,0.09722973762619827,1.1527938806834346,0.0607830316869934,50.47297550963327,31.368739029961276,5.567793086495337,9.999999999999986,7.423724115327115
42.7,0.1312851595388795,29.174479897528784,0.34599284359266524,0.3135284320314439,0.8231199680408665,0.1215211480788727,0.827255732782774,0.6564257976943976,0.6227871184667975,3.330999737954721e-17,0.09719381392974762,1.152367955257213,0.06076057403943635,50.454327142421384,31.385061776553023,5.571075822335526,9.999999999999986,7.428101096447367
42.733333333333334,0.13123665330709097,29.163700734909106,0.3458650088158524,0.313412591955918,0.8228158480009488,0.12147624937899963,0.8269500846922836,0.6561832665354548,0.6225570158685344,3.214709380648022e-17,0.09715790350633458,1.1519421872013282,0.060738124689499816,50.43568566538238,31.40137849223897,5.574357345275024,9.999999999999986,7.432476460366697
42.766666666666666,0.1311881649973391,29.152925554964245,0.3457372212713122,0.3132967946808737,0.8225118403270159,0.12143136726825575,0.826644549532361,0.6559408249866955,0.6223269982883619,3.1027299980332935e-17,0.09712200635107084,1.1515165764578221,0.060715683634127875,50.4170510759787,31.417689179240224,5.577637655760526,9.999999999999986,7.436850207680701
42.8,0.131139694603021,29.14215435622689,0.3456094809416429,0.31318104019054227,0.8222079449776696,0.12138650174052923,0.8263391272613996,0.655698473015105,0.6220970656949573,2.994948735908976e-17,0.0970861224590681,1.1510911229687373,0.060693250870264615,50.39842337167276,31.433993839777898,5.580916754238732,9.999999999999986,7.441222338984975
42.833333333333336,0.13109124211753373,29.13138713722972,0.34548178780944305,0.31306532846915497,0.8219041619115115,0.12134165278970822,0.826033817837793,0.6554562105876686,0.6218672180569975,2.8912527400734944e-17,0.09705025182543804,1.150665826676116,0.06067082639485411,50.37980254992699,31.450292476073116,5.58419464115634,9.999999999999986,7.445592854875119
42.86666666666667,0.1310428075342744,29.120623896505425,0.3453541418573113,0.3129496595009431,0.8216004910871433,0.1212968204096809,0.825728621219935,0.655214037671372,0.6216374553431603,2.791529156325339e-17,0.09701439444529236,1.1502406875220006,0.06064841020484045,50.36118860820383,31.46658509034698,5.587471316960044,9.999999999999986,7.449961755946725
42.9,0.1309943908466401,29.109864632586692,0.34522654306784595,0.312834033270138,0.8212969324631667,0.12125200459433544,0.8254235373662191,0.6549719542332005,0.6214077775221227,2.6956651304629305e-17,0.09697855031374276,1.1498157054484333,0.06062600229716772,50.34258154396571,31.48287168482061,5.590746782096544,9.999999999999986,7.454329042795392
42.93333333333333,0.13094599204802795,29.099109344006216,0.3450989914236456,0.31271844976097074,0.820993485998183,0.12120720533755998,0.8251185662350392,0.6547299602401397,0.621178184562562,2.6035478082847157e-17,0.09694271942590092,1.1493908803974562,0.06060360266877999,50.32398135467504,31.49915226171511,5.594021037012537,9.999999999999986,7.458694716016716
42.96666666666667,0.13089761113183496,29.08835802929666,0.34497148690730856,0.3126029089576727,0.8206901516507943,0.12116242263324269,0.8248137077847885,0.6544880556591748,0.6209486764331554,2.5150643355891163e-17,0.09690690177687854,1.148966212311112,0.06058121131662134,50.30538803779425,31.51542682325161,5.597294082154721,9.999999999999986,7.463058776206293
43.0,0.1308492480914583,29.077610686990734,0.3448440295014335,0.3124874108444752,0.8203869293796021,0.12111765647527173,0.8245089619738611,0.6542462404572914,0.6207192531025804,2.4301018581746184e-17,0.09687109736178731,1.148541701131443,0.060558828237635864,50.28680159078579,31.531695371651207,5.600565917969791,9.999999999999986,7.467421223959721
43.03333333333333,0.13080090292029498,29.06686731562111,0.3447166191886189,0.31237195540560947,0.820083819143208,0.12107290685753527,0.8242043287606504,0.6540045146014749,0.6204899145395141,2.348547521839645e-17,0.09683530617573893,1.1481173468004913,0.060536453428767636,50.26822201111207,31.54795790913502,5.603836544904447,9.999999999999986,7.471782059872595
43.06666666666666,0.13075257561174214,29.056127913720477,0.34458925595146317,0.3122565426253067,0.8197808209002136,0.12102817377392149,0.8238998081035501,0.6537628780587107,0.6202606607126337,2.2702884723826406e-17,0.09679952821384509,1.147693149260299,0.06051408688696074,50.249649296235525,31.564214437924168,5.6071059634053855,9.999999999999986,7.476141284540513
43.1,0.13070426615919686,29.045392479821526,0.34446193977256484,0.31214117248779827,0.8194779346092207,0.12098345721831852,0.8235953999609538,0.6535213307959843,0.6200314915906168,2.195211855602039e-17,0.09676376347121746,1.147269108452909,0.06049172860915926,50.23108344361857,31.58046496023976,5.610374173919304,9.999999999999986,7.4804988985590715
43.13333333333333,0.13065597455605624,29.034661012456944,0.34433467063452244,0.31202584497731534,0.819175160228831,0.12093875718461454,0.8232911042912553,0.6532798727802811,0.6198024071421404,2.123204817296309e-17,0.09672801194296776,1.1468452243203633,0.06046937859230727,50.21252445072366,31.596709478302905,5.613641176892899,9.999999999999986,7.484854902523865
43.166666666666664,0.13060770079571732,29.023933510159406,0.34420744851993434,0.3119105600780893,0.8188724977176459,0.12089407366669772,0.8229869210528481,0.6530385039785865,0.6195734073358818,2.054154503263885e-17,0.09669227362420768,1.1464214968047042,0.06044703683334886,50.193972315013205,31.61294799433472,5.616906972772869,9.999999999999986,7.4892092970304915
43.2,0.1305594448715772,29.0132099714616,0.3440802734113991,0.31179531777435127,0.818569947034267,0.1208494066584562,0.8226828502041258,0.652797224357886,0.6193444921405183,1.9879480593031963e-17,0.09665654851004889,1.1459979258479738,0.0604247033292281,50.17542703394963,31.629180510556324,5.620171562005911,9.999999999999986,7.493562082674548
43.233333333333334,0.13051120677703304,29.00249039489623,0.3439531452915152,0.31168011805033263,0.8182675081372964,0.12080475615377817,0.8223788917034822,0.6525560338851651,0.6191156615247274,1.9244726312127128e-17,0.09662083659560311,1.145574511392215,0.060402378076889085,50.15688860499538,31.64540702918882,5.623434945038723,9.999999999999986,7.49791326005163
43.266666666666666,0.13046298650548185,28.991774778995968,0.34382606414288114,0.3115649608902646,0.8179651809853353,0.1207601221465518,0.822075045509311,0.6523149325274092,0.6188869154571861,1.8636153647908686e-17,0.09658513787598202,1.1451512533794694,0.0603800610732759,50.138357025612876,31.66162755245333,5.626697122318001,9.999999999999986,7.502262829757334
43.3,0.13041478405032075,28.981063122293502,0.3436990299480954,0.31144984627837846,0.8176629655369856,0.12071550463066522,0.8217713115800055,0.6520739202516037,0.6186582539065718,1.8052634058361043e-17,0.09654945234629732,1.1447281517517798,0.06035775231533261,50.11983229326454,31.67784208257096,5.629958094290443,9.999999999999986,7.506610792387257
43.333333333333336,0.1303665994049468,28.970355423321514,0.34357204268975644,0.3113347741989055,0.8173608617508488,0.12067090360000658,0.8214676898739596,0.651832997024734,0.6184296768415616,1.7493039001468577e-17,0.09651378000166069,1.1443052064511883,0.06033545180000329,50.10131440541279,31.694050621762834,5.633217861402748,9.999999999999986,7.510957148536996
43.36666666666667,0.1303184325627571,28.959651680612687,0.34344510235046277,0.3112197446360769,0.8170588695855269,0.1206263190484641,0.821164180349567,0.6515921628137855,0.618201184230833,1.6956239935215952e-17,0.09647812083718384,1.1438824174197375,0.06031315952423205,50.08280335952009,31.710253172250052,5.636476424101611,9.999999999999986,7.515301898802147
43.4,0.13027028351714878,28.94895189269973,0.3433182089128129,0.311104757574124,0.816756988999621,0.12058175096992592,0.8208607829652212,0.6513514175857439,0.6179727760430632,1.644110831758746e-17,0.09644247484797844,1.1434597845994694,0.06029087548496296,50.06429915304884,31.726449736253738,5.639733782833731,9.999999999999986,7.519645043778307
43.43333333333333,0.13022215226151887,28.938256058115307,0.3431913623594053,0.31098981299727807,0.8164552199517331,0.1205371993582802,0.8205574976793159,0.6511107613075944,0.6177444522469295,1.594651560656758e-17,0.0964068420291562,1.1430373079324263,0.0602685996791401,50.04580178346148,31.742640315995,5.642989938045804,9.999999999999986,7.5239865840610705
43.46666666666667,0.13017403878926448,28.927564175392106,0.3430645626728384,0.3108749108897703,0.8161535624004649,0.12049266420741507,0.8202543244502447,0.6508701939463224,0.6175162128111091,1.5471333260140663e-17,0.09637122237582879,1.1426149873606508,0.060246332103707535,50.02731124822043,31.758824913694955,5.646244890184529,9.999999999999986,7.528326520246038
43.5,0.1301259430937827,28.916876243062823,0.34293780983571076,0.31076005123583206,0.8158520163044178,0.12044814551121875,0.8199512632364013,0.6506297154689135,0.6172880577042794,1.5014432736291365e-17,0.09633561588310793,1.1421928228261848,0.06022407275560938,50.00882754478812,31.77500353157471,5.649498639696602,9.999999999999986,7.532664852928802
43.53333333333333,0.1300778651684706,28.906192259660138,0.3428111038306209,0.31064523401969457,0.8155505816221937,0.12040364326357939,0.8196483139961793,0.6503893258423531,0.6170599868951177,1.4574685493003975e-17,0.09630002254610531,1.1417708142710712,0.06020182163178969,49.99035067062698,31.791176171855383,5.652751187028722,9.999999999999986,7.537001582704961
43.56666666666666,0.13002980500672534,28.895512223716743,0.34268444464016723,0.3105304592255891,0.815249258312394,0.12035915745838512,0.8193454766879725,0.6501490250336267,0.616832000352301,1.4150962988262985e-17,0.09626444235993262,1.1413489616373516,0.06017957872919256,49.971880623199446,31.80734283675809,5.656002532627584,9.999999999999986,7.541336710170111
43.6,0.1299817626019439,28.884836133765315,0.3425578322469482,0.3104157268377469,0.8149480463336206,0.12031468808952411,0.8190427512701745,0.6499088130097195,0.6166040980445068,1.3742136680052773e-17,0.09622887531970153,1.1409272648670687,0.06015734404476206,49.95341739996794,31.82350352850394,5.6592526769398885,9.999999999999986,7.54567023591985
43.63333333333333,0.12993373794752344,28.87416398833854,0.3424312666335624,0.3103010368403992,0.8146469456444749,0.12027023515088457,0.8187401377011786,0.6496686897376172,0.6163762799404123,1.3347078026357892e-17,0.09619332142052377,1.140505723902265,0.060135117575442286,49.934960998394885,31.83965824931405,5.66250162041233,9.999999999999986,7.550002160549773
43.666666666666664,0.12988573103686105,28.86349578596912,0.3423047477826083,0.3101863892177774,0.8143459562035591,0.12022579863635462,0.8184376359393789,0.6494286551843051,0.616148546008695,1.2964658485162734e-17,0.096157780657511,1.1400843386849826,0.06011289931817731,49.91651141594272,31.855807001409527,5.665749363491607,9.999999999999986,7.554332484655476
43.7,0.12983774186335376,28.852831525189725,0.34217827567668435,0.3100717839541126,0.814045077969474,0.12018137853982241,0.8181352459431688,0.6491887093167688,0.6159208962180318,1.2593749514451689e-17,0.09612225302577491,1.1396631091572635,0.06009068926991121,49.89806865007387,31.871949787011495,5.668995906624419,9.999999999999986,7.558661208832557
43.733333333333334,0.12978977042039871,28.84217120453305,0.34205185029838897,0.30995722103363627,0.8137443109008219,0.12013697485517616,0.8178329676709419,0.6489488521019935,0.6156933305371002,1.2233222572209384e-17,0.09608673852042723,1.1392420352611505,0.06006848742758808,49.87963269825075,31.888086608341055,5.67224125025746,9.999999999999986,7.562988333676612
43.75961117059484,0.12975196534126915,28.833770075837588,0.3419522176599688,0.3098669368977603,0.8135072839921127,0.12010198143600243,0.8175947498209727,0.6487598267063457,0.6155139917879439,1.1955585466856162e-17,0.09605875043830568,1.1389101975889577,0.06005099071800121,49.86510379158113,31.900803628503134,5.674798823373712,9.999999999999986,7.566398431164949
43.766666666666666,0.12974181670139295,28.83151482253177,0.3419254716303209,0.3098427004405795,0.8134436549562041,0.12009258757630399,0.8175308010810921,0.6487090835069648,0.6154658489345776,1.1881949116420075e-17,0.09605123713657963,1.1388211169386857,0.060046293788151996,49.86120355793581,31.904217467619326,5.675485394837429,9.999999999999986,7.567313859783237
43.8,0.12969388069973362,28.820862377718584,0.34179913965507835,0.30972822215917356,0.8131431100942225,0.12004821669709408,0.8172287461320129,0.648469403498668,0.615238451379141,1.153880060506835e-17,0.0960157488693438,1.1384003541319114,0.06002410834854704,49.84278122659147,31.920342367067423,5.6787283408110225,9.999999999999986,7.571637787748029
43.833333333333336,0.12964596240881773,28.810213868626164,0.3416728543552599,0.3096137861736498,0.8128426762734786,0.12000386221143457,0.8169268027820978,0.6482298120440887,0.6150111378394678,1.1202648496138478e-17,0.09598027371383144,1.13797974678287,0.060001931105717284,49.82436570168015,31.93646130890646,5.68197008862494,9.999999999999986,7.575960118166585
43.86666666666667,0.12959806182204245,28.79956929378721,0.341546615713464,0.30949939246823943,0.8125423534525742,0.11995952411321364,0.8166249709897407,0.6479903091102123,0.6147839082842352,1.0872364247615035e-17,0.09594481166515423,1.1375592948336037,0.05997976205660682,49.80595698066429,31.952574295357547,5.685210638725876,9.999999999999986,7.580280851634501
43.9,0.12955017893280485,28.78892865173441,0.3414204237122893,0.3093850410271738,0.8122421415901108,0.11991520239631946,0.8163232507133352,0.6477508946640242,0.6145567626821208,1.0546819317482512e-17,0.09590936271842387,1.137138998226155,0.05995760119815973,49.787555061006316,31.968681328641797,5.688449991560531,9.999999999999986,7.584599988747374
43.93333333333333,0.129502313734502,28.778291941000447,0.3412942783343342,0.3092707318346841,0.8119420406446901,0.1198708970546402,0.8160216419112748,0.6475115686725099,0.6143297010018015,1.0224885163725226e-17,0.09587392686875207,1.1367188569025661,0.0599354485273201,49.76915994016865,31.984782410980326,5.6916881475756,9.999999999999986,7.588917530100799
43.96666666666667,0.12945446622053094,28.76765916011799,0.341168179562197,0.3091564648750016,0.8116420505749137,0.11982660808206398,0.8157201445419532,0.6472723311026547,0.6141027232119547,9.905433244327643e-18,0.09583850411125049,1.1362988708048791,0.05991330404103199,49.75077161561373,32.000877544594246,5.694925107217782,9.999999999999986,7.593233476290375
44.0,0.12940663638428884,28.757030307619743,0.34104212737847645,0.30904224013235754,0.8113421713393834,0.11978233547247902,0.8154187585637641,0.6470331819214442,0.6138758292812576,9.587335017274339e-18,0.09580309444103084,1.1358790398751366,0.05989116773623951,49.732390084803974,32.01696673170467,5.698160870933773,9.999999999999986,7.597547827911696
44.03333333333333,0.12935882423254358,28.746405385009684,0.34091612180100883,0.30892805762291475,0.8110424029805318,0.11973807923214985,0.8151174840193535,0.6467941211627178,0.6136490192418159,9.290553016876801e-18,0.09576769786310357,1.1354593641727444,0.059869039616074926,49.71401535034037,32.033049970034995,5.701395438265714,9.999999999999986,7.601860584354285
44.06666666666666,0.12931102974700137,28.735784388222527,0.3407901627815821,0.308813917302985,0.8107427453836624,0.11969383934414327,0.8148163207934483,0.6465551487350069,0.6134222930068478,9.004554603537512e-18,0.09573231436392536,1.1350398435371274,0.05984691967207163,49.69564740519242,32.049127265738925,5.704628810451207,9.999999999999986,7.6061717472682755
44.1,0.12926325291838944,28.725167315197655,0.34066425029575853,0.30869981915042344,0.8104431984906375,0.11964961579987608,0.8145152688276189,0.6463162645919471,0.6131956505323654,8.725546092981415e-18,0.09569694393663127,1.1346204778868925,0.05982480789993804,49.67728624579648,32.0651986219357,5.707860988117573,9.999999999999986,7.6104813174900965
44.13333333333333,0.12921549374028515,28.714554164507813,0.3405383843266118,0.308585763149892,0.8101437622611893,0.11960540859340342,0.8142143280813952,0.6460774687014258,0.6129690917879013,8.453431898217588e-18,0.09566158657646652,1.134201267165665,0.05980270429670171,49.658931869684295,32.08126404078577,5.711091971699308,9.999999999999986,7.614789295599076
44.166666666666664,0.12916775220626597,28.703944934725776,0.3404125648572156,0.30847174928605253,0.8098444366550498,0.11956121771878031,0.8139134985143068,0.6458387610313299,0.6127426167429881,8.188116432254937e-18,0.09562624227867628,1.1337822113170697,0.059780608859390155,49.64058427438758,32.097323524449585,5.714321761630912,9.999999999999986,7.619095682174549
44.2,0.12912002830990926,28.693339624424286,0.3402867918706437,0.30835777754356686,0.8095452216319513,0.11951704317006183,0.8136127800858837,0.6456001415495463,0.6125162253671587,7.929504108102368e-18,0.09559091103850573,1.1333633102847318,0.059758521585030915,49.622243457438046,32.11337707508763,5.717550358346885,9.999999999999986,7.623400477795845
44.233333333333334,0.12907232204479244,28.682738232176096,0.3401610653499697,0.308243847907097,0.8092461171516261,0.11947288494130305,0.8133121727556557,0.6453616102239622,0.6122899176299454,7.677499338768954e-18,0.09555559285120008,1.1329445640122764,0.059736442470651525,49.60390941636744,32.129424694860326,5.720777762281723,9.999999999999986,7.627703683042296
44.266666666666666,0.12902463340449294,28.672140756553986,0.3400353852782673,0.3081299603613048,0.808947123173806,0.11942874302655904,0.8130116764831526,0.6451231670224646,0.6120636935008812,7.4320065372636e-18,0.09552028771200449,1.1325259724433283,0.05971437151327952,49.58558214870748,32.14546638592816,5.724003973869927,9.999999999999986,7.632005298493234
44.3,0.1289769623825881,28.661547196130687,0.3399097516386103,0.3080161148908521,0.8086482396582235,0.11938461741988488,0.8127112912279044,0.6448848119129404,0.6118375529494986,7.192930116595272e-18,0.09548499561616416,1.1321075355215129,0.05969230870994244,49.567261651989895,32.16150215045158,5.727228993545994,9.999999999999986,7.636305324727991
44.333333333333336,0.12892930897265534,28.650957549478964,0.3397841644140723,0.30790231148040087,0.8083494665646107,0.1193405081153356,0.812411016949441,0.6446465448632767,0.6116114959453302,6.96017448977288e-18,0.09544971655892427,1.131689253190455,0.0596702540576678,49.548947923746404,32.17753199059104,5.730452821744425,9.999999999999986,7.640603762325899
44.36666666666667,0.12888167316827212,28.640371815171587,0.3396586235877271,0.3077885501146129,0.8080508038527,0.11929641510696631,0.812110853607292,0.6444083658413605,0.6113855224579088,6.7336440698054874e-18,0.09541445053553001,1.13127112539378,0.05964820755348316,49.53064096150874,32.19355590850701,5.733675458899716,9.999999999999986,7.644900611866287
44.4,0.12883405496301578,28.629789991781287,0.33953312914264827,0.30767483077815017,0.8077522514822232,0.11925233838883208,0.8118108011609875,0.6441702748150789,0.6111596324567669,6.5132432697020055e-18,0.09537919754122655,1.1308531520751124,0.05962616919441604,49.51234076280863,32.20957390635993,5.736896905446367,9.999999999999986,7.649195873928489
44.43333333333333,0.12878645435046376,28.61921207788084,0.33940768106190955,0.30756115345567453,0.8074538094129128,0.11920827795498795,0.8115108595700572,0.6439322717523188,0.6109338259114372,6.298876502471396e-18,0.0953439575712591,1.1304353331780779,0.059604138977493976,49.49404732517779,32.22558598631027,5.740117161818878,9.999999999999986,7.653489549091836
44.46666666666667,0.12873887132419345,28.608638072042993,0.3392822793285846,0.3074475181318478,0.8071554776045007,0.119164233799489,0.8112110287940311,0.6436943566209673,0.6107081027914524,6.090448181122579e-18,0.09530873062087282,1.1300176686463008,0.0595821168997445,49.475760646147954,32.24159215051849,5.743336228451747,9.999999999999986,7.657781637935662
44.5,0.12869130587778227,28.598067972840507,0.33915692392574737,0.307333924791332,0.8068572560167192,0.1191202059163903,0.8109113087924389,0.6434565293889113,0.6104824630663452,5.887862718664604e-18,0.0952735166853129,1.1296001584234068,0.05956010295819515,49.457480723250846,32.25759240114504,5.746554105779471,9.999999999999986,7.662072141039294
44.53333333333333,0.12864375800480762,28.58750177884614,0.33903161483647126,0.3072203734187889,0.8065591446093007,0.11907619429974693,0.8106116995248104,0.643218790024038,0.6102569067056482,5.69102452810639e-18,0.09523831575982455,1.1291828024530208,0.059538097149873466,49.43920755401819,32.273586740350375,5.74977079423655,9.999999999999986,7.666361058982066
44.56666666666666,0.12859622769884688,28.576939488632643,0.3389063520438301,0.3071068639988805,0.806261143341977,0.11903219894361394,0.8103122009506758,0.6429811384942343,0.6100314336788941,5.499838022456899e-18,0.09520312783965294,1.1287656006787676,0.05951609947180697,49.42094113598172,32.28957517029497,5.752986294257483,9.999999999999986,7.67064839234331
44.6,0.12854871495347747,28.566381100772773,0.33878113553089745,0.30699339651626856,0.8059632521744804,0.11898821984204641,0.8100128130295646,0.6427435747673873,0.6098060439556154,5.314207614725053e-18,0.09516795292004325,1.1283485530442725,0.059494109921023206,49.40268146667315,32.305557693139264,5.756200606276769,9.999999999999986,7.674934141702358
44.63333333333333,0.1285012197622768,28.555826613839294,0.3386559652807472,0.30687997095561503,0.8056654710665433,0.11894425698909941,0.8097135357210069,0.642506098811384,0.609580737505345,5.134037717919895e-18,0.09513279099624067,1.1279316594931605,0.059472128494549706,49.38442854362421,32.32153431104373,5.759413730728905,9.999999999999986,7.67921830763854
44.666666666666664,0.12845374211882227,28.54527602640495,0.338530841276453,0.3067665873015819,0.8053677999778976,0.11890031037882802,0.8094143689845325,0.6422687105941113,0.6093555142976154,4.959232745050347e-18,0.09509764206349039,1.1275149199690566,0.05945015518941401,49.36618236436664,32.337505026168806,5.762625668048392,9.999999999999986,7.683500890731188
44.7,0.12840628201669127,28.534729337042506,0.3384057635010884,0.3066532455388309,0.8050702388682758,0.11885638000528727,0.8091153127796711,0.6420314100834563,0.6091303743019592,4.789697109125335e-18,0.09506250611703758,1.127098334415586,0.059428190002643634,49.34794292643214,32.353469840674975,5.7658364186697275,9.999999999999986,7.687781891559635
44.733333333333334,0.12835883944946122,28.524186544324717,0.33828073193772734,0.306539945652024,0.8047727876974098,0.11881246586253227,0.8088163670659527,0.6417941972473061,0.6089053174879092,4.625335223153895e-18,0.09502738315212744,1.1266819027763737,0.05940623293126614,49.32971022735246,32.36942875672268,5.76904598302741,9.999999999999986,7.692061310703211
44.766666666666666,0.12831141441070956,28.51364764682435,0.33815574656944336,0.3064266876258231,0.804475446425032,0.11876856794461807,0.8085175318029071,0.6415570720535477,0.608680343824998,4.466051500144951e-18,0.09499227316400516,1.1262656249950447,0.059384283972309035,49.311484264659306,32.38538177647237,5.772254361555937,9.999999999999986,7.69633914874125
44.8,0.1282640068940136,28.503112643114132,0.33803080737931024,0.30631347144489,0.8041782150108743,0.11872468624559974,0.8082188069500643,0.641320034470068,0.6084554532827584,4.3117503531074665e-18,0.0949571761479159,1.1258495010152239,0.05936234312279987,49.293265035884424,32.40132890208452,5.7754615546898105,9.999999999999986,7.70061540625308
44.833333333333336,0.12821661689295083,28.492581531766852,0.3379059143504015,0.3062002970938867,0.803881093414669,0.11868082075953236,0.8079201924669539,0.6410830844647541,0.6082306458307227,4.162336195050373e-18,0.09492209209910488,1.1254335307805365,0.05934041037976618,49.27505253855952,32.41727013571959,5.778667562863528,9.999999999999986,7.704890083818036
44.86666666666667,0.12816924440109864,28.482054311355256,0.33778106746579106,0.306087164557475,0.8035840815961485,0.11863697148047098,0.807621688313106,0.6408462220054931,0.6080059214384239,4.0177134389826946e-18,0.09488702101281725,1.1250177142346078,0.05931848574023549,49.256846770216335,32.433205479538024,5.781872386511586,9.999999999999986,7.709163182015447
44.9,0.1281218894120344,28.471530980452087,0.33765626670855253,0.3059740738203169,0.8032871795150446,0.11859313840247068,0.8073232944480503,0.640609447060172,0.6077812800753946,3.877786497913361e-18,0.09485196288429823,1.1246020513210624,0.05929656920123534,49.23864772838659,32.449134935700286,5.785076026068485,9.999999999999986,7.713434701424647
44.93333333333333,0.12807455191933553,28.461011537630124,0.3375315120617596,0.3058610248670741,0.8029903871310898,0.11854932151958654,0.8070250108313167,0.6403727595966776,0.6075567217111673,3.7424597848513385e-18,0.09481691770879298,1.1241865419835257,0.05927466075979327,49.22045541060201,32.46505850636684,5.7882784819687245,9.999999999999986,7.717704642624965
44.96666666666667,0.12802723191657944,28.4504959814621,0.3374068035084859,0.30574801768240867,0.8026937044040161,0.1185055208258736,0.806726837422435,0.6401361595828972,0.6073322463152746,3.6116377128055594e-18,0.09478188548154669,1.1237711861656225,0.0592527604129368,49.20226981439431,32.480976193698126,5.791479754646803,9.999999999999986,7.721973006195737
45.0,0.1279799293973435,28.439984310520785,0.33728214103180526,0.3056350522509824,0.802397131293556,0.11846173631538695,0.8064287741809353,0.6398996469867175,0.6071078538572495,3.485224694785041e-18,0.09474686619780455,1.1233559838109783,0.059230868157693475,49.184090937295245,32.49688799985462,5.794679844537217,9.999999999999986,7.726239792716289
45.03333333333333,0.1279326443552052,28.429476523378934,0.3371575246147913,0.3055221285574573,0.8021006677594413,0.11841796798218167,0.8061308210663471,0.639663221776026,0.6068835443066244,3.3631251437987184e-18,0.09471185985281176,1.1229409348632178,0.059208983991090834,49.16591877683651,32.51279392699677,5.7978787520744675,9.999999999999986,7.730505002765955
45.06666666666666,0.12788537678374187,28.418972618609303,0.33703295424051777,0.3054092465864951,0.8018043137614043,0.1183742158203128,0.8058329780382005,0.6394268839187093,0.606659317632932,3.2452434728555534e-18,0.09467686644181347,1.122526039265966,0.0591871079101564,49.147753330549854,32.52869397728504,5.801076477693052,9.999999999999986,7.734768636924069
45.1,0.1278381266765309,28.408472594784648,0.3369084298920583,0.30529640632275773,0.8015080692591772,0.11833047982383542,0.8055352450560254,0.6391906333826545,0.606435173805705,3.1314840949644863e-18,0.09464188596005489,1.122111296962848,0.05916523991191771,49.129594595966985,32.54458815287988,5.804273021827471,9.999999999999986,7.73903069576996
45.12972793526313,0.1277960019604162,28.399111546759162,0.3367974131528835,0.30519580625311094,0.8012439594762905,0.1182914880300734,0.8052698082540279,0.638980009802081,0.6062353436751903,3.0334290154010717e-18,0.09461069993846438,1.1217415432668065,0.0591457440150367,49.11340560541316,32.55875822940099,5.807122825185785,9.999999999999986,7.742830433581045
45.13333333333333,0.12779089402714977,28.39797645047773,0.3367839515524867,0.30518360775090714,0.8012119342124921,0.1182867599868046,0.8052376220793515,0.6389544701357488,0.606211112794476,3.021751423134526e-18,0.09460691840278121,1.1216967078974889,0.0591433799934023,49.111442570619644,32.56047645594176,5.807468384912221,9.999999999999986,7.74329117988296
45.166666666666664,0.1277436788291758,28.38748418426129,0.3366595192048765,0.3050708508556052,0.8009159085810813,0.11824305630327542,0.8049401090677086,0.638718394145879,0.6059871345687777,2.9159498703746105e-18,0.0945719637652376,1.1212822720135138,0.05912152815163771,49.09329725203955,32.57635888863113,5.810662567381802,9.999999999999986,7.7475500898424015
45.2,0.12769648107618645,28.376995794708098,0.3365351328323015,0.30495813562151375,0.800619992324677,0.11819936876730293,0.8046427059806266,0.6384824053809323,0.6057632390981428,2.8139838496936817e-18,0.09453702204266926,1.1208679892545477,0.059099684383651464,49.07515863775842,32.592235453108444,5.813855569670713,9.999999999999986,7.751807426227615
45.233333333333334,0.12764930076175915,28.366511280390924,0.3364107924178355,0.3048454620332947,0.8003241854030113,0.11815569737294222,0.8043454127776355,0.6382465038087957,0.6055394263521039,2.7157577741007446e-18,0.09450209323032137,1.1204538595642157,0.05907784868647111,49.05702672530799,32.608106151534166,5.817047392213451,9.999999999999986,7.756063189617933
45.266666666666666,0.12760213787947122,28.356030639882494,0.336286497944552,0.30473283007561003,0.8000284877758164,0.11811204211424835,0.8040482294182651,0.6380106893973561,0.6053156963001937,2.6211760566047394e-18,0.09446717732343911,1.1200398828861429,0.059056021057124174,49.038901512219994,32.623970986068755,5.820238035444516,9.999999999999986,7.760317380592686
45.3,0.1275549924229001,28.34555387175558,0.3361622493955248,0.30462023973312147,0.7997328994028244,0.11806840298527638,0.8037511558620454,0.6377749621145006,0.6050920489119447,2.5301431102146297e-18,0.09443227431726765,1.1196260591639542,0.05903420149263819,49.02078299602615,32.63982995887266,5.823427499798406,9.999999999999986,7.764569999731207
45.333333333333336,0.12750786438562323,28.33508097458294,0.3360380467538276,0.304507690990491,0.7994374202437677,0.11802477998008137,0.8034541920685058,0.6375393219281161,0.6048684841568897,2.442563347939358e-18,0.09439738420705221,1.1192123883412748,0.05901238999004069,49.00267117425817,32.655683072106356,5.826615785709621,9.999999999999986,7.768821047612827
45.36666666666667,0.127460753761218,28.324611946937335,0.335913890002534,0.3043951838323805,0.7991420502583785,0.11798117309271841,0.8031573379971766,0.6373037688060899,0.6046450020045613,2.358341182787924e-18,0.09436250698803796,1.1187988703617298,0.058990586546359206,48.9845660444478,32.67153032793028,5.829802893612659,9.999999999999986,7.773070524816878
45.4,0.12741366054326175,28.3141467873915,0.3357897791247179,0.3042827182434519,0.7988467894063886,0.11793758231724258,0.8028605936075874,0.6370683027163088,0.6044216024244923,2.277381027769272e-18,0.09432764265547008,1.118385505168944,0.05896879115862129,48.96646760412676,32.6873717285049,5.832988823942019,9.999999999999986,7.777318431922691
45.43333333333333,0.12736658472533197,28.303685494518216,0.33566571410345286,0.304170294208367,0.7985516376475306,0.11789400764770892,0.8025639588592683,0.6368329236266598,0.6041982853862151,2.199587295892363e-18,0.09429279120459377,1.1179722927065427,0.05894700382385446,48.94837585082678,32.70320727599068,5.8361735771321985,9.999999999999986,7.781564769509597
45.46666666666667,0.12731952630100601,28.293228066890222,0.33554169492181257,0.3040579117117877,0.7982565949415363,0.1178504490781725,0.8022674337117489,0.63659763150503,0.6039750508592626,2.1248644001661486e-18,0.09425795263065419,1.1175592329181507,0.05892522453908625,48.93029078207957,32.71903697254807,5.839357153617699,9.999999999999986,7.78580953815693
45.5,0.1272724852638613,28.282774503080294,0.33541772156287075,0.303945570738376,0.797961661248138,0.11780690660268842,0.8019710181245592,0.6363624263193065,0.6037518988131674,2.0531167535996164e-18,0.09422312692889656,1.1171463257473933,0.05890345330134421,48.912212395416866,32.73486082033753,5.842539553833015,9.999999999999986,7.79005273844402
45.53333333333333,0.12722546160747525,28.27232480166117,0.33529379400970116,0.30383327127279364,0.7976668365270684,0.11776338021531173,0.8016747120572291,0.6361273080373762,0.6035288292174621,1.9842487692017136e-18,0.09418831409456603,1.1167335711378956,0.058881690107655864,48.8941406883704,32.750678821519514,5.845720778212649,9.999999999999986,7.7942943709501975
45.56666666666666,0.12717845532542524,28.261878961205607,0.33516991224537734,0.30372101329970264,0.797372120738059,0.11771986991009749,0.8013785154692882,0.6358922766271261,0.6033058420416793,1.918164859981406e-18,0.09415351412290782,1.1163209690332825,0.058859934955048744,48.87607565847189,32.76649097825448,5.848900827191097,9.999999999999986,7.798534436254796
45.6,0.12713146641128867,28.25143698028637,0.33504607625297317,0.30360879680376474,0.7970775138408421,0.11767637568110077,0.8010824283202667,0.6356573320564434,0.6030829372553517,1.8547694389476423e-18,0.09411872700916707,1.115908519377179,0.058838187840550386,48.858017303253064,32.7822972927029,5.852079701202861,9.999999999999986,7.802772934937147
45.63333333333333,0.12708449485864298,28.24099885747622,0.33492228601556223,0.303496621769642,0.7967830157951501,0.11763289752237666,0.8007864505696942,0.6354224742932149,0.602860114828012,1.7939669191094083e-18,0.09408395274858901,1.11549622211321,0.05881644876118833,48.83996562024565,32.79809776702521,5.855257400682437,9.999999999999986,7.807009867576582
45.666666666666664,0.12703754066106554,28.230564591347903,0.3347985415162183,0.30338448818199615,0.7964886265607152,0.1175894354279802,0.8004905821771008,0.6351877033053277,0.602637374729193,1.735661713475656e-18,0.09404919133641881,1.1150840771850012,0.0587947177139901,48.82192060698138,32.813892403381885,5.858433926064325,9.999999999999986,7.811245234752431
45.7,0.12699060381213376,28.22013418047417,0.334674842738015,0.30327239602548917,0.7961943460972694,0.11754598939196648,0.800194823102016,0.6349530190606688,0.6024147169284271,1.6797582350553338e-18,0.09401444276790165,1.114672084536177,0.05877299469598324,48.803882260991955,32.82968120393338,5.861609277783022,9.999999999999986,7.815479037044029
45.733333333333334,0.12694368430542508,28.209707623427796,0.33455118966402614,0.303160345284783,0.795900174364545,0.11750255940839055,0.79989917330397,0.6347184215271253,0.602192141395247,1.6261608968574293e-18,0.09397970703828272,1.1142602441103628,0.058751279704195275,48.78585057980913,32.845464170840145,5.864783456273028,9.999999999999986,7.819711275030704
45.766666666666666,0.12689678213451686,28.199284918781526,0.3344275822773253,0.3030483359445394,0.7956061113222741,0.11745914547130751,0.7996036327424925,0.6344839106725843,0.6019696480991855,1.5747741118908944e-18,0.0939449841428072,1.1138485558511837,0.058729572735653754,48.76782556096462,32.86124130626264,5.867956461968842,9.999999999999986,7.823941949291789
45.8,0.1268498972929865,28.188866065108115,0.3343040205609862,0.30293636798942025,0.7953121569301889,0.11741574757477241,0.7993082013771133,0.6342494864649325,0.6017472370097752,1.5255022931646885e-18,0.09391027407672028,1.1134370197022643,0.058707873787386206,48.749807201990144,32.877012612361334,5.871128295304962,9.999999999999986,7.828171060406616
45.833333333333336,0.12680302977441146,28.178451060980326,0.3341805044980825,0.3028244414040876,0.7950183111480216,0.11737236571284031,0.7990128791673624,0.6340151488720572,0.6015249080965486,1.4782498536877637e-18,0.09387557683526715,1.1130256356072301,0.058686182856420153,48.731795500417434,32.89277809129667,5.874298956715888,9.999999999999986,7.8323986089545174
45.86666666666667,0.12675617957236907,28.168039904970904,0.33405703407168813,0.3027125561732032,0.7947245739355044,0.11732899987956628,0.7987176660727696,0.6337808978618453,0.6013026613290386,1.432921206469104e-18,0.09384089241369299,1.112614403509706,0.05866449993978314,48.71379045377822,32.90853774522911,5.877468446636118,9.999999999999986,7.836624595514823
45.9,0.12670934668043682,28.15763259565263,0.33393360926487653,0.302600712281429,0.7944309452523696,0.11728565006900542,0.7984225620528648,0.633546733402184,0.6010804966767778,1.389420764517663e-18,0.09380622080724299,1.1122033233533173,0.05864282503450271,48.69579205960422,32.92429157631912,5.8806367655001495,9.999999999999986,7.840849020666865
45.93333333333333,0.12666253109219203,28.14722913159823,0.33381023006072147,0.3024889097134269,0.7941374250583491,0.11724231627521277,0.7981275670671777,0.63331265546096,0.6008584141092986,1.3476529408423986e-18,0.09377156201116234,1.1117923950816886,0.058621158137606384,48.67780031542717,32.940039586727146,5.883803913742483,9.999999999999986,7.845071884989975
45.96666666666667,0.12661573280121213,28.136829511380473,0.33368689644229665,0.3023771484538587,0.7938440133131751,0.11719899849224338,0.7978326810752382,0.6330786640060606,0.600636413596134,1.3075221484522704e-18,0.0937369160206962,1.111381618638445,0.05859949924612169,48.65981521877878,32.95578177861366,5.886969891797616,9.999999999999986,7.849293189063487
46.0,0.12656895180107455,28.126433733572124,0.3335636083926758,0.30226542848738636,0.7935507099765802,0.11715569671415237,0.7975379040365764,0.6328447590053727,0.6004144951068164,1.2689328003562565e-18,0.09370228283108978,1.110970993967212,0.05857784835707618,48.641836767190796,32.971518154139105,5.890134700100048,9.999999999999986,7.853512933466729
46.03333333333333,0.1265221880853567,28.116041796745932,0.33344036589493264,0.3021537497986718,0.7932575150082961,0.11711241093499478,0.7972432359107219,0.6326109404267835,0.6001926586108788,1.2317893095633056e-18,0.09366766243758826,1.1105605210116145,0.05855620546749739,48.62386495819493,32.98724871546395,5.893298339084277,9.999999999999986,7.857731118779035
46.06666666666666,0.12647544164763594,28.105653699474654,0.3333171689321408,0.3020421123723769,0.7929644283680554,0.11706914114882568,0.7969486766572046,0.6323772082381797,0.5999709040778535,1.195996089082382e-18,0.09363305483543682,1.1101501997152774,0.05853457057441284,48.60589978932291,33.00297346474864,5.896460809184802,9.999999999999986,7.861947745579735
46.1,0.12642871248148968,28.09526944033104,0.333194017487374,0.30193051619316336,0.7926714500155898,0.11702588734970013,0.7966542262355544,0.6321435624074484,0.5997492314772732,1.1614575519224468e-18,0.09359846001988065,1.1097400300218256,0.05851294367485006,48.58794125810646,33.018692404153654,5.899622110836122,9.999999999999986,7.866162814448162
46.13333333333333,0.12638200058049537,28.084889017887864,0.33307091154370594,0.30181896124569335,0.7923785799106319,0.11698264953167323,0.796359884605301,0.6319100029024768,0.5995276407786707,1.1280781110924703e-18,0.09356387798616493,1.1093300118748846,0.058491324765836614,48.569989362077315,33.03440553583943,5.902782244472736,9.999999999999986,7.8703763259636474
46.166666666666664,0.12633530593823036,28.074512430717856,0.3329478510842104,0.3017074475146286,0.7920858180129137,0.11693942768880002,0.7960656517259747,0.6316765296911518,0.5993061319515787,1.095762179601409e-18,0.09352930872953485,1.108920145218079,0.05846971384440001,48.5520440987672,33.05011286196643,5.905941210529142,9.999999999999986,7.874588280705522
46.2,0.1262886285482721,28.064139677393804,0.33282483609196084,0.301595974984631,0.7917931642821673,0.11689622181513556,0.7957715275571048,0.6314431427413605,0.5990847049655296,1.0644141704582196e-18,0.0934947522452356,1.1085104299950341,0.05844811090756778,48.534105465707825,33.06581438469512,5.9090990094398395,9.999999999999986,7.878798679253118
46.233333333333334,0.12624196840419796,28.05377075648844,0.33270186655003126,0.3014845436403625,0.791500618678125,0.11685303190473495,0.7954775120582216,0.6312098420209898,0.5988633597900562,1.0339384966718783e-18,0.09346020852851236,1.108100866149375,0.058426515952367475,48.516173460430934,33.08151010618596,5.912255641639326,9.999999999999986,7.883007522185767
46.266666666666666,0.1261953254995854,28.043405666574532,0.33257894244149516,0.3013731534664849,0.791208181160519,0.11680985795165325,0.7951836051888546,0.6309766274979269,0.5986420963946913,1.0042395712513433e-18,0.09342567757461032,1.1076914536247267,0.05840492897582662,48.498248080468244,33.09720002859939,5.915411107562101,9.999999999999986,7.887214810082801
46.3,0.12614869982801175,28.033044406224832,0.3324560637494263,0.3012618044476602,0.7909158516890816,0.11676669994994553,0.7948898069085338,0.6307434991400587,0.5984209147489674,9.752218072055695e-19,0.09339115937877467,1.1072821923647143,0.05838334997497276,48.480329323351484,33.11288415409588,5.918565407642663,9.999999999999986,7.89142054352355
46.333333333333336,0.12610209138305442,28.022686974012096,0.33233323045689844,0.3011504965685502,0.7906236302235448,0.11672355789366683,0.7945961171767892,0.6305104569152721,0.5981998148224172,9.467896175435196e-19,0.09335665393625056,1.1068730823129627,0.05836177894683341,48.46241718661238,33.12856248483589,5.921718542315512,9.999999999999986,7.895624723087349
46.36666666666667,0.12605550015829087,28.012333368509086,0.3322104425469852,0.30103922981381687,0.7903315167236408,0.11668043177687226,0.7943025359531506,0.6302775007914543,0.5979787965845733,9.18847415274164e-19,0.09332216124228322,1.106464123413097,0.05834021588843613,48.444511667782656,33.14423502297987,5.924870512015144,9.999999999999986,7.899827349353526
46.4,0.12600892614729847,28.00198358828855,0.3320877000027602,0.30092800416812204,0.7900395111491016,0.11663732159361687,0.7940090631971478,0.6300446307364923,0.5977578600049684,8.912996134064607e-19,0.09328768129211783,1.1060553156087423,0.05831866079680843,48.426612764394044,33.159901770688286,5.928021317176061,9.999999999999986,7.904028422901414
46.43333333333333,0.12596236934365462,27.991637631923254,0.33196500280729735,0.30081681961612755,0.7897476134596598,0.11659422733795573,0.7937156988683105,0.6298118467182731,0.5975370050531352,8.640506249493722e-19,0.09325321408099954,1.1056466588435236,0.058297113668977864,48.408720473978256,33.17556273012159,5.931170958232759,9.999999999999986,7.908227944310345
46.46666666666667,0.1259158297409367,27.981295497985936,0.33184235094367015,0.3007056761424954,0.7894558236150473,0.11655114900394391,0.7934224429261687,0.6295791487046836,0.5973162316986063,8.370048629118552e-19,0.09321875960417357,1.1052381530610662,0.058275574501971954,48.39083479406703,33.19121790344025,5.934319435619739,9.999999999999986,7.912425914159651
46.5,0.12586930733272222,27.970957185049386,0.3317197443949524,0.3005945737318874,0.7891641415749964,0.11650808658563647,0.7931292953302524,0.6293465366636111,0.5970955399109144,8.100667403028877e-19,0.0931843178568851,1.1048297982049948,0.05825404329281823,48.372955722192096,33.2068672928047,5.937466749771497,9.999999999999986,7.916622333028662
46.53333333333333,0.12582280211575705,27.96062269239046,0.3315971831525684,0.30048351237653254,0.7888725673191054,0.11646504008002141,0.7928362560600573,0.6291140105787852,0.5968749296746232,7.840463719557234e-19,0.09314988883672508,1.1044215942467475,0.058232520040010706,48.35508325710289,33.22251089930956,5.940612900908174,9.999999999999986,7.920817201210897
46.54274316037493,0.12580967704444768,27.957706009877263,0.3315625929463285,0.30045216775965133,0.7887902769192257,0.11645289115367105,0.7927535521922171,0.6290483852222384,0.5968126673033913,7.768509391669481e-19,0.0931401720054919,1.104306387686916,0.058226445576835525,48.35003914820332,33.22692596205545,5.941500832643873,9.999999999999986,7.92200111019183
46.56666666666666,0.1257763140808723,27.950292017971623,0.331474667192354,0.300372492054534,0.7885811007898875,0.11642200947861173,0.7925433250578078,0.6288815704043615,0.5966544009462372,7.588179161861171e-19,0.09311547253690554,1.1040135411058425,0.05821100473930586,48.3372173952757,33.2381487260391,5.943757889650061,9.999999999999986,7.925010519533414
46.6,0.12572984322143976,27.93996516031995,0.331352196496841,0.3002615127500626,0.7882897419457859,0.11637899477527215,0.7922505022817382,0.6286492161071988,0.5964339536943138,7.343082319191959e-19,0.0930810689525194,1.1036056387241002,0.058189497387636076,48.31935813416322,33.25378077522296,5.94690171644557,9.999999999999986,7.929202288594093
46.63333333333333,0.12568338953117061,27.92964211803792,0.3312297710494557,0.3001505744480997,0.7879984907473714,0.11633599596418157,0.7919577876922214,0.628416947655853,0.5962135878890203,7.105042597685896e-19,0.09304667807891091,1.10319788704632,0.05816799798209078,48.301505471348584,33.26940704897659,5.950044381720149,9.999999999999986,7.933392508960198
46.666666666666664,0.12563695300377595,27.91932288972799,0.3311073908336242,0.3000396771336267,0.7877073471552148,0.11629301303951885,0.7916651812496298,0.6281847650188798,0.5959933035005236,6.873929403479125e-19,0.09301229991142428,1.1027902860173007,0.058146506519759424,48.28365940441493,33.28502754941545,5.953185885899249,9.999999999999986,7.937581181198997
46.7,0.125590533632967,27.909007473992663,0.33098505583277277,0.2999288207916248,0.7874163111298869,0.11625004599546286,0.7913726829143363,0.627952668164835,0.595773100498991,6.649612142707788e-19,0.09297793444540368,1.1023828355818415,0.05812502299773143,48.26581993094537,33.300642278655026,5.956326229408318,9.999999999999986,7.941768305877757
46.733333333333334,0.1255441314124549,27.898695869434427,0.3308627660303276,0.29981800540707537,0.7871253826319583,0.11620709482619251,0.7910802926467134,0.6277206570622745,0.5955529788545897,6.431960221508176e-19,0.09294358167619336,1.1019755356847416,0.05810354741309626,48.24798704852305,33.31625123881076,5.959465412672806,9.999999999999986,7.945953883563741
46.766666666666666,0.12549774633595084,27.888388074655744,0.3307405214097149,0.29970723096495977,0.7868345616220003,0.11616415952588668,0.7907880104071341,0.6274887316797542,0.5953329385374868,6.220843046016435e-19,0.09290924159913752,1.1015683862708003,0.05808207976294334,48.23016075473111,33.331854431998124,5.962603436118164,9.999999999999986,7.950137914824218
46.8,0.12545137839716594,27.878084088259097,0.33061832195436086,0.29959649745025924,0.7865438480605833,0.11612124008872424,0.7904958361559709,0.6272568919858297,0.5951129795178496,6.016130022368758e-19,0.09287491420958036,1.1011613872848165,0.05806062004436212,48.21234104715266,33.347451860332576,5.965740300169841,9.999999999999986,7.954320400226454
46.833333333333336,0.1254050275898114,27.867783908846977,0.3304961676476918,0.2994858048479551,0.7862532419082783,0.11607833650888405,0.7902037698535963,0.6270251379490569,0.5948931017658452,5.817690556701296e-19,0.09284059950286609,1.1007545386715896,0.058039168254442025,48.19452792337084,33.363043525929584,5.968876005253287,9.999999999999986,7.958501340337715
46.86666666666667,0.12535869390759832,27.85748753502185,0.3303740584731337,0.29937515314302887,0.7859627431256561,0.11603544878054502,0.7899118114603834,0.6267934695379916,0.5946733052516407,5.625394055150327e-19,0.09280629747433895,1.1003478403759184,0.05801772439027251,48.176721380968786,33.37862943090462,5.972010551793951,9.999999999999986,7.962680735725267
46.9,0.12531237734423797,27.847194965386223,0.33025199441411307,0.2992645423204617,0.7856723516732873,0.115992576897886,0.7896199609367048,0.6265618867211898,0.5944535899454035,5.439109923852005e-19,0.09277200811934312,1.0999412923426022,0.057996288448943,48.158921417529626,33.394209577373125,5.975143940217284,9.999999999999986,7.966858586956377
46.93333333333333,0.12526607789344144,27.83690619854254,0.330129975454056,0.2991539723652349,0.7853820675117431,0.11594972085508591,0.7893282182429331,0.6263303894672072,0.5942339558173008,5.25870756894252e-19,0.09273773143322282,1.0995348945164403,0.057974860427542955,48.14112803063649,33.40978396745058,5.9782761709487335,9.999999999999986,7.97103489459831
46.96666666666667,0.1252197955489199,27.826621233093313,0.33000800157638854,0.29904344326232984,0.7850918906015939,0.1159068806463236,0.7890365833394408,0.6260989777445995,0.5940144028374994,5.084056396558029e-19,0.09270346741132225,1.0991286468422314,0.0579534403231618,48.1233412178725,33.42535260325244,5.981407244413751,9.999999999999986,7.975209659218334
47.0,0.12517353030438455,27.81634006764101,0.3298860727645371,0.2989329549967279,0.7848018209034109,0.11586405626577795,0.7887450561866012,0.6258676515219227,0.5937949309761668,4.9150258128348e-19,0.09266921604898565,1.0987225492647752,0.057932028132888974,48.105560976820804,33.440915486894184,5.984537161037785,9.999999999999986,7.979382881383713
47.03333333333333,0.1251272821535465,27.80606270078811,0.3297641890019278,0.2988225075534104,0.7845118583777646,0.11582124770762786,0.7884536367447865,0.6256364107677325,0.59357554020347,4.751485223908991e-19,0.09263497734155722,1.0983166017288704,0.05791062385381393,48.08778730506453,33.456472620491255,5.987665921246287,9.999999999999986,7.983554561661715
47.06666666666666,0.12508105109011694,27.7957891311371,0.3296423502719869,0.29871210091735856,0.784222002985226,0.1157784549660522,0.7881623249743694,0.6254052554505847,0.5933562304895764,4.593304035916793e-19,0.09260075128438115,1.0979108041793164,0.0578892274830261,48.070020200186796,33.472024006159124,5.990793525464705,9.999999999999986,7.987724700619606
47.1,0.12503483710780702,27.78551935729045,0.32952055655814055,0.29860173507355375,0.7839322546863658,0.11573567803522984,0.7878711208357229,0.625174185539035,0.593137001804653,4.440351654994369e-19,0.09256653787280165,1.0975051565609122,0.05786783901761492,48.05225965977074,33.48756964601326,5.99391997411849,9.999999999999986,7.991893298824652
47.13333333333333,0.12498864020032792,27.775253377850653,0.32939880784381503,0.2984914100069774,0.783642613441755,0.11569291690933968,0.7875800242892196,0.6249432010016396,0.5929178541188671,4.2924974872779763e-19,0.09253233710216298,1.097099658818457,0.05784645845466984,48.0345056813995,33.50310954216913,5.997045267633091,9.999999999999986,7.9960603568441195
47.166666666666664,0.12494246036139081,27.764991191420183,0.32927710411243655,0.2983811257026106,0.7833530792119643,0.11565017158256058,0.7872890352952321,0.624712301806954,0.5926987874023858,4.149610938903777e-19,0.0924981489678093,1.09669431089675,0.05782508579128029,48.016758262656204,33.518643696742174,6.000169406433956,9.999999999999986,8.000225875245274
47.2,0.12489629758470684,27.75473279660152,0.32915544534743124,0.29827088214543496,0.7830636519575643,0.11560744204907142,0.786998153814133,0.6244814879235342,0.5924798016253763,4.0115614160079344e-19,0.09246397346508484,1.09628911274059,0.05780372102453571,47.99901740112397,33.53417211184788,6.003292390946538,9.999999999999986,8.004389854595384
47.233333333333334,0.12485015186398718,27.74447819199715,0.3290338315322255,0.2981606793204316,0.7827743316391262,0.1155647283030511,0.7867073798062952,0.6242507593199359,0.5922608967580059,3.878218324726701e-19,0.0924298105893338,1.0958840642947767,0.05778236415152555,47.98128309438595,33.5496947896017,6.006414221596285,9.999999999999986,8.008552295461712
47.266666666666666,0.124804023192943,27.734227376209557,0.32891226265024526,0.29805051721258197,0.7824851182172206,0.1155220303386785,0.7864167132320915,0.624020115964715,0.5920420727704415,3.7494510711962417e-19,0.09239566033590041,1.0954791655041087,0.05776101516933925,47.96355534002526,33.5652117321191,6.0095348988086466,9.999999999999986,8.012713198411527
47.3,0.12475791156528543,27.723980347841206,0.32879073868491693,0.2979403958068673,0.7821960116524183,0.11547934815013249,0.7861261540518945,0.6237895578264271,0.5918233296328504,3.625129061552748e-19,0.09236152270012887,1.0950744163133854,0.05773967407506624,47.94583413562504,33.580722941515546,6.012654423009072,9.999999999999986,8.016872564012095
47.333333333333336,0.12471181697472565,27.71373710549459,0.32866925961966664,0.29783031508826896,0.7819070119052901,0.11543668173159193,0.7858357022260766,0.6235590848736282,0.5916046673154,3.5051217019323896e-19,0.09232739767736338,1.094669816667406,0.05771834086579596,47.92811947876841,33.596228419906495,6.015772794623013,9.999999999999986,8.021030392830683
47.36666666666667,0.12466573941497483,27.703497647772185,0.32854782543792066,0.29772027504176835,0.7816181189364069,0.11539403107723573,0.7855453577150109,0.6233286970748741,0.5913860857882572,3.389298398471411e-19,0.09229328526294818,1.0942653665109696,0.05769701553861786,47.91041136703851,33.611728169407414,6.018890014075916,9.999999999999986,8.025186685434555
47.4,0.12461967887974415,27.693261973276478,0.32842643612310524,0.2976102756523466,0.7813293327063395,0.11535139618124275,0.7852551204790699,0.6230983943987207,0.5911675850215894,3.27752855730598e-19,0.09225918545222744,1.0938610657888752,0.057675698090621376,47.89270979801847,33.62722219213377,6.022006081793234,9.999999999999986,8.029341442390978
47.43333333333333,0.12457363536274475,27.683030080609946,0.32830509165864646,0.29750031690498524,0.7810406531756586,0.1153087770377919,0.7849649904786264,0.6228681768137238,0.5909491649855636,3.169681584572289e-19,0.09222509824054542,1.093456914445922,0.05765438851889595,47.875014769291425,33.64271049020102,6.025120998200414,9.999999999999986,8.033494664267218
47.46666666666667,0.1245276088576878,27.672801968375065,0.32818379202797054,0.29739039878466544,0.7807520803049353,0.11526617364106202,0.784674967674053,0.6226380442884389,0.590730825650347,3.0656268864065106e-19,0.09219102362324628,1.0930529124269093,0.05763308682053101,47.857326278440496,33.65819306572463,6.028234763722909,9.999999999999986,8.037646351630544
47.5,0.12448159935828446,27.662577635174323,0.3280625372145038,0.2972805212763686,0.7804636140547401,0.11522358598523202,0.7843850520257226,0.6224079967914222,0.5905125669861069,2.9652338689448823e-19,0.09215696159567427,1.092649059676636,0.05761179299261601,47.83964432304882,33.67366992082007,6.031347378786165,9.999999999999986,8.04179650504822
47.53333333333333,0.1244356068582459,27.6523570796102,0.3279413272016724,0.2971706843650761,0.780175254385644,0.11518101406448077,0.7840952434940077,0.6221780342912294,0.5902943889630103,2.8683719383235764e-19,0.09212291215317359,1.0922453561399015,0.05759050703224038,47.82196890069953,33.68914105760279,6.034458843815634,9.999999999999986,8.045945125087512
47.56666666666666,0.12438963135128325,27.64214030028517,0.3278201619729026,0.2970608880357692,0.7798870012582176,0.11513845787298715,0.783805542039281,0.6219481567564162,0.5900762915512247,2.774910500678784e-19,0.09208887529108845,1.0918418017615046,0.05756922893649358,47.80430000897575,33.70460647818827,6.037569159236765,9.999999999999986,8.050092212315686
47.6,0.12434367283110773,27.631927295801717,0.32769904151162044,0.2969511322734291,0.7795988546330319,0.11509591740493004,0.7835159476219155,0.6217183641555386,0.5898582747209168,2.684718962146682e-19,0.09205485100476303,1.0914383964862446,0.05754795870246502,47.78663764546062,33.72006618469196,6.0406783254750085,9.999999999999986,8.05423776730001
47.63333333333333,0.12429773129143047,27.62171806476233,0.3275779658012523,0.2968414170630374,0.7793108144706579,0.11505339265448832,0.7832264602022834,0.6214886564571523,0.5896403384422542,2.5976667288635004e-19,0.09202083928954159,1.091035140258921,0.05752669632724416,47.76898180773726,33.73552017922932,6.043786342955812,9.999999999999986,8.058381790607749
47.666666666666664,0.12425180672596264,27.611512605769477,0.3274569348252244,0.2967317423895752,0.7790228807316659,0.11501088361584087,0.7829370797407578,0.6212590336298132,0.589422482685404,2.5136232069654154e-19,0.09198684014076833,1.0906320330243322,0.057505441807920436,47.751332493388816,33.750968463915825,6.046893212104628,9.999999999999986,8.06252428280617
47.7,0.12420589912841538,27.601310917425646,0.32733594856696285,0.296622108238024,0.7787350533766271,0.11496839028316658,0.7826478061977112,0.6210294956420769,0.5892047074205331,2.4324578025886024e-19,0.09195285355378743,1.0902290747272778,0.05748419514158329,47.73368969999841,33.76641104086694,6.049998933346904,9.999999999999986,8.066665244462538
47.733333333333334,0.12416000849249992,27.59111299833332,0.3272150070098939,0.296512514593365,0.7784473323661122,0.11492591265064431,0.7823586395335165,0.6208000424624995,0.5889870126178091,2.354039921869287e-19,0.09191887952394313,1.089826265312557,0.057462956325322154,47.71605342514917,33.78184791219812,6.053103507108092,9.999999999999986,8.070804676144121
47.766666666666666,0.12411413481192733,27.580918847094964,0.32709411013744377,0.2964029614405795,0.7781597176606923,0.11488345071245296,0.7820695797085462,0.6205706740596366,0.5887693982473988,2.2782389709436496e-19,0.09188491804657964,1.089423604724969,0.05744172535622648,47.69842366642423,33.79727908002483,6.056206933813638,9.999999999999986,8.074942578418183
47.8,0.12406827808040886,27.57072846231308,0.3269732579330387,0.29629344876464886,0.7778722092209376,0.1148410044627714,0.7817806266831732,0.6203413904020443,0.5885518642794697,2.204924355947881e-19,0.09185096911704115,1.0890210929093125,0.0574205022313857,47.68080042140673,33.812704546462534,6.059309213888995,9.999999999999986,8.079078951851994
47.833333333333336,0.1240224382916556,27.560541842590137,0.32685245038010485,0.29618397655055445,0.7775848070074193,0.1147985738957785,0.7814917804177698,0.620112191458278,0.5883344106841888,2.1339654830181603e-19,0.09181703273067188,1.0886187298103869,0.05739928694788925,47.66318368767978,33.8281243136267,6.062410347759613,9.999999999999986,8.083213797012816
47.86666666666667,0.12397661543937877,27.550358986528618,0.3267316874620685,0.2960745447832776,0.7772975109807082,0.11475615900565315,0.7812030408727092,0.6198830771968938,0.5881170374317233,2.0652317582907125e-19,0.09178310888281606,1.0882165153729915,0.05737807950282658,47.64557346282653,33.84353838363278,6.065510335850939,9.999999999999986,8.087347114467917
47.9,0.12393080951728952,27.540179892731008,0.32661096916235577,0.2959651534477996,0.7770103211013751,0.11471375978657425,0.7809144080083639,0.6196540475864476,0.5878997444922404,1.9985925879017129e-19,0.09174919756881787,1.087814449541925,0.057356879893287124,47.62796974443011,33.858946758596254,6.068609178588424,9.999999999999986,8.091478904784564
47.93333333333333,0.123885020519099,27.53000455979978,0.3264902954643929,0.2958558025291018,0.7767232373299909,0.11467137623272065,0.7806258817851065,0.619425102595495,0.5876825318359072,1.933917377987359e-19,0.09171529878402156,1.0874125322619872,0.05733568811636033,47.61037253007365,33.87434944063258,6.071706876397518,9.999999999999986,8.095609168530023
47.96666666666667,0.12383924843851837,27.51983298633742,0.3263696663516062,0.29574649201216546,0.7764362596271263,0.11462900833827125,0.7803374621633098,0.6191962421925918,0.5874653994328911,1.8710755346838265e-19,0.0916814125237713,1.0870107634779766,0.057314504169135624,47.59278181734027,33.88974643185721,6.074803429703671,9.999999999999986,8.09973790627156
48.0,0.1237934932692588,27.5096651709464,0.3262490818074217,0.295637221881972,0.776149387953352,0.11458665609740491,0.7800491491033466,0.618967466346294,0.5872483472533591,1.8099364641273398e-19,0.09164753878341132,1.0866091431346927,0.057293328048702456,47.57519760381311,33.90513773438561,6.077898838932332,9.999999999999986,8.103865118576442
