time_h,plasma_mg_l,free_plasma_nm,liver_mg_l,kidney_mg_l,brain_mg_l,lung_mg_l,rest_mg_l,amount_blood_mg,amount_liver_mg,amount_gut_depot_mg,amount_kidney_mg,amount_brain_mg,amount_lung_mg,amount_rest_mg,hepatic_eliminated_mg,renal_eliminated_mg,presystemic_loss_mg,auc_to_time_mg_h_l
0.0,20.0,4444.444444444444,0.0,0.0,0.0,0.0,0.0,100.0,0.0,0.0,0.0,0.0,0.0,0.0,0.0,0.0,0.0,0.0
1e-05,19.985575208416627,4441.238935203695,3.878065214111206e-05,0.0001650918704741171,2.4931570657014057e-05,0.14338958774455512,2.0221365535290106e-06,99.92787604208313,6.980517385400171e-05,0.0,5.11784798469763e-05,3.490419891981968e-05,0.07169479387227756,0.00012333010839973437,1.8305303526858963e-10,0.00014994590051928952,0.0,0.0001999278673590528
1.03131007630134e-05,19.98512373536606,4441.138607859124,4.124338349006588e-05,0.00017557459765765637,2.6514866580807574e-05,0.14785946927042817,2.1505547352460326e-06,99.9256186768303,7.423809028211859e-05,0.0,5.442812527387348e-05,3.71208132131306e-05,0.07392973463521409,0.00013116233330265554,2.0077700790025237e-10,0.00015463897164565,0.0,0.0002061852955275334
1.063600473480678e-05,19.98465813736824,4441.035141637387,4.3862383950521416e-05,0.00018672236655180606,2.8198632013073976e-05,0.15246805638270078,2.287121914259983e-06,99.92329068684118,7.895229111093855e-05,0.0,5.788393363105988e-05,3.947808481830356e-05,0.07623402819135039,0.00013949156555071636,2.2021701477476128e-10,0.00015947887213984112,0.0,0.00021263849618645495
1.0969018854594994e-05,19.98417797285147,4440.928438411438,4.664756098110726e-05,0.0001985773302347871,2.998923703729297e-05,0.15721961295490125,2.4323547715030344e-06,99.92088986425735,8.396560976599307e-05,0.0,6.1558972372784e-05,4.198493185221015e-05,0.07860980647745062,0.00014834931751397007,2.415325437607823e-10,0.00016447019218076135,0.0,0.00021929358957434848
1.1312459671883222e-05,19.98368278646218,4440.818396991596,4.960944070591806e-05,0.00021118426942708338,3.1893449640797144e-05,0.16211853148506694,2.586802265576833e-06,99.91841393231088,8.929699327065252e-05,0.0,6.546712352239585e-05,4.4650829497115995e-05,0.08105926574253347,0.00015776907017753104,2.6491325973512355e-10,0.00016961766521722944,0.0,0.00022615688695630596
1.1666653647365719e-05,19.98317210863562,4440.704913030138,5.275921934285066e-05,0.00022459081613996043,3.391846864995073e-05,0.1671693366382804,2.7510483006031487e-06,99.9158605431781,9.496659481713119e-05,0.0,6.962315300338773e-05,4.748585610993102e-05,0.0835846683191402,0.00016778643585378604,2.905591168146566e-10,0.00017492617242554585,0.0,0.00023323489656739451
1.2031937463246046e-05,19.982645455154064,4440.587878923126,5.610880134186166e-05,0.00023884761409242457,3.607194830231705e-05,0.17237668910694826,2.9257137206637486e-06,99.91322727577031,0.000100995842415351,0.0,7.404276036865162e-05,5.050072762324387e-05,0.08618834455347413,0.00017843927982328202,3.1868901604930106e-10,0.00018040074730443388,0.0,0.00024053432973924522
1.2408658343273257e-05,19.98210232669112,4440.467183709138,5.96708438329304e-05,0.0002540085074999351,3.836202683425897e-05,0.1777453895178147,3.1114586288146408e-06,99.91051163345558,0.00010740751889927473,0.0,7.874263732497987e-05,5.370683756796256e-05,0.08887269475890736,0.00018976786177140494,3.495430148887003e-10,0.00018604658041200973,0.0,0.000248062107216013
1.2797174382798401e-05,19.98154220834203,4440.342712964895,6.345880406609027e-05,0.00027013074264553306,4.079735699097083e-05,0.18328038243634115,3.3089848619939652e-06,99.90771104171014,0.0001142258473189625,0.0,8.374053022011524e-05,5.711629978735916e-05,0.09164019121817057,0.00020181498673301195,3.8338437319298205e-10,0.00019186902424902298,0.0,0.00025582536566536403
1.31978548891654e-05,19.98096456913946,4440.214348697658,6.748698982693789e-05,0.0002872751820789909,4.3387138450562894e-05,0.18898676047289176,3.5190386212057823e-06,99.9048228456973,0.0001214765816884882,0.0,8.905530644448718e-05,6.074199383078805e-05,0.09449338023644588,0.00021462616550734068,4.2050179722877207e-10,0.00019787359829281806,0.0,0.00026383146439042413
1.3611080732759181e-05,19.980368861554332,4440.081969234297,7.177061301281182e-05,0.0003055065322284972,4.6141152281370555e-05,0.1948697684924437,3.7424132666486943e-06,99.90184430777165,0.00012918710342306127,0.0,9.470702499083414e-05,6.459761319391877e-05,0.09743488424622185,0.00022824978513290387,4.612119008173836e-10,0.0002040659941865865,0.0,0.00027208799224878207
1.403724470904557e-05,19.979754520981285,4439.945449106953,7.63258465662332e-05,0.0003248935852575471,4.90697975590014e-05,0.20093480792952453,3.979952288053958e-06,99.89877260490641,0.00013738652381921975,0.0,0.0001007170114298396,6.869771658260195e-05,0.10046740396476227,0.00024273729004841094,5.058619046583736e-10,0.00021045208108863838,0.0,0.0002806027747848512
1.4476751911946399e-05,19.979120965208296,4439.804658935177,8.116988497425955e-05,0.0003455094760506257,5.2184130277398204e-05,0.2071874412100177,4.232552461127866e-06,99.89560482604146,0.0001461057929536672,0.0,0.00010710793757569397,7.305778238835749e-05,0.10359372060500885,0.00025814337460418856,5.548325968874627e-10,0.0002170379111865359,0.0,0.0002893838815820479
1.493002011890501e-05,19.978467593869926,4439.659465304428,8.632100855521139e-05,0.00036743195526534,5.549590469644365e-05,0.21363339628144226,4.5011672016625095e-06,99.89233796934963,0.0001553778153993805,0.0,0.00011390390613225541,7.769426657502111e-05,0.10681669814072113,0.0002745261876293965,6.085415801610308e-10,0.0002238297253810888,0.0,0.00029843963384145177
1.53974801880085e-05,19.977793787883797,4439.509730640843,9.179865176779989e-05,0.00039074367944591526,5.9017617277370976e-05,0.22027857125325712,4.786810129588231e-06,99.88896893941899,0.0001652375731820398,0.0,0.00012113054062823372,8.262466418831936e-05,0.11013928562662856,0.0002919475498035862,6.674468330088735e-10,0.00023083395914535852,0.0,0.00030777861219381136
1.5879576467543417e-05,19.977098908869667,4439.355313082148,9.762347579205237e-05,0.0004155325192535854,6.276255336649848e-05,0.22712903914866206,5.090558855992016e-06,99.88549454434833,0.00017572225642569427,0.0,0.0001288150809686115,8.786757471309786e-05,0.11356451957433103,0.00031047318462695307,7.320506158834884e-10,0.00023805724856395063,0.0,0.0003174096647519342
1.6376767218375162e-05,19.97638229855069,4439.196066344598,0.00010381744564669123,0.00044189188693376116,6.67448367976334e-05,0.23419105276931812,5.413559006923727e-06,99.88191149275343,0.00018687140216404422,0.0,0.00013698648494946597,9.344277151668676e-05,0.11709552638465906,0.0003301729638322781,8.029037552813227e-10,0.0002455064365580548,0.0,0.0003273419154107397
1.6889525049551807e-05,19.975643278136253,4439.031839585835,0.00011040391212375225,0.0004699210842078592,7.09794825938808e-05,0.24147104967430552,5.7570284986552816e-06,99.87821639068126,0.00019872704182275405,0.0,0.00014567553610443635,9.937127563143312e-05,0.12073552483715276,0.00035112116813298564,8.80610342543654e-10,0.0002531885793018239,0.0,0.00033758477240243193
1.7418337367546668e-05,19.974881147685895,4438.862477263532,0.00011740769883834892,0.0004997256718498323,7.548245296062134e-05,0.2489756572745593,6.122262079953046e-06,99.87440573842947,0.00021133385790902807,0.0,0.000154914958273448,0.00010567543414486988,0.12448782863727965,0.0003733967642563363,9.658328874904275e-10,0.0002611109528358618,0.0,0.0003481479371144825
1.7963706839567072e-05,19.974095185453667,4438.687818989704,0.00012485519470961857,0.0005314178622838118,8.02707167731008e-05,0.2567116980439233,6.510636157871496e-06,99.87047592726833,0.0002247393504773134,0.0,0.00016473953730798165,0.00011237900348234111,0.12835584902196165,0.00039708369926858255,1.0592979709294355e-09,0.00026928105988375584,0.0,0.0003590414131783412
1.8526151871368822e-05,19.97328464721239,4438.507699380531,0.0001327744522080672,0.0005651169366200527,8.536231277443206e-05,0.264686194847831,6.923613924579369e-06,99.86642323606195,0.00023899401397452094,0.0,0.00017518625035221636,0.00011950723788420488,0.1323430974239155,0.0004222712132600957,1.1618024443487453e-09,0.00027770663687774397,0.0,0.00037027551583699203
1.9106207100031592e-05,19.972448765557232,4438.321947901608,0.00014119529172488906,0.0006009496876320705,9.077641671292668e-05,0.27290637639052295,7.362750803794089e-06,99.86224382778614,0.0002541515251048003,0.0,0.00018629440316594184,0.00012708698339809735,0.13645318819526148,0.0004490541715234015,1.2742202297795456e-09,0.00028639566119980763,0.0,0.00038186088159974365
1.9704423902162825e-05,19.971586749187914,4438.130388708426,0.00015014941244034037,0.0006390508902683451,9.653341266153086e-05,0.28137968278154557,7.829700236525083e-06,99.85793374593956,0.00027026894239261267,0.0,0.00019810577598318698,0.0001351467777261432,0.14068984139077279,0.0004775334174256648,1.3975097779485132e-09,0.00029535635864463475,0.0,0.00039380847819284637
2.032137091801349e-05,19.970697782168997,4437.932840482,0.00015967051009105768,0.0006795638013879062,0.00010265496877683811,0.2901137712221384,8.326219827019687e-06,99.85348891084499,0.0002874069181639038,0.0,0.00021066477843025092,0.00014371695628757336,0.1450568856110692,0.0005078161472499307,1.5327222484683514e-09,0.0003045972111110953,0.0,0.0004061296148147938
2.0957634592004368e-05,19.969781023167503,4437.729116259445,0.0001697944020603422,0.0007226406905105673,0.00010916411777070455,0.2991165218119531,8.85417787106786e-06,99.84890511583751,0.00030562992370861597,0.0,0.00022401861405827586,0.00015282976487898637,0.14955826090597654,0.0005400163083564289,1.6810104819899735e-09,0.00031412696452906693,0.0,0.00041883595270542263
2.161381973017563e-05,19.968835604667248,4437.519023259389,0.00018055916024094755,0.0007684434034797923,0.00011608534238393686,0.308396043476341,9.415560290156854e-06,99.84417802333624,0.0003250064884337056,0.0,0.0002382174550787356,0.0001625194793375116,0.1541980217381705,0.0005742550220966666,1.8436388410123897e-09,0.00032395463702861486,0.0,0.0004319395160381532
2.2290550075090836e-05,19.967860632159084,4437.302362702018,0.00019200525537774448,0.0008171439761603081,0.00012344466820909424,0.31796067996894634,1.0012478160855576e-05,99.83930316079541,0.0003456094596799401,0.0,0.0002533146326096955,0.0001728225354927319,0.15898033998447317,0.0006106610430305816,2.0219881874556693e-09,0.00033408952735884,0.0,0.0004454527031451199
2.2988468898740817e-05,19.966855183306773,4437.078929623727,0.00020417570086832937,0.0008689252417124547,0.00013126975627728504,0.3278190161251899,1.0647175228100406e-05,99.83427591653385,0.00036751626156299286,0.0,0.000269366824930861,0.00018377765878819903,0.16390950806259494,0.0006493712171618438,2.217578640173527e-09,0.00034454122356350936,0.0,0.0004593882980846791
2.3708239614011376e-05,19.965818307087318,4436.8485126860705,0.00021711621048764467,0.0009239814988555593,0.00013959000455053975,0.33797988417080027,1.1322036139551092e-05,99.82909153543659,0.0003908091788777604,0.0,0.0002864342646452234,0.00019542600637075566,0.16898994208540014,0.0006905309841512211,2.4320851364277766e-09,0.0003553196119214304,0.0,0.0004737594825619071
2.4450546405296573e-05,19.96474902290451,4436.61089397878,0.00023087537781713827,0.0009825192772493724,0.00014843666324006224,0.3484523699834963,1.2039595797882592e-05,99.82374511452254,0.00041557568007084887,0.0,0.00030458097594730543,0.00020781132853608714,0.17422618499174816,0.0007342949477128593,2.6673329227967377e-09,0.0003664348861595841,0.0,0.0004885798482127787
2.5216094878855864e-05,19.96364631967625,4436.365848816945,0.00024550485000689583,0.0010447580716981333,0.0001578429466737367,0.35924581969936803,1.2802548438403223e-05,99.81823159838125,0.0004419087300124125,0.0,0.00032387500222642136,0.0002209801253432314,0.17962290984968401,0.0007808274292582126,2.9253234535443492e-09,0.00037789755694641046,0.0,0.0005038634092618805
2.600561273353467e-05,19.962509154893905,4436.113145531979,0.0002610595184010322,0.0011109311502571298,0.0001678441559481159,0.3703698463555405,1.3613757579848258e-05,99.81254577446951,0.0004699071331218579,0.0,0.0003443886565797102,0.00023498181832736225,0.18518492317777024,0.0008303030747949453,3.2082514180725303e-09,0.00038971846167405673,0.0,0.0005196246155654089
2.6819850452484794e-05,19.961336453653033,4435.85254525623,0.0002775977209398289,0.0011812864121383954,0.00017847780916153196,0.38183433664836397,1.4476266590335648e-05,99.80668226826516,0.000499675897691692,0.0,0.0003661987877629026,0.0002498689328261447,0.19091716832418199,0.0008829074993445712,3.5185234151849906e-09,0.00040190877453794894,0.0,0.0005358783660505985
2.765958201654262e-05,19.960127107654763,4435.583801701058,0.00029518145705400043,0.0012560872984281133,0.000189783779689221,0.39364945780519633,1.5393309905892574e-05,99.80063553827381,0.0005313266226972008,0.0,0.0003893870625127151,0.0002656972915649094,0.19682472890259817,0.0009388379711603882,3.8587784335342524e-09,0.0004144800169224341,0.0,0.0005526400225632454
2.85256056399438e-05,19.958879974176853,4435.30666092819,0.0003138766158087139,0.0013356137588049128,0.0002018044429886061,0.40582566456746516,1.6368324941174858e-05,99.79439987088426,0.0005649779084556851,0.0,0.000414040265229523,0.0002825262201840485,0.20291283228373258,0.0009983041381622546,4.231910313053879e-09,0.0004274440681014834,0.0,0.0005699254241353111
2.9418744529072375e-05,19.957593875013668,4435.020861114149,0.0003337532180995588,0.0014201632776344685,0.00021458483245164085,0.41837370628225523,1.7404964734336394e-05,99.78796937506833,0.0006007557925792058,0.0,0.00044025061606668524,0.0003004187654322972,0.20918685314112762,0.0010615287991471768,4.641092379101473e-09,0.0004408131762636589,0.0,0.0005877509016848784
3.033984766496726e-05,19.956267595384034,4434.726132307564,0.000354885673749824,0.0015100519630127202,0.00022817280485155333,0.4313046340992667,1.8507111370477877e-05,99.78133797692017,0.0006387942127496831,0.0,0.00046811610853394326,0.00031944192679217464,0.21565231704963336,0.0011287487224854458,5.089804459602772e-09,0.0004545999698708418,0.0,0.0006061332931611223
3.1289790610328485e-05,19.95489988280617,4434.422196179149,0.00037735305440809427,0.0016056157025371675,0.00024261921596337586,0.44462980826947185,1.9678890230706575e-05,99.77449941403084,0.0006792354979345697,0.0,0.0004977408677865219,0.0003396669023487262,0.22231490413473592,0.0012002155151707942,5.581862515847249e-09,0.00046881746936042553,0.0,0.000625089959147234
3.226947634179082e-05,19.95348944593863,4434.10876576414,0.00040123938319767727,0.001707211389804537,0.00025797810697153814,0.4583609055413099,2.0924685116591746e-05,99.76744722969313,0.0007222308897558191,0.0,0.0005292355308394065,0.00036116934976015335,0.22918045277065496,0.0012761965452609306,6.121451139919818e-09,0.0004834790992009673,0.0,0.000644638798934623
3.327983610825664e-05,19.95203495338635,4433.785545196967,0.00042663394212472155,0.0018152182258636467,0.0002743069023135362,0.47250992664971975,2.2249154302702824e-05,99.76017476693174,0.0007679410958244988,0.0,0.0005627176500177305,0.00038402966323895066,0.23625496332485987,0.0013569759209218454,6.713159196249907e-09,0.0004985987003115568,0.0,0.0006647982670820757
3.432183031610225e-05,19.950535032470352,4433.452229437857,0.0004536316080016204,0.0019300391454210297,0.0002916666257661677,0.48708920375668696,2.365724806634888e-05,99.75267516235175,0.0008165368944029168,0.0,0.0005983121350805192,0.0004083332760726348,0.24354460187834348,0.0014428555595666181,7.362001466824204e-09,0.0005141905428556202,0.0,0.0006855873904741603
3.5396449442101054e-05,19.948988267962164,4433.108503991592,0.0004823331700666655,0.0020521021482883205,0.0003101221052245382,0.5021114085101969,2.5154225312662736e-05,99.74494133981082,0.0008681997061199979,0.0,0.0006361516659693794,0.0004341709473143534,0.25105570425509843,0.0015341562018193003,8.07351293636348e-09,0.0005302693394188698,0.0,0.0007070257858918263
3.650471497492984e-05,19.947393200777462,4432.754044617214,0.0005128457315175176,0.0021818620135573554,0.0003297422307368531,0.5175895592973893,2.6745674500460136e-05,99.7369660038873,0.0009231223167315317,0.0,0.0006763772242027802,0.00046163912303159426,0.25879477964869463,0.0016312186877830638,8.853734238031772e-09,0.0005468502585847884,0.0,0.0007291336781130511
3.764768038615356e-05,19.945748326632675,4432.388517029483,0.000545283086740905,0.002319801889767366,0.0003506001974759005,0.5335370292207203,2.8437533361536583e-05,99.72874163316337,0.000981509556133629,0.0,0.0007191385858278834,0.0004908402764662607,0.26676851461036016,0.0017344051597201163,9.709285718664812e-09,0.0005639489389164767,0.0,0.0007519319185553021
3.882643213161257e-05,19.944052094660883,4432.011576591308,0.0005797661335860724,0.002466435037976386,0.00037277377114123904,0.549967553975055,3.0236110436619264e-05,99.7202604733044,0.0010435790404549304,0.0,0.0007645948617726796,0.0005218832795977346,0.2749837769875275,0.001844100375529409,1.0647426136738424e-08,0.0005815815033578691,0.0,0.0007754420044771588
4.004209068416216e-05,19.94230290598633,4431.622867996963,0.0006164233121841466,0.0026223066873020217,0.0003963455704450424,0.5668952397557339,3.214810799742791e-05,99.71151452993165,0.001109561961931464,0.0,0.0008129150730636268,0.0005548837986230593,0.28344761987786693,0.0019607131067631285,1.1676114305458874e-08,0.0005997645740659989,0.0,0.000799686098754665
4.129581159874845e-05,19.940499112256393,4431.222024945865,0.0006553910704207857,0.002787996002699231,0.0004214033667696752,0.5843345712072442,3.418064636250462e-05,99.70249556128196,0.0011797039267574143,0.0,0.0008642787608367617,0.0005899647134775453,0.2921672856036221,0.0020846776216491567,1.2804076694484459e-08,0.0006185152876865566,0.0,0.000824687050248742
4.258878661083112e-05,19.938639014129873,4430.808669806639,0.0006968143576355377,0.0029641181715535105,0.0004480404020121071,0.6023004194017422,3.634128968924429e-05,99.69319507064935,0.001254265843743968,0.0,0.0009188766331815882,0.0006272565628169499,0.3011502097008711,0.0022164552581470094,1.4040881566722461e-08,0.0006378513110852607,0.0,0.0008504684147803475
4.3922244769197726e-05,19.936720859720324,4430.382413271183,0.0007408471482096795,0.0031513266160323513,0.00047635572568742706,0.6208080498357242,3.863807332920271e-05,99.68360429860161,0.0013335248667774233,0.0,0.0009769112509700288,0.0006668980159623978,0.3104040249178621,0.002356536092348073,1.5397020282444756e-08,0.000657790857547902,0.0,0.000877054476730536
4.5297453604247436e-05,19.934742842992975,4429.942853998439,0.0007876530027705309,0.0033503153664566055,0.0005064545561957885,0.6398731303482807,4.1079533142735794e-05,99.67371421496487,0.0014177754049869557,0.0,0.0010385977636015477,0.0007090363786741038,0.3199365651741404,0.002505440726375456,1.68839857130461e-08,0.0006783527034623823,0.0,0.0009044702712831765
4.671572033285293e-05,19.93270310211492,4429.489578247761,0.0008374056462391324,0.0035618214976053833,0.0005384486531610683,0.659511739264503,4.367473571824571e-05,99.6635155105746,0.0015073301632304384,0.0,0.0011041646642576688,0.0007538281144254956,0.3297558696322515,0.0026637221314558058,1.8514389244582416e-08,0.0006995562054956893,0.0,0.0009327416073275856
4.8178393100946615e-05,19.930599717755726,4429.022159501273,0.0008902895990225583,0.0037866277967323054,0.000572456723791898,0.6797403732671391,4.6433311347049366e-05,99.65299858877862,0.001602521278240605,0.0,0.0011738546169870146,0.0008014394133086571,0.33987018663356955,0.002831967659056541,2.0302055389948485e-08,0.0007214213182804118,0.0,0.000961895091040549
4.968686226501331e-05,19.92843071133763,4428.5401580750295,0.0009465008529114056,0.004025565622769066,0.0006086048579650238,0.7005759551274079,4.936548932739318e-05,99.64215355668814,0.0017037015352405302,0.0,0.0012479253430584104,0.0008520468011510333,0.35028797756370395,0.00301080119407771,2.2262113822178655e-08,0.0007439686126247051,0.0,0.0009919581501662733
5.1242561713705045e-05,19.926194043235483,4428.043120718996,0.0010062475596621628,0.004279517805842875,0.0006470269718422203,0.7220358417572332,5.248213397087695e-05,99.63097021617742,0.0018112456073918932,0.0,0.0013266505198112912,0.0009058377605791083,0.3610179208786166,0.0032008853508837852,2.4411151374541026e-08,0.0007672192942593442,0.0,0.001022959059012459
5.2846970230837276e-05,19.923887610923185,4427.530580205153,0.0010697507748363064,0.004549421785015849,0.0006878652869365976,0.7441378319987135,5.57947834821234e-05,99.61943805461591,0.0019255513947053515,0.0,0.0014103207533549132,0.0009630114017112366,0.37206891599935676,0.003402923844574706,2.6767352612012652e-08,0.0007911952231376289,0.0,0.0010549269641835053
5.450161290105955e-05,19.921509247065817,4427.002054903515,0.0011372452460864206,0.004836272932426556,0.0007312708378373954,0.7669001743158652,5.931569116518795e-05,99.60754623532908,0.002047041442955557,0.0,0.0014992446090522323,0.0010237791729723535,0.3834500871579326,0.0036176640041648135,2.935065398238103e-08,0.0008159189333029285,0.0,0.0010878919110705715
5.620806255953782e-05,19.919056717555993,4426.4570483457765,0.0012089802494816405,0.0051411280792902645,0.0007774040108989809,0.7903415743519013,6.305786914362432e-05,99.59528358777996,0.002176164449066953,0.0,0.001593749704579982,0.0010883656152585732,0.39517078717595067,0.003845899439069647,3.218291098375619e-08,0.000841413653339371,0.0,0.0011218848711191613
5.796794128702756e-05,19.916527719492397,4425.8950487760885,0.0012852204870718892,0.005465109304061541,0.000826435122268755,0.814481202180726,6.703513527046067e-05,99.58263859746198,0.0023133968767294006,0.0,0.0016941838842590776,0.0011570091711762568,0.407240601090363,0.004088472900145397,3.528806086533463e-08,0.0008677033274217389,0.0,0.0011569377698956518
5.978292195175599e-05,19.91391987910146,4425.315528689213,0.0013662469946190926,0.005809407742397001,0.0008785450030457302,0.8393386999835362,7.126216063265942e-05,99.5695993955073,0.0024592445903143666,0.0,0.0018009164001430702,0.0012299630042640222,0.4196693499917681,0.004346279176985898,3.869237943814595e-08,0.0008948126369794523,0.0,0.001193083515972603
6.165472979958253e-05,19.911230749594935,4424.71794435443,0.001452358189570605,0.006175288025626293,0.0009339256737532546,0.8649341883395799,7.575452427683827e-05,99.55615374797468,0.002614244741227089,0.0,0.0019143392879441509,0.0013074959432545564,0.43246709416978996,0.004620268435644366,4.2424604996853465e-08,0.0009227670229940705,0.0,0.0012303560306587606
6.358514409394608e-05,19.90845780896943,4424.10173532654,0.0015438708907374971,0.006564092557832594,0.0009927810017470032,0.8912882735106414,8.052876658142216e-05,99.54228904484714,0.002778967603327495,0.0,0.0020348686929281042,0.0013898934024458044,0.4456441367553207,0.004911449473800938,4.6516240178011096e-08,0.0009515927089431967,0.0,0.0012687902785909286
6.557599980715923e-05,19.905598457740965,4423.466323942436,0.0016411214326856663,0.0069772462049942615,0.001055327419284718,0.9184220540081576,8.560244754284568e-05,99.52799228870482,0.0029540185788341994,0.0,0.002162946323548221,0.0014774583869986053,0.4592110270040788,0.005220893275638158,5.10018183900441e-08,0.000981316724410706,0.0,0.0013084222992142743
6.762918936465819e-05,19.902650016614356,4422.81111480319,0.0017444668472355366,0.00741626126516534,0.0011217946848801287,0.9463571268454,9.0994208576333e-05,99.51325008307177,0.003140040325023966,0.0,0.002299040992201255,0.0015705125588321802,0.4731785634227,0.00554973678107055,5.591919299326574e-08,0.0010119669293801262,0.0,0.0013492892391735016
6.974666444386341e-05,19.899609724085167,4422.135494241148,0.001854286126370495,0.007882742784526837,0.0011924266970282336,0.9751155932893047,9.672383856543245e-05,99.49804862042583,0.003337715027466891,0.0,0.0024436502632033197,0.001669397375839527,0.4875577966446524,0.005899186914105726,6.130983252826374e-08,0.0010435720392292297,0.0,0.0013914293856389726
7.193043782936473e-05,19.89647473397476,4421.438829772169,0.001970981523871307,0.008378394017528512,0.0012674823334096253,1.0047200647266745,0.000102812341993955,99.4823736698738,0.003547766742968353,0.0,0.0025973021454338387,0.0017744752667734752,0.5023600323633373,0.006270524738211315,6.721920839790702e-08,0.0010761616504430375,0.0,0.0014348822005907165
7.418258532619108e-05,19.893242112891603,4420.720469531467,0.0020949800114650197,0.008905022570303947,0.0013472363887554828,1.0351936670353927,0.00010928201506192477,99.46621056445801,0.003770964020637036,0.0,0.0027605569967942235,0.0018861309442576757,0.5175968335176964,0.006665110098626792,7.369707685280835e-08,0.001109766267066251,0.0,0.0014796883560883344
7.650524773298479e-05,19.88990883762504,4419.979741694454,0.002226734718155123,0.009464546423670525,0.0014319805032494937,1.066560045880889,0.00011615652107061644,99.44954418812519,0.0040081224926792215,0.0,0.0029340093913378627,0.002004772704549291,0.5332800229404445,0.007084386220096897,8.079797440946219e-08,0.0011444173279100299,0.0,0.0015258897705467062
7.890063287695763e-05,19.886471792463364,4419.215953880747,0.0023667264977676396,0.010059000511376157,0.0015220241731247548,1.0988433709189114,0.00012346097246806762,99.43235896231681,0.004260107695981751,0.0,0.0031182901585266086,0.0021308338423746565,0.5494216854594557,0.007529884710827444,8.858167723934954e-08,0.0011801472345355198,0.0,0.0015735296460473594
8.137101771255919e-05,19.88292776643545,4418.428392541211,0.002515465609071313,0.010690543777686455,0.0016176958336555278,1.1320683391402262,0.00013122201876713114,99.41463883217725,0.004527838096328364,0.0,0.003314068571082801,0.0022647741671177387,0.5660341695701131,0.008003230924607328,9.711366490832092e-08,0.0012169893800331232,0.0,0.0016226525067108307
8.391875048585711e-05,19.879273450476855,4417.61632232819,0.0026734934487560834,0.01136146643213047,0.001719343976916975,1.1662601782119468,0.00013946793730490223,99.39636725238427,0.0048122882077609504,0.0,0.0035220545939604457,0.0024070815676837647,0.5831300891059734,0.008506149496225987,1.0646570890590535e-07,0.001254978178615973,0.0,0.0016733042381546306
8.654625296668259e-05,19.875505434512732,4416.778985447274,0.0028413844759143532,0.012074198046655722,0.0018273383919503968,1.201444647886121,0.00014822873391118476,99.37752717256366,0.005114492056645836,0.0,0.003743001394463274,0.0025582737487305552,0.6007223239430605,0.009040470481243158,1.1671635032504344e-07,0.0012941490960506703,0.0,0.0017255321280675601
8.925602275066448e-05,19.871620204465405,4415.915600992313,0.0030197481138414532,0.012831315490295838,0.0019420713921752565,1.2376480424978826,0.00015753624259220574,99.35810102232702,0.005435546604914616,0.0,0.00397770780199171,0.002718899949045359,0.6188240212489413,0.009608135435698629,1.27951666710313e-07,0.0013345386809408323,0.0,0.0017793849079211096
9.205063563334193e-05,19.86761413917565,4415.025364261255,0.003209230838891916,0.013635551678667838,0.002063959162589456,1.274897191626963,0.00016742423491766394,99.33807069587824,0.005776615510005449,0.0,0.00422702102038703,0.0028895428276252385,0.6374485958134815,0.010211204087628325,1.4026596629751733e-07,0.001376184596888774,0.0,0.0018349127958516985
9.493274805860892e-05,19.86348350724004,4414.107446053342,0.0034105183677603425,0.014489804720123518,0.002193443170894001,1.3132194601831113,0.0001779285346103215,99.3174175362002,0.006138933061968617,0.0,0.004491839463238291,0.0030708204392516014,0.6566097300915557,0.010851861325883509,1.537625856486038e-07,0.0014191256555541542,0.0,0.0018921675407388722
9.790509964381984e-05,19.859224463757958,4413.1609919462135,0.0036243380495746876,0.015397147952110325,0.0023309917098343386,1.3526427464394655,0.0001890871427662584,99.29612231878978,0.0065238084892344375,0.0,0.0047731158651542005,0.0032633883937680736,0.6763213732197327,0.0115324248373141,1.6855461688428988e-07,0.0014634018506330814,0.0,0.001951202467510775
0.00010097051578395834,19.854833046995946,4412.185121554655,0.0038514612538908524,0.01636083988665137,0.0024771014389540443,1.3931954809619098,0.00020094036308312431,99.27416523497972,0.006932630257003534,0.0,0.005071860364861925,0.0034679420145356616,0.6965977404809549,0.012255352744439752,1.8476595900684285e-07,0.001509054392774422,0.0,0.002012072523699229
0.00010413191033733974,19.850305174958606,4411.178927768579,0.004092705961028342,0.017384335025890724,0.0026322990562474826,1.434906623554789,0.00021353093761956532,99.25152587479303,0.007366870729851017,0.0,0.005389143858026124,0.0036852186787464753,0.7174533117773945,0.01302325188541729,2.0253234175358186e-07,0.0015561257454593995,0.0,0.002074834327279199
0.00010739228839540625,19.84563664186668,4410.141475970373,0.004348939504007502,0.01847129530574406,0.002797143067803579,1.4778056589520372,0.00022690419051713692,99.2281832093334,0.007828091107213504,0.0,0.005726101544780659,0.00391600029492501,0.7389028294760186,0.013838886579640181,2.2200243431580638e-07,0.001604659661865221,0.0,0.0021395462158202948
0.00011075474913924204,19.840823114537656,4409.07180323059,0.004621081531229298,0.01962560248597444,0.0029722256992428934,1.5219225902998867,0.00024110818321991908,99.20411557268827,0.008317946756212738,0.0,0.006083936770652077,0.0041611159789400505,0.7609612951499434,0.014705188094582865,2.433389369447733e-07,0.0016547012227360932,0.0,0.0022062682969814576
0.00011422248878552749,19.835860128676888,4407.968917483753,0.004910106974141294,0.020851370472518418,0.00315817481285275,1.567287933475232,0.000256193870224125,99.17930064338444,0.00883819255345433,0.0,0.0064639248464807095,0.00442144473799385,0.783643966737616,0.015625264144969384,2.6672006728509956e-07,0.0017062968752790267,0.0,0.0022750625003720355
0.00011779880362473155,19.83074308506832,4406.831796681849,0.005217049230061901,0.022152958549280437,0.0033556559632980294,1.6139327093072104,0.0002722152660745923,99.1537154253416,0.009390688614111421,0.0,0.006867417150276936,0.004697918348617241,0.8069663546536052,0.016602409077889384,2.9234108857252684e-07,0.0017594944731112942,0.0,0.002345992630815059
0.00012148709315442846,19.825467245656977,4405.659387923773,0.005543003703321218,0.02353498618284787,0.003565374682478067,1.6618884317097802,0.00028922963091457113,99.12733622828488,0.009977406665978192,0.0,0.007295845716682839,0.004991524555469294,0.8309442158548901,0.017640115189479694,3.204156490344031e-07,0.0018143433172849064,0.0,0.0024191244230465417
0.00012529086331072175,19.820027729538424,4404.450606564094,0.005889131326594276,0.025002347625721344,0.0037880787549321887,1.7111870970462775,0.0003072976553582831,99.1001386476921,0.010600436387869696,0.0,0.007750727763973617,0.0053033102569050635,0.8555935485231387,0.01874208400030169,3.5117764103231443e-07,0.001870894198402272,0.0,0.0024945255978696956
0.00012921372980084133,19.814419508844765,4403.204335298837,0.00625666226612282,0.026560227263898114,0.0040245606126136394,1.7618611718837087,0.0003264836550768829,99.07209754422382,0.011261992079021076,0.0,0.008233670451808416,0.005634384857659095,0.8809305859418544,0.019912238123139088,3.848832437462826e-07,0.0019291994398498154,0.0,0.0025722659197997535
0.0001332594215400864,19.808637404521036,4401.919423226897,0.0066468999154298955,0.028214116190891845,0.004275659915289137,1.8139435776846857,0.00034685578044504645,99.04318702260518,0.011964419847773812,0.0,0.008746376019176471,0.005985923881404792,0.9069717888423429,0.021154734049343385,4.218129932913411e-07,0.001989312942174309,0.0,0.0026524172562324114
0.00013743178419637923,19.802676081986235,4400.594684885829,0.007061225279020348,0.02996983047521213,0.004542266380870012,1.8674676710276659,0.00036848624643847115,99.01338040993117,0.012710205502236626,0.0,0.00929064744731576,0.0063591729332180165,0.9337338355138329,0.022473976170282357,4.62273731868816e-07,0.0020512902286263096,0.0,0.002735053638168412
0.00014173478384579716,19.79653004670153,4399.228899267007,0.007501101204338169,0.03183352858035792,0.004825322523811797,1.9224672269702507,0.00039145155522790257,98.98265023350764,0.013501982167808705,0.0,0.009868393859910956,0.006755451533336515,0.9612336134851254,0.023874630353349777,5.066014462511761e-07,0.0021151884918812025,0.0,0.0028202513225082694
0.00014617251074256315,19.79019363962003,4397.82080880445,0.007968077014677565,0.0338117305132768,0.005125826650840281,1.978976417814836,0.00041583273963331476,98.95096819810013,0.014342538626419618,0.0,0.010481636459115809,0.007176157311176393,0.989488208907418,0.02536163879023587,5.551640399669351e-07,0.002181066641971963,0.0,0.0029080888559626164
0.00015074918320707138,19.7836610325144,4396.369118336534,0.008463793599067545,0.0359113389542819,0.005444836149636435,2.037029786504691,0.00044171563031806773,98.91830516257198,0.015234828478321579,0.0,0.011132515075827389,0.007622770609491009,1.0185148932523456,0.02694023629309895,6.083639792201675e-07,0.0022489853554565134,0.0,0.002998647140608684
0.0001554691516356495,19.776926223202,4394.872494044889,0.008989988490695289,0.03813966016871303,0.005783470774945242,2.0966622212332684,0.00046919112290484053,98.88463111601,0.016181979283251522,0.0,0.01182329465230104,0.008096859084923339,1.0483311106166342,0.028615966585966227,6.666416980872798e-07,0.002319007125831246,0.0,0.0030920095011083273
0.0001603369026358666,19.769983030656302,4393.329562368068,0.009548501162821394,0.04050442576094257,0.006142916076976104,2.1579089280671786,0.0004983554567005133,98.8499151532815,0.01718730209307851,0.0,0.012556371985892196,0.008600082507766546,1.0789544640335893,0.030394699304164306,7.304793970503269e-07,0.002391196315216889,0.0,0.0031882617536225176
0.0001653570632913161,19.76282508998497,4391.738908885549,0.010141278968433944,0.04301381725310533,0.006524427241568695,2.2208053956136,0.000529310526763345,98.81412544992483,0.0182543021431811,0.0,0.013334283348462652,0.009134198138196173,1.1104026978068,0.03228264902729641,8.004045171638184e-07,0.0024656192073465636,0.0,0.0032874922764620836
0.0001705344055599329,19.755445847302983,4390.099077178441,0.01077038306109894,0.04567649037955089,0.006929332924066291,2.2853873610354376,0.0005621641956180188,98.77722923651491,0.019386689509978093,0.0,0.014159712017660775,0.009701066093692806,1.1426936805177188,0.03428639429074297,8.769941327526273e-07,0.0025423440618622976,0.0,0.0033897920824830625
0.00017587385081001822,19.747838554489633,4388.408567664363,0.011437994536396785,0.04850160020455542,0.007359039228410932,2.3516907740654722,0.0005970306168431533,98.73919277244816,0.02058839016551421,0.0,0.01503549606341218,0.010302654919775304,1.1758453870327361,0.03641289732126392,9.608798868654554e-07,0.0026214411699448754,0.0,0.003495254893259833
0.0001813804744982904,19.73999626380134,4386.665836400299,0.012146421414646894,0.05149882995276534,0.00781503422379,2.4197517503178103,0.0006340306021708783,98.6999813190067,0.02186355854636441,0.0,0.015964637285357255,0.010941047913306001,1.2098758751589052,0.03866952642640187,1.0527524118357826e-06,0.00270298291130923,0.0,0.0036039772150789724
0.0001870595109944055,19.73191182239215,4384.869293864922,0.012898105283819464,0.05467841801698365,0.008298892253376372,2.489606530472556,0.000673291972011023,98.65955911196073,0.023216589510875036,0.0,0.01695030958526493,0.01161844915472692,1.244803265236278,0.04106407737295229,1.1533674198221998e-06,0.002787043812558893,0.0,0.0037160584167451895
0.0001929163585565317,19.723577866692757,4383.017303709502,0.013695628709333024,0.05805118830358178,0.008812278734435632,2.5612914298118414,0.0007149499457864029,98.61788933346378,0.024652131676799444,0.0,0.017995868374110352,0.012337190228209885,1.2806457149059207,0.043604797193512713,1.2635515391895697e-06,0.002873700606940316,0.0,0.003831600809253754
0.00019895658446271358,19.71498681666373,4381.1081814808285,0.014541723056563706,0.06162858224470763,0.00935695522658272,2.6348427830779264,0.0007591475540958014,98.57493408331864,0.026175101501814672,0.0,0.019104860495859365,0.013099737317215808,1.3174213915389632,0.04630040932430293,1.3842086029147362e-06,0.0029630322955061707,0.0,0.0039507097273415595
0.00020518593030289536,19.70613086994722,4379.140193321605,0.015439276174861821,0.06542268988472145,0.009934784420572038,2.710296892388039,0.0008060360446930101,98.5306543497361,0.027790697114751278,0.0,0.02028103386426365,0.01390869818880085,1.3551484461940195,0.04916013836582669,1.5163274531111891e-06,0.0030551202096917468,0.0,0.004073493612922328
0.00021161031743664044,19.697001995858095,4377.111554635132,0.016391341295675158,0.06944628634783945,0.010547735902260517,2.78768995922724,0.0008557753511962569,98.48500997929047,0.029504414332215286,0.0,0.02152834876783023,0.014766830263164723,1.39384497961362,0.052193738669459706,1.6609889087748112e-06,0.0031500480753467457,0.0,0.004200064100462327
0.00021823585262173287,19.687591929295635,4375.020428732363,0.017401145311821943,0.07371286510025142,0.011197891534775083,2.867058026232529,0.0009085345312684559,98.43795964647818,0.0313220615612795,0.0,0.02285098818107794,0.015677048148685115,1.4335290131162646,0.055411521062063124,1.819375273549848e-06,0.003247902078197795,0.0,0.0043305361042637255
0.0002250688338190073,19.67789216448435,4372.8649254409665,0.018472098537066096,0.07823667780178366,0.011887451785025264,2.9484368993107664,0.0009644922811965484,98.38946082242175,0.033249777366718976,0.0,0.024253370118552935,0.016642432499035367,1.4742184496553832,0.05882438423017749,1.992778698894073e-06,0.0033487709307961373,0.0,0.004465027907728182
0.0002321157561789343,19.667893948627665,4370.643099695037,0.019607804065172308,0.08303277193472429,0.01261874180742854,3.031862076470066,0.001023837431180366,98.33946974313831,0.03529404731731015,0.0,0.02574015929976453,0.017666238530399954,1.515931038235033,0.06244384492769052,2.1826118754656835e-06,0.0034527459409221706,0.0,0.004603661254562893
0.0002393833182156402,19.657588275432236,4368.352950096052,0.020812067721354226,0.08811703083110474,0.013394217912480001,3.1173686694233034,0.0010867694719477606,98.28794137716118,0.037461721898437605,0.0,0.02731627955764247,0.018751905077472,1.5586843347116517,0.06628207009409393,2.390419366848306e-06,0.003559921081475245,0.0,0.004746561441966992
0.00024687842817423984,19.646965878475672,4365.992417439039,0.02208890926467479,0.09350621915493747,0.014216474836699607,3.2049913087090607,0.0011534991462952948,98.23482939237836,0.039760036676414624,0.0,0.028986927938030614,0.019903064771379448,1.6024956543545303,0.07035191293255003,2.6178885073086523e-06,0.0036703930618678946,0.0,0.004893857415823859
0.0002546082105975307,19.636017224524664,4363.559383227703,0.02344257245068257,0.09921802264075776,0.015088252304934083,3.2947640658545905,0.0012242489839172175,98.18008612262331,0.042196630411228626,0.0,0.030757587018634906,0.021123553226907715,1.6473820329272952,0.0746669455291111,2.866864268943211e-06,0.0037842614008811015,0.0,0.005045681867841468
0.00026258001309828705,19.62473250664702,4361.051668143783,0.02487753757340493,0.10527109898203585,0.01601244317119747,3.386720341784672,0.001299253963854837,98.1236625332351,0.044779567632128876,0.0,0.03263404068443111,0.022417420439676455,1.693360170892336,0.07924149925550651,3.139361714199595e-06,0.003901628501054085,0.0,0.005202171334738779
0.00027080141334360157,19.613101637293397,4358.467030509644,0.02639853254657262,0.11168512142556139,0.016992100650670115,3.480892776728244,0.0013787621040565958,98.06550818646697,0.047517358583830716,0.0,0.03462238764192403,0.02378894091093816,1.740446388364122,0.08409070072641178,3.4375832357175718e-06,0.004022599724530154,0.0,0.005363466299373536
0.00027928022625790073,19.601114241195564,4355.803164710126,0.028010546084058053,0.11848083168581244,0.018030446891788204,3.577313131653335,0.001463035159380381,98.00557120597782,0.050418982951304495,0.0,0.03672905782260186,0.025242625648503485,1.7886565658266675,0.08923051437060944,3.7639343206316118e-06,0.004147283470425013,0.0,0.005529711293900015
0.0002880245114514911,19.58875964820524,4353.057699601164,0.02971884024000353,0.12568008934509342,0.019130881159306633,3.6760121796240837,0.00155234928866193,97.94379824102619,0.05349391243200636,0.0,0.03896082769697896,0.026783233623029284,1.8380060898120418,0.09467778311549112,4.1210428993367285e-06,0.004275791253657517,0.0,0.005701055004876688
0.00029704258088169373,19.57602688598937,4350.228196886527,0.031528964315769875,0.13330592709140301,0.020296988896754624,3.7770195788923338,0.0016469957931351923,97.88013442994685,0.056752135768385774,0.0,0.04132483739833494,0.02841578445545647,1.8885097894461669,0.10045027342331539,4.5117788215699955e-06,0.004408237785272253,0.0,0.005877650380363002
0.0003063430067538469,19.56290467265612,4347.312149479138,0.03344676855054867,0.1413826043622968,0.02153255066950849,3.8803637498815906,0.0017472818457114066,97.8145233632806,0.060204183390987605,0.0,0.04382860735231201,0.030145570937311884,1.9401818749407953,0.10656671976993869,4.939276459313512e-06,0.004544741054210132,0.0,0.006059654738946841
0.00031593462966969207,19.549381409244518,4344.306979832115,0.03547841924071591,0.14993566705057398,0.022841552028383186,3.9860717329449233,0.0018535312949830409,97.74690704622259,0.06386115463328863,0.0,0.04648005678567794,0.03197817283973646,1.9930358664724617,0.11304687368101567,5.406957648245896e-06,0.004685422410541558,0.0,0.006247229880722076
0.00032582656703088604,19.535445172175493,4341.210038261221,0.03763041318940016,0.15899200342834724,0.02422819296962342,4.0941690562769235,0.001966085437233477,97.67722586087746,0.06773474374092028,0.0,0.049287521062787644,0.033919470157472785,2.0470845281384618,0.11991155081686976,5.918558910559583e-06,0.004830406650101575,0.0,0.006440542200135431
0.0003360282217056268,19.52108370554435,4338.018601232078,0.03990959437508372,0.16857990975411252,0.025696898816749414,4.204679573393759,0.00208530390365358,97.60541852772174,0.0718372698751507,0.0,0.05225977202377488,0.03597565834344918,2.1023397866968794,0.12718268508383185,6.478157959030014e-06,0.004979822100555496,0.0,0.00663976280074066
0.0003465492909666339,19.5062844134301,4334.729869651133,0.04232316898641548,0.1787291475173154,0.027252330092421936,4.317625324170803,0.002211565466745634,97.5314220671505,0.07618170417554786,0.0,0.05540603573036777,0.03815326212939071,2.1588126620854013,0.13488337781681622,7.0902065939995785e-06,0.005133800708793984,0.0,0.006845067611725311
0.0003573997757089748,19.491034352011905,4331.340967113757,0.04487872380556627,0.18947101556425677,0.02889939452798955,4.433026349454105,0.0023452690197164534,97.45517176005951,0.08078170285001929,0.0,0.0587360148249196,0.040459152339185366,2.2165131747270523,0.1430379575125065,7.759561259512861e-06,0.005292478129713329,0.0,0.007056637506284438
0.000368589989956505,19.47532022176932,4327.8489381709605,0.04758424179409883,0.20083840833979275,0.030643257330846295,4.550900545406053,0.002486834416103334,97.37660110884659,0.0856516352293779,0.0,0.06225990658533575,0.04290056026318481,2.2754502727030266,0.15167203103814234,8.49152250717511e-06,0.005455993816229539,0.0,0.007274658421639385
0.00038013057066595374,19.459128359473514,4324.25074654967,0.050448121811639844,0.21286589258649902,0.032489354087575605,4.671263460250807,0.002636703522627384,97.29564179736757,0.09080661926095172,0.0,0.06598842670181469,0.04548509572260584,2.3356317301254035,0.16081254784504415,9.291871165303224e-06,0.005624491110604071,0.0,0.0074993214808054265
0.00039203248783797667,19.44244473027965,4320.543273395478,0.05347919558447352,0.2255897702891736,0.034443401957829106,4.7941281298985325,0.0027953411350195097,97.21222365139825,0.09626255205205234,0.0,0.06993282878964381,0.048220762740960744,2.3970640649492663,0.1704878558248399,1.0166913807992636e-05,0.005798117336906525,0.0,0.007730823115875364
0.00040430705494478827,19.425254919678153,4316.723315484034,0.0566867477397138,0.23904815499158932,0.03651141283320348,4.919504870740612,0.0029632360530854464,97.12627459839075,0.10203614593148484,0.0,0.07410492804739269,0.051115977966484864,2.459752435370306,0.18072776687768138,1.1123527350961896e-05,0.005977023894657792,0.0,0.007969365192877055
0.0004169659396842801,19.407544125486254,4312.78758344139,0.060080535018233655,0.25328104327025264,0.03869970600826939,5.047401084038786,0.0031409021173101404,97.03772062743126,0.10814496303282058,0.0,0.07851712341377831,0.05417958841157715,2.523700542019393,0.19156362013474548,1.2169210021314596e-05,0.006161366353519423,0.0,0.008215155138025896
0.00043002117507085483,19.38929714984665,4308.732699965923,0.06367080572671804,0.2683303862658055,0.041014921035195086,5.1778210568969145,0.0033288792611853696,96.94648574923325,0.11460745030809248,0.0,0.08318241974239972,0.057420889449273115,2.5889105284484573,0.2030283461396957,1.3312137088845396e-05,0.0063513045489749205,0.0,0.008468406065299893
0.0004434851708735161,19.37049839115182,4304.555198033738,0.06746832163248233,0.2842401715103121,0.0434640321555204,5.31076572876648,0.0035277346916649916,96.85249195575909,0.12144297893846819,0.0,0.08811445316819676,0.06084964501772856,2.65538286438324,0.21515653884464783,1.4561217715574588e-05,0.006547002678957317,0.0,0.008729336905276422
0.0004573707254120787,19.351131836119798,4300.251519137733,0.07148437745304338,0.30105649233918436,0.046054361249504586,5.446232491353449,0.0037380639511415546,96.75565918059898,0.12867187941547809,0.0,0.09332751262514716,0.06447610574930641,2.7231162456767244,0.22798452038012343,1.5926161938826917e-05,0.006748629401252893,0.0,0.008998172535003856
0.0004716910377227306,19.331181051816515,4295.818011514781,0.07573082304109043,0.31882762865620196,0.048793592526328554,5.584214950199693,0.00396049212086847,96.65590525908257,0.13631548147396277,0.0,0.0988365648834226,0.06831102953685997,2.7921074750998467,0.241550414451768,1.741754898614794e-05,0.006956357931666195,0.0,0.00927514390888826
0.00048645972010448804,19.310629177766323,4291.2509283925165,0.08022008541504164,0.33760412567042064,0.051689787157704684,5.724702687755443,0.004195675020981957,96.55314588883161,0.14439615374707496,0.0,0.10465727895783039,0.07236570202078656,2.8623513438777217,0.25589421952968955,1.9046902392966717e-05,0.007170366142789816,0.0,0.00956048819038642
0.000501690811058488,19.289458918183755,4286.546426263057,0.08496519030914997,0.35743886901381955,0.054751397651365455,5.867681032319167,0.004444300390782894,96.44729459091876,0.15293734255646993,0.0,0.11080604939428407,0.07665195671191163,2.9338405161595835,0.2710578808338487,2.082677288750929e-05,0.007390836663256221,0.0,0.009854448884341628
0.0005173987886324115,19.267652534304062,4281.700563178681,0.08997978423587152,0.3783871608060722,0.05798728259385445,6.013130818730483,0.004707089100095836,96.33826267152031,0.16196361162456874,0.0,0.11730001984988239,0.08118219563139623,3.0065654093652414,0.2870853642148451,2.2770827665845647e-05,0.007617956977358239,0.0,0.010157275969810985
0.0005335985841827132,19.24519183673862,4276.709297053027,0.09527815929253927,0.40050680701573355,0.06140672317488291,6.16102810925524,0.004984796505640533,96.22595918369309,0.1715006867265707,0.0,0.12415711017487739,0.08596941244483607,3.08051405462762,0.3040227388790161,2.4893942487228863e-05,0.007851919524927394,0.0,0.010469226033236526
0.0005503055965677615,19.222058178202925,4271.568484045094,0.10087527319288736,0.4238581809175865,0.0650194367472686,6.311343979971407,0.005278213569871254,96.11029089101461,0.18157549174719725,0.0,0.1313960360844518,0.09102721144617602,3.1556719899857035,0.3219182456264478,2.7212310501532925e-05,0.008092921801208226,0.0,0.010790562401610969
0.0005675357067853532,19.198232446233902,4266.273876940867,0.10678677400064521,0.44850430683204806,0.06883559341054848,6.464044239388501,0.0055881682251356,95.99116223116951,0.19221619320116137,0.0,0.1390363351179349,0.09636983077476786,3.2320221196942507,0.3408223800510203,2.9743551310676808e-05,0.008341166456700461,0.0,0.011121555275600615
0.0005853052930685375,19.173695056187384,4260.821123597197,0.11302902344959202,0.47451093549558265,0.07286583175917509,6.619089164891318,0.0059155266721199595,95.86847528093692,0.20345224220926564,0.0,0.14709839000363062,0.10201216446284511,3.309544582445659,0.36078797173259636,3.2506831714256586e-05,0.008596861396699195,0.0,0.011462481862265592
0.0006036312464540928,19.148425944559506,4255.205765457668,0.11961911849167206,0.5019466093026371,0.07712127357218763,6.7764332616901894,0.00626119459468946,95.74212972279753,0.21531441328500972,0.0,0.1556034488838175,0.10796978300106268,3.3882166308450947,0.3818702583301102,3.552299930175344e-05,0.008860219880337635,0.0,0.011813626507116847
0.0006225309868384435,19.122404562499618,4249.423236111026,0.12657491487132555,0.5308827350659506,0.08161353984646705,6.936024990733071,0.006626118484884316,95.61202281249808,0.22783484676838597,0.0,0.1645736478704447,0.11425895578505386,3.4680124953665357,0.4041269663930945,3.88147226468337e-05,0.009131460618975107,0.0,0.012175280825300143
0.0006420224795363042,19.095609869635947,4243.4688599190995,0.13391505067539708,0.5613936546215076,0.08635476688214937,7.097806493995541,0.007011286974063232,95.47804934817974,0.24104709121571474,0.0,0.17403203293266734,0.1208966736350091,3.5489032469977704,0.42761839254811657,4.24066423585981e-05,0.009410807873675243,0.0,0.01254774383156699
0.0006621242523577621,19.068020328358447,4237.337850746322,0.14165896728965324,0.5935567011863293,0.09135762080155085,7.261713352853335,0.007417732039807948,95.34010164179223,0.25498614112137585,0.0,0.1840025773677621,0.12790066912217118,3.6308566764266677,0.4524074771078868,4.632553819337524e-05,0.00969849155150353,0.0,0.012931322068671373
0.0006828554132200514,19.039613898438873,4231.025310764194,0.14982693142696366,0.627452258481438,0.09663531282024532,7.42767432774419,0.007846530275639642,95.19806949219436,0.26968847656853456,0.0,0.19451020012924577,0.13528943794834344,3.713837163872095,0.47855988151126183,5.060050631701166e-05,0.009994747300431796,0.0,0.013326329733909062
0.0007042356683107557,19.010368032102022,4224.526229356005,0.15844005648543874,0.6631638143821309,0.10220161417452175,7.595611103159371,0.008298804135329213,95.05184016051011,0.2851921016737897,0.0,0.20558078245846056,0.14308225984433046,3.7978055515796854,0.5061440642137287,5.526315051062031e-05,0.010299816602550626,0.0,0.013733088803400833
0.0007262853408196906,18.98025966959536,4217.835482132303,0.16752032310480747,0.7007780083724281,0.10807087062644133,7.765438039387573,0.00877572314558155,94.90129834797679,0.30153658158865343,0.0,0.2172411825954527,0.15129921887701786,3.8827190196937864,0.5352313546490187,6.0347788267975304e-05,0.010613946865291896,0.0,0.014151929153722528
0.0007490253902573006,18.949265235285818,4210.9478300635155,0.17709059928049978,0.7403846743705834,0.11425801677814111,7.937061925540328,0.009278505105908105,94.7463261764291,0.3187630787048996,0.0,0.22951924905488086,0.15996122348939754,3.968530962770164,0.5658960264093353,6.58916718911481e-05,0.010937391510349885,0.0,0.014583188680466512
0.0007724774323778985,18.917360634445803,4203.857918765734,0.1871746573108343,0.7820768660947067,0.12077858847946592,8.110381771586612,0.009808417137492335,94.58680317222901,0.33691438315950173,0.0,0.24244382848935908,0.16909002387125227,4.055190885793306,0.5982153612156575,7.193523023451007e-05,0.011270410059937735,0.0,0.015027213413250314
0.0007966637597267137,18.884521250631295,4196.560277918066,0.19779719101670204,0.8259508809071974,0.1276487355061951,8.285288590679142,0.010366776756737027,94.42260625315647,0.3560349438300637,0.0,0.2560447730812312,0.17870822970867314,4.142644295339571,0.6322697143933913,7.852232577865601e-05,0.011613268220058138,0.0,0.015484357626744185
0.0008216073628302712,18.85072194368598,4189.0493208191065,0.20898383368818094,0.8721062841335505,0.13488523480126274,8.461665164794976,0.010954952997230158,94.25360971842989,0.3761709006387257,0.0,0.27035294808140065,0.18883932872176784,4.230832582397488,0.6681425833010673,8.57005270983466e-05,0.011966237960403142,0.0,0.01595498394720419
0.0008473319520502297,18.81593704870596,4181.31934415688,0.22076117011421065,0.9206459027315007,0.14250550008842253,8.639385886481644,0.011574367242445776,94.07968524352978,0.39737010620557917,0.0,0.2854002298467652,0.19950770012379151,4.319692943240822,0.7059206581167679,9.352140948117419e-05,0.012329597590425833,0.0,0.016439463453901113
0.0008738619801214867,18.78014037573625,4173.364527941389,0.23315674948066253,0.9716758198512369,0.1505275921496537,8.8183165807251,0.012226494115333608,93.90070187868125,0.4196821490651926,0.0,0.30121950415388343,0.21073862900951518,4.40915829036255,0.7456938760941968,0.00010204087254417266,0.012703631831213324,0.0,0.016938175774951103
0.0009012226653959314,18.743305210420385,4165.178935648974,0.24619909532351716,1.0253053523662612,0.15897022736403574,8.99831435999478,0.012912862231307491,93.71652605210191,0.4431583715823309,0.0,0.317844659233541,0.22255831830965003,4.49915717999739,0.7875554674874439,0.00011131948264730024,0.0130886318826751,0.0,0.017451509176900137
0.000929440015813975,18.70540431562322,4156.756514582938,0.2599177135672547,1.081647016054482,0.1678527851650779,9.17922749725541,0.013635054867797638,93.52702157811609,0.4678518844210584,0.0,0.33531057497688943,0.23499389923110903,4.589613748627705,0.831601996386978,0.00012142283931078067,0.013484895485575334,0.0,0.01797986064743378
0.0009585408536266312,18.666409934124317,4148.091096472071,0.27434309791871525,1.1408164748967378,0.17719531396228602,9.360895326518394,0.014394710513953204,93.33204967062159,0.49381757625368744,0.0,0.3536531072179887,0.24807343954720043,4.680447663259197,0.8779333942460059,0.0001324219680293257,0.013892726977896827,0.0,0.018523635970529105
0.0009885528408916325,18.626293792448323,4139.17639832185,0.28950673269669647,1.2029324747386734,0.1870185355846356,9.543148169073675,0.01519352330536164,93.13146896224161,0.5211121188540536,0.0,0.37290906716898875,0.26182594981848983,4.771574084536837,0.9266529863940064,0.000144393740482521,0.014312437345001823,0.0,0.01908324979333577
0.0010195045057678571,18.58502710601295,4130.006023558434,0.30544109048775686,1.2681167490216818,0.1973438466049831,9.725807321309308,0.016033243211710888,92.92513553006475,0.5497939628779623,0.0,0.39311619219672134,0.2762813852469763,4.862903660654654,0.977867503482247,0.00015742132797166226,0.014744344263021448,0.0,0.0196591256840286
0.0010514252696330096,18.54258058536106,4120.573463413569,0.32217963213579487,1.3364939314579591,0.20819332129493964,9.908684997734717,0.016915676360559344,92.71290292680528,0.5799233378444307,0.0,0.41431311875196736,0.2914706498129155,4.954342498867359,1.0316871012305144,0.0001715946759877473,0.015188772134896713,0.0,0.02025169617986229
0.0010843454750503773,18.498924444122835,4110.872098693963,0.3397567953337095,1.4081914115040408,0.21958970754485538,10.091584421540299,0.017842684798826874,92.49462222061418,0.6115622316006771,0.0,0.4365393375662527,0.3074255905627975,5.045792210770149,1.0882253458804512,0.000187011025611307,0.015646052118419733,0.0,0.020861402824559647
0.0011182964146112175,18.454028408230585,4100.895201829019,0.35820798539686843,1.483339195822118,0.23155642433437723,10.274299870645903,0.018816186384464507,92.27014204115292,0.6447743737143632,0.0,0.4598351507048566,0.3241789940681281,5.1371499353229515,1.1475992075884904,0.00020377545896779937,0.01611652214565095,0.0,0.021488696194201275
0.0011533103606802108,18.40786172684702,4090.635939299338,0.37756955912153267,1.5620697332004907,0.2441175550163196,10.456616806446618,0.01983815434601449,92.0393086342351,0.6796252064187588,0.0,0.4842416172921521,0.3417645770228474,5.228308403223309,1.2099290335634239,0.0002220014863116705,0.0166005269330117,0.0,0.022134035910682272
0.0011894205960722355,18.360393184957953,4080.0873744351015,0.39787880508628615,1.6445177184747886,0.25729783854372523,10.638312036938167,0.020910616682066993,91.80196592478976,0.7161818491553151,0.0,0.5098004927271844,0.36021697396121527,5.319156018469084,1.275338511439266,0.00024181167024070027,0.01709841798134284,0.0,0.022797890641790462
0.0012266614456896436,18.311591117774167,4069.242470616482,0.4191739191215321,1.7308198693993575,0.27112265784400846,10.819153931166925,0.022035655336727165,91.55795558887083,0.7545130544187578,0.0,0.5365541595138008,0.3795717209816118,5.4095769655834625,1.3439546189869898,0.0002633382908306045,0.017610553565181652,0.0,0.023480738086908873
0.0012650683091500984,18.26142342704578,4058.094094899063,0.4414939747534177,1.8211146754675034,0.2856180252273699,10.998902686674311,0.023215405142309735,91.3071171352289,0.7946891545561519,0.0,0.5645455493949261,0.39986523531831786,5.499451343337156,1.4159075596294708,0.000286724053616522,0.018137298710479463,0.0,0.02418306494730596
0.0013046776944359965,18.209857599396447,4046.6350220881,0.4648788884036199,1.9155421175721916,0.30081056470125367,11.177310651913968,0.024452052519249076,91.04928799698223,0.8367819991265159,0.0,0.5938180564473794,0.4211347905817551,5.588655325956984,1.4913306831490012,0.00031212284245172553,0.01867902515995102,0.0,0.0249053668799347
0.0013455272525974454,18.156860726798566,4034.857939288571,0.4893693788523456,2.0142433561339206,0.31672749088981045,11.354122709433774,0.025747833909293645,90.78430363399283,0.8808648819342221,0.0,0.6244154404015153,0.4434184872457346,5.677061354716887,1.5703603901278194,0.0003397005198174256,0.0192361113252164,0.0,0.025648148433621874
0.0013876558135418051,18.10239952924132,4022.755450942516,0.5150069222875807,2.117360393787938,0.3333965854046074,11.52907670007176,0.02710503401056947,90.51199764620661,0.9270124601176453,0.0,0.6563817220742608,0.4667552195664504,5.76453835003588,1.653136024304632,0.00036963577401077387,0.019808942224851498,0.0,0.02641192296646867
0.0014311034229437987,18.046440379884277,4010.3200844187286,0.541833698261283,2.2250356907965827,0.35084616772147564,11.701903952569456,0.028525983577427392,90.23220189942138,0.9753006568703094,0.0,0.6897610641469406,0.49118463481006586,5.850951976284728,1.7397997383872967,0.00040212102329536354,0.020397909407480135,0.0,0.027197212543306853
0.0014759113803112778,17.98894933254232,3997.5442961205154,0.5698925331798307,2.3374117640046665,0.369105064761044,11.872329824484714,0.030013057123893478,89.9447466627116,1.0258065597236952,0.0,0.7245976468414466,0.5167470906654615,5.936164912242357,1.8304963539862633,0.00043736336719202653,0.021003410858921275,0.0,0.02800454781189504
0.0015221222782428416,17.929892151849355,3984.4204781887456,0.5992268353967275,2.454630741707687,0.3882025754371507,12.040074336251834,0.03156867022991637,89.64946075924678,1.0786083037141094,0.0,0.760935529929383,0.5434836056120109,6.020037168125917,1.9253731973225996,0.00047558559732626993,0.021625850892473108,0.0,0.028834467856630817
0.001569780042914596,17.869234346122592,3970.940965805021,0.6298805241949709,2.5768338850922166,0.40816843162973027,12.204852864945952,0.03319527656826722,89.34617173061295,1.1337849435509475,0.0,0.7988185043785871,0.5714358042816223,6.102426432472976,2.0245799178986177,0.0005170272657851742,0.022265640021327263,0.0,0.029687520028436356
0.0016189299758345745,17.806941203060934,3957.0980451246523,0.6618979521810051,2.704161074057489,0.42903275529211776,12.36637690314057,0.03489536462913646,89.03470601530466,1.1914163139258092,0.0,0.8382899329578216,0.6006458574089648,6.183188451570285,2.128268288731033,0.0005619458138787159,0.02292319481209987,0.0,0.0305642597494665
0.0016696187969044833,17.742977828398434,3942.8839618663183,0.6953238209555987,2.836750256855738,0.4508260116198803,12.52435488333062,0.03667145413699736,88.71488914199216,1.2515828777200777,0.0,0.8793925796252787,0.6311564162678324,6.26217744166531,2.2365919878154688,0.000610617763645685,0.023598937718439354,0.0,0.03146525029125248
0.001721894688829714,17.67730918763512,3928.290930585583,0.7302030898963031,2.9747368628798556,0.47357895818910895,12.678493068812791,0.03852609215277505,88.3865459381756,1.3143655618133456,0.0,0.9221684274927552,0.6630105414647525,6.339246534406396,2.34970636039775,0.0006633399745469091,0.024293296893651267,0.0,0.03239106252486836
0.0017758073429198463,17.60990015093247,3913.3111446516605,0.766580878835227,3.118253182370186,0.4973225905719445,12.828496498489384,0.040461848902742466,88.04950075466235,1.3798455819034086,0.0,0.9666584865347576,0.6962516268007223,6.414248249244692,2.467768164578263,0.0007204309661778942,0.02500670598123679,0.0,0.03334227464164905
0.0018314080063231485,17.540715541429176,3897.9367869842617,0.8045023608099623,3.2674276954769397,0.5220880820270299,12.974070037935157,0.04248131314093382,87.70357770714588,1.4481042494579321,0.0,1.0129025855978513,0.7309233148378419,6.487035018967578,2.5909352884655537,0.0007822323159042569,0.025739603882356528,0.0,0.03431947184314204
0.0018887495307400132,17.469720186665505,3882.1600414812233,0.844012656521991,3.4223844048896175,0.5479067246289204,13.11491937174104,0.04458708763936388,87.34860093332752,1.5192227817395838,0.0,1.0609391655157814,0.7670694144804886,6.55745968587052,2.719366475124803,0.0008491101134272271,0.026492434498771474,0.0,0.035323245998361966
0.0019478864226616052,17.39687897393568,3865.9731053190408,0.8851567112414109,3.583242082910511,0.5748098596792349,13.250752205957602,0.046781783826317334,86.98439486967841,1.5932820802345398,0.0,1.1108050457022585,0.8047338035509288,6.625376102978801,2.8532209955670944,0.0009214565081689266,0.027265646450690083,0.0,0.03635419526758678
0.0020088748951814844,17.322156908926907,3849.368201983757,0.9279791746592327,3.750113528439353,0.6028288103662327,13.381279391314882,0.04906801661878134,86.61078454463453,1.670362514386619,0.0,1.1625351938161994,0.8439603345127258,6.690639695657441,2.992658333579474,0.0009996913160898522,0.028059692767804716,0.0,0.03741292369040629
0.002071772921429465,17.245519178236897,3832.3375951637554,0.9725242704376449,3.9231047727643746,0.6319948083139622,13.506216151830076,0.05144839877558505,86.22759589118448,1.7505436867877608,0.0,1.216162479556956,0.884792731639547,6.753108075915038,3.137837841322932,0.0010842637113930864,0.028875030552776113,0.0,0.038500040737034814
0.002136640289678474,17.166931215701347,3814.8736034891876,1.0188356600532267,4.10231425594473,0.6623389169370314,13.62528335265357,0.05392553500694303,85.83465607850673,1.833904188095808,0.0,1.2717174193428664,0.927274483711844,6.812641676326785,3.2889183800734556,0.001175653997466383,0.02971212061592931,0.0,0.03961616082123908
0.0022035386601768265,17.086358772564704,3796.96861612549,1.0669563027925906,4.287831982911925,0.693891952788846,13.738208779387383,0.0565020159367719,85.43179386282351,1.9205213450266632,0.0,1.3292279147026966,0.9714487339043842,6.869104389693692,3.4460579519837182,0.0012743754562406719,0.030571427079966518,0.0,0.040761902773288686
0.002272531623759918,17.00376799176074,3778.6151092801647,1.116928306488159,4.479738634873121,0.7266844014948746,13.844728503809622,0.059180411643526123,85.0188399588037,2.0104709516786863,0.0,1.3887189768106676,1.0173581620928243,6.922364251904811,3.6094133061386584,0.0013809762876095127,0.03145341695391163,0.0,0.04193788927188217
0.002343684762297049,16.919125485783933,3759.805663507541,1.1687927873580133,4.678104721592889,0.7607463398899403,13.944588075193112,0.06196326571710939,84.59562742891966,2.103827017244424,0.0,1.4502124636937956,1.0650448758459163,6.972294037596556,3.779139576086502,0.0014960416098035768,0.03235855967420938,0.0,0.04314474623227917
0.00241706571103086,16.83239841915699,3740.5329820348875,1.2225897107784005,4.882989645052316,0.7961073465660613,14.037543933537206,0.06485308839764974,84.16199209578495,2.200661479401121,0.0,1.513726789966218,1.1145502851924858,7.018771966768603,3.955389861372658,0.0016201955713993103,0.03328732661343856,0.0,0.044383102151251415
0.002492744222868591,16.74355459474851,3720.789909944114,1.278357737196416,5.094440787340675,0.8327964161415082,14.123364701592681,0.06785235003139278,83.71777297374254,2.301043926953549,0.0,1.5792766440756092,1.1659149825981114,7.061682350796341,4.138314828414646,0.0017541035356520285,0.03424019055442484,0.0,0.04565358740589979
0.002570792234686334,16.652562544327026,3700.569454294895,1.3361340630593288,5.312492576941124,0.870841870863285,14.201832497281982,0.0709634743292589,83.26281272163513,2.405041313506792,0.0,1.6468726988517484,1.219178619208599,7.100916248640991,4.3280622993415,0.0018984743567681177,0.03521762512934973,0.0,0.04695683350579965
0.0026512839357092583,16.559391623255937,3679.8648051679866,1.3959542608100726,5.537165553225168,0.9102712721123235,14.272744208072256,0.07418883163590385,82.79695811627968,2.5127176694581306,0.0,1.716521321499802,1.2743797809572528,7.136372104036128,4.524776841473776,0.002054062743340703,0.036220104222759814,0.0,0.04829347229701308
0.0027342958380328322,16.464012109383624,3658.669357640806,1.4578521164953533,5.768465423721058,0.9511113309008233,14.335912746779961,0.07753073213650122,82.32006054691811,2.624133809691636,0.0,1.788224281353528,1.3315558632611526,7.1679563733899805,4.728599353005209,0.002221671713401053,0.03724810133785935,0.0,0.04966413511714579
0.002819906849352079,16.366395305707087,3636.9767346015756,1.5218594810950046,6.0063821895060805,0.9933878275561365,14.391168059455136,0.0809914198240922,81.83197652853544,2.739347065971008,0.0,1.861978478746885,1.390742958578591,7.195584029727568,4.9396666950713835,0.0024021551162101834,0.03830208892380173,0.0,0.0510694518984023
0.0029081983479679672,16.266513647796316,3614.7808106214034,1.5880060990332567,6.250889172186127,1.0371255174934675,14.438358401951511,0.08457306536538237,81.33256823898158,2.858410978259862,0.0,1.9377756433776994,1.4519757244908544,7.219179200975756,5.158111256634671,0.002596420283771549,0.03938253766669505,0.0,0.05251005022226005
0.002999254260142278,16.164340814739216,3592.0757366087146,1.656319457041729,6.501942142702327,1.0823480503785958,14.477351273075927,0.08827776006743099,80.82170407369607,2.9813750226751123,0.0,2.0156020642377213,1.5152872705300342,7.238675636537963,5.384060586512616,0.0028054307413475075,0.0404899157400272,0.0,0.05398655432003626
0.003093161139874452,16.05985184435441,3568.855965412091,1.726824623118133,6.7594784147299105,1.1290778835518385,14.508034432403258,0.09210750940317677,80.29925922177203,3.1082843216126395,0.0,2.0954383085662722,1.5807090369725738,7.254017216201629,5.617636998499751,0.003030209028937999,0.04162468801704942,0.0,0.05549958402273254
0.0031900082511762645,15.953023251787409,3545.11627817498,1.799544110111466,7.0234160627387725,1.1773362115570452,14.5303165120153,0.09606422785829771,79.76511625893704,3.2391793982006387,0.0,2.1772589794490194,1.648270696179863,7.26515825600765,5.858957257077578,0.003271839578345976,0.04278731524074714,0.0,0.05704975365432951
0.003289887652922501,15.84383315235829,3520.8518116351756,1.8744977216450334,7.293653073198181,1.2271428850267974,14.544127822292172,0.10014973294262403,79.21916576179144,3.3740958989610603,0.0,2.261032452691436,1.718000039037516,7.272063911146086,6.10813221217064,0.0035314717163092923,0.043978253156385386,0.0,0.0586376708751805
0.003392894286358344,15.732261387858742,3496.058086190832,1.9517024065369626,7.570066551260241,1.2785163354657256,14.549420980709735,0.1043657397009013,78.66130693929371,3.513064331766533,0.0,2.3467206308906747,1.7899228696520157,7.274710490354868,6.36526646435797,0.0038103227511592135,0.04519795160395612,0.0,0.06026393547194148
0.003499126065346608,15.618289656065677,3470.731034681262,2.0311721262412106,7.852512005912594,1.3314735087906546,14.546171299234155,0.10871385595417311,78.09144828032838,3.6561098272341788,0.0,2.434278721832904,1.8640629123069163,7.2730856496170775,6.630458074645018,0.004109681136442365,0.046446853569959506,0.0,0.061929138093279316
0.0036086839694406177,15.50190164331786,3444.8670318484137,2.1129177424252314,8.140822747869079,1.386029812132773,14.534376827962054,0.1131955786360304,77.5095082165893,3.8032519363654167,0.0,2.5236550518394143,1.9404417369858822,7.267188413981027,6.903798341011495,0.0044309097016870325,0.04772539419666926,0.0,0.06363385892889233
0.00372167213987123,15.383083160560147,3418.462924568922,2.196946874919271,8.43480917748976,1.442199042388087,14.51405876629415,0.1178122886820179,76.91541580280074,3.9545043748546878,0.0,2.6147908450218256,2.0190786593433216,7.257029383147075,7.185371486716272,0.004775449027992232,0.04903399975896312,0.0,0.06537866634528414
0.0038381979785391735,15.261822281557677,3391.516062568373,2.2832637933867344,8.734258253824251,1.4999933365964129,14.485261339621154,0.1225652477060003,76.30911140778838,4.109874828096122,0.0,2.7076200586855177,2.099990671234978,7.242630669810577,7.475254457588958,0.0051448208673378175,0.05037308659900964,0.0,0.06716411546534616
0.003958372250106888,15.13810948354396,3364.024329676436,2.371869330715795,9.038933091711929,1.5594231365577742,14.448051310766045,0.12745559585214003,75.6905474177198,4.269364795288431,0.0,2.8020692584306977,2.1831923911808837,7.224025655383023,7.773516791022021,0.005540631626685342,0.05174306001934943,0.0,0.06899074669246588
0.004082309187286846,15.011937790117068,3335.986175581571,2.4627607683561323,9.348572466908559,1.6204971361309664,14.402517842354921,0.13248434827683167,75.05968895058534,4.432969383041038,0.0,2.8980574647416533,2.268695990583353,7.201258921177461,8.080220401403963,0.005964575989673639,0.05314431314839302,0.0,0.07085908419785733
0.004210126599426458,14.883302915526372,3307.4006478947495,2.555931748152255,9.662890479011272,1.6832222457368868,14.34877193115453,0.13765239304646534,74.41651457763186,4.600677146674059,0.0,2.9954960484934943,2.3565111440316415,7.174385965577265,8.395419451903921,0.006418440590610781,0.054577225768023034,0.0,0.07276963435736401
0.0043419459844928066,14.752203410201378,3278.267424489195,2.6513722015062524,9.981576333664995,1.7476035682440805,14.286945546227688,0.14296048998198435,73.76101705100689,4.772469962711255,0.0,3.0942886634361484,2.4466449955417127,7.143472773113844,8.719160284001227,0.006904107754005374,0.05604216310580374,0.0,0.07472288414107163
0.004477892644563578,14.61864080723886,3248.5868460530805,2.7490682826403603,10.30429418795626,1.8136443778303062,14.217190662303826,0.1484092697725736,73.0932040361943,4.948322908752648,0.0,3.1943311982664406,2.5391021289624285,7.108595331151913,9.051481363429264,0.007423559317563772,0.05753947459633296,0.0,0.07671929946177725
0.004618095804934077,14.482619768440111,3218.3599485422474,2.849002277839184,10.63068294129129,1.881346083916817,14.139678602987729,0.15399923191317605,72.41309884220055,5.128204100110532,0.0,3.2955117118003,2.6338845174835437,7.0698393014938645,9.392413154384608,0.007978880569439266,0.05906949262802859,0.0,0.0787593235040381
0.004762688736953466,14.344148231175948,3187.5884958168776,2.951152587093024,10.960356399177853,1.950708241332392,14.054598295715403,0.15973074640347645,71.72074115587974,5.312074656767443,0.0,3.397710483745134,2.7309915378653487,7.027299147857701,9.74197822314803,0.008572264168560167,0.060632531238929616,0.0,0.08084337498523947
0.004911808884707012,14.203237553347613,3156.2750118550252,3.0554936516110596,11.292903257738878,2.0217285263644222,13.962155279253398,0.16560405272291967,71.01618776673806,5.499888572899907,0.0,3.500800009899052,2.8304199369101912,6.981077639626699,10.10019117557087,0.009206014212052046,0.06222888481404504,0.0,0.08297184641872671
0.0050655979956647935,14.05990265677731,3124.4228126171806,3.1619959058512364,11.627887260939104,2.0944027285343276,13.862570329041613,0.17161926010487544,70.29951328388655,5.6915926305322255,0.0,3.6046450508911225,2.9321638199480584,6.931285164520807,10.467058673796354,0.009882550336554077,0.06385882675919415,0.0,0.08514510234559218
0.0052242022554209785,13.914162168694574,3092.036037487683,3.2706257466287374,11.964847500262005,2.168724753342741,13.756077809268639,0.17777634872693107,69.57081084347287,5.887126343931728,0.0,3.7091027250812214,3.036214654679837,6.8780389046343196,10.842579508855527,0.010604411860712053,0.06552260815465828,0.0,0.08736347753954435
0.005387772426651847,13.766038561076549,3059.1196802392333,3.3813455099018443,12.303298817291042,2.2446866299867216,13.642923888173714,0.18407517133407347,68.83019280538274,6.08642191782332,0.0,3.814022633360223,3.14256128198141,6.821461944086857,11.226744699665142,0.011374261979269372,0.06722045639190426,0.0,0.08962727518920566
0.005556463992424578,13.615558282854607,3025.6796184121354,3.494113405124989,12.642732108487325,2.322278492000489,13.52336537689676,0.19051545270390505,68.07779141427304,6.28940412922498,0.0,3.919246953631071,3.2511898888006847,6.76168268844838,11.61953746041117,0.012194892041265566,0.0689525738402705,0.0,0.09193676512036064
0.00573043730399304,13.462751891812685,2991.722642625041,3.608883516938894,12.982614993975476,2.401488600701049,13.397667557900363,0.1970967926018288,67.31375945906342,6.4959903304900095,0.0,4.0246106481323976,3.3620840409814683,6.698833778950181,12.02093338078554,0.013069225801956599,0.07071913646589195,0.0,0.09429218195452259
0.005909857733221113,13.307654178484084,2957.256484107574,3.7256057656297594,13.322392399816781,2.4823033421928957,13.266102626156783,0.20381866663053771,66.53827089242041,6.706090378133567,0.0,4.129941643943202,3.475224679070054,6.633051313078392,12.430900477796495,0.014000323744288943,0.07252029248445435,0.0,0.09669372331260577
0.006094895829778337,13.150304282246195,2922.2898404991543,3.8442258645815968,13.661487224517815,2.564707222114802,13.128948191883833,0.21068042692643887,65.75152141123097,6.919606556246874,0.0,4.235061039600523,3.5905901109607226,6.564474095941916,12.849399238243507,0.014991387411200888,0.07435616103513788,0.0,0.09914154804685049
0.0062857274832574216,12.990745800829721,2886.8324001843825,3.964685291874001,13.999301161538755,2.648682869005506,12.986485588692897,0.2176813035830087,64.9537290041486,7.136433525373202,0.0,4.339783360077014,3.7081560166077083,6.493242794346449,13.2763827055277,0.016045763728108453,0.07622683086207158,0.0,0.10163577448276209
0.006482534090367648,12.829026894724405,2850.8948654943124,4.086921272695856,14.335215656636665,2.7342110441942777,12.83899802359747,0.22482040663466615,64.14513447362202,7.356458290852541,0.0,4.443916853557366,3.8278954618719885,6.419499011798735,13.71179660064829,0.017166949326408398,0.07813235899350264,0.0,0.1041764786580035
0.006685502727363097,12.665200375007466,2814.4889722238813,4.210866720368664,14.668592816965711,2.8212706244558756,12.686769413282278,0.23209672586444854,63.32600187503732,7.579560096663595,0.0,4.54726377325937,3.9497788742382256,6.343384706641139,14.155579310472717,0.018358594847440964,0.08007276951103286,0.0,0.10676369268137713
0.006894826327869659,12.499323783620252,2777.6275074711675,4.336450198785006,14.998776512457889,2.9098385976249275,12.530082931824426,0.2395091316901165,62.496618918101255,7.805610357813011,0.0,4.649620718861946,4.073774036674898,6.265041465912213,14.607661941780206,0.019624509197628395,0.08204805232968598,0.0,0.10939740310624799
0.007110703866279754,12.331459461905068,2740.3243248677927,4.463595880656679,15.325093572539538,2.9998900546334353,12.36921967355195,0.24705637579010997,61.65729730952533,8.034472585182023,0.0,4.750779007487257,4.199846076486809,6.184609836775975,15.067968359438808,0.020968663750305844,0.08405816202432777,0.0,0.11207754936577037
0.007333340546889213,12.161674608276902,2702.5943573948675,4.592223502234733,15.646855076074143,3.091398178339734,12.204457416388,0.2547370915006553,60.808373041384506,8.26600230402252,0.0,4.850525073582984,4.327957449675627,6.102228708194,15.53641521062497,0.022395196489982235,0.08610301669625187,0.0,0.11480402226166916
0.007562947998956026,11.990041311796638,2664.4536248436975,4.722248293416566,15.963357696072558,3.1843342149700145,12.036069898829714,0.2625497928249385,59.95020655898318,8.50004692814982,0.0,4.948640885782493,4.45806790095802,6.018034949414857,16.012911864393,0.02390841601279522,0.08818249697666915,0.0,0.11757666263555885
0.007799744477866413,11.816636578824202,2625.9192397387114,4.853580928809559,16.273885225439876,3.2786674578426975,11.86432581899871,0.2704928744687747,59.083182894121,8.736445671857206,0.0,5.044904419886362,4.590134440979776,5.932162909499355,16.49736041385057,0.025512805439191384,0.0902964450373729,0.0,0.12039526004983053
0.008043955072599375,11.641542337194553,2587.0094082654564,4.986127463260329,16.577710185511286,3.374365219287544,11.689488210277725,0.2785646109411354,58.20771168597276,8.975029433868594,0.0,5.139090157508499,4.724111307002562,5.8447441051388624,16.989655621299846,0.02721302615381761,0.09244466372589465,0.0,0.12325955163452619
0.008295811919687021,11.46484542939923,2547.7434287553842,5.119789272639713,16.87409555689221,3.4713928044037385,11.511813805299553,0.2867631558339529,57.324227146996144,9.215620690751484,0.0,5.230969622636586,4.859949926165234,5.755906902649777,17.489684874312786,0.029013921417252734,0.09462691574157253,0.0,0.12616922098876338
0.008555554423873995,11.286637573720206,2508.1416830489343,5.254462981952799,17.16229663900267,3.56971347399651,11.331552822513158,0.2950865402348046,56.433187868601024,9.45803336751504,0.0,5.320311958090827,4.997598863595114,5.665776411256579,17.99732808892073,0.03092051968812446,0.09684292300339978,0.0,0.12912389733786636
0.008823429485685758,11.107015313833724,2468.225625296383,5.390040404419455,17.44156305015242,3.669288412605339,11.148948673695633,0.3035326715801932,55.535076569168616,9.70207272795502,0.0,5.406884545547251,5.137003777647474,5.574474336847817,18.512457639675983,0.032938037764887754,0.09909236606379175,0.0,0.13212315475172234
0.009099691736122082,10.926079939327382,2428.017764294974,5.526408478209539,17.711140878338593,3.7700766920439004,10.964237933326007,0.3120993321552715,54.63039969663691,9.947535260777169,0.0,5.490453672284964,5.27810736886146,5.482118966663004,19.03493826815001,0.03507188360274459,0.1013748836945736,0.0,0.13516651159276483
0.009384603778698746,10.743937391082351,2387.5416424627447,5.663449210731787,17.970274960275443,3.8720352372737836,10.777650320497346,0.32078417780614504,53.71968695541175,10.194208579317216,0.0,5.570785237685388,5.4208493321832965,5.388825160248673,19.564627004396787,0.03732765887901724,0.10369007254871382,0.0,0.13825343006495175
0.009678436439067658,10.56069813176465,2346.821807058811,5.801039627591664,18.218211352153663,3.975118791476148,10.589408904655429,0.3295847365873115,52.80349065882324,10.441871329664997,0.0,5.647645519167635,5.5651663080666065,5.294704452327714,20.101373084460132,0.03971116112293133,0.106037487037589,0.0,0.14138331605011867
0.009981469022452547,10.376476999177072,2305.883777594905,5.939051731660602,18.45419993193928,4.079279884496782,10.39973032020658,0.3384984077008849,51.88238499588536,10.690293116989084,0.0,5.720801978901176,5.710991838295495,5.19986516010329,20.64501788567697,0.04222838551649465,0.10841663930297134,0.0,0.14455551907062844
0.010293989579144996,10.19139303494021,2264.7540077644912,6.077352470904496,18.677497149837777,4.184468803138061,10.208825080505614,0.34752246059404707,50.95696517470105,10.939234447628094,0.0,5.790024116449711,5.858256324393285,5.104412540252807,21.19539487163093,0.044885526275535804,0.11082699933943962,0.0,0.1477693324525862
0.010616295178313237,10.005569277087194,2223.45983935271,6.215803723260144,18.88736900008692,4.290633567621663,10.016897977555724,0.356654034547883,50.027846385435964,11.18844670186826,0.0,5.855084390026946,6.006886994670328,5.008448988777862,21.752329567075385,0.04768897746762643,0.11326799534847412,0.0,0.15102399379796547
0.010948692190383783,9.819132532866442,2182.0294517480984,6.354262296161596,19.083094122799032,4.397719913305647,9.824148479191672,0.36589013870097603,49.09566266433221,11.437672133090873,0.0,5.9157591780677,6.156807878627904,4.912074239595836,22.315639559372528,0.05064533336724245,0.11573901421655483,0.0,0.15431868562207307
0.011291496578264596,9.6322131232155,2140.4918051590003,6.492579944610082,19.263967075604103,4.505671279323556,9.630771151037749,0.37522765262952545,48.1610656160775,11.686643900298147,0.0,5.971829793437272,6.307939791052978,4.815385575518874,22.88513453387476,0.053761388230829384,0.11823940218048556,0.0,0.15765253624064743
0.011645034197686392,9.444944599466353,2098.87657765919,6.630603410250918,19.429301768762905,4.6144288053886,9.436956077347949,0.3846633275819542,47.22472299733177,11.935086138451654,0.0,6.0230835483165,6.460200327544039,4.718478038673974,23.460616349223386,0.05704413544834567,0.12076846568118377,0.0,0.16102462090824504
0.012009641106947667,9.257463425872201,2057.214094638267,6.768174487401351,19.578435099783405,4.723931339787461,9.24288926435924,0.3941937886007048,46.287317129361,12.182714077322434,0.0,6.069314880932856,6.6135038757024445,4.62144463217962,24.04187916675699,0.06050076595988161,0.12332547245562686,0.0,0.16443396327416915
0.012385663886357921,9.06990865884423,2015.5352575209404,6.90513010168016,19.710730580488296,4.834115450854992,9.048752990522255,0.4038155369434728,45.34954329422115,12.429234183024288,0.0,6.110326479951372,6.767761631196989,4.524376495261127,24.628709598182404,0.06413866617175053,0.12590965266176538,0.0,0.16787953688235382
0.012773459967682551,8.882421565960327,1973.871459102295,7.041302433281731,19.825582311756015,4.9449154585489605,8.854726136746148,0.4135249540704637,44.41210782980163,12.674344379907117,0.0,6.1459305166443645,6.922881641968544,4.427363068373074,25.22088694875758,0.06796541478509828,0.12852020043344586,0.0,0.17136026724459447
0.013173397973902818,8.695145251645505,1932.2545003656678,7.176519051601311,19.92241886519794,5.0562634684367245,8.660984434689544,0.42331830584814545,43.475726258227525,12.91773429288236,0.0,6.175949848211362,7.078768855811414,4.330492217344772,25.818183473678392,0.07198877910028609,0.13115627541474,0.0,0.17487503388631997
0.013585858069613647,8.508224243487303,1890.716498552734,7.31060308741939,20.000707353708666,5.1680894215977125,8.46770066148627,0.4331917479971672,42.54112121743651,13.159085557354903,0.0,6.200219279649686,7.235325190236797,4.233850330743135,26.42036471034723,0.07621671030519468,0.1338170045973937,0.0,0.17842267279652493
0.014011232322392425,8.321804069413474,1849.2897932029941,7.443373427441696,20.059957478943343,5.280321152093649,8.27504476635802,0.44314133214288676,41.60902034706737,13.398072169395052,0.0,6.218586818472437,7.392449612931108,4.13752238317901,27.027189847394663,0.08065733796852498,0.13650148426267691,0.0,0.18200197901690252
0.014449925075482348,8.136030781660473,1808.006840368994,7.5746449609290805,20.099725833546746,5.392884467698649,8.08318390018367,0.4531630136719137,40.680153908302366,13.634360929672345,0.0,6.230915008399491,7.550038254778108,4.041591950091835,27.638412203850017,0.08531896323451028,0.1392087823421741,0.0,0.18561170978956543
0.014902353332144362,7.9510505364160515,1766.900119203567,7.704228809919218,20.119619708835437,5.505703216551642,7.892282425569733,0.4632526585154714,39.755252682080254,13.867611857854593,0.0,6.237082109738985,7.707984503172298,3.9461412127848665,28.253779642858603,0.09021005172749082,0.14193794045375493,0.0,0.1892505872716732
0.015368947152043348,7.767009095644693,1726.0020212543764,7.831932630463173,20.11930128528311,5.618699386562798,7.702501814286509,0.4734060524598153,38.83504547822346,14.097478734833713,0.0,6.236983398437764,7.866179141187917,3.8512509071432546,28.873035139524138,0.09533922477377843,0.14468797654682125,0.0,0.19291730206242827
0.0158501500600451,7.584051321716356,1685.3447381591902,7.957560942099317,20.09849170976621,5.731793214116065,7.514000473733556,0.4836189111726454,37.92025660858178,14.32360969577877,0.0,6.230532430027526,8.02451049976249,3.757000236866778,29.495917392419642,0.10071524955225017,0.1474578876816095,0.0,0.1966105169088126
0.016346419467812803,7.402320671262872,1644.9601491695273,8.080915482584059,20.05697499223321,5.844903300015243,7.326933516712258,0.49388689077988723,37.01160335631436,14.545647868651306,0.0,6.217662247592296,8.18286462002134,3.663466758356129,30.122161468665322,0.10634702816011314,0.15024665290998548,0.0,0.20032887054664725
0.01685822710860375,7.221958760754645,1604.8797246121435,8.201795539510265,19.9946012212449,5.957946706153989,7.14145255790711,0.5042055969434942,36.10979380377322,14.763231971118477,0.0,6.198326378585919,8.341125388615584,3.570726278953555,30.751499357583715,0.11224358628268696,0.15305323575769056,0.0,0.204070981010254
0.017386059485679468,7.0431048073408995,1565.134401631311,8.319998393200795,19.91129038066938,6.070839105107254,6.957705344747482,0.5145705979934695,35.215524036704494,14.975997107761431,0.0,6.172500018007508,8.499174747150155,3.478852672373741,31.383660771621702,0.11841405935362818,0.15587658769818427,0.0,0.20783545026424563
0.017930418334755747,6.865895128834514,1525.7544730743364,8.435319749385439,19.807035514501145,6.183494916550082,6.77583540414091,0.5249774370145637,34.32947564417257,15.18357554889379,0.0,6.140181009495355,8.656892883170114,3.387917702070455,32.01837388351824,0.12486767800372267,0.15871565134660653,0.0,0.21162086846214195
0.018491821100931897,6.690462731429467,1486.769495873215,8.547554141392995,19.681905044499345,6.295827419307258,6.595981750295486,0.5354216420199431,33.452313657147336,15.385597454507392,0.0,6.101390563794797,8.814158387030162,3.297990875147743,32.65536594679633,0.13161375307454645,0.16156936317253742,0.0,0.21542581756338314
0.019070801430552824,6.516936728127465,1448.2081618061036,8.656495481281405,19.536045889180148,6.4077489352663495,6.4182783861954675,0.5458987416082979,32.58468364063732,15.58169186630653,0.0,6.0561742256458455,8.970848509372889,3.2091391930977338,33.29436425069009,0.13866165734919667,0.16443665757124454,0.0,0.2192488767616593
0.019667909678471155,6.345442011197799,1410.0982247106222,8.76193746838546,19.3696846098356,6.519170927850775,6.242854050042827,0.5564042739914732,31.727210055988994,15.771487443093829,0.0,6.004602229049036,9.126839298991085,3.1214270250214136,33.93509667073995,0.14602080849190233,0.16731646929463526,0.0,0.2230886257261803
0.020283713431191973,6.1760986945809835,1372.4663765735518,8.86367419305436,19.183129693680055,6.63000419642567,6.069831698365331,0.5669338033362917,30.880493472904917,15.954613547497846,0.0,5.946770205040817,9.282005874995937,3.0349158491826653,34.577292665480435,0.15370064786258503,0.17020773770564823,0.0,0.2269436502741976
0.020918798046397128,6.0090217876675815,1335.3381750372405,8.961500615304255,18.97677197844102,6.740158994138584,5.89932822100464,0.577482930142941,30.045108938337908,16.130701107547658,0.0,5.882799313316716,9.436222591794017,2.94966411050232,35.22068390941798,0.16171062018463972,0.17310940956960882,0.0,0.23081254609281174
0.021573767209362146,5.844320814972267,1298.7379588827262,9.055213118112752,18.751085046637694,6.849545176383797,5.73145408767737,0.5880473038964449,29.221604074861336,16.299383612602952,0.0,5.812836364457685,9.589363246937316,2.865727043838685,35.86500506464417,0.17006015090013055,0.17602044242856354,0.0,0.2346939232380847
0.022249243506794646,5.682099403014596,1262.6887562254658,9.144610124294573,18.506625401683706,6.958072373404076,5.566312950464771,0.5986226374751511,28.410497015072977,16.46029822373023,0.0,5.737053874521949,9.741301322765706,2.7831564752323854,36.50999465960947,0.1787586213020318,0.17893980843608934,0.0,0.2385864112481191
0.022945869018639504,5.522455086757233,1227.2122415016074,9.229492595287615,18.24403086769622,7.065650089998894,5.404001477657692,0.6092047158611299,27.612275433786163,16.613086671517706,0.0,5.655649568985829,9.891910125998452,2.702000738828846,37.155395620370314,0.18781534437849362,0.1818664968050372,0.0,0.2424886624067162
0.023664305928413683,5.365478924911859,1192.3286499804128,9.30966470901096,17.96401972289375,7.172187890788488,5.24460897793037,0.6197894113023681,26.827394624559293,16.75739647621973,0.0,5.568846114097062,10.041063047103883,2.622304488965185,37.80095619533143,0.1972395365065457,0.18479951788771154,0.0,0.24639935718361533
0.024405237152650593,5.211255362454987,1158.0567472122195,9.384934399748309,17.667387882313825,7.277595501993663,5.088217289664778,0.6303726919475239,26.056276812274934,16.892881919546955,0.0,5.4768902435172855,10.188633702791128,2.544108644832389,38.44643048187948,0.20704029016162548,0.1877379056670482,0.0,0.2503172075560642
0.025169366990052382,5.059862019498724,1124.4137821108277,9.455113992939388,17.355006080973368,7.381782953895359,4.934900590445693,0.6409506334687801,25.29931009749362,17.0192051872909,0.0,5.380051885101744,10.334496135453502,2.4674502952228465,39.0915791352609,0.21722654382329293,0.19068072102403258,0.0,0.2542409613653767
0.025957421790967376,4.9113695309775025,1091.415451328334,9.52002084512916,17.027816290212712,7.484660716196102,4.784725262152351,0.6515194299955517,24.55684765488751,17.13603752123249,0.0,5.278623049965941,10.478525002674543,2.3923626310761756,39.7361700354287,0.22780705053577968,0.19362705486970358,0.0,0.25816940649293807
0.02677015064782866,4.765841493715221,1059.0758874922715,9.579477944859581,16.686827062628865,7.586139803273443,4.6377498733474996,0.6620754025917214,23.8292074685761,17.243060300747246,0.0,5.172916389414948,10.620595724582818,2.3188749366737498,40.37997880406909,0.2387903459064987,0.1965760307003798,0.0,0.262101374267173
0.02760832610721057,4.623334439672972,1027.4076532606605,9.63331453299358,16.33310830332599,7.686131880756538,4.494025191741186,0.6726150076764347,23.116672198364856,17.339966159388446,0.0,5.0632635740310565,10.760584633059153,2.247012595870593,41.02278931818575,0.25018471459837394,0.1995268071726001,0.0,0.26603574289680004
0.02847274490417964,4.48389774733535,996.4217216300779,9.68136681114149,15.967785936638869,7.784549409705973,4.353594132421308,0.6831348481435925,22.419488736676747,17.426460260054682,0.0,4.9500136403580495,10.898369173588362,2.176797066210654,41.66439438827771,0.2619981541164248,0.20247858138820288,0.0,0.2699714418509371
0.02936422871963809,4.347573798626985,966.1275108059966,9.72347849720867,15.592034831424535,7.88130570248309,4.216491972792627,0.6936316775585581,21.73786899313492,17.502261294975607,0.0,4.833530797741606,11.033827983476325,2.1082459863963137,42.304596014296465,0.27423834016873294,0.20543059048086432,0.0,0.2739074539744857
0.03028362496137999,4.214397998020741,936.5328884490535,9.759501522048275,15.20707210402748,7.976315045427662,4.082746421524937,0.7041024092684709,21.071989990103702,17.567102739686895,0.0,4.714192352248519,11.166841063598726,2.0413732107624685,42.94320594128404,0.28691258852429224,0.20838211446219176,0.0,0.2778428192829223
0.031231807569601994,4.0843988772049284,907.6441949344287,9.789296692444495,14.814149602157997,8.069492797205323,3.9523777819613883,0.7145441234537855,20.421994386024643,17.62073404640009,0.0,4.592386376668979,11.29728991608745,1.9761888909806942,43.58004608944638,0.30002781648007254,0.21133247858253068,0.0,0.2817766381100409
0.03220967784763504,3.9575983128719123,879.4662917493139,9.812734290009391,14.414545534822711,8.160755448374196,3.8253992388965994,0.7249540710240355,19.78799156435956,17.662921722016904,0.0,4.46850911579504,11.425057627723875,1.9126996194482997,44.21494879175593,0.31359050464788835,0.2142810549233412,0.0,0.28570807323112163
0.033218165318686106,3.8340116651700846,852.0025922600189,9.829694757531161,14.009556253925776,8.250020722090103,3.7018170619109556,0.7353296804315176,19.170058325850423,17.69345056355609,0.0,4.342962438716991,11.550029010926142,1.8509085309554778,44.84775720951826,0.32760665640347564,0.21722726474398146,0.0,0.28963635299197527
0.03333333333333333,3.8203387131612256,848.9641584802724,9.831189496848081,13.963812546612042,8.259913531975794,3.688155591480172,0.7364922147510268,19.101693565806126,17.696141094326546,0.0,4.328781889449733,11.563878944766111,1.844077795740086,44.918660177665124,0.3292086926998731,0.21755784021723745,0.0,0.29007712028964994
0.034258228609404695,3.7136479964175964,825.2551103150215,9.840069338761326,13.600487450254073,8.337207647386515,3.581630896132874,0.7456685621742348,18.56823998208798,17.712124809770387,0.0,4.216151109578763,11.67209070634112,1.790815448066437,45.47832560700658,0.34208175755438935,0.22017058026517922,0.0,0.2935607736869057
0.03533085636111394,3.596510302703402,799.2245117118672,9.84376071967497,13.188645175842051,8.422236631468438,3.464834067585851,0.7559685129937835,17.98255151351701,17.718769295414948,0.0,4.088480004511036,11.791131284055812,1.7324170337929254,46.10651960749086,0.3570207355005555,0.22311052638769688,0.0,0.2974807018502626
0.03643706816957214,3.482595741121734,773.9101646937188,9.840683680321076,12.775326831992354,8.505029537123896,3.3514138842250456,0.766227520219275,17.41297870560867,17.71323062457794,0.0,3.9603513179176297,11.907041351973453,1.6757069421125228,46.73221645817358,0.3724279178511018,0.226046682455942,0.0,0.3013955766079227
0.037577915554158604,3.3718958907542564,749.3101979453904,9.830765716943741,12.361812048187472,8.585509746173495,3.2413519727142526,0.7764437648029479,16.859479453771282,17.695378290498734,0.0,3.8321617349381163,12.019713644642891,1.6206759863571263,47.35530521533179,0.3883069914381495,0.22897868369275298,0.0,0.3053049115903374
0.03875448295740466,3.2643970214494296,725.4215603220956,9.813947647877663,11.9493536677152,8.663602217773878,3.1346246224582894,0.7866156237089691,16.321985107247148,17.665105766179796,0.0,3.704299636991712,12.12904310488343,1.5673123112291447,47.975686890010024,0.40466096166412086,0.23190622246547155,0.0,0.3092082966206287
0.039967888775819985,3.1600803098187082,702.2400688486018,9.790184251592054,11.539169133478167,8.73923356798179,3.031203071956811,0.796741673633534,15.800401549093541,17.622331652865697,0.0,3.5771424313782316,12.234926995174504,1.5156015359784054,48.59327467490924,0.4214921113895305,0.23482904988168882,0.0,0.3131053998422518
0.04121928642299442,3.058922096263633,679.7604658363629,9.759444843915407,11.13243202076462,8.812332125102298,2.931053836552798,0.8068206926089668,15.294610481318164,17.567000719047734,0.0,3.4510539264370323,12.337264975143215,1.465526918276399,49.20799404222089,0.4388019613948208,0.2377469768325764,0.0,0.31699596911010186
0.042509865425985206,2.9608941196926373,657.9764710428083,9.721713842423526,10.730264057118791,8.882827987449899,2.834139009431314,0.8168516614908211,14.804470598463185,17.499084916362346,0.0,3.3263818577068256,12.435959182429857,1.417069504715657,49.81978283432518,0.45659123168281956,0.24065987498496366,0.0,0.3208798333132849
0.043840852556032546,2.865963741011633,636.8808313359185,9.676991299451197,10.33372768335802,8.950653076226487,2.7404165469534374,0.8268337647613178,14.329818705058166,17.418584339012156,0.0,3.2034555818409864,12.530914306717081,1.3702082734767187,50.42859131279277,0.4748598042008356,0.24356767757213293,0.0,0.3247569034295106
0.04521351299467772,2.7740941133152095,616.4653585144911,9.625293438717364,9.943819328671037,9.015741203235349,2.649840493466104,0.8367663921045628,13.870470566576047,17.325528189691255,0.0,3.0825839918880216,12.622037684529488,1.324920246733052,51.03438225445729,0.4936066864428144,0.24647038035286942,0.0,0.3286271738038259
0.04662915153639276,2.6852444190459424,596.7209820102095,9.566653065199285,9.561463229763199,9.07802809018935,2.5623612714317456,0.846649135997167,13.426222095229711,17.219975517358712,0.0,2.9640536012265915,12.709239326265092,1.2811806357158728,51.63713080446721,0.5128299788965929,0.24936804151105427,0.0,0.332490722014739
0.04808911382886401,2.5993699888064565,577.6377752903236,9.50112002918616,9.18750626536708,9.137451432781686,2.47792584143137,0.856481792264794,12.996849944032283,17.102016052535088,0.0,2.8481269422637947,12.79243200589436,1.238962920715685,52.23682451022979,0.5325268427211493,0.2522607822786844,0.0,0.33634770970491257
0.04959478765210962,2.5164224666029362,559.2049925784303,9.428761570193949,8.822713520910398,9.193950924262886,2.396477904849296,0.8662643571939008,12.58211233301468,16.971770826349108,0.0,2.7350411914822232,12.87153129396804,1.198238952424648,52.83346314525601,0.5526934715454459,0.25514878663067686,0.0,0.34019838217423576
0.05114760423764598,2.436349939105831,541.4110975790736,9.349662618641416,8.467764811207127,9.24746827997632,2.317958062192039,0.8759970242706321,12.181749695529154,16.829392713554547,0.0,2.6250070914742096,12.94645559196685,1.1589790310960195,53.42705851026585,0.5733250659453962,0.25803230083880835,0.0,0.3440430677850778
0.05274903962895741,2.3590970579796933,524.2437906621541,9.263926019887547,8.123252150558308,9.297947247427395,2.2423039572242556,0.88568017935991,11.795485289898465,16.675066835797587,0.0,2.5182081666730753,13.017126146398352,1.1211519786121278,54.01763413916091,0.5944158115530751,0.260911632577235,0.0,0.3478821767696467
0.054400616084562536,2.2846051499358118,507.6900333190693,9.171672682400784,7.7896782013844685,9.345333605063242,2.1694504011682962,0.8953143945235181,11.423025749679057,16.50901082832141,0.0,2.4148002424291852,13.083467047088538,1.0847252005841481,54.605224921989375,0.6159588609486764,0.26378714963044064,0.0,0.3517161995072543
0.05610390352501015,2.2128123296800433,491.73607326223186,9.073041629922246,7.467455703526141,9.38957514198383,2.0993294926811634,0.9049004198589469,11.064061648400216,16.331474933860044,0.0,2.3149112680931037,13.145405198777361,1.0496647463405817,55.18987660719717,0.6379463199589344,0.2666592780434305,0.0,0.3555457040579074
0.05786052102518129,2.143653590109254,476.3674644687231,8.968189987096151,7.156907856435344,9.430621635494179,2.0318707072786335,0.9144391745634022,10.71826795054627,16.142741976773074,0.0,2.218641435494957,13.20287028969185,1.0159353536393168,55.7716452566219,0.6603692378730271,0.26952850003043877,0.0,0.3593713333739184
0.05967213835331507,2.07706094184256,461.56909818723557,8.85729281169547,6.85826966339671,9.468424785412575,1.9670010308042396,0.9239317341409244,10.385304709212798,15.943127061051845,0.0,2.12606359565298,13.255794699577605,0.9835005154021198,56.35059646525498,0.6832176036786063,0.27239535083990274,0.0,0.3631938011198704
0.06154047755822148,2.012963535645381,447.325230143418,8.740542853225836,6.571690171217603,9.502938146960423,1.904645068659331,0.9333793167965934,10.064817678226905,15.732977135806506,0.0,2.037223953077457,13.304113405744591,0.9523225343296655,56.92680453142423,0.7064803466881385,0.27526041537334467,0.0,0.36701388716445954
0.06346731460619036,1.951287807180842,433.61951270685375,8.618150193912943,6.29723554438207,9.534117042411419,1.8447251721095408,0.9427832674977936,9.75643903590421,15.512670349043297,0.0,1.9521430187584417,13.347763859375984,0.9223625860547704,57.500351484690434,0.7301453426767994,0.27812432416690785,0.0,0.3708324322225438
0.0654544810691514,1.8919576515273524,420.435033672745,8.49034176486454,6.03489292201368,9.56191844987504,1.7871615897778732,0.9521450395345804,9.459788257636761,15.282615176756174,0.0,1.8708168058242407,13.386685829825057,0.8935807948889366,58.07132596121406,0.7541994258298086,0.28098774869580917,0.0,0.3746503315944122
0.06666666666666667,1.8577254438246478,412.8278764054773,8.41179767902209,5.884462343010309,9.576845471127701,1.7539846099615413,0.9576978204190688,9.288627219123239,15.141235822239762,0.0,1.8241833263331957,13.407583659578782,0.8769923049807706,58.40999006735901,0.7686954681827178,0.28269213287336276,0.0,0.3769228438311503
0.06750386586569122,1.834894630340594,407.75436229790984,8.357360736918768,5.7845749872628955,9.586300870799022,1.7318726478525075,0.9614661736475153,9.17447315170297,15.04324932645378,0.0,1.7932182460514976,13.420821219118631,0.8659363239262537,58.63982193076196,0.7786284066311406,0.28385139602460724,0.0,0.3784685280328096
0.0696174170565815,1.7800182113311316,395.5596025180293,8.219465791118683,5.546125154661665,9.607224180405991,1.678774959398099,0.9707482749830953,8.900091056655658,14.79503842401363,0.0,1.7192987979451162,13.450113852568386,0.8393874796990495,59.20593729121899,0.8034170956924571,0.2867160028775581,0.0,0.38228800383674405
0.07179714369652528,1.7272460355940926,383.83245235424283,8.076930280414453,5.319323251876998,9.624649468688162,1.6277836590989248,0.9799929883836116,8.636230177970463,14.538474504746016,0.0,1.6489902080818695,13.474509256163426,0.8138918295494624,59.76977236151647,0.8285493333737602,0.28958232926937116,0.0,0.38610977235916155
0.07404511774388184,1.6764942360943054,372.55427468762343,7.930041256239,5.1038916659298375,9.638538860014604,1.5788126878019377,0.9892019710982741,8.382471180471526,14.2740742612302,0.0,1.5822064164382497,13.493954404020446,0.7894063439009689,60.331428217283744,0.8540080258646588,0.2924511514610414,0.0,0.3899348686147219
0.07636347603018456,1.627677782534085,361.7061738964633,7.7790983988816915,4.899501776204843,9.64885533253784,1.5317751025663104,0.9983768644196609,8.138388912670424,14.002377117987045,0.0,1.5188455506235015,13.508397465552976,0.7658875512831552,60.89100496095512,0.8797751869545755,0.2953232546440322,0.0,0.39376433952537626
0.07875442229132526,1.5807108733095394,351.26908295767544,7.62441282854634,4.705780647947216,9.655562526610918,1.4865834338666182,1.00751926342826,7.903554366547697,13.723943091383413,0.0,1.4587920008636368,13.517787537255286,0.7432917169333091,61.44859987648958,0.9058319860557849,0.29819942514212755,0.0,0.39759923352283677
0.0812202292623347,1.5355073535293586,341.2238563398575,7.4663058310514945,4.522317821785654,9.658624560610667,1.44315006943397,1.0166306861538326,7.677536767646793,13.43935049589269,0.0,1.4019185247535528,13.522074384854932,0.721575034716985,62.00430554852225,0.9321588018011479,0.3010804424824877,0.0,0.40144058997665033
0.08376324083775072,1.4919811657302584,331.5513701622797,7.305107493656344,4.348672143360089,9.65800585239988,1.4013876720329304,1.0257125420064674,7.459905828651292,13.14919348858142,0.0,1.3480883644416275,13.521208193359831,0.7006938360164652,62.558207936974455,0.9587352813442823,0.3039670713014664,0.0,0.40528942840195525
0.08638587429962831,1.450046817709996,322.23262615777696,7.141155276887093,4.184378497274393,9.653670960544973,1.3612096160806015,1.0347661004845048,7.25023408854998,12.854079498396768,0.0,1.2971573341550617,13.51513934476296,0.6806048080403008,63.110384468549945,0.9855404048594066,0.30686005335641586,0.0,0.4091467378085546
0.08909062261530773,1.4096198849610455,313.2488633246768,6.9747925017423364,4.0289544805597,9.645584433039838,1.3225304609293964,1.0437924592895957,7.048099424805227,12.554626503136205,0.0,1.248975888973507,13.503818206255772,0.6612652304646982,63.66090209207245,1.0125525555483734,0.3097600994146059,0.0,0.41301346588614135
0.09188005680712699,1.3706174841119996,304.581663136,6.806366844411481,3.881906659966696,9.633710714580365,1.2852663976997956,1.0527925155083777,6.853087420559997,12.251460319940666,0.0,1.2033910645896757,13.48719500041251,0.6426331988498978,64.20981552085595,1.0397495934663974,0.3126678819957393,0.0,0.4168905093276525
0.09475682839632969,1.3329587775439296,296.2130616764288,6.636228757182562,3.742736681538784,9.618014065567122,1.2493357298827015,1.0617669365371125,6.6647938877196475,11.945211762928611,0.0,1.160248371277023,13.46521969179397,0.6246678649413507,64.7571654593985,1.0671089345270113,0.3155840280847245,0.0,0.4207787041129661
0.09772367192349175,1.296565455055877,288.12565667908376,6.464729894316248,3.6109469530425735,9.59845853462215,1.2146593338017968,1.0707161337774038,6.4828272752793845,11.636513809769246,0.0,1.1193935554431977,13.437841948471009,0.6073296669008984,65.30297699908387,1.0946076331018608,0.31850911262136844,0.0,0.42467881682849123
0.1,1.2701642354210485,282.2587189824552,6.335962338346542,3.517035897015308,9.581313866488488,1.189532739285555,1.0773837798707888,6.350821177105242,11.404732209023777,0.0,1.0902811280747455,13.413839413083881,0.5947663696427775,65.70963673431942,1.1152230160045757,0.32069995341641483,0.0,0.427599937888553
0.10078340754786361,1.2613621863412519,280.3027080758338,6.292221553038256,3.4860458517507875,9.57500798964356,1.1811610928386123,1.0796402394925437,6.306810931706259,11.32599879546886,0.0,1.080674214042744,13.405011185500983,0.5905805464193061,65.84725820665024,1.1222224680106996,0.3214436528717393,0.0,0.428591537162319
0.10393894372809626,1.2272770462691147,272.7282325042477,6.119053129194966,3.367552473480032,9.547626204185214,1.1487683073419412,1.0885390866556746,6.136385231345573,11.014295632550938,0.0,1.04394126677881,13.366676685859298,0.5743841536709706,66.3899988951296,1.149930031699876,0.324388103635785,0.0,0.43251747151437997
0.10719327998690364,1.1942419000908304,265.38708890907344,5.945570607401697,3.2550008668540924,9.516277007661506,1.1174120673007628,1.097412192461684,5.971209500454152,10.702027093323055,0.0,1.0090502687247687,13.322787810726107,0.5587060336503814,66.9311696182381,1.1777068220846556,0.3273428534696074,0.0,0.4364571379594765
0.11054950976228473,1.1621927512517336,258.2650558337186,5.772115087236048,3.1479437879591483,9.48092449339802,1.0870275902339221,1.1062587451862789,5.810963756258667,10.389807157024887,0.0,0.9758625742673359,13.273294290757226,0.5435137951169611,67.47072086891114,1.205529336498448,0.3303082218361634,0.0,0.4404109624482178
0.11401082334801758,1.13106999759997,251.3488883555489,5.5990214129851905,3.0459556915817427,9.441533330589765,1.0575544704292765,1.115077597663107,5.65534998799985,10.078238543373343,0.0,0.9442462643903402,13.21814666282567,0.5287772352146383,68.0085826814729,1.2333741673362242,0.3332844580578601,0.0,0.4443792774104802
0.11758051092622286,1.1008186667072106,244.62637037938015,5.426616825555656,2.948635381678765,9.398069112860014,1.0289369093269811,1.1238672628339659,5.504093333536053,9.76791028600018,0.0,0.9140769683204172,13.15729675800402,0.5144684546634906,68.54466436024359,1.2612180990492103,0.3362717408538698,0.0,0.44836232113849317
0.12126196569487344,1.0713885607438658,238.0863468319702,5.255219724258597,2.8556079554539724,9.350498802193066,1.0011238579295767,1.132625915553744,5.3569428037193285,9.459395503665476,0.0,0.8852384661907314,13.090698323070292,0.5005619289647883,69.07885458962285,1.2890382058587102,0.33927017957865085,0.0,0.4523602394382012
0.1250586870932304,1.04273433588419,231.71874130759778,5.085138510478886,2.7665262060095595,9.298791242579057,0.9740690957571875,1.1413513989897481,5.21367167942095,9.153249318861995,0.0,0.8576231238629635,13.018307739610679,0.48703454787859374,69.61102182438474,1.3168119499347477,0.3422798167161665,0.0,0.45637308895488865
0.12897428412826512,1.0148155101829475,225.5145578184328,4.916670523155389,2.6810714737917247,9.24291774534396,0.9477312401322644,1.150041235879323,5.074077550914737,8.8500069416797,0.0,0.8311321568754346,12.940084843481541,0.4738656200661322,70.14101497627992,1.3445172796745803,0.34530063169879455,0.0,0.46040084226505934
0.1330124788052318,0.9875964077090341,219.46586837978538,4.750101062445759,2.598954013237099,9.182852734484696,0.9220736932759521,1.158692643997162,4.9379820385451705,8.550181912402365,0.0,0.8056757441035006,12.855993828278574,0.46103684663797606,70.66866435738692,1.3721327274408426,0.34833254587548435,0.0,0.4644433945006458
0.13333333333333333,0.9854978194722771,218.99951543828382,4.737171942275219,2.592669443206737,9.177981506771964,0.9200962929709331,1.1593670313416733,4.927489097361385,8.526909496095394,0.0,0.8037275273940885,12.84917410948075,0.46004814648546655,70.70979524152865,1.374286433030447,0.34856994929465235,0.0,0.4647599323928698
0.13717710966565425,0.9610460375877081,213.56578613060185,4.585702509196826,2.5199128860384588,9.118574448573304,0.8970645256809058,1.1673025557625358,4.80523018793854,8.254264516554288,0.0,0.7811729946719222,12.766004228002625,0.4485322628404529,71.19378287595707,1.3996375060972748,0.35137542860865184,0.0,0.46850057147820234
0.14147213543608317,0.9351379033975258,207.80842297722796,4.423733542080405,2.4437153734904498,9.050065702231858,0.8726762911359619,1.175867642305774,4.675689516987629,7.96272037574473,0.0,0.7575517657820394,12.670091983124601,0.43633814556798095,71.71616750422915,1.4270116046498562,0.3544291045848357,0.0,0.4725721394464475
0.14590163879110046,0.9098497609879175,202.1888357750928,4.264438441642839,2.3701560247191957,8.97731468435529,0.8488857910837954,1.1843843406395538,4.549248804939587,7.67598919495711,0.0,0.7347483676629507,12.568240558097406,0.4244428955418977,72.23560093560639,1.4542358818910548,0.35749336197444054,0.0,0.47665781596592066
0.15046983023414068,0.8851633245119468,196.70296100265486,4.1080464812333926,2.299055352722452,8.900315790957247,0.8256737880071641,1.1928488839433034,4.425816622559734,7.394483666220107,0.0,0.7127071593439601,12.460442107340146,0.41283689400358203,72.75185343170207,1.4812921580590959,0.36056796144211956,0.0,0.480757281922826
0.15518105209982128,0.8610639357641073,191.34754128091276,3.95477140056552,2.2302582720700257,8.81907047154597,0.8030246826051646,1.2012573337627728,4.305319678820537,7.118588521017936,0.0,0.691380064341708,12.346698660164359,0.4015123413025823,73.26468478619151,1.508163303147365,0.3636526456848236,0.0,0.48487019424643135
0.16003978268158892,0.8375401960655003,186.12004357011122,3.8048109582388774,2.163632283779039,8.733588088961783,0.7809261539700284,1.2096056142669844,4.187700980327501,6.84865972482998,0.0,0.6707260079715022,12.227023324546495,0.3904630769850142,73.77384641414338,1.5348333223312876,0.3667471495356567,0.0,0.4889961993808754
0.16505064048859966,0.8145835754536249,181.01857232302777,3.6583465574483527,2.0990654960290263,8.643886772554167,0.7593687772392781,1.2178895474395057,4.072917877268124,6.585023803407035,0.0,0.6507103037689982,12.101441481575833,0.37968438861963905,74.27908349833545,1.561287437364738,0.36985121033100354,0.0,0.49313494710800465
0.16666666666666666,0.8074452788012133,179.43228417804738,3.6128119650475785,2.0790726037112317,8.614664417089335,0.7526671577851467,1.220493535894561,4.037226394006066,6.5030615370856415,0.0,0.6445125071504818,12.060530183925069,0.37633357889257335,74.43790075420928,1.5696008823091572,0.3708341630925547,0.0,0.4944455507900729
0.17021838863588276,0.7921880057895136,176.04177906433637,3.515542938995534,2.036464523709306,8.549994255475504,0.7383456252116117,1.226104888780113,3.9609400289475682,6.327977290191962,0.0,0.6313040023498849,11.969991957665705,0.36917281260580587,74.78013716669909,1.5875121637839922,0.3729645784268224,0.0,0.49728610456909655
0.17554793937196375,0.7703494678643253,171.18877063651675,3.3765479376593466,1.9757523267728967,8.451948681491318,0.7178518638221096,1.2342473627715502,3.8517473393216264,6.077786287786824,0.0,0.612483221299598,11.832728154087844,0.3589259319110548,75.27674665543685,1.6134953831637926,0.37608702766324276,0.0,0.501449370217657
0.18104435874824296,0.7490655872939177,166.45901939864837,3.241492318199003,1.9168660652311895,8.349799353475404,0.6978843558948192,1.242312696604808,3.745327936469588,5.834686172758206,0.0,0.5942284802216687,11.689719094865566,0.3489421779474096,75.76865136592724,1.6392264071114662,0.3792183653696797,0.0,0.505624487159573
0.18671287143457763,0.7283352275289289,161.8522727842064,3.1104896448988586,1.859754924791732,8.243607452452183,0.6784412619422676,1.2502966540363847,3.641676137644644,5.598881360817946,0.0,0.5765240266854369,11.541050433433055,0.3392206309711338,76.25559292967911,1.6646960390203955,0.38235844241910716,0.0,0.5098112565588095
0.19255886568563693,0.7081581106576073,157.36846903502382,2.983636232591914,1.8043780655077863,8.133446667067874,0.6595216678764431,1.2581950659602366,3.540790553288036,5.370545218665445,0.0,0.5593572003074138,11.386825333895022,0.32976083393822153,76.73731707291483,1.6898966252558838,0.38550716240597405,0.0,0.5140095498746321
0.1985878984627537,0.6885344570413896,153.0076571203088,2.861011149221201,1.7507026558118992,8.019403753077597,0.6411252309869138,1.2660038590517597,3.442672285206948,5.149820068598162,0.0,0.5427178233016887,11.227165254308636,0.3205626154934569,77.21357536356683,1.7148220998792227,0.3886644903158809,0.0,0.5182193204211745
0.2,0.6841026695970589,152.0228154660131,2.8334329954267017,1.7386041507661238,7.992655207814979,0.6369711556674383,1.2677854482218505,3.420513347985294,5.100179391768063,0.0,0.5389672867374984,11.189717290940969,0.31848557783371917,77.32223448705066,1.7205112698472227,0.38939134850739937,0.0,0.5191884646765326
0.2048057007161457,0.6694646570172252,148.7699237816056,2.7426762959016755,1.6987020560167234,7.901578993664039,0.6232518570428852,1.2737190809450885,3.347323285086126,4.936817332623016,0.0,0.5265976373651843,11.062210591129654,0.3116259285214426,77.68412674684095,1.7394680188347083,0.3918304602697656,0.0,0.5224406136930208
0.21121818283251761,0.6509489691924537,144.65532648721194,2.6286765295986645,1.6483541338021865,7.780086576864285,0.6059014033290356,1.281336923105803,3.2547448459622683,4.731617753277596,0.0,0.5109897814786778,10.892121207609998,0.3029507016645178,78.14873894022293,1.763831587796383,0.39500518265846973,0.0,0.5266735768779597
0.21783144025323414,0.632987258362458,140.6638351916573,2.5190398689995996,1.5996397693989004,7.6550548562068785,0.5890734201969887,1.2888537396130682,3.1649362918122894,4.534271764199279,0.0,0.4958883285136591,10.717076798689629,0.29453671009849436,78.60718957900103,1.7879116781739248,0.3981888501825352,0.0,0.530918466910047
0.22465175926839415,0.6155787719251382,136.7952826500307,2.413777783665729,1.5525415446256148,7.526626493523678,0.5727669300280338,1.2962660619995745,3.077893859625691,4.344800010598312,0.0,0.4812878788339406,10.537277090933149,0.2863834650140169,79.05926712135405,1.8117088314746541,0.40138174283701944,0.0,0.535175657116026
0.23168562299231782,0.5987219521600871,133.04932270224157,2.3128855487139703,1.5070426077093002,7.394958490567129,0.5569802411193768,1.3035706107600078,2.9936097608004353,4.163193987685147,0.0,0.4671832083898831,10.35294188679398,0.2784901205596884,79.50477155025288,1.8352252541816643,0.4045842320071578,0.0,0.5394456426762104
0.23333333333333334,0.5949249214572543,132.20553810161206,2.290309955637523,1.496808334364456,7.364252628054116,0.5534246838356022,1.3052340972093117,2.9746246072862714,4.122557920147542,0.0,0.46401058365298137,10.309953679275761,0.2767123419178011,79.60622758879592,1.8405915091826766,0.4053217704118837,0.0,0.540429027215845
0.23893971752613127,0.5824142872693961,129.42539717097694,2.2163426812415805,1.4631257244241906,7.260222097484348,0.5417107992553628,1.3107643030431404,2.9120714363469804,3.9894168262348453,0.0,0.4535689745714991,10.164310936478087,0.2708553996276814,79.94351484260113,1.858464801267999,0.40779678354260257,0.0,0.5437290447234701
0.2464209383132951,0.5666522009241137,125.92271131646972,2.1241134666502095,1.4207725115916043,7.122602593386888,0.5269550766715407,1.317844256451634,2.8332610046205686,3.823404239970377,0.0,0.4404394785933973,9.971643630741642,0.26347753833577037,80.37532120098516,1.8814329476349014,0.4110199597890098,0.0,0.5480266130520131
0.2541363966941321,0.5514309792957531,122.54021762127847,2.0361475816862034,1.379962845233678,6.9822989360700385,0.5127084973753632,1.3248077889554641,2.7571548964787653,3.665065647035166,0.0,0.4277884820224402,9.775218510498053,0.2563542486876816,80.80002704839376,1.904136746976869,0.41425442057808004,0.0,0.55233922743744
0.26209342666557356,0.5367447286027119,119.27660635615823,1.9523807798345558,1.3406744172287,6.8395232985069745,0.4989653921652196,1.3316524162105752,2.68372364301356,3.5142854037022007,0.0,0.415609069340897,9.575332617909764,0.2494826960826098,81.21748086468298,1.9265847824120608,0.41750092352674384,0.0,0.5566678980356584
0.26666666666666666,0.5287360911997704,117.49690915550454,1.907190532403793,1.3192870885508967,6.758413993936367,0.49147226328807364,1.3354399392174667,2.643680455998852,3.4329429583268274,0.0,0.408978997450778,9.461779591510913,0.24573613164403682,81.4484818928733,1.9390718739278616,0.41932809893822737,0.0,0.5591041319176364
0.27029959185255237,0.5225863699065262,116.13030442367248,1.8727357035328547,1.3028824554066616,6.694500461596191,0.4857189896186755,1.3383758445273708,2.612931849532631,3.3709242663591383,0.0,0.40389356117606506,9.372300646234667,0.24285949480933774,81.62754275772434,1.9487871016667617,0.42076032316785733,0.0,0.5610137642238097
0.2787626926976774,0.5089476603288189,113.09948007307086,1.7971227653214976,1.2665595678273642,6.547467094046846,0.4729614327268346,1.3449759615343386,2.5447383016440943,3.234820977578696,0.0,0.3926334660264829,9.166453931665584,0.2364807163634173,82.03008389397931,1.9707551439448372,0.4240335694683892,0.0,0.565378092624519
0.2874907738760087,0.49581923986555076,110.18205330345573,1.7254411085516868,1.2316757032485182,6.398670915841384,0.4606838203110504,1.3514508244358732,2.4790961993277536,3.1057939953930362,0.0,0.38181946800704064,8.958139282177937,0.2303419101555252,82.42498578234391,1.9925016575580459,0.4273217057075546,0.0,0.5697622742767395
0.2964921319419978,0.4831907023278766,107.37571162841704,1.6575796551643298,1.198198217251465,6.248369744576744,0.4488762717379164,1.357798645854169,2.415953511639383,2.9836433792957937,0.0,0.37144144734795415,8.74771764240744,0.2244381358689582,82.81213941064577,2.0140406077529964,0.43062586571250766,0.0,0.5741678209500102
0.3,0.4785022255010633,106.33382788912519,1.632671966278065,1.1857897131468176,6.190687914955758,0.44449326958025376,1.3601865493200809,2.3925111275053164,2.938809539300517,0.0,0.36759481107551345,8.66696308093806,0.22224663479012688,82.95777764303173,2.0222062664733484,0.43189089755618504,0.0,0.5758545300749134
0.3057753232158493,0.4710506863290784,104.67793029535076,1.5934182273795934,1.1660920262607006,6.096830434240923,0.43752801099567656,1.3640177778490035,2.355253431645392,2.868152809283268,0.0,0.3614885281408172,8.535562607937292,0.21876400549783828,83.19144427101072,2.035387076541749,0.4339472706137185,0.0,0.5785963608182914
0.3153491719168045,0.45938698211825274,102.0859960262784,1.5328287269697514,1.1353198321092397,5.944327717278907,0.4266274660952897,1.3701066947757217,2.2969349105912635,2.7590917085455526,0.0,0.35194914795386434,8.322058804190469,0.21331373304764484,83.56280731437127,2.0565571566703356,0.43728722530041025,0.0,0.5830496337338804
0.32522277855108467,0.448186650269639,99.59703339325313,1.4756763554171863,1.1058424010498216,5.791142960814241,0.4161623799656218,1.3760639756272106,2.2409332513481948,2.6562174397509355,0.0,0.3428111443254447,8.107600145139937,0.2080811899828109,83.92614187350358,2.0775678418672623,0.4406471147526491,0.0,0.5875294863368655
0.3333333333333333,0.4395617306108943,97.68038458019873,1.4323888966398128,1.0831936150700046,5.668452887584574,0.4081053291044747,1.3807282395297371,2.1978086530544716,2.578300013951663,0.0,0.3357900206717014,7.935834042618403,0.20405266455223736,84.21061532891866,2.094252364159832,0.4433469127438587,0.0,0.5911292169918116
0.335405528562453,0.437436149961479,97.20803332477311,1.4218208695335406,1.0776188866114458,5.637562843234752,0.406119930644546,1.3818882861211896,2.187180749807395,2.559277565160373,0.0,0.3340618548495482,7.892587980528653,0.203059965322273,84.28136657053136,2.098436914148517,0.4440284003227029,0.0,0.5920378670969373
0.3459071012536346,0.4271214784037958,94.91588408973239,1.3711178942750535,1.05060719702824,5.483877948467278,0.3964868621735198,1.3875783598540634,2.135607392018979,2.4680122096950963,0.0,0.3256882310787544,7.677429127854188,0.1982434310867599,84.62840416749933,2.1191828256529224,0.447432615784808,0.0,0.5965768210464106
0.356737478987062,0.41722830604151906,92.7174013425598,1.3234201834230364,1.0247643609128523,5.330381327037084,0.3872496116896751,1.3931329820082454,2.086141530207595,2.3821563301614654,0.0,0.31767695188298417,7.462533857851916,0.19362480584483754,84.96718057268289,2.1398245879387274,0.450861364100411,0.0,0.6011484854672148
0.36666666666666664,0.4087617706517504,90.83594903372233,1.283355804868341,1.0027007557057512,5.194094605046644,0.3793461680814663,1.3979642216970314,2.043808853258752,2.310040448763014,0.0,0.31083723426878285,7.2717324470653,0.18967308404073316,85.26183788130194,2.158133500246895,0.4539365517254077,0.0,0.6052487356338769
0.3679069566736946,0.4077421173372008,90.60935940826685,1.2785789089720008,1.000046916421755,5.177366997291766,0.37839444189692056,1.3985509729992855,2.038710586686004,2.3014420361496013,0.0,0.310014544090744,7.248313796208471,0.18919722094846028,85.29762384322643,2.1603816591667853,0.4543163141943378,0.0,0.6057550855924505
0.37942615155894255,0.39864834649417946,88.588521443151,1.2364449027459166,0.9764112919577157,5.025128423646774,0.3699075688784965,1.4038311744333074,1.993241732470897,2.2256008249426498,0.0,0.30268750050689186,7.035179793105483,0.18495378443924826,85.61966332868742,2.180873838130828,0.4577991983874029,0.0,0.6103989311832039
0.39130601331497683,0.3899325079527236,86.65166843393858,1.1968698522596841,0.9538141764312575,4.873956977325539,0.36177528506853923,1.40897243722104,1.9496625397636178,2.1543657340674316,0.0,0.29568239469368984,6.823539768255754,0.18088764253426962,85.93322894611123,2.2013211647972426,0.461311810447592,0.0,0.6150824139301228
0.4,0.3839429149423734,85.32064776497187,1.1701430657815057,0.938317935264202,4.76701682537181,0.35618780778256975,1.4125515338425132,1.9197145747118671,2.1062575184067103,0.0,0.29087855993190265,6.673823555520534,0.17809390389128488,86.15151804905489,2.2158791757487473,0.4638346634049073,0.0,0.6184462178732099
0.4035578344490419,0.38158032190954033,84.79562709100897,1.1597074544683184,0.9322128785508645,4.724140388255009,0.3539840775966674,1.413973611534775,1.9079016095477015,2.0874734180429733,0.0,0.288985992350768,6.6137965435570125,0.1769920387983337,86.23825056750593,2.221743826687615,0.4648560041805071,0.0,0.6198080055740096
0.4161932610376458,0.373577826346261,83.01729474361355,1.1248144641789535,0.9115656503516717,4.57596121672558,0.34652073398529765,1.4188335405768895,1.8678891317313049,2.024666035522116,0.0,0.2825853516090182,6.406345703415812,0.17326036699264882,86.5346576397845,2.2421620785206122,0.4684336930948166,0.0,0.6245782574597556
0.429224303796838,0.3659114771491298,81.31366158869551,1.0920516497067718,0.8918319787236929,4.4296953478952314,0.33937243667505324,1.4235510575872072,1.8295573857456489,1.9656929694721892,0.0,0.2764679134043448,6.201573487053324,0.16968621833752662,86.82237900224378,2.2625961734214797,0.47204685099253135,0.0,0.6293958013233752
0.43333333333333335,0.3636082303687182,80.80182897082626,1.0823364992373978,0.8859121876876663,4.3849225454086165,0.33722512937786747,1.424979961626685,1.8180411518435908,1.948205698627316,0.0,0.27463277818317655,6.138891563572063,0.16861256468893374,86.90952785961152,2.268917439865691,0.47317094427854556,0.0,0.6308945923713942
0.44266334949910746,0.3585682379672029,79.68183065937842,1.0612846674161642,0.8729728489785554,4.285610518484304,0.33252684791515896,1.4281249853949127,1.7928411898360144,1.9103124013490955,0.0,0.27062158318335217,5.999854725878025,0.16626342395757948,87.10134285923573,2.2830663039272636,0.47569751330376064,0.0,0.634263351071681
0.4565231727477313,0.35153565355376437,78.11903412305877,1.032384807504422,0.8549509625388403,4.143964898697982,0.3259721791308906,1.4325541399474426,1.7576782677688216,1.8582926535079596,0.0,0.26503479838704047,5.801550858177174,0.1629860895654453,87.37147699539453,2.30359255831284,0.47938777955701317,0.0,0.6391837060760177
0.4666666666666667,0.34670587021449006,77.04574893655335,1.0128567196957305,0.8425963118894291,4.044624931580452,0.3214713602956938,1.4356222401512078,1.7335293510724503,1.8231420954523152,0.0,0.261204856685723,5.662474904212632,0.1607356801478469,87.55860042682217,2.3182690907312655,0.4820435955464399,0.0,0.6427247940619198
0.4708169481197926,0.34480190639035646,76.62264586452366,1.005229608898057,0.8377309079033075,4.005005737611116,0.3196972445735328,1.4368373377122061,1.7240095319517823,1.8094132960165028,0.0,0.25969658145002533,5.607008032655562,0.1598486222867664,87.63270922706745,2.324194892281128,0.4831198169616192,0.0,0.6441597559488257
0.4855582626893883,0.33835585701367443,75.19019044748322,0.9797033453188146,0.8212792858252567,3.86896808086022,0.31369149964225457,1.440973406654812,1.6917792850683722,1.7634660215738664,0.0,0.25459657860582957,5.416555313204308,0.15684574982112728,87.884968071877,2.3448931154924453,0.48689586502787996,0.0,0.6491944867038401
0.5,0.33248507705452135,73.88557267878254,0.9568477306017094,0.8063232885307963,3.74255344923725,0.3082226474574149,1.444767942890198,1.6624253852726065,1.722325915083077,0.0,0.24996021944454683,5.23957482893215,0.15411132372870745,88.11639683687318,2.3646769632046842,0.4905285281318937,0.0,0.6540380375091916
0.5007611289429391,0.33218706966432227,73.81934881429383,0.9556973928282079,0.8055647930012633,3.736073571039352,0.30794506539338146,1.4449612001138765,1.6609353483216112,1.7202553070907742,0.0,0.2497250858303916,5.2305029994550924,0.15397253269669073,88.12818359494533,2.3657068912820423,0.4907182410489243,0.0,0.6542909880652324
0.5164399980988887,0.3262858214025188,72.50796031167084,0.9331104636215451,0.790558258921542,3.606529344254368,0.3024487374892976,1.4487996138792194,1.631429107012594,1.6795988345187813,0.0,0.24507306026567802,5.049141081956115,0.1512243687446488,88.3622884504936,2.3866557511471864,0.4945893465322434,0.0,0.6594524620429912
0.5326097738444289,0.3206430939988361,71.25402088863025,0.9118487005562264,0.776232633882046,3.4805270270148814,0.29719397893510396,1.4524876066020962,1.6032154699941805,1.6413276610012075,0.0,0.24063211650343425,4.872737837820834,0.14859698946755198,88.58721912666185,2.4077591246035976,0.4985116746181957,0.0,0.6646822328242609
0.5333333333333333,0.3204004261529092,71.20009470064649,0.9109415193956044,0.7756170584202884,3.4750627409314707,0.2969680127350545,1.4526465342574046,1.6020021307645458,1.639694734912088,0.0,0.2404412881102894,4.865087837304059,0.14848400636752726,88.59691212435911,2.4086922668559567,0.4986856119972718,0.0,0.6649141493296957
0.5492858265023374,0.3152505520057921,70.05567822350935,0.8918256557765701,0.7625629375119367,3.3582418412834447,0.29217289979868843,1.456024222374235,1.5762527600289604,1.6052861803978262,0.0,0.23639451062870037,4.701538577796822,0.14608644989934422,88.8029173226046,2.4290363811346865,0.5024878181798911,0.0,0.6699837575731882
0.5664840076413714,0.31010050727130634,68.91122383806808,0.8729621544423826,0.7495261684660789,3.2398318236287205,0.2873782241570556,1.4594086152885508,1.5505025363565315,1.5713318779962886,0.0,0.23235311222448446,4.535764553080209,0.1436891120785278,89.00933144644871,2.4505068839277975,0.5065204785582789,0.0,0.6753606380777052
0.5666666666666667,0.31004790836186097,68.89953519152466,0.8727707619201557,0.7493931092777477,3.2386145842977405,0.2873292577249363,1.459443199328227,1.5502395418093047,1.5709873714562803,0.0,0.23231186387610178,4.5340604180168365,0.14366462886246814,89.01144072702857,2.4507324926781413,0.5065629569431356,0.0,0.6754172759241808
0.5842206651441115,0.3051858715149165,67.81908255887033,0.855186054649745,0.7371011797355213,3.1254371623490806,0.282803245789786,1.4626400754254165,1.5259293575745825,1.539334898369541,0.0,0.22850136571801158,4.375612027288713,0.141401622894893,89.20641820019615,2.472190053841667,0.51061247478727,0.0,0.6808166330496933
0.6,0.30112207655475437,66.91601701216764,0.8406452980740595,0.726838415816389,3.0298788212200374,0.27902068010371917,1.46530983989572,1.5056103827737717,1.513161536533307,0.0,0.2253199089030806,4.241830349708052,0.13951034005185958,89.36924713523997,2.4911204700657055,0.51419987739508,0.0,0.6855998365267731
0.6025126587465945,0.30050009998729,66.77779999717556,0.8384319234650266,0.7252685278335603,3.0151796644829143,0.2784417754522459,1.4657180551434745,1.5025004999364497,1.509177462237048,0.0,0.2248332436284037,4.22125153027608,0.13922088772612295,89.39414418320051,2.4941054406501997,0.5147667530160345,0.0,0.6863556706880459
0.6213773760644736,0.2960371245625566,65.78602768056814,0.8226406194877038,0.7140102914303483,2.9091623377213596,0.27428807818367323,1.468642196440804,1.480185622812783,1.480753115077867,0.0,0.221343190343408,4.072827272809903,0.13714403909183662,89.57248756092464,2.5162728032814194,0.5189863963289899,0.0,0.6919818617719866
0.6333333333333333,0.2933871705568964,65.19714901264365,0.8133368914579582,0.7073307347461142,2.8457832418247597,0.27182193659813125,1.4703728128254083,1.466935852784482,1.4640064046243249,0.0,0.21927252777129538,3.984096538554663,0.13591096829906563,89.67803785422166,2.5301108829263703,0.5216289714889935,0.0,0.695505295318658
0.6408327491209788,0.2917912829249952,64.8425073166656,0.8077588265214692,0.7033098777012942,2.80746910912039,0.27033680689890854,1.4714123569944357,1.4589564146249758,1.4539658877386448,0.0,0.2180260620874012,3.9304567527685452,0.13516840344945427,89.74143965309064,2.538712192575687,0.5232746343355076,0.0,0.6976995124473436
0.6608972713923554,0.28775724320113777,63.946054044697284,0.7937385351623137,0.6931518146889616,2.710164670921785,0.2665829316576993,1.4740286352482026,1.4387862160056888,1.4287293632921647,0.0,0.2148770625535781,3.7942305392904987,0.13329146582884965,89.90100646378788,2.561444037285918,0.527634852626272,0.0,0.7035131368350297
0.6666666666666666,0.2866575124980137,63.701669444003045,0.7899354723053945,0.6903839756283074,2.683531801332123,0.2655596238927058,1.4747384681802338,1.4332875624900685,1.4218838501497102,0.0,0.2140190324447753,3.7569445218649724,0.1327798119463529,89.94429917431246,2.567908444526811,0.5288776029356883,0.0,0.7051701372475848
0.6815900153869975,0.2839299261561508,63.095539145811294,0.7805364884124623,0.6835215356220371,2.617294447761015,0.2630216666036193,1.4764913940183286,1.419649630780754,1.404965679142432,0.0,0.2118916760428315,3.6642122268654207,0.13151083330180965,90.05121012117786,2.5844892314050374,0.5320706019546873,0.0,0.7094274692729167
0.7,0.2807840905586861,62.39646456859691,0.7697527822179633,0.6756109563112865,2.540603780572898,0.2600946783888033,1.4784971807719722,1.4039204527934304,1.385555007992334,0.0,0.2094393964564988,3.556845292802057,0.13004733919440165,90.1735430552826,2.6046804812881765,0.535968974861332,0.0,0.7146252998151098
0.7029306507749974,0.28030442880554374,62.28987306789861,0.7681136169129277,0.6744051657387816,2.528884699087032,0.25964839818463376,1.4788012812127036,1.4015221440277186,1.3826045104432698,0.0,0.2090656013790223,3.5404385787218446,0.12982419909231688,90.1920901411628,2.607869219068033,0.5365856067758236,0.0,0.7154474757010985
0.7249394630853131,0.27687595065310017,61.527989034022255,0.7564344730493011,0.6657893150151276,2.4449427532026133,0.25645861579384815,1.4809592473663795,1.384379753265501,1.361582051488742,0.0,0.20639468765468957,3.4229198544836583,0.12822930789692408,90.3237044968755,2.6316060759416513,0.5411837730641746,0.0,0.7215783640855667
0.7333333333333333,0.2756452759683284,61.25450577073964,0.7522574177142253,0.6626977514534367,2.414741935640404,0.2553136617907688,1.4817263442914197,1.3782263798416419,1.3540633518856056,0.0,0.20543630295056536,3.3806387098965653,0.1276568308953844,90.37048973833369,2.6405657634494855,0.5429229234178977,0.0,0.7238972312238643
0.7476373729883667,0.27363972347709475,60.808827439354395,0.7454666725211704,0.6576608794935803,2.365457360042833,0.2534478457009786,1.4829665599509747,1.3681986173854737,1.3418400105381068,0.0,0.2038748726430099,3.3116403040599662,0.1267239228504893,90.44613049140995,2.6557225863875606,0.5458691953962741,0.0,0.7278255938616994
0.7666666666666666,0.271140317347533,60.253403855007335,0.7370307415428045,0.6513858150324185,2.3039347659043905,0.2511226572445892,1.4844926407963037,1.355701586737665,1.326655334777048,0.0,0.20192960266004975,3.2255086722661463,0.1255613286222946,90.53920616216656,2.6756807971599064,0.5497565162811446,0.0,0.7330086883748602
0.7710459561823675,0.27059094729391,60.13132162086889,0.7351803612450184,0.6500068584413331,2.290399169513949,0.2506115907414045,1.4848248135468924,1.3529547364695498,1.3233246502410332,0.0,0.20150212611681326,3.206558837319528,0.12530579537070224,90.55946537822497,2.6802423138686313,0.5506461630595916,0.0,0.7341948840794561
0.795187463902277,0.267724734017005,59.49438533711221,0.7255477182123312,0.6428141915321102,2.2197213373306393,0.247945277187779,1.486535935388573,1.3386236700850247,1.3059858927821961,0.0,0.19927239937495417,3.107609872262895,0.1239726385938895,90.66382669934907,2.7051896631631034,0.5555191650597038,0.0,0.7406922200796058
0.8,0.2671847103186093,59.37438007080207,0.7237366908443904,0.6414593384722583,2.206396080481756,0.24744292767913498,1.486853797865547,1.3359235515930463,1.3027260435199028,0.0,0.19885239492640008,3.088954512674458,0.12372146383956749,90.68321313181971,2.7101243885902573,0.5564845137074911,0.0,0.7419793516099888
0.8200848440709281,0.2650360578312593,58.89690174027984,0.7165424931536148,0.6360696137396152,2.1533602195695867,0.24544420789747,1.4881021872801006,1.3251802891562963,1.2897764876765068,0.0,0.19718158025928073,3.0147043073974213,0.122722103948735,90.75935240221334,2.730589935739465,0.5604928942797901,0.0,0.7473238590397209
0.8333333333333334,0.26370684938215877,58.60152208492418,0.7121009031240397,0.6327361759702888,2.1205439308757987,0.24420777867416205,1.4888599734002794,1.3185342469107937,1.2817816256232715,0.0,0.1961482145507895,2.968761503226118,0.12210388933708102,90.80556977768305,2.743981013175855,0.5631197301638827,0.0,0.7508263068851777
0.8457617631123614,0.2625197173605135,58.337714969003,0.7081396054942772,0.6297595413467405,2.0912362218985585,0.24310352648167677,1.4895261611633286,1.3125985868025674,1.2746512898896991,0.0,0.19522545781748954,2.9277307106579817,0.12155176324083838,90.84620056935141,2.756469372817779,0.5655722500930735,0.0,0.7540963334574321
0.8666666666666667,0.2606455498222802,57.92123329384006,0.7018960507666876,0.6250611823174176,2.044979860986611,0.24136023834680242,1.4905548742094954,1.303227749111401,1.2634128913800378,0.0,0.19376896651839945,2.862971805381255,0.12068011917340121,90.90894177803713,2.777323365929371,0.5696733251398457,0.0,0.7595644335197949
0.8722426284481652,0.2601703057280384,57.81562349511965,0.7003147881493332,0.6238699790446318,2.033254727235718,0.24091818885995886,1.4908107708902474,1.3008515286401918,1.2605666186687998,0.0,0.19339969350383585,2.846556618130005,0.12045909442997943,90.9245489165962,2.7828551906184504,0.5707623400833822,0.0,0.7610164534445103
0.8995526116981605,0.25798219082263846,57.3293757383641,0.6930442890672998,0.6183864542853245,1.9793071263096416,0.238882944363648,1.4919592390628043,1.2899109541131921,1.2474797203211396,0.0,0.1916998008284506,2.771029976833498,0.119441472181824,90.99459399044044,2.809775605371035,0.5760684805812597,0.0,0.7680913074416804
0.9,0.2579481907780649,57.321820172903315,0.6929314436815406,0.6183012617346341,1.9784694655336799,0.23885132017599306,1.4919766648867034,1.2897409538903244,1.247276598626773,0.0,0.19167339113773654,2.7698572517471516,0.11942566008799653,90.99565679144004,2.8102143151994468,0.5761550385413656,0.0,0.768206718055155
0.9277176726074996,0.25594950560927743,56.877667913172765,0.686304630505675,0.6132939785197067,1.9292719436179742,0.23699232623946867,1.4929750791244336,1.279747528046387,1.235348334910215,0.0,0.19012113334110906,2.7009807210651635,0.11849616311973434,91.05655007579921,2.837259848325105,0.5814961960639108,0.0,0.7753282614185485
0.9333333333333333,0.2555692794990025,56.79317322200055,0.6850454660153358,0.6123415727125691,1.919924229845706,0.23663868095105303,1.4931587273356441,1.2778463974950123,1.2330818388276044,0.0,0.1898258875408964,2.687893921783988,0.11831934047552652,91.06775078020094,2.842708447608376,0.5825733867384829,0.0,0.7767645156513113
0.9567645837229419,0.25406614792522164,56.459143983382596,0.6800724240778713,0.6085770339114549,1.8830160452404774,0.2352406510331254,1.4938620731163843,1.270330739626108,1.2241303633401683,0.0,0.188658880512551,2.636222463336668,0.1176203255165627,91.11064783936828,2.8653381714443706,0.5870512175261171,0.0,0.7827349567014903
0.9666666666666667,0.25346933067652994,56.326517928117774,0.6781000169250144,0.6070825895790702,1.8683850911409945,0.2346855740329809,1.494130294718731,1.2673466533826496,1.220580030465026,0.0,0.18819560276951178,2.6157391275973922,0.11734278701649045,91.1270066748954,2.8748532987906805,0.5889358257536756,0.0,0.7852477676715685
0.9867209558417291,0.2523257894295132,56.072397651002944,0.6743242400542282,0.6042195846649854,1.8403959227763125,0.23362202654288272,1.4946242453021537,1.2616289471475661,1.2137836320976108,0.0,0.18730807124614546,2.576554291886837,0.11681101327144136,91.15713272097835,2.8940418441668014,0.5927394798760619,0.0,0.7903193065014167
1.0,0.25161396559340526,55.91421457631228,0.6719763053545662,0.6024377587142749,1.823007491195524,0.2329600085430007,1.4949169925226646,1.2580698279670262,1.2095573496382193,0.0,0.1867557052014252,2.5522104876737335,0.11648000427150035,91.17498737395732,2.9066903617397255,0.5952488902218624,0.0,0.7936651869624841
1.017615264257265,0.25072189188032146,55.71597597340477,0.6690365234100293,0.6002051082883924,1.8012590164484583,0.23213036664170122,1.4952658328773267,1.2536094594016072,1.2042657421380527,0.0,0.18606358356940164,2.5217626230278416,0.11606518332085061,91.19626314718816,2.923403143355617,0.5985671186692821,0.0,0.7980894915590436
1.0333333333333332,0.24997318339718305,55.54959631048512,0.6665716318081292,0.5983316153146834,1.7830480783285902,0.23143406962879648,1.4955412981515028,1.2498659169859152,1.1998289372546325,0.0,0.18548280074755186,2.496267309660026,0.11571703481439824,91.21306377426016,2.93825591573114,0.601518311216989,0.0,0.8020244149559862
1.0494768758265702,0.24924773229574704,55.38838495461045,0.6641855611042887,0.5965166506459602,1.7654451214512883,0.23075941441339018,1.495791252498726,1.246238661478735,1.1955340099877196,0.0,0.18492016170024764,2.4716231700318034,0.11537970720669509,91.2283084898973,2.9534553345078605,0.6045404658604653,0.0,0.8060539544806211
1.0666666666666667,0.24852075569527568,55.226834598950155,0.6617968504460764,0.5946982282658217,1.7478527674845898,0.23008335407575733,1.4960229389442243,1.2426037784763784,1.1912343308029376,0.0,0.18435645076240473,2.4469938744784256,0.11504167703787867,91.24243904620825,2.9695817247593994,0.6077491181451489,0.0,0.8103321575268659
1.082336076885192,0.24789643339927203,55.08809631094934,0.65974748578603,0.5931368955754944,1.73278780470332,0.22950277024844778,1.4962050650325083,1.23948216699636,1.1875454744148541,0.0,0.18387243762840327,2.425902926584648,0.11475138512422389,91.25354691633268,2.984232648400872,0.6106660451887738,0.0,0.8142213935850326
1.1,0.24723372134051008,54.9408269645578,0.6575743440222139,0.5914799088158651,1.7168461658718355,0.22888649953590165,1.4963792354058947,1.2361686067025504,1.1836338192399851,0.0,0.18335877173291817,2.4035846322205696,0.11444324976795082,91.26416956740552,3.000695627085666,0.6139457265156594,0.0,0.8185943020208801
1.1162241020361605,0.2466609994959793,54.81355544355095,0.6556983149410881,0.5900482493349067,1.7031158454051016,0.2283539250321053,1.4965119382340184,1.2333049974798964,1.1802569668939586,0.0,0.1829149572938211,2.3843621835671422,0.11417696251605265,91.27226311289279,3.0157702529006603,0.6169505671264875,0.0,0.8226007561686509
1.1333333333333333,0.2460919588804146,54.68710197342547,0.6538363748504555,0.5886261222461162,1.6895221985283442,0.2278247862757167,1.496625399403276,1.230459794402073,1.17690547473082,0.0,0.18247409789629604,2.3653310779396817,0.11391239313785835,91.27918310960581,3.0316220388278374,0.6201120141304419,0.0,0.82681601884059
1.1511731638403098,0.24553435636253418,54.56319030278538,0.6520140185442522,0.5872329361691331,1.676254677998497,0.2273062971012655,1.4967166081720467,1.2276717818126708,1.173625233379654,0.0,0.18204221021243125,2.3467565491978957,0.11365314855063274,91.28474593241313,3.048104221502775,0.623400923601619,0.0,0.8312012314688263
1.1666666666666667,0.24507782176578916,54.461738170175366,0.6505237221097928,0.5860925623657643,1.6654358187849925,0.22688179748520046,1.496774793875192,1.2253891088289457,1.170942699797627,0.0,0.18168869433338694,2.3316101462989893,0.11344089874260023,91.28829467844797,3.062382386824384,0.6262513873969185,0.0,0.8350018498625589
1.1872164834362047,0.24450939380082906,54.33542084462868,0.6486706086222179,0.5846731014645117,1.6520278170477674,0.2263532717095401,1.4968238401733422,1.2225469690041453,1.1676070955199922,0.0,0.18124866145399862,2.312838943866874,0.11317663585477004,91.29128601217215,3.0812715001032496,0.6300241826956319,0.0,0.8400322435941766
1.2,0.24417582481608535,54.261294403574524,0.6475845407282629,0.5838403581370845,1.6441956855281703,0.22604312738660295,1.4968391596452453,1.2208791240804266,1.1656521733108731,0.0,0.18099051102249616,2.301873959739438,0.11302156369330148,91.29222034676351,3.0929954828486896,0.6323668392120795,0.0,0.8431557856161069
1.2243883221188034,0.24357901039658236,54.12866897701831,0.6456442472386935,0.5823509212037421,1.6302582652912112,0.2254882425691264,1.4968383894018884,1.2178950519829117,1.1621596450296483,0.0,0.18052878557316004,2.2823615714076957,0.1127441212845632,91.29217336962118,3.115309872422974,0.6368275833486787,0.0,0.8491034444649059
1.2333333333333334,0.24337237429550376,54.082749843445285,0.6449733990117338,0.5818353920426301,1.6254577273539872,0.22529612998981755,1.4968288130766523,1.2168618714775188,1.1609521182211209,0.0,0.18036897153321535,2.275640818295582,0.11264806499490877,91.29158930954503,3.1234778472171008,0.6384609993863285,0.0,0.8512813325151055
1.2627240139068128,0.2427361584234681,53.94136853854847,0.6429113641034551,0.5802487124198678,1.6107698653321014,0.22470465354924463,1.496764962407048,1.2136807921173405,1.1572404553862192,0.0,0.179877100850159,2.255077811464942,0.11235232677462231,91.28769505720587,3.150257926456211,0.6438185304154552,0.0,0.8584247072206079
1.2666666666666666,0.24265553159638956,53.923451465864346,0.6426504500973238,0.5800477042912456,1.608919415952504,0.22462969916181993,1.4967528207894802,1.2132776579819478,1.1567708101751828,0.0,0.17981478833028616,2.2524871823335055,0.11231484958090997,91.2869545399504,3.153843993115954,0.6445361792026146,0.0,0.8593815722701539
1.3,0.24201481012369783,53.78106891637729,0.6405807285563889,0.57845098133591,1.5943147865543084,0.22403407961529398,1.4966191508750026,1.210074050618489,1.1530453114015,0.0,0.1793198042141321,2.2320407011760315,0.11201703980764699,91.27880201186642,3.1841066716131943,0.6505944099733992,0.0,0.8674592132978667
1.3022599991297694,0.24197388806729014,53.77197512606448,0.6404487794285212,0.578349042465279,1.59338858471406,0.2239960397594522,1.4966081800737596,1.2098694403364507,1.1528078029713382,0.0,0.17928820316423646,2.230744018599684,0.1119980198797261,91.2781329026986,3.186155022835928,0.6510045901848482,0.0,0.8680061202464653
1.3333333333333333,0.2414409972844359,53.65355495209687,0.6387335400130943,0.5770221080318682,1.5814100338951904,0.22350070127304522,1.4964348061454165,1.2072049864221794,1.1497203720235698,0.0,0.1788768534898791,2.2139740474532665,0.11175035063652261,91.26755882680895,3.2142770868250654,0.6566374770113717,0.0,0.8755166360151632
1.3430338590667084,0.24128539043028577,53.618975651174615,0.6382338287585313,0.5766348356388314,1.577943730371154,0.22335606751216136,1.4963725422090963,1.2064269521514288,1.1488208917653564,0.0,0.17875679904803776,2.2091212225196157,0.11167803375608068,91.26376134933278,3.223041265671873,0.6583934864256322,0.0,0.8778579819008439
1.3666666666666667,0.2409259977726709,53.53911061614909,0.6370819279003491,0.5757407736559795,1.569999607969723,0.2230220334570882,1.4962059419342566,1.2046299888633545,1.1467474702206284,0.0,0.17847963983335366,2.197999451157612,0.1115110167285441,91.25360039857031,3.2443650856392354,0.6626669496577546,0.0,0.8835559328770071
1.38508435166937,0.24066403781508022,53.48089729224006,0.6362444834873545,0.5750894733168912,1.564269062846227,0.222778571765543,1.4960623947518024,1.203320189075401,1.145240070277238,0.0,0.17827773672823627,2.189976687984718,0.1113892858827715,91.24484545591243,3.2609574775980845,0.6659930972119179,0.0,0.8879907962825582
1.4,0.2404626972421971,53.436154942710466,0.6356022122048813,0.5745891293620398,1.5599028004934095,0.22259145805290492,1.4959379688841654,1.2023134862109854,1.1440839819687865,0.0,0.1781226301022323,2.183863920690773,0.11129572902645246,91.23725672224525,3.2743793229449465,0.6686842074813765,0.0,0.8915789433085028
1.428451448403933,0.24010342092093084,53.35631576020686,0.6344594647814092,0.5736968865933685,1.552203807895178,0.22225759070263187,1.4956818997579362,1.200517104604654,1.1420270366065366,0.0,0.17784603484394423,2.173085331053249,0.11112879535131594,91.22163906623653,3.2999451794052304,0.6738114525693447,0.0,0.8984152700924605
1.4333333333333333,0.240044844167908,53.343298703979556,0.6342735914350411,0.5735514914548557,1.5509607757345139,0.2222031595999429,1.4956356422216313,1.20022422083954,1.1416924645830742,0.0,0.1778009623510053,2.171345086028319,0.11110157979997146,91.2188178190973,3.304327404939645,0.6746904630319476,0.0,0.8995872840425977
1.4666666666666666,0.23966694305857927,53.25932067968429,0.6330777841078197,0.5726140732637405,1.5430338782624209,0.22185202594577694,1.495303142605825,1.1983347152928963,1.1395400113940755,0.0,0.17751036271175955,2.1602474295673892,0.11092601297288847,91.19853866752926,3.3342160187578456,0.6806867824446886,0.0,0.907582376592919
1.4731763722462197,0.23959738250821805,53.243862779604015,0.6328583485491694,0.5724416402535055,1.5415935600014867,0.22178739703151712,1.495235008394878,1.1979869125410902,1.139145027388505,0.0,0.1774569084785867,2.1582309840020812,0.11089369851575856,91.19438316200362,3.3400465747382975,0.6818567330028733,0.0,0.9091423106704986
1.5,0.23932416505503676,53.18314779000818,0.6319987292626995,0.5717647607138026,1.5359993746689413,0.22153356507569757,1.4949441438936504,1.1966208252751838,1.1375977126728591,0.0,0.1772470758212788,2.1503991245365177,0.11076678253784879,91.17664333607374,3.3640510410434756,0.6866741027099112,0.0,0.9155654702798826
1.5193016368665802,0.2391400462306278,53.14223249569507,0.6314216564217324,0.57130900476954,1.5322910494101591,0.22136252479514146,1.4947254378484378,1.1957002311531388,1.1365589815591184,0.0,0.1771057914785574,2.1452074691742227,0.11068126239757073,91.16330445437623,3.3813045413938503,0.6901372691381292,0.0,0.9201830255175066
1.5333333333333332,0.23901226422923633,53.113836495385854,0.6310223066809183,0.5709929022506087,1.5297493352961584,0.22124382724725897,1.4945618766561892,1.1950613211461816,1.135840152025653,0.0,0.1770077996976887,2.1416490694146217,0.11062191362362948,91.15332885726099,3.393837639642731,0.6926532478593153,0.0,0.9235376638124213
1.5666666666666667,0.23872751004536075,53.05055778785795,0.6301361113805979,0.5702891393463065,1.524188923327587,0.22097934216064413,1.4941591794607205,1.1936375502268037,1.1342450004850761,0.0,0.17678963319735502,2.1338644926586214,0.11048967108032207,91.12876835530935,3.423580355679001,0.6986249420342796,0.0,0.9314999227123739
1.5668710870416267,0.23872584053456555,53.05018678545902,0.6301309318599718,0.5702850160280616,1.5241567737466608,0.22097779159598271,1.4941566521537257,1.1936292026728277,1.1342356773479494,0.0,0.17678835496869907,2.133819483245325,0.11048889579799136,91.12861421485573,3.4237626293021792,0.6986615424800988,0.0,0.9315487233067995
1.6,0.2384666221123415,52.99258269163145,0.6293292360468443,0.5696452427759547,1.519234740057776,0.22073705826133896,1.4937385484467913,1.1923331105617074,1.1327926248843199,0.0,0.17659002526054596,2.126928636080886,0.11036852913066948,91.1031140697698,3.4532831828637094,0.7045898221191713,0.0,0.9394530961588962
1.6159299403312637,0.23834951778587934,52.966559507973194,0.6289688014915944,0.5693565231608851,1.5170595011110721,0.22062831638353336,1.493531846776728,1.1917475889293967,1.13214384268487,0.0,0.1765005221798744,2.1238833015555008,0.11031415819176668,91.09050733491264,3.4674650649708516,0.7074381872459102,0.0,0.9432509163278814
1.6333333333333333,0.23822671753326463,52.9392705629477,0.6285920955788024,0.5690539805106428,1.514813488891456,0.2205142937614846,1.493302177344374,1.1911335876663232,1.1314657720418442,0.0,0.17640673395829928,2.120738884448038,0.1102571468807423,91.07649979623338,3.4829496315032444,0.7105484479389376,0.0,0.9473979305852512
1.6665248300606588,0.2380061687593249,52.890259724294424,0.6279190218034049,0.5685112247966548,1.510876650227858,0.22030953292981095,1.4928539368046942,1.1900308437966245,1.1302542392461288,0.0,0.176238479686963,2.115227310319001,0.11015476646490548,91.04916160571831,3.5124567622027665,0.7164759932360972,0.0,0.9553013243147973
1.6666666666666667,0.23800526229213934,52.890058287142075,0.6279162651981365,0.5685089957482966,1.5108607410845276,0.2203086914172669,1.4928519944361562,1.1900263114606966,1.1302492773566457,0.0,0.17623778868197196,2.1152050375183387,0.11015434570863344,91.04904314066117,3.512582787605444,0.7165013116778951,0.0,0.9553350822371944
1.7,0.23780002862664595,52.844450805921326,0.6272943385562245,0.5680046999675895,1.507319853042945,0.22011817887493224,1.4923896949761524,1.1890001431332298,1.129129809401204,0.0,0.17608145698995276,2.1102477942601228,0.11005908943746612,91.02084749659554,3.542185364712651,0.7224488461406332,0.0,0.9632651281875121
1.7187038496479357,0.23769123120011226,52.82027360002495,0.6269665066591983,0.567737690478899,1.505494516403897,0.22001719779172266,1.492125549699045,1.1884561560005613,1.128539711986557,0.0,0.17599868404845867,2.107692322965456,0.11000859889586133,91.00473727614477,3.558783340641496,0.7257839099876257,0.0,0.9677118799835019
1.7333333333333334,0.2376090583263547,52.80201296141216,0.6267198056042175,0.5675361808507593,1.504141033868866,0.21994093452905863,1.4919167691065514,1.1880452916317734,1.1280956500875914,0.0,0.17593621606373538,2.1057974474164123,0.10997046726452932,90.99200374780857,3.5717597485324317,0.728391431865745,0.0,0.9711885758209943
1.7666666666666666,0.23743062985482016,52.762362189960044,0.6261869432163888,0.5670991198017422,1.5012805098674686,0.21977535693804492,1.4914345268694134,1.1871531492741008,1.1271364977894998,0.0,0.17580072713854009,2.101792713814456,0.10988767846902246,90.96259179376553,3.601308036920399,0.7343294034992439,0.0,0.9791058713323263
1.7725165983198194,0.23740049348845368,52.75566521965637,0.6260973389009321,0.5670253698249126,1.5008083706232085,0.2197473937188926,1.491349021806008,1.1870024674422683,1.1269752100216779,0.0,0.1757778646457229,2.101131718872492,0.1098736968594463,90.95737683994842,3.60649115087713,0.7353710520036245,0.0,0.9804947360048336
1.8,0.23726323027944637,52.72516228432142,0.6256907218240213,0.5666897215268428,1.4986998111217442,0.2196200387120413,1.4909441195628228,1.1863161513972318,1.1262432992832383,0.0,0.17567381367332127,2.098179735570442,0.10981001935602065,90.93268185213657,3.6308320740174813,0.7402630552364711,0.0,0.9870174069819624
1.8280142282586083,0.2371300940503645,52.69557645563656,0.6252987680496578,0.5663645910306517,1.4967224489362847,0.21949652910504883,1.4905263981209405,1.1856504702518225,1.125537782489384,0.0,0.17557302321950205,2.0954114285107983,0.10974826455252441,90.90720502139617,3.6556273053194976,0.7452467049310874,0.0,0.9936622732414508
1.8333333333333333,0.2371055295924081,52.6901176872018,0.6252267200157852,0.5663046496147606,1.4963651187496554,0.21947374262517724,1.4904465592794967,1.1855276479620405,1.1254080960284134,0.0,0.17555444138057577,2.0949111662495175,0.10973687131258862,90.90233565045651,3.660333481480296,0.7461926458008481,0.0,0.9949235277344652
1.8666666666666667,0.23695635850219735,52.65696855604386,0.6247910506877601,0.5659409708237446,1.494246700332277,0.2193353809563296,1.4899427358055743,1.1847817925109867,1.1246238912379682,0.0,0.17544170095536082,2.0919453804651877,0.1096676904781648,90.87160745678199,3.689813685491169,0.7521184027499577,0.0,1.0028245369999444
1.8852494932253205,0.23687651519555694,52.639225599012654,0.6245591896364315,0.5657465454065858,1.493149799155676,0.21926133225563832,1.489659436300251,1.1843825759777846,1.1242065413455768,0.0,0.1753814290760416,2.0904097188179462,0.10963066612781916,90.85432901995232,3.706239716434045,0.7554203329392465,0.0,1.007227110585663
1.9,0.23681468922334972,52.62548649407772,0.6243802971682128,0.5655961068904182,1.4923184215280187,0.21920399761893486,1.489433431238629,1.1840734461167486,1.123884534902783,0.0,0.17533479313602965,2.089245790139226,0.10960199880946743,90.84054497124399,3.719273940122099,0.7580405262004369,0.0,1.0107207016005835
1.9333333333333333,0.23667961828466988,52.59547072992665,0.6239914560575357,0.5652677914024857,1.490557308980193,0.21907875216850017,1.4889193330701254,1.1833980914233493,1.1231846209035643,0.0,0.17523301533477056,2.08678023257227,0.10953937608425009,90.80919012394695,3.748715348244039,0.7639591921615884,0.0,1.018612256215452
1.9442767987052718,0.23663657531722118,52.58590562604915,0.623868119187961,0.5651632678113198,1.4900120852780625,0.21903884413184282,1.488749611919831,1.1831828765861059,1.1229626145383298,0.0,0.17520061302150913,2.0860169193892872,0.10951942206592141,90.79883883099049,3.7583771375461055,0.7659015865330273,0.0,1.0212021153773707
1.9666666666666666,0.23655035149219122,52.566744776042505,0.6236218872345738,0.5649540320769596,1.4889431679930338,0.218958905814541,1.4884010456284524,1.182751757460956,1.122519397022233,0.0,0.17513574994385747,2.0845204351902473,0.1094794529072705,90.77757977287932,3.7781388798156685,0.7698745554512371,0.0,1.0264994072683167
2.0,0.23642619080965127,52.53915351325584,0.6232692702395556,0.5646530778487493,1.4874582489520374,0.21884380921627322,1.4878791000629175,1.1821309540482563,1.1218846864312,0.0,0.17504245413311229,2.0824415485328522,0.10942190460813661,90.74574631283734,3.807545387840091,0.7757867522398006,0.0,1.034382336319735
2.005152253623659,0.236407414681542,52.53498104034267,0.6232161449647452,0.5646076010091011,1.4872392285365377,0.21882640513166246,1.4877981286073603,1.18203707340771,1.1217890609365413,0.0,0.17502835631282135,2.0821349199511525,0.10941320256583123,90.74080786376291,3.8120892120091217,0.7767003117246978,0.0,1.035600415632931
2.033333333333333,0.23630652228551405,52.51256050789201,0.6229315641374947,0.5643633885846783,1.4860869403465815,0.218732891251847,1.4873539635314497,1.1815326114275702,1.1212768154474906,0.0,0.17495265046125028,2.080521716485214,0.1093664456259235,90.71371823578312,3.8369356230487575,0.7816959023914551,0.0,1.0422612031886076
2.0666666666666664,0.23619080653546756,52.486845896770575,0.6226069758776891,0.5640836112081328,1.484815526767369,0.2186256501647875,1.486826046443603,1.1809540326773378,1.1206925565798405,0.0,0.17486591947452115,2.0787417374743167,0.10931282508239375,90.68152057259535,3.866310245477267,0.7876021113097554,0.0,1.050136148413008
2.0679337236804196,0.23618647943547863,52.485884318995254,0.6225948748150392,0.5640731555605432,1.4847690029304932,0.2186216402136531,1.4868059295233793,1.180932397177393,1.1206707746670705,0.0,0.1748626782237684,2.0786766041026903,0.10931082010682655,90.68029364163091,3.8674265250981694,0.7878265596639525,0.0,1.0504354128852709
2.1,0.23607856950042733,52.4619043334283,0.6222939295696749,0.5638125565148763,1.483631953905572,0.21852164496672266,1.4862957094939575,1.1803928475021366,1.1201290732254148,0.0,0.17478189251961165,2.0770847354678006,0.10926082248336133,90.64917532203647,3.895669835706136,0.793505471729851,0.0,1.0580072956398021
2.132680886354972,0.23597150430298455,52.438112067329904,0.621996878692033,0.5635542664249459,1.4825465972908103,0.2184224428006568,1.485773709831637,1.1798575215149227,1.1195943816456595,0.0,0.17470182259173322,2.0755652362071344,0.1092112214003284,90.61733856263155,3.9244406580465276,0.7992905966329286,0.0,1.0657207955105723
2.1333333333333333,0.23596939434552905,52.43764318789534,0.6219910395525672,0.5635491788511356,1.4825256225626018,0.21842048790150576,1.4857632698272336,1.1798469717276452,1.1195838711946209,0.0,0.17470024544385204,2.0755358715876424,0.10921024395075288,90.61670182676298,3.9250149047138363,0.7994060652894479,0.0,1.0658747537192648
2.1666666666666665,0.23586291456274205,52.41398101394268,0.6216970874658342,0.5632925588110581,1.4814872132641117,0.2183218380289937,1.485229006287434,1.1793145728137102,1.1190547574385015,0.0,0.174620693231428,2.074082098569756,0.10916091901449684,90.58411709347061,3.9543459022659153,0.8053039638663678,0.0,1.0737386184884912
2.199455287633156,0.2357604916589492,52.39122036865538,0.6214156191434836,0.5630459404769951,1.4805240851831583,0.21822695531398412,1.4847019319163874,1.1788024582947458,1.1185481144582705,0.0,0.1745442415478685,2.0727337192564215,0.10911347765699206,90.55197082758048,3.983184247024207,0.8111029148517928,0.0,1.0814705531357243
2.2,0.23575880794751108,52.39084621055802,0.6214110022257534,0.5630418881267366,1.480508533097946,0.2182253956218812,1.4846931640018337,1.1787940397375554,1.118539804006356,0.0,0.17454298531928836,2.072711946337124,0.1091126978109406,90.55143607247184,3.9836632242410577,0.811199230746615,0.0,1.0815989743288208
2.2333333333333334,0.2356567910544587,52.368175789879714,0.6211318415945043,0.5627964557599922,1.4795823747330434,0.2181308970081765,1.4841559586003996,1.1782839552722935,1.1180373148701077,0.0,0.17446690128559755,2.0714153246262605,0.10906544850408825,90.51867191503838,4.0129672193745005,0.8170919216995486,0.0,1.0894558955993987
2.2666666666666666,0.235556615652608,52.34591458946845,0.620858780396269,0.5625556390100803,1.478702426282383,0.21803811127370976,1.4836175789135015,1.1777830782630399,1.1175458047132842,0.0,0.1743922480931249,2.070183396795336,0.10901905563685488,90.48583613793446,4.042258193569404,0.822982085665286,0.0,1.0973094475537153
2.26832040051034,0.2355516896450085,52.34481992111301,0.6208453786246552,0.562543801620626,1.4786598704293663,0.21803354881632886,1.483590841318731,1.1777584482250425,1.1175216815243794,0.0,0.17438857850239406,2.070123818601113,0.10901677440816443,90.48420541202941,4.043711043804784,0.8232742435754937,0.0,1.0976989914339925
2.3,0.23545806253119725,52.32401389582161,0.6205910899260569,0.5623188879752015,1.4778631137954852,0.21794683450005778,1.4830781916859344,1.1772903126559862,1.1170639618669025,0.0,0.17431885527231245,2.069008359313679,0.10897341725002889,90.45293891092514,4.071536417430809,0.8288697659559257,0.0,1.105159687941235
2.3333333333333335,0.23536093913847336,52.30243091966076,0.6203281301003888,0.5620857196292696,1.4770595412170568,0.21785688756805655,1.4825379433738948,1.1768046956923668,1.1165906341807,0.0,0.17424657308507358,2.0678833577038795,0.10892844378402827,90.41998916637384,4.100802129137468,0.8347550007134313,0.0,1.1130066676179093
2.3393416853262052,0.23534357135827225,52.29857141294939,0.6202811903829524,0.5620440385948217,1.4769181599140313,0.2178408036527686,1.4824404818462096,1.1767178567913612,1.1165061426893144,0.0,0.17423365196439472,2.067685423879644,0.1089204018263843,90.41404498780032,4.106075975634718,0.835815560084643,0.0,1.1144207467795249
2.3666666666666667,0.23526507688368406,52.28112819637423,0.620069340488382,0.5618557110537966,1.4762874217812434,0.21776811364800805,1.4819969621982734,1.1763253844184203,1.1161248128790877,0.0,0.17417527042667694,2.0668023904937405,0.10888405682400402,90.3869947244727,4.130055537723326,0.8406378234328312,0.0,1.120850431243776
2.4,0.2351703268720936,52.260072638243024,0.6198142261338168,0.5616284887389242,1.4755429695601059,0.21768037423222425,1.4814553613904864,1.175851634360468,1.1156656070408701,0.0,0.1741048315090665,2.065760157384148,0.10884018711611212,90.35396249120576,4.159296828265039,0.8465182637893242,0.0,1.1286910183857664
2.412586651988674,0.23513481116041055,52.25218025786901,0.6197187597730288,0.561543345555986,1.4752683631804437,0.21764748741302184,1.4812507128638601,1.1756740558020526,1.1154937675914518,0.0,0.17407843712235563,2.065375708452621,0.10882374370651092,90.34148097756683,4.170335209095429,0.8487381013335417,0.0,1.1316508017780564
2.433333333333333,0.23507655817690393,52.23923515042309,0.6195623518105402,0.5614037242484339,1.4748228555214171,0.21759354752749968,1.4809132405076142,1.1753827908845196,1.1152122332589725,0.0,0.17403515451701448,2.0647519977299837,0.10879677376374984,90.32089853855939,4.188526163983763,0.8523963479733885,0.0,1.1365284639645188
2.466666666666667,0.23498365669260465,52.21859037613437,0.6193133382106969,0.5611811313433068,1.4741241783712633,0.2175075273884529,1.4803706863050548,1.1749182834630232,1.1147640087792545,0.0,0.1739661507164251,2.0637738497197686,0.10875376369422644,90.28780815774529,4.217743687639675,0.858272098913121,0.0,1.144362798550829
2.488124924146039,0.2349242621887931,52.20539159750958,0.6191543895699341,0.5610388656759843,1.4736845226121722,0.21745253401191067,1.4800212256606815,1.1746213109439654,1.1144779012258814,0.0,0.17392204835955513,2.063158331657041,0.10872626700595533,90.26649455304496,4.236546212973647,0.8620533754597761,0.0,1.1494045006130358
2.5,0.2348915204922858,52.1981156649524,0.619066846511234,0.5609604543352665,1.473444346497984,0.21742221899871567,1.4798277762697973,1.1744576024614288,1.1143203237202213,0.0,0.17389774084393264,2.0628220850971775,0.10871110949935783,90.25469607469495,4.2469495271790905,0.8641455371746299,0.0,1.1521940495661742
2.533333333333333,0.23480006174726253,52.17779149939168,0.6188225847552241,0.5607414729022715,1.4727811267851658,0.2173375406566437,1.4792845771595162,1.1740003087363127,1.1138806525594034,0.0,0.17382985659970418,2.061893577499232,0.10866877032832185,90.2215663609589,4.276143793399225,0.8700166805896857,0.0,1.1600222407862486
2.566028305368317,0.23471093651474786,52.157985892166195,0.6185849140834601,0.5605281413808436,1.4721448109485316,0.21725502523228604,1.478751557792168,1.1735546825737393,1.1134528453502281,0.0,0.17376372382806152,2.061002735327944,0.10862751261614302,90.18905750974433,4.3047678183597755,0.8757731728705728,0.0,1.1676975638274314
2.5666666666666664,0.23470920166060893,52.1576003690242,0.6185802910096252,0.5605239893789826,1.472132515779534,0.21725341906229018,1.478741148858357,1.1735460083030447,1.1134445238173254,0.0,0.17376243670748462,2.0609855220913476,0.10862670953114509,90.1884226688712,4.30532658611092,0.8758855452383301,0.0,1.1678473936511078
2.6,0.23461887224212663,52.13752716491703,0.6183397392657313,0.5603078332093785,1.4714967848255625,0.2171697909685516,1.4781975430261187,1.173094361210633,1.1130115306783164,0.0,0.17369542829490733,2.0600954987557873,0.1085848954842758,90.15526814916298,4.334497991979321,0.8817521451045734,0.0,1.175669526806099
2.6333333333333333,0.23452901279924332,52.11755839983185,0.6181007277740177,0.5600928521439652,1.470872390834649,0.21708659991686335,1.4776538057688222,1.1726450639962165,1.1125813099932318,0.0,0.1736287841646292,2.0592213471685086,0.10854329995843168,90.12210561384047,4.36365808879233,0.8876164927569763,0.0,1.1834886570093028
2.6463708474008025,0.23449398283209755,52.10977396268835,0.6180076250636406,0.5600090583941756,1.4706309660212473,0.21705416997052632,1.4774411092935245,1.1724699141604877,1.1124137251145532,0.0,0.17360280810219442,2.058883352429746,0.10852708498526316,90.10913325581205,4.37506028217323,0.8899095778932582,0.0,1.1865461038576788
2.6666666666666665,0.23443957062313228,52.09768236069606,0.6178630813249756,0.559878913960948,1.4702579937320261,0.21700379687545518,1.4771099771165506,1.1721978531156614,1.1121535463849561,0.0,0.17356246332789388,2.0583611912248365,0.10850189843772759,90.08893750433842,4.392806944625763,0.8934785992155285,0.0,1.1913047989540393
2.7,0.23435049874837494,52.07788861074998,0.6176266438016565,0.5596659008462119,1.469652399488569,0.21692133815530093,1.4765660927284345,1.1717524937418746,1.1117279588429818,0.0,0.1734964292623257,2.0575133592839965,0.10846066907765047,90.05576599550723,4.421944620568554,0.8993384743861723,0.0,1.1991179658482312
2.7292289205545637,0.23427266732837287,52.060592739638416,0.6174202081872421,0.5594797977646868,1.469127806443177,0.21684928644269302,1.4760891564624357,1.1713633366418643,1.1113563747370359,0.0,0.17343873730705292,2.0567789290204477,0.10842464322134651,90.02667765264395,4.447485347211189,0.9044749798879032,0.0,1.2059666398505389
2.7333333333333334,0.23426175682504585,52.05816818334353,0.6173912810787057,0.559453711580999,1.469054582296509,0.21683918622136686,1.476022183228969,1.1713087841252292,1.1113043059416703,0.0,0.17343065059010968,2.0566764152151125,0.10841959311068343,90.02259295513483,4.45107116966158,0.9051961268915861,0.0,1.2069281691887828
2.7666666666666666,0.23417330805317127,52.03851290070473,0.6171568708317163,0.5592422538518145,1.468463606617636,0.21675730684092348,1.4754782765410037,1.1708665402658562,1.1108823674970894,0.0,0.17336509869406247,2.0558490492646904,0.10837865342046174,89.98942008623582,4.480186640626981,0.9110515646658234,0.0,1.2147354195544324
2.8,0.2340851215694495,52.018915904322114,0.6169233104712981,0.5590314502376578,1.4678786878737404,0.21667567130376766,1.4749343960693713,1.1704256078472475,1.1104619588483366,0.0,0.17329974957367392,2.0550301630232366,0.10833783565188383,89.95624881627096,4.509291074964207,0.9169047944912606,0.0,1.2225397259883488
2.8146812863009507,0.23404635655936068,52.010301457635705,0.6168206862046587,0.5589387929193083,1.4676227982589767,0.21663978625427238,1.4746948641095696,1.1702317827968034,1.1102772351683856,0.0,0.17327102580498557,2.054671917562567,0.10831989312713619,89.94163976204266,4.522106300123729,0.9194820840445347,0.0,1.2259761120593808
2.8333333333333335,0.23399716892804673,51.99937087289928,0.6166905054443425,0.5588212293818896,1.4672991029589173,0.2165942531485197,1.4743905633791252,1.1699858446402336,1.1100429097998163,0.0,0.17323458110838577,2.054218744142484,0.10829712657425986,89.92308046049286,4.538384511231481,0.922755822681285,0.0,1.2303410969083812
2.8666666666666667,0.2339094260649743,51.979872458883186,0.616458375764114,0.5586115309199882,1.466724240190503,0.21651302998996497,1.4738467967005888,1.1695471303248715,1.1096250763754052,0.0,0.17316957458519633,2.053413936266704,0.10825651499498248,89.88991613076891,4.567466982655573,0.928604654699152,0.0,1.2381395395988708
2.9,0.2338218713973686,51.96041586608191,0.6162268496917711,0.5584023007114809,1.4661535509768178,0.2164319817509288,1.4733031123758689,1.169109356986843,1.109208329445188,0.0,0.1731047132205591,2.052614971367545,0.1082159908754644,89.85675682380425,4.596538519444235,0.9344512955267089,0.0,1.24593506070228
2.9028091721389933,0.23381450065896017,51.95877792421338,0.6162073632021628,0.5583846875575849,1.4661056301407067,0.21642515878183882,1.473257297546977,1.1690725032948008,1.1091732537638932,0.0,0.1730992531428513,2.0525478821969894,0.10821257939091941,89.85396257739013,4.598988029309745,0.934943922181461,0.0,1.2465918962419495
2.933333333333333,0.2337344856595418,51.940996813231514,0.6159958631913559,0.5581934904286678,1.4655865456482053,0.21635109050976453,1.472759524983628,1.168672428297709,1.1087925537444407,0.0,0.17303998203288704,2.0518211639074875,0.10817554525488227,89.82360342875148,4.6255991489857,0.9402957496962078,0.0,1.2537276662616117
2.966666666666667,0.23364725286574783,51.92161174794396,0.6157653631302741,0.5579850599717767,1.465022817938583,0.2162703413959566,1.4722160466063987,1.1682362643287392,1.1083776536344934,0.0,0.1729753685912508,2.051031945114016,0.1081351706979783,89.79045668252427,4.654648894676664,0.9461380211033932,0.0,1.2615173614711923
2.993696348806895,0.2335766185392834,51.90591523095188,0.6155787754808474,0.557816298538815,1.4645678392086856,0.21620495740612533,1.4717754330557193,1.167883092696417,1.1080417958655253,0.0,0.17292305254703264,2.0503949748921597,0.10810247870306267,89.76358366206833,4.6781970806822475,0.9508738632160204,0.0,1.267831817621362
3.0,0.2335601579873369,51.90225733051931,0.6155352995575633,0.5577769716419676,1.4644619859192587,0.21618972042931783,1.4716726885983376,1.1678007899366845,1.1079635392036138,0.0,0.17291086120900995,2.050246780286962,0.10809486021465892,89.75731727761261,4.683687778748997,0.9519781134582589,0.0,1.26930415127768
3.033333333333333,0.23347318811604523,51.8829306924545,0.6153056295709644,0.5575691930595146,1.4639037215794921,0.21610921560212787,1.4711294606999306,1.1673659405802261,1.1075501332277358,0.0,0.17284644984844952,2.049465210211289,0.10805460780106393,89.72418580808876,4.712715820853992,0.9578160300592825,0.0,1.2770880400790448
3.0666666666666664,0.23338633233288203,51.86362940730712,0.615076316881068,0.5573616968349,1.4633477474924717,0.21602881675716584,1.4705863711377836,1.16693166166441,1.1071373703859224,0.0,0.17278212601881898,2.0486868464894603,0.10801440837858292,89.69106277569342,4.741733038221417,0.9636517738187672,0.0,1.2848690317583578
3.0874292099110883,0.23333228500594672,51.85161889021039,0.6149336488026669,0.5572325835736509,1.4630024855667119,0.21597878752668373,1.4702481668907375,1.1666614250297336,1.1068805678448004,0.0,0.1727421009078318,2.0482034797933966,0.10798939376334186,89.67043569866608,4.759801711351855,0.9672856233137618,0.0,1.2897141644183505
3.1,0.23329958036677426,51.84435119261651,0.6148473273523083,0.5571544572039459,1.4627938027068637,0.21594851433992993,1.4700434276454242,1.1664979018338713,1.106725189234155,0.0,0.17271788173322322,2.047911323789609,0.10797425716996496,89.65794865209442,4.770739447292318,0.9694853475232337,0.0,1.2926471300309796
3.1333333333333333,0.23321292356872592,51.82509412638354,0.6146186322413155,0.5569474524715509,1.4622416675180672,0.21586830030483797,1.4695006367219492,1.1660646178436296,1.106313538034368,0.0,0.17265371026618076,2.047138334525294,0.10793415015241899,89.62484383367169,4.799735062532959,0.9753167536442632,0.0,1.3004223381923523
3.1666666666666665,0.2331263544991205,51.80585655536011,0.6143902068250037,0.5567406639764123,1.4616911529739665,0.21578816773132015,1.4689580039461048,1.1656317724956025,1.1059023722850065,0.0,0.17258960583268781,2.046367614163553,0.10789408386566007,89.59174866067293,4.828719896936811,0.9811459944185356,0.0,1.3081946592247156
3.18409685404839,0.2330811195864161,51.79580435253692,0.6142708613315261,0.5566326132130685,1.4614038704089938,0.21574629617009747,1.4686743229777797,1.1654055979320805,1.105687550396747,0.0,0.1725561100960512,2.045965418572591,0.10787314808504873,89.57444695841478,4.843871941427642,0.9841932757458565,0.0,1.3122577009944767
3.2,0.23303986605510962,51.78663690113547,0.6141620274997895,0.5565340739020308,1.4611420786859068,0.21570811001208168,1.4684155346403498,1.1651993302755481,1.1054916494996212,0.0,0.17252556290962956,2.0455989101602694,0.10785405500604084,89.55866345771494,4.857693963087386,0.9869730720173527,0.0,1.3159640960231385
3.2333333333333334,0.2329534523326812,51.76743385170694,0.6139340746473249,0.5563276674392579,1.4605942947496104,0.2156281216550324,1.467873233214821,1.164767261663406,1.1050813343651849,0.0,0.17246157690616995,2.0448320126494544,0.1078140608275162,89.52558849377193,4.886657272108017,0.9927979883791169,0.0,1.3237306511721574
3.2666666666666666,0.2328671084708449,51.74824632685442,0.6137063321165293,0.5561214323954264,1.4600476777830518,0.2155481981383421,1.4673311032859198,1.1643355423542245,1.1046713978097527,0.0,0.1723976440425822,2.0440667488962725,0.10777409906917106,89.49252398940826,4.915609833851052,0.9986207452394853,0.0,1.3314943269859818
3.283791169499502,0.232822776179766,51.73839470661467,0.6135894093052687,0.5560155448979547,1.4597672750229937,0.21550716236230794,1.4670526599819966,1.1641138808988298,1.1044609367494838,0.0,0.17236481891836594,2.043674185032191,0.10775358118115397,89.47554173230198,4.930479604970968,1.001611260617823,0.0,1.3354816808237653
3.3,0.23278082973232422,51.72907327384983,0.6134787841675764,0.5559153568882125,1.4595021075500214,0.21546833505526386,1.4667891483759066,1.163904148661621,1.1042618115016376,0.0,0.17233376063534586,2.04330295057003,0.10773416752763193,89.45947015944654,4.944551658017958,1.0044413443100406,0.0,1.339255125746722
3.3333333333333335,0.2326946118074114,51.70991373498032,0.6132514164819884,0.5557094301078733,1.4589574746866711,0.21538852839679215,1.4662473716816553,1.163473059037057,1.1038525496675793,0.0,0.17226992333344074,2.0425404645613394,0.10769426419839608,89.42642719886416,4.973482753789514,1.010259787219319,0.0,1.3470130496257602
3.3666666666666667,0.23260845135232505,51.69076696718335,0.6130242179522671,0.5555036436677492,1.4584136943909445,0.21530877505246415,1.4657057756649945,1.1630422567616252,1.1034435923140808,0.0,0.17220612953700226,2.041779172147322,0.10765438752623208,89.39339525780802,5.002403129168588,1.0160760754079223,0.0,1.3547681005438978
3.386606921574205,0.2325569357447831,51.679319054396245,0.6128883828080943,0.5553806046305991,1.458088777057759,0.21526109032733032,1.4653818760623096,1.1627846787239153,1.1031990890545698,0.0,0.17216798743548573,2.0413242878808626,0.10763054516366516,89.37364062104027,5.019698397344706,1.019554394027328,0.0,1.3594058587031053
3.4,0.23252234537986252,51.67163230663612,0.6127971786562706,0.5552979900756784,1.457870690927935,0.2152290722435205,1.4651643625164106,1.1626117268993126,1.1030349215812871,0.0,0.1721423769234603,2.041018967299109,0.10761453612176025,89.36037446987588,5.031312791722968,1.0218902102470242,0.0,1.362520280329367
3.433333333333333,0.2324362910976261,51.6525091328058,0.6125702893194368,0.5550924623281787,1.4573283935162535,0.21514941737241713,1.4646231342781575,1.1621814554881305,1.1026265207749864,0.0,0.17207866332173538,2.040259750922755,0.10757470868620857,89.32736495962483,5.06021174878237,1.0277021930697927,0.0,1.3702695907597249
3.466666666666667,0.23235028577936534,51.63339683985897,0.6123435408870957,0.5548870535877023,1.456786733056582,0.21506980790314262,1.4640820929421292,1.1617514288968267,1.1022183735967723,0.0,0.17201498661218773,2.0395014262792146,0.10753490395157131,89.29436684854046,5.089100007597008,1.0335120251967598,0.0,1.3780160335956808
3.4926418426913393,0.23228329838088171,51.618510751307056,0.6121669395246024,0.554727067123029,1.4563650513546456,0.2150078021211388,1.4636606140870465,1.1614164919044085,1.1019004911442845,0.0,0.171965390808139,2.0389110718965036,0.1075039010605694,89.26866085316897,5.1116039233402795,1.0380378773476493,0.0,1.3840505031302002
3.5,0.23226432750478004,51.61429500106223,0.6121169269837529,0.5546817590384742,1.4562456609433632,0.2149902420494123,1.4635412398869576,1.1613216375239002,1.1018104685707553,0.0,0.171951345301927,2.0387439253207083,0.10749512102470615,89.26138022070555,5.1179775744320555,1.0393197077912018,0.0,1.3857596103882703
3.533333333333333,0.23217841456726693,51.59520323717044,0.6118904419442943,0.5544765744007897,1.4557051340049287,0.21491071822373067,1.4630005763286722,1.1608920728363346,1.1014027954997299,0.0,0.17188773806424482,2.0379871876069,0.10745535911186534,89.22840515028572,5.146844455291341,1.0451252419746662,0.0,1.3935003226328897
3.5666666666666664,0.2320925452602227,51.57612116893837,0.6116640801036057,0.5542714953949445,1.45516510906961,0.21483123483860223,1.4624601034833025,1.1604627263011134,1.1009953441864904,0.0,0.17182416357243277,2.037231152697454,0.10741561741930111,89.19544171144662,5.175700656178693,1.0509286288687005,0.0,1.4012381718249354
3.6,0.23200671805893164,51.55704845754037,0.6114378364012107,0.5540665181975093,1.4546255475907575,0.2147517904757304,1.4619198224284886,1.1600335902946581,1.1005881055221793,0.0,0.17176062064122788,2.0364757666270603,0.1073758952378652,89.16248996991352,5.204546182875045,1.0567298695592438,0.0,1.4089731594123263
3.6019967252792653,0.2320015781614885,51.555906258108564,0.6114242876436778,0.5540542428500642,1.4545932407668547,0.21474703282600668,1.4618874647556068,1.1600078908074425,1.10056371775862,0.0,0.1717568152835199,2.0364305370735964,0.10737351641300334,89.16051647544447,5.206273741920179,1.057077305969967,0.0,1.4094364079599575
3.6333333333333333,0.23192093156551385,51.53798479233641,0.6112117061982688,0.5538616393032304,1.4540864142469812,0.21467238383480647,1.461379734145333,1.1596046578275692,1.1001810711568838,0.0,0.1716971081840014,2.0357209799457734,0.10733619191740323,89.12954998552387,5.233381041007558,1.0625289651077383,0.0,1.416705286810319
3.6666666666666665,0.23183518480764487,51.518929957254414,0.6109856862705837,0.553656856274383,1.4535476845377908,0.2145930140113898,1.4608398392911819,1.1591759240382242,1.0997742352870508,0.0,0.17163362544505872,2.034966758352907,0.1072965070056949,89.09662179836918,5.262205235680618,1.068325916492058,0.0,1.4244345553227453
3.6999999999999997,0.2317494768617333,51.49988374705185,0.6107597735559597,0.5534521667954919,1.453009335201868,0.21451368014637337,1.4603001384863057,1.1587473843086664,1.0993675924007273,0.0,0.1715701717066025,2.034213069282615,0.10725684007318669,89.06370544627978,5.291018771938717,1.0741207246805011,0.0,1.4321609662406694
3.714775517584936,0.23171149765823817,51.49144392405293,0.6106596677343599,0.5533614643267216,1.452770819111467,0.21447852545722643,1.4600609699574005,1.1585574882911909,1.0991874019218477,0.0,0.17154205394128372,2.0338791467560537,0.10723926272861321,89.04911855770186,5.303787411243131,1.0766886780868197,0.0,1.435584904115761
3.7333333333333334,0.2316638068041879,51.480845956486206,0.6105339649922007,0.5532475685510823,1.452471342977893,0.21443438138065007,1.4597606323509749,1.1583190340209395,1.0989611369859613,0.0,0.1715067462508355,2.03345988016905,0.10721719069032504,89.03080096708597,5.319821654826349,1.079913390641366,0.0,1.439884520855156
3.7666666666666666,0.23157817391935134,51.461816426522525,0.6103082582083282,0.5530430597472925,1.4519336898917348,0.21435511704854127,1.459221321347304,1.1578908695967567,1.0985548647749908,0.0,0.17144334852166068,2.0327071658484286,0.10717755852427063,88.99790838897208,5.348613889130839,1.0857039153017707,0.0,1.4476052204023622
3.8,0.23149257729784636,51.44279495507698,0.610082650189405,0.5528386381043059,1.4513963530437108,0.21427588630416253,1.4586822060846754,1.1574628864892318,1.098148770340929,0.0,0.17137997781233483,2.031954894261195,0.10713794315208126,88.96502774910435,5.377395479882745,1.0914922996279315,0.0,1.4553230661705765
3.8310854224828703,0.23141278536580986,51.425063414624425,0.6098723442637735,0.5526480796619736,1.4508955278687197,0.21420202856811532,1.4581796239274747,1.1570639268290492,1.0977702196747923,0.0,0.17132090469521183,2.0312537390162073,0.10710101428405766,88.93437526333669,5.404226529961877,1.0968884028729158,0.0,1.4625178704972221
3.8333333333333335,0.23140701649097095,51.42378144243799,0.6098571394518715,0.5526343024979322,1.4508593212477023,0.2141966887301673,1.4581432868221247,1.1570350824548548,1.0977428510133687,0.0,0.171316633774359,2.0312030497467832,0.10709834436508366,88.93215906328139,5.406166431540593,1.09727854449437,0.0,1.4630380593258279
3.8666666666666667,0.23132149105258965,51.40477578946437,0.6096317245207004,0.5524300518104199,1.4503225833828501,0.21411752391159672,1.4576045638167363,1.1566074552629482,1.0973371041372606,0.0,0.17125331606123018,2.03045161673599,0.10705876195579836,88.89930234718275,5.434926748559719,1.103062650775096,0.0,1.4707502010334625
3.9,0.23123600053656693,51.385777897014876,0.609406403920864,0.5522258849240173,1.4497861283282956,0.2140383914334918,1.4570660373255946,1.1561800026828346,1.0969315270575553,0.0,0.17119002432644534,2.0297005796596137,0.1070191957167459,88.86645761648802,5.463676435395459,1.1088446193441197,0.0,1.4784594924588275
3.933333333333333,0.2311505444967673,51.366787665948294,0.609181176177335,0.5520218007209725,1.4492499449631797,0.21395929088089355,1.4565277076057839,1.1557527224838364,1.0965261171192031,0.0,0.17112675822350149,2.0289499229484513,0.10697964544044677,88.83362488687676,5.492415496503149,1.114624451075451,0.0,1.4861659347672693
3.9510369993777683,0.2311051718082332,51.35670484627405,0.6090615927314297,0.5519134428048114,1.4489652793392533,0.21391729262847078,1.4562418754107411,1.155525859041166,1.0963108669165735,0.0,0.17109316726949153,2.0285513910749544,0.10695864631423539,88.8161919813011,5.507674779880724,1.1176933088725518,0.0,1.4902577451634034
3.966666666666667,0.2310651225668195,51.347805014848774,0.608956040080233,0.5518177982836258,1.4487140241946506,0.2138802219130429,1.4559895748537839,1.1553256128340974,1.0961208721444193,0.0,0.17106351746792398,2.028199633872511,0.10694011095652145,88.80080417033228,5.521143936236363,1.1204021468266765,0.0,1.4938695291022364
4.0,0.23097973435216224,51.32882985603606,0.6087309943259805,0.5516138766236028,1.4481783562134287,0.21380118416295713,1.4554516392873806,1.1548986717608112,1.095715789786765,0.0,0.17100030175331687,2.0274496986988,0.10690059208147856,88.76799548013734,5.5498617589900086,1.1261777074622672,0.0,1.5015702766163572
4.033333333333333,0.23089437955573247,51.30986212349611,0.6085060379351002,0.5514100349971084,1.4476429336891745,0.2137221773543504,1.4549139010502659,1.1544718977786623,1.0953108682831803,0.0,0.1709371108491036,2.026700107164844,0.1068610886771752,88.73519882505572,5.578568969035345,1.1319511338267683,0.0,1.5092681784356918
4.066666666666666,0.23080905799587434,51.29090177686097,0.60828117031174,0.5512062729498495,1.4471077522257147,0.21364320131829284,1.4543763601984672,1.1540452899793716,1.094906106561132,0.0,0.17087394461445332,2.0259508531160004,0.10682160065914642,88.70241420850452,5.607265570495399,1.1377224267407615,0.0,1.5169632356543499
4.074744269297704,0.23078838716869568,51.28630825971015,0.608226691867293,0.5511569076119692,1.4469780985209788,0.21362406782024027,1.4542461286743287,1.1539419358434784,1.0948080453611273,0.0,0.17085864135971046,2.02576933792937,0.10681203391012013,88.69447138784732,5.6142179664004646,1.1391206520192019,0.0,1.5188275360256034
4.1,0.23072376949093176,51.27194877576262,0.6080563908600487,0.551002590027533,1.4465728074268762,0.21356425588585468,1.453839016788013,1.1536188474546587,1.0945015035480876,0.0,0.17081080290853523,2.0252019303976265,0.10678212794292734,88.66964163390092,5.6359515674932,1.1434915870248292,0.0,1.5246554493664402
4.133333333333333,0.2306385138592488,51.25300307983307,0.6078316989841746,0.5507989857758663,1.4460380948964864,0.21348534088810603,1.4533018708749312,1.153192569296244,1.0940970581715141,0.0,0.17074768559051853,2.0244533328550807,0.10674267044405301,88.63688110466205,5.664626964151775,1.1492586154995532,0.0,1.532344820666072
4.166666666666667,0.23055329091916954,51.23406464870435,0.6076070940882659,0.5505954597405562,1.445503610238372,0.21340645615611709,1.4527649225152492,1.1527664545958476,1.0936927693588785,0.0,0.17068459251957244,2.0237050543337207,0.10670322807805854,88.60413262420505,5.693291764594151,1.1550235129855155,0.0,1.540031350647355
4.2,0.23046810048903793,51.21513344200843,0.6073825755764711,0.55039201146731,1.4449693490563604,0.21332760152095806,1.452228171764995,1.1523405024451896,1.0932886360376481,0.0,0.1706215235548661,2.0229570886789046,0.10666380076047903,88.57139619594705,5.721945972943355,1.1607862803032978,0.0,1.547715040404398
4.202324823277872,0.2304621601162797,51.213813359173265,0.6073669198077769,0.5503778249180491,1.4449320953949107,0.21332210294661624,1.4521907436190018,1.1523108005813985,1.0932604556539984,0.0,0.17061712572459523,2.022904933552875,0.10666105147330812,88.56911345332293,5.723944057033993,1.1611881233276955,0.0,1.5482508311035952
4.233333333333333,0.23038294244774324,51.196209432831836,0.6071581430541831,0.5501886406537118,1.4444353084931922,0.21324877687002033,1.45169161863436,1.151914712238716,1.0928846574975297,0.0,0.17055847860265064,2.022209431890469,0.10662438843501017,88.53867182050962,5.750589593237354,1.166546918259442,0.0,1.55539589101259
4.266666666666667,0.23029781662658874,51.17729258368639,0.6069337959686477,0.5499853468779807,1.4439014844827198,0.21316998204642948,1.4511552631693287,1.1514890831329436,1.092480832743566,0.0,0.17049545753217402,2.0214620782758077,0.10658499102321474,88.50595950069736,5.779222629591989,1.1723054276737428,0.0,1.5630739035649914
4.3,0.23021272290200662,51.158382867112586,0.6067095339171127,0.5497821298315413,1.443367874105842,0.21309121693529154,1.450619105381727,1.151063614510033,1.0920771610508029,0.0,0.1704324602477778,2.0207150237481786,0.10654560846764577,88.47325923723153,5.807845086059365,1.1780618093554636,0.0,1.570749079140619
4.333333333333333,0.23012766120967962,51.13948026881769,0.606485356693763,0.549578989354447,1.442834475949363,0.21301248147682958,1.4500831452385634,1.150638306048398,1.0916736420487734,0.0,0.1703694866998786,2.019968266329108,0.10650624073841479,88.44057102809998,5.836456966606488,1.1838160640997528,0.0,1.5784214187996712
4.333899934137717,0.23012621560547714,51.13915902343937,0.6064815468559253,0.5495755370286113,1.4428254110607375,0.21301114338556154,1.45007403668326,1.1506310780273856,1.0916667843406656,0.0,0.1703684164788695,2.0199555754850325,0.10650557169278077,88.44001549731203,5.836943220652791,1.183913856681238,0.0,1.5785518089083184
4.366666666666666,0.23004263148529058,51.12058477450903,0.6062612640927841,0.5493759252867515,1.4423012886000874,0.21293377561126675,1.4495473827068461,1.150213157426453,1.0912702753670114,0.0,0.17030653683889296,2.0192218040401224,0.10646688780563338,88.40789487129055,5.865058275200364,1.18956819270176,0.0,1.5860909236023475
4.4,0.22995763366452235,51.10169636989386,0.606037255908361,0.5491729374685083,1.4417683106448198,0.21285509927882612,1.449011817753584,1.1497881683226117,1.09086706063505,0.0,0.17024361061523755,2.0184756349027477,0.10642754963941306,88.3752307647911,5.893649015808,1.1953181959566344,0.0,1.593757594608847
4.433333333333334,0.22987266768305759,51.08281504067946,0.6058133319346791,0.5489700257397707,1.4412355406703645,0.21277645241973087,1.4484764503457856,1.149363338415288,1.0904639974824224,0.0,0.17018070797932894,2.01772975693851,0.10638822620986543,88.34257870658946,5.922229192396399,1.2010660746595252,0.0,1.6014214328793677
4.466666666666667,0.2297877334765792,51.063940772573154,0.6055894919659236,0.5487671899405927,1.4407029772635258,0.21269783497420403,1.4479412804504583,1.1489386673828959,1.0900610855386625,0.0,0.17011782888158375,2.016984168168936,0.10634891748710201,88.30993869467346,5.950798808932568,1.2068118296055812,0.0,1.6090824394741092
4.469594671757941,0.2297802743589168,51.06228319087041,0.6055698338356249,0.548749376435458,1.4406562066349284,0.21269093060911556,1.4478942804807704,1.148901371794584,1.0900257009041248,0.0,0.17011230669499197,2.0169186892888997,0.10634546530455778,88.30707216652219,5.95330786400627,1.2073164361551767,0.0,1.609755248206903
4.5,0.22970283098076988,51.045073551282194,0.6053657357962796,0.5485644299110275,1.440170619011108,0.21261924688246878,1.4474063080346118,1.1485141549038493,1.0896583244333033,0.0,0.17005497327241853,2.0162388666155513,0.10630962344123439,88.27731072703098,5.979357869383513,1.212555461589952,0.0,1.6167406154532704
4.533333333333333,0.22961796013131253,51.0262133625139,0.6051420632199325,0.5483617454911288,1.4396384644999163,0.2125406880847482,1.4468715330652537,1.1480898006565625,1.0892557137958785,0.0,0.16999214110224994,2.0154938502998827,0.1062703440423741,88.24469480164983,6.007906377716239,1.218296971407787,0.0,1.6243959618770503
4.566666666666666,0.22953312089053748,51.00736019789722,0.6049184741196014,0.5481591365877887,1.4391065129929883,0.2124621585460538,1.4463369554896184,1.1476656044526874,1.0888532534152826,0.0,0.1699293323422145,2.0147491181901835,0.1062310792730269,88.21209091531183,6.03644433784133,1.2240363598442345,0.0,1.6320484797923136
4.6,0.2294483132101741,50.988514046705355,0.6046949683428324,0.5479566030813173,1.43857476348566,0.21238365822153582,1.4458025752623205,1.1472415660508704,1.0884509430170983,0.0,0.16986654695520836,2.014004668879924,0.10619182911076791,88.17949906524893,6.0649717537149215,1.2297736276930726,0.0,1.639698170257431
4.609538021966754,0.22942405208154795,50.98312268478844,0.6046310295511702,0.5478986638579221,1.438422645266228,0.2123612014528781,1.445649703662076,1.1471202604077397,1.0883358531921064,0.0,0.16984858579595583,2.013791703372719,0.10618060072643905,88.17017542635001,6.073132667623104,1.2314149032027226,0.0,1.641886537603631
4.633333333333333,0.22936353702791534,50.969674895092304,0.6044715456905408,0.5477541448168193,1.4380432146171862,0.21230518705328771,1.445268392348347,1.1468176851395766,1.0880487822429736,0.0,0.169803784893214,2.0132605004640607,0.10615259352664386,88.14691924932568,6.093488629324897,1.2355087757537546,0.0,1.6473450343383405
4.666666666666667,0.22927879232091242,50.950842737980544,0.6042482060947273,0.5475517617383678,1.437511866027837,0.21222674502010788,1.4447344066835182,1.146393961604562,1.087646770970509,0.0,0.16974104613889401,2.0125166124389717,0.10611337251005394,88.11435146362777,6.121994968570193,1.2412418048098393,0.0,1.6549890730797867
4.7,0.22919407906631634,50.932017570292516,0.6040249494873917,0.5473494537900356,1.4369807173578812,0.21214833210079456,1.444200618203655,1.1459703953315816,1.087244909077305,0.0,0.16967833067491106,2.0117730043010336,0.10607416605039728,88.08179570424093,6.150490775349746,1.2469727156448853,0.0,1.6626302875265146
4.733333333333333,0.22910939724127824,50.91319938695072,0.6038017758005346,0.5471472209158957,1.4364497682475892,0.21206994827414616,1.4436670268445788,1.1455469862063912,1.0868431964409624,0.0,0.1696156384839277,2.0110296755466246,0.10603497413707308,88.04925196725087,6.178976053562492,1.2527015090424514,0.0,1.6702686787232695
4.7538630091484615,0.22905725815842284,50.90161292409397,0.6036643665294711,0.5470227049886066,1.436122861000242,0.21202168690511122,1.4433384911765423,1.1452862907921142,1.086595859753048,0.0,0.16957703854646805,2.0105720054003386,0.10601084345255561,88.02921457685731,6.196514621997257,1.2562287638717025,0.0,1.6749716851622707
4.766666666666667,0.22902474682294927,50.89438818287761,0.6035786849661562,0.546945063060021,1.4359190183372297,0.21199159351896094,1.44313363254211,1.1451237341147462,1.0864416329390811,0.0,0.16955296954860652,2.0102866256721215,0.10599579675948047,88.0167202487433,6.207450807107367,1.2584281857860962,0.0,1.6779042477147958
4.8,0.22894012778848044,50.875583952995655,0.6033556769162567,0.5467429801664844,1.4353884672670731,0.21191326781403724,1.4426004352320694,1.1447006389424021,1.0860402184492621,0.0,0.16949032385161014,2.009543854173902,0.10595663390701862,87.98420054480391,6.2359150398833085,1.2641527466593785,0.0,1.685536995545839
4.833333333333333,0.22885554011502296,50.85678669222733,0.6031327515828364,0.5465409721793587,1.4348581146773882,0.21183497113817337,1.4420674348502776,1.1442777005751148,1.0856389528491055,0.0,0.1694277013756012,2.0088013605483432,0.10591748556908669,87.95169285151843,6.264368755789253,1.2698751924458571,0.0,1.6931669232611437
4.866666666666666,0.22877098377972782,50.837996395495075,0.6029099088978955,0.546339039042717,1.4343279602084447,0.2117567034701677,1.4415346313325557,1.143854918898639,1.085237836016212,0.0,0.16936510210324227,2.0080591442918223,0.10587835173508385,87.91919716497257,6.292811958724137,1.2755955239290906,0.0,1.700794031905455
4.9,0.22868645875974625,50.81921305772139,0.6026871487934345,0.5461371807006322,1.4337980035005125,0.2116784647888185,1.4410020246147242,1.1434322937987311,1.0848368678281821,0.0,0.16930252601719598,2.0073172049007173,0.10583923239440925,87.88671348125203,6.321244652586897,1.281313741892638,0.0,1.708418322523518
4.9027068226910275,0.22867959630651377,50.81768806811417,0.602669063253438,0.5461207921401463,1.433754977205886,0.21167211271353104,1.440958783093698,1.1433979815325688,1.0848043138561885,0.0,0.16929744556344534,2.00725696808824,0.10583605635676552,87.88407618088465,6.323553059190694,1.2817779951982482,0.0,1.7090373269309986
4.933333333333334,0.22860196503222927,50.80043667382873,0.6024644712014534,0.5459353970971771,1.4332682441938607,0.2116002550729241,1.4404696146326037,1.1430098251611462,1.084436048162616,0.0,0.1692399731001249,2.006575541871405,0.10580012753646205,87.85424179644251,6.349666841276468,1.2870298471200574,0.0,1.7160397961600773
4.966666666666667,0.22851750257432799,50.78166723873956,0.6022418760539525,0.5457336881764246,1.4327386819287593,0.21152207430128286,1.4399374013220159,1.1425875128716398,1.0840353768971145,0.0,0.16917744333469165,2.005834154700263,0.10576103715064143,87.82178210662975,6.378078528691788,1.2927438403949079,0.0,1.723658453859878
5.0,0.22843307136319346,50.76290474737633,0.6020193632829322,0.5455320538824477,1.4322093163454777,0.21144392245269306,1.4394053846187806,1.1421653568159673,1.083634853909278,0.0,0.16911493670355882,2.0050930428836686,0.10572196122634653,87.78933440789943,6.406479718731792,1.2984557225007483,0.0,1.731274296667665
5.033333333333333,0.22834867139336593,50.74414919852576,0.6017969328779402,0.5453304942028958,1.431680147519282,0.21136579952212728,1.4388735644481316,1.1417433569668296,1.0832344791802924,0.0,0.1690524532028977,2.0043522065269945,0.10568289976106364,87.75689869569155,6.434870415148679,1.3041654941924878,0.0,1.7388873255899846
5.056210947392584,0.2282907633610908,50.73128074690907,0.601644320193886,0.5451922012123518,1.4313170775588053,0.21131219825679234,1.4385086748471567,1.141453816805454,1.0829597763489949,0.0,0.16900958237582905,2.0038439085823274,0.10565609912839617,87.73464407892808,6.454349686567197,1.308083051934512,0.0,1.7441107359126837
5.066666666666666,0.22826430263933545,50.725400586518994,0.6015745847623682,0.5451290090752077,1.4311511750293753,0.21128770548591005,1.4383419407454825,1.1413215131966772,1.082834252572263,0.0,0.1689899928133144,2.003611645041125,0.10564385274295503,87.72447496606698,6.4632506219600545,1.3098731562774346,0.0,1.7464975417032471
5.1,0.22817996508045885,50.70665890676864,0.6013523188756408,0.5449275984490058,1.430622398574668,0.21120964032489223,1.4378105134440342,1.1408998254022942,1.0824341739761534,0.0,0.1689275555191918,2.002871358004535,0.10560482016244611,87.69206321495165,6.49162034310682,1.3155787095477054,0.0,1.7541049460636082
5.133333333333333,0.22809565870398832,50.68792415644185,0.6011301351832843,0.544726262293693,1.4300938180508265,0.21113160402726816,1.437279282472458,1.1404782935199416,1.0820342433299117,0.0,0.16886514131104483,2.002131345271157,0.10556580201363408,87.65966343799522,6.519979582450126,1.321282154779768,0.0,1.7617095397063582
5.166666666666667,0.22801138349717603,50.66919633270579,0.6009080336508249,0.5445250005786719,1.429565433353516,0.2110535965812322,1.4367482477594244,1.1400569174858801,1.081634460571485,0.0,0.1688027501793883,2.001391606694922,0.1055267982906161,87.6272756308473,6.548328343851122,1.3269834927500894,0.0,1.769311323666787
5.2,0.22792713944727414,50.65047543272758,0.6006860142437892,0.5443238132733458,1.429037244378402,0.2109756179749788,1.4362174092336042,1.1396356972363706,1.0812348256388207,0.0,0.1687403821147372,2.0006521421297627,0.1054878089874894,87.59489978915752,6.57666663117096,1.3326827242351378,0.0,1.7769102989801846
5.214521297951117,0.2278904491986416,50.64232204414258,0.6005893196176725,0.5442361915101029,1.42880720587176,0.2109416564732166,1.4359862166332993,1.139452245993208,1.0810607753118104,0.0,0.1687132193681319,2.0003300882204638,0.1054708282366083,87.58079935246492,6.589008618208023,1.3351648728676275,0.0,1.780219830490171
5.233333333333333,0.22784292654153482,50.63176145367441,0.6004640769277035,0.5441227003471173,1.4285092510211512,0.21089766819670228,1.435686766823668,1.139214632707674,1.0808353384698663,0.0,0.16867803710760634,1.9999129514296117,0.10544883409835114,87.56253590857551,6.60499444827079,1.3383798500113802,0.0,1.784506466681841
5.266666666666667,0.22775874476721022,50.613054392713394,0.6002422216680942,0.5439216617693892,1.427981453177429,0.21081974723459704,1.435156320458287,1.138793723836051,1.0804359990025696,0.0,0.16861571514851065,1.9991740344484006,0.10540987361729852,87.53018398475092,6.633311799011762,1.3440748708552843,0.0,1.7920998278070468
5.3,0.22767459411155247,50.594354247011665,0.6000204484304877,0.5437206975095645,1.4274538507429013,0.21074185507685742,1.4346260700661313,1.1383729705577623,1.080036807174878,0.0,0.168553416227965,1.9984353910400616,0.10537092753842871,87.49784401333335,6.661618687255027,1.3497677875433178,0.0,1.7996903833910916
5.333333333333333,0.2275904745618138,50.57566101373641,0.5997987571804103,0.543519807537046,1.4269264436132336,0.21066399171167782,1.4340960155758724,1.137952372809069,1.0796377629247387,0.0,0.16849114033648427,1.997697021058527,0.10533199585583891,87.46551598997246,6.6899151168617355,1.3554586008519485,0.0,1.8072781344692657
5.366666666666666,0.22750638610524634,50.556974690054744,0.5995771478833886,0.5433189918212367,1.4263992316840923,0.21058615712725265,1.4335661569161804,1.1375319305262317,1.0792388661900993,0.0,0.16842888746458337,1.996958924357729,0.10529307856362632,87.43319991031784,6.7182010916930395,1.3611473115576436,0.0,1.814863082076859
5.377788357664939,0.22747833684594534,50.550741521321186,0.5995032260071781,0.5432520060269117,1.4262233704505742,0.21056019396263784,1.4333894127449702,1.1373916842297267,1.0791058068129207,0.0,0.16840812186834264,1.9967127186308038,0.10528009698131892,87.42242028331573,6.727636402461836,1.36304488637011,0.0,1.8173931818268143
5.4,0.22742232872910223,50.538295273133826,0.5993556205049485,0.5431182503315393,1.4258722148511427,0.21050835131177623,1.4330364940157263,1.137111643645511,1.0788401169089072,0.0,0.16836665760277716,1.9962211007915995,0.10525417565588811,87.40089577001915,6.746476615610089,1.366833920436871,0.0,1.8224452272491622
5.433333333333334,0.2273383024206337,50.51962276014082,0.5991341750106168,0.5429175830373567,1.4253453930100508,0.21043057425344294,1.432507026803181,1.1366915121031684,1.0784415150191102,0.0,0.16830445074158057,1.995483550214071,0.10521528712672147,87.36860356472602,6.7747416924740325,1.3725184282660978,0.0,1.8300245710214647
5.466666666666667,0.22725430716709283,50.500957148242854,0.5989128113659198,0.5427169899080919,1.4248187660564826,0.21035282594044719,1.431977755207215,1.136271535835464,1.0780430604586557,0.0,0.16824226687150848,1.9947462724790757,0.10517641297022359,87.33632329008805,6.8029963261460225,1.3782008358217919,0.0,1.8376011144290567
5.5,0.22717034295573182,50.482298434607074,0.5986915295363838,0.5425164709131475,1.424292333886104,0.21027510636098334,1.4314486791564993,1.135851714778659,1.077644753165491,0.0,0.16818010598307573,1.9940092674405454,0.10513755318049167,87.3040549417549,6.831240520487209,1.3838811438804206,0.0,1.8451748585072285
5.533333333333333,0.2270864097738029,50.463646616400645,0.5984703294875352,0.5423160260219266,1.4237660963945804,0.21019741550324578,1.4309197985797046,1.1354320488690144,1.0772465930775634,0.0,0.16811796806679727,1.9932725349524125,0.10509870775162289,87.27179851537619,6.859474279358743,1.389559353218452,0.0,1.8527458042912703
5.546167321475886,0.2270541021206253,50.45646713791673,0.5983851849212815,0.5422388705529934,1.4235635365078738,0.21016751065240424,1.4307162212722317,1.1352705106031264,1.0770933328583066,0.0,0.16809404987142793,1.9929889511110233,0.10508375532620212,87.25938233539341,6.870342049566433,1.3917450159408662,0.0,1.8556600212544894
5.566666666666666,0.2270025076085581,50.445001690790704,0.5982492111849004,0.5421156552038321,1.423240053477578,0.21011975335542887,1.4303911134055014,1.1350125380427905,1.0768485801328207,0.0,0.16805585311318796,1.992536074868609,0.10505987667771444,87.23955400660154,6.887697606621774,1.395235464612353,0.0,1.8603139528164718
5.6,0.22691863644724966,50.42636365494437,0.5980281745940057,0.5419153584282667,1.4227142050307624,0.210042119905727,1.429862623562561,1.1345931822362483,1.0764507142692104,0.0,0.16799376111276268,1.9917998870430673,0.1050210599528635,87.2073214110806,6.915910506137455,1.4009094788385918,0.0,1.8678793051181235
5.633333333333333,0.22683479627712977,50.40773250602884,0.5978072196803776,0.5417151356646334,1.4221885509497996,0.2099645151423345,1.4293343289795535,1.1341739813856488,1.0760529954246798,0.0,0.16793169205603634,1.9910639713297194,0.10498225757116725,87.17510072446296,6.944112981766935,1.4065813966736356,0.0,1.8754418622315152
5.666666666666667,0.22675098708545055,50.38910824121124,0.5975863464095424,0.5415149868823349,1.4216630911303552,0.2098869390534458,1.42880622958515,1.1337549354272527,1.0756554235371765,0.0,0.16786964593352383,1.9903283275824972,0.1049434695267229,87.14289194239831,6.972305037371365,1.4122512188939522,0.0,1.8830016251919375
5.7,0.22666720885976474,50.37049085772549,0.5973655547479351,0.5413149120515124,1.4211378254732179,0.2098093916275343,1.428278325308722,1.1333360442988236,1.0752579985462831,0.0,0.16780762273596883,1.989592955662505,0.10490469581376714,87.11069506057895,7.000486676767427,1.4179189462670745,0.0,1.8905585950227668
5.719818243491295,0.22661741341926464,50.35942520428104,0.5972343223447142,0.5411959931531316,1.420825622269165,0.20976329960063503,1.4279645537129162,1.1330870670963231,1.0750217802204856,0.0,0.1677707578774708,1.9891558711768311,0.10488164980031751,87.09155813095076,7.017237058042115,1.4212876855064909,0.0,1.8950502473419888
5.733333333333333,0.22658346159538093,50.3518803545291,0.5971448446859383,0.5411149111614421,1.4206127540253684,0.20973187286027575,1.4277506160925462,1.1329173079769046,1.074860720434689,0.0,0.16774562246004704,1.9888578556355154,0.10486593643013788,87.07851007548439,7.028657902869741,1.4235845793793758,0.0,1.898112772505835
5.766666666666667,0.22649974527371627,50.33327672749251,0.5969242161721268,0.5409149841673169,1.4200878766021103,0.20965438273445308,1.427223101844664,1.1324987263685813,1.0744635891098282,0.0,0.16768364509186823,1.9881230272429542,0.10482719136722654,87.04633698150606,7.056818720736357,1.4292481192479214,0.0,1.9056641589972292
5.8,0.22641605988338323,50.314679974085166,0.596703669176461,0.5407151310419367,1.4195631931312565,0.20957692123952545,1.4266957824936117,1.1320802994169161,1.07406660451763,0.0,0.16762169062300036,1.9873884703837588,0.10478846061976273,87.01417577428538,7.084969134184036,1.434909566640314,0.0,1.9132127555204197
5.833333333333333,0.22633240541299424,50.2960900917765,0.5964832036689015,0.5405153517581014,1.4190387035406198,0.20949948836495202,1.426168657967925,1.131662027064971,1.0736697666040227,0.0,0.16755975904501144,1.9866541849568675,0.10474974418247601,86.98202644946375,7.113109147029541,1.4405689223241567,0.0,1.9207585630988764
5.866666666666666,0.22624878185116173,50.27750707803594,0.5962628196194087,0.5403156462886108,1.4185144077580132,0.20942208410019197,1.42564172819614,1.1312439092558086,1.0732730753149358,0.0,0.16749785034946937,1.9859201708612184,0.10471104205009599,86.94988900268258,7.141238763089633,1.4462261870670519,0.0,1.92830158275607
5.8989061891248165,0.2261679317332874,50.25954038517498,0.5960497447881886,0.540122564214792,1.4180075006932042,0.20934724701131036,1.425132274475237,1.1308396586664369,1.0728895406187395,0.0,0.1674379949065855,1.985210500970486,0.10467362350565518,86.91881742024471,7.168435437704444,1.4516958240537448,0.0,1.9355944320716605
5.9,0.22616518918649825,50.258930930332944,0.5960425169979432,0.540116014606265,1.4179903057112497,0.20934470843470449,1.4251149931067928,1.1308259459324912,1.0728765305962977,0.0,0.16743596452794215,1.9851864279957494,0.10467235421735224,86.91776342958329,7.169357986181072,1.4518813616366026,0.0,1.935841815515471
5.933333333333334,0.22608162740761611,50.24036164613692,0.5958222957744653,0.5399164566838636,1.417466397328142,0.20926736135794874,1.424588452628419,1.1304081370380805,1.0724801323940376,0.0,0.1673741015719977,1.9844529562593987,0.10463368067897437,86.88564972580727,7.19746682012062,1.4575344468004114,0.0,1.9433792624005493
5.966666666666667,0.22599809650312783,50.2217992229173,0.5956021559189355,0.5397169724942065,1.4169426825365028,0.20919004285938392,1.424062106689555,1.129990482515639,1.072083880654084,0.0,0.16731226147320402,1.983719755551104,0.10459502142969196,86.85354788699595,7.225565268725037,1.463185443326081,0.0,1.9509139244347753
6.0,0.22591459646164586,50.20324365814353,0.5953820974013145,0.5395175620100937,1.4164191612641455,0.2091127529284692,1.4235359552187363,1.1295729823082292,1.0716877753223661,0.0,0.16725044422312904,1.9829868257698036,0.1045563764642346,86.82145790879073,7.253653335811087,1.4688343519812137,0.0,1.9584458026416192
6.033333333333333,0.22583112727178262,50.18469494928503,0.5951621201915626,0.5393182252043249,1.4158958334388827,0.20903549155466375,1.4230099981444995,1.129155636358913,1.0712918163448126,0.0,0.16718864981334072,1.9822541668144356,0.10451774577733187,86.78937978683302,7.281731025195529,1.4744811735334131,0.0,1.9659748980445515
6.066666666666666,0.22574768892215058,50.16615309381124,0.5949422242596403,0.5391189620497001,1.4153726989885271,0.20895825872742674,1.42248423539538,1.128738444610753,1.0708960036673525,0.0,0.16712687823540703,1.9815217785839379,0.10447912936371337,86.75731351676423,7.309798340695124,1.4801259087502814,0.0,1.9735012116670425
6.0836013920007606,0.22570531056659685,50.15673568146597,0.5948305390691754,0.5390177562510511,1.4151069988954392,0.20891903215802085,1.4222172003809948,1.1285265528329842,1.0706949703245157,0.0,0.16709550443782584,1.9811497984536148,0.10445951607901043,86.74102705123687,7.324053736316444,1.482992870989532,0.0,1.9773238279860434
6.1,0.2256642814013622,50.1476180891916,0.594722409575508,0.5389197725190191,1.4148497578408918,0.20888105443621738,1.421958666899914,1.1283214070068108,1.0705003372359145,0.0,0.1670651294808959,1.9807896609772484,0.10444052721810869,86.72525909422576,7.3378552861266355,1.4857685583994213,0.0,1.9810247445325624
6.133333333333333,0.22558090469802983,50.12908993289552,0.5945026761091264,0.5387206565850817,1.4143270099237897,0.20880387867049482,1.4214332925866375,1.127904523490149,1.0701048169964276,0.0,0.16700340354137533,1.9800578138933054,0.10440193933524741,86.69321651485903,7.365901865306823,1.4914091232484357,0.0,1.9885454976645818
6.166666666666667,0.22549755880076605,50.11056862239246,0.5942830238304558,0.538521614220688,1.4138044551650337,0.20872673141971823,1.4209081123840868,1.1274877940038301,1.0697094428948206,0.0,0.16694170040841327,1.979326237231047,0.10436336570985912,86.66118577430545,7.393938082052449,1.4970476040649274,0.0,1.9960634720865706
6.2,0.2254142436981832,50.09205415515182,0.5940634527094568,0.5383226453986376,1.4132820934924364,0.2086496126733468,1.4203831262207973,1.127071218490916,1.0693142148770223,0.0,0.16688002007357766,1.9785949308894109,0.1043248063366734,86.62916686820643,7.421963940180273,1.5026840016164988,0.0,2.003578668821999
6.233333333333333,0.2253309593788938,50.073546528643064,0.5938439627160897,0.5381237500917305,1.412759924833811,0.20857252242083973,1.419858334025305,1.126654796894469,1.0689191328889616,0.0,0.16681836252843646,1.9778638947673353,0.10428626121041987,86.59715979220336,7.449979443507057,1.5083183166707532,0.0,2.011091088894338
6.266666666666667,0.22524770583151024,50.05504574033562,0.5936245538203153,0.5379249282727666,1.4122379491169703,0.2084954606516562,1.4193337357261464,1.1262385291575512,1.0685241968765675,0.0,0.16675672776455763,1.9771331287637584,0.1042477303258281,86.56516454193768,7.477984595849563,1.5139505499952925,0.0,2.0186007333270575
6.274079415771256,0.22522919588306167,50.05093241845815,0.5935757721470603,0.5378807237705633,1.4121218970831768,0.20847832733518207,1.4192171006058245,1.1261459794153084,1.0684363898647085,0.0,0.16674302436887461,1.9769706559164475,0.10423916366759103,86.55805096594923,7.484211044385041,1.5152027771035854,0.0,2.020270369471448
6.3,0.22516448304464506,50.036551787698905,0.5934052259920938,0.5377261799145456,1.411716166269727,0.20841842735525534,1.4188093312518573,1.1258224152232252,1.0681294067857687,0.0,0.16669511577350915,1.9764026327776179,0.10420921367762767,86.53318111305077,7.505979401024551,1.5195807023577201,0.0,2.0261076031436276
6.333333333333333,0.22508129100691057,50.01806466820235,0.5931859792013857,0.5375275049898676,1.4111945762198945,0.20834142252109636,1.4182851205309732,1.1254064550345528,1.0677347625624942,0.0,0.16663352654685895,1.9756724067078522,0.10417071126054818,86.50120950118406,7.5339638628487835,1.5252087745256386,0.0,2.033611699367519
6.366666666666666,0.22499812970691935,49.99958437931542,0.5929668134181515,0.5373289034715324,1.4106731788952853,0.20826444613863843,1.417761103492031,1.1249906485345966,1.0673402641526728,0.0,0.16657196007617503,1.9749424504533992,0.10413222306931921,86.46924970197897,7.5619379851390205,1.5308347672666507,0.0,2.0411130230222017
6.4,0.22491499913328372,49.9811109185075,0.5927477286123518,0.5371303753323396,1.410151974223712,0.2081874981973407,1.4172372800635655,1.1245749956664186,1.0669459115022333,0.0,0.1665104163530253,1.9742127639131968,0.10409374909867035,86.43730171107687,7.589901771712025,1.5364586813483592,0.0,2.0486115751311464
6.433333333333334,0.22483189927461625,49.96264428324806,0.592528724753947,0.5369319205450894,1.409630962132988,0.2081105786866624,1.4167136501741135,1.1241594963730812,1.0665517045571047,0.0,0.16644889536897772,1.9734833469861832,0.1040552893433312,86.40536552411919,7.617855226384558,1.5420805175383665,0.0,2.0561073567178227
6.466666666666667,0.22474883011952934,49.94418447100653,0.5923098018128977,0.5367335390825815,1.409110142550926,0.2080336875960627,1.4161902137522109,1.1237441505976467,1.0661576432632158,0.0,0.16638739711560027,1.9727541995712963,0.10401684379803135,86.37344113674735,7.645798352973378,1.5477002766042756,0.0,2.0636003688057016
6.470521320999721,0.22473922601322088,49.9420502251602,0.5922844908632927,0.5367106030523141,1.4090499275818587,0.20802479777158436,1.4161296962346397,1.1236961300661044,1.0661120835539268,0.0,0.16638028694621737,1.972669898614602,0.10401239888579218,86.36975017335068,7.649029019742382,1.548350009511091,0.0,2.064466679348122
6.5,0.2246657916566354,49.925731479252306,0.592090959759164,0.5365352309176159,1.408589515405339,0.20795682491500075,1.4156669707263936,1.123328958283177,1.0657637275664953,0.0,0.16632592158446094,1.9720253215674743,0.10397841245750038,86.34152854460275,7.67373115529525,1.553317959313689,0.0,2.071090612418253
6.533333333333333,0.2245827838745469,49.90728530545487,0.591872198562707,0.5363369960229923,1.4080690806240395,0.20787999063293575,1.4151439210251975,1.1229139193727344,1.0653699574128725,0.0,0.1662644687671276,1.9712967128736552,0.10393999531646787,86.3096277433268,7.701653637166932,1.5589335664342099,0.0,2.078578088578947
6.566666666666666,0.2244998067618763,49.888845947083624,0.5916535181934865,0.5361388343715107,1.4075488381348407,0.20780318473932685,1.4146210645771586,1.1224990338093814,1.0649763327482757,0.0,0.1662030386551683,1.9705683733887769,0.10390159236966343,86.2777387285609,7.729565802405187,1.5645470987334404,0.0,2.086062798311255
6.6,0.22441686030723604,49.87041340160801,0.5914349186214635,0.5359407459359709,1.4070287878655554,0.20772640722363328,1.4140984013108127,1.12208430153618,1.0645828535186344,0.0,0.16614163124015097,1.9698403030117775,0.10386320361181664,86.24586149594647,7.757467654826776,1.570158556978984,0.0,2.0935447426386458
6.633333333333333,0.22433394449923855,49.85198766649746,0.5912163998165983,0.5357427306891727,1.4065089297439968,0.20764965807531416,1.4135759311546963,1.1216697224961927,1.064189519669877,0.0,0.16608024651364353,1.9691125016415953,0.10382482903765708,86.21399604112493,7.785359198248461,1.5757679419384427,0.0,2.101023922584591
6.666666666666667,0.22425105932649628,49.8335687392214,0.5909979617488513,0.5355447886039161,1.4059892636979772,0.2075729372838287,1.4130536540373448,1.1212552966324814,1.0637963311479324,0.0,0.16601888446721397,1.968384969177168,0.10378646864191435,86.18214235973767,7.813240436487003,1.5813752543794197,0.0,2.1085003391725605
6.6731138372696694,0.22423503161574565,49.830007025721265,0.5909557218397014,0.535506512053565,1.4058887745901003,0.20755810159472043,1.4129526600200268,1.1211751580787281,1.0637202993114625,0.0,0.16600701873660514,1.9682442844261403,0.10377905079736022,86.17598273462144,7.818631900450968,1.582459554248083,0.0,2.109946072330778
6.7,0.22416820477762167,49.815156617249265,0.5907796043881831,0.5353469196530009,1.4054697896553099,0.20749624483863605,1.4125315698872944,1.1208410238881084,1.0634032878987296,0.0,0.16595754509243027,1.9676577055174336,0.10374812241931802,86.15030044742609,7.841111373359162,1.5869804950695174,0.0,2.115973993426024
6.733333333333333,0.22408538084122723,49.796751298050495,0.5905613277045542,0.5351491238092269,1.4049505075438076,0.20741958072919542,1.4120096786330814,1.120426904206136,1.0630103898681975,0.0,0.16589622838086032,1.9669307105613305,0.10370979036459771,86.11847029983163,7.8689720126817,1.5925836647763387,0.0,2.1234448863684525
6.766666666666667,0.22400258750592533,49.778352779094526,0.590343131667925,0.5349514010453941,1.404431417291283,0.20734294494496597,1.4114879802032412,1.1200129375296266,1.0626176370022649,0.0,0.16583493432407218,1.9662039842077963,0.10367147247248298,86.08665191259568,7.896822358271379,1.5981847642674865,0.0,2.130913019023316
6.8,0.22391982476032846,49.75996105785077,0.5901250162482558,0.5347537513343023,1.4039125188255497,0.2072663374754069,1.4109664745263102,1.1195991238016423,1.0622250292468605,0.0,0.1657736629136337,1.9654775263557696,0.10363316873770345,86.05484528135966,7.924662413944959,1.603783794310563,0.0,2.1383783924140847
6.833333333333333,0.22383709259304907,49.74157613178869,0.5899069814155076,0.5345561746487514,1.40339381207442,0.20718975830997735,1.4104451615308242,1.1191854629652453,1.0618325665479136,0.0,0.16571241414111293,1.9647513369041878,0.10359487915498868,86.02305040176498,7.952492183519201,1.6093807556731714,0.0,2.1458410075642296
6.866666666666666,0.22375439099269956,49.72319799837768,0.5896890271396403,0.5343586709615412,1.4028752969657068,0.20711320743813652,1.4099240411453193,1.1187719549634978,1.0614402488513526,0.0,0.16565118799807776,1.9640254157519894,0.10355660371906826,85.99126726945303,7.980311670810869,1.6149756491229144,0.0,2.1533008654972203
6.882049540682124,0.223716235648598,49.71471903302178,0.5895884714023506,0.5342675503409522,1.4026360739951247,0.20707788980408776,1.409683616201887,1.11858117824299,1.0612592485242311,0.0,0.16562294060569518,1.9636905035931744,0.10353894490204388,85.9766037521531,7.993146514440099,1.6175569182094611,0.0,2.1567425576126156
6.8999999999999995,0.22367171994789248,49.70482665508722,0.5894711533906147,0.5341612402454716,1.402356973427223,0.2070366848493436,1.4094031132983313,1.1183585997394623,1.0610480761031065,0.0,0.16558998447609619,1.9632997627981121,0.1035183424246718,85.95949588006523,8.00812087963672,1.6205684754273948,0.0,2.160757967236527
6.933333333333334,0.22358907945235004,49.686462100522235,0.5892533601519236,0.533963882485557,1.4018388414206435,0.20696019053778805,1.4088823779499227,1.1179453972617501,1.0606560482734626,0.0,0.1655288035705227,1.9625743779889007,0.10348009526889403,85.92773623116578,8.035919812126549,1.6261592350149459,0.0,2.1682123133532616
6.966666666666667,0.22350646949679953,49.66810433262212,0.5890356473992966,0.5337665976596823,1.4013209008924807,0.20688372449488787,1.4083618350399492,1.1175323474839975,1.060264165318734,0.0,0.1654676452745015,1.961849261249473,0.10344186224744394,85.8959883190865,8.063708471480897,1.6317479285292555,0.0,2.1756639047056745
7.0,0.22342389006147548,49.64975334699455,0.5888180150806015,0.5335693857206368,1.4008031517176616,0.2068072867023473,1.407841484444288,1.1171194503073774,1.0598724271450828,0.0,0.16540650957339742,1.961124412404726,0.10340364335117365,85.86425213625712,8.091486864328473,1.637334557303447,0.0,2.1831127430712636
7.033333333333333,0.22334134113523643,49.63140914116365,0.5886004631664757,0.5333722466418134,1.400285593826324,0.20673087714985353,1.4073213260927377,1.1167067056761821,1.0594808336996564,0.0,0.16534539645896215,1.9603998313568534,0.10336543857492676,85.83252767839608,8.11925499441692,1.6429191220912254,0.0,2.1905588294549676
7.066666666666666,0.22325882270694097,49.61307171265355,0.5883829916275566,0.5331751803966046,1.3997682271486056,0.20665449582709372,1.406801359915097,1.1162941135347049,1.059089384929602,0.0,0.16528430592294743,1.9596755180080476,0.10332724791354686,85.80081494122177,8.147012865493885,1.6485016236462948,0.0,2.1980021648617267
7.097527036910484,0.22318245340774112,49.59610075727581,0.5881817256877491,0.5329927991836649,1.3992894137320282,0.20658380630704817,1.406320140708392,1.1159122670387056,1.0587271062379484,0.0,0.16522776774693612,1.9590051792248393,0.10329190315352409,85.77146538180483,8.172702268523443,1.6536681269405749,0.0,2.204890835920767
7.1,0.22317633476544768,49.594741058988376,0.5881656004344812,0.5329781869584029,1.3992510516146444,0.20657814272375508,1.4062815858411648,1.1158816738272384,1.058698080782066,0.0,0.16522323795710492,1.958951472260502,0.10328907136187754,85.76911392045264,8.17476048130701,1.6540820627223598,0.0,2.20544275029648
7.133333333333333,0.22309387729961513,49.57641717769226,0.5879482895578868,0.5327812663006011,1.3987340671545785,0.20650181782952481,1.4057620038007395,1.1154693864980756,1.0583069212041962,0.0,0.16516219255318632,1.9582276940164096,0.10325090891476241,85.7374246118071,8.202497845603942,1.659660440073125,0.0,2.212880586764167
7.166666666666667,0.22301145029830188,49.55810006628931,0.5877310589684106,0.5325844183965913,1.3982172736985454,0.20642552113409007,1.4052426137236196,1.1150572514915094,1.0579159061431391,0.0,0.1651011697029433,1.9575041831779636,0.10321276056704504,85.70574701100357,8.230224962132327,1.6652367564522952,0.0,2.2203156752697275
7.2,0.22292905375036653,49.53978972230368,0.5875139086366901,0.5323876432197665,1.3977006711766837,0.2063492526271381,1.4047234155396044,1.1146452687518327,1.0575250355460422,0.0,0.16504016939812763,1.956780939647357,0.10317462631356905,85.67408111376048,8.257941834639809,1.6708110126135745,0.0,2.2277480168181
7.233333333333333,0.22284668764466767,49.52148614325949,0.5872968385333622,0.5321909407435192,1.3971842595191306,0.20627301229835607,1.4042044091784924,1.1142334382233383,1.057134309360052,0.0,0.16497919163049096,1.9560579633267827,0.10313650614917803,85.64242691579625,8.285648466874031,1.6763832093106676,0.0,2.235177612414224
7.266666666666667,0.22276435197006383,49.503189326680854,0.5870798486290645,0.5319943109412419,1.3966680386560244,0.20619680013743114,1.403685594570082,1.113821759850319,1.0567437275323162,0.0,0.16491823639178502,1.955335254118434,0.10309840006871557,85.6107844128293,8.313344862582639,1.6819533472972792,0.0,2.2426044630630395
7.3,0.22268204671541364,49.484899270091915,0.586862938894434,0.5317977537863273,1.3961520085175028,0.20612061613405053,1.403166971644172,1.1134102335770681,1.0563532900099812,0.0,0.16485730367376147,1.9546128119245036,0.10306030806702526,85.57915360057805,8.341031025513281,1.6875214273271135,0.0,2.2500285697694853
7.31975114998699,0.22263329236060675,49.47406496902372,0.5867344502067092,0.5316813211562212,1.395846332815981,0.206075487764699,1.402859760078494,1.1131664618030337,1.0561220103720765,0.0,0.16482120955842858,1.954184865942373,0.1030377438823495,85.56041676718735,8.357431205753048,1.6908197361721315,0.0,2.254426314896176
7.333333333333333,0.22259977186957564,49.46661597101681,0.5866461093001082,0.5316012692521679,1.3956361690337038,0.2060444602779014,1.4026485403305613,1.1129988593478781,1.0559629967401947,0.0,0.16479639346817204,1.953890636647185,0.1030222301389507,85.54753447476094,8.368706959413599,1.6930874501538753,0.0,2.257449933538501
7.366666666666666,0.2225175274214084,49.44833942697965,0.586429359816724,0.5314048573121561,1.3951205201347654,0.205968332558671,1.4021303005590484,1.112587637107042,1.0555728476701032,0.0,0.1647355057667684,1.9531687281886714,0.1029841662793355,85.51592703109637,8.396372668031237,1.6986514165312692,0.0,2.2648685553750263
7.3999999999999995,0.22243531335977051,49.43006963550456,0.5862126904149189,0.5312085179396847,1.3946050617508254,0.20589223296604647,1.4016122522594319,1.1121765667988526,1.055182842746854,0.0,0.16467464056130227,1.9524470864511554,0.10294611648302324,85.48433126530276,8.424028155113843,1.7042133272129996,0.0,2.272284436284
7.433333333333334,0.22235312967352058,49.41180659411569,0.5859961010653301,0.5310122511081462,1.3940897938120216,0.20581616148971504,1.4010943953615107,1.1117656483676028,1.054792981917594,0.0,0.16461379784352534,1.95172571133683,0.10290808074485752,85.45274717309854,8.451673424409062,1.709773182952771,0.0,2.279697577270362
7.466666666666667,0.22227097635151713,49.39355030033714,0.5857795917385948,0.5308160567909334,1.3935747162484922,0.20574011811936385,1.4005767297950837,1.1113548817575856,1.0544032651294708,0.0,0.16455297760518933,1.951004602747889,0.10287005905968193,85.42117475020216,8.479308479664537,1.715330984504288,0.0,2.2871079793390514
7.5,0.22218885338261876,49.37530075169306,0.5855631624053504,0.5306199349614383,1.3930598289903748,0.20566410284468015,1.400059255489949,1.1109442669130938,1.0540136923296308,0.0,0.1644921798380459,1.9502837605865246,0.10283205142234007,85.38961399233199,8.506933324627912,1.7208867326212551,0.0,2.2945156434950076
7.533333333333333,0.2221067607556841,49.35705794570758,0.585346813036234,0.530423885593054,1.3925451319678075,0.20558811565535107,1.3995419723759055,1.1105338037784205,1.0536242634652213,0.0,0.16443140453384675,1.9495631847549304,0.10279405782767553,85.35806489520648,8.534547963046835,1.7264404280573769,0.0,2.30192057074317
7.548933116999904,0.2220683523585496,49.34852274634436,0.5852455903954331,0.530332160644298,1.392304322428888,0.20555256378846776,1.3992999528910972,1.110341761792748,1.0534420627117795,0.0,0.16440296979973237,1.9492260514004431,0.10277628189423388,85.34330412682802,8.547467929660478,1.729038816583365,0.0,2.3053850887778204
7.566666666666666,0.22202469845957165,49.33882187990481,0.5851305436018829,0.5302279086591729,1.3920306251109282,0.20551215654106386,1.3990248803827523,1.1101234922978582,1.0532349784833892,0.0,0.16437065168434362,1.9488428751552993,0.10275607827053193,85.32652745454406,8.56215239866895,1.731992071566358,0.0,2.309322762088478
7.6,0.22194266648314,49.3205925518089,0.5849143540729344,0.5300320041331877,1.3915163083498747,0.20543622549150567,1.3985079794402877,1.1097133324157,1.052845837331282,0.0,0.16430992128128818,1.9481228316898245,0.10271811274575283,85.29500166606314,8.589746635241902,1.7375416639019026,0.0,2.3167222185358707
7.633333333333333,0.2218606648152478,49.30236995894396,0.5846982444200256,0.5298361719884908,1.391002181614785,0.2053603224963637,1.3979912694783103,1.1093033240762389,1.052456839956046,0.0,0.16424921331643214,1.9474030542606988,0.10268016124818186,85.26348752548215,8.617330676513333,1.7430892058177156,0.0,2.3241189410902883
7.666666666666667,0.22177869344475354,49.28415409883412,0.5844822146137939,0.5296404121984748,1.390488244835797,0.20528444754532515,1.3974747504266192,1.1088934672237676,1.052067986304829,0.0,0.16418852778152718,1.9466835427701155,0.10264222377266258,85.2319850285195,8.644904526230894,1.7486346980675016,0.0,2.3315129307566695
7.7,0.22169675236051578,49.26594496900351,0.5842662646248765,0.5294447247365324,1.3899744979430484,0.20520860062807722,1.3969584222150127,1.108483761802579,1.0516792763247778,0.0,0.16412786466832502,1.9459642971202677,0.10260430031403861,85.20049417089362,8.672468188142226,1.7541781414049649,0.0,2.3389041885399537
7.733333333333333,0.22161484155139322,49.24774256697627,0.5840503944239107,0.529249109576056,1.3894609408666776,0.20513278173430707,1.3964422847732894,1.108074207756966,1.0512907099630393,0.0,0.16406722396857734,1.9452453172133484,0.10256639086715354,85.16901494832292,8.700021665994974,1.75971953658381,0.0,2.3462927154450806
7.766666666666667,0.22153296100624434,49.229546890276524,0.5838346039815336,0.5290535666904382,1.3889475735368217,0.2050569908537019,1.3959263380312485,1.1076648050312217,1.0509022871667606,0.0,0.16400660567403585,1.9445266029515504,0.10252849542685095,85.13754735652586,8.727564963536782,1.7652588843577417,0.0,2.3536785124769897
7.785290788886883,0.22148722558208092,49.219383462684654,0.583714071474155,0.5289443437144606,1.3886608256587443,0.20501465688943862,1.3956381493894656,1.1074361279104046,1.050685328653479,0.0,0.1639727465514828,1.9441251559222419,0.10250732844471931,85.1199707312635,8.74294962412661,1.7683529577983523,0.0,2.3578039437311373
7.8,0.2214511107139277,49.211357936428385,0.5836188932683827,0.5288580960530718,1.3884343958836196,0.20498122797594895,1.3954105819186886,1.1072555535696385,1.0505140078830888,0.0,0.16394600977645224,1.9438081542370673,0.10249061398797447,85.10609139122082,8.7550980845153,1.7707961854804641,0.0,2.3610615806406194
7.833333333333333,0.221369290663302,49.193175702956005,0.583403262255095,0.5286626976373491,1.3879214078372086,0.20490549309073533,1.3948950163654077,1.1068464533165099,1.050125872059171,0.0,0.1638854362675782,1.943089970972092,0.10245274654536767,85.07464704812622,8.782621032678167,1.7763314407056823,0.0,2.3684419209409104
7.866666666666666,0.22128750084322563,49.175000187383475,0.5831877109123078,0.5284673714166628,1.3874086093277267,0.20482978618774828,1.3943796413012055,1.106437504216128,1.0497378796421541,0.0,0.16382488513916546,1.942372053058817,0.10241489309387414,85.04321432296052,8.810133811773031,1.7818646507871003,0.0,2.375819534382801
7.8999999999999995,0.22120574124255735,49.156831387234966,0.5829722392106585,0.5282721173644055,1.3868960002853117,0.20475410725667498,1.39386445665588,1.1060287062127867,1.0493500305791854,0.0,0.16376435638296571,1.9416544003994363,0.10237705362833749,85.01179321144213,8.837636425547538,1.787395816478423,0.0,2.3831944219712313
7.933333333333334,0.22112401185015562,49.138669300034586,0.5827568471207843,0.5280769354539697,1.3863835806401015,0.20467845628720263,1.39334946235923,1.105620059250778,1.0489623248174118,0.0,0.16370384999073062,1.940937012896142,0.10233922814360132,84.98038370928944,8.865128877749331,1.792924938533355,0.0,2.3905665847111406
7.966666666666667,0.22104231265487906,49.12051392330647,0.5825415346133224,0.5278818256587481,1.3858713503222344,0.2046028332690184,1.3928346583410545,1.1052115632743953,1.0485747623039803,0.0,0.16364336595421192,1.940219890451128,0.1023014166345092,84.94898581222091,8.892611172126056,1.7984520177056005,0.0,2.397936023607468
8.0,0.2209606436455862,49.102365254574714,0.58232630165891,0.5276867879521332,1.385359309261848,0.2045272381918095,1.3923200445311517,1.104803218227931,1.048187342986038,0.0,0.16358290426516128,1.939503032966587,0.10226361909590476,84.91759951595495,8.920083312425358,1.8039770547488643,0.0,2.405302739665153
8.029048837515067,0.22088949655887205,49.086554790860454,0.5821387984945677,0.5275168781571548,1.3849132376119755,0.20446138249501686,1.391871731594866,1.1044474827943602,1.0478498372902219,0.0,0.163530232228718,1.9388785326567657,0.10223069124750843,84.89025690997089,8.94401604731617,1.8087902671661624,0.0,2.411720356221551
8.033333333333333,0.22087900481113573,49.0842232913635,0.5821111482281845,0.5274918223075176,1.38484745738908,0.20445167104526313,1.3918056208593208,1.1043950240556786,1.0478000668107321,0.0,0.16352246491533043,1.9387864403447121,0.10222583552263156,84.88622481620997,8.94754530239488,1.8095000504168506,0.0,2.412666733889135
8.066666666666666,0.22079739614038615,49.06608803119693,0.581896074291783,0.5272969286982937,1.384335794634069,0.20437613181906647,1.39129138725536,1.1039869807019307,1.0474129337252094,0.0,0.16346204789647104,1.9380701124876965,0.10218806590953323,84.85486170870442,8.97499714578227,1.8150210054632643,0.0,2.4200280072843534
8.1,0.220715817622196,49.047959471599114,0.5816810798203429,0.5271021070978542,1.3838243209269523,0.2043006205029067,1.3907773436490685,1.10357908811098,1.0470259436766172,0.0,0.1634016532003348,1.937354049297733,0.10215031025145335,84.82351018915669,9.002438846335172,1.82053992064181,0.0,2.4273865608557474
8.133333333333333,0.22063426924542393,49.029837610094205,0.5814661647845012,0.5269073574795918,1.383313036197868,0.204225137086471,1.3902634899702448,1.1031713462271195,1.0466390966121022,0.0,0.16334128081867347,1.936638250677015,0.1021125685432355,84.79217025328524,9.02987040780123,1.8260567967061918,0.0,2.4347423956082563
8.166666666666666,0.22055275099892846,49.01172244420633,0.5812513291548954,0.526712679816899,1.3828019403769538,0.2041496815594466,1.3897498261486874,1.1027637549946423,1.0462523924788119,0.0,0.16328093074323868,1.9359227165277353,0.1020748407797233,84.76084189680844,9.057291833928089,1.8315716344101147,0.0,2.4420955125468202
8.2,0.2204712628715682,48.9936139714596,0.5810365729021627,0.5265180740831683,1.382291033394348,0.20407425391152068,1.389236352114195,1.102356314357841,1.0458658312238929,0.0,0.16322060296578217,1.935207446752087,0.10203712695576034,84.72952511544476,9.084703128463396,1.837084434507283,0.0,2.449445912676378
8.233333333333333,0.22038980485220172,48.975512189378165,0.5808218959969403,0.5263235402517924,1.381780315180188,0.2039988541323804,1.3887230677965665,1.1019490242610086,1.0454794127944926,0.0,0.16316029747805563,1.934492441252263,0.1019994270661902,84.69821990491259,9.112104295154793,1.8425951977514012,0.0,2.456793597001869
8.266666666666666,0.22030837692968763,48.957417095486136,0.5806072984098656,0.5261290782961637,1.3812697856646123,0.20392348221171297,1.3882099731256006,1.1015418846484382,1.045093137137758,0.0,0.16310001427181076,1.933777699930457,0.10196174110585648,84.66692626093038,9.139495337749928,1.848103924896174,0.0,2.4641385665282325
8.28043896924485,0.22027474221389737,48.949942714199416,0.5805186564719692,0.5260487536064549,1.3810589057277518,0.2038923489953427,1.3879980336225557,1.1013737110694868,1.0449335816495446,0.0,0.163075113618001,1.9334824680188525,0.10194617449767135,84.65400007063967,9.150809514809218,1.850379366368356,0.0,2.467172488491142
8.3,0.22022697909288447,48.93932868730766,0.5803927801115755,0.5259346881896749,1.3807594447777582,0.2038481381392056,1.3876970680310956,1.1011348954644222,1.044707004200836,0.0,0.16303975333879922,1.9330632226888615,0.1019240690696028,84.63564417921653,9.166876259996446,1.8536106166953061,0.0,2.4714808222604088
8.333333333333334,0.2201456113306508,48.92124696236685,0.5801783410727076,0.5257403699057186,1.3802492924497642,0.20377282190454546,1.3871843524428507,1.100728056653254,1.0443210139308736,0.0,0.16297951467077276,1.9323490094296698,0.10188641095227273,84.60437365548947,9.194247065641989,1.8591152739025014,0.0,2.478820365203336
8.366666666666667,0.22006427363184522,48.90317191818783,0.579963981263899,0.5255461234176872,1.379739328610768,0.20369753349741973,1.3866718262906643,1.100321368159226,1.0439351662750183,0.0,0.16291929825948304,1.931635060055075,0.10184876674870987,84.57311468546762,9.221607758434203,1.8646178972714649,0.0,2.4861571963619538
8.4,0.2199829659853263,48.88510355229473,0.579749700655787,0.5253519486989736,1.3792295531909071,0.20362227290751564,1.3861594895043352,1.0999148299266315,1.0435494611804166,0.0,0.1628591040966818,1.9309213744672697,0.10181113645375782,84.54186726486941,9.248958342120735,1.8701184875559012,0.0,2.4934913167412023
8.433333333333334,0.21990168837995264,48.8670418622117,0.5795354992190087,0.52515784572297,1.3787199661203198,0.20354704012452032,1.385647342013662,1.0995084418997632,1.0431638985942158,0.0,0.1627989321741207,1.9302079525684477,0.10177352006226016,84.51063138941325,9.276298820449227,1.8756170455095145,0.0,2.50082272734602
8.466666666666667,0.2198204408045828,48.84898684546285,0.5793213769242016,0.5249638144630693,1.378210567329144,0.20347183513812103,1.3851353837484435,1.099102204022914,1.042778478463563,0.0,0.16273878248355148,1.9294947942608016,0.10173591756906052,84.47940705481757,9.303629197167327,1.8811135718860097,0.0,2.5081514291813467
8.5,0.21973922324807532,48.830938499572305,0.5791073337420028,0.5247698548926638,1.3777013567475178,0.20339665793800493,1.3846236146384783,1.0986961162403766,1.0423932007356052,0.0,0.16267865501672577,1.9287818994465247,0.10169832896900247,84.44819425680079,9.33094947602268,1.886608067439091,0.0,2.515477423252122
8.533333333333333,0.21965803569928888,48.8128968220642,0.5788933696430497,0.5245759669851462,1.3771923343055785,0.20332150851385922,1.3841120346135651,1.0982901784964443,1.0420080653574895,0.0,0.16261854976539533,1.9280692680278098,0.10166075425692961,84.41699299108134,9.358259660762927,1.8921005329224632,0.0,2.5228007105632853
8.539700145180513,0.2196425319361231,48.80945154136069,0.5788525105610137,0.524538941699326,1.3770951301960288,0.20330715780502007,1.384014342102029,1.0982126596806154,1.0419345190098248,0.0,0.16260707192679108,1.92793318227444,0.10165357890251003,84.41103472480275,9.363474877166755,1.8931493869071134,0.0,2.5241991825428185
8.566666666666666,0.21957687814708193,48.79486181046265,0.5786794845979794,0.5243821507139093,1.3766834999334645,0.20324638685537105,1.3836006436035027,1.0978843907354097,1.0416230722763629,0.0,0.16255846672131186,1.9273568999068502,0.10162319342768553,84.38580325337763,9.385559755135716,1.897590969089831,0.0,2.5301212921197753
8.6,0.21949575058031315,48.77683346229181,0.578465678577429,0.5241884060523452,1.3761748535613136,0.20317129295222766,1.3830894415380897,1.0974787529015657,1.0412382214393723,0.0,0.162498405876227,1.926644794985839,0.10158564647611383,84.35462503940809,9.412849762888692,1.9030793766948984,0.0,2.537439168926532
8.633333333333333,0.21941465298784105,48.758811775075785,0.578251951552036,0.5239947329738468,1.3756663951192636,0.2030962267941162,1.3825784283471247,1.0970732649392052,1.040853512793665,0.0,0.1624383672218925,1.9259329531669689,0.1015481133970581,84.32345834489114,9.4401296877695,1.9085657564913703,0.0,2.5447543419884946
8.666666666666666,0.21933358535852424,48.740796746338724,0.5780383034924377,0.5238011314518066,1.3751581245374525,0.20302118837072392,1.3820676039604065,1.0966679267926212,1.0404689462863879,0.0,0.16237835075006005,1.9252213743524333,0.10151059418536196,84.29230316554519,9.467399533525786,1.9140501092329512,0.0,2.5520668123106023
8.7,0.21925254768122127,48.72278837360472,0.5778247343692712,0.5236076014596172,1.3746500417460183,0.20294617767173795,1.3815569683077338,1.0962627384061063,1.0400845218646881,0.0,0.16231835645248133,1.9245100584444255,0.10147308883586897,84.26115949708868,9.494659303905191,1.9195324356733456,0.0,2.5593765808977946
8.733333333333333,0.21917153994479077,48.70478665439795,0.5776112441531737,0.5234141429706711,1.3741421466750987,0.20287119468684553,1.3810465213189054,1.0958576997239537,1.0397002394757127,0.0,0.16225838432090806,1.923799005345138,0.10143559734342276,84.23002733524004,9.521909002655365,1.925012736566258,0.0,2.5666836487550113
8.766666666666666,0.21909056213809125,48.68679158624251,0.5773978328147825,0.5232207559583612,1.3736344392548316,0.2027962394057338,1.3805362629237197,1.0954528106904562,1.0393160990666086,0.0,0.16219843434709194,1.9230882149567643,0.1013981197028669,84.19890667571767,9.549148633523949,1.9304910126653931,0.0,2.5739880168871916
8.8,0.21900961424998133,48.66880316666252,0.577184500324735,0.5230274403960795,1.3731269194153553,0.20272131181808997,1.3800261930519755,1.0950480712499067,1.0389321005845231,0.0,0.16213850652278464,1.9223776871814973,0.10136065590904499,84.16779751424,9.576378200258592,1.9359672647244555,0.0,2.5812896862992747
8.807078808316678,0.21899242766287885,48.664983925084194,0.5771392062780631,0.5229863962771159,1.373019164486446,0.20270540344121332,1.3799178967086942,1.0949621383143942,1.0388505713005136,0.0,0.16212578284590592,1.9222268302810244,0.10135270172060666,84.16119252026327,9.582159491548017,1.9371299643970683,0.0,2.582839952529425
8.833333333333334,0.2189286962693196,48.65082139318213,0.5769712466536683,0.5228341962572189,1.3726195870868072,0.20264641191360128,1.3795163116334717,1.094643481346598,1.038548243976603,0.0,0.16207860083973788,1.92166742192153,0.10132320595680064,84.13669984652545,9.603597706606934,1.9414414934971493,0.0,2.5885886579962
8.866666666666667,0.2188478081903673,48.63284626452607,0.5767580717864608,0.5226410235280752,1.3721124422332707,0.2025715396869558,1.379006618632024,1.0942390409518366,1.0381645292156294,0.0,0.1620187172937033,1.9209574191265788,0.1012857698434779,84.10561367036715,9.630807154500484,1.9469136993719285,0.0,2.5958849324959052
8.9,0.21876695000314303,48.614877778476234,0.5765449756968113,0.5224479221848113,1.3716054847922905,0.20249669512891438,1.3784971139846907,1.093834750015715,1.0377809562542604,0.0,0.1619588558772915,1.9202476787092064,0.10124834756445719,84.07453898192628,9.658006547299074,1.9523838830245026,0.0,2.6031785106993373
8.933333333333334,0.21868612168894247,48.59691593087611,0.5763319583354244,0.5222548921827588,1.3710987146465399,0.2024218782221639,1.3779877975736328,1.0934306084447123,1.037397525003764,0.0,0.16189901657665523,1.9195382005051558,0.10121093911108195,84.04347577401586,9.685195891293509,1.957852045720042,0.0,2.6104693942933896
8.966666666666667,0.21860532323686074,48.57896071930239,0.5761190196735608,0.522061933495875,1.3705921317276484,0.20234708895661052,1.3774786693301369,1.0930266161843036,1.0370142354124094,0.0,0.16183919938372127,1.9188289844187076,0.10117354447830526,84.01242404244505,9.712375190152013,1.9633181881962785,0.0,2.6177575842617054
9.0,0.218524554635993,48.56101214133178,0.5759061596824815,0.5218690460981176,1.3700857359672454,0.20227232732216033,1.3769697291854888,1.092622773179965,1.0366310874284668,0.0,0.16177940429041646,1.9181200303541432,0.10113616366108016,83.98138378302296,9.73954444754281,1.9687823111909444,0.0,2.6250430815879264
9.033333333333333,0.21844381587543427,48.543070194540945,0.5756933783334474,0.521676229963444,1.3695795272969595,0.20219759330871945,1.3764609770709746,1.0922190793771713,1.0362480810002053,0.0,0.16171963128866762,1.9174113382157432,0.10109879665435972,83.95035499155874,9.766703667134125,1.9742444154417713,0.0,2.632325887255696
9.066666666666666,0.2183631069442798,48.52513487650663,0.5754806755977193,0.5214834850658115,1.36907350564842,0.20212288690619407,1.3759524129178804,1.091815534721399,1.0358652160758948,0.0,0.16165988037040158,1.916702907907788,0.10106144345309703,83.91933766386153,9.793852852594183,1.9797045016864914,0.0,2.6396060022486556
9.082829117796988,0.21832398405458697,48.51644090101933,0.5753775699618473,0.521390053802864,1.3688282164486447,0.20208667368538272,1.3757058912631053,1.0916199202729349,1.0356796259313252,0.0,0.16163091667888782,1.9163595030281024,0.10104333684269136,83.90430230813679,9.807013163018512,1.9823512267615342,0.0,2.6431349690153794
9.1,0.21828242783162458,48.50720618480546,0.5752680514465582,0.521290811379178,1.3685676709532564,0.20204820810449028,1.3754440366574925,1.0914121391581229,1.0354824926038049,0.0,0.16160015152754517,1.9159947393345589,0.10102410405224514,83.88833179574047,9.820992007591208,1.9851625706628362,0.0,2.646883427550449
9.133333333333333,0.21820177852656372,48.48928411701416,0.5750555058512251,0.5210982088775007,1.3680620231430975,0.20197355689351423,1.3749358482210965,1.0910088926328185,1.0350999105322052,0.0,0.1615404447520252,1.9152868324003365,0.10098677844675712,83.85733738300468,9.848121135793422,1.990618623108538,0.0,2.654158164144718
9.166666666666666,0.2181211590181924,48.471368670709424,0.5748430387829808,0.5209056775347372,1.3675565621495727,0.20189893326317204,1.374427847539979,1.090605795090962,1.0347174698093655,0.0,0.1614807600357685,1.9145791870094016,0.10094946663158602,83.82635442146332,9.875240240869052,1.9960726597613285,0.0,2.6614302130151053
9.2,0.2180405692956057,48.45345984346793,0.5746306502130862,0.5207132173248449,1.3670512879043109,0.20182433720336987,1.3739200345454257,1.0902028464780285,1.0343351703835553,0.0,0.1614210973707019,1.913871803066035,0.10091216860168493,83.79538290692551,9.90234932648632,2.00152468135894,0.0,2.668699575145254
9.233333333333333,0.21796000934789872,48.435557632866384,0.5744183401128022,0.5205208282217815,1.3665462003389415,0.20174976870401382,1.3734124091687228,1.0898000467394935,1.033953012203044,0.0,0.16136145674875224,1.913164680474518,0.10087488435200691,83.7644228352004,9.929448396313452,2.0069746886391036,0.0,2.675966251518805
9.266666666666666,0.2178794791641665,48.417662036481445,0.5742061084533899,0.5203285101995042,1.3660412993850934,0.20167522775501004,1.3729049713411565,1.0893973958208325,1.0335709952161019,0.0,0.16130183816184632,1.9124578191391306,0.10083761387750502,83.73347420209714,9.95653745401867,2.012422682339552,0.0,2.683230243119403
9.3,0.2177989787335043,48.399773051889845,0.57399395520611,0.5201362632319709,1.365536584974396,0.20160071434626467,1.372397720994013,1.0889948936675213,1.0331891193709979,0.0,0.16124224160191097,1.9117512189641541,0.10080035717313234,83.70253700342485,9.983616503270202,2.0178686631980165,0.0,2.6904915509306893
9.333333333333334,0.2177185080450071,48.38189067666825,0.5737818803422234,0.5199440872931387,1.3650320570384782,0.2015262284676838,1.371890658058578,1.0885925402250354,1.0328073846160022,0.0,0.161182667060873,1.9110448798538693,0.1007631142338419,83.67161123499267,10.010685547736268,2.0233126319522294,0.0,2.6977501759363065
9.366666666666667,0.21763806708777006,48.36401490839335,0.573569883832991,0.5197519823569654,1.3645277155089695,0.20145177010917364,1.3713837824661375,1.0881903354388502,1.032425790899384,0.0,0.16112311453065928,1.910338801712557,0.10072588505458682,83.64069689260972,10.037744591085094,2.028754589339923,0.0,2.7050061191198975
9.367213190507265,0.21763674844841108,48.36372187742469,0.5735664086513095,0.5197488332506072,1.3645194480216842,0.20145054954037997,1.3713754734388799,1.0881837422420553,1.032419535572357,0.0,0.16112213830768823,1.9103272272303577,0.10072527477018998,83.6401901250373,10.03818816014247,2.028843797368367,0.0,2.7051250631578236
9.4,0.21755765585088827,48.346145744641845,0.573357965649674,0.5195599483974084,1.3640235603174986,0.20137733926064028,1.370877094147978,1.0877882792544413,1.0320443381694133,0.0,0.1610635840031966,1.909632984444498,0.10068866963032014,83.60979397208519,10.064793636984902,2.034194536098828,0.0,2.7122593814651044
9.433333333333334,0.21747727432345687,48.32828318299042,0.5731461257635331,0.5193679853884251,1.363519591395695,0.20130293591198983,1.3703705930353853,1.0873863716172842,1.0316630263743596,0.0,0.1610040754704118,1.908927427953973,0.10065146795599492,83.57890246922815,10.09183268910392,2.039632472966677,0.0,2.71950996395557
9.466666666666667,0.217396922494571,48.31042722101577,0.572934364145829,0.5191760933039731,1.3630158086751878,0.20122856005312845,1.369864279059646,1.0869846124728548,1.0312818554624923,0.0,0.16094458892423166,1.9082221321452628,0.10061428002656422,83.54802237984781,10.118861751110371,2.045068400681202,0.0,2.726757867574937
9.5,0.21731660035332562,48.292577856294585,0.5727226807678231,0.51898427211801,1.362512212087606,0.20115421167396227,1.3693581521520455,1.086583001766628,1.0309008253820815,0.0,0.1608851243565831,1.9075170969226485,0.10057710583698114,83.51715369975325,10.145880826672476,2.050502319980135,0.0,2.734003093306847
9.533333333333333,0.21723630788881598,48.27473508640356,0.5725110756007759,0.518792521804493,1.3620088015645793,0.20107989076439742,1.36885221224387,1.08618153944408,1.0305199360813966,0.0,0.16082568175939282,1.9068123221904107,0.10053994538219871,83.48629642475363,10.172889919458465,2.0559342316012077,0.0,2.741245642134944
9.566666666666666,0.21715604509013714,48.25689890891937,0.5722995486159485,0.5186008423373798,1.361505577037736,0.20100559731434003,1.3683464592664056,1.0857802254506856,1.0301391875087071,0.0,0.16076626112458775,1.9061078078528302,0.10050279865717002,83.45545055065809,10.199889033136557,2.061364136282152,0.0,2.74848551504287
9.6,0.21707581194638423,48.23906932141872,0.5720880997846015,0.518409233690628,1.3610025384387057,0.20093133131369625,1.367840893150939,1.085379059731921,1.0297585796122828,0.0,0.16070686244409468,1.9054035538141878,0.10046566565684813,83.42461607327577,10.226878171374977,2.0667920347607,0.0,2.755722713014267
9.633333333333333,0.21699560844665233,48.2212463214783,0.5718767290779962,0.5182176958381949,1.3604996856991176,0.20085709275237218,1.3673355138287555,1.0849780422332616,1.0293781123403933,0.0,0.16064748570984042,1.9046995599787646,0.10042854637618609,83.3937929884158,10.253857337841954,2.072217927774583,0.0,2.7629572370327784
9.660501350232964,0.2169302612646674,48.20672472548165,0.5717045111563723,0.5180616370758994,1.360089977773716,0.2007966056066322,1.3669237473266869,1.084651306323337,1.0290681200814702,0.0,0.1605991074935288,1.9041259688832024,0.1003983028033161,83.36867934945464,10.275839078125333,2.0766387675059588,0.0,2.7688516900079456
9.666666666666666,0.21691543458003656,48.20342990667479,0.5716654364673935,0.5180262287540381,1.3599970187506008,0.200782881620274,1.3668303212311415,1.0845771729001827,1.0289977856413084,0.0,0.16058813091375182,1.903995826250841,0.100391440810137,83.36298129188732,10.280826536205705,2.0776418160615338,0.0,2.770189088082046
9.7,0.216835290335632,48.18562007458489,0.5714542219240542,0.5178348324121151,1.3594945375247844,0.2007086979073078,1.366325315289383,1.08417645167816,1.0286175994632976,0.0,0.1605287980477557,1.903292352534698,0.1003543489536539,83.33218097949947,10.307785770134458,2.083063700359284,0.0,2.7774182671457126
9.733333333333333,0.2167551757025338,48.16781682278529,0.5712430854192391,0.5176435067863834,1.3589922419532976,0.20063454160337973,1.3658204959347662,1.083775878512669,1.0282375537546304,0.0,0.16046948710377884,1.9025891387346165,0.10031727080168987,83.3013920470614,10.334735043296439,2.088483581405565,0.0,2.7846447752074206
9.766666666666666,0.21667509066983712,48.15002014885269,0.5710320269242092,0.5174522518508003,1.3584901319677696,0.20056041269839592,1.365315863098577,1.0833754533491855,1.0278576484635766,0.0,0.16041019807374812,1.9018861847548771,0.10028020634919796,83.27061449038221,10.361674359359867,2.093901459938109,0.0,2.791868613250813
9.8,0.21659503522663692,48.132230050363766,0.5708210464102254,0.5172610675793238,1.3579882074998293,0.2004863111822625,1.3648114167121017,1.0829751761331845,1.0274778835384057,0.0,0.16035093094959035,1.9011834904997609,0.10024315559113126,83.23984830527108,10.388603721992972,2.0993173366946487,0.0,2.799089782259532
9.833333333333334,0.21651500936202842,48.11444652489521,0.5706101438485487,0.5170699539459108,1.357486468481106,0.20041223704488562,1.364307156706626,1.082575046810142,1.0270982589273876,0.0,0.16029168572323235,1.9004810558735485,0.10020611852244281,83.20909348753713,10.415523134863975,2.104731212412915,0.0,2.8063082832172204
9.866666666666667,0.2164350130651067,48.096669570023714,0.5703993192104398,0.5168789109245192,1.3569849148432294,0.20033819027617142,1.3638030830134367,1.0821750653255335,1.0267187745787918,0.0,0.16023246238660094,1.899778880780521,0.10016909513808571,83.1783500329895,10.4424326016411,2.1101430878306395,0.0,2.8135241171075203
9.9,0.21635504632496688,48.07889918332598,0.5701885724671599,0.5166879384891063,1.3564835465178278,0.200264170866026,1.3632991955638192,1.0817752316248344,1.026339430440888,0.0,0.16017326093162296,1.8990769651249586,0.100132085433013,83.14761793743733,10.46933212599257,2.1155529636855555,0.0,2.8207372849140744
9.933333333333334,0.21627510913070408,48.06113536237869,0.5699779035899698,0.5164970366136298,1.3559823634365307,0.20019017880435547,1.3627954942890599,1.0813755456535203,1.0259602264619456,0.0,0.16011408135022523,1.8983753088111428,0.10009508940217773,83.11689719668976,10.496221711586614,2.1209608407153935,0.0,2.8279477876205257
9.962972384617977,0.21620405605942034,48.0453457909823,0.5697906481967039,0.5163273513414417,1.3555368812360384,0.20012441013082635,1.3623477737640735,1.0810202802971016,1.025623166754067,0.0,0.16006147891584693,1.8977516337304536,0.10006220506541318,83.08959072187085,10.520122821196814,2.1257676928402285,0.0,2.834356923786972
9.966666666666667,0.21619520147141336,48.04337810475853,0.5697673125501302,0.516306205272047,1.3554813655309672,0.20011621408106603,1.3622919791204444,1.0809760073570667,1.0255811625902345,0.0,0.16005492363433457,1.897673911743354,0.10005810704053301,83.08618780655591,10.52310136209145,2.1263667196578866,0.0,2.8351556262105158
10.0,0.21611532333618985,48.02562740804219,0.5695567993189022,0.5161154444383155,1.3549805527327667,0.20004227668606378,1.3617886499892595,1.0805766166809492,1.025202238774024,0.0,0.15999578777587778,1.8969727738258733,0.10002113834303189,83.05548976284494,10.549971081175308,2.1317706012507656,0.0,2.842360801667688
10.033333333333333,0.21603547471412865,48.00788326980638,0.5693463638675468,0.5159247540863927,1.354479924973558,0.19996836660925488,1.361285506826791,1.0801773735706433,1.0248234549615842,0.0,0.15993667376678175,1.896271894962981,0.09998418330462744,83.02480306136599,10.576830872506408,2.1371724862317634,0.0,2.849563314975685
10.066666666666666,0.21595565559432492,47.99014568762776,0.5691360061673247,0.5157341341902363,1.3539794821849707,0.1998944838405454,1.3607825495643249,1.0797782779716245,1.0244448111011846,0.0,0.15987758159897325,1.8955712750589588,0.0999472419202727,82.99412769792818,10.603680739752974,2.1425723753386112,0.0,2.8567631671181486
10.1,0.2158758659658737,47.972414659083036,0.5689257261894969,0.5155435847238036,1.3534792242986333,0.19982062836984155,1.3602797781331473,1.0793793298293684,1.0240663071410945,0.0,0.1598185112643791,1.8948709140180866,0.09991031418492077,82.96346366834065,10.630520686583235,2.1479702693090412,0.0,2.863960359078722
10.133333333333333,0.21579610581787012,47.954690181748916,0.5687155239053244,0.5153531056610522,1.3529791512461757,0.19974680018704938,1.359777192464544,1.0789805290893506,1.023687943029584,0.0,0.15975946275492617,1.8941708117446459,0.09987340009352469,82.93281096841255,10.65735071666541,2.153366168880785,0.0,2.8711548918410474
10.166666666666666,0.21571637513940933,47.93697225320208,0.568505399286068,0.5151626969759395,1.3524792629592264,0.1996729992820751,1.3592747924898017,1.0785818756970467,1.0233097187149225,0.0,0.15970043606254125,1.893470968142917,0.09983649964103755,82.902169593953,10.684170833667727,2.158760074791575,0.0,2.8783467663887676
10.2,0.2156366739195864,47.9192608710192,0.5682953523029887,0.5149723586424231,1.351979559369415,0.1995992256448248,1.358772578140206,1.078183369597932,1.0229316341453796,0.0,0.15964143117915117,1.8927713831171809,0.0997996128224124,82.87153954077117,10.710981041258407,2.1641519877791433,0.0,2.885535983705525
10.233333333333333,0.21555700214749646,47.90155603277699,0.5680853829273472,0.5147820906344606,1.3514800404083704,0.1995254792652046,1.3582705493470433,1.0777850107374822,1.022553689269225,0.0,0.1595824480966828,1.8920720565717186,0.0997627396326023,82.84092080467617,10.737781343105675,2.169541908581221,0.0,2.892722544774962
10.266666666666666,0.21547735981223456,47.88385773605213,0.5678754911304046,0.5145918929260093,1.3509807060077221,0.19945176013312071,1.3577687060415993,1.0773867990611727,1.0221758840347284,0.0,0.15952348680706288,1.8913729884108108,0.09972588006656036,82.81031338147714,10.764571742877758,2.17492983793554,0.0,2.8999064505807213
10.27491381016851,0.21545765970045894,47.87947993343533,0.5678235728654899,0.514544846137343,1.3508571920063577,0.19943352516879828,1.3576445714443577,1.0772882985022947,1.0220824311578818,0.0,0.1595089023025763,1.8912000688089006,0.09971676258439914,82.80274241239138,10.771198543414037,2.176262581509298,0.0,2.901683442012398
10.3,0.21539774690289587,47.86616597842131,0.567665676883422,0.5144017654910268,1.3504815560990986,0.19937806823847917,1.3572670481551603,1.0769887345144793,1.0217982183901595,0.0,0.1594645473022183,1.890674178538738,0.09968903411923959,82.77971726698323,10.791352244242876,2.1803157765798336,0.0,2.9070877021064456
10.333333333333334,0.21531816340857546,47.84848075746121,0.5674559401576598,0.5142117083034704,1.3499825906141298,0.19930440357118617,1.3567655756190125,1.0765908170428773,1.0214206922837876,0.0,0.15940562957407584,1.8899756268597816,0.09965220178559309,82.74913245700357,10.818122850869257,2.1856997252518324,0.0,2.914266300335777
10.366666666666667,0.21523860931836852,47.83080207074857,0.5672462809243792,0.514021721337298,1.3494838094844444,0.19923076612114782,1.3562642883644418,1.0761930465918426,1.0210433056638826,0.0,0.15934673361456236,1.889277333278222,0.09961538306057391,82.7185589473473,10.844883566425121,2.1910816846892684,0.0,2.9214422462523584
10.4,0.21515908462137007,47.813129915860024,0.5670366991548412,0.5138318045664667,1.3489852126416715,0.19915715587827026,1.355763186322734,1.0757954231068503,1.0206660584787142,0.0,0.1592878594156047,1.88857929769834,0.09957857793913513,82.68799673382355,10.871634394578695,2.1964616556298737,0.0,2.928615540839832
10.433333333333334,0.21507958930667523,47.79546429037227,0.5668271948203066,0.5136419579649344,1.3484868000174406,0.19908357283245962,1.355262269425176,1.075397946533376,1.020288950676552,0.0,0.15922900696912964,1.8878815200244168,0.09954178641622981,82.65744581224148,10.898375338998203,2.2018396388113803,0.0,2.9357861850818407
10.466666666666667,0.21500012336337912,47.77780519186203,0.5666177678920363,0.5134521815066582,1.3479885715433806,0.19901001697362203,1.354761537603053,1.0750006168168955,1.0199119822056655,0.0,0.15917017626706403,1.8871840001607327,0.09950500848681101,82.62690617841021,10.925106403351869,2.20721563497152,0.0,2.942954179962027
10.5,0.21492068678057685,47.76015261790597,0.5664084183412913,0.5132624751655958,1.3474905271511208,0.19893648829166363,1.3542609907876517,1.0746034339028843,1.0195351530143244,0.0,0.15911136730133468,1.886486738011569,0.09946824414583182,82.59637782813888,10.951827591307918,2.2125896448480247,0.0,2.950119526464033
10.533333333333333,0.21484127954736354,47.74250656608079,0.5661991461393323,0.5130728389157047,1.3469926667722902,0.19886298677649056,1.353760628910258,1.0742063977368177,1.0191584630507982,0.0,0.15905258006386844,1.8857897334812062,0.09943149338824528,82.56586075723663,10.978538906534572,2.217961669178626,0.0,2.957282225571502
10.566666666666666,0.2147619016528343,47.72486703396318,0.5659899512574206,0.5128832727309424,1.3464949903385182,0.19878951241800893,1.3532604519021578,1.0738095082641714,1.018781912263357,0.0,0.15899381454659212,1.8850929864739252,0.09939475620900447,82.53535496151261,11.005240352700056,2.223331708701057,0.0,2.9644422782680766
10.596622145554578,0.21469059258827417,47.70902057517203,0.5658020212118029,0.5127129761088435,1.3460479031342454,0.19872350679007492,1.3528111183090512,1.0734529629413707,1.0184436381812452,0.0,0.1589410225937415,1.8844670643879435,0.09936175339503746,82.50795010566904,11.029227574328353,2.2281558791740315,0.0,2.970874505565376
10.6,0.21468255308608422,47.70723401912983,0.5657808336668166,0.5126937765852663,1.3459974977814335,0.1987160652061249,1.3527604596946372,1.073412765430421,1.01840550060027,0.0,0.15893507074143254,1.8843964968940068,0.09935803260306245,82.50486043677593,11.031931933472595,2.228699764153048,0.0,2.9715996855373983
10.633333333333333,0.2146032338362084,47.68960751915743,0.5655717933387816,0.512504350452634,1.3455001890326657,0.19864264513074456,1.3522606522189826,1.073016169181042,1.0180292280098069,0.0,0.15887634864031652,1.883700264645732,0.09932132256537228,82.47437717883575,11.058613652520414,2.2340658362723325,0.0,2.9787544483631105
10.666666666666666,0.214523943892302,47.671987531622676,0.5653628302445762,0.5123149943070029,1.3450030640238437,0.1985692521817741,1.3517610294064797,1.07261971946151,1.0176530944402373,0.0,0.1588176482351709,1.8830042896333812,0.09928462609088705,82.4439051835012,11.085285513511735,2.239429925796641,0.0,2.985906567728855
10.7,0.21444468324346008,47.65437405410224,0.5651539443554618,0.5121257081223306,1.3445061226865969,0.19849588634911963,1.3512615911884147,1.0722234162173003,1.0172770998398313,0.0,0.15875896951792248,1.8823085717612356,0.09924794317455982,82.41344444658142,11.111947520114782,2.244792033463706,0.0,2.9930560446182755
10.733333333333333,0.21436545187877776,47.63676708417284,0.5649451356426988,0.5119364918725746,1.3440093649525542,0.19842254762268727,1.3507623374960742,1.0718272593938887,1.016901244156858,0.0,0.15870031248049812,1.8816131109335759,0.09921127381134363,82.38299496388557,11.138599675997781,2.2501521600112597,0.0,3.0002028800150136
10.766666666666666,0.21428624978735017,47.619166619411146,0.5647364040775483,0.5117473455316924,1.3435127907533448,0.19834923599238313,1.3502632682607432,1.0714312489367508,1.016525527339587,0.0,0.15864167711482466,1.8809179070546826,0.09917461799619157,82.35255673122273,11.165241984828956,2.255510306177033,0.0,3.007347074902712
10.8,0.21420707696400518,47.60157265866781,0.5645277496463799,0.5115582690873323,1.3430164000565439,0.19827595145341984,1.349764383449831,1.0710353848200258,1.0161499493634838,0.0,0.15858306341707298,1.8802229600791613,0.09913797572670992,82.3221297466052,11.19187444834817,2.2608664723109393,0.0,3.0144886297479196
10.833333333333334,0.2141279333980303,47.58398519956229,0.5643191723209614,0.5113692625139111,1.3425201927949921,0.19820269399588158,1.349265682995834,1.0706396669901515,1.0157745101777305,0.0,0.15852447137931244,1.8795282699129887,0.09910134699794079,82.29171400591592,11.218497070159005,2.2662206591377076,0.0,3.021627545516944
10.866666666666667,0.21404881907161719,47.56640423813716,0.5641106720543602,0.5111803257689,1.3420241688570334,0.19812946360328446,1.3487671667865389,1.0702440953580858,1.0153992096978484,0.0,0.15846590098835903,1.8788338363998465,0.09906473180164223,82.26130950231101,11.245109856251872,2.271572867862096,0.0,3.0287638238161287
10.9,0.21396973397409202,47.54882977202045,0.5639022488184463,0.5109914588268084,1.3415283281757466,0.19805626026574852,1.3482688347546876,1.0698486698704601,1.0150240478732033,0.0,0.1584073522363106,1.878139659446045,0.09902813013287426,82.2309162316884,11.271712810217261,2.276923099206202,0.0,3.03589746560827
10.928403193468384,0.21390236895029632,47.53385976673252,0.5637247130160473,0.5108305811590003,1.3411059689659963,0.19799390535022898,1.347844353401887,1.0695118447514815,1.0147044834288852,0.0,0.15835748015929008,1.8775483565523947,0.09899695267511449,82.20502711398109,11.294373320009841,2.28148044911266,0.0,3.041973932150215
10.933333333333334,0.2138906780947811,47.53126179884025,0.5636939025850896,0.5108026616621457,1.3410326706842102,0.19798308397339384,1.3477706868330226,1.0694533904739054,1.0146490246531612,0.0,0.15834882511526518,1.8774457389578942,0.09899154198669692,82.20053418994605,11.298305935645658,2.2822713538921238,0.0,3.0430284718561658
10.966666666666667,0.2138116514230106,47.51370031622457,0.5634856333261603,0.5106139342494214,1.3405371963155026,0.19790993471634044,1.3472727229542862,1.0690582571150529,1.0142741399870885,0.0,0.15829031961732062,1.8767520748417035,0.09895496735817022,82.17016337298192,11.324889236127548,2.287617632641959,0.0,3.050156843522613
11.0,0.2137326539481067,47.4961453218015,0.5632774410135282,0.5104252765631447,1.3400419050027024,0.19783681248470839,1.3467749430512204,1.0686632697405334,1.0138993938243508,0.0,0.15823183573457486,1.8760586670037833,0.09891840624235419,82.13980377669394,11.35146271525342,2.2929619361778055,0.0,3.057282581570408
11.033333333333333,0.2136536856593957,47.47859681319904,0.5630693256190634,0.5102366885778253,1.339546796678888,0.19776371726861777,1.3462773470565677,1.0682684282969783,1.0135247861143142,0.0,0.15817337345912585,1.8753655153504432,0.09888185863430889,82.10945539698007,11.37802637661376,2.2983042652217613,0.0,3.0644056869623495
11.066666666666666,0.2135747465462038,47.46105478804529,0.5628612871146359,0.5100481702679726,1.339051871277138,0.19769064905818862,1.3457799349030701,1.0678737327310188,1.0131503168063447,0.0,0.15811493278307148,1.874672619787993,0.09884532452909431,82.07911822973826,11.404580223799057,2.3036446204959242,0.0,3.071526160661233
11.1,0.21349583659785712,47.44351924396825,0.5626533254721158,0.5098597216080958,1.3385571287305307,0.197617607843541,1.3452827065234703,1.0674791829892856,1.0127759858498084,0.0,0.1580565136985097,1.8739799802227428,0.0988088039217705,82.04879227086646,11.431124260399795,2.3089830027223917,0.0,3.0786440036298566
11.133333333333333,0.21341695580368203,47.42599017859602,0.5624454406633729,0.5096713425727046,1.3380625689721448,0.19754459361479496,1.3447856618505103,1.0670847790184101,1.0124017931940712,0.0,0.15799811619753842,1.8732875965610025,0.09877229680739748,82.01847751626262,11.45765849000646,2.314319412623262,0.0,3.085759216831017
11.166666666666666,0.2133381041530047,47.408467589556594,0.5622376326602774,0.5094830331363083,1.3375681919350586,0.1974716063620706,1.344288800816932,1.0666905207650235,1.0120277387884993,0.0,0.15793974027225557,1.8725954687090818,0.0987358031810353,81.98817396182469,11.484182916209544,2.319653850920633,0.0,3.0928718012275116
11.2,0.21325928163515134,47.39095147447808,0.562029901434699,0.5092947932734164,1.3370739975523505,0.1973986460754879,1.3437921233554782,1.0662964081757567,1.0116538225824583,0.0,0.1578813859147591,1.8719035965732906,0.09869932303774395,81.95788160345062,11.51069754259953,2.3249863183366024,0.0,3.099981757782137
11.233333333333333,0.21318048823944813,47.373441830988476,0.5618222469585081,0.5091066229585383,1.3365799857570992,0.197325712745167,1.343295629398891,1.0659024411972406,1.0112800445253147,0.0,0.15782305311714687,1.871211980059939,0.0986628563725835,81.92760043703836,11.537202372766908,2.330316815593268,0.0,3.1070890874576915
11.266666666666666,0.21310172395522142,47.35593865671588,0.5616146692035745,0.5089185221661835,1.3360861564823834,0.1972528063612279,1.3427993188799126,1.065508619776107,1.0109064045664342,0.0,0.15776474187151687,1.8705206190753365,0.09862640318061396,81.89733045848587,11.56369741030216,2.3356453434127276,0.0,3.1141937912169713
11.270572331307687,0.21309249705365968,47.353888234146595,0.5615903523507018,0.5088964869568018,1.336028306479037,0.19724426568781953,1.342741178209333,1.0654624852682983,1.0108626342312632,0.0,0.15775791095660854,1.8704396290706518,0.09862213284390976,81.89378445898723,11.566801191484346,2.3362695578284574,0.0,3.1150260771046105
11.3,0.2130229887717973,47.33844194928828,0.5614071681417684,0.5087304908708612,1.335592509661281,0.1971799269137907,1.342303191731285,1.0651149438589864,1.010532902655183,0.0,0.15770645216996698,1.8698295135257934,0.09858996345689534,81.86707166369108,11.59018265879578,2.3409719025170794,0.0,3.1212958700227738
11.333333333333334,0.21294428267850202,47.320951706333794,0.5611997437449594,0.5085425290470812,1.335099045226871,0.1971070743929754,1.341807247885751,1.06472141339251,1.010159538740927,0.0,0.15764818400459515,1.8691386633176192,0.0985535371964877,81.83682404855196,11.616658121838247,2.346296493628421,0.0,3.1283953248378955
11.366666666666667,0.21286560566466184,47.30346792548041,0.5609923959850179,0.5083546366693527,1.3346057631122317,0.19703424878890213,1.3413114872760523,1.0643280283233092,1.0097863127730322,0.0,0.15758993736749932,1.868448068357124,0.09851712439445107,81.80658760896644,11.643123803020053,2.35161911746885,0.0,3.1354921566251344
11.4,0.212786957719603,47.28599060435623,0.5607851248338136,0.5081668137121851,1.3341126632504414,0.1969614500916909,1.3408159098349317,1.0639347885980148,1.0094132247008645,0.0,0.15753171225077736,1.8677577285506177,0.09848072504584544,81.77636234083249,11.669579705931683,2.356939774760465,0.0,3.1425863663472873
11.433333333333334,0.2127083388326516,47.26851974058925,0.5605779302632167,0.507979060150088,1.3336197455745789,0.19688867829146178,1.3403205154951312,1.063541694163258,1.00904027447379,0.0,0.15747350864652726,1.8670676438044103,0.09844433914573089,81.74614824004806,11.696025834163626,2.362258466225363,0.0,3.1496779549671516
11.466666666666667,0.21262974899313403,47.25105533180757,0.5603708122450972,0.5077913759575706,1.3331270100177224,0.19681593337833483,1.339825304189393,1.06314874496567,1.008667462041175,0.0,0.1574153265468469,1.8663778140248113,0.09840796668916742,81.71594530251109,11.722462191306366,2.367575192585642,0.0,3.156766923447524
11.5,0.21255118819037638,47.23359737563921,0.5601637707513251,0.5076037611091426,1.3326344565129506,0.1967432153424301,1.3393302758504593,1.0627559409518819,1.008294787352385,0.0,0.1573571659438342,1.8656882391181306,0.09837160767121506,81.68575352411952,11.748888780950393,2.3728899545634006,0.0,3.1638532727512017
11.533333333333333,0.21247265641370494,47.216145869712214,0.5599568057537704,0.5074162155793134,1.3321420849933419,0.19667052417386766,1.3388354304110726,1.0623632820685247,1.0079222503567866,0.0,0.15729902682958713,1.8649989189906786,0.09833526208693383,81.65557290077132,11.775305606686192,2.378202752880736,0.0,3.1709370038409816
11.566666666666666,0.2123941536524459,47.19870081165465,0.5597499172243029,0.5072287393425923,1.3316498953919749,0.19659785986276757,1.338340767803975,1.0619707682622295,1.0075498510037453,0.0,0.1572409091962036,1.8643098535487648,0.09829892993138378,81.62540342836444,11.80171267210425,2.3835135882597456,0.0,3.178018117679662
11.6,0.2123156798959255,47.18126219909456,0.5595431051347929,0.5070413323734887,1.3311578876419279,0.19652522239924988,1.3378462879619089,1.0615783994796275,1.0071775892426271,0.0,0.1571828130357815,1.863621042698699,0.09826261119962494,81.59524510279682,11.828109980795055,2.388822461422528,0.0,3.185096615230038
11.623454810960725,0.21226047966127842,47.16899548028409,0.5593976287822514,0.5069095060263413,1.3308117981407364,0.1964741275465483,1.337498459534666,1.061302398306392,1.0069157318080526,0.0,0.1571419468681658,1.8631365173970307,0.09823706377327415,81.57403104701928,11.846678451305399,2.392556844193171,0.0,3.190075792257562
11.633333333333333,0.21223723513347,47.163830029660005,0.5593363694571102,0.5068539946465122,1.3306660616762795,0.19645261177343465,1.3373519908176161,1.06118617566735,1.0068054650227984,0.0,0.15712473834041876,1.8629324863467913,0.09822630588671732,81.5650979199664,11.854497536349093,2.394129373091181,0.0,3.192172497454909
11.666666666666666,0.2121588193544055,47.146404300979,0.5591297101631248,0.506666726136172,1.3301744174281083,0.1963800279754419,1.3368578763038395,1.0607940967720275,1.0064334782936248,0.0,0.15706668510221333,1.8622441843993514,0.09819001398772095,81.53496187577117,11.880875342356854,2.399434323987802,0.0,3.1992457653170705
11.7,0.21208043254805836,47.12898501067964,0.5589231272247069,0.5064795268169778,1.3296829548304925,0.19630747099539178,1.3363639443533208,1.0604021627402918,1.0060616290044726,0.0,0.15700865331326314,1.8615561367626894,0.09815373549769589,81.50483696610904,11.90724340240882,2.40473731483449,0.0,3.206316419779321
11.733333333333333,0.21200207470375473,47.11157215638994,0.5587166206137265,0.5062923966634391,1.3291916738165108,0.19623494082340426,1.3358701948988028,1.0600103735187736,1.0056899171047078,0.0,0.1569506429656661,1.860868343343115,0.09811747041170213,81.47472318687798,11.93360172009548,2.4100383463533412,0.0,3.2133844618044556
11.766666666666666,0.21192374581082088,47.094165735737974,0.5585101903020534,0.506105335650065,1.3287005743192415,0.19616243744959944,1.335376627873027,1.0596187290541044,1.0053183425436962,0.0,0.15689265405152014,1.860180804046938,0.09808121872479972,81.44462053397592,11.959950299007321,2.4153374192664545,0.0,3.2204498923552736
11.8,0.21184544585858292,47.07676574635176,0.5583038362615578,0.5059183437513651,1.3282096562717634,0.19608996086409736,1.3348832432087365,1.0592272292929146,1.004946905270804,0.0,0.15683468656292318,1.8594935187804686,0.09804498043204868,81.41452900330084,11.986289142734833,2.4206345342959277,0.0,3.2275127123945713
11.833333333333334,0.2117671748363672,47.05937218585939,0.5580975584641095,0.5057314209418488,1.3277189196071546,0.1960175110570181,1.334390040838673,1.058835874181836,1.0045756052353971,0.0,0.15677674049197313,1.8588064874500163,0.09800875552850905,81.38444859075068,12.012618254868498,2.4259296921638582,0.0,3.234572922885145
11.866666666666667,0.21168893273349987,47.041985051888865,0.5578913568815785,0.5055445671960256,1.3272283642584939,0.19594508801848168,1.3338970206955791,1.0584446636674993,1.0042044423868415,0.0,0.15671881583076794,1.8581197099618914,0.09797254400924084,81.35437929222337,12.038937638998805,2.431222893592344,0.0,3.2416305247897927
11.9,0.2116107195393072,47.02460434206827,0.5576852314858352,0.505357782488405,1.3267379901588596,0.19587269173860822,1.3334041827121967,1.058053597696536,1.0038334166745033,0.0,0.15666091257140555,1.8574331862224034,0.09793634586930411,81.32432110361688,12.065247298716242,2.4365141393034833,0.0,3.2486855190713118
11.933333333333334,0.21153253524311535,47.007230054025634,0.5574791822487491,0.5051710667934962,1.3262477972413305,0.1958003222075177,1.3329115268212683,1.0576626762155767,1.0034625280477485,0.0,0.15660303070598383,1.8567469161378625,0.09790016110375885,81.29427402082916,12.091547237611294,2.441803430019373,0.0,3.2557379066924987
11.966666666666667,0.21145437983425064,46.989862185389036,0.5572732091421906,0.5049844200858089,1.3257577854389846,0.19572797941533024,1.3324190529555362,1.057271899171253,1.003091776455943,0.0,0.15654517022660075,1.8560608996145782,0.09786398970766512,81.26423803975815,12.11783745927445,2.4470907664621127,0.0,3.2627876886161506
11.987386067977084,0.2114058143895612,46.97906986434693,0.5571452183139245,0.5048684386010936,1.3254532941513097,0.19568302590637043,1.3321130317519547,1.057029071947806,1.002861392965064,0.0,0.15650921596633904,1.8556346118118334,0.09784151295318522,81.24557380655172,12.134174093227243,2.4503762952475676,0.0,3.2671683936634244
12.0,0.21137625330203913,46.97250073378647,0.5570673121380295,0.5047978423398523,1.3252679546849007,0.19565566335216586,1.3319267610477425,1.0568812665101956,1.002721161848453,0.0,0.1564873311253542,1.8553751365588609,0.09782783167608293,81.23421315630182,12.144117967296193,2.4523761493537983,0.0,3.2698348658050653
12.033333333333333,0.21129815563580723,46.95514569684605,0.5568614912081358,0.5046113335301359,1.324778304912157,0.19558337400814466,1.3314346510306294,1.056490778179036,1.0023506841746443,0.0,0.15642951339434213,1.8546896268770199,0.09779168700407233,81.2041993663581,12.170388765267015,2.457659579416529,0.0,3.2768794392220393
12.066666666666666,0.211220086824881,46.937797072195785,0.5566557463243795,0.5044248936311693,1.3242888360538325,0.19551111137338664,1.3309427228369397,1.056100434124405,1.0019803433838832,0.0,0.15637171702566247,1.8540043704753655,0.09775555568669332,81.17419666582495,12.196649856777402,2.4629410573724018,0.0,3.28392140982987
12.1,0.21114204685858678,46.92045485746373,0.5564500774586306,0.5042385226174617,1.3237995480430054,0.19543887543801192,1.330450976399415,1.0557102342929339,1.0016101394255352,0.0,0.15631394201141313,1.8533193672602073,0.09771943771900596,81.14420505060032,12.222901245417837,2.4682205839435154,0.0,3.2909607785913546
12.133333333333333,0.21106403572625074,46.90311905027795,0.5562444845827594,0.5040522204635227,1.323310440812754,0.19536666619214052,1.3299594116507976,1.0553201786312536,1.001240072248967,0.0,0.15625618834369204,1.8526346171378556,0.09768333309607026,81.11422451658214,12.249142934778812,2.4734981598519665,0.0,3.29799754646929
12.166666666666666,0.21098605341719912,46.88578964826647,0.5560389676686354,0.5038659871438618,1.322821514296157,0.1952944836258925,1.32946802852383,1.0549302670859955,1.0008701418035437,0.0,0.15619845601459714,1.8519501200146198,0.09764724181294625,81.0842550596684,12.275374928450809,2.4787737858198544,0.0,3.305031714426473
12.2,0.2109080999207581,46.86846664905737,0.555833526688129,0.5036798226329882,1.3223327684262929,0.1952223277293879,1.3289768269512545,1.0545404996037904,1.0005003480386323,0.0,0.15614074501622632,1.85126587579681,0.09761116386469396,81.05429667575702,12.30159723002432,2.4840474625692757,0.0,3.3120632834257018
12.233333333333333,0.2108301752262539,46.85115005027865,0.55562816161311,0.5034937269054114,1.32184420313624,0.19515019849274684,1.3284858068658132,1.0541508761312695,1.000130690903598,0.0,0.1560830553406775,1.850581884390736,0.09757509924637342,81.02434936074594,12.32780984308983,2.4893191908223287,0.0,3.3190922544297723
12.266666666666666,0.21075227932301283,46.83383984955841,0.5554228724154485,0.5033076999356408,1.3213558183590772,0.19507809590608932,1.3279949682002485,1.053761396615064,0.9997611703478074,0.0,0.15602538698004867,1.849898145702708,0.09753904795304466,80.99441311053316,12.354012771237823,2.4945889713011113,0.0,3.3261186284014825
12.3,0.21067441220036104,46.81653604452468,0.5552176590670145,0.5031217416981861,1.3208676140278826,0.19500601995953543,1.3275043108873024,1.0533720610018051,0.9993917863206261,0.0,0.1559677399264377,1.8492146596390353,0.09750300997976771,80.96448792101657,12.380206018058791,2.499856804727722,0.0,3.33314240630363
12.333333333333334,0.21059657384762476,46.799238632805505,0.555012521539678,0.5029358521675565,1.3203795900757347,0.19493397064320522,1.3270138348597174,1.0529828692381238,0.9990225387714203,0.0,0.15591011417194253,1.8485314261060284,0.09746698532160261,80.93457378809417,12.406389587143217,2.505122691824257,0.0,3.3401635890990105
12.362712040419066,0.21052799398671734,46.78399866371496,0.5548317841191509,0.5027720732885518,1.319949614188768,0.19487049124110198,1.326581698559709,1.0526399699335867,0.9986972114144717,0.0,0.15585934271945107,1.8479294598642753,0.09743524562055099,80.90821779515666,12.429458748588003,2.5097622273737574,0.0,3.346349636498344
12.366666666666667,0.21051876425413024,46.781947612028944,0.5548074598053089,0.5027500313182616,1.319891746435712,0.19486194794721873,1.3265235400502358,1.0525938212706512,0.998653427649556,0.0,0.15585250970866107,1.8478484450099968,0.09743097397360936,80.90467070766388,12.432563482081589,2.510386633312816,0.0,3.3471821777504216
12.4,0.21044098340920364,46.764662979823036,0.5546024738357773,0.5025642791248105,1.3194040830408933,0.19478995186169604,1.3260334263915996,1.0522049170460182,0.9982844529043993,0.0,0.15579492652869126,1.8471657162572503,0.09739497593084802,80.87477867562366,12.458727706464394,2.5156486299154954,0.0,3.354198173220661
12.433333333333334,0.21036323130217124,46.747384733815835,0.5543975636029533,0.502378595561713,1.3189165998243566,0.19471798237675716,1.3255434938165513,1.0518161565108561,0.997915614485316,0.0,0.15573736462413104,1.8464832397540991,0.09735899118837858,80.84489768787147,12.48488226388212,2.5209086823543934,0.0,3.361211576472525
12.466666666666667,0.21028550792235925,46.73011287163539,0.5541927290787068,0.5021929806034784,1.3184292967191809,0.19464603948252224,1.325053742257833,1.0514275396117962,0.9975469123416721,0.0,0.1556798239870783,1.845801015406853,0.09732301974126112,80.81502774030524,12.511027157925254,2.526166791351608,0.0,3.368222388468812
12.5,0.21020781325909388,46.71284739090975,0.5539879702349076,0.502007434224616,1.3179421736584442,0.19457412316911127,1.324564171648187,1.0510390662954694,0.9971783464228339,0.0,0.15562230460963097,1.8451190431218218,0.09728706158455563,80.78516882882293,12.53716239218428,2.5314229576292377,0.0,3.3752306101723177
12.533333333333333,0.2101301473017014,46.695588289266986,0.5537832870434262,0.5018219563996356,1.3174552305752252,0.1945022334266443,1.3240747819203558,1.050650736508507,0.9968099166781671,0.0,0.155564806483887,1.8444373228053152,0.09725111671332215,80.7553209493225,12.56328797024969,2.5366771819093796,0.0,3.38223624254584
12.566666666666666,0.21005251003950798,46.678335564335114,0.553578679476132,0.5016365471030462,1.3169684674026028,0.19443037024524143,1.3235855730070811,1.0502625501975398,0.9964416230570378,0.0,0.1555073296019443,1.8437558543636436,0.09721518512262071,80.72548409770188,12.589403895711966,2.5419294649141317,0.0,3.389239286552176
12.6,0.20997490146183978,46.66108921374218,0.5533741475048957,0.5014512063093574,1.3164818840736547,0.1943585336150227,1.3230965448411054,1.0498745073091988,0.9960734655088122,0.0,0.1554498739559008,1.8430746377031164,0.09717926680751135,80.69565826985902,12.615510172161596,2.5471798073655916,0.0,3.3962397431541227
12.633333333333333,0.20989732155802315,46.643849235116264,0.5531696911015866,0.5012659339930787,1.3159954805214598,0.19428672352610818,1.3226076973551715,1.0494866077901157,0.995705443982856,0.0,0.15539243953785442,1.8423936727300436,0.09714336176305409,80.6658434616919,12.64160680318907,2.5524282099858575,0.0,3.4032376133144773
12.666666666666666,0.20981977031738427,46.6266156260854,0.5529653102380752,0.5010807301287197,1.3155092566790967,0.19421493996861788,1.3221190304820207,1.0490988515869213,0.9953375584285353,0.0,0.1553350263399031,1.841712959350735,0.09710746998430894,80.63603966909845,12.667693792384872,2.557674673497027,0.0,3.410232897996037
12.7,0.20974224772924932,46.60938838427763,0.5527610048862313,0.5008955946907894,1.3150232124796435,0.1941431829326719,1.321630544154396,1.0487112386462465,0.9949698087952162,0.0,0.1552776343541447,1.8410324974715009,0.09707159146633595,80.60624688797662,12.69377114333949,2.5629191986211985,0.0,3.4172255981615987
12.733333333333333,0.20966475378899269,46.59216750866505,0.5525567750338642,0.5007105276682413,1.3145373478940992,0.1940714524139886,1.32114223834315,1.0483237689449634,0.9946021950609557,0.0,0.15522026357715482,1.8403522870517388,0.0970357262069943,80.57646511654872,12.719838857608929,2.5681617856713057,0.0,3.4242157142284086
12.749789497696108,0.2096265067583251,46.583668168516695,0.552455977663117,0.5006191880865463,1.314297550077108,0.19403604991233758,1.3209012356624754,1.0481325337916254,0.9944207597936107,0.0,0.15519194830682934,1.840016570107951,0.09701802495616879,80.56176636305437,12.732704543155371,2.5707492575048305,0.0,3.427665676673108
12.766666666666666,0.20958728848521568,46.5749529967146,0.5523526206509339,0.5005255290338538,1.3140516628509975,0.19399974840201709,1.3206541129764569,1.0479364424260784,0.9942347171716811,0.0,0.1551629140004947,1.8396723279913965,0.09699987420100854,80.54669435043411,12.745896939027508,2.573402435418486,0.0,3.4312032472246483
12.8,0.2095098518009717,46.55774484466038,0.5521485416927785,0.5003405987471559,1.3135661572440882,0.19392807088107109,1.320166167947533,1.0475492590048585,0.9938673750470014,0.0,0.1551055856116183,1.8389926201417233,0.09696403544053554,80.51693458312003,12.771945393295791,2.578641149009202,0.0,3.438188198678937
12.833333333333334,0.20943244372581327,46.54054305018073,0.5519445381318644,0.500155736783197,1.3130808310078677,0.19385641984148008,1.3196784031905455,1.0471622186290663,0.9935001686373559,0.0,0.15504827840279106,1.8383131634110146,0.09692820992074004,80.48718581059137,12.797984223928172,2.5838779271502497,0.0,3.445170569533667
12.866666666666667,0.20935506424929265,46.52334761095393,0.5517406099406574,0.4999709431170269,1.312595684076833,0.19378479527357345,1.3191908186396624,1.0467753212464632,0.9931330978931835,0.0,0.15499099236627834,1.837633957707566,0.09689239763678673,80.45744802883301,12.82401343443905,2.5891127705484234,0.0,3.452150360731232
12.9,0.20927771336096238,46.50615852465831,0.551536757091624,0.49978621772369525,1.3121107163854806,0.19371319716768065,1.318703414229051,1.0463885668048118,0.9927661627649232,0.0,0.15493372749434553,1.8369550029396726,0.09685659858384033,80.42772123382983,12.850033028342823,2.5943456799105187,0.0,3.4591275732140256
12.933333333333334,0.20920039105037486,46.48897578897219,0.5513329795572302,0.4996015605782516,1.3116259278683073,0.19364162551413114,1.3182161898928793,1.0460019552518742,0.9923993632030143,0.0,0.154876483779258,1.83627629901563,0.09682081275706557,80.39800542156671,12.876043009153886,2.5995766559433306,0.0,3.466102207924442
12.966666666666667,0.20912309730708248,46.47179940157388,0.5511292773099419,0.49941697165574567,1.3111413184598097,0.19357008030325434,1.3177291455653142,1.0456154865354124,0.9920326991578955,0.0,0.15481926121328116,1.8355978458437336,0.09678504015162717,80.36830058802852,12.902043380386637,2.604805699353655,0.0,3.4730742658048737
13.0,0.20904583212063765,46.45462936014171,0.5509256503222256,0.49923245093122703,1.310656888094485,0.19349856152537967,1.317242281180524,1.0452291606031883,0.9916661705800062,0.0,0.15476205978868038,1.834919643332279,0.09674928076268983,80.33860672920017,12.928034145555474,2.6100328108482853,0.0,3.4800437477977146
13.033333333333333,0.20896859548059285,46.437465662353965,0.5507220985665473,0.49904799837974534,1.3101726367068294,0.19342706917083657,1.3167555966726758,1.0448429774029642,0.9912997774197851,0.0,0.15470487949772105,1.834241691389561,0.09671353458541829,80.3089238410665,12.954015308174794,2.615257991134018,0.0,3.487010654845358
13.066666666666666,0.20889138737650048,46.420308305889,0.5505186220153732,0.49886361397635026,1.3096885642313394,0.1933556032299545,1.3162690919759377,1.0444569368825023,0.9909335196276716,0.0,0.15464772033266858,1.8335639899238751,0.09667780161497724,80.27925191961243,12.979986871758994,2.620481240917648,0.0,3.493974987890198
13.1,0.2088142077979129,46.4031572884251,0.5503152206411691,0.4986792976960913,1.3092046706025124,0.19328416369306287,1.3157827670244766,1.0440710389895644,0.9905673971541045,0.0,0.1545905822857883,1.8328865388435172,0.09664208184653143,80.24959096082283,13.00594883982247,2.6257025609059697,0.0,3.500936747874627
13.133333333333333,0.20873705673438261,46.38601260764059,0.5501118944164016,0.4984950495140183,1.3087209557548447,0.1932127505504911,1.3152966217524604,1.043685283671913,0.990201409949523,0.0,0.15453346534934567,1.8322093380567823,0.09660637527524556,80.21994096068256,13.03190121587962,2.630921951805779,0.0,3.5078959357410393
13.148986379694996,0.20870083709541323,46.37796379898072,0.5500164400944895,0.49840855164438325,1.3084938690972538,0.19317922465825757,1.315068394098383,1.0435041854770661,0.990029592170081,0.0,0.1545066510097588,1.8318914167361553,0.09658961232912879,80.20602135606038,13.044084919488826,2.6333722673993814,0.0,3.5111630231991757
13.166666666666666,0.20865993417546203,46.36887426121379,0.5499086433135367,0.49831086940518077,1.308237419622833,0.19314136379256866,1.3148106560940567,1.0432996708773101,0.9898355579643661,0.0,0.15447636951560603,1.831532387471966,0.09657068189628433,80.19030191517652,13.057844003444842,2.6361394143238708,0.0,3.5148525524318286
13.2,0.20858284011070355,46.351742246823015,0.5497054673050404,0.4981267573446283,1.307754062140974,0.19307000340962496,1.3143248699834333,1.0429142005535177,0.9894698411490728,0.0,0.15441929477683478,1.8308556869973633,0.09653500170481248,80.1606738202896,13.083777206032531,2.64135494916704,0.0,3.521806598889387
13.233333333333333,0.2085057745296596,46.33461656214658,0.5495023663633789,0.4979427133074106,1.3072708832437645,0.19299866939198945,1.3138392633547575,1.042528872648298,0.9891042594540821,0.0,0.15436224112529728,1.8301792365412701,0.09649933469599473,80.13105667200666,13.109700827157086,2.646568557042082,0.0,3.52875807605611
13.266666666666666,0.20842873742188261,46.31749720486281,0.5492993404610185,0.49775873726857733,1.306787882865701,0.1929273617299916,1.3133538361421968,1.042143687109413,0.9887388128298333,0.0,0.15430520855325897,1.8295030360119813,0.0964636808649958,80.10145046631258,13.135614870332905,2.6517802386557916,0.0,3.5357069848743894
13.299999999999999,0.20835172877692495,46.30038417264999,0.5490963895704252,0.4975748292031781,1.3063050609412807,0.19285608041396074,1.3128685882799191,1.0417586438846247,0.9883735012267653,0.0,0.1542481970529852,1.8288270853177928,0.09642804020698037,80.07185519919227,13.161519339074383,2.656989994714964,0.0,3.5426533262866196
13.333333333333334,0.20827474858433914,46.28327746318649,0.5488935136640649,0.49739098908626245,1.3058224174049997,0.1927848254342264,1.3123835197020919,1.0413737429216956,0.988008324595317,0.0,0.15419120661674135,1.8281513843669994,0.0963924127171132,80.04227086663059,13.187414236895918,2.6621978259263948,0.0,3.549597101235194
13.366666666666667,0.2081977968336775,46.26617707415056,0.5486907127144042,0.49720721689288006,1.3053399521913551,0.19271359678111796,1.3118986303428826,1.0409889841683875,0.9876432828859276,0.0,0.15413423723679281,1.8274759330678971,0.09635679839055898,80.01269746461242,13.213299567311907,2.6674037329968785,0.0,3.5565383106625053
13.4,0.20812087351449252,46.24908300322056,0.548487986693909,0.4970235125980807,1.3048576652348436,0.19264239444496492,1.3114139201364592,1.0406043675724626,0.9872783760490362,0.0,0.154077288905405,1.8268007313287808,0.09632119722248246,79.98313498912265,13.239175333836748,2.6726077166332103,0.0,3.563476955510948
13.433333333333334,0.2080439786163366,46.2319952480748,0.5482853355750454,0.4968398761769137,1.3043755564699617,0.19257121841609665,1.3109293890169889,1.040219893081683,0.9869136040350819,0.0,0.15402036161484325,1.8261257790579462,0.09628560920804832,79.95358343614615,13.265041539984836,2.6778097775421856,0.0,3.5704130367229148
13.466666666666667,0.20796711212876218,46.2149138063916,0.5480827593302797,0.4966563076044291,1.3038936258312062,0.1925000686848426,1.3104450369186393,1.0398355606438108,0.9865489667945035,0.0,0.15396345535737302,1.8254510761636884,0.0962500343424213,79.92404280166781,13.29089818927057,2.683009916430599,0.0,3.5773465552407995
13.5,0.20789027404132165,46.19783867584926,0.547880257932078,0.49647280685567624,1.3034118732530737,0.19242894524153223,1.309960863775578,1.0394513702066082,0.9861844642777403,0.0,0.15390657012525963,1.8247766225543032,0.09621447262076611,79.8945130816725,13.316745285208347,2.688208134005246,0.0,3.5842775120069956
13.533333333333333,0.20781346434356746,46.180769854126105,0.5476778313529063,0.4962893739057048,1.3029302986700613,0.19235784807649495,1.3094768695219725,1.0390673217178372,0.9858200964352313,0.0,0.1538497059107685,1.8241024181380856,0.09617892403824747,79.86499427214511,13.342582831312562,2.693404430972922,0.0,3.5912059079638965
13.560682146528556,0.20775046591575813,46.16677020350181,0.5475118034084213,0.496138924316727,1.3025353167538478,0.19229953500210448,1.309079903019859,1.0387523295787906,0.9855212461351583,0.0,0.15380306653818537,1.823549443455387,0.09614976750105224,79.8407832851812,13.363774488494002,2.6976663737869866,0.0,3.5968884983826497
13.566666666666666,0.207736683025052,46.163707338900444,0.5474754795652308,0.4961060087295645,1.3024489020166652,0.19228677718006018,1.308993054091991,1.03868341512526,0.9854558632174154,0.0,0.153792862706165,1.8234284628233313,0.09614338859003009,79.83548636907054,13.368410831097616,2.6985988080404213,0.0,3.598131744053896
13.6,0.20765993007532774,46.14665112785061,0.5472732025415176,0.49592271130230486,1.3019676832273825,0.19221573254255742,1.3085094174198004,1.0382996503766386,0.9850917645747317,0.0,0.1537360405037145,1.8227547565183355,0.09610786627127871,79.80598936843363,13.394229288077904,2.7037912659145396,0.0,3.605055021219387
13.633333333333333,0.20758320548394704,46.129601218654905,0.547071000254233,0.49573948159897563,1.3014866422367097,0.19214471415431603,1.3080259594395687,1.0379160274197352,0.9847278004576194,0.0,0.15367923929568245,1.8220812991313935,0.09607235707715801,79.7765032662193,13.420038205767822,2.7089818053020718,0.0,3.6119757404027633
13.666666666666666,0.20750650924046235,46.11255760899164,0.5468688726758429,0.4955563195946264,1.3010057789791436,0.1920737220056655,1.307542680085463,1.0375325462023117,0.9843639708165174,0.0,0.1536224590743342,1.8214080905708008,0.09603686100283275,79.7470280584124,13.445837587681769,2.714170426909813,0.0,3.6188939025464184
13.7,0.20742984133442613,46.09552029653914,0.5466668197788138,0.49537322526430677,1.3005250933891808,0.19200275608693523,1.3070595792916513,1.0371492066721306,0.9840002756018649,0.0,0.1535656998319351,1.820735130744853,0.09600137804346762,79.71756374099782,13.471627437334142,2.719357131444559,0.0,3.625809508592746
13.733333333333333,0.20735320175539074,46.07848927897572,0.5464648415356115,0.4951901985830664,1.300044585401318,0.19193181638845466,1.3065766569923012,1.0367660087769537,0.9836367147641008,0.0,0.15350896156075058,1.8200624195618451,0.09596590819422733,79.68811030996045,13.497407758239337,2.7245419196131038,0.0,3.6327225594841392
13.766666666666666,0.20727659049290864,46.061464553979704,0.5462629379187023,0.495007239525955,1.2995642549500521,0.19186090290055324,1.30609391312158,1.0363829524645432,0.9832732882536641,0.0,0.15345224425304604,1.8193899569300729,0.09593045145027662,79.65866776128517,13.523178553911752,2.729724792122243,0.0,3.6396330561629915
13.799999999999999,0.20720000753653225,46.04444611922939,0.5460611089005523,0.49482434806802195,1.2990841019698796,0.1917900156135604,1.3056113476136557,1.0360000376826612,0.982909996020994,0.0,0.1533955479010868,1.8187177427578314,0.0958950078067802,79.62923609095687,13.548939827865784,2.734905749678772,0.0,3.6465409995716964
13.833333333333334,0.20712345287581402,46.02743397240312,0.5458593544536275,0.4946415241843172,1.2986041263952974,0.19171915451780555,1.3051289604026954,1.03561726437907,0.9825468380165296,0.0,0.15333887249713835,1.8180457769534162,0.09585957725890278,79.5998152949604,13.574691583615833,2.7400847929894856,0.0,3.653446390652648
13.866666666666667,0.20704692650030623,46.01042811117916,0.5456576745503944,0.49445876784989024,1.298124328160802,0.19164831960361817,1.304646751422867,1.0352346325015311,0.9821838141907099,0.0,0.15328221803346598,1.8173740594251226,0.09582415980180908,79.57040536928066,13.60043382467629,2.7452619227611788,0.0,3.660349230348239
13.9,0.20697042839956148,45.993428533235885,0.5454560691633187,0.4942760790397907,1.29764470720089,0.19157751086132768,1.304164720608338,1.0348521419978074,0.9818209244939737,0.0,0.15322558450233512,1.8167025900812461,0.09578875543066384,79.54100630990254,13.626166554561557,2.750437139700647,0.0,3.667249519600863
13.933333333333334,0.2068939585631321,45.97643523625159,0.5452545382648669,0.4940934577290682,1.2971652634500586,0.19150672828126347,1.303682867893276,1.0344697928156605,0.9814581688767605,0.0,0.15316897189601114,1.816031368830082,0.09575336414063174,79.51161811281091,13.651889776786028,2.7556104445146845,0.0,3.674147259352914
13.966666666666667,0.20681751698057058,45.95944821790457,0.545053081827505,0.49391090389277237,1.2966859968428042,0.19143597185375505,1.3032011932118486,1.0340875849028528,0.981095547289509,0.0,0.15311238020675944,1.8153603955799258,0.09571798592687752,79.48224077399065,13.677603494864103,2.7607818379100877,0.0,3.6810424505467845
13.985268139234584,0.20677487147943416,45.949971439874254,0.5449406925958779,0.49380906011125547,1.2964186218885003,0.19139649800707886,1.3029324748325863,1.0338743573971707,0.9808932466725802,0.0,0.1530808086344892,1.8149860706439003,0.09569824900353943,79.46585164003945,13.6919487550847,2.763666873194946,0.0,3.6848891642599284
14.0,0.20674110364142925,45.942467475873165,0.5448516998236991,0.4937284175059529,1.2962069073136235,0.1913652415691318,1.3027196964982235,1.0337055182071462,0.9807330596826583,0.0,0.1530558094268454,1.8146896702390727,0.0956826207845659,79.45287428942666,13.703307712310178,2.765951320593651,0.0,3.6879350941248688
14.033333333333333,0.20666471853526056,45.925493007835684,0.5446503922259153,0.4935459985436594,1.295727994797013,0.19129453741772315,1.302238377686568,1.0333235926763027,0.9803707060066476,0.0,0.1529992595485344,1.8140191927158182,0.09564726870886157,79.42351865510379,13.729002432638648,2.7711188932721695,0.0,3.69482519102956
14.066666666666666,0.20658836165161698,45.90852481147045,0.5444491590066199,0.4933636469809415,1.29524925922747,0.19122385938985856,1.30175723671105,1.0329418082580848,0.9800084862119158,0.0,0.15294273056409186,1.8133489629184578,0.09561192969492928,79.39417386700694,13.754687659363913,2.7762845566524383,0.0,3.7017127422032523
14.1,0.20651203298005086,45.891562884455745,0.5442480001382789,0.4931813627928488,1.2947707005394906,0.19115320747586748,1.3012762735058367,1.0325601649002543,0.979646400248902,0.0,0.15288622246578312,1.8126789807552868,0.09557660373793374,79.36483992112099,13.780363396000372,2.781448311441253,0.0,3.708597748588338
14.133333333333333,0.20643573251011468,45.87460722446994,0.5440469155933585,0.49299914595443106,1.2942923186675719,0.1910825816660793,1.300795488005096,1.0321786625505733,0.9792844480680454,0.0,0.15282973524587362,1.8120092461346005,0.09554129083303965,79.33551681343081,13.806029646062417,2.786610158345408,0.0,3.7154802111272116
14.166666666666666,0.20635946023136087,45.85765782919131,0.5438459053443249,0.4928169964407377,1.2938141135462105,0.1910119819508235,1.3003148801429956,1.0317973011568042,0.9789226296197848,0.0,0.15277326889662868,1.8113397589646945,0.09550599097541175,79.3062045399213,13.831686413064448,2.791770098071699,0.0,3.722360130762266
14.2,0.20628321613334177,45.84071469629818,0.5436449693636441,0.4926349142268185,1.293336085109903,0.1909414083204295,1.2998344498537027,1.0314160806667088,0.9785609448545595,0.0,0.15271682341031373,1.810670519153864,0.09547070416021475,79.27690309657733,13.857333700520861,2.7969281313269208,0.0,3.729237508435895
14.233333333333333,0.2062070002056099,45.82377782346886,0.5434441076237824,0.49245289928772307,1.292858233293146,0.19087086076522672,1.299354197071385,1.0310350010280493,0.9781993937228083,0.0,0.15266039877919416,1.8100015266104041,0.09543543038261336,79.24761247938378,13.882971511946057,2.8020842588178683,0.0,3.7361123450904916
14.266666666666666,0.2061308124377176,45.80684720838169,0.5432433200972058,0.4922709515985011,1.2923805580304366,0.1908003392755446,1.2988741217302104,1.030654062188588,0.9778379761749704,0.0,0.15260399499553534,1.809332781242611,0.0954001696377723,79.21833268432553,13.908599850854428,2.807238481251337,0.0,3.7429846416684502
14.299999999999999,0.20605465281921737,45.78992284871498,0.5430426067563804,0.49208907113420214,1.291903059256271,0.19072984384171257,1.298394223764346,1.0302732640960868,0.9774766921614848,0.0,0.15254761205160267,1.8086642829587793,0.09536492192085629,79.18906370738746,13.934218720760372,2.8123907993341217,0.0,3.7498543991121633
14.333333333333334,0.20597852133966157,45.773004742147016,0.5428419675737726,0.4919072578698758,1.2914257369051463,0.1906593744540601,1.2979145031079595,1.0298926066983078,0.9771155416327906,0.0,0.1524912499396615,1.8079960316672048,0.09532968722703004,79.15980554455446,13.95982812517829,2.8175412137730182,0.0,3.756721618364025
14.366666666666667,0.20590241798860262,45.75609288635614,0.5426414025218482,0.4917255117805718,1.2909485909115592,0.19058893110291655,1.297434959695219,1.029512089943013,0.9767545245393268,0.0,0.15243490865197726,1.807328027276183,0.09529446555145828,79.13055819181142,13.985428067622575,2.8226897252748206,0.0,3.7635863003664287
14.4,0.205826342755593,45.73918727902067,0.5424409115730736,0.49154383284133973,1.2904716212100065,0.19051851377861145,1.2969555934602917,1.029131713777965,0.9763936408315325,0.0,0.15237858818081532,1.8066602696940088,0.09525925688930573,79.10132164514319,14.011018551607625,2.827836334546325,0.0,3.770448446061767
14.423147951768717,0.20577352971835905,45.72745104852424,0.5423017265121304,0.49141770747566293,1.2901404987459528,0.19046962858137553,1.296622807272036,1.0288676485917951,0.9761431077218348,0.0,0.1523394893174555,1.8061966982443338,0.09523481429068777,79.08102501552148,14.028784007329161,2.8314092196540215,0.0,3.77521229287203
14.433333333333334,0.2057502956301851,45.72228791781891,0.5422404946999148,0.49136222102722926,1.2899948277349844,0.19044812247147416,1.2964764043373451,1.0287514781509255,0.9760328904598466,0.0,0.15232228851844107,1.805992758828978,0.09522406123573708,79.07209590053468,14.03659958064784,2.8329810422943256,0.0,3.777308056392435
14.466666666666667,0.20567427660193133,45.70539480042919,0.542040151874838,0.49118067631329,1.28951821042099,0.19037775717183417,1.2959973922605468,1.0283713830096566,0.9756722733747084,0.0,0.1522660096571199,1.8053254945893857,0.09518887858591708,79.04288095397075,14.062171158257613,2.838123849225618,0.0,3.7841651323008247
14.5,0.2055982856603841,45.68850792452981,0.5418398830703094,0.49099919867457154,1.2890417692025198,0.19030741787002087,1.2955185571640644,1.0279914283019205,0.9753117895265568,0.0,0.15220975158911718,1.8046584768835277,0.09515370893501043,79.01367680143629,14.087733287951345,2.843264756046997,0.0,3.7910196747293305
14.533333333333333,0.20552232279509586,45.67162728779908,0.5416396882587949,0.49081778808612353,1.2885655040140709,0.1902371045563637,1.2950398989820657,1.0276116139754792,0.9749514388658309,0.0,0.1521535143066983,1.803991705619699,0.09511855227818185,78.98448343891619,14.11328597324343,2.8484037634652584,0.0,3.7978716846203455
14.566666666666666,0.20544638799561904,45.65475288791535,0.5414395674127609,0.4906364445229957,1.2880894147901396,0.19016681722119214,1.2945614176487181,1.0272319399780951,0.9745912213429697,0.0,0.15209729780212866,1.8033251807061954,0.09508340861059607,78.95530086239532,14.138829217648265,2.8535408721871964,0.0,3.804721162916263
14.6,0.20537048125150603,45.6378847225569,0.5412395205046735,0.4904551679602375,1.2876135014652228,0.19009655585483556,1.2940831130981891,1.0268524062575302,0.9742311369084122,0.0,0.15204110206767363,1.8026589020513117,0.09504827792741778,78.92612906785855,14.16436302468025,2.858676082919607,0.0,3.811568110559477
14.633333333333333,0.20529460255230925,45.621022789402055,0.5410395475069987,0.49027395837289883,1.287137763973817,0.19002632044762344,1.2936049852646465,1.0264730127615462,0.9738711855125977,0.0,0.15198492709559863,1.8019928695633438,0.09501316022381172,78.8969680512908,14.189887397853783,2.8638093963692848,0.0,3.8184125284923804
14.666666666666666,0.2052187518939273,45.60416708753941,0.5408396484089275,0.49009281575118446,1.2866622022902074,0.18995611099575932,1.293127034122246,1.0260937594696364,0.9735113671360694,0.0,0.15192877288286719,1.8013270832062902,0.09497805549787966,78.86781781111578,14.215402338548536,2.8689408128137024,0.0,3.8252544170849374
14.7,0.20514292926431274,45.58731761429173,0.5406398231787098,0.4899117400663237,1.2861868163388608,0.18988592748809188,1.2926492595950747,1.0257146463215636,0.9731516817216778,0.0,0.15187263942056034,1.8006615428744048,0.09494296374404594,78.8386783427036,14.240907850817031,2.874070333067879,0.0,3.8320937774238395
14.733333333333333,0.20506713464735032,45.57047436607786,0.5404400717738752,0.4897307312798309,1.2857116060187386,0.18981576990970433,1.2921716615815864,1.0253356732367516,0.9727921291929753,0.0,0.15181652669674758,1.7999962484262337,0.09490788495485217,78.80954963986096,14.266403940080197,2.8791979582220404,0.0,3.8389306109627213
14.766666666666666,0.2049913680328139,45.553637340625315,0.540240394167473,0.4895497893672844,1.2852365712657257,0.18974563825113108,1.2916942400173446,1.0249568401640694,0.9724327095014514,0.0,0.15176043470385817,1.7993311997720158,0.09487281912556554,78.78043169865785,14.291890609777951,2.884323688968002,0.0,3.845764918624004
14.799999999999999,0.2049156294104773,45.536806535661626,0.540040790332553,0.48936891430426255,1.2847617120157073,0.1896755325029065,1.2912169948379113,1.0245781470523865,0.9720734225985955,0.0,0.1517043634343214,1.79866639682199,0.09483776625145325,78.75132451516421,14.317367863350213,2.8894475259975816,0.0,3.8525967013301097
14.833333333333334,0.20483991877011432,45.51998194891429,0.5398412602421649,0.4891881060663439,1.284287028204568,0.18960545265556494,1.2907399259788497,1.0241995938505715,0.9717142684358969,0.0,0.1516483128805666,1.798001839486395,0.09480272632778247,78.72222808545004,14.342835704236906,2.894569470002596,0.0,3.859425960003462
14.866666666666667,0.20476423610149874,45.503163578110836,0.5396418038693583,0.48900736462910654,1.2838125197681927,0.18953539869964078,1.2902630333757223,1.0238211805074937,0.971355246964845,0.0,0.15159228303502303,1.7973375276754697,0.09476769934982039,78.6931424055853,14.368294135877946,2.8996895216748606,0.0,3.866252695566482
14.874737814644144,0.20474591492625832,45.49909220583518,0.5395935196951099,0.4889636109453979,1.2836976512999565,0.18951844011683378,1.290147587751082,1.0237295746312916,0.971268335451198,0.0,0.15157871939307335,1.797176711819939,0.09475922005841689,78.6861013769385,14.374457084357095,2.9009289780212555,0.0,3.867905304028342
14.9,0.20468858139440452,45.48635142097878,0.5394424211871828,0.4888266899681291,1.2833381866424665,0.1894653706256684,1.2897863169640917,1.0234429069720226,0.970996358136929,0.0,0.15153627389012003,1.7966734612994528,0.0947326853128342,78.66406747163995,14.393743161713253,2.904807681706193,0.0,3.8730769089415915
14.933333333333334,0.2046129546386054,45.469545475245646,0.5392431121686879,0.4886460820589899,1.2828640287632738,0.1893953684241822,1.2893097766795207,1.023064773193027,0.9706376019036383,0.0,0.15148028543828687,1.7960096402685832,0.0946976842120911,78.63500327968397,14.419182785182748,2.90992395078841,0.0,3.879898601051214
14.966666666666667,0.20453735582387522,45.452745738638946,0.5390438767869236,0.4884655408772673,1.2823900460664999,0.1893253920857165,1.2888334124575722,1.022686779119376,0.9702789782164624,0.0,0.15142431767195286,1.7953460644930996,0.09466269604285825,78.60594982578733,14.444613009726352,2.9150383296133273,0.0,3.8867177728177706
15.0,0.2044617849399878,45.43595220888618,0.5388447150149391,0.4882850663985397,1.2819162384880294,0.18925544160080573,1.2883572242338086,1.0223089246999388,0.9699204870268904,0.0,0.1513683705835473,1.794682733883241,0.09462772080040287,78.57690710601999,14.470033838783982,2.9201508188727625,0.0,3.8935344251636845
15.033333333333333,0.20438624197671698,45.419164883714885,0.5386456268257843,0.48810465859838537,1.2814426059637471,0.18918551695998423,1.287881211943793,1.0219312098835849,0.9695621282864119,0.0,0.15131244416549947,1.7940196483492459,0.09459275847999211,78.54787511645193,14.49544527579556,2.9252614192585322,0.0,3.9003485590113773
15.066666666666666,0.2043107269238366,45.40238376085257,0.5384466121925089,0.4879243174523829,1.280969148429538,0.18911561815378636,1.2874053755230876,1.021553634619183,0.9692039019465161,0.0,0.1512565384102387,1.793356807801353,0.09455780907689318,78.51885385315312,14.520847324201005,2.930370131462453,0.0,3.907160175283271
15.1,0.20423523977112043,45.38560883802676,0.5382476710881624,0.4877440429361105,1.280495865821287,0.18904574517274655,1.2869297149072554,1.021176198855602,0.9688458079586924,0.0,0.15120065331019425,1.7926942121498017,0.09452287258637328,78.48984331219351,14.546239987440238,2.9354769561763407,0.0,3.9139692749017887
15.133333333333333,0.20415978050834238,45.36884011296498,0.5380488034857944,0.4875638350251467,1.280022758074879,0.1889758980073991,1.2864542300318593,1.020798902541712,0.9684878462744301,0.0,0.15114478885779548,1.7920318613048305,0.09448794900369956,78.4608434896431,14.571623268953179,2.940581894092013,0.0,3.920775858789352
15.166666666666666,0.20408434912527623,45.35207758339473,0.5378500093584547,0.4873836936950698,1.2795498251261985,0.18890607664827846,1.2859789208324617,1.020421745626381,0.9681300168452186,0.0,0.15108894504547163,1.7913697551766778,0.09445303832413923,78.43185438157184,14.596997172179744,2.9456849459012866,0.0,3.9275799278683827
15.2,0.2040089456116958,45.33532124704352,0.5376512886791929,0.48720361892145814,1.2790770669111307,0.18883628108591896,1.2855037872446253,1.020044728058479,0.9677723196225473,0.0,0.15103312186565201,1.790707893675583,0.09441814054295948,78.4028759840497,14.622361700559857,2.9507861122959773,0.0,3.934381483061304
15.233333333333333,0.2039335699573749,45.318571101638874,0.5374526414210585,0.48702361067989014,1.2786044833655605,0.18876651131085495,1.285028829203913,1.0196678497868745,0.9674147545579054,0.0,0.15097731931076594,1.7900462767117846,0.09438325565542748,78.37390829314666,14.647716857533437,2.9558853939679026,0.0,3.941180525290538
15.266666666666666,0.20385822215208746,45.30182714490833,0.5372540675571013,0.4868436689459442,1.2781320744253726,0.18869676731362087,1.2845540466458873,1.0192911107604372,0.9670573216027823,0.0,0.1509215373732427,1.7893849041955214,0.09434838365681043,78.34495130493268,14.673062646540403,2.960982791608879,0.0,3.947977055478506
15.299999999999999,0.2037829021856072,45.285089374579385,0.5370555670603708,0.4866637936951988,1.2776598400264516,0.18862704908475106,1.2840794395061115,1.018914510928036,0.9667000207086675,0.0,0.15086577604551163,1.7887237760370323,0.09431352454237553,78.31600501547774,14.698399071020676,2.966078305910723,0.0,3.954771074547631
15.333333333333334,0.203707610047708,45.268357788379554,0.5368571399039167,0.4864839849032321,1.277187780104683,0.18855735661477988,1.2836050077201475,1.01853805023854,0.9663428518270502,0.0,0.15081003532000195,1.788062892146556,0.09427867830738994,78.2870694208518,14.723726134414177,2.971171937565251,0.0,3.961562583420336
15.340466990583078,0.2036915004126365,45.264777869474784,0.5368146840889015,0.48644551270544295,1.2770867773534826,0.18854244509427065,1.2835034974808124,1.0184575020631825,0.9662664313600228,0.0,0.1507981089386873,1.7879214882948755,0.09427122254713532,78.28087831135475,14.729145156374315,2.9722617797377877,0.0,3.9630157063170515
15.366666666666667,0.20363234572816366,45.25163238403637,0.5366587860607888,0.4863042425456227,1.276715894595951,0.1884876898942417,1.2831307512235581,1.0181617286408182,0.9659858149094197,0.0,0.15075431518914303,1.7874022524343312,0.09424384494712085,78.25814451712482,14.74904384016082,2.9762636872642805,0.0,3.9683515830190412
15.4,0.203557109216748,45.23491315927734,0.5364605055040363,0.48612456659794884,1.2762441834361409,0.18841804891367092,1.2826566699519066,1.01778554608374,0.9656289099072655,0.0,0.15069861564536413,1.786741856810597,0.09420902445683546,78.2292303003668,14.774352191700531,2.981353555699627,0.0,3.9751380742661704
15.433333333333334,0.2034819005032349,45.21820011182998,0.5362622982067093,0.48594495703578894,1.2757726465611372,0.18834843366360193,1.2821827638407555,1.0174095025161745,0.9652721367720768,0.0,0.15064293668109457,1.786081705185592,0.09417421683180097,78.20032676664768,14.799651192473226,2.986441543563108,0.0,3.981922058084145
15.466666666666667,0.20340671957739814,45.20149323942181,0.5360641641418573,0.48576541383472144,1.2753012839068252,0.18827884413456905,1.2817090328256675,1.0170335978869907,0.9649154954553432,0.0,0.15058727828876364,1.785421797469555,0.09413942206728453,78.17143391203746,14.824940845918828,2.9915276515465403,0.0,3.9887035353953877
15.5,0.2033315664290116,45.18479253978036,0.5358661032825298,0.48558593697032465,1.2748300954090894,0.1882092803171067,1.2812354768422047,1.016657832145058,0.9645589859085537,0.0,0.15053164046080064,1.784762133572725,0.09410464015855335,78.14255173260607,14.850221155477254,2.9966118803417396,0.0,3.9954825071223206
15.533333333333333,0.203256441047849,45.168098010633116,0.5356681156017766,0.48540652641817705,1.2743590810038148,0.18813974220174923,1.2807620958259307,1.016282205239245,0.9642026080831979,0.0,0.15047602318963488,1.7841027134053404,0.09406987110087461,78.11368022442352,14.875492124588426,3.0016942306405237,0.0,4.002258974187366
15.566666666666666,0.20318134342368427,45.15140964970762,0.5354702010726473,0.48522718215385685,1.273888240626886,0.18807022977903104,1.2802888897124076,1.0159067171184213,0.9638463619307651,0.0,0.15042042646769563,1.7834435368776405,0.09403511488951552,78.08481938355975,14.900753756692263,3.0067747031347087,0.0,4.009032937512946
15.6,0.20310627354629118,45.134727454731376,0.5352723596681914,0.4850479041529426,1.2734175742141884,0.18800074303948647,1.2798158584371986,1.015531367731456,0.9634902474027446,0.0,0.1503648502874122,1.7827846038998636,0.09400037151974323,78.05596920608474,14.926006055228685,3.0118532985161113,0.0,4.015804398021483
15.633333333333333,0.20303123140544363,45.11805142343192,0.5350745913614587,0.4848686923910126,1.2729470817016064,0.1879312819736499,1.279343001935866,1.015156157027218,0.9631342644506258,0.0,0.1503092946412139,1.782125914382249,0.09396564098682494,78.02712968806847,14.951249023637612,3.016930017476548,0.0,4.022573356635399
15.666666666666666,0.20295621699091537,45.101381553536754,0.5348768961254988,0.48468954684364524,1.272476763025025,0.18786184657205574,1.2788703201439724,1.0147810849545769,0.962778413025898,0.0,0.15025375952153003,1.781467468235035,0.09393092328602787,77.99830082558088,14.976482665358962,3.022004860707836,0.0,4.029339814277116
15.7,0.20288123029248029,45.084717842773394,0.5346792739333615,0.484510467486419,1.2720066181203293,0.1877924368252383,1.2783978129970812,1.0144061514624014,0.9624226930800506,0.0,0.1501982449207899,1.7808092653684608,0.09389621841261915,77.96948261469198,15.001706983832658,3.027077828901792,0.0,4.0361037718690564
15.733333333333333,0.20280627129991213,45.06806028886937,0.5344817247580961,0.48433145429491214,1.2715366469234035,0.18772305272373202,1.2779254804307545,1.0140313564995607,0.9620671045645729,0.0,0.15014275083142276,1.780151305692765,0.09386152636186601,77.94067505147171,15.026921982498617,3.0321489227502316,0.0,4.042865230333643
15.766666666666666,0.2027313400029848,45.051408889552185,0.5342842485727524,0.4841525072447031,1.2710668493701331,0.1876536942580712,1.2774533223805553,1.013656700014924,0.9617116474309543,0.0,0.15008727724585796,1.7794935891181862,0.0938268471290356,77.91187813199006,15.05212766479676,3.0372181429449725,0.0,4.049624190593297
15.799999999999999,0.20265643639147213,45.034763642549365,0.53408684535038,0.48397362631137025,1.2705972253964026,0.1875843614187903,1.2769813387820461,1.0132821819573605,0.9613563216306841,0.0,0.15003182415652477,1.7788361155549637,0.09379218070939516,77.883091852317,15.077324034167008,3.042285490177831,0.0,4.056380653570442
15.820778182556454,0.20260975956702887,45.02439101489531,0.5339638318485058,0.4838621551319064,1.270304575211272,0.1875411560685821,1.2766872181766067,1.0130487978351443,0.9611348973273105,0.0,0.14999726809089098,1.7784264052957808,0.09377057803429105,77.86515343659124,15.093025366665547,3.0454432508305467,0.0,4.0605910011073965
15.833333333333334,0.20258156045514786,45.018124545588414,0.5338895150640287,0.4837948114704919,1.2701277749380973,0.18751505419642367,1.2765095295707896,1.0129078022757392,0.9610011271152517,0.0,0.1499763915558525,1.778178884913336,0.09375752709821183,77.85431620852246,15.102511094049282,3.047350965140624,0.0,4.063134620187499
15.866666666666667,0.2025067121837859,45.00149159639687,0.533692257686748,0.4836160626976466,1.2696584979311014,0.18744577258150563,1.2760378946823487,1.0125335609189294,0.9606460638361464,0.0,0.14992097943627045,1.7775218971035418,0.09372288629075282,77.82555119667646,15.127688847883498,3.052414568525168,0.0,4.069886091366891
15.9,0.20243189156716004,44.98486479270223,0.5334950731915875,0.4834373799684126,1.2691893943113002,0.1873765165645706,1.275566434052286,1.0121594578358002,0.9602911317448575,0.0,0.1498655877902079,1.77686515203582,0.0936882582822853,77.79679681284892,15.152857299109575,3.0574763010232795,0.0,4.07663506803104
15.933333333333334,0.20235709859504414,44.96824413223204,0.5332979615515969,0.4832587632583683,1.2687204640145784,0.18730728613615294,1.2750951476161643,1.0117854929752206,0.9599363307928745,0.0,0.14981021661009417,1.7762086496204097,0.09365364306807647,77.76805305310987,15.178016451167437,3.0625361633267754,0.0,4.083381551102368
15.966666666666667,0.202282333257212,44.95162961271378,0.5331009227398259,0.48308021254309214,1.268251706976821,0.18723808128678704,1.2746240353095462,1.01141166628606,0.9595816609316866,0.0,0.14975486588835857,1.7755523897675494,0.09361904064339352,77.73931991352923,15.203166307497002,3.067594156127472,0.0,4.090125541503297
16.0,0.20220759554343745,44.93502123187499,0.5329039567293241,0.48290172779816243,1.2677831231339127,0.18716890200700725,1.2741530970679946,1.0110379777171872,0.9592271221127834,0.0,0.14969953561743035,1.7748963723874778,0.09358445100350363,77.710597390177,15.22830687153819,3.0726502801171867,0.0,4.0968670401562495
16.03333333333333,0.20213288544349434,44.9184189874432,0.532707063493141,0.48272330899915766,1.2673147124217385,0.187099748287348,1.273682332827072,1.0106644272174716,0.9588727142876539,0.0,0.14964422578973888,1.7742405973904338,0.093549874143674,77.68188547912312,15.25343814673092,3.0777045359877353,0.0,4.103606047983648
16.066666666666666,0.20205820294715646,44.90182287714588,0.5325102430043265,0.4825449561216561,1.2668464747761832,0.18703062011834357,1.2732117425223413,1.0102910147357822,0.9585184374077876,0.0,0.1495889363977134,1.7735850646866564,0.09351531005917178,77.65318417643759,15.278560136515114,3.0827569244309356,0.0,4.1103425659079145
16.1,0.20198354804419766,44.88523289871059,0.53231349523593,0.48236666914123616,1.2663784101331317,0.1869615174905284,1.2727413260893647,1.0099177402209882,0.958164291424674,0.0,0.1495336674337832,1.772929774186384,0.0934807587452642,77.62449347819036,15.303672844330693,3.087807446138603,0.0,4.117076594851472
16.133333333333333,0.20190892072439173,44.868649049864835,0.5321168201610013,0.4821884480334763,1.2659105184284687,0.18689244039443684,1.2722710834637059,1.0095446036219586,0.9578102762898023,0.0,0.14947841889037766,1.772274725799856,0.09344622019721842,77.59581338045142,15.32877627361757,3.092856101802555,0.0,4.12380813573674
16.166666666666668,0.20183432097751255,44.85207132833613,0.5319202177525899,0.48201029277395485,1.2654427995980788,0.1868233888206033,1.2718010145809264,1.0091716048875627,0.9574563919546618,0.0,0.149423190759926,1.7716199194373103,0.09341169441030164,77.56714387929071,15.353870427815673,3.097902892114608,0.0,4.130537189486145
16.2,0.201759748793334,44.835499731852,0.5317236879837455,0.48183220333825016,1.2649752535778476,0.1867543627595621,1.27133111937659,1.00879874396667,0.9571026383707419,0.0,0.14936798303485754,1.7709653550089866,0.09337718137978104,77.53848497077823,15.378955310364915,3.1029478177665784,0.0,4.137263757022105
16.233333333333334,0.20168520416162977,44.81893425813995,0.5315272308275178,0.4816541797019407,1.2645078803036596,0.18668536220184764,1.2708613977862586,1.0084260208081488,0.9567490154895321,0.0,0.14931279570760161,1.7703110324251232,0.09334268110092382,77.50983665098391,15.404030924705221,3.1079908794502837,0.0,4.143987839267046
16.266666666666666,0.20161068707217378,44.80237490492751,0.5313308462569564,0.48147622184060473,1.2640406797113997,0.1866163871379943,1.2703918497454956,1.0080534353608688,0.9563955232625214,0.0,0.14925762877058746,1.7696569515959593,0.09330819356899715,77.48119891597777,15.429097274276506,3.113032077857539,0.0,4.150709437143386
16.3,0.2015361975147398,44.78582166994218,0.5311345342451108,0.4812983297298207,1.2635736517369522,0.18654743755853645,1.269922475189863,1.007680987573699,0.9560421616411995,0.0,0.1492024822162444,1.7690031124317331,0.09327371877926822,77.45257176182974,15.454154362518697,3.118071413680163,0.0,4.157428551573552
16.316127954598873,0.20150016646883775,44.777814770852835,0.5310395769470199,0.48121228224840096,1.2633477475033321,0.18651408623322388,1.2696954359008428,1.0075008323441887,0.9558712385046357,0.0,0.1491758074970043,1.7686868465046648,0.09325704311661194,77.43872463559241,15.466274626455363,3.1205089706558717,0.0,4.160678627541164
16.333333333333332,0.2014617354791017,44.7692745509115,0.5309382947650308,0.481120503345167,1.2631067963162028,0.18647851345400848,1.269453274054924,1.0073086773955084,0.9556889305770556,0.0,0.14914735603700177,1.7683495148426838,0.09323925672700424,77.42395518460982,15.479202192871705,3.123108887609971,0.0,4.164145183479962
16.366666666666667,0.2013873009550333,44.75273354556296,0.5307421277897661,0.48094274266222203,1.262640113385036,0.18640961481494472,1.2689842462762413,1.0069365047751664,0.9553358300215791,0.0,0.14909225022528882,1.7676961587390503,0.09320480740747236,77.39534918038795,15.504240768775459,3.12814450033878,0.0,4.1708593337850415
16.4,0.20131289393230845,44.73619865162411,0.5305460332923663,0.4807650476565642,1.2621736028793364,0.18634074163187958,1.2685153917893774,1.0065644696615421,0.9549828599262593,0.0,0.1490371647735349,1.767043044031071,0.09317037081593979,77.36675374523413,15.529270093669869,3.1331782525584067,0.0,4.1775710034112095
16.433333333333334,0.20123851440070087,44.719669866822414,0.5303500112458808,0.4805874183037718,1.2617072647349894,0.18627189389534743,1.2680467105298951,1.0061925720035043,0.9546300202425855,0.0,0.14898209967416925,1.766390170628985,0.09313594694767371,77.3381688752183,15.554290170994864,3.138210144960668,0.0,4.184280193280892
16.466666666666665,0.20116416234998458,44.70314718888546,0.5301540616233595,0.4804098545794232,1.2612410988878795,0.18620307159588262,1.267578202433357,1.0058208117499228,0.9542773109220472,0.0,0.1489270549196212,1.7657375384430312,0.09310153579794131,77.30959456641045,15.579301004190357,3.14324017823738,0.0,4.1909869043165076
16.5,0.2010898377699332,44.686630615540714,0.529958184397852,0.4802323564590969,1.2607751052738914,0.18613427472401955,1.267109867435326,1.005449188849666,0.9539247319161336,0.0,0.14887203050232004,1.765085147383448,0.09306713736200978,77.28103081488054,15.604302596696275,3.14826835308036,0.0,4.197691137440481
16.53333333333333,0.20101554065032073,44.670120144515714,0.5297623795424078,0.48005492391837123,1.2603092838289105,0.18606550327029261,1.2666417054713648,1.0050777032516036,0.9535722831763341,0.0,0.14881702641469507,1.7644329973604744,0.09303275163514631,77.25247761669854,15.629294951952529,3.153294670181424,0.0,4.204392893575233
16.566666666666666,0.20094127098092085,44.653615773537965,0.5295666470300767,0.4798775569328246,1.259843634488821,0.18599675722523612,1.266173716477036,1.0047063549046042,0.953219964654138,0.0,0.1487620426491756,1.7637810882843494,0.09299837861261806,77.22393496793443,15.654278073399047,3.1583191302323894,0.0,4.211092173643187
16.6,0.20086702876323492,44.6371175029411,0.5293709868648149,0.47970025550604195,1.2593781572630356,0.1859280365902397,1.2657059004617992,1.0043351438161745,0.9528677763566669,0.0,0.148707079206873,1.7631294201682497,0.09296401829511985,77.19540286916514,15.67925196053084,3.163341733131696,0.0,4.217788977508929
16.633333333333333,0.20079281398271973,44.62062532949328,0.5291753990082952,0.47952301960329247,1.258912852060373,0.18585934135184182,1.2652382573340148,1.0039640699135985,0.9525157182149314,0.0,0.14865213607702066,1.762477992884522,0.09292967067592091,77.16688131480157,15.704216618239979,3.1683624798632093,0.0,4.22448330648428
16.666666666666668,0.2007186266200244,44.60413924889431,0.5289798834095196,0.4793458491783632,1.258447718759509,0.18579067149213077,1.2647707869717493,1.003593133100122,0.9521637901371354,0.0,0.1485972132452926,1.7618268062633122,0.09289533574606539,77.138370297407,15.729172053035782,3.1733813717360446,0.0,4.2311751623147265
16.7,0.20064446666516653,44.587659258925896,0.5287844400421802,0.47916874420741457,1.257982757297856,0.18572202700186652,1.264303489312101,1.0032223333258325,0.9518119920759243,0.0,0.14854231070429852,1.7611758602169982,0.09286101350093326,77.10986981314504,15.754118268276194,3.1783984094255326,0.0,4.237864545900711
16.733333333333334,0.2005703341081635,44.57118535736967,0.5285890688799685,0.4789917046666069,1.2575179676128267,0.18565340787180895,1.2638363642921673,1.0028516705408175,0.9514603239839432,0.0,0.14848742844664814,1.7605251546579572,0.09282670393590448,77.08137985817929,15.779055267319178,3.1834135936070074,0.0,4.244551458142677
16.766666666666666,0.20049622893903296,44.55471754200733,0.5283937698965765,0.4788147305321005,1.257053349641834,0.18558481409271801,1.2633694118490473,1.0024811446951647,0.9511087858138376,0.0,0.14843256646495115,1.7598746894985673,0.09279240704635901,77.0529004286734,15.803983053522678,3.1884269249557993,0.0,4.251235899941066
16.8,0.20042215114779227,44.538255810620505,0.5281985430656958,0.47863782178005554,1.25658890332229,0.18551624565535363,1.2629026319198382,1.0021107557389612,0.9507573775182525,0.0,0.1483777247518172,1.7592244646512056,0.09275812282767681,77.02443152079094,15.828901630244658,3.1934384041472414,0.0,4.257917872196322
16.82698716579979,0.20036219670747007,44.52493260166001,0.5280405373370519,0.47849464168465433,1.2562130063269614,0.1854607501793534,1.2625248462307588,1.0018109835373503,0.9504729672066935,0.0,0.14833333892224285,1.7586982088577459,0.0927303750896767,77.00139037161398,15.84906933902713,3.197494416415923,0.0,4.263325888554565
16.833333333333332,0.20034810072445894,44.52180016099088,0.5280033883610185,0.4784609783866324,1.2561246285916075,0.1854477025504757,1.2624360244416386,1.0017405036222946,0.9504060990498333,0.0,0.14832290329985603,1.7585744800282503,0.09272385127523786,76.99597313069555,15.853811000843063,3.1984480318566657,0.0,4.264597375808888
16.866666666666667,0.20027407765905056,44.505350590900136,0.5278083057562362,0.47828420032799124,1.2556605253871989,0.18537918476884416,1.2619695893515468,1.0013703882952527,0.9500549503612251,0.0,0.1482681021016773,1.7579247355420784,0.09268959238442208,76.96752525455084,15.878711168675855,3.2034558087594047,0.0,4.271274411679207
16.9,0.20020008194158448,44.48890709812989,0.5276132952250407,0.47810748758029264,1.2551965936464773,0.1853106923012189,1.2615033265866602,1.0010004097079224,0.9497039314050734,0.0,0.14821332114989072,1.7572752311050681,0.09265534615060946,76.9390878885204,15.90360213710098,3.20846173553079,0.0,4.277948980707721
16.933333333333334,0.20012611356207835,44.472469680461856,0.527418356741124,0.4779308401196967,1.2547328333068548,0.18524222513835986,1.2610372360840776,1.0006305678103917,0.9493530421340233,0.0,0.14815856043710598,1.7566259666295965,0.09262111256917993,76.91066102876789,15.928483909476402,3.2134658128461546,0.0,4.284621083794873
16.966666666666665,0.20005217251054952,44.456038335677675,0.5272234902781777,0.4777542579223638,1.2542692443057442,0.185173783271027,1.2605713177808968,1.0002608625527476,0.9490022825007199,0.0,0.14810381995593278,1.7559769420280416,0.0925868916355135,76.8822446714569,15.953356489160065,3.2184680413808295,0.0,4.291290721841106
17.0,0.1999782587770156,44.43961306155903,0.5270286958098938,0.4775777409644542,1.2538058265805578,0.18510536668998012,1.260105571614216,0.999891293885078,0.9486516524578088,0.0,0.1480490996989808,1.7553281572127808,0.09255268334499006,76.85383881275104,15.978219879509929,3.223468421810148,0.0,4.2979578957468645
17.03333333333333,0.19990437235149405,44.42319385588757,0.526833973309964,0.4774012892221282,1.2533425800687086,0.18503697538597927,1.2596399975211332,0.9995218617574703,0.9483011519579351,0.0,0.14799439965885974,1.7546796120961918,0.09251848769298963,76.82544344881391,16.003074083883945,3.2284669548094413,0.0,4.304622606412589
17.066666666666666,0.19983051322400236,44.40678071644497,0.5266393227520799,0.47722490267154605,1.2528795047076087,0.18496860934978432,1.2591745954387463,0.9991525661200117,0.9479507809537439,0.0,0.14793971982817927,1.754031306590652,0.09248430467489216,76.79705857580915,16.02791910564007,3.2334636410540427,0.0,4.311284854738725
17.1,0.19975668138455796,44.39037364101288,0.5264447441099336,0.4770485812888681,1.252416600434671,0.18490026857215516,1.2587093653041543,0.9987834069227898,0.9476005393978805,0.0,0.1478850601995491,1.7533832406085395,0.09245013428607758,76.76868418990037,16.052754948136258,3.238458481219284,0.0,4.317944641625712
17.133333333333333,0.19968287682317845,44.373972627372986,0.5262502373572169,0.4768723250502547,1.2519538671873083,0.18483195304385175,1.2582443070544542,0.9984143841158922,0.9472504272429904,0.0,0.14783042076557895,1.7527354140622313,0.09241597652192587,76.74032028725117,16.07758161473046,3.2434514759804967,0.0,4.324601967973996
17.166666666666668,0.19960909952988126,44.35757767330695,0.5260558024676214,0.476696133931866,1.2514913049029326,0.18476366275563397,1.257779420626745,0.9980454976494063,0.9469004444417186,0.0,0.14777580151887845,1.7520878268641056,0.09238183137781698,76.71196686402517,16.10239910878063,3.2484426260130137,0.0,4.331256834684019
17.2,0.19953534949468393,44.34118877659643,0.5258614394148391,0.4765200079098624,1.251028913518957,0.1846953976982618,1.2573147059581242,0.9976767474734196,0.9465505909467105,0.0,0.14772120245205733,1.7514404789265396,0.0923476988491309,76.683623916386,16.127207433644724,3.2534319319921665,0.0,4.337909242656223
17.233333333333334,0.19946162670760392,44.3248059350231,0.5256671481725617,0.4763439469604042,1.2505666929727937,0.1846271578624951,1.25685016298569,0.9973081335380195,0.9462008667106111,0.0,0.1476666235577253,1.750793370161911,0.09231357893124754,76.65529144049724,16.1520065926807,3.2584193945932887,0.0,4.344559192791052
17.266666666666666,0.19938793115865872,44.3084291463686,0.525472928714481,0.47616795105965165,1.2501046432018554,0.1845589432390938,1.2563857916465409,0.9969396557932936,0.945851271686066,0.0,0.147612064828492,1.7501465004825976,0.0922794716195469,76.62696943252253,16.176796589246504,3.26340501449171,0.0,4.351206685988948
17.3,0.19931426283786582,44.292058408414626,0.525278781014289,0.47599202018376513,1.2496427641435548,0.18449075381881783,1.2559215918777746,0.9965713141893291,0.9455018058257203,0.0,0.1475575262569672,1.7494998698009767,0.09224537690940891,76.59865788862548,16.201577426700094,3.2683887923627655,0.0,4.357851723150355
17.333333333333332,0.1992406217352428,44.27569371894285,0.5250847050456773,0.4758161543089049,1.2491810557353047,0.18442258959242713,1.2554575636164897,0.9962031086762139,0.9451524690822192,0.0,0.1475030078357605,1.7488534780294265,0.09221129479621357,76.5703568049697,16.226349108399422,3.273370728881785,0.0,4.364494305175715
17.353841417882688,0.19919532811639648,44.26562847031033,0.5249653368852829,0.47570798642955137,1.2488970778490898,0.1843806645752951,1.255172158883916,0.9959766405819823,0.9449376063935093,0.0,0.14746947579316091,1.7484559089887255,0.09219033228764754,76.55294997033003,16.241585152797274,3.276434913498412,0.0,4.36857988466455
17.366666666666667,0.19916700784080701,44.259335075734896,0.5248907007823378,0.4756403534112311,1.2487195179145172,0.1843544505506816,1.2549937067997834,0.995835039204035,0.944803261408208,0.0,0.14744850955748165,1.7482073250803238,0.0921772252753408,76.5420661777188,16.251111637702447,3.2783508247241024,0.0,4.37113443296547
17.4,0.19909342114457607,44.24298247657246,0.5246967681979622,0.4754646174669044,1.2482581506186048,0.18428633668434113,1.2545300213647548,0.9954671057228803,0.944454182756332,0.0,0.14739403141474036,1.7475614108660467,0.09214316834217057,76.5137860030364,16.275865017967117,3.2833290805650486,0.0,4.377772107420065
17.433333333333334,0.19901986163656743,44.22663591923721,0.5245029072662424,0.4752889464520847,1.2477969537849807,0.1842182479841657,1.2540665072485018,0.9950993081828371,0.9441052330792363,0.0,0.14733957340014625,1.7469157352989728,0.09210912399208285,76.48551627708612,16.300609252551393,3.288305497079957,0.0,4.384407329439943
17.466666666666665,0.19894632930679856,44.2102954015108,0.5243091179608702,0.47511334034293246,1.247335927351057,0.18415018444091516,1.253603164388122,0.9947316465339928,0.9437564123295663,0.0,0.14728513550630906,1.7462702982914797,0.09207509222045758,76.45725699603156,16.32534434481322,3.293280074944158,0.0,4.391040099925545
17.5,0.198872824145287,44.19396092117489,0.5241154002555374,0.474937799115608,1.2468750712542465,0.18408214604534948,1.2531399927207136,0.994364120726435,0.9434077204599672,0.0,0.14723071772583848,1.7456250997559448,0.09204107302267474,76.42900815603633,16.350070298110563,3.298252814832986,0.0,4.397670419777315
17.53333333333333,0.19879934614205022,44.17763247601116,0.5239217541239357,0.4747623227462716,1.2464143854319616,0.1840141327882286,1.2526769921833751,0.9939967307102511,0.9430591574230843,0.0,0.1471763200513442,1.7449801396047462,0.0920070663941143,76.40076975326406,16.374787115801364,3.3032237174217713,0.0,4.404298289895696
17.566666666666666,0.1987258952871057,44.16131006380127,0.5237281795397571,0.4745869112110836,1.2459538698216148,0.18394614466031237,1.2522141627132048,0.9936294764355286,0.9427107231715628,0.0,0.14712194247543592,1.7443354177502608,0.09197307233015618,76.37254178387836,16.399494801243588,3.3081927833858473,0.0,4.41092371118113
17.6,0.19865247157047097,44.144993682326884,0.5235346764766933,0.47441156448620425,1.245493524360619,0.18387818165236072,1.2517515042473002,0.9932623578523548,0.942362417658048,0.0,0.1470675849907233,1.7436909341048668,0.09193909082618036,76.34432424404284,16.424193357795183,3.313160013400546,0.0,4.417546684534062
17.633333333333333,0.19857907498216354,44.12868332936968,0.5233412449084361,0.4742362825477939,1.245033348986387,0.18381024375513363,1.2512890167227595,0.9928953749108176,0.942014240835185,0.0,0.1470132475898161,1.7430466885809417,0.09190512187756682,76.31611712992111,16.4488827888141,3.3181254081411984,0.0,4.4241672108549315
17.666666666666668,0.19850570551220081,44.112379002711286,0.5231478848086774,0.47406106537201265,1.2445733436363307,0.183742330959391,1.2508267000766813,0.9925285275610041,0.9416661926556192,0.0,0.14695893026532392,1.7424026810908628,0.0918711654796955,76.28792043767679,16.473563097658303,3.3230889682831384,0.0,4.430785291044185
17.7,0.1984323631506004,44.09608070013342,0.5229545961511088,0.473885912935021,1.2441135082478632,0.1836744432558927,1.2503645542461632,0.9921618157530019,0.9413182730719959,0.0,0.1469046330098565,1.7417589115470082,0.09183722162794634,76.2597341634735,16.498234287685733,3.3280506945016968,0.0,4.437400926002263
17.733333333333334,0.19835904788737968,44.0797884194177,0.5227613789094223,0.47371082521297925,1.2436538427583965,0.18360658063539867,1.2499025791683036,0.9917952394368984,0.9409704820369602,0.0,0.14685035581602357,1.7411153798617551,0.09180329031769933,76.23155830347484,16.522896362254357,3.3330105874722067,0.0,4.444014116629609
17.766666666666666,0.19828575971255624,44.063502158345834,0.5225682330573097,0.4735358021820476,1.243194347105344,0.18353874308866885,1.2494407747802003,0.9914287985627812,0.9406228195031575,0.0,0.14679609867643476,1.7404720859474814,0.09176937154433443,76.20339285384442,16.54754932472212,3.3379686478699995,0.0,4.4506248638266666
17.8,0.19821249861614754,44.04722191469945,0.5223751585684627,0.4733608438183864,1.2427350212261175,0.18347093060646316,1.2489791410189517,0.9910624930807377,0.940275285423233,0.0,0.14674186158369978,1.7398290297165644,0.09173546530323158,76.17523781074587,16.572193178446984,3.3429248763704082,0.0,4.457233168493878
17.833333333333332,0.1981392645881711,44.030947686260255,0.5221821554165732,0.47318595009815595,1.24227586505813,0.1834031431795415,1.2485176778216562,0.9906963229408554,0.9399278797498318,0.0,0.14668764453042835,1.739186211081382,0.09170157158977076,76.14709317034281,16.596827926786894,3.3478792736487644,0.0,4.463839031531687
17.866666666666667,0.19806605761864438,44.01467947080986,0.5219892235753331,0.47301112099751647,1.2418168785387942,0.18333538079866382,1.2480563851254112,0.9903302880932218,0.9395806024355995,0.0,0.1466334475092301,1.7385436299543118,0.09166769039933191,76.11895892879883,16.62145357309981,3.352831840380401,0.0,4.470442453840535
17.897191516797946,0.1979990423917301,43.999787198162245,0.5218126096381179,0.47285107869654,1.241396712454298,0.18327334966474135,1.2476341079172082,0.9899952119586505,0.9392626973486122,0.0,0.1465838343959274,1.7379553974360171,0.09163667483237067,76.09320424187052,16.64399641685143,3.3573655259772,0.0,4.476487367969601
17.9,0.1979928776975849,43.998417266129984,0.5217963630184339,0.4728363564926284,1.2413580616055224,0.18326764345458998,1.247595262867315,0.9899643884879243,0.939233453433181,0.0,0.1465792705127148,1.7379012862477314,0.09163382172729499,76.09083508227755,16.646070120743683,3.357782577240649,0.0,4.477043436320866
17.933333333333334,0.19791972481501008,43.98216107000225,0.5216035737195676,0.4726616565596518,1.2408994141957275,0.18319993113807997,1.2471343109844664,0.9895986240750504,0.9388864326952217,0.0,0.14652511353349207,1.7372591798740182,0.09159996556903999,76.0627216269426,16.67067757307647,3.3627314849048417,0.0,4.483641979873123
17.966666666666665,0.19784659896093754,43.96591088020835,0.521410855652426,0.4724870211747473,1.2404409362468216,0.18313224383989365,1.2466735294139626,0.9892329948046876,0.9385395401743668,0.0,0.14647097656417166,1.73661731074555,0.09156612191994683,76.03461855895758,16.69527593345612,3.36767856404831,0.0,4.490238085397747
18.0,0.1977735001253847,43.94966669452994,0.5212182087907009,0.47231245031407504,1.2399826276962174,0.18306458155079097,1.246212918092902,0.9888675006269234,0.9381927758232617,0.0,0.14641685959736325,1.7359756787747043,0.09153229077539549,76.0065258744861,16.719865205240595,3.372623815346388,0.0,4.496831753795185
18.03333333333333,0.19770042829836906,43.93342851074868,0.5210256331080841,0.47213794395379516,1.2395244884813277,0.18299694426153187,1.245752476958383,0.9885021414918452,0.9378461395945515,0.0,0.1463627626256765,1.7353342838738588,0.09149847213076594,75.97844356969178,16.744445391787842,3.377567239474406,0.0,4.503422985965875
18.066666666666666,0.19762738346990813,43.91719632664625,0.5208331285782675,0.4719635020700681,1.2390665185395653,0.18292933196287622,1.2452922059475036,0.9881369173495406,0.9374996314408814,0.0,0.14630868564172111,1.7346931259553913,0.09146466598143811,75.95037164073824,16.76901649645582,3.3825088371076975,0.0,4.510011782810264
18.1,0.19755436563001938,43.900970140004304,0.5206406951749427,0.47178912463905426,1.238608717808342,0.18286174464558397,1.2448321049973616,0.9877718281500969,0.9371532513148969,0.0,0.14625462863810682,1.7340522049316789,0.09143087232279198,75.92231008378909,16.79357852260248,3.387448608921594,0.0,4.516598145228793
18.133333333333333,0.19748137476872035,43.88474994860453,0.5204483328718017,0.4716148116369138,1.2381510862250713,0.18279418230041503,1.2443721740450553,0.9874068738436017,0.9368069991692431,0.0,0.14620059160744328,1.7334115207150997,0.09139709115020751,75.89425889500792,16.818131473585776,3.3923865555914277,0.0,4.5231820741219035
18.166666666666668,0.19740841087602848,43.86853575022855,0.5202560416425362,0.471440563039807,1.2376936237271652,0.1827266449181293,1.243912413027683,0.9870420543801424,0.9364608749565653,0.0,0.14614657454234017,1.7327710732180313,0.09136332245906464,75.86621807055839,16.842675352763663,3.397322677792531,0.0,4.529763570390042
18.2,0.19733547394196133,43.85232754265808,0.5200638214608381,0.4712663788238942,1.2372363302520364,0.18265913248948673,1.2434528218823426,0.9866773697098066,0.9361148786295086,0.0,0.1460925774354072,1.7321308623528509,0.09132956624474337,75.83818760660408,16.867210163494093,3.4022569762002357,0.0,4.536342634933648
18.233333333333334,0.1972625639565363,43.836125323674736,0.5198716723003991,0.47109225896533574,1.2367792057370974,0.18259164500524724,1.2429934005461323,0.9863128197826815,0.9357690101407184,0.0,0.14603860027925408,1.7314908880319364,0.09129582250262362,75.8101674993086,16.891735909135026,3.407189451489875,0.0,4.542919268653167
18.266666666666666,0.197189680909771,43.819929091060224,0.519679594134911,0.47091820344029195,1.2363222501197613,0.18252418245617075,1.24253414895615,0.9859484045488549,0.9354232694428399,0.0,0.1459846430664905,1.7308511501676656,0.09126209122808537,75.7821577448356,16.916252593044405,3.4121201043367795,0.0,4.54949347244904
18.3,0.19711682479168283,43.80373884259618,0.5194875869380658,0.47074421222492296,1.23586546333744,0.18245674483301713,1.2420750670494944,0.9855841239584141,0.9350776564885185,0.0,0.1459307057897261,1.7302116486724157,0.09122837241650857,75.75415833934866,16.9407602185802,3.417048935416283,0.0,4.556065247221711
18.333333333333332,0.19704399559228936,43.78755457606431,0.5192956506835551,0.4705702852953892,1.2354088453275462,0.18238933212654637,1.2416161547632627,0.9852199779614467,0.9347321712303992,0.0,0.14587678844157065,1.7295723834585646,0.09119466606327319,75.7261692790114,16.965258789100346,3.421975945403716,0.0,4.562634593871622
18.366666666666667,0.196971193301608,43.77137628924622,0.5191037853450707,0.4703964226278509,1.2349523960274926,0.18232194432751836,1.241157412034554,0.98485596650804,0.9343868136211274,0.0,0.14582289101463378,1.7289333544384897,0.09116097216375918,75.69819055998745,16.989748307962813,3.4269011349744125,0.0,4.569201513299217
18.4,0.19689841790965631,43.755203979923635,0.5189119908963046,0.47022262419846844,1.234496115374692,0.18225458142669299,1.2406988388004656,0.9844920895482815,0.9340415836133483,0.0,0.1457690135015252,1.7282945615245688,0.09112729071334649,75.6702221784404,17.014228778525545,3.431824504803703,0.0,4.575766006404938
18.433333333333334,0.19682566940645177,43.73903764587817,0.5187202673109484,0.470048889983402,1.2340400033065568,0.18218724341483022,1.240240434998096,0.9841283470322588,0.9336964811597073,0.0,0.14571515589485462,1.7276560046291796,0.09109362170741511,75.64226413053387,17.038700204146505,3.436746055566921,0.0,4.5823280740892285
18.457553948768624,0.19677282586238712,43.72729463608603,0.5185810018513896,0.46992269176288903,1.233708689573501,0.18213832997963428,1.2399074565798074,0.9838641293119356,0.9334458033325013,0.0,0.1456760344464956,1.7271921654029014,0.09106916498981714,75.62195577680245,17.05647592187488,3.440321004509737,0.0,4.587094672679649
18.466666666666665,0.19675294778201188,43.72287728489153,0.5185286145626942,0.4698752199588121,1.2335840597604997,0.18211993028268994,1.2397822005645431,0.9837647389100593,0.9333515062128495,0.0,0.14566131818723174,1.7270176836646993,0.09105996514134497,75.61431641243149,17.063162588183637,3.441665787939398,0.0,4.588887717252531
18.5,0.1966802530263541,43.70672289474536,0.5183370326252333,0.46970161410085876,1.2331282846739329,0.1820526420210321,1.2393241354369056,0.9834012651317705,0.9330066587254201,0.0,0.1456075003712662,1.726379598543506,0.09102632101051605,75.58637902029687,17.087615933994904,3.4465837025964667,0.0,4.595444936795289
18.53333333333333,0.196607585129496,43.69057447322133,0.518145521472258,0.4695280723857023,1.2326726779842694,0.18198537862061662,1.2388662395522807,0.9830379256474799,0.9326619386500644,0.0,0.14555370243956772,1.7257417491779772,0.09099268931030831,75.5584519502936,17.112060244938256,3.4514998002134583,0.0,4.601999733617944
18.566666666666666,0.196534944081455,43.67443201810111,0.5179540810774599,0.46935459478950325,1.2322172396289215,0.18191814007220336,1.2384085128477673,0.9826747204072749,0.9323173459394278,0.0,0.14549992438474602,1.7251041354804901,0.09095907003610168,75.53053519858533,17.136495524371647,3.456414081465706,0.0,4.608552108620942
18.6,0.1964623298722486,43.65829552716635,0.5177627114145308,0.4691811812884218,1.231761969545302,0.1818509263665523,1.237950955260463,0.9823116493612429,0.9319728805461555,0.0,0.14544616619941075,1.7244667573634227,0.09092546318327616,75.50262876133564,17.16092177565303,3.4613265470285417,0.0,4.615102062704723
18.633333333333333,0.19638974249189434,43.642164998198744,0.5175714124571625,0.46900783185861816,1.2313068676708234,0.18178373749442334,1.237493566727466,0.9819487124594717,0.9316285424228926,0.0,0.14539242787617163,1.7238296147391527,0.09089186874721167,75.47473263470816,17.18533900214036,3.4662371975772968,0.0,4.621649596769729
18.666666666666668,0.1963171819304097,43.626040428979934,0.5173801841790469,0.4688345464762527,1.2308519339428983,0.1817165734465764,1.2370363471858747,0.9815859096520484,0.9312843315222844,0.0,0.14533870940763835,1.7231927075200575,0.0908582867232882,75.4468468148665,17.20974720719159,3.471146033787305,0.0,4.628194711716407
18.7,0.19624464817781215,43.60992181729159,0.5171890265538758,0.46866132511748576,1.230397168298939,0.18164943421377142,1.236579296572787,0.9812232408890607,0.9309402477969764,0.0,0.1452850107864206,1.7225560356185146,0.09082471710688571,75.41897129797428,17.234146394164675,3.476053056333897,0.0,4.634737408445196
18.733333333333334,0.1961721412241192,43.593809160915384,0.5169979395553408,0.4684881677584775,1.2299425706763585,0.18158231978676825,1.2361224148253012,0.980860706120596,0.9305962911996135,0.0,0.14523133200512803,1.7219195989469018,0.09079115989338413,75.39110608019512,17.258536566417575,3.4809582658924056,0.0,4.641277687856541
18.766666666666666,0.19609966105934837,43.57770245763297,0.516806923157134,0.46831507437538833,1.2294881410125693,0.1815152301563269,1.2356657018805148,0.9804983052967418,0.9302524616828411,0.0,0.1451776730563704,1.721283397417597,0.09075761507816345,75.3632511576926,17.28291772730823,3.485861663138163,0.0,4.6478155508508845
18.8,0.1960272076735171,43.56160170522603,0.516615977332947,0.46814204494437855,1.229033879244984,0.18144816531320723,1.2352091576755264,0.9801360383675854,0.9299087591993045,0.0,0.14512403393275736,1.7206474309429773,0.09072408265660362,75.33540652663036,17.30728988019461,3.490763248746502,0.0,4.6543509983286695
18.833333333333332,0.19595478105664293,43.545506901476216,0.5164251020564716,0.4679690794416085,1.2285797853110147,0.18138112524816918,1.2347527821474344,0.9797739052832146,0.929565183701649,0.0,0.14507041462689862,1.7200116994354204,0.09069056262408459,75.30757218317203,17.33165302843466,3.495663023392753,0.0,4.660884031190338
18.866666666666667,0.19588238119874335,43.5294180441652,0.5162342973013998,0.46779617784323824,1.2281258591480746,0.18131410995197267,1.2342965752333366,0.9794119059937166,0.9292217351425197,0.0,0.14501681513140385,1.7193762028073043,0.09065705497598633,75.2797481234812,17.35600717538633,3.5005609877522503,0.0,4.667414650336334
18.9,0.19581000808983584,43.51333513107463,0.5160435630414233,0.46762334012542833,1.2276721006935758,0.1812471194153776,1.233840536870331,0.9790500404491792,0.9288784134745619,0.0,0.1449632354388828,1.7187409409710062,0.0906235597076888,75.25193434372149,17.380352324407582,3.5054571425003243,0.0,4.673942856667099
18.933333333333334,0.19573766172836138,43.49725816185809,0.5158528992724333,0.4674505662844555,1.2272185099377442,0.18118015363694093,1.2333846670485937,0.9786883086418068,0.9285352186903799,0.0,0.1449096755481812,1.7181059139128418,0.09059007681847046,75.22413084329374,17.404688476022855,3.510351487742448,0.0,4.680468650323264
18.966666666666665,0.195665342106689,43.481187134819784,0.5156623059743191,0.4672778563020958,1.2267650868327356,0.1811132126095992,1.2329289657200408,0.978326710533445,0.9281921507537744,0.0,0.1448561354536497,1.7174711215658296,0.0905566063047996,75.1963376192653,17.42901563279906,3.5152440239948652,0.0,4.686992031993154
19.0,0.19559304920266907,43.46512204503757,0.5154717830887067,0.46710521012545264,1.2263118312396775,0.18104629631285007,1.2324734327451021,0.9779652460133452,0.927849209559672,0.0,0.1448026151388903,1.7168365637355485,0.09052314815642504,75.16855466312379,17.453333802187007,3.520134752756038,0.0,4.693513003674717
19.03333333333333,0.1955207830065745,43.449062890349886,0.5152813305899611,0.46693262773129635,1.225858743097585,0.18097940473768992,1.232018068062486,0.9776039150328724,0.92750639506193,0.0,0.14474911459670187,1.7162022403366188,0.09048970236884496,75.14078197113102,17.47764298745871,3.525023674684015,0.0,4.700031566245353
19.035461371240668,0.1955161703571648,43.448037857147725,0.5152691742754822,0.4669216120403986,1.2258298231202773,0.18097513514275687,1.2319890027768061,0.9775808517858239,0.927484513695868,0.0,0.14474569973252358,1.716161752368388,0.09048756757137844,75.13900927935741,17.479194608481453,3.5253357276778607,0.0,4.700447636903815
19.066666666666666,0.19544854350867824,43.43300966859516,0.5150909484524474,0.46676010909639737,1.2254058223454716,0.18091253787511516,1.2315628716108997,0.9772427175433911,0.9271637072144054,0.0,0.14469563381988318,1.7155681512836602,0.09045626893755758,75.11301953954877,17.501943191886195,3.5299107904368467,0.0,4.706547720582462
19.1,0.19537633069925328,43.41696237761184,0.5149006366505308,0.46658765419752596,1.2249530689223522,0.18084569571612213,1.2311078433290514,0.9768816534962663,0.9268211459709554,0.0,0.14464217280123304,1.714934296491293,0.09042284785806107,75.08526736463885,17.526234418741474,3.534796100672582,0.0,4.713061467563443
19.133333333333333,0.1953041445685726,43.40092101523835,0.5147103951585763,0.46641526301145253,1.2245004827672408,0.18077887825170727,1.230652983155649,0.9765207228428628,0.9264787112854374,0.0,0.14458873153355029,1.714300675874137,0.09038943912585364,75.05752544266304,17.550516671296567,3.53967960604927,0.0,4.719572808065693
19.166666666666668,0.1952319851069091,43.38488557931314,0.5145202239509489,0.4662429355149476,1.2240480638191518,0.1807120854728669,1.2301982910294,0.9761599255345454,0.926136403111708,0.0,0.14453531000963377,1.7136672893468123,0.09035604273643345,75.02979376988311,17.574789952823497,3.544561307224961,0.0,4.726081742966614
19.2,0.1951598523045358,43.36885606767463,0.5143301230020136,0.4660706716847815,1.223595812017099,0.1806453173705975,1.229743766889013,0.9757992615226789,0.9257942214036247,0.0,0.14448190822228227,1.7130341368239388,0.09032265868529875,75.00207234256091,17.599054266594276,3.549441204857703,0.0,4.732588273143604
19.233333333333334,0.19508774615172564,43.35283247816126,0.5141400922861359,0.4658984714977246,1.2231437273000976,0.18057857393589538,1.2292894106731953,0.9754387307586282,0.9254521661150445,0.0,0.14442852616429463,1.7124012182201365,0.09028928696794769,74.97436115695818,17.62330961588093,3.5543192996055475,0.0,4.739092399474063
19.266666666666666,0.19501566663875158,43.33681480861147,0.5139501317776803,0.4657263349305474,1.222691809607161,0.18051185515975693,1.228835222320655,0.9750783331937579,0.9251102371998247,0.0,0.14437516382846968,1.7117685334500254,0.09025592757987846,74.94666020933674,17.647556003955476,3.559195592126542,0.0,4.7455941228353895
19.3,0.19494361375588662,43.320803056863696,0.5137602414510123,0.46555426196002,1.2222400588773041,0.1804451610331786,1.2283812017700995,0.974718068779433,0.9247684346118221,0.0,0.1443218212076062,1.7111360824282256,0.0902225805165893,74.91896949595836,17.671793434089935,3.5640700830787377,0.0,4.752093444104983
19.333333333333332,0.19487158749340364,43.30479722075636,0.5135704212804968,0.4653822525629131,1.221788475049541,0.18037849154715668,1.227927348960237,0.9743579374670182,0.9244267583048942,0.0,0.14426849829450306,1.7105038650693571,0.09018924577357834,74.89128901308486,17.69602190955632,3.5689427731201824,0.0,4.758590364160243
19.366666666666667,0.1947995878415757,43.28879729812793,0.5133806712404987,0.465210306715997,1.2213370580628855,0.18031184669268763,1.2274736638297756,0.9739979392078784,0.9240852082328977,0.0,0.14421519508195907,1.7098718812880396,0.09015592334634381,74.86361875697801,17.720241433626654,3.5738136629089263,0.0,4.765084883878568
19.4,0.19472761479067566,43.27280328681682,0.5131909913053835,0.46503842439604204,1.2208858078563527,0.18024522646076782,1.2270201463174226,0.9736380739533782,0.9237437843496903,0.0,0.14416191156277303,1.7092401309988936,0.09012261323038391,74.83595872389961,17.744452009572957,3.5786827531030188,0.0,4.771577004137359
19.433333333333334,0.19465566833097656,43.25681518466146,0.5130013814495159,0.4648666055798185,1.2204347243689562,0.18017863084239363,1.2265667963618865,0.9732783416548827,0.9234024866091286,0.0,0.14410864772974374,1.7086086141165386,0.09008931542119682,74.80830891011146,17.768653640667246,3.5835500443605097,0.0,4.778066725814013
19.466666666666665,0.19458374845275134,43.2408329895003,0.5128118416472611,0.46469485024409707,1.219983807539711,0.18011205982856146,1.2261136139018747,0.9729187422637566,0.92306131496507,0.0,0.1440554035756701,1.7079773305555952,0.09005602991428073,74.78066931187534,17.792846330181543,3.5884155373394475,0.0,4.78455404978593
19.5,0.19451185514627292,43.22485669917177,0.5126223718729842,0.46452315836564795,1.2195330573076306,0.18004551341026767,1.2256605988760954,0.9725592757313646,0.9227202693713716,0.0,0.14400217909335086,1.7073462802306827,0.09002275670513384,74.75303992545305,17.817030081387863,3.593279232697883,0.0,4.791038976930511
19.53333333333333,0.19443998840181434,43.208886311514306,0.5124329721010503,0.4643515299212415,1.2190824736117298,0.1799789915785087,1.2252077512232562,0.9721999420090717,0.9223793497818905,0.0,0.14394897427558487,1.7067154630564216,0.08998949578925435,74.7254207471064,17.841204897558228,3.5981411310938642,0.0,4.797521508125152
19.566666666666666,0.1943681482096485,43.192921824366344,0.5122436423058243,0.4641799648876481,1.2186320563910227,0.17991249432428083,1.224755070882065,0.9718407410482425,0.9220385561504838,0.0,0.14389578911517092,1.7060848789474317,0.08995624716214042,74.69781177309714,17.865370781964657,3.6030012331854415,0.0,4.804001644247256
19.6,0.19429633456004838,43.176963235566305,0.5120543824616715,0.4640084632416384,1.2181818055845235,0.17984602163858054,1.2243025577912297,0.9714816728002419,0.9216978884310086,0.0,0.1438426236049079,1.7054545278183328,0.08992301081929027,74.6702129996871,17.88952773787917,3.6078595396306645,0.0,4.810479386174219
19.631463119205424,0.19422857445928335,43.16190543539631,0.5118758054615888,0.4638466420714332,1.2177569693564831,0.17978330102897144,1.2238755869743552,0.9711428722964167,0.92137644983086,0.0,0.1437924590421443,1.7048597570990764,0.08989165051448572,74.64417204956592,17.912321145205752,3.6124436171160563,0.0,4.816591489488075
19.633333333333333,0.194224547443287,43.16101054295267,0.5118651925429568,0.46383702495998247,1.2177317211312468,0.17977957351240423,1.223850211889458,0.9711227372164348,0.9213573465773223,0.0,0.14378947773759457,1.7048244095837455,0.08988978675620211,74.64262442313805,17.91367576857378,3.612716051087581,0.0,4.816954734783442
19.666666666666668,0.1941527868496372,43.145063744363824,0.5116760725240453,0.4636656500194508,1.2172818029702066,0.1797131499367482,1.223398033115458,0.9707639342481859,0.9210169305432817,0.0,0.14373635150602976,1.7041945241582892,0.0898565749683741,74.61504603971179,17.937814877320513,3.6175707682142426,0.0,4.8234276909523235
19.7,0.19408105276937204,43.12912283763823,0.5114870223793022,0.46349433839681387,1.2168320510404174,0.1796467509026089,1.2229460214079377,0.9704052638468601,0.9206766402827441,0.0,0.1436832449030123,1.703564871456584,0.08982337545130445,74.58747784567012,17.961945067391383,3.6224236916686974,0.0,4.829898255558263
19.733333333333334,0.19400934519276442,43.113187820614314,0.5112980420830925,0.463323090068842,1.2163824652808932,0.1795803764009827,1.2224941767056046,0.970046725963822,0.9203364757495665,0.0,0.143630157921341,1.7029354513932504,0.08979018820049135,74.55991983727482,17.986066342058415,3.6272748221089954,0.0,4.836366429478661
19.766666666666666,0.19393766411008737,43.097258691130534,0.5111091316097812,0.4631519050123056,1.2159330456306485,0.17951402642286599,1.2220424989471665,0.9696883205504367,0.9199964368976061,0.0,0.14357709055381473,1.7023062638829078,0.08975701321143299,74.5323720107877,18.01017870459362,3.632124160193185,0.0,4.842832213590913
19.8,0.19386600951161378,43.08133544702528,0.5109202909337334,0.462980783203975,1.2154837920286976,0.17944770095925516,1.2215909880713318,0.9693300475580688,0.9196565236807202,0.0,0.14352404279323225,1.7016773088401764,0.08972385047962758,74.50483436247053,18.034282158269026,3.6369717065793177,0.0,4.849295608772423
19.833333333333332,0.19379438138761668,43.065418086137036,0.5107315200293142,0.46280972462062064,1.2150347044140546,0.17938140000114658,1.221139644016808,0.9689719069380833,0.9193167360527656,0.0,0.1434710146323924,1.7010485861796765,0.08969070000057329,74.47730688858513,18.058376706356643,3.6418174619254406,0.0,4.855756615900588
19.866666666666667,0.193722779728369,43.04950660630423,0.5105428188708887,0.462638729239013,1.214585782725734,0.17931512353953666,1.220688466722303,0.9686138986418449,0.9189770739675998,0.0,0.14341800606409402,1.7004200958160276,0.08965756176976833,74.44978958539326,18.082462352128502,3.646661426889605,0.0,4.862215235852807
19.9,0.19365120452414367,43.03360100536526,0.510354187432822,0.46246779703592233,1.21413702690275,0.17924887156542174,1.2202374561265246,0.9682560226207183,0.9186375373790796,0.0,0.14336501708113591,1.69979183766385,0.08962443578271087,74.42228244915674,18.106539098856608,3.6515036021298592,0.0,4.868671469506479
19.933333333333334,0.1935796557652137,43.017701281158594,0.5101656256894791,0.462296927988119,1.213688436884117,0.17918264406979828,1.2197866121681809,0.9678982788260684,0.9182981262410623,0.0,0.1433120476763169,1.6991638116377636,0.08959132203489914,74.39478547613736,18.13060694981299,3.6563439883042532,0.0,4.875125317739005
19.966666666666665,0.19350813344185203,43.00180743152268,0.509977133615225,0.4621261220723735,1.213240012608849,0.1791164410436626,1.2193359347859793,0.96754066720926,0.9179588405074051,0.0,0.1432590978424358,1.6985360176523885,0.0895582205218313,74.36729866259688,18.154665908269664,3.661182586070836,0.0,4.881576781427782
20.0,0.1934366375443316,42.98591945429591,0.5097887111844249,0.4619553792654562,1.2127917540159605,0.17905026247801112,1.2188854239186282,0.967183187721658,0.9176196801319648,0.0,0.14320616757229143,1.6979084556223445,0.08952513123900556,74.33982200479714,18.178715977498648,3.6660193960876577,0.0,4.888025861450211
20.03333333333333,0.19336516806292545,42.97003734731676,0.5096003583714439,0.46178469954413753,1.2123436610444656,0.1789841083638402,1.218435079504835,0.9668258403146271,0.917280645068599,0.0,0.14315325685868263,1.6972811254622517,0.0894920541819201,74.31235549899989,18.20275716077196,3.670854419012767,0.0,4.89447255868369
20.066666666666666,0.19329372498790645,42.954161108423655,0.5094120751506469,0.46161408288518774,1.2118957336333789,0.1789179786921463,1.217984901483308,0.9664686249395322,0.9169417352711644,0.0,0.1431003656944082,1.6966540270867303,0.08945898934607315,74.28489914146695,18.226789461361626,3.675687655504214,0.0,4.900916874005619
20.1,0.19322230830954762,42.93829073545503,0.5092238614963991,0.4614435292653774,1.2114479717217141,0.1788518734539257,1.2175348897927547,0.966111541547738,0.9166029506935184,0.0,0.143047494072267,1.6960271604103998,0.08942593672696285,74.25745292846011,18.25081288253966,3.680519106220048,0.0,4.907358808293398
20.133333333333333,0.1931509180181219,42.922426226249314,0.5090357173830655,0.46127303866147673,1.2110003752484864,0.17878579264017486,1.2170850443718833,0.9657545900906095,0.916264291289518,0.0,0.1429946419850578,1.6954005253478808,0.08939289632008743,74.23001685624116,18.274827427578074,3.6853487718183175,0.0,4.913798362424424
20.166666666666668,0.19307955410390226,42.906567578644946,0.5088476427850114,0.46110261105025624,1.2105529441527094,0.17871973624189014,1.216635365159401,0.9653977705195113,0.9159257570130205,0.0,0.14294180942557944,1.694774121813793,0.08935986812094507,74.20259092107187,18.2988330997489,3.6901766529570734,0.0,4.920235537276098
20.2,0.19300821655716166,42.890714790480374,0.5086596376766016,0.46093224640848635,1.2101056783733977,0.17865370425006794,1.2161858520940165,0.9650410827858082,0.9155873478178829,0.0,0.14288899638663077,1.6941479497227565,0.08932685212503397,74.17517511921407,18.322829902324152,3.695002750294364,0.0,4.926670333725819
20.233333333333334,0.19293690536817304,42.874867859594005,0.5084717020322013,0.4607619447129373,1.209658577849565,0.17858769665570462,1.2157365051144373,0.9646845268408651,0.9152490636579622,0.0,0.14283620286101056,1.693522008989391,0.08929384832785231,74.14776944692953,18.34681783857585,3.6998270644882396,0.0,4.933102752650987
20.246125727374732,0.19290954513992448,42.868787808872106,0.5083995960667873,0.46069660443005295,1.2094870371340674,0.17856237127726776,1.215564102492935,0.9645477256996223,0.9151192729202172,0.0,0.1428159473733164,1.6932818519876942,0.08928118563863388,74.1372546110441,18.35602137900711,3.701678027000003,0.0,4.935570702666671
20.266666666666666,0.1928656205272094,42.85902678382432,0.5082838358261754,0.4605917059403796,1.2092116425202264,0.1785217134497966,1.2152873241593714,0.964328102636047,0.9149109044871158,0.0,0.14278342884151768,1.6928962995283168,0.0892608567248983,74.12037390048006,18.370796911776004,3.7046495961967487,0.0,4.939532794928999
20.3,0.1927943620245437,42.84319156100971,0.5080960390328891,0.4604215300675836,1.2087648723243958,0.17845575462334023,1.214838309167526,0.9639718101227184,0.9145728702592005,0.0,0.1427306743209509,1.692270821254154,0.08922787731167012,74.09298847612742,18.394767125196648,3.709470346077942,0.0,4.945960461437256
20.333333333333332,0.19272312985044884,42.82736218898864,0.5079083116267077,0.4602514170713197,1.2083182672010873,0.17838982016733193,1.21438946007761,0.9636156492522442,0.9142349609280739,0.0,0.14267793929210912,1.6916455740815222,0.08919491008366597,74.06561317013343,18.41872848210979,3.7142893147898675,0.0,4.952385753053156
20.366666666666667,0.19265192399519784,42.81153866559953,0.5077206535819959,0.4600813669283583,1.2078718270893156,0.17832391007276807,1.2139407768283306,0.9632596199759892,0.9138971764475927,0.0,0.14262522374779107,1.6910205579250417,0.08916195503638404,74.03824797875988,18.44268098578745,3.719106502990576,0.0,4.9588086706541015
20.4,0.19258074444906367,42.79572098868082,0.507533064873119,0.45991137961546974,1.2074255519280945,0.17825802433064505,1.2134922593583957,0.9629037222453183,0.9135595167716143,0.0,0.14257252768079562,1.6903957726993324,0.08912901216532253,74.01089289826855,18.466624639501653,3.7239219113381155,0.0,4.965229215117487
20.433333333333334,0.19250959120231925,42.77990915607095,0.507345545474442,0.45974145510942444,1.2069794416564388,0.17819216293195925,1.2130439076065131,0.9625479560115963,0.9132219818539956,0.0,0.14251985108392157,1.6897712183190143,0.08909608146597962,73.98354792492124,18.490559446524415,3.7287355404905367,0.0,4.971647387320716
20.466666666666665,0.19243846424523758,42.764103165608354,0.50715809536033,0.45957159338699277,1.2065334962133627,0.17812632586770705,1.2125957215113912,0.9621923212261879,0.9128845716485939,0.0,0.14246719394996776,1.6891468946987076,0.08906316293385352,73.95621305497976,18.514485410127755,3.7335473911058883,0.0,4.978063188141184
20.5,0.1923673635680916,42.74830301513147,0.506970714505148,0.4594017944249452,1.20608771553788,0.17806051312888482,1.2121477010117374,0.9618368178404579,0.9125472861092663,0.0,0.14241455627173302,1.6885228017530318,0.08903025656444241,73.92888828470586,18.538402533583692,3.7383574638422203,0.0,4.984476618456294
20.53333333333333,0.19229628916115427,42.732508702478725,0.5067834028832611,0.45923205820005203,1.2056420995690054,0.177994724706489,1.2116998460462596,0.9614814458057713,0.9122101251898699,0.0,0.14236193804201613,1.6878989393966075,0.0889973623532445,73.90157361036137,18.562310820164242,3.743165759357581,0.0,4.990887679143442
20.566666666666666,0.19222524101469857,42.71672022548857,0.5065961604690343,0.4590623846890838,1.2051966482457532,0.17792896059151592,1.2112521565536656,0.9611262050734928,0.9118730888442618,0.0,0.14230933925361597,1.6872753075440543,0.08896448029575796,73.87426902820806,18.586210273141432,3.747972278310022,0.0,4.997296371080029
20.6,0.19215421911899744,42.70093758199943,0.5064089872368329,0.4588927738688107,1.2047513615071375,0.177863220774962,1.2108046324726636,0.9607710955949872,0.9115361770262992,0.0,0.14225675989933131,1.6866519061099923,0.088931610387481,73.84697453450775,18.610100895787273,3.752777021357591,0.0,5.0037026951434544
20.633333333333333,0.19208322346432385,42.685160769849745,0.5062218831610218,0.4587232257160032,1.2043062392921726,0.17779750524782362,1.210357273741961,0.9604161173216192,0.9111993896898392,0.0,0.142204199971961,1.6860287350090415,0.08889875262391181,73.8196901255222,18.633982691373788,3.7575799891583372,0.0,5.010106652211117
20.666666666666668,0.1920122540409508,42.66938978687796,0.506034848215966,0.4585537402074317,1.2038612815398728,0.17773181400109714,1.209910080300266,0.9600612702047538,0.9108627267887389,0.0,0.14215165946430383,1.6854057941558218,0.08886590700054857,73.79241579751323,18.657855663172995,3.7623811823703113,0.0,5.016508243160415
20.7,0.19194131083915117,42.65362463092249,0.5058478823760308,0.45838431731986656,1.2034164881892526,0.177666147025779,1.2094630520862866,0.9597065541957558,0.9105261882768556,0.0,0.14209913836915863,1.6847830834649535,0.0888330735128895,73.76515154674262,18.681719814456912,3.7671806016515617,0.0,5.022907468868749
20.733333333333334,0.191870393849198,42.63786529982178,0.5056609856155811,0.4582149570300783,1.202971859179326,0.17760050431286553,1.20901618903873,0.9593519692459899,0.9101897741080461,0.0,0.14204663667932427,1.6841606028510563,0.08880025215643277,73.73789736947215,18.705575148497562,3.771978247660139,0.0,5.0293043302135185
20.766666666666666,0.1917995030613642,42.62211179141428,0.5054741579089821,0.4580456593148371,1.2025273944491077,0.17753488585335314,1.2085694910963047,0.958997515306821,0.9098534842361679,0.0,0.1419941543875995,1.6835383522287506,0.08876744292667657,73.71065326196363,18.729421668566957,3.776774121054091,0.0,5.035698828072121
20.8,0.19172863846592275,42.6063641035384,0.5052873992305988,0.4578764241509135,1.2020830939376115,0.17746929163823824,1.2081229581977184,0.9586431923296137,0.9095173186150779,0.0,0.14194169148678318,1.6829163315126558,0.08873464581911912,73.68341922047885,18.753259377937127,3.781568222491469,0.0,5.042090963321958
20.833333333333332,0.19165780005314664,42.590622234032594,0.5051007095547962,0.4577072515150779,1.2016389575838518,0.17740372165851717,1.207676590281679,0.9582890002657332,0.9091812771986333,0.0,0.14188924796967414,1.6822945406173924,0.08870186082925859,73.6561952412796,18.77708827988008,3.7863605526303203,0.0,5.048480736840427
20.866666666666667,0.19158698781330877,42.574886180735284,0.5049140888559395,0.45753814138410054,1.2011949853268429,0.17733817590518636,1.2072303872868941,0.9579349390665438,0.9088453599406912,0.0,0.14183682382907117,1.68167297945758,0.08866908795259318,73.62898132062767,18.800908377667838,3.7911511121286967,0.0,5.054868149504928
20.880033468705356,0.19155859916745432,42.56857759276763,0.504839272567949,0.4574703450874475,1.201016996730489,0.17731189859517849,1.2070515043871701,0.9577929958372716,0.9087106906223084,0.0,0.14181580697710872,1.6814237954226843,0.08865594929758924,73.61807125257351,18.81045786122977,3.793071648710444,0.0,5.0574288649472585
20.9,0.19151620173668216,42.559155941484924,0.5047275371083937,0.457369093734752,1.2007511771055994,0.17727265436924217,1.2067843491520718,0.9575810086834108,0.9085095667951086,0.0,0.14178441905777311,1.681051647947839,0.08863632718462108,73.60177745478487,18.824719674572425,3.7959399016446453,0.0,5.0612532021928605
20.933333333333334,0.19144544181353976,42.543431514119945,0.5045410542865238,0.4572001085438025,1.200307532859135,0.177207157041681,1.2063384758159201,0.9572272090676988,0.908173897715743,0.0,0.14173203364857878,1.680430546002789,0.0886035785208405,73.57458364001297,18.848522173865856,3.8007269218362176,0.0,5.067635895781624
20.966666666666665,0.19137470803415452,42.52771289647879,0.5043546403646951,0.45703118578802265,1.1998640525264648,0.17714168391349924,1.2058927672171467,0.9568735401707725,0.9078383526564512,0.0,0.14167966759428702,1.6798096735370505,0.08857084195674962,73.54739987257378,18.87231587882015,3.805512173361462,0.0,5.074016231148616
21.0,0.19130400038879936,42.51200008639986,0.5041682953172725,0.45686232544418265,1.1994207360466023,0.17707623497569325,1.205447223294459,0.9565200019439968,0.9075029315710904,0.0,0.1416273208876966,1.679189030465243,0.08853811748784662,73.52022614872907,18.89610079270733,3.810295656878428,0.0,5.080394209171238
21.03333333333333,0.19123331886774733,42.49629308172163,0.503982019118621,0.45669352748905284,1.1989775833585619,0.17701081021925943,1.2050018439865657,0.9561665943387366,0.9071676344135178,0.0,0.14157499352160638,1.6785686167019866,0.08850540510962972,73.49306246474065,18.919876918799407,3.815077373045165,0.0,5.086769830726887
21.066666666666666,0.19116266346127134,42.48059188028252,0.5037958117431057,0.45652479189940376,1.1985345944013583,0.17694540963519417,1.204556629232174,0.9558133173063567,0.9068324611375904,0.0,0.14152268548881516,1.6779484321619016,0.08847270481759709,73.4659088168703,18.94364426036841,3.8198573225197228,0.0,5.093143096692964
21.1,0.19109203415964438,42.464896479920974,0.503609673165092,0.4563561186520058,1.1980917691140058,0.1768800332144939,1.204111578969992,0.9554601707982218,0.9064974116971656,0.0,0.1414703967821218,1.677328476759608,0.08844001660724694,73.43876520137982,18.96740282068635,3.824635505960151,0.0,5.099514007946868
21.133333333333333,0.19102143095313934,42.44920687847541,0.5034236033589445,0.45618750772362926,1.1976491074355182,0.17681468094815492,1.2036666931387279,0.9551071547656966,0.9061624860461003,0.0,0.14141812739432508,1.6767087504097253,0.08840734047407746,73.41163161453102,18.99115260302525,3.8294119240244977,0.0,5.105882565365997
21.166666666666668,0.19095085383202925,42.43352307378428,0.5032376022990287,0.4560189590910446,1.1972066093049099,0.17674935282717366,1.2032219716770889,0.9547542691601463,0.9058276841382517,0.0,0.14136587731822384,1.6760892530268738,0.08837467641358683,73.38450805258566,19.014893610657126,3.834186577370814,0.0,5.112248769827752
21.2,0.19088030278658707,42.41784506368602,0.5030516699597093,0.4558504727310222,1.1967642746611955,0.17668404884254651,1.2027774145237837,0.9544015139329354,0.9054930059274768,0.0,0.14131364654661688,1.6754699845256735,0.08834202442127326,73.35739451180557,19.038625846854,3.838959466657148,0.0,5.118612622209531
21.233333333333334,0.19080977780708575,42.40217284601906,0.5028658063153516,0.4556820486203324,1.196322103443389,0.17661876898526988,1.2023330216175192,0.9540488890354287,0.905158451367633,0.0,0.14126143507230304,1.6748509448207445,0.08830938449263494,73.3302909884525,19.062349314887893,3.8437305925415504,0.0,5.124974123388734
21.266666666666666,0.1907392788889953,42.38650641977674,0.5026800113540171,0.45551368674815707,1.1958800956230888,0.17655351325115065,1.2018887929297517,0.9536963944449764,0.9048240204372308,0.0,0.14120924289192868,1.6742321338723243,0.08827675662557533,73.30319748078556,19.086064016282613,3.8484999553304804,0.0,5.131333273773975
21.3,0.1906688060311323,42.370845784696066,0.5024942850725869,0.4553453871116698,1.1954382511928752,0.17648828163909341,1.2014447284530236,0.9533440301556614,0.9044897131306564,0.0,0.14115707000461764,1.6736135516700252,0.08824414081954671,73.27611398834992,19.109769951436256,3.853267555104001,0.0,5.137690073472002
21.333333333333332,0.19059835920863422,42.355190935252054,0.5023086274055377,0.4551771496514954,1.1949965699968679,0.17642307412608477,1.2010008280306717,0.9529917960431711,0.9041555293299679,0.0,0.14110491639196357,1.6729951979956148,0.08821153706304238,73.24904050159067,19.133467128712148,3.858033393544096,0.0,5.144044524725461
21.366666666666667,0.19052793841202303,42.339541869338454,0.5021230383278906,0.4550089743449987,1.1945550519756412,0.17635789070335153,1.2005570916029722,0.9526396920601151,0.9038214689902031,0.0,0.1410527820469496,1.6723770727658975,0.08817894535167577,73.22197701686528,19.157155551298583,3.8627974712919753,0.0,5.1503966283893
21.4,0.1904575436318206,42.323898584849026,0.5019375178146668,0.4548408611695447,1.1941136970697706,0.17629273136212054,1.2001135191102017,0.952287718159103,0.9034875320664003,0.0,0.14100066696255886,1.6717591758976786,0.08814636568106027,73.1949235305312,19.180835222383834,3.867559788988847,0.0,5.156746385318463
21.433333333333334,0.19038717485854878,42.308261079677514,0.5017520658408873,0.4546728101024981,1.193672505219831,0.17622759609361854,1.1996701104926362,0.9519358742927438,0.9031537185135972,0.0,0.14094857113177442,1.6711415073077633,0.08811379804680927,73.16788003894588,19.20450614515619,3.8723203472759216,0.0,5.163093796367896
21.466666666666665,0.1903168320827295,42.29262935171767,0.5015666823815732,0.4545048211212239,1.1932314763663976,0.17616248488907235,1.1992268656905523,0.9515841604136475,0.9028200282868318,0.0,0.1408964945475794,1.6705240669129564,0.08808124244453618,73.14084653846679,19.228168322803935,3.8770791467944066,0.0,5.169438862392542
21.5,0.19024651529488465,42.27700339886326,0.5013813674117458,0.4543368942030869,1.192790610450045,0.17609739773970878,1.1987837846442264,0.9512325764744232,0.9024864613411424,0.0,0.14084443720295695,1.6699068546300628,0.08804869886985439,73.11382302545137,19.25182175851535,3.881836188185512,0.0,5.175781584247349
21.53333333333333,0.1901762244855361,42.26138321900802,0.5011961209064258,0.45416902932545206,1.1923499074113484,0.17603233463675466,1.198340867293935,0.9508811224276804,0.9021530176315666,0.0,0.14079239909089014,1.6692898703758876,0.08801616731837733,73.0868094962571,19.27546645547872,3.8865914720904455,0.0,5.182121962787261
21.5337889097851,0.19017526398032078,42.26116977340462,0.5011935895621986,0.45416673549654424,1.1923438853215333,0.17603144556675687,1.198334814946141,0.9508763199016038,0.9021484612119575,0.0,0.14079168800392872,1.6692814394501465,0.08801572278337844,73.08644036356515,19.27578955397422,3.886656451780299,0.0,5.182208602373732
21.566666666666666,0.19010595964520574,42.245768810045725,0.5010109428406349,0.45400122646568414,1.1919093671908827,0.17596729557143673,1.1978981135799547,0.9505297982260287,0.9018196971131427,0.0,0.14074038020436208,1.6686731140672357,0.08798364778571836,73.05980594724144,19.29910241688233,3.8913449991504176,0.0,5.1884599988672235
21.6,0.19003572076441547,42.23016016987011,0.5008258331893937,0.453833485601148,1.1914689897292232,0.17590228053498183,1.1974555234425615,0.9501786038220773,0.9014864997409086,0.0,0.14068838053635588,1.6680565856209124,0.08795114026749092,73.03281237476183,19.32272964591446,3.8960967700066367,0.0,5.194795693342183
21.633333333333333,0.1899655078336872,42.21455729637494,0.5006407919277234,0.45366580670920864,1.1910287749669446,0.17583728951861677,1.1970130968220323,0.949827539168436,0.9011534254699022,0.0,0.14063640007985467,1.6674402849537224,0.08791864475930838,73.00582877517576,19.34634814576339,3.900846785300311,0.0,5.201129047067082
21.666666666666668,0.18989532084354283,42.19896018745396,0.5004558190306453,0.45349818976723083,1.1905887228446221,0.17577232251356834,1.196570833658643,0.9494766042177141,0.9008204742551615,0.0,0.14058443882784155,1.6668242119824708,0.08788616125678417,72.97885514484064,19.36995791961741,3.905595045672651,0.0,5.207460060896868
21.7,0.1898251597845042,42.18336884100094,0.5002709144731804,0.45333063475257945,1.1901488333028305,0.17570737951106333,1.1961287338926705,0.9491257989225209,0.9004876460517247,0.0,0.14053249677329963,1.6662083666239627,0.08785368975553166,72.95189148011397,19.3935589706648,3.9103415517648643,0.0,5.213788735686486
21.733333333333334,0.1897550246470932,42.1677832549096,0.5000860782303498,0.4531631416426193,1.189709106282145,0.17564246050232854,1.1956867974643908,0.948775123235466,0.9001549408146297,0.0,0.14048057390921198,1.6655927487950029,0.08782123025116427,72.9249377773532,19.417151302093842,3.915086304218161,0.0,5.220115072290882
21.766666666666666,0.1896849154218318,42.15220342707373,0.4999013102771746,0.4529957104147154,1.1892695417231405,0.17557756547859082,1.1952450243140806,0.948424577109159,0.8998223584989143,0.0,0.14042867022856179,1.6649773584123966,0.08778878273929541,72.89799403291578,19.440734917092822,3.919829303673749,0.0,5.226439071564998
21.8,0.18961483209924182,42.13662935538707,0.4997166105886759,0.4528283410462326,1.1888301395663918,0.17551269443107692,1.194803414382016,0.9480741604962091,0.8994898990596166,0.0,0.1403767857243321,1.6643621953929484,0.08775634721553846,72.87106024315916,19.464309818850023,3.924570550772838,0.0,5.232760734363785
21.833333333333332,0.18954477466984518,42.121061037743374,0.4995319791398749,0.4526610335145357,1.1883908997524744,0.17544784735101365,1.194361967608474,0.9477238733492258,0.8991575624517748,0.0,0.14032492038950606,1.663747259653464,0.08772392367550683,72.84413640444083,19.487876010553727,3.929310046156637,0.0,5.239080061542182
21.866666666666667,0.18947474312416374,42.105498472036395,0.49934741590579257,0.4524937877969896,1.1879518222219627,0.17538302422962784,1.1939206839337304,0.9473737156208186,0.8988253486304266,0.0,0.14027307421706678,1.6631325511107478,0.08769151211481392,72.81722251311822,19.511433495392218,3.9340477904663547,0.0,5.2453970539551396
21.9,0.18940473745271943,42.08994165615988,0.49916292086145014,0.4523266038709591,1.1875129069154322,0.17531822505814626,1.1934795632980622,0.9470236872635971,0.8984932575506103,0.0,0.14022124719999732,1.6625180696816049,0.08765911252907313,72.79031856554882,19.53498227655378,3.9387837843432,0.0,5.2517117124576
21.933333333333334,0.1893347576460341,42.07439058800758,0.4989784939818686,0.45215948171380915,1.1870741537734575,0.17525344982779573,1.193038605641745,0.9466737882301705,0.8981612891673635,0.0,0.14016943933128084,1.6619038152828405,0.08762672491389786,72.76342455809004,19.558522357226696,3.9435180284283824,0.0,5.2580240379045105
21.966666666666665,0.1892648036946297,42.058845265473266,0.49879413524206917,0.4519924213029046,1.1866355627366139,0.17518869852980307,1.1925978109050561,0.9463240184731484,0.8978294434357246,0.0,0.14011765060390044,1.6612897878312594,0.08759434926490153,72.73654048709938,19.582053740599246,3.9482505233631104,0.0,5.264334031150814
22.0,0.18919487558902806,42.04330568645069,0.4986098446170729,0.4518254226156105,1.1861971337454762,0.17512397115539502,1.1921571790282715,0.9459743779451403,0.8974977203107313,0.0,0.14006588101083925,1.6606759872436667,0.08756198557769751,72.70966634893428,19.60557642985972,3.9529812697885935,0.0,5.270641693051458
22.03333333333333,0.18912497331975112,42.02777184883359,0.4984256220819009,0.4516584856292914,1.1857588667406198,0.17505926769579847,1.1917167099516677,0.9456248665987556,0.8971661197474217,0.0,0.14001413054508033,1.6600624134368676,0.08752963384789923,72.68280213995222,19.629090428196395,3.9577102683460397,0.0,5.2769470244613865
22.066666666666666,0.18905509687732072,42.012243750515715,0.4982414676115743,0.45149161032131224,1.1853207616626191,0.17499458814224014,1.191276403615521,0.9452754843866036,0.8968346417008337,0.0,0.1399623991996068,1.6594490663276666,0.08749729407112007,72.65594785651062,19.652595738797558,3.9624375196766595,0.0,5.283250026235546
22.1,0.1889852462522588,41.99672138939084,0.49805738118111414,0.4513247966690381,1.1848828184520492,0.17492993248594688,1.1908362599601077,0.9449262312612939,0.8965032861260055,0.0,0.1399106869674018,1.658835945832869,0.08746496624297344,72.62910349496697,19.676092364851492,3.967163024421661,0.0,5.289550699228881
22.133333333333333,0.18891542143508724,41.98120476335273,0.4978733627655416,0.4511580446498336,1.1844450370494857,0.17486530071814546,1.1903962789257048,0.9445771071754362,0.896172052977975,0.0,0.13985899384144843,1.65822305186928,0.08743265035907273,72.60226905167873,19.699580309546477,3.9718867832222524,0.0,5.295849044296337
22.166666666666668,0.1888456224163279,41.96569387029509,0.49768941233987785,0.4509913542410638,1.184007417395503,0.17480069283006272,1.1899564604525878,0.9442281120816395,0.8958409422117801,0.0,0.13980731981472977,1.6576103843537042,0.08740034641503136,72.57544452300334,19.7230595760708,3.976608796719644,0.0,5.302145062292859
22.2,0.1887758491865027,41.95018870811171,0.4975055298791438,0.4508247254200935,1.1835699594306763,0.17473610881292545,1.189516804481034,0.9438792459325135,0.8955099537824589,0.0,0.13975566488022897,1.656997943202947,0.08736805440646273,72.54862990529827,19.74653016761274,3.981329065555044,0.0,5.308438754073392
22.20801348360742,0.18875907923155918,41.9464620514576,0.4974613338373504,0.4507846762805171,1.1834648166649164,0.17472058608221372,1.1894111334256439,0.9437953961577958,0.8954304009072308,0.0,0.1397432496469603,1.6568507433308828,0.08736029304110686,72.54218502763003,19.75217131055026,3.982463579406407,0.0,5.309951439208542
22.233333333333334,0.18870610173613356,41.934689274696346,0.4973217153583608,0.4506581581642875,1.1831326630955807,0.17467154865796045,1.1890773109513195,0.9435305086806677,0.8951790876450494,0.0,0.13970402903092913,1.6563857283338128,0.08733577432898022,72.52182519492098,19.76999208736059,3.986047590369662,0.0,5.314730120492883
22.266666666666666,0.1886363800557423,41.91919556794274,0.49713796875254973,0.4504916524510108,1.182695528330791,0.1746070123563945,1.1886379798037208,0.9431819002787114,0.8948483437545895,0.0,0.13965241225981334,1.6557737396631074,0.08730350617819725,72.49503038822893,19.793445338502618,3.9907643718047066,0.0,5.321019162406276
22.3,0.18856668413585084,41.903707585744634,0.4969542900367318,0.4503252082576282,1.182258555076882,0.17454249989945442,1.188198810978514,0.9428334206792541,0.8945177220661172,0.0,0.13960081455986473,1.655161977107635,0.08727124994972721,72.46824548157957,19.81688992422712,3.995479410501387,0.0,5.327305880668516
22.333333333333332,0.18849701396698107,41.88822532599579,0.4967706791859282,0.4501588255615046,1.1818217432744296,0.17447801127836704,1.1877598044159758,0.9424850698349053,0.8941872225346708,0.0,0.13954923592406643,1.6545504405842013,0.08723900563918352,72.44147047133036,19.840325847722372,4.000192707100911,0.0,5.333590276134549
22.366666666666667,0.1884273695396549,41.87274878658998,0.4965871361751598,0.44999250434000476,1.1813850928640077,0.1744135464843591,1.1873209600563825,0.9421368476982744,0.8938568451152877,0.0,0.13949767634540147,1.6539391300096107,0.08720677324217956,72.41470535383877,19.863753112176667,4.00490426224449,0.0,5.339872349659321
22.4,0.1883577508443942,41.85727796542094,0.49640366097944805,0.44982624457049375,1.180948603786192,0.17434910550865745,1.1868822778400105,0.9417887542219711,0.8935265897630065,0.0,0.13944613581685306,1.6533280453006687,0.08717455275432873,72.38795012546224,19.887171720778273,4.009614076573332,0.0,5.346152102097776
22.433333333333334,0.1882881578717209,41.841812860382426,0.4962202535738137,0.44966004623033623,1.1805122759815572,0.1742846883424889,1.1864437577071363,0.9414407893586044,0.8931964564328647,0.0,0.13939461433140424,1.6527171863741799,0.08714234417124445,72.36120478255825,19.910581676715488,4.014322150728645,0.0,5.352429534304859
22.466666666666665,0.18821859061215684,41.826353469368186,0.49603691393327815,0.4494939092968972,1.1800761093906784,0.17422029497708022,1.1860053995980362,0.9410929530607842,0.8928664450799007,0.0,0.13934311188203813,1.6521065531469497,0.08711014748854011,72.33446932148424,19.933982983176588,4.019028485351638,0.0,5.358704647135517
22.5,0.18814904905622395,41.81089979027199,0.49585364203286236,0.44932783374754154,1.1796401039541304,0.1741559254036582,1.185567203452987,0.9407452452811197,0.8925365556591522,0.0,0.13929162846173787,1.6514961455357826,0.0870779627018291,72.30774373859768,19.957375643349856,4.02373308108352,0.0,5.364977441444694
22.53333333333333,0.1880795331944441,41.79545182098758,0.4956704378475874,0.449161819559634,1.1792042596124885,0.17409157961344968,1.1851291692122647,0.9403976659722204,0.8922067881256573,0.0,0.13924016406348655,1.650885963457484,0.08704578980672484,72.28102803025602,19.980759660423576,4.028435938565502,0.0,5.371247918087336
22.566666666666666,0.18801004301733917,41.78000955940871,0.49548730135247454,0.44899586671053954,1.1787685763063276,0.17402725759768145,1.1846912968161458,0.9400502150866958,0.8918771424344542,0.0,0.13918871868026725,1.6502760068288587,0.08701362879884073,72.25432219281673,20.004135037586035,4.0331370584387916,0.0,5.377516077918388
22.6,0.18794057851543108,41.76457300342913,0.49530423252254474,0.448829975177623,1.1783330539762227,0.1739629593475803,1.1842535862049066,0.9397028925771553,0.8915476185405805,0.0,0.13913729230506314,1.6496662755667117,0.08698147967379015,72.22762622263726,20.027501778025513,4.037836441344597,0.0,5.383781921792796
22.633333333333333,0.18787113967924168,41.749142150942596,0.4951212313328191,0.44866414493824935,1.177897692562749,0.17389868485437307,1.183816037318824,0.9393556983962084,0.8912182163990744,0.0,0.1390858849308573,1.6490567695878484,0.08694934242718654,72.20094011607507,20.050859884930293,4.042534087924128,0.0,5.390045450565504
22.666666666666668,0.18780172649929291,41.73371699984287,0.4949382977583188,0.4484983759697834,1.177462492006481,0.1738344341092865,1.183378650098174,0.9390086324964645,0.8908889359649739,0.0,0.13903449655063285,1.6484474888090732,0.08691721705464325,72.17426386948763,20.07420936148866,4.047229998818594,0.0,5.396306665091458
22.7,0.18773233896610664,41.7182975480237,0.494755431774065,0.44833266824958995,1.177027452247994,0.17377020710354746,1.182941424483233,0.9386616948305332,0.890559777193317,0.0,0.13898312715737288,1.6478384331471914,0.08688510355177373,72.14759747923239,20.097550210888894,4.051924174669203,0.0,5.402565566225604
22.733333333333334,0.18766297707020477,41.702883793378845,0.49457263335507873,0.4481670217550338,1.176592573227863,0.1737060038283827,1.1825043604142778,0.9383148853510238,0.8902307400391417,0.0,0.1389317767440605,1.647229602519008,0.08685300191419135,72.1209409416668,20.12088243631928,4.056616616117164,0.0,5.408822154822887
22.766666666666666,0.18759364080210916,41.68747573380204,0.4943899024763811,0.44800143646348006,1.176157854886663,0.17364182427501904,1.1820674578315844,0.9379682040105458,0.889901824457486,0.0,0.13888044530367882,1.6466209968413281,0.08682091213750952,72.09429425314833,20.1442060409681,4.061307323803688,0.0,5.4150764317382505
22.8,0.1875243301523417,41.67207336718705,0.4942072391129932,0.44783591235229353,1.175723297164969,0.17357766843468328,1.1816307166754294,0.9376216507617086,0.8895730304033878,0.0,0.138829132829211,1.6460126160309563,0.08678883421734164,72.06765741003444,20.167521028023646,4.065996298369981,0.0,5.421328397826643
22.833333333333332,0.18745504511142438,41.65667669142765,0.4940246432399361,0.44767044939883893,1.1752889000033557,0.17351353629860222,1.1811941368860892,0.9372752255571218,0.889244357831885,0.0,0.13877783931364007,1.645404460004698,0.08675676814930111,72.04103040868259,20.190827400674188,4.070683540457255,0.0,5.427578053943006
22.866666666666667,0.18738578566987896,41.64128570441755,0.49384211483223106,0.4475050475804813,1.1748546633423986,0.17344942785800269,1.1807577184038403,0.9369289283493948,0.888915806698016,0.0,0.1387265647499492,1.644796528679358,0.08672471392900134,72.01441324545021,20.21412516210802,4.075369050706716,0.0,5.433825400942289
22.9,0.1873165518182274,41.62590040405054,0.49365965386489913,0.4473397068745854,1.1744205871226725,0.17338534310411147,1.180321461168959,0.936582759091137,0.8885873769568184,0.0,0.13867530913112147,1.6441888219717415,0.08669267155205573,71.98780591669481,20.23741431551342,4.080052829759575,0.0,5.440070439679434
22.903348080280356,0.1873095992172966,41.62435538162147,0.4936413307720616,0.4473231030324144,1.1743769963263018,0.17337890758580754,1.1802776513507132,0.9365479960864829,0.8885543953897109,0.0,0.13867016194004847,1.6441277948568223,0.08668945379290377,71.98513395588,20.239753058567306,4.080523184157399,0.0,5.440697578876532
22.933333333333334,0.18724734354699157,41.61052078822035,0.4934772603129613,0.4471744272585162,1.1739866712847524,0.17332128202815533,1.1798853651217216,0.9362367177349578,0.8882590685633304,0.0,0.13862407245014002,1.6435813397986532,0.08666064101407767,71.96120841877381,20.26069486407867,4.084734878257041,0.0,5.446313171009388
22.966666666666665,0.18717816084669336,41.59514685482075,0.4932949341514388,0.44700920870963845,1.173552915769213,0.17325724462136113,1.1794494302024048,0.9358908042334668,0.8879308814725899,0.0,0.13857285469998792,1.6429740820768983,0.08662862231068057,71.93462074804467,20.283966810992055,4.089415196840322,0.0,5.452553595787096
23.0,0.1871090037078547,41.579778601745495,0.49311267535535275,0.44684405120531706,1.17311932051663,0.17319323087495564,1.179013656351285,0.9355450185392734,0.887602815639635,0.0,0.1385216558736483,1.6423670487232818,0.08659661543747782,71.90804290086487,20.30723015944186,4.094093786150627,0.0,5.458791714867504
23.03333333333333,0.18703987212099743,41.56441602688832,0.4929304838997241,0.44667895472291697,1.1726858854675777,0.17312924078016567,1.1785780435086384,0.9351993606049871,0.8872748710195034,0.0,0.13847047596410425,1.6417602396546087,0.08656462039008284,71.88147487359186,20.330484912616367,4.098770646829165,0.0,5.465027529105554
23.066666666666666,0.18697076607664345,41.549059128142986,0.49274835975957415,0.446513919239803,1.1722526105626312,0.173065274328218,1.1781425916147414,0.9348538303832172,0.8869470475672335,0.0,0.13841931496433893,1.6411536547876837,0.086532637164109,71.85491666258308,20.353731073703862,4.103445779517147,0.0,5.471261039356196
23.1,0.18690168556531467,41.533707903403254,0.49256630290992387,0.44634894473333997,1.171819495742366,0.17300133151033947,1.1777073006098706,0.9345084278265733,0.886619345237863,0.0,0.13836817286733538,1.6405472940393122,0.08650066575516974,71.82836826419602,20.376968645892624,4.10811918485578,0.0,5.477492246474373
23.133333333333333,0.18683263057753297,41.51836235056288,0.49238431332579446,0.44618403118089284,1.1713865409473567,0.17293741231775686,1.1772721704343025,0.9341631528876648,0.8862917639864301,0.0,0.13831704966607677,1.6399411573262992,0.08646870615887843,71.80182967478811,20.400197632370936,4.112790863486272,0.0,5.48372115131503
23.166666666666668,0.18676360110382026,41.50302246751561,0.492202390982207,0.4460191785598264,1.1709537461181783,0.172873516741697,1.1768372010283135,0.9338180055191012,0.8859643037679726,0.0,0.1382659453535462,1.6393352445654494,0.0864367583708485,71.77530089071684,20.42341803632709,4.117460816049835,0.0,5.489947754733113
23.2,0.1866945971346984,41.4876882521552,0.4920205358541826,0.44585438684750567,1.1705211111954057,0.17280964477338664,1.1764023923321796,0.933472985673492,0.8856369645375287,0.0,0.13821485992272675,1.638729555673568,0.08640482238669332,71.74878190833964,20.446629860949354,4.122129043187675,0.0,5.496172057583567
23.233333333333334,0.1866256186606893,41.4723597023754,0.4918387479167423,0.44568965602129534,1.1700886361196143,0.17274579640405263,1.1759677442861776,0.9331280933034465,0.8853097462501361,0.0,0.13816379336660156,1.63812409056746,0.08637289820202632,71.72227272401398,20.469833109426023,4.126795545541003,0.0,5.502394060721338
23.266666666666666,0.18655666567231485,41.457036816069966,0.49165702714490733,0.44552498605856033,1.1696563208313786,0.17268197162492174,1.1755332568305839,0.9327833283615742,0.8849826488608332,0.0,0.1381127456781537,1.63751884916393,0.08634098581246087,71.69577333409731,20.493027784945376,4.131460323751027,0.0,5.508613765001369
23.3,0.18648773816009695,41.44171959113266,0.49147537351369863,0.4453603769366656,1.1692241652712743,0.17261817042722077,1.1750989299056747,0.9324386908004847,0.8846556723246576,0.0,0.13806171685036633,1.6369138313797837,0.08630908521361039,71.6692837349471,20.5162138906957,4.136123378458956,0.0,5.514831171278609
23.333333333333332,0.18641883611455745,41.426408025457214,0.4912937869981375,0.44519582863297585,1.1687921693798755,0.17255439280217658,1.1746647634517269,0.9320941805727873,0.8843288165966475,0.0,0.13801070687622252,1.6363090371318256,0.08627719640108829,71.64280392292082,20.539391429865272,4.140784710306,0.0,5.521046280408
23.366666666666667,0.1863499595262183,41.4111021169374,0.49111226757324494,0.44503134112485615,1.1683603330977579,0.1724906387410159,1.1742307574090165,0.9317497976310914,0.8840020816318409,0.0,0.1379597157487054,1.635704466336861,0.08624531937050794,71.61633389437591,20.562560405642383,4.145444319933367,0.0,5.52725909324449
23.4,0.18628110838560136,41.39580186346697,0.4909308152140421,0.4448669143896713,1.1679286563654963,0.17242690823496556,1.1737969117178197,0.9314055419280067,0.8836754673852758,0.0,0.1379087434607981,1.6351001189116947,0.08621345411748278,71.58987364566983,20.58572082121531,4.1501022079822665,0.0,5.533469610643022
23.433333333333334,0.1862122826832285,41.380507262939666,0.49074942989555,0.44470254840478607,1.1674971391236655,0.1723632012752524,1.1733632263184135,0.9310614134161425,0.88334897381199,0.0,0.13785779000548368,1.6344959947731317,0.0861816006376262,71.56342317316005,20.60887267977234,4.154758375093907,0.0,5.539677833458543
23.466666666666665,0.18614348240962167,41.36521831324926,0.4905681115927898,0.4445382431475654,1.1670657813128409,0.17229951785310316,1.172929701151074,0.9307174120481083,0.8830226008670217,0.0,0.13780685537574527,1.633892093837977,0.08614975892655158,71.536982473204,20.632015984501752,4.1594128219094975,0.0,5.545883762545997
23.5,0.1860747075553027,41.34993501228949,0.49038686028078265,0.4443739985953742,1.166634582873597,0.17223585795974466,1.1724963361560776,0.9303735377765134,0.8826963485054088,0.0,0.137755939564566,1.6332884160230356,0.08611792897987233,71.51055154215918,20.655150738591836,4.164065549070248,0.0,5.552087398760331
23.53333333333333,0.1860059581107935,41.334657357954114,0.49020567593454967,0.4442098147255773,1.166203543746509,0.17217222158640372,1.1720631312737009,0.9300297905539675,0.8823702166821894,0.0,0.13770504256492896,1.6326849612451126,0.08608611079320186,71.48413037638302,20.67827694523087,4.1687165572173654,0.0,5.558288742956488
23.566666666666666,0.185937234066616,41.31938534813689,0.49002455852911186,0.4440456915155395,1.1657726638721522,0.1721086087243071,1.1716300864442202,0.9296861703330799,0.8820442053524014,0.0,0.13765416436981726,1.632081729421013,0.08605430436215356,71.457718972233,20.70139460760714,4.173365846992062,0.0,5.5644877959894155
23.6,0.18586853541538445,41.304118981196545,0.48984350804500487,0.44388162894762295,1.1653419432042202,0.1720450193666185,1.1711972016210968,0.9293426770769222,0.8817183144810088,0.0,0.1376033049737631,1.6314787204859083,0.08602250968330925,71.4313173268707,20.72450372820506,4.178013418893986,0.0,5.570684558525316
23.62045365623013,0.1858263938338618,41.29475418530262,0.4897324468582285,0.44378098860088055,1.165077727680105,0.17200601196177182,1.170931658546574,0.9291319691693088,0.8815184043448113,0.0,0.13757210646627296,1.6311088187521467,0.08600300598088591,71.41512185475555,20.738679477977975,4.1808643632237,0.0,5.5744858176316
23.633333333333333,0.18579986216211938,41.28885825824875,0.48966252449545977,0.443717627033817,1.1649113817741898,0.17198145351798494,1.1707644768359657,0.9289993108105968,0.8813925440918277,0.0,0.13755246438048327,1.6308759344838657,0.08599072675899247,71.40492544222555,20.747604305335848,4.1826592725835,0.0,5.576879030111335
23.666666666666668,0.1857312142793553,41.27360317319007,0.48948160780809324,0.44355368570853004,1.164480979409861,0.1719179111529836,1.170331911915761,0.9286560713967764,0.8810668940545678,0.0,0.1375016425696443,1.630273371173805,0.0859589555764918,71.37854330774226,20.77069634823843,4.187303409918685,0.0,5.583071213224914
23.7,0.18566259175785663,41.258353723968135,0.4893007579585656,0.44338980494970637,1.1640507360533285,0.17185439226306587,1.1698995068022875,0.9283129587892831,0.880741364325418,0.0,0.13745083953440898,1.62967103047466,0.08592719613153293,71.35217091987151,20.7937798600195,4.191945831524338,0.0,5.589261108699118
23.733333333333334,0.18559399458838788,41.243109908530634,0.48911997492253717,0.44322598473529007,1.1636206516466894,0.17179089683968302,1.1694672614373502,0.9279699729419393,0.8804159548605669,0.0,0.1374000552679399,1.629068912305365,0.08589544841984151,71.32580827506399,20.81685484378575,4.196586538025261,0.0,5.595448717367015
23.766666666666666,0.18552542276171344,41.227871724825214,0.48893925867566834,0.44306222504322523,1.1631907261320384,0.17172742487428638,1.169035175762754,0.9276271138085671,0.8800906656162031,0.0,0.13734928976339983,1.6284670165848538,0.08586371243714319,71.29945536977037,20.839921302643866,4.201225530046251,0.0,5.601634040061669
23.8,0.18545687626859775,41.2126391707995,0.4887586091936196,0.442898525851456,1.1627609594514718,0.17166397635832728,1.1686032497203036,0.9272843813429887,0.8797654965485152,0.0,0.13729854301395136,1.6278653432320604,0.08583198817916364,71.27311220044132,20.862979239700543,4.205862808212111,0.0,5.607817077616149
23.833333333333332,0.18538835509980534,41.197412244401185,0.4885780264520511,0.4427348871379266,1.1623313515470852,0.17160055128325702,1.168171483251804,0.9269417754990267,0.879440447613692,0.0,0.13724781501275723,1.6272638921659193,0.08580027564162851,71.24677876352753,20.886028658062468,4.2104983731476375,0.0,5.613997830863517
23.866666666666667,0.18531985924610062,41.18219094357792,0.48839751042662327,0.442571308880581,1.1619019023609747,0.17153714964052696,1.1677398762990598,0.926599296230503,0.8791155187679219,0.0,0.1371971057529801,1.6266626633053645,0.08576857482026348,71.22045505547966,20.909069560836333,4.215132225477631,0.0,5.620176300636842
23.9,0.18525138869824798,41.166975266277326,0.4882170610929965,0.4424077910573635,1.1614726118352354,0.1714737714215884,1.1673084288038762,0.9262569434912399,0.8787907099673937,0.0,0.13714641522778268,1.6260616565693295,0.0857368857107942,71.19414107274841,20.932101951128825,4.219764365826891,0.0,5.626352487769189
23.933333333333334,0.18518294344701194,41.1517652104471,0.4880366784268311,0.44224433364621807,1.1610434799119638,0.17141041661789266,1.1668771407080574,0.9259147172350597,0.8784660211682961,0.0,0.1370957434303276,1.6254608718767491,0.08570520830894633,71.16783681178443,20.95512583204664,4.224394794820218,0.0,5.632526393093624
23.966666666666665,0.18511452348315693,41.13656077403487,0.4878563624037875,0.442080936625089,1.1606145065332552,0.17134708522089107,1.1664460119534086,0.9255726174157847,0.8781414523268175,0.0,0.1370450903537776,1.6248603091465572,0.08567354261044553,71.1415422690384,20.978141206696467,4.229023513082409,0.0,5.638698017443213
24.0,0.18504612879744742,41.121361954988316,0.48767611299952596,0.44191759997192037,1.1601856916412057,0.17128377722203494,1.166015042481735,0.9252306439872371,0.8778170033991467,0.0,0.1369944559912953,1.6242599682976877,0.08564188861101747,71.11525744096102,21.001148078184993,4.233650521238266,0.0,5.6448673616510225
24.03333333333333,0.18497775938064787,41.10616875125508,0.4874959301897069,0.44175432366465633,1.1597570351779107,0.17122049261277558,1.1655842322348409,0.9248887969032392,0.8774926743414724,0.0,0.13694384033604345,1.6236598492490748,0.08561024630638779,71.08898232400294,21.02414644961891,4.238275819912587,0.0,5.651034426550117
24.066666666666666,0.18490941522352264,41.09098116078282,0.4873158139499906,0.44159110768124105,1.159328537085466,0.17115723138456435,1.165153581154531,0.9245470761176131,0.877168465109983,0.0,0.13689324338118472,1.6230599519196525,0.08557861569228217,71.06271691461485,21.047136324104912,4.242899409730173,0.0,5.657199212973564
24.1,0.18484109631683626,41.07579918151917,0.48713576425603744,0.44142795199961854,1.1589001973059678,0.17109399352885252,1.1647230891826108,0.9242054815841813,0.8768443756608674,0.0,0.13684266511988175,1.6224602762283549,0.08554699676442626,71.03646120924743,21.070117704749688,4.247521291315822,0.0,5.6633617217544305
24.133333333333333,0.18477280265135315,41.06062281141181,0.48695578108350784,0.44126485659773296,1.1584720157815114,0.17103077903709146,1.164292756260885,0.9238640132567657,0.8765204059503141,0.0,0.13679210554529722,1.621860822094116,0.08551538951854573,71.01021520435137,21.093090594659923,4.252141465294335,0.0,5.66952195372578
24.166666666666668,0.18470453421783778,41.0454520484084,0.4867758644080621,0.4411018214535286,1.158043992454193,0.17096758790073247,1.1638625823311577,0.9235226710891888,0.8761965559345117,0.0,0.13674156465059387,1.6212615894358702,0.08548379395036623,70.98397889637731,21.116054996942314,4.256759932290509,0.0,5.67567990972068
24.2,0.1846362910070546,41.03028689045658,0.4865960142053606,0.4409388465449495,1.157616127266108,0.17090442011122686,1.1634325673352344,0.9231814550352729,0.8758728255696491,0.0,0.13669104242893435,1.6206625781725512,0.08545221005561343,70.95775228177595,21.139010914703544,4.2613766929291454,0.0,5.681835590572195
24.233333333333334,0.18456807300976805,41.01512733550401,0.4864162304510636,0.44077593184993974,1.1571884201593523,0.17084127566002597,1.1630027112149197,0.9228403650488401,0.8755492148119145,0.0,0.13664053887348132,1.6200637882230933,0.08542063783001298,70.93153535699795,21.161958351050316,4.265991747835044,0.0,5.6879889971133935
24.266666666666666,0.18449988021674257,40.99997338149835,0.4862365131208316,0.4406130773464436,1.156760871076022,0.1707781545385811,1.1625730139120187,0.9224994010837128,0.875225723617497,0.0,0.1365900539773975,1.6194652195064307,0.08538907726929056,70.90532811849403,21.184897309089305,4.270605097633004,0.0,5.69414013017734
24.3,0.1844317126187426,40.984825026387256,0.4860568621903249,0.440450283012405,1.1563334799582123,0.1707150567383436,1.162143475368336,0.922158563093713,0.8749023519425848,0.0,0.13653958773384556,1.6188668719414971,0.0853575283691718,70.8791305627148,21.207827791927215,4.2752167429478245,0.0,5.7002889905971
24.333333333333332,0.18436357020653266,40.969682268118376,0.48587727763520383,0.4402875488257683,1.1559062467480192,0.1706519822507648,1.1617140955256762,0.9218178510326632,0.8745790997433669,0.0,0.13648914013598817,1.6182687454472269,0.0853259911253824,70.85294268611099,21.23074980267073,4.279826684404305,0.0,5.70643557920574
24.360011862478963,0.18430905016583793,40.95756670351955,0.4857335938861874,0.44015734688265956,1.155564421866122,0.17060151700426016,1.1613705531452985,0.9215452508291896,0.8743204689951374,0.0,0.13644877753362447,1.617790190612571,0.08530075850213008,70.83199003633176,21.24908946688295,4.283515050983304,0.0,5.711353401311073
24.366666666666667,0.18429545297087713,40.954545104639365,0.4856977594311287,0.4401248747644776,1.1554791713875388,0.17058893106729597,1.1612848743258446,0.9214772648543855,0.8742559669760317,0.0,0.13643871117698805,1.6176708399425541,0.08529446553364799,70.82676448513327,21.25366334442654,4.284434922627245,0.0,5.712579896836328
24.4,0.18422736090254044,40.93941353389788,0.48551830755375996,0.4399622608064769,1.1550522538188661,0.17052590317938845,1.160855811710646,0.9211368045127022,0.8739329535967679,0.0,0.13638830085000783,1.6170731553464126,0.08526295158969423,70.8005959562323,21.276568420301334,4.289041458241444,0.0,5.718721944321926
24.433333333333334,0.18415929399228712,40.92428755384159,0.48533892197875794,0.4397997069297103,1.1546254939840976,0.1704628985784936,1.160426907621885,0.9207964699614355,0.8736100595617643,0.0,0.1363379091482102,1.6164756915777367,0.0852314492892468,70.77443709585876,21.29946503340181,4.293646291871702,0.0,5.7248617224956035
24.466666666666665,0.18409125223088157,40.90916716241813,0.48515960268178293,0.43963721311212217,1.1541988918253292,0.17039991725606268,1.1599981620013662,0.9204562611544078,0.8732872848272093,0.0,0.13628753606475788,1.6158784485554607,0.08519995862803134,70.74828790046332,21.32235318683465,4.298249424142818,0.0,5.730999232190425
24.5,0.18402323560908823,40.89405235757517,0.48498034963849534,0.4394747793316566,1.153772447284656,0.17033695920354705,1.159569574790895,0.9201161780454411,0.8729646293492916,0.0,0.13623718159281353,1.6152814261985182,0.08516847960177353,70.72214836649668,21.34523288370655,4.302850855679592,0.0,5.737134474239457
24.53333333333333,0.1839552441176716,40.87894313726036,0.48480116282455554,0.4393124055662576,1.153346160304174,0.17027402441239803,1.1591411459322758,0.919776220588358,0.8726420930842,0.0,0.13618684572553985,1.6146846244258435,0.08513701220619901,70.6960184904095,21.368104127124194,4.307450587106823,0.0,5.7432674494757645
24.566666666666666,0.18388727774739608,40.86383949942136,0.4846220422156239,0.43915009179386927,1.152920030825979,0.17021111287406693,1.1587128753673137,0.9194363887369803,0.872319675988123,0.0,0.13613652845609947,1.6140880431563704,0.08510555643703346,70.66989826865246,21.390966920194284,4.31204861904931,0.0,5.749398158732415
24.6,0.18381933648902612,40.8487414420058,0.48444298778736067,0.43898783799243596,1.1524940587921668,0.17014822458000506,1.1582847630378132,0.9190966824451305,0.8719973780172492,0.0,0.13608622977765514,1.6134916823090335,0.08507411229000253,70.64378769767623,21.413821266023497,4.316644952131854,0.0,5.755526602842474
24.633333333333333,0.18375142033332623,40.83364896296138,0.48426399951542626,0.4388256441399016,1.1520682441448336,0.1700853595216638,1.1578568088855796,0.918757101666631,0.8716751991277673,0.0,0.1360359496833695,1.6128955418027668,0.0850426797608319,70.61768677393151,21.436667167718532,4.321239586979254,0.0,5.761652782639007
24.666666666666668,0.1836835292710608,40.818562060235735,0.484085077375481,0.4386635102142104,1.1516425868260742,0.17002251769049437,1.1574290128524176,0.9184176463553039,0.8713531392758659,0.0,0.13598568816640522,1.612299621556504,0.08501125884524718,70.59159549386895,21.459504628386078,4.32583252421631,0.0,5.76777669895508
24.7,0.18361566329299428,40.80348073177651,0.4839062213431854,0.4385014361933065,1.1512170867779852,0.1699596990779482,1.1570013748801318,0.9180783164649713,0.8710311984177337,0.0,0.135935445219925,1.6117039214891793,0.0849798495389741,70.56551385393924,21.482333651132823,4.3304237644678185,0.0,5.773898352623759
24.733333333333334,0.18354782238989115,40.788404975531364,0.4837274313941996,0.4383394220551341,1.1507917439426623,0.16989690367547652,1.156573894910527,0.9177391119494557,0.8707093765095593,0.0,0.13588522083709156,1.611108441519727,0.08494845183773826,70.53944185059305,21.505154239065458,4.335013308358583,0.0,5.780017744478111
24.766666666666666,0.18348000655251584,40.773334789447965,0.48354870750418405,0.4381774677776372,1.1503665582622007,0.16983413147453072,1.1561465728854083,0.9174000327625792,0.8703876735075313,0.0,0.13583501501106754,1.610513181567081,0.08491706573726536,70.51337948028106,21.527966395290676,4.3396011565134,0.0,5.786134875351201
24.8,0.1834122157716328,40.75827017147395,0.48337004964879915,0.4380155733387601,1.1499415296786968,0.1697713824665621,1.1557194087465805,0.917061078858164,0.8700660893678385,0.0,0.13578482773501563,1.6099181415501755,0.08488569123328105,70.48732673945395,21.550770122915168,4.344187309557071,0.0,5.792249746076096
24.833333333333332,0.1833444500380065,40.743211119557,0.48319145780370515,0.43785373871644684,1.1495166581342462,0.16970865664302195,1.1552924024358482,0.9167222501900325,0.8697446240466693,0.0,0.13573465900209852,1.6093233213879445,0.08485432832151098,70.46128362456238,21.57356542504562,4.3487717681143945,0.0,5.7983623574858605
24.866666666666667,0.18327670934240137,40.72815763164475,0.4830129319445625,0.4376919638886415,1.1490919435709446,0.16964595399536161,1.1548655538950166,0.9163835467120068,0.8694232775002125,0.0,0.13568450880547886,1.6087287209993222,0.08482297699768081,70.43525013205706,21.596352304788724,4.353354532810171,0.0,5.804472710413561
24.9,0.18320899367558188,40.71310970568487,0.48283447204703145,0.43753024883328834,1.1486673859308876,0.16958327451503244,1.1544388630658902,0.9160449683779094,0.8691020496846567,0.0,0.13563437713831938,1.6081343403032424,0.08479163725751622,70.40922625838864,21.61913076525117,4.357935604269198,0.0,5.810580805692265
24.933333333333334,0.18314130302831247,40.69806733962499,0.48265607808677247,0.4373685935283314,1.148242985156171,0.1695206181934857,1.154012329890274,0.9157065151415623,0.8687809405561905,0.0,0.13558426399378273,1.6075401792186395,0.08476030909674286,70.38321200000782,21.641900809539653,4.362514983116277,0.0,5.8166866441550376
24.966666666666665,0.18307363739135757,40.68303053141279,0.4824777500394459,0.4372069979517149,1.147818741188891,0.16945798502217274,1.1535859543099727,0.9153681869567878,0.8684599500710026,0.0,0.13553416936503163,1.6069462376644472,0.08472899251108637,70.35720735336524,21.664662440760857,4.3670926699762065,0.0,5.822790226634943
25.0,0.18300599675548165,40.66799927899593,0.482299487880712,0.4370454620813829,1.147394653971143,0.1693953749925449,1.1531597362667911,0.9150299837774082,0.8681390781852816,0.0,0.1354840932452287,1.6063525155596001,0.08469768749627245,70.3312123149116,21.687415662021476,4.371668665473787,0.0,5.82889155396505
25.03333333333333,0.18293838111144917,40.65297358032203,0.4821212915862312,0.43688398589527966,1.1469707234450228,0.16933278809605345,1.1527336757025346,0.9146919055572458,0.8678183248552161,0.0,0.1354340356275367,1.605759012823032,0.08466639404802673,70.30522688109758,21.7101604764282,4.376242970233816,0.0,5.834990626978423
25.066666666666666,0.18287079045002452,40.63795343333879,0.4819431611316638,0.4367225693713491,1.1465469495526264,0.1692702243241498,1.1523077725590072,0.9143539522501226,0.8674976900369948,0.0,0.13538399650511823,1.6051657293736767,0.0846351121620749,70.27925104837385,21.73289688708772,4.380815584881097,0.0,5.841087446508129
25.1,0.18280322476197225,40.622938835993835,0.4817650964926702,0.43656121248753554,1.1461233322360491,0.16920768366828515,1.151882026778014,0.9140161238098612,0.8671771736868064,0.0,0.13533397587113602,1.6045726651304688,0.08460384183414257,70.25328481319109,21.755624897106728,4.385386510040425,0.0,5.847182013387234
25.122725692594777,0.18275717476255204,40.612705502789346,0.48164373494424534,0.43645123825919185,1.1458346120624654,0.16916505852452762,1.1515918559304574,0.9137858738127601,0.8669587228996416,0.0,0.13529988386034947,1.6041684568874515,0.08458252926226381,70.2355872931986,21.771115375756004,4.388501864993578,0.0,5.851335819991437
25.133333333333333,0.18273568403805673,40.607929786234834,0.4815870976449107,0.43639991522178306,1.1456998714373872,0.1691451661199109,1.1514564383013604,0.9136784201902837,0.8668567757608393,0.0,0.13528397371875275,1.603979820012342,0.08457258305995545,70.22732817199997,21.778344509591907,4.389955746336601,0.0,5.853274328448802
25.166666666666668,0.18266816826904242,40.59292628200942,0.48140916456404576,0.4362386775520358,1.1452765670987364,0.16908267167047838,1.1510310070708505,0.9133408413452121,0.8665364962152824,0.0,0.1352339900411311,1.6033871939382307,0.08454133583523919,70.20138112125117,21.801055727649956,4.394523294394426,0.0,5.859364392525901
25.2,0.18260067744569383,40.5779283212653,0.48123129722573565,0.43607749945623786,1.144853419162192,0.16902020031143888,1.1506057330282895,0.9130033872284691,0.8662163350063242,0.0,0.13518402483143374,1.6027947868270687,0.08451010015571944,70.17544365739538,21.823758554387563,4.399089154838697,0.0,5.865452206451597
25.233333333333334,0.18253321155877533,40.56293590195007,0.48105349560564076,0.4359163809123335,1.1444304275698503,0.1689577520342437,1.1501806161154822,0.9126660577938766,0.8658962920901534,0.0,0.13513407808282338,1.6022025985977901,0.08447887601712185,70.14951577688326,21.846452992911416,4.403653328294215,0.0,5.8715377710589545
25.266666666666666,0.18246577059905142,40.54794902201143,0.4808757596794214,0.43575532189826666,1.1440075922638067,0.16889532683034422,1.1497556562742333,0.912328852995257,0.8655763674229586,0.0,0.13508414978846267,1.6016106291693293,0.08444766341517211,70.12359747616549,21.869139046328204,4.4082158153857804,0.0,5.877621087181041
25.3,0.1823983545572865,40.532967679397004,0.480698089422738,0.43559432239198154,1.143584913186157,0.1688329246911917,1.1493308534463476,0.9119917727864325,0.8652565609609284,0.0,0.13503423994151428,1.6010188784606199,0.08441646234559586,70.09768875169274,21.891816717744625,4.412776616738191,0.0,5.883702155650922
25.333333333333332,0.1823309634242451,40.517991872054466,0.48052048481125087,0.4354333823714225,1.1431623902789976,0.16877054560823754,1.14890620757363,0.9116548171212254,0.8649368726602515,0.0,0.13498434853514096,1.6004273463905965,0.08438527280411877,70.0717895999157,21.914486010267364,4.417335732976247,0.0,5.889780977301664
25.366666666666667,0.1822635971906916,40.503021597931465,0.48034294582062037,0.43527250181453336,1.1427400234844234,0.168708189572933,1.1484817185978857,0.9113179859534579,0.8646173024771167,0.0,0.13493447556250535,1.5998360328781926,0.0843540947864665,70.04590001728505,21.937146927003113,4.421893164724748,0.0,5.895857552966332
25.4,0.1821962558473905,40.48805685497567,0.48016547242650676,0.4351116806992584,1.1423178127445306,0.1686458565767294,1.1480573864609191,0.9109812792369524,0.8642978503677122,0.0,0.1348846210167701,1.5992449378423428,0.0843229282883647,70.02002000025146,21.959799471058556,4.426448912608493,0.0,5.901931883477992
25.433333333333334,0.1821289393851062,40.473097641134714,0.4799880646045706,0.4349509190035417,1.141895758001415,0.16858354661107808,1.147633211104535,0.9106446969255308,0.8639785162882271,0.0,0.13483478489109793,1.598654061201981,0.08429177330553904,69.9941495452656,21.982443645540396,4.431002977252283,0.0,5.9080039696697115
25.466666666666665,0.18206164779460315,40.45814395435626,0.47981072233047206,0.4347902167053276,1.1414738591971723,0.16852125966743034,1.1472091924705385,0.9103082389730157,0.8636593001948497,0.0,0.13478496717865154,1.5980634028760412,0.08426062983371517,69.96828864877814,22.00507945355531,4.435555359280916,0.0,5.914073812374555
25.5,0.18199438106664587,40.44319579258797,0.47963344557987153,0.4346295737825599,1.1410521162738985,0.16845899573723752,1.1467853305007343,0.9099719053332292,0.8633402020437688,0.0,0.13473516787259357,1.5974729627834576,0.08422949786861876,69.94243730723979,22.027706898210003,4.440106059319192,0.0,5.92014141242559
25.53333333333333,0.18192713919199874,40.428253153777504,0.47945623432842943,0.4344689902131831,1.1406305291736887,0.16839675481195096,1.1463616251369273,0.9096356959599936,0.863021221791173,0.0,0.13468538696608676,1.596882740843164,0.08419837740597548,69.9165955171012,22.050325982611152,4.44465507799191,0.0,5.926206770655881
25.566666666666666,0.1818599221614262,40.41331603587249,0.47927908855180607,0.434308465975141,1.1402090978386392,0.16833453688302197,1.1459380763209221,0.9092996108071311,0.8627023593932509,0.0,0.1346356244522937,1.596292736974095,0.08416726844151098,69.89076327481304,22.072936709865456,4.44920241592387,0.0,5.932269887898494
25.6,0.1817927299656928,40.39838443682062,0.47910200822566185,0.4341480010463779,1.139787822210846,0.16827234194190183,1.1455146839945236,0.9089636498284639,0.8623836148061913,0.0,0.13458588032437716,1.5957029510951841,0.08413617097095091,69.864940576826,22.0955390830796,4.453748073739872,0.0,5.938330764986497
25.633333333333333,0.18172556259556288,40.38345835456953,0.478924993325657,0.433987595404838,1.1393667022324043,0.1682101699800419,1.1450914480995371,0.9086278129778144,0.8620649879861827,0.0,0.13453615457549978,1.5951133831253659,0.08410508499002095,69.83912741959077,22.118133105360275,4.4582920520647145,0.0,5.944389402752954
25.666666666666668,0.18165842004180094,40.368537787066884,0.47874804382745206,0.4338272490284653,1.1389457378454102,0.1681480209888935,1.144668368577767,0.9082921002090046,0.8617464788894137,0.0,0.13448644719882424,1.5945240329835741,0.08407401049444675,69.813323799558,22.14071877981418,4.462834351523198,0.0,5.950445802030932
25.7,0.18159130229517143,40.35362273226032,0.4785711597067072,0.4336669618952041,1.1385249289919595,0.16808589495990797,1.144245445371018,0.9079565114758571,0.861428087472073,0.0,0.13443675818751327,1.593934900588743,0.08404294747995399,69.78752971317839,22.163296109547993,4.467374972740121,0.0,5.956499963653495
25.733333333333334,0.18152420934643876,40.3387131880975,0.4783943409390829,0.43350673398299827,1.1381042756141477,0.16802379188453656,1.1438226784210954,0.9076210467321938,0.8611098136903492,0.0,0.13438708753472947,1.5933459858598067,0.08401189594226828,69.7617451569026,22.18586509766841,4.4719139163402835,0.0,5.962551888453712
25.766666666666666,0.18145714118636747,40.32380915252611,0.47821758750023946,0.4333465652697923,1.137683777654071,0.16796171175423066,1.1434000676698035,0.9072857059318372,0.8607916575004311,0.0,0.13433743523363562,1.592757288715699,0.08398085587711533,69.73597012718132,22.20842574728212,4.476451182948485,0.0,5.968601577264647
25.8,0.1813900978057219,40.30891062349376,0.47804089936583727,0.43318645573353,1.1372634350538247,0.1678996545604416,1.1429776130589475,0.9069504890286095,0.8604736188585071,0.0,0.1342878012773943,1.5921688090753543,0.0839498272802208,69.7102046204652,22.230978061495822,4.480986773189525,0.0,5.974649030919368
25.833333333333332,0.18132307919526658,40.29401759894813,0.4778642765115367,0.4330264053521557,1.1368432477555048,0.16783762029462063,1.1425553145303322,0.9066153959763329,0.860155697720766,0.0,0.13423818565916826,1.5915805468577067,0.08391881014731031,69.68444863320497,22.253522043416194,4.4855206876882034,0.0,5.980694250250938
25.866666666666667,0.18125608534576593,40.27913007683687,0.477687718912998,0.43286641410361343,1.136423215701207,0.1677756089482191,1.1421331720257621,0.9062804267288296,0.8598378940433964,0.0,0.13418858837212017,1.5909925019816897,0.08388780447410955,69.65870216185124,22.276057696149934,4.4900529270693195,0.0,5.986737236092426
25.9,0.1811891162479844,40.26424805510764,0.47751122654588163,0.43270648196584743,1.1360033388330273,0.16771362051268837,1.1417111854870428,0.9059455812399219,0.859520207782587,0.0,0.1341390094094127,1.5904046743662381,0.08385681025634419,69.63296520285473,22.298585022803728,4.4945834919576715,0.0,5.992777989276896
25.909320150927556,0.18117039581163966,40.260087958142144,0.4774618901469546,0.43266177478740686,1.1358859671131778,0.1676962923628416,1.141593224033206,0.9058519790581983,0.8594314022645183,0.0,0.13412515018409613,1.5902403539584489,0.0838481461814208,69.62577073378525,22.30488227629242,4.495849958946293,0.0,5.994466611928392
25.933333333333334,0.18112217189268642,40.24937153170809,0.4773347993858479,0.4325466089168018,1.1355836170930613,0.16765165497947973,1.1412893548559782,0.9056108594634321,0.8592026388945262,0.0,0.13408944876420856,1.5898170639302858,0.08382582748973987,69.60723775266611,22.32110402648427,4.499112382978061,0.0,5.998816510637416
25.966666666666665,0.18105525228817743,40.234500508483876,0.4771584374547851,0.43238679497631094,1.1351640505333815,0.1675897123562809,1.1408676801849027,0.9052762614408871,0.8588851874186132,0.0,0.1340399064426564,1.589229670746734,0.08379485617814045,69.58151981447722,22.343614704397762,4.503639599568615,0.0,6.004852799424821
26.0,0.18098835740717834,40.21963497937296,0.4769821406808012,0.43222704007922863,1.1347446389829559,0.1675277926178416,1.1404461613019257,0.9049417870358917,0.8585678532254422,0.0,0.13399038242456088,1.5886424945761382,0.0837638963089208,69.55581137780445,22.366117065720434,4.508165143574803,0.0,6.010886858099738
26.03333333333333,0.18092148723979562,40.20477494217681,0.4768059090378224,0.4320673442019274,1.1343253823797548,0.1674658957550041,1.140024798144705,0.904607436198978,0.8582506362680803,0.0,0.1339408767025975,1.5880555353316566,0.08373294787750205,69.53011243884555,22.388611113780325,4.512689015665941,0.0,6.01691868755459
26.066666666666666,0.18085464177703,40.18992039489556,0.4766297425021318,0.43190770732291583,1.1339062806673559,0.16740402175943847,1.1396035906565345,0.90427320888515,0.8579335365038373,0.0,0.1338913892701039,1.587468792934298,0.08370201087971924,69.50442299414205,22.41109685160463,4.517211216450842,0.0,6.022948288601122
26.099999999999998,0.18078782100988233,40.1750713355294,0.4764536410500128,0.43174812942070256,1.1334873337893365,0.1673421706228148,1.1391825387807093,0.9039391050494116,0.8576165538900231,0.0,0.1338419201204178,1.586882267305071,0.0836710853114074,69.47874304023546,22.433574282220523,4.521731746538312,0.0,6.028975662051083
26.133333333333333,0.18072102492935338,40.16022776207853,0.47627760465774854,0.4315886104737961,1.1330685416892745,0.16728034233680322,1.1387616424605227,0.9036051246467668,0.8572996883839474,0.0,0.1337924692468768,1.5862959583649843,0.08364017116840161,69.45307257366728,22.456043408655198,4.526250606537164,0.0,6.035000808716219
26.166666666666668,0.18065425352644393,40.1453896725431,0.4761016333016223,0.431429150460705,1.1326499043107474,0.16721853689307378,1.1383409016392694,0.9032712676322197,0.8569829399429202,0.0,0.13374303664281856,1.5857098660350464,0.08360926844653689,69.42741159097905,22.47850423393584,4.530767797056206,0.0,6.041023729408275
26.2,0.18058750679215485,40.1305570649233,0.47592572695791735,0.431269749359938,1.1322314215973333,0.1671567542832966,1.137920316260243,0.9029375339607743,0.8566663085242513,0.0,0.13369362230158077,1.5851239902362664,0.0835783771416483,69.40176008871222,22.50095676108963,4.5352833187042485,0.0,6.047044424938999
26.233333333333334,0.1805207847174869,40.11572993721932,0.4757498856029169,0.4311104071500035,1.131813093492609,0.16709499449914175,1.137499886266738,0.9026039235874345,0.8563497940852505,0.0,0.13364422621650107,1.5845383308896523,0.08354749724957088,69.37611806340836,22.52340099314376,4.539797172090103,0.0,6.053062896120138
26.266666666666666,0.1804540872934409,40.10090828743131,0.47557410921290416,0.4309511238094101,1.1313949199401525,0.16703325753227935,1.1370796116020485,0.9022704364672044,0.8560333965832275,0.0,0.13359484838091712,1.5839528879162135,0.08351662876613968,69.35048551160894,22.545836933125408,4.544309357822577,0.0,6.059079143763437
26.3,0.18038741451101759,40.08609211355947,0.47539839776416243,0.4307918993166664,1.1309769008835417,0.1669715433743795,1.1366594922094686,0.9019370725550879,0.8557171159754924,0.0,0.13354548878816658,1.5833676612369583,0.08348577168718975,69.32486242985549,22.568264584061765,4.548819876510483,0.0,6.065093168680645
26.333333333333332,0.18032076636121785,40.07128141360397,0.4752227512329749,0.4306327336502811,1.130559036266354,0.16690985201711228,1.1362395280322923,0.9016038318060893,0.8554009522193549,0.0,0.13349614743158714,1.5827826507728955,0.08345492600855614,69.2992488146895,22.590683948980015,4.5533287287626285,0.0,6.071104971683506
26.366666666666667,0.18025414283504246,40.056476185564996,0.4750471695956249,0.4304736267887626,1.1301413260321669,0.16684818345214777,1.1358197190138137,0.9012707141752122,0.8550849052721248,0.0,0.1334468243045164,1.5821978564450334,0.08342409172607389,69.2736446626525,22.61309503090735,4.557835915187826,0.0,6.077114553583768
26.4,0.18018754392349218,40.0416764274427,0.4748716528283955,0.4303145787106197,1.1297237701245582,0.1667865376711561,1.135400065097327,0.9009377196174608,0.8547689750911119,0.0,0.1333975194002921,1.5816132781743812,0.08339326883557804,69.24804997028598,22.635497832870943,4.562341436394883,0.0,6.083121915193178
26.433333333333334,0.18012096961756785,40.0268821372373,0.4746962009075701,0.43015558939436066,1.1293063684871052,0.16672491466580733,1.1349805662261265,0.9006048480878392,0.8544531616336262,0.0,0.1333482327122518,1.5810289158819473,0.08336245733290366,69.22246473413146,22.65789235789799,4.566845292992611,0.0,6.089127057323482
26.466666666666665,0.18005441990827029,40.01209331294895,0.4745208138094319,0.42999665881849436,1.128889121063386,0.16666331442777158,1.1345612223435064,0.9002720995413513,0.8541374648569774,0.0,0.13329896423373325,1.5804447694887405,0.08333165721388579,69.19688895073045,22.680278609015673,4.57134748558982,0.0,6.095129980786427
26.5,0.17998789478660024,39.99730995257784,0.4743454915102641,0.42983778696152913,1.1284720277969782,0.1666017369487189,1.1341420333927603,0.8999394739330011,0.8538218847184754,0.0,0.13324971395807403,1.5798608389157693,0.08330086847435945,69.17132261662445,22.702656589251177,4.575848014795319,0.0,6.10113068639376
26.53333333333333,0.17992139424355855,39.98253205412413,0.47417023398635005,0.42967897380197373,1.128055088631459,0.16654018222031947,1.133722999317183,0.8996069712177927,0.8535064211754301,0.0,0.13320048187861186,1.5792771240840426,0.08327009111015973,69.14576572835499,22.725026301631686,4.580346881217919,0.0,6.107129174957225
26.566666666666666,0.179854918270146,39.967759615587994,0.4739950412139728,0.4295202193183368,1.1276383035104065,0.1664786502342433,1.133304120060068,0.89927459135073,0.853191074185151,0.0,0.1331512679886844,1.578693624914569,0.08323932511712165,69.12021828246355,22.747387749184394,4.584844085466429,0.0,6.1131254472885725
26.599999999999998,0.17978846685736338,39.95299263496964,0.47381991316941574,0.42936152348912665,1.127221672377398,0.1664171409821605,1.1328853955647098,0.8989423342868169,0.8528758437049484,0.0,0.13310207228162926,1.578110341328357,0.08320857049108026,69.09468027549165,22.769740934936475,4.58933962814966,0.0,6.1191195041995465
26.633333333333333,0.17972203999621153,39.93823111026923,0.4736448498289621,0.429202886292852,1.1268051951760112,0.16635565445574121,1.1324668257744026,0.8986101999810576,0.8525607296921318,0.0,0.13305289475078413,1.5775272732464156,0.08317782722787061,69.06915170398082,22.792085861915126,4.593833509876421,0.0,6.125111346501895
26.666666666666668,0.17965563767769122,39.92347503948694,0.4734698511688951,0.42904430770802154,1.1263888718498238,0.1662941906466555,1.1320484106324404,0.8982781883884561,0.8522457321040112,0.0,0.13300373538948668,1.5769444205897531,0.08314709532332774,69.04363256447255,22.814422533147525,4.598325731255523,0.0,6.131100975007365
26.7,0.17958925989280328,39.90872442062295,0.473294917165498,0.4288857877131436,1.1259727023424133,0.16623274954657344,1.1316301500821175,0.8979462994640164,0.8519308508978964,0.0,0.13295459419107453,1.5763617832793786,0.08311637477328672,69.01812285350834,22.83675095166086,4.602816292895775,0.0,6.1370883905277
26.720542941768944,0.17954836425877238,39.899636501949416,0.47318713958607794,0.4287881228737995,1.1257162985486047,0.16619489542493238,1.1313724579879259,0.8977418212938618,0.8517368512549404,0.0,0.13292431809087785,1.5760028179680465,0.08309744771246619,69.0024062126836,22.850507584750552,4.605582946916287,0.0,6.14077726255505
26.733333333333334,0.17952290663254847,39.893979251677436,0.47312004779505396,0.4287273262867271,1.1255566865973576,0.16617133114716515,1.1312120440667277,0.8976145331627423,0.8516160860310972,0.0,0.1329054711488854,1.5757793612363005,0.08308566557358257,68.99262256762972,22.85907112048232,4.607305195405988,0.0,6.14307359387465
26.766666666666666,0.17945657788792763,39.87923953065059,0.47294524303384633,0.42856892340728026,1.125140824558234,0.16610993544010072,1.1307940925295652,0.8972828894396381,0.8513014374609235,0.0,0.13285636625625688,1.5751971543815273,0.08305496772005036,68.96713170337819,22.88138304263908,4.61179243939497,0.0,6.14905658585996
26.8,0.17939027364994153,39.86450525554256,0.4727705028581583,0.42841057905331187,1.12472511616862,0.16604856241705024,1.1303762954139245,0.8969513682497076,0.850986905144685,0.0,0.13280727950652668,1.574615162636068,0.08302428120852512,68.94165025729525,22.903686721158337,4.616278025471533,0.0,6.155037367295378
26.833333333333332,0.17932399390959097,39.84977642435355,0.4725958272442732,0.42825229320333047,1.124309561372094,0.1659872120696838,1.1299586526630991,0.8966199695479549,0.8506724890396917,0.0,0.13275821089303244,1.5740333859209314,0.0829936060348419,68.91617822592242,22.92598215906727,4.620761954244486,0.0,6.161015938992649
26.866666666666667,0.1792577386578768,39.83505303508373,0.47242121616847405,0.4280940658358446,1.1238941601122328,0.1659258843896715,1.1295411642203836,0.896288693289384,0.8503581891032533,0.0,0.13270916040911182,1.5734518241571258,0.08296294219483576,68.8907156058012,22.948269359393073,4.62524422632264,0.0,6.16699230176352
26.9,0.17919150788579977,39.820335085733284,0.4722466696070443,0.42793589692936296,1.1234789123326143,0.16586457936868346,1.1291238300290725,0.8959575394289988,0.8500440052926798,0.0,0.1326601280481025,1.57287047726566,0.08293228968434173,68.86526239347313,22.97054832516292,4.629724842314803,0.0,6.172966456419738
26.933333333333334,0.17912530158436069,39.805622574302376,0.4720721875362671,0.42777778646239384,1.1230638179768164,0.16580329699838975,1.128706650032459,0.8956265079218034,0.8497299375652808,0.0,0.1326111138033421,1.5722893451675428,0.08290164849919487,68.83981858547968,22.992819059404006,4.634203802829788,0.0,6.17893840377305
26.966666666666665,0.17905911974456037,39.79091549879119,0.47189776993242577,0.42761973441344614,1.1226488769884162,0.16574203727046044,1.1282896241738378,0.8952955987228018,0.8494159858783664,0.0,0.1325621176681683,1.5717084277837827,0.08287101863523022,68.81438417836237,23.01508156514351,4.638681108476401,0.0,6.1849081446352026
27.0,0.17899296235739962,39.776213857199906,0.4717234167718034,0.4274617407610283,1.122234089310992,0.16568080017656567,1.1278727523965029,0.894964811786998,0.8491021501892462,0.0,0.13251313963591876,1.5711277250353886,0.08284040008828283,68.78895916866271,23.037335845408627,4.643156759863456,0.0,6.190875679817942
27.03333333333333,0.17892682941387925,39.76151764752873,0.4715491280306834,0.4273038054836489,1.1218194548881208,0.1656195857083755,1.1274560346437486,0.8946341470693961,0.8487884304552301,0.0,0.13246417969993116,1.570547236843369,0.08280979285418776,68.76354355292223,23.05958190322653,4.64763075759976,0.0,6.196841010133014
27.066666666666666,0.17886072090500002,39.746826867777784,0.4713749036853489,0.42714592855981653,1.1214049736633804,0.16555839385756005,1.1270394708588687,0.894303604525,0.848474826633628,0.0,0.13241523785354312,1.5699669631287325,0.08277919692878002,68.73813732768241,23.081819741624418,4.652103102294125,0.0,6.202804136392166
27.099999999999998,0.17879463682176275,39.73214151594728,0.4712007437120832,0.4269881099680398,1.1209906455803487,0.1654972246157894,1.1266230609851577,0.8939731841088137,0.8481613386817498,0.0,0.13236631409009234,1.5693869038124881,0.0827486123078947,68.71274048948477,23.104049363629464,4.656573794555359,0.0,6.2087650594071455
27.133333333333333,0.17872857715516824,39.71746159003739,0.47102664808716954,0.42683034968682715,1.1205764705826031,0.16543607797473364,1.1262068049659095,0.8936428857758412,0.8478479665569052,0.0,0.13231740840291642,1.5688070588156442,0.08271803898736682,68.68735303487082,23.126270772268864,4.661042834992274,0.0,6.214723779989699
27.166666666666668,0.1786625418962173,39.70278708804829,0.47085261678689105,0.4266726476946873,1.1201624486137212,0.16537495392606288,1.1257907027444183,0.8933127094810864,0.8475347102164039,0.0,0.13226852078535306,1.5682274280592094,0.08268747696303144,68.66197496038207,23.148483970569796,4.665510224213678,0.0,6.220680298951572
27.2,0.17859653103591075,39.68811800798017,0.47067864978753116,0.42651500397012887,1.1197485796172806,0.1653138524614472,1.1253747542639783,0.8929826551795537,0.8472215696175561,0.0,0.13221965123073995,1.5676480114641926,0.0826569262307236,68.63660626256004,23.17068896155945,4.669975962828382,0.0,6.22663461710451
27.233333333333334,0.17853054456524933,39.673454347833186,0.470504747065373,0.4263574184916603,1.119334863536859,0.16525277357255672,1.1249589594678833,0.8926527228262466,0.8469085447176714,0.0,0.1321707997324147,1.5670688089516025,0.08262638678627836,68.6112469379462,23.19288574826501,4.674440051445197,0.0,6.232586735260263
27.266666666666666,0.1784645824752339,39.658796105607536,0.4703309085966998,0.4261998912377902,1.118921300316034,0.1651917172510615,1.124543318299428,0.8923229123761695,0.8465956354740597,0.0,0.13212196628371495,1.5664898204424478,0.08259585862553075,68.58589698308212,23.215074333713662,4.678902490672931,0.0,6.238536654230575
27.3,0.17839864475686523,39.64414327930339,0.4701571343577949,0.42604242218702715,1.1185078898983836,0.16513068348863164,1.1241278307019062,0.8919932237843261,0.8462828418440308,0.0,0.1320731508779784,1.5659110458577368,0.08256534174431582,68.56055639450926,23.237254720932594,4.683363281120395,0.0,6.244484374827194
27.333333333333332,0.17833273140114414,39.62949586692091,0.4699834243249414,0.4258850113178798,1.1180946322274847,0.16506967227693725,1.123712496618612,0.8916636570057207,0.8459701637848945,0.0,0.13202435350854275,1.5653324851184787,0.08253483613846863,68.53522516876914,23.25942691294899,4.687822423396399,0.0,6.250429897861866
27.366666666666667,0.17826684239907142,39.614853866460315,0.4698097784744226,0.42572765860885675,1.1176815272469156,0.16500868360764842,1.1232973159928394,0.8913342119953571,0.8456576012539607,0.0,0.13197557416874559,1.5647541381456818,0.08250434180382421,68.50990330240327,23.281590912790033,4.692279918109753,0.0,6.256373224146338
27.4,0.1782009777416479,39.60021727592176,0.4696361967825218,0.42557036403846643,1.1172685749002536,0.16494771747243525,1.1228822887678829,0.8910048887082394,0.8453451542085392,0.0,0.1319268128519246,1.5641760048603548,0.08247385873621763,68.48459079195318,23.30374672348291,4.696735765869267,0.0,6.262314354492356
27.433333333333334,0.1781351374198743,39.5855860933054,0.46946267922552215,0.4254131275852175,1.1168557751310761,0.16488677386296782,1.1224674148870364,0.8906756870993715,0.8450328226059399,0.0,0.13187806955141743,1.5635980851835065,0.08244338693148391,68.45928763396036,23.32589434805481,4.70118996728375,0.0,6.268253289711668
27.466666666666665,0.17806932142475151,39.57096031661145,0.469289225779707,0.42525594922761856,1.1164431278829612,0.16482585277091624,1.1220526942935942,0.8903466071237576,0.8447206064034726,0.0,0.13182934426056175,1.5630203790361457,0.08241292638545812,68.43399382496631,23.348033789532916,4.705642522962013,0.0,6.274190030616018
27.5,0.1780035297472803,39.556339943840065,0.46911583642135946,0.4250988289441781,1.1160306330994862,0.1647649541879506,1.1216381269308502,0.8900176487364014,0.844408505558447,0.0,0.1317806369726952,1.5624428863392807,0.0823824770939753,68.40870936151255,23.370165050944415,4.710093433512866,0.0,6.280124578017156
27.53333333333333,0.17793776237846148,39.54172497299144,0.46894251112676283,0.4249417667134048,1.1156182907242291,0.16470407810574098,1.1212237127420988,0.8896888118923073,0.8440965200281731,0.0,0.13173194768115548,1.5618656070139207,0.08235203905287049,68.3834342401406,23.392288135316488,4.7145426995451185,0.0,6.286056932726825
27.557165180089015,0.17789075654043365,39.53127923120748,0.4688186305326285,0.42482950980070466,1.1153235777191106,0.16466056821152586,1.1209275189520365,0.8894537827021682,0.8438735349587313,0.0,0.13169714803821844,1.5614530088067546,0.08233028410576293,68.3653693808847,23.408100142689534,4.717722718484766,0.0,6.290296957979689
27.566666666666666,0.1778720193092958,39.52711540206574,0.4687692498722004,0.4247847625138072,1.1152061007007672,0.16464322451595748,1.1208094516706337,0.889360096546479,0.8437846497699608,0.0,0.13168327637928023,1.561288540981074,0.08232161225797874,68.35816845739195,23.414403045676327,4.71899032166758,0.0,6.291987095556775
27.599999999999998,0.17780630053078414,39.51251122906314,0.46859605263395543,0.42462781632389396,1.114794062972678,0.1645823934102702,1.1203953436597496,0.8890315026539206,0.8434728947411197,0.0,0.13163462306040713,1.560711688161749,0.0822911967051351,68.33291200980813,23.436509785051115,4.7234363004890625,0.0,6.29791506731875
27.633333333333333,0.17774060603392725,39.49791245198384,0.46842291938831104,0.42447092812217346,1.1143821774835394,0.16452158478034923,1.11998138865274,0.8887030301696361,0.8431612548989599,0.0,0.13158598771787378,1.5601350484769552,0.08226079239017461,68.30766489393062,23.458608356468037,4.727880636618374,0.0,6.3038408488245
27.666666666666668,0.17767493580972593,39.48331906882799,0.4682498501115505,0.42431409788715446,1.113970444176929,0.1644607986178647,1.1195675865928998,0.8883746790486295,0.8428497302007909,0.0,0.1315373703450179,1.5595586218477004,0.08223039930893235,68.28242710630096,23.48069876295428,4.732323330664325,0.0,6.309764440885767
27.7,0.177609289849181,39.46873107759578,0.46807684477995715,0.4241573255973454,1.1135588629964244,0.16440003491448665,1.1191539374235224,0.8880464492459049,0.8425383206039229,0.0,0.13148877093517708,1.5589824081949941,0.08220001745724333,68.25719864346064,23.502781007537028,4.736764383235725,0.0,6.315685844314301
27.733333333333334,0.17754366814329325,39.454148476287386,0.46790390336981413,0.42400061123125504,1.113147433885603,0.16433929366188518,1.1187404410879025,0.8877183407164662,0.8422270260656655,0.0,0.13144018948168906,1.5584064074398443,0.08216964683094259,68.23197950195117,23.524855093243467,4.741203794941385,0.0,6.321605059921848
27.766666666666666,0.17747807068306348,39.439571262902994,0.4677310258574048,0.42384395476739184,1.112736156788043,0.16427857485173042,1.1183270975293338,0.8873903534153174,0.8419158465433286,0.0,0.13139162597789147,1.55783061950326,0.08213928742586521,68.20676967831407,23.546921023100783,4.745641566390114,0.0,6.327522088520154
27.8,0.1774124974594925,39.42499943544278,0.4675582122190122,0.42368735618426434,1.1123250316473214,0.16421787847569244,1.1179139066911106,0.8870624872974625,0.8416047819942221,0.0,0.13134308041712195,1.5572550443062498,0.08210893923784622,68.18156916909084,23.568978800136165,4.750077698190724,0.0,6.333436930920966
27.833333333333332,0.17734694846358112,39.41043299190692,0.46738546243091983,0.42353081546038124,1.1119140584070162,0.16415720452544136,1.117500868516527,0.8867347423179056,0.8412938323756557,0.0,0.13129455279271818,1.5566796817698225,0.08207860226272068,68.15637797082299,23.59102842737679,4.754512190952022,0.0,6.33934958793603
27.866666666666667,0.17728142368633013,39.395871930295584,0.4672127764694107,0.42337433257425094,1.1115032370107047,0.16409655299264725,1.1170879829488773,0.8864071184316505,0.8409829976449392,0.0,0.1312460430980178,1.5561045318149866,0.08204827649632362,68.13119608005204,23.61306990784986,4.75894504528282,0.0,6.345260060377094
27.9,0.17721592311874032,39.38131624860896,0.4670401543107682,0.42321790750438215,1.111092567401965,0.1640359238689802,1.1166752499314556,0.8860796155937015,0.8406722777593827,0.0,0.13119755132635846,1.5555295943627507,0.0820179619344901,68.10602349331948,23.635103244582538,4.763376261791927,0.0,6.351168349055903
27.933333333333334,0.17715044675181252,39.36676594484723,0.4668675959312754,0.4230615402292835,1.1106820495243743,0.1639753171461103,1.116262669407556,0.8857522337590625,0.8403616726762958,0.0,0.13114907747107787,1.554954869334124,0.08198765857305515,68.08086020716684,23.65712844060203,4.767805841088153,0.0,6.357074454784205
27.966666666666665,0.17708499457654747,39.35222101701055,0.4666951013072158,0.42290523072746344,1.1102716833215103,0.1639147328157077,1.1158502413204723,0.8854249728827374,0.8400511823529885,0.0,0.13110062152551366,1.5543803566501144,0.08195736640785385,68.05570621813561,23.679145498935508,4.772233783780309,0.0,6.362978378373746
28.0,0.17701956658394605,39.337681463099116,0.46652267041487244,0.42274897897743063,1.109861468736951,0.16385417086944243,1.115437965613499,0.8850978329197302,0.8397408067467704,0.0,0.1310521834830035,1.5538060562317313,0.08192708543472121,68.0305615227673,23.701154422610166,4.776660090477204,0.0,6.368880120636273
28.03333333333333,0.17695416276500903,39.323147281113116,0.4663503032305286,0.42259278495769353,1.1094514057142735,0.16379363129898458,1.11502584222993,0.8847708138250451,0.8394305458149516,0.0,0.131003763336885,1.5532319679999829,0.08189681564949229,68.00542611760343,23.723155214653183,4.781084761787648,0.0,6.374779682383531
28.066666666666666,0.1768887831107372,39.30861846905271,0.46617799973046764,0.4224366486467609,1.1090414941970559,0.1637331140960043,1.1146138711130598,0.884443915553686,0.8391203995148417,0.0,0.13095536108049588,1.552658091875878,0.08186655704800215,67.98029999918552,23.745147878091753,4.7855077983204515,0.0,6.38067706442727
28.099999999999998,0.17682342761213135,39.29409502491808,0.4660057598909727,0.4222805700231412,1.1086317341288754,0.16367261925217166,1.1142020522061822,0.8841171380606567,0.8388103678037508,0.0,0.13090697670717377,1.5520844277804255,0.08183630962608583,67.95518316405506,23.767132415953053,4.7899292006844245,0.0,6.386572267579233
28.133333333333333,0.17675809626019232,39.279576946709405,0.46583358368832695,0.42212454906534297,1.1082221254533098,0.16361214675915675,1.1137903854525915,0.8837904813009615,0.8385004506389885,0.0,0.13085861021025633,1.5515109756346337,0.08180607337957838,67.93007560875355,23.789108831264276,4.794348969488376,0.0,6.392465292651169
28.166666666666668,0.17669278904592087,39.26506423242686,0.46566147109881373,0.42196858575187496,1.1078126681139369,0.16355169660862964,1.1133788707955816,0.8834639452296043,0.8381906479778647,0.0,0.13081026158308123,1.5509377353595115,0.08177584830431482,67.90497732982253,23.811077127052606,4.798767105341118,0.0,6.398356140454824
28.2,0.17662750596031784,39.250556880070626,0.46548942209871624,0.42181268006124556,1.107403362054334,0.16349126879226047,1.112967508178447,0.8831375298015891,0.8378809597776893,0.0,0.13076193081898613,1.5503647068760675,0.08174563439613024,67.87988832380348,23.833037306345222,4.803183608851457,0.0,6.404244811801944
28.233333333333334,0.176562246994384,39.23605488764089,0.4653174366643178,0.42165683197196346,1.1069942072180792,0.16343086330171933,1.1125562975444814,0.8828112349719199,0.8375713859957721,0.0,0.13071361791130867,1.5497918901053107,0.08171543165085966,67.85480858723793,23.854989372169317,4.807598480628207,0.0,6.410131307504276
28.266666666666666,0.17649701213912017,39.221558253137815,0.4651455147719015,0.4215010414625372,1.1065852035487496,0.16337048012867628,1.1121452388369792,0.8824850606956007,0.8372619265894228,0.0,0.13066532285338653,1.5492192849682493,0.08168524006433814,67.82973811666737,23.876933327552074,4.812011721280174,0.0,6.416015628373567
28.3,0.17643180139995296,39.207066977767326,0.46497365643576904,0.4213453085459264,1.106176351080369,0.16331011927815436,1.111734332090135,0.8821590069997648,0.8369525815843843,0.0,0.13061704564923718,1.5486468915125164,0.08165505963907718,67.80467691417734,23.898869170668064,4.816423330440243,0.0,6.421897773920324
28.333333333333332,0.1763666147558281,39.19258105685069,0.4648018616004332,0.4211896331718503,1.1057676496809326,0.16324978073066518,1.1113235771712806,0.8818330737791404,0.8366433508807798,0.0,0.1305687862832736,1.5480747095533056,0.08162489036533259,67.77962497167641,23.920796908599616,4.820833309532767,0.0,6.427777746043689
28.366666666666667,0.17630145219420934,39.17810048760209,0.46463013023285565,0.42103401531037044,1.1053590992718423,0.16318946447460483,1.1109129740014232,0.8815072609710467,0.8363342344191402,0.0,0.13052054474621483,1.547502738980579,0.08159473223730242,67.7545822843468,23.942716545563705,4.82524165940584,0.0,6.433655545874454
28.4,0.17623631370632784,39.163625268072856,0.46445846230992655,0.42087845494054554,1.1049506997981198,0.1631291705018566,1.1105025225253076,0.8811815685316391,0.8360252321578678,0.0,0.1304723210315691,1.5469309797173676,0.0815645852509283,67.72954884881851,23.96462808451005,4.829648380652693,0.0,6.439531174203591
28.419982124526236,0.1761972770825927,39.154950462798375,0.4643555840219478,0.4207852296934996,1.1047059514610331,0.16309303713118412,1.1102565444506582,0.8809863854129634,0.8358400512395061,0.0,0.13044342120498487,1.5465883320454463,0.08154651856559206,67.71454664604565,23.97775937645625,4.832289269700225,0.0,6.4430523596002995
28.433333333333334,0.17617119928341465,39.14915539631437,0.4642868578085362,0.4207229520414341,1.1045424512047863,0.16306889880430378,1.1100922226876793,0.8808559964170732,0.8357163440553651,0.0,0.13042411513284458,1.5463594316867006,0.08153444940215189,67.70452466172156,23.986531528388362,4.834053473866555,0.0,6.445404631822074
28.466666666666665,0.1761061089167009,39.13469087037798,0.46411531670557465,0.42056750659209474,1.1041343534368635,0.16300864937382958,1.109682074433284,0.8805305445835044,0.8354075700700344,0.0,0.13037592704354936,1.545788094811609,0.08150432468691479,67.679509719686,24.008426880148356,4.838456939640656,0.0,6.451275919520874
28.5,0.1760410425974177,39.12023168831505,0.4639438389779322,0.420412118571586,1.103726406439373,0.16294842220231734,1.1092720777068668,0.8802052129870884,0.8350989101602779,0.0,0.13032775675719166,1.5452169690151223,0.08147421110115867,67.6545040193418,24.030314142739755,4.842858778568225,0.0,6.4571450380909665
28.53333333333333,0.17597600031679614,39.10577784817693,0.46377242460249896,0.42025678795896637,1.1033186101573367,0.16288821728165026,1.108862232453173,0.8798800015839806,0.8347903642844982,0.0,0.13027960426727958,1.5446460542202711,0.08144410864082513,67.62950755731902,24.052193319112266,4.847258991242492,0.0,6.463011988323322
28.566666666666666,0.17591098206606728,39.091329348014945,0.4636010735561652,0.42010151473329466,1.1029109645357753,0.16282803460371167,1.1084525386169475,0.8795549103303364,0.8344819324010974,0.0,0.13023146956732135,1.5440753503500855,0.08141401730185584,67.60452033024762,24.07406441221561,4.851657578256686,0.0,6.468876771008914
28.599999999999998,0.17584598783646233,39.07688618588052,0.463429785815821,0.4199462988736292,1.1025034695197111,0.1627678741603848,1.108042996142936,0.8792299391823116,0.8341736144684778,0.0,0.13018335265082506,1.5435048573275956,0.0813839370801924,67.57954233475768,24.0959274249995,4.856054540204037,0.0,6.474739386938716
28.633333333333333,0.1757810176192123,39.062448359824955,0.4632585613583567,0.4197911403590288,1.1020961250541654,0.16270773594355292,1.1076336049758841,0.8789050880960615,0.833865410445042,0.0,0.13013525351129893,1.5429345750758316,0.08135386797177646,67.55457356747918,24.117782360413653,4.860449877677776,0.0,6.480599836903702
28.666666666666668,0.17571607140554835,39.048015867899636,0.4630874001606623,0.41963603916855174,1.1016889310841598,0.16264761994509933,1.107224365060537,0.8785803570277417,0.8335573202891922,0.0,0.13008717214225105,1.5423645035178237,0.08132380997254966,67.52961402504215,24.139629221407784,4.864843591271131,0.0,6.486458121694842
28.7,0.17565114918670155,39.03358870815591,0.46291630219962815,0.41948099528125693,1.101281887554716,0.16258752615690727,1.1068152763416397,0.8782557459335077,0.8332493439593307,0.0,0.13003910853718964,1.5417946425766023,0.08129376307845364,67.5046637040766,24.161468010931603,4.869235681577332,0.0,6.4923142421031095
28.733333333333334,0.175586250953903,39.01916687864511,0.46274526745214434,0.4193260086762027,1.1008749944108553,0.16252745457086,1.1064063387639373,0.8779312547695151,0.8329414814138598,0.0,0.12999106268962282,1.5412249921751973,0.08126372728543,67.47972260121254,24.183298731934837,4.873626149189609,0.0,6.498168198919478
28.766666666666666,0.17552137669838386,39.00475037741864,0.46257429589510113,0.4191710793324477,1.1004682515975992,0.16246740517884084,1.1059975522721759,0.8776068834919193,0.832633732611182,0.0,0.12994303459305878,1.5406555522366387,0.08123370258942042,67.45479071308002,24.205121387367193,4.87801499470119,0.0,6.5040199929349205
28.8,0.17545652641137519,38.99033920252782,0.4624033875053886,0.4190162072290504,1.1000616590599694,0.162407377972733,1.1055889168111004,0.8772826320568758,0.8323260975096995,0.0,0.12989502424100563,1.5400863226839572,0.0812036889863665,67.42986803630902,24.22693598017839,4.882402218705307,0.0,6.50986962494041
28.833333333333332,0.1753917000841081,38.97593335202402,0.46223254225989713,0.41886139234506964,1.0996552167429878,0.16234737294441978,1.1051804323254562,0.8769585004205404,0.8320185760678148,0.0,0.1298470316269716,1.5395173034401828,0.08117368647220989,67.40495456752957,24.24874251331814,4.886787821795189,0.0,6.515717095726918
28.866666666666667,0.17532689770781362,38.961532823958585,0.46206176013551664,0.41870663465956376,1.0992489245916752,0.16228739008578444,1.1047720987599883,0.8766344885390681,0.83171116824393,0.0,0.12979905674446476,1.5389484944283454,0.08114369504289222,67.38005030337169,24.270540989736162,4.891171804564065,0.0,6.52156240608542
28.9,0.175262119273723,38.94713761638289,0.4618910411091376,0.4185519341515915,1.0988427825510538,0.16222742938871026,1.1043639160594425,0.876310596368615,0.8314038739964477,0.0,0.12975109958699335,1.5383798955714754,0.08111371469435513,67.35515524046541,24.29233141238217,4.895554167605164,0.0,6.527405556806886
28.933333333333334,0.17519736477306724,38.932747727348286,0.46172038515765,0.41839729080021126,1.098436790566145,0.1621674908450805,1.1039558841685637,0.8759868238653361,0.83109669328377,0.0,0.1297031601480655,1.5378115067926028,0.08108374542254025,67.33026937544071,24.31411378420588,4.899934911511718,0.0,6.53324654868229
28.966666666666665,0.17513263419707747,38.91836315490611,0.4615497922579441,0.41824270458448176,1.0980309485819701,0.16210757444677842,1.1035480030320977,0.8756631709853874,0.8307896260642994,0.0,0.12965523842118934,1.5372433280147582,0.08105378722338921,67.30539270492764,24.335888108157004,4.904314036876953,0.0,6.539085382502605
29.0,0.17506792753698483,38.903983897107736,0.4613792623869101,0.4180881754834615,1.0976252565435511,0.1620476801856873,1.1031402725947894,0.8753396376849241,0.8304826722964382,0.0,0.12960733439987307,1.5366753591609714,0.08102384009284365,67.2805252255562,24.357654387185267,4.908691544294102,0.0,6.544922059058804
29.03333333333333,0.17500324478402035,38.88960995200452,0.4612087955214381,0.4179337034762091,1.0972197143959093,0.16198780805369042,1.102732692801384,0.8750162239201017,0.8301758319385887,0.0,0.12955944807762482,1.5361076001542728,0.08099390402684521,67.25566693395642,24.379412624240377,4.913067434356393,0.0,6.550756579141858
29.066666666666666,0.1749385859294152,38.87524131764782,0.4610383916384184,0.41777928854178303,1.096814322084066,0.16192795804267104,1.1023252635966272,0.8746929296470759,0.8298691049491532,0.0,0.12951157944795275,1.5355400509176924,0.08096397902133552,67.2308178267583,24.40116282227205,4.917441707657058,0.0,6.556588943542743
29.099999999999998,0.17487395096440045,38.860877992088994,0.46086805071474124,0.417624930659242,1.0964090795530435,0.16186813014451243,1.1019179849252643,0.8743697548220022,0.8295624912865343,0.0,0.12946372850436502,1.5349727113742606,0.08093406507225621,67.20597790059188,24.42290498423,4.921814364789322,0.0,6.56241915305243
29.133333333333333,0.1748093398802072,38.84651997337939,0.4606977727272966,0.41747062980764454,1.0960039867478624,0.16180832435109782,1.1015108567320404,0.874046699401036,0.8292559909091339,0.0,0.1294158952403698,1.5344055814470072,0.08090416217554891,67.18114715208715,24.444639113063953,4.926185406346418,0.0,6.568247208461891
29.166666666666668,0.17474475266806658,38.83216725957036,0.4605275576529749,0.4173163859660492,1.095599043613545,0.16174854065431055,1.1011038789617011,0.8737237633403329,0.8289496037753548,0.0,0.12936807964947525,1.533838661058963,0.08087427032715527,67.15632557787416,24.466365211723613,4.930554832921576,0.0,6.574073110562101
29.2,0.17468018931920967,38.81781984871326,0.46035740546866605,0.4171621991135146,1.0951942500951126,0.16168877904603385,1.1006970515589916,0.8734009465960483,0.8286433298435989,0.0,0.12932028172518953,1.5332719501331575,0.08084438952301692,67.13151317458289,24.488083283158698,4.934922645108023,0.0,6.57989686014403
29.233333333333334,0.17461564982486757,38.80347773885946,0.4601873161512605,0.41700806922909933,1.0947896061375866,0.16162903951815097,1.1002903744686567,0.8730782491243378,0.828337169072269,0.0,0.1292725014610208,1.5327054485926213,0.08081451975907548,67.10670993884338,24.509793330318924,4.939288843498991,0.0,6.585718457998655
29.266666666666666,0.17455113417627144,38.78914092806032,0.4600172896776483,0.4168539962918618,1.094385111685989,0.1615693220625452,1.0998838476354427,0.8727556708813571,0.828031121419767,0.0,0.12922473885047717,1.5321391563603846,0.0807846610312726,67.08191586728564,24.531495356154007,4.943653428687709,0.0,6.591537904916945
29.3,0.1744866423646523,38.77480941436718,0.45984732602471967,0.4166999802808608,1.093980766685341,0.16150962667109983,1.099477471004094,0.8724332118232615,0.8277251868444955,0.0,0.12917699388706685,1.5315730733594772,0.08075481333554992,67.0571309565397,24.55318936361367,4.948016401267406,0.0,6.597355201689874
29.30981393332793,0.17446765935532704,38.77059096785045,0.45979729763309135,0.41665464603920016,1.0938617487088687,0.16149205547649337,1.0993578550220215,0.8723382967766351,0.8276351357395645,0.0,0.12916294027215205,1.5314064481924161,0.08074602773824668,67.04983557779309,24.55957494242701,4.949300631731506,0.0,6.599067508975342
29.333333333333332,0.17442217438124133,38.76048319583141,0.4596774251693649,0.4165460211751548,1.093576571080664,0.16144995333569812,1.0990712445193564,0.8721108719062066,0.8274193653048568,0.0,0.129129266564298,1.5310071995129295,0.08072497666784906,67.03235520323555,24.574875355647613,4.952377761831312,0.0,6.6031703491084155
29.366666666666667,0.17435773021726958,38.74616227050436,0.459507587088474,0.4163921189538024,1.09317252481698,0.1613903020482233,1.0986651681259751,0.8717886510863478,0.8271136567592532,0.0,0.12908155687567874,1.5304415347437719,0.08069515102411165,67.00758860400323,24.596553335205563,4.956737510972657,0.0,6.608983347963542
29.4,0.17429330986396818,38.73184663643737,0.45933781175893723,0.41623827359586213,1.0927686278393105,0.16133067280055868,1.0982592417686956,0.8714665493198408,0.8268080611660871,0.0,0.12903386481471726,1.5298760789750345,0.08066533640027934,66.98283115547275,24.618223305237233,4.96109564928467,0.0,6.614794199046226
29.433333333333334,0.1742289133125682,38.71753629168182,0.4591680991576448,0.4160844850803926,1.0923648800926766,0.1612710655845875,1.0978534653922634,0.871144566562841,0.8265025784837606,0.0,0.1289861903749217,1.529310832129747,0.08063553279229375,66.95808285427414,24.63988526869234,4.96545217736058,0.0,6.620602903147441
29.466666666666665,0.1741645405543008,38.70323123428908,0.4589984492614869,0.4159307533864524,1.0919612815221003,0.16121148039219305,1.0974478389414228,0.870822702771504,0.8261972086706765,0.0,0.12893853354980025,1.5287457941309404,0.08060574019609652,66.93334369703739,24.661539228520592,4.969807095793619,0.0,6.6264094610581585
29.5,0.17410019158039702,38.68893146231044,0.4588288620473537,0.41577707849310014,1.0915578320726032,0.1611519172152586,1.0970423623609205,0.8705009579019851,0.8258919516852367,0.0,0.12889089433286105,1.5281809649016442,0.0805759586076293,66.90861368039253,24.683185187671715,4.974160405177015,0.0,6.632213873569353
29.53333333333333,0.17403586638208804,38.67463697379734,0.45865933749213544,0.4156234603793943,1.0911545316892064,0.16109237604566742,1.0966370355955006,0.8701793319104402,0.8255868074858438,0.0,0.12884327271761223,1.527616344364889,0.08054618802283371,66.88389280096959,24.704823149095418,4.978512106103997,0.0,6.638016141471996
29.566666666666666,0.17397156495060492,38.660347766801095,0.45848987557272214,0.4154698990243935,1.0907513803169318,0.16103285687530275,1.0962318585899091,0.8698578247530245,0.8252817760308999,0.0,0.12879566869756198,1.5270519324437044,0.08051642843765137,66.85918105539857,24.72645311574142,4.982862199167797,0.0,6.643816265557062
29.599999999999998,0.17390728727717875,38.646063839373056,0.45832047626600425,0.4153163944071564,1.090348377900801,0.1609733596960479,1.0958268312888912,0.8695364363858936,0.8249768572788077,0.0,0.12874808226621848,1.5264877290611214,0.08048667984802395,66.83447844030948,24.748075090559432,4.987210684961641,0.0,6.649614246615522
29.633333333333333,0.17384303335304063,38.63178518956458,0.45815113954887177,0.41516294650674135,1.0899455243858354,0.1609138844997861,1.095421953637192,0.8692151667652032,0.8246720511879692,0.0,0.12870051341708982,1.5259237341401695,0.08045694224989305,66.80978495233235,24.769689076499173,4.991557564078763,0.0,6.65541008543835
29.666666666666668,0.1737788031694217,38.61751181542705,0.4579818653982149,0.4150095553022071,1.0895428197170567,0.16085443127840066,1.0950172255795574,0.8688940158471085,0.8243673577167868,0.0,0.1286529621436842,1.5253599476038793,0.08042721563920033,66.78510058809721,24.791295076510362,4.995902837112389,0.0,6.661203782816519
29.7,0.17371459671755307,38.60324371501179,0.4578126537909239,0.4148562207726123,1.0891402638394865,0.16079500002377484,1.094612647060732,0.8685729835877652,0.824062776823663,0.0,0.1286054284395098,1.5247963693752808,0.08039750001188742,66.76042534423405,24.812893093542705,5.00024650465575,0.0,6.666995339541
29.733333333333334,0.17365041398866576,38.588980886370166,0.4576435047038889,0.41470294289701537,1.0887378566981458,0.16073559072779187,1.0942082180254618,0.8682520699433288,0.823758308467,0.0,0.12855791229807476,1.5242329993774042,0.08036779536389593,66.73575921737292,24.834483130545927,5.0045885673020765,0.0,6.672784756402768
29.766666666666666,0.173586254973991,38.574723327553556,0.45747441811400014,0.4145497216544749,1.088335598238057,0.16067620338233504,1.0938039384184914,0.8679312748699549,0.8234539526052003,0.0,0.1285104137128872,1.5236698375332796,0.08033810169116752,66.7111022041438,24.856065190469735,5.008929025644596,0.0,6.678572034192794
29.8,0.1735221196647598,38.56047103661329,0.45730539399814774,0.4143965570240495,1.087933488404241,0.16061683797928764,1.0933998081845666,0.8676105983237989,0.823149709196666,0.0,0.12846293267745534,1.5231068837659374,0.08030841898964382,66.68645430117672,24.877639276263853,5.0132678802765405,0.0,6.684357173702054
29.833333333333332,0.1734580080522033,38.546224011600735,0.45713643233322193,0.4142434489847978,1.0875315271417196,0.16055749451053292,1.0929958272684328,0.8672900402610164,0.8228455781997995,0.0,0.12841546918528732,1.5225441379984075,0.08027874725526646,66.66181550510171,24.89920539087799,5.017605131791138,0.0,6.690140175721517
29.866666666666667,0.17339392012755261,38.53198225056724,0.45696753309611293,0.4140903975157783,1.0871297143955145,0.16049817296795413,1.0925919956148349,0.866969600637763,0.8225415595730033,0.0,0.12836802322989127,1.5219816001537203,0.08024908648397706,66.63718581254878,24.920763537261866,5.021940780781618,0.0,6.6959210410421575
29.9,0.17332985588203878,38.51774575156418,0.45679869626371095,0.41393740259604955,1.0867280501106473,0.1604388733434346,1.0921883131685184,0.8666492794101939,0.8222376532746797,0.0,0.12832059480477537,1.521419270154906,0.0802194366717173,66.61256522014794,24.942313718365195,5.0262748278412115,0.0,6.701699770454948
29.933333333333334,0.173265815306893,38.503514512642894,0.45662992181290607,0.41378446420467024,1.086326534232139,0.16037959562885754,1.0917847798742288,0.8663290765344649,0.8219338592632309,0.0,0.12827318390344777,1.5208571479249946,0.08018979781442877,66.58795372452921,24.96385593713769,5.030607273563147,0.0,6.707476364750863
29.966666666666665,0.1732017983933463,38.48928853185474,0.4564612097205885,0.4136315823206989,1.0859251667050118,0.16032033981610624,1.091381395676711,0.8660089919667314,0.8216301774970594,0.0,0.12822579051941665,1.5202952333870166,0.08016016990805312,66.56335132232262,24.98539019652907,5.034938118540655,0.0,6.713250824720873
30.0,0.1731378051326298,38.475067807251065,0.4562925599636485,0.4134787569231939,1.0855239474742868,0.16026110589706397,1.090978160520711,0.865689025663149,0.8213266079345672,0.0,0.12817841464619012,1.5197335264640015,0.08013055294853198,66.53875801015816,25.00691649948905,5.039267363366965,0.0,6.719023151155953
30.03333333333333,0.17307383551597466,38.46085233688326,0.4561239725189762,0.4133259879912142,1.085122876484986,0.160201893863614,1.0905750743509735,0.8653691775798732,0.8210231505341572,0.0,0.12813105627727642,1.5191720270789804,0.080100946931807,66.51417378466587,25.028434848967343,5.043595008635305,0.0,6.724793344847073
30.066666666666666,0.17300988953461188,38.446642118802636,0.45595544736346183,0.41317327550381816,1.0847219536821306,0.16014270370763958,1.090172137112244,0.8650494476730594,0.8207198052542313,0.0,0.12808371540618363,1.5186107351549827,0.08007135185381979,66.48959864247576,25.04994524791367,5.047921054938906,0.0,6.730561406585209
30.099999999999998,0.17294596717977267,38.43243715106059,0.45578698447399546,0.41302061944006424,1.0843211790107423,0.160083535421024,1.089769348749268,0.8647298358988633,0.8204165720531919,0.0,0.12803639202641992,1.5180496506150392,0.080041767710512,66.46503258021785,25.07144769927774,5.052245502870998,0.0,6.736327337161331
30.133333333333333,0.17288206844268805,38.418237431708455,0.45561858382746745,0.4128680197790112,1.0839205524158424,0.16002438899565052,1.0893667092067905,0.8644103422134403,0.8201134508894414,0.0,0.12798908613149348,1.5174887733821794,0.08001219449782526,66.44047559452216,25.092942206009273,5.056568353024812,0.0,6.7420911373664145
30.166666666666668,0.1728181933145892,38.404042958797596,0.45545024540076795,0.4127154764997176,1.083520073842453,0.15996526442340242,1.088964218429557,0.8640909665729459,0.8198104417213823,0.0,0.12794179771491246,1.5169281033794342,0.07998263221170121,66.41592768201868,25.114428771057984,5.060889605993574,0.0,6.747852807991431
30.2,0.17275434178670715,38.389853730379365,0.45528196917078706,0.41256298958124205,1.0831197432355952,0.15990616169616298,1.0885618763623128,0.8637717089335357,0.8195075445074167,0.0,0.12789452677018504,1.5163676405298332,0.07995308084808149,66.39138883933747,25.135907397373582,5.065209262370515,0.0,6.753612349827353
30.227506443958504,0.1727016696988716,38.378148821971465,0.4551431555721122,0.412437200823633,1.0827895044834916,0.15985740696556,1.0882299783262162,0.863508348494358,0.819257680029802,0.0,0.12785553225532623,1.5159053062768881,0.07992870348278,66.37114637811592,25.15362543998601,5.068772612029524,0.0,6.758363482706032
30.233333333333334,0.17269051385027306,38.375669744505124,0.455113755114415,0.4124105590026429,1.0827195605402906,0.15984708080581542,1.0881596829498033,0.8634525692513653,0.819204759205947,0.0,0.1278472732908193,1.5158073847564069,0.07992354040290771,66.3668590631085,25.157378087905794,5.069527322748866,0.0,6.759369763665155
30.266666666666666,0.17262670949651804,38.361490999226234,0.454945603208542,0.412258184742979,1.082319525701561,0.15978802174424306,1.0877576381367737,0.8631335474825901,0.8189020857753756,0.0,0.1278000372703235,1.5152473359821854,0.07989401087212153,66.34233834996184,25.178840845604327,5.073843787721855,0.0,6.765125050295806
30.3,0.17256292871667311,38.34731749259403,0.45477751343005823,0.4121058667813087,1.0819196386644279,0.15972898450332915,1.0873557418679696,0.8628146435833655,0.8185995241741049,0.0,0.1277528187022057,1.5146874941301989,0.07986449225166457,66.31782669652746,25.2002956734189,5.078158657882713,0.0,6.770878210510284
30.333333333333332,0.17249917150196947,38.33314922265989,0.45460948575585386,0.4119536050966907,1.0815198993739128,0.15966996907495695,1.0869539940881356,0.8624958575098473,0.818297074360537,0.0,0.12770561757997412,1.5141278591234777,0.07983498453747848,66.2933240994354,25.221742574299228,5.082471933824668,0.0,6.776629245099557
30.366666666666667,0.17243543784363813,38.31898618747514,0.4544415201628191,0.4118013996681836,1.0811203077750369,0.15961097545100975,1.086552394742018,0.8621771892181906,0.8179947362930744,0.0,0.1276584338971369,1.5135684308850517,0.07980548772550487,66.26883055531567,25.243181551195025,5.086783616140951,0.0,6.782378154854602
30.4,0.17237172773291032,38.304828385091184,0.4542736166278441,0.4116492504748459,1.0807208638128223,0.15955200362337077,1.0861509437743615,0.8618586386645515,0.8176925099301194,0.0,0.12761126764720224,1.5130092093379512,0.07977600181168538,66.2443460607983,25.264612607056005,5.091093705424791,0.0,6.788124940566389
30.433333333333334,0.17230804116101703,38.29067581355934,0.45410577512781913,0.4114971574957362,1.0803215674322904,0.15949305358392335,1.0857496411299112,0.8615402058050851,0.8173903952300745,0.0,0.1275641188236782,1.5124501944052064,0.07974652679196167,66.21987061251329,25.286035744831892,5.095402202269419,0.0,6.793869603025892
30.466666666666665,0.1722443781191894,38.27652847093098,0.45393799563963433,0.4113451207099131,1.0799224185784628,0.1594341253245507,1.0853484867534129,0.861221890595947,0.8170883921513418,0.0,0.12751698742007306,1.5118913860098477,0.07971706266227535,66.19540420709066,25.30745096747239,5.099709107268063,0.0,6.799612143024084
30.5,0.17218073859865857,38.26238635525746,0.45377027814017984,0.4111931400964351,1.0795234171963608,0.15937521883713612,1.084947480589612,0.8609036929932927,0.8167865006523237,0.0,0.12746987342989488,1.511332784074905,0.07968760941856806,66.17094684116044,25.328858277927228,5.104014421013953,0.0,6.8053525613519374
30.53333333333333,0.1721171225906556,38.24824946459013,0.4536026226063459,0.4110412156343609,1.079124563231006,0.15931633411356289,1.0845466225832534,0.8605856129532778,0.8164847206914226,0.0,0.12742277684665188,1.5107743885234084,0.07965816705678144,66.14649851135263,25.350257679146107,5.108318144100318,0.0,6.811090858800425
30.566666666666666,0.17205353008641158,38.23411779698036,0.4534350290150227,0.41088934730274895,1.0787258566274205,0.15925747114571423,1.084145912679083,0.8602676504320579,0.8161830522270409,0.0,0.12737569766385218,1.5102161992783885,0.07962873557285712,66.12205921429727,25.371649174078755,5.1126202771203895,0.0,6.816827036160519
30.599999999999998,0.17198996107715767,38.21999135047948,0.45326749734310046,0.410737535080658,1.078327297330625,0.15919862992547346,1.083745350821845,0.8599498053857882,0.8158814952175808,0.0,0.12732863587500398,1.5096582162628749,0.07959931496273673,66.09762894662434,25.393032765674878,5.116920820667396,0.0,6.822561094223194
30.633333333333333,0.17192641556555147,38.2058701256781,0.45310002759758305,0.41058577897443477,1.0779288853572828,0.15913981045530054,1.083344937028287,0.8596320778277573,0.8155800496756496,0.0,0.12728159148207477,1.509100439500196,0.07956990522765027,66.07320770935523,25.414408453040497,5.121219774561543,0.0,6.828293032748724
30.666666666666668,0.17186289353653228,38.191754119229394,0.4529326197387792,0.41043407894811185,1.0775306206129671,0.15908101272125483,1.0829446712035076,0.8593144676826613,0.8152787155298026,0.0,0.12723456447391468,1.508542868858154,0.07954050636062741,66.04879549670193,25.435776241241797,5.125517139821715,0.0,6.83402285309562
30.7,0.17179939497502553,38.17764332778345,0.45276527372696085,0.4102824349656893,1.0771325030031653,0.15902223670938298,1.082544553252519,0.8589969748751276,0.8149774927085296,0.0,0.12718755483936367,1.5079855042044314,0.07951111835469149,66.02439230287114,25.4571361353496,5.129812917467725,0.0,6.839750556623634
30.733333333333334,0.17173591987248676,38.1635377494415,0.4525979895396098,0.41013084700676145,1.0767345324743058,0.15896348241177596,1.0821445831214804,0.8586795993624338,0.8146763811712976,0.0,0.12714056257209605,1.507428345464028,0.07948174120588798,65.9999981245791,25.478488138238138,5.134107108077623,0.0,6.845476144103498
30.766666666666666,0.17167246822037152,38.14943738230479,0.4524307671542075,0.4099793150509229,1.076336708972817,0.15890474982052474,1.0817447607565516,0.8583623411018575,0.8143753808775736,0.0,0.1270935876657861,1.506871392561944,0.07945237491026237,65.97561295854209,25.499832252781637,5.138399712229454,0.0,6.851199616305939
30.8,0.17160904001013524,38.1353422244745,0.4522636065482356,0.40982783907776815,1.075939032445128,0.15884603892772034,1.0813450861038916,0.8580452000506762,0.8140744917868241,0.0,0.12704663011410813,1.506314645423179,0.07942301946386017,65.95123680147636,25.52116848185432,5.142690730501268,0.0,6.856920974001691
30.833333333333332,0.17154563523323352,38.12125227405189,0.45209650769917575,0.4096764190668916,1.0755415028376665,0.15878734972545372,1.0809455591096604,0.8577281761661676,0.8137737138585164,0.0,0.1269996899107364,1.505758103972733,0.07939367486272686,65.92686965009818,25.542496828330425,5.146980163471113,0.0,6.862640217961484
30.866666666666667,0.17148225388112182,38.107167529138174,0.45192947058450955,0.4095250549978879,1.0751441200968617,0.15872868220581587,1.0805461797200167,0.8574112694056091,0.8134730470521172,0.0,0.12695276704934524,1.5052017681356062,0.07936434110290794,65.90251150112381,25.56381729508417,5.151268011717036,0.0,6.8683573489560485
30.9,0.1714188959452557,38.0930879878346,0.4517624951817185,0.40937374685035144,1.0747468841691419,0.1586700363608978,1.0801469478811196,0.8570944797262784,0.8131724913270933,0.0,0.12690586152360894,1.5046456378367985,0.0793350181804489,65.8781623512695,25.58512988498979,5.155554275817086,0.0,6.874072367756114
30.933333333333334,0.1713555614170906,38.07901364824236,0.45159558146828427,0.4092224946038766,1.0743497950009355,0.15861141218279048,1.0797478635391293,0.8567778070854529,0.8128720466429117,0.0,0.12685897332720175,1.5040897130013096,0.07930570609139524,65.8538221972515,25.60643460092151,5.159838956349311,0.0,6.879785275132414
30.966666666666665,0.1712922502880821,38.06494450846269,0.4514287294216885,0.4090712982380582,1.0739528525386712,0.15855280966358493,1.079348926640205,0.8564612514404104,0.8125717129590393,0.0,0.12681210245379804,1.5035339935541396,0.07927640483179246,65.8294910357861,25.627731445753557,5.164122053891757,0.0,6.885496071855677
31.0,0.17122896254968567,38.05088056659682,0.45126193901941275,0.4089201577324904,1.0735560567287776,0.1584942287953721,1.0789501371305057,0.8561448127484282,0.8122714902349429,0.0,0.12676524889707202,1.5029784794202885,0.07924711439768604,65.80516886358954,25.64902042236016,5.168403569022475,0.0,6.891204758696634
31.03333333333333,0.17116569819335684,38.03682182074596,0.4510952102389386,0.4087690730667679,1.0731594075176831,0.15843566957024297,1.078551494956191,0.8558284909667842,0.8119713784300895,0.0,0.12671841265069805,1.5024231705247564,0.07921783478512148,65.78085567737809,25.670301533615547,5.172683502319511,0.0,6.896911336426014
31.066666666666666,0.17110245721055115,38.022768269011365,0.4509285430577477,0.4086180442204852,1.0727629048518164,0.15837713198028855,1.0781530000634203,0.8555122860527556,0.8116713775039459,0.0,0.1266715937083504,1.5018680667925428,0.07918856599014427,65.756551473868,25.69157478239395,5.176961854360914,0.0,6.902615805814552
31.099999999999998,0.17103923959272405,38.00871990949423,0.45076193745332166,0.4084670711732367,1.0723665486776057,0.15831861601759983,1.0777546523983528,0.8551961979636202,0.811371487415979,0.0,0.1266247920637034,1.501313168148648,0.07915930800879992,65.73225624977553,25.71284017156959,5.181238625724731,0.0,6.9083181676329755
31.133333333333333,0.1709760453313311,37.994676740295795,0.45059539340314203,0.40831615390461695,1.0719703389414799,0.1582601216742678,1.077356451907148,0.8548802266566554,0.8110717081256557,0.0,0.12657800771043126,1.5007584745180718,0.0791300608371339,65.70797000181695,25.734097704016698,5.185513816989012,0.0,6.914018422652015
31.166666666666668,0.1709128744178278,37.98063875951729,0.4504289108846904,0.40816529239422045,1.0715742755898674,0.15820164894238345,1.076958398535965,0.8545643720891389,0.8107720395924427,0.0,0.12653124064220833,1.5002039858258143,0.07910082447119172,65.6836927267085,25.755347382609504,5.189787428731803,0.0,6.919716571642404
31.173931977118094,0.17089910882707673,37.97757973935039,0.45039263263431983,0.4081324181219163,1.071487969318398,0.15818890713365252,1.0768716586187954,0.8544955441353836,0.8107067387417757,0.0,0.12652104961779406,1.5000831570457571,0.07909445356682626,65.67840245916034,25.759977905786673,5.190718692616044,0.0,6.920958256821391
31.2,0.17084972684366964,37.96660596525992,0.4502624898754484,0.40801448662164164,1.071178358569197,0.15814319781403774,1.0765604922309633,0.8542486342183482,0.8104724817758072,0.0,0.1264844908527089,1.4996497019968755,0.07907159890701887,65.65942442116645,25.776589210222234,5.194059461531151,0.0,6.925412615374869
31.233333333333334,0.1707866026003122,37.95257835562494,0.4500961303528977,0.40786373656647507,1.0707825878258965,0.1580847682813217,1.0761627329383026,0.8539330130015609,0.8101730346352158,0.0,0.12643775833560728,1.499095622956255,0.07904238414066085,65.63516508190708,25.797823189729115,5.198329915965108,0.0,6.931106554620144
31.266666666666666,0.1707235016792109,37.938555928713534,0.44992983229451977,0.4077130422083152,1.0703869633063952,0.15802636033632628,1.0757651206041419,0.8536175083960545,0.8098736981301357,0.0,0.12639104308457771,1.4985417486289532,0.07901318016816314,65.61091470564662,25.819049324004375,5.2025987926117185,0.0,6.936798390148959
31.3,0.17066042407182136,37.92453868262697,0.4497635956777964,0.40756240352675654,1.0699914849571213,0.15796797397114248,1.0753676551746407,0.8533021203591067,0.8095744722200335,0.0,0.12634434509329454,1.4979880789399695,0.07898398698557124,65.58667328910134,25.840267615922247,5.206866092049032,0.0,6.942488122732043
31.333333333333332,0.17059736976959897,37.910526615466445,0.449597420480209,0.4074118205013937,1.0695961527245033,0.15790960917786132,1.0749703365959584,0.8529868488479948,0.8092753568643762,0.0,0.12629766435543205,1.4974346138143044,0.07895480458893066,65.5624408289875,25.861478068356952,5.211131814855096,0.0,6.948175753140129
31.366666666666667,0.17053433876399934,37.89651972533319,0.44943130667923925,0.4072612931118211,1.0692009665549698,0.15785126594857374,1.0745731648142545,0.8526716938199966,0.8089763520226306,0.0,0.12625100086466454,1.4968813531769576,0.07892563297428687,65.53821732202138,25.882680684182723,5.2153959616079595,0.0,6.953861282143947
31.4,0.17047133104647794,37.88251801032843,0.44926525425236874,0.4071108213376331,1.0688059263949494,0.15779294427537074,1.074176139775688,0.8523566552323897,0.8086774576542638,0.0,0.12620435461466625,1.4963282969529292,0.07889647213768537,65.51400276491921,25.903875466273785,5.21965853288567,0.0,6.959544710514226
31.433333333333334,0.1704083466084903,37.868521468553396,0.4490992631770791,0.4069604051584244,1.0684110321908706,0.15773464415034333,1.0737792614264183,0.8520417330424515,0.8083786737187424,0.0,0.12615772559911156,1.495775445067219,0.07886732207517166,65.48979715439725,25.92506241750437,5.223919529266274,0.0,6.965226039021699
31.466666666666665,0.17034538544149191,37.854530098109315,0.44893333343085196,0.40681004455378933,1.068016283889162,0.15767636556558248,1.0733825297126052,0.8517269272074596,0.8080800001755335,0.0,0.1261111138116747,1.495222797444827,0.07883818278279124,65.4656004871718,25.9462415407487,5.228178951327822,0.0,6.970905268437096
31.5,0.17028244753693833,37.84054389709741,0.4487674649911688,0.40665973950332257,1.067621681436252,0.15761810851317917,1.0729859445804077,0.8514122376846917,0.8077814369841039,0.0,0.12606451924603,1.4946703540107529,0.07880905425658959,65.44141275995906,25.967412838881007,5.23243679964836,0.0,6.9765823995311465
31.53333333333333,0.17021953288628502,37.82656286361889,0.44860165783551137,0.40650948998661846,1.0672272247785695,0.15755987298522442,1.0725895059759851,0.8510976644314251,0.8074829841039205,0.0,0.12601794189585172,1.4941181146899971,0.07877993649261221,65.41723396947533,25.988576314775518,5.236693074805936,0.0,6.982257433074582
31.566666666666666,0.17015664148098752,37.81258699577501,0.4484359119413612,0.40635929598327153,1.0668329138625423,0.1575016589738092,1.0721932138454973,0.8507832074049375,0.8071846414944501,0.0,0.12597138175481418,1.4935660794075591,0.0787508294869046,65.39306411243687,26.00973197130646,5.240947777378601,0.0,6.987930369838135
31.599999999999998,0.17009377331250133,37.79861629166696,0.44827022728619986,0.40620915747287634,1.0664387486345996,0.15744346647102447,1.071797068135103,0.8504688665625066,0.8068864091151597,0.0,0.12592483881659167,1.4930142480884394,0.07872173323551224,65.36890318555993,26.030879811348065,5.245200907944399,0.0,6.993601210592533
31.633333333333333,0.17003092837228195,37.78465074939599,0.448104603847509,0.4060590744350273,1.0660447290411696,0.15738529546896127,1.0714010687909616,0.8501546418614098,0.8065882869255162,0.0,0.12587831307485847,1.4924626206576375,0.07869264773448063,65.34475118556075,26.05201983777456,5.2494524670813805,0.0,6.999269956108508
31.666666666666668,0.16996810665178497,37.77069036706333,0.44793904160277015,0.40590904684931894,1.0656508550286812,0.15732714595971053,1.0710052157592331,0.8498405332589247,0.8062902748849863,0.0,0.12583180452328888,1.4919111970401535,0.07866357297985527,65.32060810915563,26.073152053460166,5.253702455367593,0.0,7.004936607156791
31.7,0.1699053081424658,37.756735142770175,0.44777354052946505,0.40575907469534583,1.0652571265435626,0.1572690179353633,1.0706095089860765,0.8495265407123289,0.8059923729530372,0.0,0.12578531315555722,1.4913599771609876,0.07863450896768165,65.29647395306081,26.094276461279115,5.257950873381084,0.0,7.010601164508113
31.733333333333334,0.16984253283578,37.74278507461778,0.4476081006050752,0.4056091579527024,1.0648635435322422,0.15721091138801055,1.0702139484176512,0.8492126641788998,0.8056945810891354,0.0,0.12573883896533775,1.4908089609451391,0.07860545569400527,65.27234871399254,26.11539306410564,5.262197721699903,0.0,7.016263628933204
31.766666666666666,0.16977978072318306,37.72884016070735,0.4474427218070822,0.4054592966009832,1.064470105941149,0.15715282630974323,1.0698185340001163,0.8488989036159152,0.805396899252748,0.0,0.12569238194630478,1.4902581483176085,0.07857641315487161,65.24823238866709,26.136501864813965,5.266443000902096,0.0,7.021924001202795
31.8,0.16971705179613053,37.71490039914012,0.4472774041129677,0.40530949061978266,1.0640768137167111,0.15709476269265235,1.0694232656796314,0.8485852589806526,0.8050993274033419,0.0,0.12564594209213262,1.4897075392033956,0.07854738134632618,65.22412497380073,26.157602866278317,5.270686711565712,0.0,7.027582282087616
31.833333333333332,0.16965434604607793,37.700965788017314,0.44711214750021333,0.40515973998869526,1.0636836668053575,0.15703672052882892,1.0690281434023559,0.8482717302303896,0.804801865500384,0.0,0.12559951939649552,1.4891571335275005,0.07851836026441446,65.20002646610969,26.178696071372922,5.274928854268799,0.0,7.0332384723583985
31.866666666666667,0.16959166346448074,37.68703632544016,0.4469469519463006,0.4050100446873156,1.0632906651535163,0.15697869981036391,1.0686331671144493,0.8479583173224036,0.8045045135033411,0.0,0.12555311385306783,1.4886069312149228,0.07848934990518196,65.17593686231027,26.199781482972014,5.2791694295894045,0.0,7.038892572785873
31.9,0.16952900404279445,37.673112009509886,0.44678181742871115,0.40486040469523804,1.0628978087076164,0.1569207005293483,1.0682383367620707,0.8476450202139721,0.8042072713716801,0.0,0.1255067254555238,1.488056932190663,0.07846035026467416,65.1518561591187,26.22085910394982,5.283408438105577,0.0,7.04454458414077
31.933333333333334,0.16946636777247462,37.65919283832769,0.4466167439249266,0.4047108199920572,1.062505097414086,0.1568627226778731,1.0678436522913795,0.8473318388623731,0.803910139064868,0.0,0.12546035419753773,1.4875071363797203,0.07843136133893655,65.12778435325123,26.241928937180564,5.287645880395365,0.0,7.050194507193821
31.966666666666665,0.16940375464497673,37.64527880999483,0.44645173141242855,0.40456129055736745,1.0621125312193538,0.15680476624802928,1.0674491136485351,0.8470187732248836,0.8036131165423714,0.0,0.12541400007278392,1.4869575437070952,0.07840238312401464,65.10372144142416,26.262990985538476,5.2918817570368155,0.0,7.055842342715755
32.0,0.16934116465175633,37.63136992261252,0.44628677986869864,0.4044118163707635,1.0617201100698483,0.15674683123190783,1.067054720779697,0.8467058232587816,0.8033162037636575,0.0,0.12536766307493669,1.4864081540977876,0.07837341561595391,65.07966742035372,26.284045251897783,5.296116068607978,0.0,7.061488091477304
32.03333333333333,0.1692785977842689,37.61746617428199,0.4461218892712183,0.4042623974118396,1.061327833911998,0.15668891762159973,1.0666604736310243,0.8463929889213445,0.803019400688193,0.0,0.12532134319767027,1.4858589674767972,0.07834445881079986,65.05562228675618,26.305091739132713,5.300348815686898,0.0,7.067131754249198
32.06666666666666,0.16921605403397,37.60356756310444,0.44595705959746934,0.4041130336601904,1.0609357026922317,0.156631025409196,1.0662663721486767,0.8460802701698499,0.8027227072754448,0.0,0.12527504043465904,1.4853099837691244,0.078315512704598,65.0315860373478,26.326130450117496,5.304579998851626,0.0,7.072773331802168
32.1,0.16915353339231506,37.58967408718113,0.4457922908249332,0.40396372509541045,1.0605437163569775,0.15657315458678758,1.0658724162788136,0.8457676669615752,0.8024261234848798,0.0,0.12522875477957723,1.4847612028997685,0.07828657729339379,65.00755866884484,26.347161387726363,5.308809618680209,0.0,7.078412824906946
32.13333333333333,0.16909103585075969,37.57578574461326,0.4456275829310917,0.40381447169709406,1.0601518748526644,0.1565153051464655,1.0654786059675938,0.8454551792537983,0.8021296492759651,0.0,0.12518248622609915,1.4842126247937302,0.07825765257323275,64.98354017796355,26.368184554833533,5.313037675750695,0.0,7.08405023433426
32.14999016593451,0.169059814171185,37.56884759359667,0.44554530038113926,0.4037399096957466,1.0599561239545132,0.1564864055026658,1.0652818715194203,0.845299070855925,0.8019815406860507,0.0,0.12515937200568145,1.4839385735363184,0.0782432027513329,64.97154134396945,26.378687025342437,5.3151498715234045,0.0,7.086866495364539
32.166666666666664,0.1690285614007593,37.56190253350207,0.4454629358934262,0.40366527344483577,1.0597601781257207,0.15645747708032073,1.0650849411611771,0.8451428070037965,0.8018332846081673,0.0,0.1251362347678991,1.4836642493760088,0.07822873854016037,64.9595305614202,26.38919995431324,5.317264170641131,0.0,7.089685560854842
32.2,0.1689661100337695,37.54802445194878,0.4452983496894184,0.40351613031823025,1.0593686261225748,0.15639967038044425,1.0646914218057228,0.8448305501688473,0.8015370294409532,0.0,0.12509000039865137,1.4831160765716047,0.07819983519022213,64.93552981593103,26.410207589039715,5.321489103929568,0.0,7.095318805239424
32.233333333333334,0.1689036817412457,37.534151498054605,0.44513382429654996,0.4033670422968718,1.0589772187896556,0.15634188503892707,1.0642980478473902,0.8445184087062285,0.80124088373379,0.0,0.12504378311203027,1.4825681063055176,0.07817094251946353,64.91153793821233,26.431207461887176,5.325712476194051,0.0,7.1009499682587345
32.266666666666666,0.16884127651464353,37.52028366992079,0.44496935969230245,0.40321800936035507,1.0585859560733912,0.15628412104786019,1.063904819232339,0.8442063825732176,0.8009448474461445,0.0,0.12499758290171006,1.4820203385027475,0.07814206052393009,64.88755492498036,26.45219957572986,5.329934288012629,0.0,7.106579050683505
32.3,0.16877889434541843,37.506420965648545,0.4448049558541574,0.40306903148827444,1.0581948379202104,0.15622637839933454,1.063511735906728,0.8438944717270921,0.8006489205374834,0.0,0.12495139976136507,1.4814727730882946,0.07811318919966727,64.86358077295135,26.473183933441987,5.334154539963349,0.0,7.112206053284466
32.333333333333336,0.16871653522502592,37.492563383339096,0.4446406127595965,0.4029201086602244,1.0578038642765417,0.15616865708544114,1.0631187978167171,0.8435826761251295,0.8003531029672737,0.0,0.12490523368466956,1.4809254099871583,0.07808432854272057,64.83961547884158,26.4941605378978,5.338373232624263,0.0,7.117830976832351
32.36666666666667,0.16865419914492152,37.47871092109367,0.4444763303861013,0.4027712408557996,1.0574130350888138,0.15611095709827102,1.0627260049084652,0.8432709957246075,0.8000573946949824,0.0,0.12485908466529787,1.4803782491243391,0.07805547854913551,64.8156590393673,26.51512939197151,5.342590366573414,0.0,7.123453822097885
32.4,0.16859188609656073,37.464863577013496,0.44431210871115345,0.40262242805459436,1.0570223503034548,0.1560532784299151,1.0623333571281324,0.8429594304828035,0.7997617956800762,0.0,0.12481295269692425,1.4798312904248367,0.07802663921495755,64.7917114512448,26.53609049853735,5.346805942388852,0.0,7.129074589851803
32.43333333333333,0.16852959607139908,37.4510213491998,0.44414794771223454,0.4024736702362033,1.0566318098668936,0.1559956210724644,1.0619408544218771,0.8426479803569954,0.7994663058820222,0.0,0.12476683777322302,1.479284533813651,0.0779978105362322,64.76777271119029,26.557043860469552,5.351019960648626,0.0,7.134693280864835
32.46666666666667,0.16846732906089207,37.4371842357538,0.4439838473668261,0.4023249673802208,1.0562414137255587,0.1559379850180099,1.0615484967358593,0.8423366453044603,0.799170925260287,0.0,0.12472073988786844,1.478737979215782,0.07796899250900495,64.74384281592006,26.577989480642344,5.355232421930784,0.0,7.140309895907712
32.5,0.16840508505649524,37.423352234776715,0.44381980765240975,0.4021763194662415,1.0558511618258786,0.1558803702586426,1.0611562840162383,0.8420254252824761,0.7988756537743376,0.0,0.12467465903453485,1.4781916265562298,0.0779401851293213,64.71992176215038,26.598927361929952,5.359443326813372,0.0,7.145924435751162
32.53333333333333,0.1683428640496641,37.4095253443698,0.4436558285464672,0.40202772647385976,1.0554610541142817,0.15582277678645348,1.0607642162091733,0.8417143202483204,0.798580491383641,0.0,0.12462859520689652,1.4776454757599944,0.07791138839322674,64.69600954659748,26.6198575072066,5.363652675874439,0.0,7.151536901165919
32.56666666666666,0.1682806660318541,37.39570356263424,0.44349191002648,0.40187918838267017,1.0550710905371967,0.15576520459353355,1.0603722932608237,0.8414033301592705,0.7982854380476639,0.0,0.12458254839862776,1.4770995267520755,0.07788260229676677,64.67210616597764,26.64077991934652,5.367860469692033,0.0,7.157147292922711
32.6,0.1682184909945208,37.3818868876713,0.44332805206992965,0.40173070517226717,1.054681271041052,0.15570765367197376,1.059980515117349,0.841092454972604,0.7979904937258734,0.0,0.12453651860340283,1.4765537794574728,0.07785382683598688,64.6482116170071,26.661694601223946,5.372066708844204,0.0,7.162755611792272
32.63333333333333,0.16815633892911974,37.36807531758216,0.44316425465429793,0.40158227682224534,1.0542915955722765,0.1556501240138651,1.0595888817249082,0.8407816946455987,0.7976956583777363,0.0,0.12449050581489605,1.476008233801187,0.07782506200693255,64.62432589640215,26.68260155571309,5.376271393908996,0.0,7.168361858545329
32.666666666666664,0.16809420982710643,37.354268850468095,0.4430005177570663,0.40143390331219914,1.0539020640772983,0.15559261561129858,1.0591973930296612,0.8404710491355321,0.7974009319627193,0.0,0.12444451002678172,1.4754628897082176,0.07779630780564929,64.60044900087904,26.7035007856882,5.380474525464461,0.0,7.173966033952614
32.7,0.1680321036799363,37.34046748443029,0.4428368413557163,0.401285584621723,1.053512676502546,0.1555351284563652,1.0588060489777669,0.8401605183996814,0.7971063144402895,0.0,0.12439853123273412,1.4749177471035644,0.0777675642281826,64.576580927154,26.724392294023488,5.384676104088645,0.0,7.17956813878486
32.733333333333334,0.16797002047906495,37.32667121756999,0.44267322542772986,0.4011373207304114,1.0531234327944483,0.15547766254115591,1.058414849515385,0.8398501023953246,0.7968118057699137,0.0,0.12435256942642754,1.4743728059122276,0.07773883127057796,64.55272167194333,26.74527608359319,5.388876130359596,0.0,7.185168173812794
32.766666666666666,0.16790796021594787,37.31288004798842,0.4425096699505882,0.40098911161785905,1.0527343328994339,0.15542021785776172,1.0580237945886748,0.8395398010797392,0.7965174059110588,0.0,0.1243066246015363,1.4738280660592074,0.07771010892888086,64.52887123196328,26.766152157271527,5.393074604855362,0.0,7.190766139807149
32.8,0.16784592288204053,37.29909397378679,0.4423461749017732,0.4008409572636602,1.052345376763931,0.15536279439827363,1.0576328841437956,0.8392296144102026,0.7962231148231917,0.0,0.12426069675173466,1.4732835274695033,0.07768139719913682,64.5050296039301,26.787020517932735,5.397271528153991,0.0,7.1963620375386546
32.833333333333336,0.1677839084687985,37.285312993066334,0.44218274025876625,0.4006928576474094,1.051956564334368,0.1553053921547826,1.0572421181269067,0.8389195423439925,0.7959289324657792,0.0,0.12421478587069693,1.4727391900681153,0.0776526960773913,64.48119678456004,26.80788116845104,5.401466900833532,0.0,7.201955867778043
32.86666666666667,0.16772191696767727,37.27153710392828,0.4420193659990491,0.4005448127487013,1.051567895557174,0.15524801111937964,1.0568514964841675,0.8386095848383863,0.7956348587982884,0.0,0.1241688919520974,1.4721950537800434,0.07762400555968982,64.45737277056938,26.82873411170067,5.405660723472032,0.0,7.207547631296043
32.9,0.16765994837013234,37.25776630447386,0.4418560521001033,0.4003968225471303,1.051179370378777,0.1551906512841557,1.0564610191617376,0.8382997418506617,0.795340893780186,0.0,0.1241230149896104,1.4716511185302878,0.07759532564207786,64.43355755867438,26.849579350555846,5.4098529966475395,0.0,7.213137328863386
32.93333333333333,0.16759800266761926,37.24400059280428,0.44169279853941046,0.4002488870222909,1.050790988745606,0.15513331264120184,1.056070686105776,0.8379900133380963,0.7950470373709388,0.0,0.12407715497691017,1.4711073842438482,0.07756665632060092,64.40975114559129,26.870416887890805,5.414043720938102,0.0,7.218724961250802
32.96666666666667,0.16753607986013275,37.23023996891839,0.4415296053169567,0.40010100617417044,1.0504027506576274,0.15507599519051313,1.05568049731625,0.8376803993006636,0.794753289570522,0.0,0.12403131191399283,1.4705638509206784,0.07753799759525656,64.38595353131808,26.891246723707322,5.418232896344077,0.0,7.22431052845877
33.0,0.16747417993838196,37.21648443075155,0.44136647240825677,0.39995317998058116,1.0500146560565913,0.15501869892348974,1.0552904527346154,0.8373708996919097,0.7944596503348622,0.0,0.12398548579398017,1.4700205184792277,0.07750934946174487,64.3621647122842,26.912068861130663,5.422420523494002,0.0,7.229894031325336
33.03333333333333,0.16741230288485498,37.20273397441222,0.4412033997671591,0.399805408399702,1.0496267048327022,0.15496142382392217,1.0549005522505266,0.8370615144242749,0.7941661195808865,0.0,0.12393967660390763,1.4694773867657829,0.07748071191196108,64.33838468175962,26.932883306051572,5.426606603572585,0.0,7.2354754714301155
33.06666666666666,0.16735044869122603,37.18898859805023,0.4410403873717217,0.39965769141164964,1.0492388969337598,0.1549041698841038,1.0545107958115205,0.8367522434561301,0.793872697269099,0.0,0.12389388433761139,1.4689344557072637,0.0774520849420519,64.31461343654463,26.953690061270716,5.430791137143085,0.0,7.241054849524114
33.1,0.16728861734916922,37.17524829981539,0.4408774352000023,0.3995100289965407,1.0488512323075638,0.154846937096328,1.0541211833651338,0.836443086745846,0.7935793833600041,0.0,0.12384810898892762,1.4683917252305891,0.077423468548164,64.29085097343952,26.974489129588775,5.434974124768755,0.0,7.24663216635834
33.13333333333333,0.16722680885035873,37.1615130778575,0.4407145432300588,0.39936242113449194,1.0484637109019135,0.15478972545288816,1.0537317148589047,0.8361340442517936,0.7932861778141059,0.0,0.1238023505516925,1.4678491952626787,0.07739486272644408,64.2670972892446,26.995280513806414,5.439155567012849,0.0,7.252207422683799
33.15660881111725,0.16718366371987917,37.15192527108427,0.44060083726028865,0.399259384164003,1.0481932034161763,0.15474978913557472,1.053459848208811,0.8359183185993958,0.7930815070685195,0.0,0.12377040909084092,1.4674704847826467,0.07737489456778736,64.25051614225538,27.009793841296727,5.442074403009293,0.0,7.256099204012393
33.166666666666664,0.16716502318646878,37.1477829303264,0.4405517114399492,0.3992148678056201,1.0480763326646085,0.1547325349460777,1.05334239024037,0.8358251159323439,0.7929930805919085,0.0,0.12375660901974223,1.4673068657304518,0.07736626747303885,64.24335238076017,27.016064216724306,5.443335464438622,0.0,7.2577806192514975
33.2,0.16710326034917353,37.1340578553719,0.44038893980773125,0.39906736899004175,1.047689097543448,0.15467536556818998,1.0529532094570668,0.8355163017458676,0.7927000916539163,0.0,0.12371088438691294,1.4667647365608272,0.07733768278409499,64.21961624478651,27.036840241143132,5.447513817609332,0.0,7.263351756812443
33.233333333333334,0.16704152033014716,37.12033785114381,0.4402262283114629,0.3989199246678738,1.047302005486232,0.1546182173115184,1.0525641724565324,0.8352076016507357,0.7924072109606333,0.0,0.12366517664704087,1.4662228076807249,0.0773091086557592,64.19588887812391,27.057608589863552,5.4516906270882295,0.0,7.2689208361176405
33.266666666666666,0.16697980312106386,37.106622915791974,0.44006357692920206,0.39877253481923275,1.04691505644076,0.15456109016835637,1.0521752791863042,0.8348990156053192,0.7921144384725637,0.0,0.12361948579396215,1.465681079017064,0.07728054508417818,64.17217027757269,27.078369265686245,5.455865893438571,0.0,7.274487857918096
33.3,0.1669181087135978,37.092913047466176,0.43990098563900654,0.39862519942423547,1.0465282503548312,0.15450398413099728,1.0517865295939188,0.8345905435679889,0.7918217741502118,0.0,0.12357381182151299,1.4651395504967637,0.07725199206549864,64.14846043993312,27.09912227141188,5.460039617223614,0.0,7.2800528229648185
33.333333333333336,0.1668564370994231,37.07920824431624,0.4397384544189342,0.39847791846299846,1.0461415871762452,0.1544468991917345,1.0513979236269142,0.8342821854971155,0.7915292179540816,0.0,0.12352815472352953,1.464598222046743,0.07722344959586724,64.1247593620055,27.119867609841137,5.46421179900661,0.0,7.285615732008814
33.36666666666667,0.16679478827021404,37.06550850449201,0.43957598324704306,0.3983306919156387,1.0457550668528015,0.1543898353428614,1.0510094612328276,0.8339739413510702,0.7912367698446775,0.0,0.12348251449384799,1.464057093593922,0.0771949176714307,64.10106704059015,27.140605283774676,5.468382439350815,0.0,7.291176585801088
33.4,0.16673316221764478,37.05181382614329,0.43941357210139087,0.3981835197622727,1.0453686893322998,0.15433279257667143,1.0506211423591956,0.8336658110882238,0.7909444297825036,0.0,0.12343689112630453,1.4635161650652195,0.07716639628833571,64.07738347248734,27.161335296013178,5.472551538819484,0.0,7.296735385092647
33.43333333333333,0.16667155893338942,37.03812420741987,0.4392512209600355,0.39803640198301715,1.0449824545625392,0.15427577088545796,1.0502329669535557,0.833357794666947,0.7906521977280639,0.0,0.12339128461473532,1.462975436387555,0.07713788544272898,64.05370865449737,27.18205764935731,5.476719097975873,0.0,7.302292130634498
33.46666666666667,0.1666099784091222,37.024439646471606,0.4390889298010349,0.39788933855798886,1.0445963624913195,0.15421877026151437,1.0498449349634453,0.833049892045611,0.7903600736418629,0.0,0.12334569495297655,1.4624349074878473,0.07710938513075719,64.03004258342054,27.202772346607755,5.480885117383236,0.0,7.307846823177648
33.5,0.1665484206365173,37.010760141448294,0.43892669860244704,0.3977423294673045,1.0442104130664402,0.15416179069713407,1.0494570463364017,0.8327421031825865,0.7900680574844047,0.0,0.1233001221348644,1.4618945782930164,0.07708089534856703,64.00638525605714,27.223479390565174,5.485049597604827,0.0,7.313399463473104
33.53333333333333,0.1664868856072489,36.99708569049975,0.4387645273423296,0.39759537469108075,1.0438246062357008,0.1541048321846104,1.0490693010199619,0.8324344280362445,0.7897761492161933,0.0,0.12325456615423504,1.4613544487299812,0.0770524160923052,63.98273666920748,27.244178784030243,5.489212539203902,0.0,7.3189500522718705
33.56666666666666,0.16642537331299115,36.98341629177581,0.4386024159987406,0.39744847420943435,1.0434389419469008,0.1540478947162368,1.0486816989616632,0.8321268665649557,0.7894843487977331,0.0,0.12320902700492466,1.4608145187256611,0.0770239473581184,63.95909681967184,27.26487052980363,5.493373942743715,0.0,7.324498590324954
33.6,0.16636388374541822,36.969751943426274,0.43844036454973784,0.397301628002482,1.0430534201478396,0.15399097828430666,1.048294240109043,0.8318194187270911,0.7891926561895282,0.0,0.1231635046807694,1.4602747882069755,0.07699548914215333,63.935465704250525,27.285554630686022,5.497533808787524,0.0,7.330045078383366
33.63333333333333,0.16630241689620437,36.956092643600975,0.4382783729733793,0.3971548360503403,1.042668040786317,0.15393408288111338,1.047906924409638,0.8315120844810218,0.7889010713520828,0.0,0.1231179991756055,1.4597352571008437,0.07696704144055669,63.911843319743824,27.30623108947807,5.501692137898579,0.0,7.335589517198106
33.666666666666664,0.16624097275702368,36.9424383904497,0.43811644124772275,0.3970080983331261,1.0422828038101322,0.1538772084989503,1.047519751810986,0.8312048637851184,0.7886095942459009,0.0,0.12307251048326909,1.459195925334185,0.07693860424947516,63.888229662952035,27.32689990898046,5.505848930640139,0.0,7.341131907520185
33.7,0.1661795513195504,36.928789182122316,0.4379545693508261,0.39686141483095605,1.041897709167085,0.15382035513011086,1.047132722260624,0.8308977565977519,0.7883182248314871,0.0,0.12302703859759637,1.4586567928339187,0.07691017756505543,63.86462473067545,27.347561091993867,5.510004187575457,0.0,7.34667225010061
33.733333333333334,0.16611815257545867,36.9151450167686,0.4377927572607473,0.3967147855239468,1.0415127568049745,0.15376352276688843,1.046745835706089,0.8305907628772933,0.7880269630693452,0.0,0.12298158351242351,1.4581178595269642,0.07688176138344421,63.84102851971438,27.368214641318954,5.514157909267787,0.0,7.352210545690385
33.766666666666666,0.16605677651642267,36.901505892538374,0.4376310049555442,0.3965682103922151,1.0411279466716006,0.1537067114015764,1.0463590920949188,0.8302838825821133,0.7877358089199795,0.0,0.12293614522158669,1.4575791253402406,0.0768533557007882,63.8174410268691,27.388860559756395,5.518310096280387,0.0,7.357746795040517
33.8,0.16599542313411658,36.88787180758147,0.43746931241327464,0.39642168941587774,1.0407432787147624,0.15364992102646818,1.0459724913746502,0.8299771156705829,0.7874447623438944,0.0,0.1228907237189221,1.4570405902006673,0.07682496051323409,63.79386224893992,27.409498850106864,5.522460749176509,0.0,7.363280998902012
33.833333333333336,0.16593409242021462,36.87424276004769,0.43730767961199646,0.3962752225750512,1.04035875288226,0.15359315163385712,1.0455860334928204,0.829670462101073,0.7871538233015937,0.0,0.12284531899826588,1.4565022540351638,0.07679657581692856,63.77029218272712,27.430129515171036,5.52660986851941,0.0,7.368813158025881
33.86666666666667,0.16587278436639089,36.86061874808687,0.4371461065297677,0.39612880984985244,1.0399743691218923,0.15353640321603668,1.0451997183969668,0.8293639218319544,0.7868629917535819,0.0,0.12279993105345426,1.4559641167706492,0.07676820160801834,63.74673082503101,27.450752557749578,5.530757454872343,0.0,7.374343273163125
33.9,0.16581149896431965,36.846999769848814,0.4369845931446461,0.39598245122039805,1.0395901273814592,0.1534796757653002,1.0448135460346266,0.8290574948215982,0.786572267660363,0.0,0.1227545598783234,1.4554261783340428,0.0767398378826501,63.72317817265188,27.471367980643166,5.534903508798563,0.0,7.379871345064752
33.93333333333333,0.16575023620567503,36.83338582348335,0.43682313943468964,0.39583614666680467,1.03920602760876,0.15342296927394106,1.0444275163533372,0.8287511810283751,0.7862816509824414,0.0,0.12270920546670945,1.454888438652264,0.07671148463697053,63.69963422239003,27.49197578665247,5.539048030861327,0.0,7.38539737448177
33.96666666666667,0.16568899608213122,36.81977690714027,0.4366617453779561,0.3956898961691891,1.0388220697515944,0.15336628373425268,1.0440416293006352,0.8284449804106561,0.785991141680321,0.0,0.12266386781244862,1.4543508976522321,0.07668314186712634,63.67609897104575,27.51257597857817,5.5431910216238895,0.0,7.390921362165187
34.0,0.1656277785853624,36.80617301896942,0.4365004109525034,0.395543699707668,1.0384382537577619,0.15330961913852845,1.0436558848240587,0.828138892926812,0.7857007397145062,0.0,0.12261854690937708,1.4538135552608664,0.07665480956926422,63.652572415419336,27.533168559220925,5.547332481649503,0.0,7.396443308866005
34.03333333333333,0.16556658370704277,36.79257415712062,0.4363391361363895,0.3953975572623581,1.0380545795750618,0.15325297547906178,1.0432702828711442,0.8278329185352138,0.7854104450455012,0.0,0.12257324275133101,1.4532764114050862,0.07662648773953089,63.62905455231108,27.553753531381414,5.5514724115014245,0.0,7.401963215335234
34.06666666666666,0.16550541143884645,36.77898031974366,0.4361779209076722,0.3952514688133761,1.0376710471512938,0.153196352748146,1.0428848233894292,0.8275270571942323,0.78512025763381,0.0,0.12252795533214658,1.4527394660118111,0.076598176374073,63.60554537852129,27.57433089786031,5.555610811742909,0.0,7.407481082323879
34.1,0.16544426177244767,36.76539150498837,0.43601676524440935,0.3951054343408386,1.037287656434257,0.15313975093807455,1.042499506326451,0.8272213088622383,0.7848301774399369,0.0,0.12248268464565996,1.4522027190079598,0.07656987546903728,63.582044890850256,27.59490066145829,5.5597476829372106,0.0,7.412996910582948
34.13333333333333,0.16538313469952062,36.75180771100459,0.4358556691246589,0.39495945382486247,1.0369044073717515,0.1530831700411408,1.042114331629747,0.8269156734976031,0.784540204424386,0.0,0.12243743068570737,1.451666170320452,0.0765415850205704,63.558553086098264,27.615462824976014,5.563883025647584,0.0,7.418510700863447
34.166666666666664,0.16532203021173944,36.7382289359421,0.4356946325264787,0.39481352724556434,1.0365212999115767,0.1530266100496382,1.0417292992468539,0.8266101510586972,0.7842503385476617,0.0,0.12239219344612494,1.4511298198762073,0.0765133050248191,63.53506996106562,27.636017391214164,5.568016840437285,0.0,7.424022453916381
34.19474476288701,0.1652705767997642,36.726794844392046,0.43555903066268553,0.39469064886665295,1.0361987019045407,0.15297898335887003,1.0414050803467343,0.826352883998821,0.784006255192834,0.0,0.12235410114866241,1.4506781826663568,0.07648949167943501,63.51529585034732,27.65332549088126,5.571497744755892,0.0,7.428663659674523
34.2,0.1652609483007783,36.72465517795074,0.43553365542792666,0.39466765458306086,1.0361383340015318,0.15297007095586004,1.0413444091253095,0.8263047415038914,0.783960579770268,0.0,0.12234697292074886,1.4505936676021445,0.07648503547793002,63.511595512552624,27.656564362973413,5.572149127869569,0.0,7.4295321704927595
34.233333333333334,0.16519988895831142,36.71108643518031,0.4353727378070606,0.39452183581746886,1.0357555095894166,0.15291355275209978,1.0409596612126506,0.8259994447915571,0.7836709280527091,0.0,0.12230176910341534,1.450057713425183,0.07645677637604989,63.48812973735956,27.677103743054424,5.576279888507688,0.0,7.435039851343586
34.266666666666666,0.16513885217601298,36.69752270578066,0.4352118796419385,0.394376070928905,1.0353728266230304,0.15285705543065078,1.0405750554564146,0.8256942608800648,0.7833813833554893,0.0,0.12225658198796054,1.4495219572722424,0.07642852771532539,63.46467263228673,27.697635534257877,5.5804091229149,0.0,7.440545497219868
34.3,0.1650778379455571,36.68396398790158,0.4350510809106181,0.39423035989748584,1.0349902850501727,0.15280057898380647,1.0401905918041388,0.8253891897277855,0.7830919456391127,0.0,0.12221141156822062,1.4489863990702416,0.07640028949190324,63.44122419413442,27.71815973938444,5.584536831654459,0.0,7.446049108872613
34.333333333333336,0.165016846258618,36.670410279692895,0.43489034159115747,0.39408470270332824,1.034607884818643,0.1527441234038602,1.0398062702033601,0.82508423129309,0.7828026148640834,0.0,0.12216625783803176,1.4484510387461003,0.0763720617019301,63.41778441970294,27.738676361234795,5.58866301528962,0.0,7.451550687052827
34.36666666666667,0.16495587710686987,36.65686157930442,0.4347296616616143,0.39393909932654886,1.0342256258762412,0.1526876886831054,1.0394220906016163,0.8247793855343494,0.7825133909909058,0.0,0.12212112079123015,1.4479158762267377,0.0763438443415527,63.39435330579258,27.7591854026096,5.592787674383636,0.0,7.457050232511516
34.4,0.1648949304819869,36.643317884885974,0.43456904110004657,0.39379354974726444,1.0338435081707664,0.15263127481383543,1.039038052946444,0.8244746524099344,0.7822242739800839,0.0,0.12207600042165198,1.447380911439073,0.07631563740691771,63.370930849203624,27.779686866309532,5.596910809499765,0.0,7.462547745999688
34.43333333333333,0.16483400637564324,36.62977919458739,0.4344084798845122,0.39364805394559166,1.0334615316500184,0.1525748817883437,1.038654157185381,0.8241700318782161,0.781935263792122,0.0,0.12203089672313341,1.4468461443100256,0.07628744089417185,63.347517046736385,27.80018075513527,5.6010324212012605,0.0,7.468043228268348
34.46666666666667,0.164773104779513,36.61624550655845,0.4342479779930689,0.39350261190164715,1.0330796962617963,0.15251850959892357,1.038270403265964,0.8238655238975651,0.7816463603875241,0.0,0.12198580968951062,1.4463115747665147,0.07625925479946179,63.324111895191145,27.820667071887485,5.6051525100513775,0.0,7.473536680068504
34.5,0.16471222568527052,36.602716818949006,0.4340875354037748,0.39335722359554776,1.0326980019539,0.15246215823786846,1.0378867911357306,0.8235611284263525,0.7813575637267947,0.0,0.1219407393146198,1.4457772027354598,0.07623107911893423,63.300715391368215,27.84114581936684,5.60927107661337,0.0,7.479028102151161
34.53333333333333,0.16465136908458985,36.58919312990886,0.43392715209468763,0.39321188900741005,1.0323164486741288,0.15240582769747177,1.037503320742218,0.8232568454229492,0.7810688737704378,0.0,0.12189568559229712,1.4452430281437803,0.07620291384873588,63.27732753206788,27.861617000374014,5.613388121450495,0.0,7.484517495267327
34.56666666666666,0.16459053496914522,36.57567443758783,0.43376682804386524,0.39306660811735084,1.0319350363702822,0.15234951797002685,1.0371199920329632,0.8229526748457261,0.7807802904789575,0.0,0.12185064851637877,1.444709050918395,0.07617475898501343,63.25394831409043,27.88208061770968,5.617503645126004,0.0,7.490004860168007
34.6,0.16452972333061078,36.56216074013573,0.4336065632293656,0.39292138090548673,1.0315537649901598,0.15229322904782713,1.0367368049555037,0.8226486166530539,0.780491813812858,0.0,0.12180562808070089,1.4441752709862237,0.07614661452391357,63.23057773423617,27.90253667417451,5.621617648203157,0.0,7.49549019760421
34.63333333333333,0.16446893416066075,36.54865203570239,0.4334463576292465,0.3927762073519345,1.0311726344815613,0.152236960923166,1.0363537594573764,0.8223446708033036,0.7802034437326437,0.0,0.1217606242790997,1.4436416882741856,0.076118480461583,63.207215789305394,27.92298517256917,5.625730131245204,0.0,7.50097350832694
34.666666666666664,0.16440816745096928,36.53514832243762,0.4332862112215659,0.39263108743681085,1.0307916447922858,0.15218071358833685,1.035970855486119,0.8220408372548463,0.7799151801988187,0.0,0.12171563710541136,1.4431083027092,0.07609035679416842,63.1838624760984,27.94342611569434,5.629841094815402,0.0,7.506454793087204
34.7,0.16434742319321052,36.52164959849124,0.43312612398438166,0.39248602114023246,1.030410795870133,0.15212448703563303,1.0355880929892682,0.8217371159660526,0.779627023171887,0.0,0.12167066655347206,1.4425751142181862,0.07606224351781651,63.16051779141547,27.963859506350694,5.633950539477007,0.0,7.51193405263601
34.733333333333334,0.1642867013790587,36.50815586201304,0.4329660958957517,0.392341008442316,1.0300300876629025,0.15206828125734798,1.0352054719143615,0.8214335068952935,0.7793389726123531,0.0,0.12162571261711796,1.4420421227280633,0.07603414062867399,63.137181732056916,27.984285347338894,5.6380584657932715,0.0,7.517411287724363
34.766666666666666,0.164226002000188,36.494667111152886,0.4328061269337338,0.39219604932317825,1.0296495201183937,0.15201209624577505,1.0348229922089363,0.82113001000094,0.7790510284807209,0.0,0.12158077529018525,1.4415093281657512,0.07600604812288753,63.11385429482303,28.004703641459617,5.6421648743274515,0.0,7.5228864991032705
34.8,0.16416532504827258,36.48118334406057,0.43264621707638595,0.39205114376293587,1.0292690931844062,0.1519559319932077,1.0344406538205295,0.8208266252413629,0.7787631907374948,0.0,0.12153585456651012,1.4409767304581684,0.07597796599660385,63.0905354765141,28.02511439151354,5.646269765642803,0.0,7.528359687523738
34.833333333333336,0.1641046705149866,36.46770455888591,0.43248636630176596,0.39190629174170555,1.0288888068087392,0.15189978849193925,1.0340584566966786,0.8205233525749329,0.7784754593431787,0.0,0.12149095043992872,1.440444329532235,0.07594989424596962,63.067225273930426,28.045517600301334,5.65037314030258,0.0,7.533830853736775
34.86666666666667,0.16404403839200427,36.454230753778724,0.4323265745879317,0.391761493239604,1.0285086609391927,0.1518436657342631,1.0336764007849206,0.8202201919600213,0.7781878342582771,0.0,0.12144606290427724,1.4399121253148697,0.07592183286713156,63.04392368387231,28.065913270623664,5.654474998870037,0.0,7.539299998493384
34.9,0.16398342867099974,36.44076192688883,0.43216684191294114,0.39161674823674797,1.0281286555235658,0.15178756371247268,1.0332944860327926,0.8199171433549987,0.7779003154432941,0.0,0.12140119195339187,1.4393801177329921,0.07589378185623634,63.02063070314003,28.08630140528121,5.658575341908429,0.0,7.544767122544573
34.93333333333333,0.16392284134364724,36.42729807636605,0.4320071682548521,0.39147205671325414,1.0277487905096583,0.15173148241886136,1.0329127123878323,0.8196142067182361,0.7776129028587337,0.0,0.12135633758110878,1.4388483067135216,0.07586574120943068,62.9973463285339,28.10668200707464,5.6626741699810115,0.0,7.5502322266413495
34.96666666666667,0.16386227640162088,36.4138392003602,0.4318475535917224,0.39132741864923914,1.0273690658452694,0.15167542184572252,1.0325310797975766,0.8193113820081043,0.7773255964651004,0.0,0.12131149978126414,1.4383166921833772,0.07583771092286126,62.9740705568542,28.127055078804627,5.66677148365104,0.0,7.555695311534721
35.0,0.16380173383659488,36.40038529702108,0.43168799790161,0.39118283402481985,1.026989481478199,0.15161938198534958,1.032149588209563,0.8190086691829743,0.777038396222898,0.0,0.12126667854769416,1.4377852740694785,0.07580969099267479,62.95080338490125,28.147420623271845,5.670867283481767,0.0,7.56115637797569
35.03333333333333,0.1637412136402434,36.38693636449853,0.4315285011625728,0.3910383028201128,1.0266100373562463,0.1515633628300359,1.0317682375713284,0.818706068201217,0.7767513020926311,0.0,0.12122187387423497,1.437254052298745,0.07578168141501795,62.92754480947532,28.167778643276964,5.67496157003645,0.0,7.566615426715267
35.06666666666666,0.16368071580424065,36.37349240094237,0.43136906335266867,0.3908938250152348,1.0262307334272112,0.1515073643720749,1.0313870278304103,0.8184035790212032,0.7764643140348036,0.0,0.12117708575472277,1.4367230267980955,0.07575368218603745,62.90429482737672,28.18812914162066,5.6790543438783425,0.0,7.572072458504457
35.1,0.1636202403202608,36.360053404502395,0.4312096844499554,0.39074940059030244,1.0258515696388926,0.15145138660375995,1.0310059589343454,0.8181012016013038,0.7761774320099197,0.0,0.12113231418299375,1.4361921974944494,0.07572569330187998,62.881053435405725,28.208472121103604,5.683145605570701,0.0,7.577527474094269
35.13333333333333,0.163559787179978,36.346619373328444,0.431050364432491,0.3906050295254325,1.0254725459390903,0.15139542951738444,1.0306250308306715,0.8177989358998898,0.7758906559784838,0.0,0.12108755915288408,1.4356615643147264,0.07569771475869222,62.85782063036266,28.228807584526464,5.687235355676777,0.0,7.582980474235704
35.166666666666664,0.16349935637506643,36.33319030557032,0.43089110327833324,0.39046071180074177,1.025093662275604,0.15133949310524178,1.0302442434669257,0.8174967818753321,0.7756039859009999,0.0,0.12104282065822994,1.4351311271858453,0.07566974655262089,62.834596409047805,28.249135534689916,5.691323594759829,0.0,7.588431459679773
35.2,0.1634389478972003,36.319766199377845,0.43073190096554015,0.39031644739634674,1.0247149185962328,0.15128357735962533,1.029863596790645,0.8171947394860014,0.7753174217379722,0.0,0.1209980986928675,1.434600886034726,0.07564178867981267,62.81138076826145,28.269455974394635,5.695410323383111,0.0,7.593880431177483
35.233333333333334,0.16337856173805376,36.30634705290084,0.4305727574721694,0.39017223629236436,1.0243363148487765,0.1512276822728285,1.029483090749367,0.8168928086902688,0.775030963449905,0.0,0.12095339325063295,1.4340708407882872,0.07561384113641426,62.7881737048039,28.289768906441285,5.699495542109877,0.0,7.5993273894798365
35.265384830517924,0.16332051877382614,36.29344861640581,0.43041978930490504,0.3900336210853701,1.0239724022555494,0.1511739561115806,1.0291173496779948,0.8166025938691306,0.7747556207488291,0.0,0.12091042253646474,1.433561363157769,0.0755869780557903,62.765867156860914,28.30929362542998,5.703422240011699,0.0,7.604562986682266
35.266666666666666,0.16331819788930102,36.29293286428912,0.43041367277627907,0.39002807846891113,1.0239578509810348,0.1511718078371447,1.0291027252906289,0.8165909894465051,0.7747446109973023,0.0,0.12090870432536245,1.4335409913734487,0.07558590391857235,62.76497521547545,28.310074333630546,5.703579251503382,0.0,7.604772335337843
35.3,0.1632578563483764,36.279523632972534,0.4302546468711073,0.3898839739198599,1.0235795269769214,0.15111595405019904,1.0287225003982632,0.8162892817418819,0.7744583643679932,0.0,0.12086403191515657,1.4330113377676899,0.07555797702509952,62.74178529929008,28.330372256825473,5.7076614517371995,0.0,7.610215268982934
35.333333333333336,0.16319753711154264,36.266119358120584,0.43009567974680524,0.3897399226362858,1.023201342813005,0.1510601209085323,1.0283424160487218,0.8159876855577132,0.7741722235442494,0.0,0.1208193760172486,1.4324818799382069,0.07553006045426615,62.71860395481154,28.35066267728319,5.711742143064155,0.0,7.615656190752209
35.36666666666667,0.16313724015894804,36.252720035321786,0.42993677135105457,0.38959592457077963,1.0228232983648207,0.15100430839376905,1.0279624721169136,0.8156862007947401,0.7738861884318983,0.0,0.12077473661694169,1.4319526177107489,0.07550215419688452,62.695431174410565,28.370945601681534,5.715821326827257,0.0,7.621095102436344
35.4,0.1630769654824797,36.23932566277327,0.4297779216624748,0.3894519797039669,1.0224453935815037,0.15094851649839994,1.0275826685517189,0.8153848274123985,0.7736002589924547,0.0,0.12073011370822974,1.4314235510141051,0.07547425824919997,62.67226695496933,28.391221032749506,5.719899003575345,0.0,7.626532004767129
35.43333333333333,0.163016713074025,36.22593623867222,0.42961913065968527,0.3893080880164732,1.0220676284121895,0.15089274521491555,1.027203005302017,0.8150835653701248,0.7733144351874335,0.0,0.12068550728510669,1.4308946797770652,0.07544637260745778,62.64911129337001,28.41148897321611,5.723975173857261,0.0,7.63196689847635
35.46666666666667,0.16295648292547105,36.212551761215785,0.42946039832130534,0.38916424948892403,1.0216900028060132,0.15083699453580648,1.0268234823166877,0.8147824146273551,0.7730287169783496,0.0,0.12064091734156644,1.4303660039284185,0.07541849726790324,62.62596418649479,28.431749425810338,5.728049838221845,0.0,7.637399784295795
35.5,0.16289627502870518,36.19917222860116,0.4293017246259546,0.3890204641019449,1.0213125167121107,0.15078126445356338,1.0264440995446114,0.8144813751435259,0.7727431043267183,0.0,0.12059634387160292,1.429837523396955,0.07539063222678169,62.602825631225855,28.452002393261193,5.732122997217936,0.0,7.642830662957249
35.53333333333333,0.16283608937561467,36.18579763902549,0.4291431095522524,0.3888767318361615,1.020935170079617,0.15072555496067688,1.0260648569346678,0.8141804468780733,0.7724575971940543,0.0,0.12055178686921007,1.4293092381114638,0.07536277748033844,62.579695624445385,28.472247878297672,5.736194651394375,0.0,7.648259535192501
35.56666666666666,0.16277592595808674,36.17242799068594,0.428984553078818,0.3887330526721993,1.0205579628576678,0.15066986604963753,1.025685754435736,0.8138796297904336,0.7721721955418724,0.0,0.12050724632838179,1.4287811480007346,0.07533493302481876,62.55657416303555,28.492485883648772,5.740264801300004,0.0,7.6536864017333395
35.6,0.16271578476800858,36.15906328177969,0.42882605518427097,0.3885894265906838,1.0201808949953979,0.150614197712936,1.0253067919966967,0.8135789238400428,0.7718868993316877,0.0,0.12046272224311198,1.428253252993557,0.075307098856468,62.533461243878534,28.512716412043503,5.744333447483662,0.0,7.65911126331155
35.63333333333333,0.1626556657972675,36.14570351050389,0.42866761584723073,0.38844585357224065,1.0198039664419434,0.1505585499430629,1.0249279695664293,0.8132783289863375,0.7716017085250153,0.0,0.1204182146073946,1.4277255530187207,0.07527927497153145,62.51035686385653,28.53293946621085,5.748400590494188,0.0,7.664534120658919
35.666666666666664,0.16259556903775074,36.13234867505572,0.42850923504631655,0.3883023335974953,1.0194271771464394,0.1505029227325088,1.0245492870938138,0.8129778451887537,0.7713166230833698,0.0,0.12037372341522354,1.427198048005015,0.0752514613662544,62.48726101985171,28.553155048879816,5.752466230880425,0.0,7.669954974507235
35.7,0.16253549448134555,36.11899877363235,0.4283509127601479,0.38815886664707333,1.019050527058021,0.15044731607376435,1.02417074452773,0.8126774724067277,0.7710316429682663,0.0,0.12032924866059273,1.4266707378812293,0.07522365803688218,62.46417370874625,28.57336316277941,5.756530369191213,0.0,7.675373825588285
35.733333333333334,0.16247544211993917,36.10565380443093,0.4281926489673444,0.3880154527016003,1.0186740161258243,0.15039172995932015,1.0237923418170576,0.8123772105996958,0.7707467681412199,0.0,0.12028479033749609,1.426143622576154,0.07519586497966008,62.44109492742234,28.593563810638614,5.760593005975391,0.0,7.6807906746338555
35.766666666666666,0.16241541194541886,36.09231376564864,0.42803444364652515,0.38787209174170173,1.018297644298984,0.15033616438166686,1.0234140789106763,0.8120770597270942,0.7704619985637453,0.0,0.12024034843992754,1.4256167020185775,0.07516808219083343,62.41802467276215,28.61375699518644,5.7646541417818,0.0,7.686205522375734
35.8,0.16235540394967185,36.078978655482636,0.4278762967763098,0.3877287837480032,1.017921411526636,0.15028061933329506,1.0230359557574664,0.8117770197483593,0.7701773341973577,0.0,0.12019592296188099,1.4250899761372902,0.07514030966664753,62.394962941647876,28.63394271915188,5.76871377715928,0.0,7.691618369545708
35.833333333333336,0.1622954181245854,36.06564847213009,0.4277182083353176,0.3875855287011302,1.0175453177579152,0.15022509480669533,1.0226579723063072,0.8114770906229269,0.7698927750035717,0.0,0.12015151389735036,1.4245634448610813,0.07511254740334766,62.37190973096168,28.65412098526394,5.7727719126566726,0.0,7.697029216875565
35.86666666666667,0.16223545446204676,36.05232321378817,0.42756017830216797,0.38744232658170835,1.0171693629419576,0.15016959079435835,1.022280128506079,0.8111772723102337,0.7696083209439024,0.0,0.12010712124032959,1.4240371081187404,0.07508479539717917,62.34886503758576,28.67429179625161,5.7768285488228175,0.0,7.702438065097091
35.9,0.16217551295394317,36.03900287865404,0.4274022066554805,0.3872991773703632,1.0167935470278981,0.1501141072887747,1.0219024243056614,0.8108775647697158,0.7693239719798649,0.0,0.12006274498481259,1.4235109658390572,0.07505705364438735,62.32582885840228,28.694455154843894,5.780883686206555,0.0,7.707844914942074
35.93333333333333,0.16211559359216188,36.025687464924864,0.4272442933738744,0.3871560810477202,1.0164178699648723,0.15005864428243498,1.021524859653934,0.8105779679608094,0.7690397280729739,0.0,0.12001838512479326,1.4229850179508212,0.07502932214121749,62.30280119029344,28.71461106376979,5.784937325356725,0.0,7.713249767142301
35.96666666666667,0.16205569636859016,36.01237697079782,0.42708643843596916,0.387013037594405,1.0160423317020155,0.15000320176782983,1.021147434499777,0.8102784818429507,0.7687555891847445,0.0,0.11997404165426553,1.4224592643828218,0.07500160088391492,62.279782030141405,28.7347595257583,5.788989466822169,0.0,7.718652622429561
36.0,0.16199582127511525,35.99907139447006,0.42692864182038415,0.38687004699104305,1.0156669321884633,0.14994777973744985,1.0207701487920702,0.8099791063755761,0.7684715552766915,0.0,0.11992971456722334,1.4219337050638485,0.07497388986872493,62.25677137482836,28.75490054353842,5.793040111151727,0.0,7.724053481535638
36.03333333333333,0.16193596830362436,35.98577073413875,0.42677090350573893,0.38672710921826,1.0152916713733509,0.14989237818378567,1.0203930024796932,0.8096798415181218,0.7681876263103301,0.0,0.1198854038576606,1.421408339922691,0.07494618909189284,62.233769221236486,28.775034119839145,5.797089258894239,0.0,7.72945234519232
36.06666666666666,0.1618761374460048,35.97247498800106,0.4266132234706528,0.3865842242566814,1.0149165492058139,0.1498369970993279,1.020015995511526,0.8093806872300239,0.767903802247175,0.0,0.11984110951957122,1.4208831688881394,0.07491849854966395,62.21077556624797,28.795160257389483,5.8011369105985455,0.0,7.734849214131396
36.1,0.16181632869414375,35.95918415425417,0.4264556016937451,0.3864413920869326,1.0145415656349872,0.14978163647656717,1.0196391278364483,0.8090816434707186,0.7676200830487412,0.0,0.1197968315469491,1.420358191888982,0.07489081823828359,62.18779040674498,28.815278958918427,5.8051830668134885,0.0,7.740244089084652
36.13333333333333,0.1617565420399285,35.94589823109523,0.4262980381536353,0.3862986126896394,1.014166720610007,0.14972629630799406,1.0192623994033398,0.8087827101996425,0.7673364686765436,0.0,0.1197525699337882,1.4198334088540094,0.07486314815399703,62.164813739609706,28.835390227154978,5.809227728087905,0.0,7.745636970783876
36.166666666666664,0.16169677747524636,35.93261721672141,0.42614053282894293,0.38615588604542717,1.0137920140800079,0.1496709765860992,1.018885810161081,0.8084838873762317,0.7670529590920973,0.0,0.11970832467408242,1.419308819712011,0.0748354882930496,62.14184556172433,28.855494064828132,5.813270894970638,0.0,7.751027859960852
36.2,0.16163703499198445,35.91934110932988,0.42598308569828724,0.38601321213492157,1.0134174459941259,0.1496156773033732,1.0185093600585509,0.8081851749599221,0.7667695542569171,0.0,0.11966409576182568,1.418784424391776,0.0748078386516866,62.118885869971024,28.875590474666893,5.817312568010529,0.0,7.756416757347373
36.233333333333334,0.1615773145820301,35.906069907117796,0.4258256967402877,0.38587059093874804,1.0130430163014958,0.1495603984523067,1.0181330490446299,0.8078865729101504,0.7664862541325179,0.0,0.1196198831910119,1.4182602228220942,0.07478019922615335,62.09593466123197,28.895679459400256,5.821352747756414,0.0,7.761803663675221
36.266666666666666,0.16151761623727057,35.89280360828235,0.4256683659335638,0.3857280224375323,1.0126687249512536,0.14950514002539028,1.0177568770681975,0.8075880811863527,0.7662030586804148,0.0,0.119575686955635,1.417736214931755,0.07475257001269514,62.072991932389364,28.915761021757216,5.825391434757138,0.0,7.767188579676184
36.3,0.16145793994959304,35.87954221102068,0.42551109325673486,0.38558550661189966,1.0122945718925345,0.14944990201511457,1.0173808440781336,0.8072896997479652,0.7659199678621228,0.0,0.1195315070496889,1.4172124006495481,0.07472495100755729,62.05005768032537,28.93583516446678,5.829428629561538,0.0,7.772571506082052
36.333333333333336,0.1613982857108848,35.866285713529955,0.4253538786884203,0.3854430434424759,1.0119205570744738,0.1493946844139702,1.017004950023318,0.806991428554424,0.7656369816391565,0.0,0.11948734346716752,1.4166887799042631,0.0746973422069851,62.02713190192217,28.955901890257948,5.8334643327184565,0.0,7.77795244362461
36.36666666666667,0.16133865351303311,35.853034114007365,0.42519672220723953,0.3853006329098864,1.0115466804462068,0.14933948721444776,1.0166291948526307,0.8066932675651656,0.7653540999730312,0.0,0.11944319620206478,1.4161653526246893,0.07466974360722388,62.00421459406195,28.97596120185971,5.837498544776733,0.0,7.783331393035645
36.36954672035756,0.16133350222927564,35.85188938428348,0.4251831463596596,0.3852883308802807,1.0115143833873712,0.14933471904477427,1.0165967355172836,0.8066675111463781,0.7653296634473873,0.0,0.11943938257288701,1.4161201367423197,0.07466735952238714,62.00223489919913,28.977694010807955,5.837847037232131,0.0,7.783796049642842
36.4,0.16127904334792523,35.83978741065005,0.425039623791812,0.38515827499475674,1.011172941956869,0.14928431040903786,1.0162535785149514,0.8063952167396261,0.7650713228252616,0.0,0.1193990652483746,1.4156421187396164,0.07464215520451893,61.98130575362689,28.996013102001072,5.841531266285208,0.0,7.788708355046945
36.43333333333333,0.16121945520744838,35.8265456016552,0.4248825834207571,0.38501596967771257,1.010799341555596,0.14922915399023115,1.01587810095916,0.8060972760372418,0.7647886501573627,0.0,0.1193549506000909,1.4151190781778342,0.07461457699511558,61.958405377499176,29.01605759341103,5.845562497792722,0.0,7.794083330390298
36.46666666666667,0.16115988908348977,35.81330868521995,0.4247256010726942,0.3848737169393793,1.0104258791915228,0.1491740179505182,1.0155027621341361,0.8057994454174489,0.7645060819308496,0.0,0.11931085225120758,1.414596230868132,0.0745870089752591,61.93551346256097,29.036094678818586,5.849592239848117,0.0,7.79945631979749
36.5,0.16110034496793674,35.800076659541496,0.42456867672624277,0.38473151676038253,1.010052554813785,0.14911890228238966,1.01512756198876,0.8055017248396836,0.764223618107237,0.0,0.11926677019571859,1.4140735767392991,0.07455945114119483,61.912630005694474,29.056124360952737,5.853620493000229,0.0,7.804827324000308
36.53333333333333,0.16104082285267649,35.78684952281699,0.42441181036002223,0.3845893691213479,1.0096793683715182,0.14906380697833616,1.0147525004719111,0.8052041142633823,0.7639412586480401,0.0,0.11922270442761784,1.4135511157201255,0.07453190348916808,61.88975500378186,29.076146642542476,5.857647257797903,0.0,7.810196343730539
36.56666666666666,0.16098132272959625,35.77362727324361,0.42425500195265203,0.3844472740029008,1.0093063198138577,0.14900873203084825,1.0143775775324693,0.8049066136479812,0.7636590035147737,0.0,0.11917865494089924,1.4130288477394006,0.07450436601542412,61.86688845370531,29.09616152631681,5.861672534789977,0.0,7.815563379719971
36.6,0.1609218445905833,35.76040990901851,0.42409825148275143,0.3843052313856668,1.0089334090899387,0.14895367743241658,1.0140027931193145,0.8046092229529165,0.7633768526689526,0.0,0.1191346217295567,1.412506772725914,0.07447683871620829,61.84403035234699,29.11616901500474,5.865696324525293,0.0,7.820928432700392
36.63333333333333,0.16086238842752487,35.747197428338865,0.4239415589289399,0.38416324125027157,1.0085606361488966,0.1488986431755318,1.0136281471813264,0.8043119421376244,0.7630948060720919,0.0,0.11909060478758418,1.4119848906084551,0.0744493215877659,61.8211806965891,29.136169111335256,5.86971862755269,0.0,7.826291503403588
36.666666666666664,0.16080295423230823,35.73398982940183,0.42378492426983705,0.38402130357734054,1.008188000939867,0.14884362925268446,1.0132536396673852,0.8040147711615411,0.7628128636857067,0.0,0.11904660410897556,1.4114632013158137,0.07442181462634223,61.798339483313825,29.15616181803736,5.873739444421008,0.0,7.831652592561345
36.7,0.16074354199682062,35.72078711040458,0.423628347484062,0.3838794183474993,1.0078155034119851,0.14878863565636521,1.0128792705263703,0.803717709984103,0.7625310254713116,0.0,0.11900261968772477,1.4109417047767792,0.07439431782818261,61.775506709403324,29.17614713784006,5.877758775679089,0.0,7.837011700905453
36.733333333333334,0.16068415171294925,35.70758926954428,0.4234718285502343,0.3837375855413734,1.0074431435143865,0.14873366237906469,1.0125050397071615,0.8034207585647463,0.7622492913904217,0.0,0.11895865151782575,1.4104204009201409,0.07436683118953234,61.75268237173979,29.19612507347234,5.881776621875772,0.0,7.842368829167697
36.766666666666666,0.16062478337258146,35.6943963050181,0.42331536744697335,0.38359580513958835,1.0070709211962063,0.14867870941327346,1.0121309471586393,0.8031239168629072,0.7619676614045521,0.0,0.11891469959327239,1.409899289674689,0.07433935470663673,61.729866467205404,29.21609562766321,5.885792983559898,0.0,7.847723978079864
36.8,0.1605654369676044,35.6812082150232,0.42315896415289866,0.3834540771227698,1.0066988364065803,0.1486237767514822,1.0117569928296828,0.802827184838022,0.7616861354752176,0.0,0.11887076390805863,1.4093783709692125,0.0743118883757411,61.70705899268235,29.236058803141663,5.889807861280307,0.0,7.853077148373743
36.833333333333336,0.16050611248990534,35.668024997756746,0.42300261864662947,0.38331240147154316,1.0063268890946435,0.14856886438618142,1.0113831766691719,0.8025305624495267,0.761404713563933,0.0,0.11882684445617837,1.408857644732501,0.07428443219309071,61.684259945052794,29.256014602636704,5.8938212555858405,0.0,7.858428340781122
36.86666666666667,0.16044680993137161,35.654846651415916,0.42284633090678525,0.38317077816653405,1.0059550792095318,0.14851397230986185,1.0110094986259868,0.802234049656858,0.7611233956322134,0.0,0.11878294123162556,1.4083371108933445,0.07425698615493093,61.661469321198936,29.275963028877324,5.897833167025338,0.0,7.863777556033785
36.9,0.16038752928389036,35.641673174197855,0.42269010091198544,0.38302920718836797,1.00558340670038,0.14845910051501404,1.010635958649007,0.8019376464194518,0.7608421816415738,0.0,0.11873905422839408,1.407816769380532,0.07422955025750702,61.63868711800294,29.29590408459253,5.901843596147639,0.0,7.869124794863521
36.93333333333333,0.16032827053934887,35.628504564299746,0.42253392864084943,0.3828876885176706,1.0052118715163239,0.14840424899412863,1.0102625566871126,0.8016413526967443,0.760561071553529,0.0,0.11869518344047789,1.4072966201228534,0.07420212449706431,61.615913332347006,29.315837772511312,5.905852543501586,0.0,7.8744700580021165
36.96666666666667,0.1602690336896344,35.61534081991876,0.42237781407199665,0.3827462221350673,1.0048404736064986,0.14834941773969618,1.0098892926891831,0.8013451684481719,0.760280065329594,0.0,0.11865132886187087,1.406776663049098,0.07417470886984809,61.59314796111329,29.33576409536268,5.909860009636019,0.0,7.8798133461813595
37.0,0.1602098187266342,35.60218193925205,0.4222217571840466,0.38260480802118374,1.0044692129200399,0.14829460674420739,1.0095161666040988,0.801049093633171,0.7599991629312839,0.0,0.11860749048656696,1.4062568980880557,0.07414730337210369,61.570391001183985,29.355683055875623,5.913865995099776,0.0,7.885154660133037
37.03333333333333,0.16015062564223553,35.58902792049678,0.4220657579556185,0.38246344615664546,1.0040980894060827,0.14823981600015282,1.009143178380739,0.8007531282111776,0.7597183643201133,0.0,0.11856366830856009,1.4057373251685157,0.07411990800007641,61.54764244944128,29.375594656779146,5.9178705004417,0.0,7.8904940005889355
37.06666666666666,0.16009145442832562,35.575878761850134,0.4219098163653319,0.38232213652207797,1.003727103013763,0.14818504550002312,1.008770327967984,0.800457272141628,0.7594376694575975,0.0,0.11851986232184417,1.405217944219268,0.07409252275001156,61.524902302767345,29.395498900802245,5.92187352621063,0.0,7.8958313682808425
37.1,0.1600323050767917,35.562734461509265,0.4217539323918062,0.3821808790981068,1.0033562536922154,0.14813029523630886,1.0083976153147132,0.8001615253839585,0.7591570783052511,0.0,0.1184760725204131,1.4046987551691015,0.07406514761815443,61.502170558044355,29.415395790673923,5.925875072955409,0.0,7.901166763940546
37.13333333333333,0.15997317757952104,35.549595017671344,0.42159810601366077,0.38203967386535753,1.0029855413905762,0.14807556520150067,1.0080250403698068,0.7998658878976052,0.7588765908245894,0.0,0.11843229889826083,1.4041797579468065,0.07403778260075033,61.47944721215451,29.43528532912317,5.929875141224874,0.0,7.906500188299832
37.166666666666664,0.1599140719284009,35.53646042853353,0.421442337209515,0.3818985208044557,1.0026149660579802,0.14802085538808918,1.0076526030821442,0.7995703596420045,0.758596206977127,0.0,0.11838854144938127,1.403660952481172,0.07401042769404459,61.45673226197998,29.455167518878994,5.933873731567866,0.0,7.911831642090489
37.2,0.1598549881153185,35.52333069229301,0.4212866259579883,0.38175741989602685,1.0022445276435625,0.147966165788565,1.0072803034006055,0.7992749405765924,0.758315926724379,0.0,0.11834480016776833,1.4031423387009876,0.0739830828942825,61.434025704402934,29.475042362670397,5.937870844533227,0.0,7.917161126044304
37.233333333333334,0.15979592613216112,35.510205807146924,0.4211309722377002,0.3816163711206966,1.0018742260964595,0.14791149639541873,1.0069081412740706,0.7989796306608056,0.7580357500278604,0.0,0.11830107504741594,1.4026239165350431,0.07395574819770936,61.41132753630557,29.494909863226365,5.941866480669796,0.0,7.922488640893063
37.266666666666666,0.159736885970816,35.49708577129245,0.42097537602727003,0.38147537445909036,1.001504061365806,0.147856847201141,1.0065361166514193,0.79868442985408,0.7577556768490861,0.0,0.11825736608231802,1.4021056859121281,0.0739284236005705,61.38863775457007,29.5147700232759,5.945860640526414,0.0,7.927814187368552
37.3,0.15967786762317038,35.48397058292675,0.42081983730531725,0.38133442989183375,1.0011340334007373,0.14780221819822245,1.0061642294815314,0.7983893381158518,0.757475707149571,0.0,0.11821367326646846,1.401587646761032,0.07390110909911123,61.3659563560786,29.53462284554801,5.9498533246519205,0.0,7.933137766202562
37.333333333333336,0.1596188710811115,35.470860240247,0.4206643560504611,0.38119353739955236,1.0007641421503888,0.14774760937915363,1.0057924797132864,0.7980943554055574,0.75719584089083,0.0,0.11816999659386122,1.4010697990105443,0.07387380468957681,61.343283337713345,29.55446833277169,5.953844533595158,0.0,7.938459378126879
37.36666666666667,0.15955989633652662,35.45775474145036,0.42050893224132124,0.38105269696287164,1.000394387563896,0.1476930207364252,1.0054208672955647,0.797799481682633,0.7569160780343782,0.0,0.11812633605849021,1.4005521425894545,0.0738465103682126,61.3206186963565,29.574306487675937,5.957834267904965,0.0,7.9437790238732875
37.4,0.159500943381303,35.444654084734,0.4203535658565169,0.38091190856241725,1.0000247695903945,0.14763845226252778,1.0050493921772459,0.7975047169065149,0.7566364185417305,0.0,0.11808269165434934,1.4000346774265524,0.07381922613126389,61.29796242889022,29.594137312989748,5.961822528130182,0.0,7.949096704173577
37.43333333333333,0.15944201220732787,35.431558268295085,0.4201982568746676,0.3807711721788146,0.9996552881790197,0.14758390394995197,1.0046780543072096,0.7972100610366393,0.7563568623744017,0.0,0.11803906337543253,1.3995174034506275,0.07379195197497598,61.27531453219672,29.613960811442123,5.9658093148196505,0.0,7.954412419759535
37.46666666666667,0.15938310280648849,35.418467290330774,0.4200430052743927,0.3806304877926893,0.9992859432789065,0.14752937579118836,1.0043068536343358,0.7969155140324423,0.7560774094939069,0.0,0.1179954512157337,1.399000320590469,0.07376468789559418,61.25267500315814,29.63377698576207,5.9697946285222105,0.0,7.959726171362949
37.5,0.15932421517067208,35.405381149038234,0.4198878110343116,0.380489855384667,0.9989167348391909,0.1474748677787276,1.0039357901075043,0.7966210758533604,0.755798059861761,0.0,0.11795185516924678,1.398483428774867,0.0737374338893638,61.23004383865669,29.653585838678573,5.973778469786701,0.0,7.965037959715604
37.50828000321718,0.15930959085000523,35.402131300001166,0.41984926966138786,0.3804549303379648,0.9988250445795894,0.14746133110601034,1.003843639150365,0.7965479542500261,0.7557286853904982,0.0,0.11794102840476908,1.3983550624114252,0.07373066555300517,61.22442355178075,29.658505224778516,5.974767828101568,0.0,7.966357104135425
37.53333333333333,0.15926534929176595,35.392299842614655,0.41973267413304377,0.3803492749353732,0.9985476628090076,0.1474203799050603,1.003564863675595,0.7963267464588297,0.7555188134394788,0.0,0.11790827522996568,1.3979667279326107,0.07371018995253015,61.20742103557454,29.67338737292064,5.977760839161965,0.0,7.970347785549287
37.56666666666666,0.15920650516165732,35.37922336925718,0.41957759454920857,0.3802087464254333,0.9981787271374929,0.14736591216267705,1.0031940742874876,0.7960325258082865,0.7552396701885754,0.0,0.11786471139188431,1.39745021799249,0.07368295608133853,61.184806590793876,29.693181591217268,5.98174173719684,0.0,7.975655649595788
37.6,0.1591476827722334,35.36615172716298,0.4194225722614254,0.3800682698354729,0.9978099277737813,0.1473114645440685,1.0028234218920622,0.795738413861167,0.7549606300705657,0.0,0.1178211636489966,1.3969338988832938,0.07365573227203424,61.16220050119687,29.71296849629746,5.985721164440169,0.0,7.980961552586893
37.63333333333333,0.15908888211846717,35.35308491521493,0.4192676072564458,0.3799278451534867,0.997441264686355,0.14725703704458143,1.002452906457642,0.7954444105923358,0.7546816930616025,0.0,0.11777763199758089,1.3964177705608969,0.07362851852229071,61.13960276485158,29.732748089852237,5.989699121232039,0.0,7.986265494976054
37.666666666666664,0.15903010320196587,35.34002293377019,0.41911269953850555,0.3797874723833131,0.9970727378852909,0.14720262966570358,1.0020825279943542,0.7951505160098292,0.75440285916931,0.0,0.11773411643882706,1.3959018330394073,0.07360131483285179,61.11701338237567,29.75252037134095,5.99367560746372,0.0,7.991567476618295
37.7,0.158971346000632,35.326965777918225,0.41895784904936845,0.3796471514721799,0.9967043472320445,0.1471482423869809,1.0017122863629586,0.7948567300031599,0.7541241282888632,0.0,0.11769061695637577,1.3953860861248621,0.07357412119349045,61.09443234527685,29.772285348196828,5.997650624630138,0.0,7.996867499506853
37.733333333333334,0.1589126105065605,35.31391344590233,0.4188030557682009,0.37950688240120867,0.9963360926770528,0.14709387520109624,1.0013421815136432,0.7945630525328025,0.7538455003827617,0.0,0.11764713354437469,1.3948705297478738,0.07354693760054812,61.0718596505171,29.79204302307902,6.001624173266086,0.0,8.002165564354783
37.766666666666666,0.1588538967118462,35.30086593596582,0.41864831967416966,0.3793666651515206,0.9959679741707527,0.14703952810073234,1.0009722133965957,0.7942694835592309,0.7535669754135054,0.0,0.1176036661969714,1.3943551638390537,0.07351976405036617,61.04929529505838,29.811793398646696,6.005596253906361,0.0,8.00746167187515
37.8,0.15879520460858393,35.287823246351984,0.41849364074644113,0.3792264997042373,0.9955999916635817,0.146985201078572,1.0006023819620047,0.7939760230429196,0.753288553343594,0.0,0.11756021490831355,1.3938399883290142,0.073492600539286,61.026739275862674,29.83153647755901,6.0095668670857565,0.0,8.01275582278101
37.833333333333336,0.1587365341888686,35.274785375304134,0.4183390189641819,0.37908638604047984,0.9952321451059764,0.146930894127298,1.000232687160058,0.793682670944343,0.7530102341355275,0.0,0.11751677967254874,1.3933250031483668,0.073465447063649,61.00419158989193,29.851272262475124,6.013536013339069,0.0,8.018048017785427
37.86666666666667,0.1586778854447951,35.26175232106558,0.41818445430655876,0.37894632414136975,0.9948644344483744,0.14687660723959317,0.9998631289409435,0.7933894272239754,0.7527320177518058,0.0,0.11747336048382462,1.392810208227724,0.07343830361979659,60.98165223410815,29.871000756054197,6.01750369320109,0.0,8.023338257601454
37.9,0.15861925836845825,35.24872408187961,0.41802994675273797,0.3788063139880284,0.9944968596412125,0.1468223404081403,0.9994937072548497,0.7930962918422911,0.7524539041549284,0.0,0.1174299573362888,1.3922956034976974,0.07341117020407015,60.95912120547328,29.89072196095539,6.021469907206616,0.0,8.028626542942156
37.93333333333333,0.1585606529519529,35.23570065598953,0.4178754962818864,0.37866635556157713,0.9941294206349278,0.14676809362562213,0.9991244220519643,0.7928032647597645,0.7521758933073955,0.0,0.11738657022408891,1.391781188888899,0.07338404681281106,60.9365985009493,29.910435879837863,6.025434655890442,0.0,8.033912874520592
37.96666666666667,0.15850206918737397,35.22268204163866,0.4177211028731704,0.3785264488431373,0.9937621173799575,0.1467138668847215,0.9987552732824753,0.7925103459368698,0.7518979851717067,0.0,0.11734319914137256,1.3912669643319404,0.07335693344236074,60.91408411749817,29.930142515360778,6.029397939787364,0.0,8.03919725304982
38.0,0.1584435070668163,35.2096682370703,0.41756676650575664,0.37838659381383033,0.9933949498267386,0.14665966017812115,0.9983862608965711,0.7922175353340815,0.751620179710362,0.0,0.1172998440822874,1.390752929757434,0.07332983008906058,60.891578052081876,29.949841870183285,6.033359759432174,0.0,8.044479679242901
38.03333333333333,0.15838496658237478,35.19665924052773,0.4174124871588117,0.37824679045477755,0.9930279179257083,0.14660547349850395,0.9980173848444397,0.7919248329118738,0.7513424768858611,0.0,0.11725650504098103,1.3902390850959916,0.07330273674925197,60.86908030166238,29.969533946964553,6.037320115359669,0.0,8.049760153812894
38.06666666666666,0.1583264477261442,35.183655050254266,0.41725826481150213,0.37810703874710033,0.9926610216273037,0.1465513068385526,0.997648645076269,0.791632238630721,0.7510648766607039,0.0,0.1172131820116011,1.3897254302782251,0.0732756534192763,60.84659086320165,29.989218748363744,6.041279008104642,0.0,8.055038677472858
38.1,0.15826795049021952,35.17065566449323,0.4171040994429945,0.37796733867191995,0.9922942608819617,0.14649716019094997,0.9972800415422471,0.7913397524510976,0.7507873789973901,0.0,0.11716987498829519,1.3892119652347463,0.07324858009547498,60.82410973366166,30.008896277040012,6.04523643820189,0.0,8.060315250935854
38.13333333333333,0.15820947486669557,35.1576610814879,0.4169499910324554,0.37782769021035795,0.9919276356401198,0.1464430335483788,0.9969115741925623,0.7910473743334777,0.7505099838584197,0.0,0.11712658396521096,1.3886986898961675,0.0732215167741894,60.801636910004376,30.028566535652516,6.049192406186205,0.0,8.065589874914942
38.166666666666664,0.1581510208476672,35.144671299481594,0.41679593955905136,0.3776880933435356,0.9915611458522146,0.14638892690352187,0.9965432429774024,0.7907551042383358,0.7502326912062924,0.0,0.11708330893649603,1.3881856041931002,0.07319446345176094,60.77917238919177,30.048229526860418,6.053146912592384,0.0,8.07086255012318
38.2,0.15809258842522925,35.13168631671761,0.41664194500194895,0.37754854805257426,0.9911947914686834,0.14633484024906201,0.9961750478469555,0.7904629421261462,0.7499555010035082,0.0,0.11704004989629802,1.3876727080561566,0.07316742012453101,60.75671616818582,30.067885253322885,6.057099957955221,0.0,8.07613327727363
38.233333333333334,0.15803417759147664,35.118706131439254,0.4164880073403149,0.3774090543185953,0.9908285724399634,0.14628077357768204,0.9958069887514098,0.7901708879573832,0.7496784132125668,0.0,0.11699680683876454,1.3871600014159486,0.07314038678884102,60.734268243948485,30.087533717699063,6.06105154280951,0.0,8.081402057079348
38.266666666666666,0.15797578833850426,35.105730741889836,0.41633412655331553,0.3772696121227201,0.9904624887164917,0.14622672688206467,0.9954390656409532,0.7898789416925213,0.749401427795968,0.0,0.11695357975804323,1.3866474842030883,0.07311336344103234,60.71182861344174,30.10717492264812,6.065001667690048,0.0,8.086668890253398
38.3,0.15791742065840692,35.09276014631265,0.4161803026201176,0.37713022144607006,0.9900965402487052,0.14617270015489275,0.995071278465774,0.7895871032920345,0.7491245447162117,0.0,0.11691036864828172,1.3861351563481872,0.07308635007744638,60.68939727362756,30.126808870829215,6.068950333131626,0.0,8.091933777508837
38.333333333333336,0.15785907454327947,35.079794342951,0.41602653551988755,0.37699088226976646,0.9897307269870412,0.14611869338884903,0.99470362717606,0.7892953727163973,0.7488477639357977,0.0,0.1168671735036276,1.3856230177818576,0.07305934669442452,60.6669742214679,30.146435564901513,6.072897539669043,0.0,8.097196719558726
38.36666666666667,0.15780074998521684,35.06683333004819,0.41587282523179214,0.3768515945749308,0.9893650488819367,0.14606470657661633,0.9943361117219994,0.7890037499260841,0.7485710854172258,0.0,0.11682399431822854,1.3851110684347112,0.07303235328830816,60.64455945392475,30.16605500752416,6.076843287837091,0.0,8.102457717116122
38.4,0.15774244697631384,35.053877105847526,0.41571917173499784,0.37671235834268435,0.9889995058838288,0.14601073971087744,0.9939687320537804,0.7887122348815692,0.7482945091229961,0.0,0.11678083108623215,1.3845993082373602,0.07300536985543872,60.62215296796007,30.185667201356328,6.080787578170566,0.0,8.10771677089409
38.43333333333333,0.15768416550866537,35.04092566859231,0.41556557500867114,0.37657317355414843,0.9886340979431547,0.14595679278431514,0.9936014881215909,0.7884208275433269,0.748018035015608,0.0,0.11673768380178602,1.3840877371204166,0.07297839639215757,60.59975476053583,30.205272149057173,6.084730411204261,0.0,8.112973881605683
38.46666666666667,0.1576259055743663,35.02797901652584,0.41541203503197865,0.3764340401904446,0.9882688250103513,0.14590286578961223,0.9932343798756189,0.7881295278718314,0.7477416630575616,0.0,0.11669455245903781,1.3835763550144917,0.07295143289480611,60.577364828614,30.22486985328586,6.088671787472974,0.0,8.118229049963967
38.5,0.15756766716551146,35.015037147891434,0.41525855178408705,0.376294958232694,0.9879036870358558,0.1458489587194515,0.9928674072660527,0.7878383358275572,0.7474653932113567,0.0,0.11665143705213514,1.3830651618501981,0.07292447935972575,60.55498316915656,30.244460316701538,6.092611707511496,0.0,8.123482276681997
38.53333333333333,0.15750945027419574,35.00210006093239,0.4151051252441629,0.37615592766201816,0.9875386839701054,0.14579507156651572,0.9925005702430801,0.7875472513709787,0.7471892254394932,0.0,0.11660833757522562,1.3825541575581475,0.07289753578325786,60.53260977912546,30.264043541963375,6.0965501718546244,0.0,8.128733562472835
38.56666666666666,0.157451254892514,34.989167753892,0.4149517553913726,0.37601694845953837,0.987173815763537,0.1457412043234877,0.9921338687568894,0.78725627446257,0.7469131597044707,0.0,0.11656525402245689,1.3820433420689517,0.07287060216174385,60.51024465548269,30.283619531730526,6.1004871810371535,0.0,8.13398290804954
38.6,0.1573930810125611,34.97624022501358,0.4147984422048828,0.375878020606376,0.9868090823665878,0.14568735698305021,0.9917673027576686,0.7869654050628055,0.7466371959687891,0.0,0.11652218638797655,1.3815327153132229,0.07284367849152511,60.487887795190204,30.30318828866216,6.104422735593878,0.0,8.139230314125172
38.63333333333333,0.15733492862643195,34.96331747254043,0.4146451856638602,0.37573914408365244,0.986444483729695,0.1456335295378861,0.9914008721956057,0.7866746431321596,0.7463613341949484,0.0,0.11647913466593225,1.3810222772215728,0.07281676476894305,60.46553919520999,30.322749815417424,6.108356836059592,0.0,8.14447578141279
38.666666666666664,0.15727679772622136,34.95039949471586,0.4144919857474713,0.37560031887248907,0.9860800198032954,0.14557972198067812,0.9910345770208887,0.7863839886311067,0.7460855743454484,0.0,0.11643609885047161,1.3805120277246135,0.07278986099033906,60.443198852504004,30.342304114655487,6.11228948296909,0.0,8.149719310625455
38.682667112049934,0.1572489017471627,34.94420038825838,0.41441846784831793,0.3755336991372123,0.9859051200852168,0.14555390069658247,0.9908587985195035,0.7862445087358134,0.7459532421269723,0.0,0.11641544673253582,1.3802671681193035,0.07277695034829124,60.43247812170452,30.351687873036585,6.114176689866541,0.0,8.152235586488723
38.7,0.1572186883040242,34.93748628978315,0.4143388424348826,0.3754615449540072,0.9857156905378263,0.145525934304109,0.9906684171837059,0.786093441520121,0.7458099163827887,0.0,0.11639307893574223,1.3800019667529566,0.0727629671520545,60.42086676403422,30.36185118903551,6.116220676857168,0.0,8.154960902476226
38.733333333333334,0.15716060035193538,34.92457785598564,0.4141857557052608,0.3753228223093283,0.9853514958837248,0.14547216650086164,0.9903023926342451,0.7858030017596769,0.7455343602694694,0.0,0.11635007491589176,1.3794920942372146,0.07273608325043082,60.398542926762616,30.38139104121664,6.12015041825862,0.0,8.160200557678161
38.766666666666666,0.15710253386204973,34.91167419156661,0.4140327255377724,0.37518415091957363,0.9849874357914281,0.14541841856361878,0.9899365033226947,0.7855126693102485,0.7452589059679903,0.0,0.11630708678506782,1.3789824101079993,0.07270920928180939,60.37622733765115,30.400923673858053,6.124078707708241,0.0,8.165438276944323
38.8,0.15704448882646213,34.898775294769365,0.4138797519115839,0.3750455307658646,0.9846235102113731,0.14536469048506323,0.9895707491992426,0.7852224441323106,0.744983553440851,0.0,0.11626411453741803,1.3784729142959222,0.07268234524253162,60.353919993661805,30.4204490896189,6.128005545740825,0.0,8.170674060987768
38.833333333333336,0.15698646523726742,34.885881163837205,0.4137268348058619,0.3749069618293226,0.9842597190939968,0.14531098225787772,0.9892051302140765,0.784932326186337,0.7447083026505514,0.0,0.11622115816709,1.3779636067315955,0.07265549112893886,60.33162089175653,30.439967291158347,6.131930932891169,0.0,8.17590791052156
38.86666666666667,0.1569284630865605,34.87299179701345,0.4135739741997731,0.37476844409106896,0.9838960623897367,0.14525729387474512,0.9888396463173851,0.7846423154328024,0.7444331535595916,0.0,0.11617821766823137,1.3774544873456314,0.07262864693737256,60.30933002889732,30.459478281135542,6.135854869694065,0.0,8.181139826258756
38.9,0.15687048236643622,34.860107192541385,0.413421170072484,0.3746299775322251,0.9835325400490297,0.14520362532834818,0.9884742974593561,0.7843524118321811,0.7441581061304713,0.0,0.11613529303498978,1.3769455560686414,0.07260181266417409,60.287047402046134,30.478982062209656,6.139777356684309,0.0,8.186369808912414
38.93333333333333,0.15681252306898943,34.84722734866432,0.4132684224031612,0.37449156213391227,0.9831691520223127,0.14514997661136972,0.9881090835901778,0.7840626153449471,0.7438831603256901,0.0,0.1160923842615128,1.3764368128312376,0.07257498830568486,60.264773008164944,30.49847863703984,6.143698394396696,0.0,8.191597859195596
38.96666666666667,0.15675458518631502,34.83435226362556,0.41311573117097117,0.37435319787725196,0.9828058982600228,0.14509634771649246,0.987744004660038,0.7837729259315751,0.7436083161077481,0.0,0.11604949134194811,1.375928257564032,0.07254817385824623,60.24250684421572,30.51796800828527,6.147617983366022,0.0,8.196823977821364
39.0,0.15669666871050789,34.82148193566842,0.4129630963550806,0.3742148847433655,0.9824427787125976,0.14504273863639927,0.9873790606191248,0.7834833435525393,0.7433335734391451,0.0,0.11600661427044331,1.3754198901976364,0.07252136931819964,60.220248907160425,30.537450178605088,6.1515361241270785,0.0,8.202048165502774
39.03333333333333,0.15663877363366285,34.80861636303619,0.41281051793465595,0.37407662271337433,0.9820797933304736,0.1449891493637729,0.9870142514176266,0.7831938681683142,0.7430589322823807,0.0,0.11596375304114603,1.374911710662663,0.07249457468188646,60.197999193961046,30.55692515065846,6.1554528172146625,0.0,8.207270422952885
39.06666666666666,0.15658089994787475,34.79575554397217,0.4126579958888639,0.37393841176839965,0.9817169420640883,0.14493557989129616,0.986649577005731,0.7829044997393737,0.7427843925999551,0.0,0.11592090764820388,1.3744037188897236,0.07246778994564808,60.175757701579535,30.57639292710455,6.159368063163568,0.0,8.21249075088476
39.1,0.1565230476452385,34.78289947671966,0.41250553019687103,0.3738002518895629,0.9813542248638786,0.1448820302116518,0.9862850373336263,0.7826152382261925,0.7425099543543678,0.0,0.1158780780857645,1.3738959148094299,0.0724410151058259,60.15352442697787,30.595853510602517,6.163281862508591,0.0,8.217709150011457
39.13333333333333,0.15646521671784897,34.770048159522,0.4123531208378438,0.37366214305798556,0.9809916416802814,0.14482850031752267,0.9859206323515006,0.7823260835892448,0.7422356175081188,0.0,0.11583526434797552,1.373388298352394,0.07241425015876134,60.131299367118025,30.615306903811515,6.167194215784525,0.0,8.222925621046034
39.166666666666664,0.156407407157801,34.757201590622444,0.4122007677909489,0.37352408525478886,0.9806291924637344,0.14477499020159154,0.9855563620095419,0.782037035789005,0.741961382023708,0.0,0.11579246642898454,1.372880869449228,0.07238749510079577,60.10908251896196,30.634753109390704,6.171105123526164,0.0,8.228140164701554
39.2,0.15634961895718946,34.744359768264324,0.41204847103535275,0.3733860784610942,0.9802668771646741,0.14472149985654117,0.9851922262579383,0.7817480947859473,0.7416872478636349,0.0,0.1157496843229392,1.3723736280305436,0.07236074992827059,60.08687387947166,30.654192129999256,6.175014586268306,0.0,8.233352781691076
39.233333333333334,0.15629185210810925,34.731522690690944,0.41189623055022206,0.37324812265802293,0.9799046957335379,0.1446680292750544,0.984828225046878,0.7814592605405462,0.7414132149903997,0.0,0.11570691802398711,1.371866574026953,0.0723340146375272,60.06467344560909,30.673623968296315,6.1789226045457415,0.0,8.238563472727657
39.266666666666666,0.1562341066026552,34.7186903561456,0.4117440463147234,0.3731102178266965,0.9795426481207627,0.14461457844981399,0.9844643583265487,0.7811705330132759,0.7411392833665021,0.0,0.11566416752627591,1.3713597073690678,0.07230728922490699,60.042481214336206,30.69304862694105,6.182829178893268,0.0,8.24377223852436
39.3,0.15617638243292217,34.7058627628716,0.4115919183080233,0.3729723639482362,0.9791807342767859,0.14456114737350276,0.9841006260471389,0.7808819121646108,0.740865452954442,0.0,0.11562143282395322,1.3708530279875002,0.07228057368675138,60.020297182615,30.712466108592615,6.18673430984568,0.0,8.24897907979424
39.333333333333336,0.156118679591005,34.69303990911223,0.41143984650928833,0.3728345610037634,0.9788189541520443,0.14450773603880343,0.9837370281588362,0.780593397955025,0.740591723716719,0.0,0.11557871391116666,1.370346535812862,0.07225386801940172,59.99812134740743,30.731876415910182,6.190637997937772,0.0,8.254183997250365
39.36666666666667,0.15606099806899865,34.68022179311081,0.41128783089768506,0.37269680897439955,0.9784573076969751,0.14445434443839886,0.9833735646118292,0.7803049903449932,0.7403180956158332,0.0,0.11553601078206385,1.369840230775765,0.07222717221919943,59.975953705675465,30.751279551552898,6.194540243704338,0.0,8.259386991605787
39.4,0.15600333785899795,34.66740841311066,0.41113587145238006,0.3725591078412659,0.9780957948620156,0.14440097256497184,0.9830102353563056,0.7800166892949897,0.7400445686142841,0.0,0.11549332343079242,1.3693341128068217,0.07220048628248592,59.95379425438108,30.770675518179925,6.198441047680174,0.0,8.264588063573568
39.43333333333333,0.15594569895309773,34.65459976735505,0.41098396815254,0.3724214575854839,0.9777344155976025,0.1443476204112051,0.9826470403424535,0.7797284947654886,0.739771142674572,0.0,0.11545065185150001,1.3688281818366435,0.07217381020560255,59.931642990486246,30.790064318450426,6.202340410400074,0.0,8.269787213866767
39.46666666666667,0.15588808134339283,34.6417958540873,0.4108321209773313,0.3722838581881749,0.9773731698541731,0.1442942879697815,0.9822839795204611,0.7794404067169641,0.7394978177591963,0.0,0.11540799603833421,1.3683224377958423,0.07214714398489075,59.909499910952924,30.809445955023566,6.206238332398834,0.0,8.274984443198447
39.5,0.1558304850219782,34.62899667155071,0.41068032990592057,0.37214630963046025,0.9770120575821646,0.1442409752333838,0.9819210528405163,0.7791524251098909,0.7392245938306571,0.0,0.11536535598544267,1.3678168806150304,0.0721204876166919,59.887365012743096,30.828820430558494,6.210134814211247,0.0,8.280179752281663
39.53333333333333,0.15577290998094864,34.61620221798859,0.4105285949174745,0.3720088118934613,0.976651078732014,0.1441876821946948,0.9815582602528075,0.7788645499047432,0.7389514708514542,0.0,0.115322731686973,1.3673115102248194,0.0720938410973474,59.86523829281873,30.848187747714373,6.214029856372108,0.0,8.28537314182948
39.56666666666666,0.15571535621239907,34.603412491644235,0.4103769159911596,0.3718713649582995,0.9762902332541584,0.14413440884639728,0.9811956017075224,0.7785767810619953,0.7386784487840873,0.0,0.11528012313707284,1.3668063265558217,0.07206720442319864,59.843119748141795,30.867547909150368,6.2179234594162125,0.0,8.29056461255495
39.6,0.1556578237084243,34.59062749076095,0.41022529310614236,0.3717339688060961,0.9759295210990347,0.144081155181174,0.9808330771548491,0.7782891185421215,0.7384055275910563,0.0,0.11523753032988979,1.3663013295386486,0.072040577590587,59.82100937567425,30.886900917525637,6.2218156238783555,0.0,8.295754165171143
39.63333333333333,0.15560031246111927,34.57784721358206,0.4100737262415894,0.37159662341797256,0.9755689422170802,0.14402792119170782,0.9804706865449759,0.7780015623055963,0.7381327072348609,0.0,0.11519495325957149,1.3657965191039123,0.07201396059585391,59.79890717237809,30.906246775499337,6.225706350293331,0.0,8.30094180039111
39.666666666666664,0.15554282246257875,34.56507165835084,0.4099222153766674,0.3714593287750502,0.9752084965587322,0.1439747068706815,0.9801084298280908,0.7777141123128937,0.7378599876780013,0.0,0.11515239192026556,1.365291895182225,0.07198735343534075,59.77681313521526,30.92558548573063,6.229595639195934,0.0,8.306127518927914
39.7,0.1554853537048977,34.5523008233106,0.40977076049054273,0.3713220848584504,0.9748481840744274,0.1439215122107778,0.9797463069543816,0.7774267685244883,0.7375873688829769,0.0,0.11510984630611963,1.3647874577041983,0.0719607561053889,59.754727261147735,30.944917050878676,6.23348349112096,0.0,8.311311321494614
39.733333333333334,0.15542790618017088,34.53953470670464,0.40961936156238216,0.3711848916492946,0.9744880047146033,0.1438683372046796,0.9793843178740368,0.7771395309008544,0.7373148508122879,0.0,0.11506731641128132,1.3642832066004444,0.0719341686023398,59.732649547137505,30.96424147360263,6.2373699066032025,0.0,8.316493208804271
39.766666666666666,0.15537047988049324,34.52677330677628,0.40946801857135207,0.37104774912870403,0.9741279584296965,0.14381518184506958,0.9790224625372441,0.7768523994024662,0.7370424334284338,0.0,0.11502480222989825,1.363779141801575,0.07190759092253479,59.71057999014652,30.983558756561656,6.241254886177456,0.0,8.321673181569944
39.8,0.15531307479795964,34.51401662176881,0.40931673149661923,0.37091065727780015,0.9737680451701445,0.1437620461246306,0.9786607408941919,0.7765653739897982,0.7367701166939147,0.0,0.11498230375611805,1.3632752632382021,0.0718810230623153,59.68851858713676,31.002868902414917,6.245138430378517,0.0,8.326851240504691
39.833333333333336,0.15525569092466493,34.501264649925545,0.4091655003173501,0.37077361607770426,0.9734082648863842,0.1437089300360454,0.9782991528950677,0.7762784546233246,0.7364979005712302,0.0,0.11493982098408832,1.3627715708409378,0.0718544650180227,59.666465335070185,31.022171913821573,6.2490205397411795,0.0,8.332027386321574
39.86666666666667,0.15519832825270397,34.48851738948977,0.4090143250127113,0.37063662550953785,0.9730486175288529,0.14365583357199682,0.9779376984900603,0.7759916412635198,0.7362257850228804,0.0,0.11489735390795673,1.362268064540394,0.07182791678599841,59.64442023090878,31.041467793440777,6.252901214800238,0.0,8.337201619733651
39.893824370867556,0.15515160876617837,34.47813528137297,0.4088911990779068,0.3705250524466941,0.9727556998648083,0.14361258873259392,0.9776433090617599,0.7757580438308918,0.7360041583402323,0.0,0.11486276625847516,1.3618579798107315,0.07180629436629696,59.62646541967674,31.05718347677719,6.256061861609984,0.0,8.34141581547998
39.9,0.15514098677417165,34.475774838704815,0.40886320556186934,0.3704996855544222,0.9726891030479874,0.14360275672516765,0.9775763776293572,0.7757049338708581,0.7359537700113649,0.0,0.11485490252187087,1.3617647442671823,0.07180137836258382,59.6223832716145,31.06075654393169,6.256780456090487,0.0,8.342373941453983
39.93333333333333,0.15508366648116279,34.46303699581395,0.4087121419439909,0.3703627961934786,0.9723297213942251,0.14354969948824067,0.977215190263147,0.7754183324058139,0.7356818554991836,0.0,0.11481246681997838,1.361261609951915,0.07177484974412034,59.60035445414933,31.080038167953475,6.260658264146722,0.0,8.34754435219563
39.96666666666667,0.15502636736666564,34.45030385925904,0.4085611341405968,0.3702259574099621,0.9719704725236039,0.14349666185472557,0.9768541363472465,0.7751318368333282,0.7354100414530743,0.0,0.11477004679708826,1.3607586615330454,0.07174833092736278,59.578333775818564,31.09931266786478,6.2645346394432995,0.0,8.352712852591067
40.0,0.1549690894483446,34.43757543296546,0.40841018219824027,0.3700891692460576,0.9716113565468745,0.14344364384097297,0.9764932159929626,0.7748454472417229,0.7351383279568325,0.0,0.11472764246627787,1.3602558991656242,0.07172182192048648,59.55632124341079,31.118580037723603,6.2684095807852005,0.0,8.357879441046935
40.03333333333333,0.15491183268973324,34.424851708829614,0.40825928602081685,0.36995243161467817,0.9712523732354031,0.14339064541322863,0.9761324289705133,0.7745591634486662,0.7348667148374703,0.0,0.11468525380055022,1.3597533225295644,0.07169532270661431,59.53431684291161,31.137840289796635,6.272283090639429,0.0,8.363044120852573
40.06666666666666,0.1548545970831532,34.41213268514515,0.4081084455880906,0.3698157444974865,0.9708935225410485,0.14333766656438515,0.9757717752315153,0.7742729854157658,0.7345952020585631,0.0,0.11464288079422082,1.359250931557468,0.07166883328219258,59.51232057137012,31.15709342666677,6.276155169525442,0.0,8.36820689270059
40.1,0.15479738262092602,34.39941836020578,0.40795766087982555,0.36967910787614555,0.9705348044156694,0.14328470728733528,0.9754112547275852,0.7739869131046301,0.734323789583686,0.0,0.11460052344160512,1.358748726181937,0.07164235364366764,59.49033242583542,31.1763394509169,6.280025817962696,0.0,8.373367757283596
40.13333333333333,0.15474018929537336,34.386708732305195,0.4078069318757859,0.36954252173231816,0.9701762188111244,0.1432317675749716,0.9750508674103397,0.7737009464768668,0.7340524773764147,0.0,0.11455818173701862,1.358246706335574,0.0716158837874858,59.468352403356626,31.195578365129908,6.283895036470645,0.0,8.378526715294194
40.166666666666664,0.15468301709881682,34.374003799737075,0.4076562585557358,0.36940598604766706,0.969817765679272,0.14317884742018683,0.9746906132313959,0.7734150854940841,0.7337812654003244,0.0,0.11451585567477679,1.3577448719509808,0.07158942371009341,59.44638050098284,31.21481017188869,6.2877628255687465,0.0,8.383683767424996
40.2,0.15462586602357797,34.36130356079511,0.40750564089943925,0.3692695008038551,0.9694594449719709,0.14312594681587357,0.9743304921423704,0.7731293301178899,0.7335101536189906,0.0,0.11447354524919509,1.3572432229607592,0.07156297340793678,59.42441671576317,31.23403487377614,6.291629185776458,0.0,8.38883891436861
40.233333333333334,0.15456873606197843,34.34860801377299,0.4073550788866604,0.3691330659825453,0.96910125664108,0.14307306575492454,0.9739705040948798,0.7728436803098921,0.7332391419959887,0.0,0.11443125045458905,1.356741759297512,0.07153653287746227,59.40246104474672,31.25325247337514,6.295494117613231,0.0,8.393992156817642
40.266666666666666,0.15451162720633982,34.335917156964406,0.40720457249716335,0.36899668156540033,0.9687432006384575,0.14302020423023237,0.9736106490405411,0.772558136031699,0.732968230494894,0.0,0.1143889712852741,1.3562404808938404,0.07151010211511619,59.3805134849826,31.27246297326859,6.299357621598525,0.0,8.3991434954647
40.3,0.15445453944898366,34.323230988663035,0.4070541217107122,0.3688603475340831,0.9683852769159624,0.14296736223468975,0.9732509269309707,0.7722726972449182,0.732697419079282,0.0,0.11434670773556575,1.3557393876823474,0.07148368111734488,59.35857403351991,31.291666376039377,6.303219698251795,0.0,8.404292931002395
40.333333333333336,0.1543974727822316,34.31054950716258,0.4069037265070711,0.3687240638702563,0.9680274854254531,0.14291453976118929,0.9728913377177856,0.7719873639111579,0.732426707712728,0.0,0.11430445979977945,1.3552384795956343,0.07145726988059464,59.336642687407746,31.310862684270393,6.307080348092499,0.0,8.409440464123334
40.36666666666667,0.1543404271984052,34.29787271075672,0.40675338686600415,0.3685878305555829,0.9676698261187884,0.14286173680262368,0.9725318813526027,0.771702135992026,0.7321560963588075,0.0,0.1142622274722307,1.3547377565663037,0.07143086840131184,59.31471944369524,31.33005190054453,6.31093957164009,0.0,8.41458609552012
40.4,0.1542834026898261,34.285200597739134,0.4066031027672755,0.36845164757172577,0.9673122989478269,0.14280895335188556,0.9721725577870385,0.7714170134491305,0.7318855849810959,0.0,0.11422001074723499,1.3542372185269576,0.07140447667594278,59.29280429943148,31.349234027444673,6.314797369414025,0.0,8.419729825885367
40.43333333333333,0.1542263992488159,34.272533166403534,0.4064528741906492,0.36831551490034775,0.9669549038644272,0.14275618940186763,0.9718133669727098,0.7711319962440795,0.7316151735431685,0.0,0.1141778096191078,1.353736865410198,0.07137809470093381,59.27089725166557,31.368409067553717,6.31865374193376,0.0,8.42487165591168
40.46666666666667,0.15416941686769617,34.25987041504359,0.4063027011158893,0.36817943252311147,0.9665976408204481,0.1427034449454625,0.9714543088612333,0.7708470843384808,0.7313448620086007,0.0,0.11413562408216456,1.3532366971486272,0.07135172247273125,59.24899829744662,31.387577023454558,6.322508689718752,0.0,8.43001158629167
40.5,0.15411245553878852,34.24721234195301,0.40615258352275996,0.36804340042168004,0.9662405097677479,0.1426507199755629,0.9710953834042259,0.7705622776939426,0.731074650340968,0.0,0.1140934541307208,1.352736713674847,0.07132535998778144,59.22710743382374,31.40673789773008,6.326362213288456,0.0,8.435149617717942
40.53333333333333,0.15405551525441458,34.23455894542546,0.40600252139102533,0.3679074185777161,0.9658835106581855,0.1425980144850614,0.9707365905533044,0.7702775762720728,0.7308045385038456,0.0,0.11405129975909199,1.3522369149214595,0.0712990072425307,59.20522465784604,31.42589169296317,6.330214313162328,0.0,8.440285750883104
40.56666666666666,0.1539985960068959,34.22191022375464,0.40585251470044953,0.3677714869728826,0.9655266434436195,0.14254532846685072,0.9703779302600853,0.7699929800344794,0.7305345264608092,0.0,0.1140091609615936,1.3517373008210671,0.07127266423342536,59.18334996656261,31.44503841173673,6.334064989859823,0.0,8.445419986479765
40.6,0.15394169778855404,34.209266175234234,0.4057025634307966,0.3676356055888423,0.9651699080759083,0.1424926619138235,0.9700194024761856,0.7697084889427702,0.7302646141754339,0.0,0.1139670377325411,1.3512378713062716,0.07124633095691175,59.16148335702256,31.464178056633646,6.3379142439004,0.0,8.450552325200533
40.63333333333333,0.1538848205917107,34.196626798157936,0.40555266756183067,0.36749977440725806,0.964813304506911,0.14244001481887242,0.9696610071532219,0.7694241029585535,0.7299948016112953,0.0,0.11392493006625,1.3507386263096754,0.07122000740943621,59.139624826275,31.483310630236808,6.341762075803512,0.0,8.455682767738017
40.666666666666664,0.15382796440868743,34.18399209081943,0.4054028270733159,0.36736399340979276,0.964456832688486,0.14238738717489013,0.969302744242811,0.7691398220434371,0.7297250887319686,0.0,0.11388283795703576,1.3502395657638804,0.07119369358744507,59.117774371369045,31.502436135129106,6.345608486088617,0.0,8.460811314784824
40.7,0.1537711292318058,34.1713620515124,0.40525304194501627,0.36722826257810914,0.9641004925724919,0.14233477897476926,0.9689446136965697,0.768855646159029,0.7294554755010293,0.0,0.11384076139921384,1.3497406896014885,0.07116738948738463,59.09593198935379,31.521554573893436,6.34945347527517,0.0,8.465937967033561
40.733333333333334,0.15371431505338745,34.158736678530545,0.40510331215669604,0.3670925818938702,0.9637442841107874,0.14228219021140254,0.9685866154661146,0.7685715752669372,0.7291859618820529,0.0,0.11379870038709976,1.3492419977551022,0.07114109510570127,59.07409767727833,31.540665949112682,6.353297043882627,0.0,8.471062725176836
40.766666666666666,0.153657521865754,34.14611597016755,0.40495363768811926,0.3669569513387386,0.9633882072552311,0.14222962087768254,0.9682287495030627,0.7682876093287698,0.7289165478386147,0.0,0.11375665491500897,1.3487434901573234,0.07111481043884127,59.052271432191795,31.55977026336974,6.357139192430444,0.0,8.476185589907258
40.8,0.15360074966122694,34.1334999247171,0.40480401851905,0.36682137089437733,0.9630322619576815,0.142177070966502,0.9678710157590306,0.7680037483061347,0.72864723333429,0.0,0.11371462497725697,1.348245166740754,0.071088535483251,59.03045325114328,31.5788675192475,6.3609799214380764,0.0,8.481306561917437
40.833333333333336,0.15354399843212796,34.120888540472876,0.4046544546292524,0.36668584054244907,0.9626764481699976,0.1421245404707535,0.967513414185635,0.7677199921606398,0.7283780183326544,0.0,0.11367261056815921,1.3477470274379966,0.07106227023537676,59.00864313118188,31.59795771932885,6.364819231424983,0.0,8.486425641899977
40.86666666666667,0.15348726817077865,34.10828181572859,0.40450494599849063,0.3665503602646168,0.9623207658440378,0.1420720293833298,0.9671559447344926,0.7674363408538932,0.7281089027972831,0.0,0.1136306116820312,1.3472490721816528,0.0710360146916649,58.98684106935671,31.617040866196685,6.368657122910617,0.0,8.49154283054749
40.9,0.1534305588695006,34.09567974877792,0.40435549260652864,0.3664149300425433,0.9619652149316607,0.1420195376971235,0.9667986073572206,0.7671527943475029,0.7278398866917516,0.0,0.11358862831318842,1.3467513009043248,0.07100976884856175,58.965047062716884,31.636116962433892,6.372493596414434,0.0,8.496658128552578
40.93333333333333,0.1533738705206154,34.08308233791454,0.4042060944331307,0.36627954985789135,0.961609795384725,0.14196706540502727,0.9664414020054353,0.766869352603077,0.7275709699796353,0.0,0.11354666045594632,1.346253713538615,0.07098353270251363,58.943261108311496,31.655186010623364,6.376328652455891,0.0,8.501771536607855
40.96666666666667,0.15331720311644462,34.070489581432135,0.40405675145806086,0.36614421969232386,0.9612545071550894,0.14191461249993373,0.9660843286307534,0.7665860155822231,0.7273021526245096,0.0,0.11350470810462039,1.345756310017125,0.07095730624996686,58.92148320318965,31.674248013347995,6.380162291554446,0.0,8.506883055405929
41.0,0.15326055664930993,34.05790147762443,0.4039074636610832,0.36600893952750363,0.9608993501946126,0.1418621789747356,0.965727387184792,0.7663027832465495,0.7270334345899498,0.0,0.11346277125352612,1.3452590902724575,0.0709310894873678,58.89971334440047,31.69330297319067,6.383994514229552,0.0,8.511992685639402
41.03333333333333,0.15320393111153285,34.04531802478508,0.4037582310219619,0.36587370934509356,0.9605443244551529,0.14180976482232552,0.9653705776191677,0.7660196555576643,0.7267648158395315,0.0,0.113420849896979,1.344762054237214,0.07090488241116276,58.87795152899304,31.712350892734282,6.387825321000666,0.0,8.517100428000889
41.06666666666666,0.15314732649543503,34.032739221207784,0.40360905352046095,0.36573852912675636,0.9601894298885695,0.14175737003559613,0.9650138998854972,0.765736632477175,0.7264962963368298,0.0,0.11337894402929448,1.3442652018439971,0.07087868501779807,58.85619775401648,31.731391774561725,6.391654712387244,0.0,8.522206283182992
41.1,0.15309074279333804,34.020165065186234,0.4034599311363446,0.365603398854155,0.9598346664467203,0.14170499460744013,0.9646573539353972,0.7654537139666902,0.7262278760454203,0.0,0.11333705364478805,1.3437685330254083,0.07085249730372006,58.834452016519876,31.75042562125589,6.395482688908744,0.0,8.527310251878324
41.13333333333333,0.1530341799975635,34.00759555501411,0.40331086384937687,0.36546831850895223,0.9594800340814645,0.14165263853075014,0.9643009397204847,0.7651708999878174,0.7259595549288784,0.0,0.1132951787377752,1.3432720477140503,0.07082631926537507,58.81271431355236,31.76945243539966,6.399309251084618,0.0,8.53241233477949
41.14290305587176,0.15301794515121733,34.00398781138163,0.40326807804881626,0.3654295472880689,0.9593782462917971,0.14163761111124745,0.9641986404982582,0.7650897257560866,0.7258825404878693,0.0,0.11328315965930137,1.3431295448085159,0.07081880555562373,58.80647508398877,31.774913576417376,6.400407563996995,0.0,8.533876751995994
41.166666666666664,0.15297763810043297,33.9950306889851,0.40316185163932183,0.36533328807281096,0.9591255327446608,0.14160030179841884,0.9639446571923763,0.7648881905021648,0.7256913329507794,0.0,0.1132533193025714,1.3427757458425251,0.07080015089920942,58.79098464216303,31.788472219575933,6.403134399434324,0.0,8.5375125325791
41.2,0.1529211170942681,33.982470465392915,0.4030128944859437,0.36519830752739396,0.9587711623881674,0.1415479844033389,0.9635885063026886,0.7646055854713404,0.7254232100746987,0.0,0.11321147533349213,1.3422796273434343,0.07077399220166945,58.76926299940098,31.8074849763676,6.40695813447732,0.0,8.54261084596976
41.233333333333334,0.15286461697139042,33.96991488253121,0.40286399236900655,0.36506337685436413,0.9584169229638434,0.14149568633840295,0.9632324870030388,0.7643230848569521,0.7251551862642118,0.0,0.11316964682485288,1.3417836921493806,0.07074784316920148,58.747549382315334,31.82649070835755,6.410780456733058,0.0,8.547707275644079
41.266666666666666,0.1528081377241216,33.95736393869369,0.40271514526827445,0.36492849603538424,0.9580628144235469,0.1414434075965037,0.9628765992450431,0.764040688620608,0.7248872614828941,0.0,0.11312783377096912,1.3412879401929656,0.07072170379825185,58.72584378795518,31.845489418128672,6.414601366720998,0.0,8.552801822294665
41.3,0.15275167934478323,33.94481763217405,0.4025663531635116,0.3647936650521172,0.9577088367191372,0.14139114817053375,0.9625208429803186,0.7637583967239161,0.7246194356943209,0.0,0.11308603616615633,1.340792371406792,0.07069557408526687,58.70414621336963,31.86448110826386,6.418420864960593,0.0,8.557894486614124
41.333333333333336,0.15269524182569683,33.932275961265965,0.4024176160344819,0.3646588838862257,0.9573549898024722,0.14133890805338578,0.962165218160482,0.7634762091284841,0.7243517088620675,0.0,0.11304425400472996,1.340296985723461,0.07066945402669289,58.682456655607794,31.883465781346008,6.422238951971301,0.0,8.56298526929507
41.36666666666667,0.15263882515918412,33.919738924263136,0.4022689338609497,0.36452415251937276,0.9570012736254111,0.14128668723795249,0.96180972473715,0.7631941257959205,0.7240840809497094,0.0,0.11300248728100555,1.3398017830755755,0.07064334361897624,58.66077511171878,31.902443439958,6.426055628272576,0.0,8.568074171030101
41.4,0.15258242933756658,33.907206519459244,0.40212030662267895,0.3643894709332211,0.9566476881398125,0.1412344857171265,0.9614543626619394,0.7629121466878328,0.7238165519208222,0.0,0.11296073598929854,1.3393067633957374,0.07061724285856325,58.639101578751685,31.921414086682727,6.429870894383876,0.0,8.573161192511835
41.43333333333333,0.15252605435316588,33.89467874514798,0.40197173429943395,0.3642548391094336,0.9562942332975349,0.14118230348380045,0.9610991318864669,0.7626302717658293,0.7235491217389811,0.0,0.11291900012392442,1.3388119266165488,0.07059115174190023,58.61743605375562,31.940377724103083,6.433684750824655,0.0,8.578246334432874
41.46666666666667,0.15246970019830355,33.88215559962301,0.40182321687097855,0.3641202570296731,0.9559409090504368,0.14113014053086706,0.9607440323623492,0.7623485009915177,0.7232817903677614,0.0,0.11287727967919865,1.3383172726706114,0.07056507026543353,58.59577853377968,31.959334354801964,6.437497198114372,0.0,8.583329597485829
41.5,0.15241336686530127,33.86963708117806,0.401674754317077,0.3639857246756024,0.955587715350377,0.14107799685121894,0.9603890640412033,0.7620668343265063,0.7230145577707386,0.0,0.11283557464943675,1.3378228014905278,0.07053899842560947,58.57412901587299,31.978283981362253,6.441308236772479,0.0,8.588410982363307
41.53333333333333,0.1523570543464806,33.85712318810681,0.4015263466174934,0.36385124202888436,0.9552346521492141,0.14102587243774878,0.9600342268746457,0.7617852717324031,0.7227474239114882,0.0,0.11279388502895416,1.3373285130088997,0.07051293621887439,58.55248749708464,31.99722660636684,6.4451178673184355,0.0,8.593490489757913
41.56666666666666,0.15230076263416314,33.84461391870292,0.4013779937519919,0.36371680907118187,0.954881719398807,0.14097376728334923,0.9596795208142933,0.7615038131708157,0.7224803887535854,0.0,0.11275221081206638,1.3368344071583296,0.07048688364167462,58.53085397446375,32.01616223239862,6.448926090271695,0.0,8.59856812036226
41.6,0.15224449172067048,33.83210927126011,0.4012296957003365,0.36358242578415767,0.9545289170510138,0.14092168138091293,0.9593249458117626,0.7612224586033524,0.7222134522606057,0.0,0.11271055199308888,1.3363404838714192,0.07046084069045647,58.50922844505941,32.03509086204049,6.4527329061517165,0.0,8.603643874868956
41.63333333333333,0.15218824159832423,33.819609244072055,0.4010814524422914,0.36344809214947466,0.9541762450576936,0.1408696147233326,0.9589705018186709,0.7609412079916211,0.7219466143961245,0.0,0.11266890856633714,1.335846743080771,0.0704348073616663,58.48761090592074,32.054012497875334,6.456538315477952,0.0,8.608717753970604
41.666666666666664,0.152132012259446,33.807113835432446,0.4009332639576207,0.36331380814879566,0.9538237033707049,0.1408175673035008,0.9586161887866343,0.76066006129723,0.7216798751237172,0.0,0.11262728052612665,1.3353531847189868,0.0704087836517504,58.46600135409683,32.07292714248604,6.46034231876986,0.0,8.613789758359815
41.7,0.15207580369635734,33.79462304363497,0.4007851302260884,0.36317957376378346,0.9534712919419062,0.14076553911431028,0.95826200666727,0.7603790184817867,0.7214132344069591,0.0,0.11258566786677288,1.3348598087186685,0.07038276955715514,58.4443997866368,32.0918347984555,6.464144916546897,0.0,8.618859888729197
41.733333333333334,0.1520196159013799,33.78213686697332,0.4006370512274588,0.363045388976101,0.9531190107231563,0.14071353014865368,0.9579079554121945,0.7600980795068994,0.7211466922094258,0.0,0.11254407058259132,1.3343666150124187,0.07035676507432684,58.42280620058975,32.110735468366606,6.467946109328518,0.0,8.623928145771357
41.766666666666666,0.15196344886683524,33.76965530374117,0.40048902694149585,0.36291125376741107,0.9527668596663139,0.14066154039942363,0.9575540349730248,0.7598172443341762,0.7208802484946926,0.0,0.11250248866789743,1.3338736035328393,0.07033077019971182,58.40122059300479,32.12962915480225,6.471745897634179,0.0,8.628994530178906
41.8,0.15190730258504498,33.757178352232216,0.40034105734796377,0.3627771681193765,0.9524148387232376,0.14060956985951284,0.9572002453013775,0.7595365129252248,0.7206139032263348,0.0,0.11246092211700671,1.3333807742125325,0.07030478492975642,58.379642960931015,32.14851586034533,6.475544281983335,0.0,8.634059042644447
41.833333333333336,0.1518511770483307,33.74470601074016,0.4001931424266265,0.36264313201366005,0.9520629478457857,0.1405576185218139,0.9568465863488693,0.7592558852416534,0.7203476563679277,0.0,0.11241937092423461,1.3328881269841,0.07027880926090695,58.35807330141754,32.16739558757873,6.479341262895445,0.0,8.639121683860592
41.86666666666667,0.151795072249014,33.73223827755867,0.4000452821572483,0.3625091454319247,0.9517111869858174,0.14050568637921954,0.956493058067117,0.75897536124507,0.720081507883047,0.0,0.11237783508389665,1.3323956617801442,0.07025284318960977,58.33651161151347,32.18626833908534,6.483136840889961,0.0,8.644182454519948
41.9,0.15173898817941653,33.719775150981455,0.39989747651959334,0.36237520835583314,0.951359556095191,0.14045377342462237,0.9561396604077376,0.7586949408970826,0.719815457735268,0.0,0.11233631459030828,1.3319033785332672,0.07022688671231118,58.31495788826792,32.20513411744804,6.486931016486341,0.0,8.649241355315123
41.93333333333333,0.15168292483185983,33.707316629302184,0.3997497254934256,0.3622413207670484,0.9510080551257651,0.14040187965091508,0.9557863933223475,0.7584146241592991,0.719549505888166,0.0,0.112294809437785,1.331411277176071,0.07020093982545754,58.293412128729976,32.223992925249746,6.490723790204043,0.0,8.654298386938724
41.96666666666667,0.1516268821986655,33.694862710814554,0.3996020290585091,0.36210748264723314,0.9506566840293985,0.14035000505099032,0.9554332567625634,0.7581344109933273,0.7192836523053164,0.0,0.11225331962064226,1.3309193576411578,0.07017500252549516,58.271874329948744,32.24284476507333,6.494515162562521,0.0,8.659353550083361
42.0,0.15157086027215516,33.68241339381226,0.3994543871946082,0.36197369397805024,0.9503054427579497,0.14029814961774076,0.9550802506800025,0.7578543013607757,0.7190178969502947,0.0,0.11221184513319557,1.3304276198611296,0.07014907480887038,58.250344488973354,32.26168963950169,6.498305134081229,0.0,8.66440684544164
42.03333333333333,0.15151485904465037,33.66996867658897,0.39930679988148676,0.36183995474116254,0.9499543312632776,0.14024631334405904,0.9547273750262811,0.7575742952232518,0.7187522397866762,0.0,0.11217038596976038,1.3299360637685884,0.07012315667202952,58.22882260285289,32.280527551117714,6.502093705279626,0.0,8.66945827370617
42.06666666666666,0.15145887850847278,33.6575285574384,0.3991592670989091,0.36170626491823293,0.9496033494972406,0.14019449622283783,0.9543746297530162,0.7572943925423639,0.7184866807780363,0.0,0.1121289421246522,1.3294446892961367,0.07009724811141892,58.207308668636465,32.2993585025043,6.505880876677168,0.0,8.674507835569557
42.1,0.15140291865594394,33.64509303465421,0.3990117888266392,0.36157262449092414,0.9492524974116973,0.14014269824696976,0.9540220148118246,0.7570145932797196,0.7182212198879505,0.0,0.11208751359218648,1.328953496376376,0.07007134912348488,58.18580268337318,32.318182496244326,6.509666648793309,0.0,8.679555531724413
42.13333333333333,0.1513469794793855,33.63266210653011,0.39886436504444117,0.36143903344089917,0.9489017749585064,0.14009091940934756,0.9536695301543228,0.7567348973969275,0.7179558570799941,0.0,0.11204610036667874,1.3284624849419089,0.07004545970467378,58.16430464411215,32.33699953492069,6.513451022147506,0.0,8.684601362863342
42.166666666666664,0.15129106097111902,33.62023577135979,0.3987169957320792,0.3613054917498207,0.9485511820895267,0.14003915970286385,0.9533171757321279,0.7564553048555951,0.7176905923177426,0.0,0.11200470244244441,1.3279716549253373,0.07001957985143192,58.14281454790248,32.355809621116286,6.517233997259216,0.0,8.689645329678955
42.2,0.1512351631234661,33.60781402743691,0.39856968086931727,0.3611719993993516,0.9482007187566167,0.13998741912041127,0.9529649514968563,0.7561758156173305,0.7174254255647711,0.0,0.11196331981379899,1.3274810062592632,0.06999370956020563,58.12133239179327,32.374612757414006,6.521015574647894,0.0,8.694687432863859
42.233333333333334,0.15117928592874835,33.59539687305519,0.39842242043591963,0.3610385563711548,0.947850384911635,0.1399356976548825,0.9526128574001249,0.7558964296437417,0.7171603567846554,0.0,0.11192195247505798,1.3269905388762888,0.06996784882744125,58.09985817283362,32.39340894639673,6.524795754832995,0.0,8.69972767311066
42.266666666666666,0.15112342937928736,33.5829843065083,0.3982752144116503,0.36090516264689304,0.9475001805064404,0.13988399529917023,0.9522608933935506,0.7556171468964368,0.7168953859409706,0.0,0.11188060042053684,1.3265002527090164,0.06994199764958511,58.07839188807265,32.41219819064736,6.528574538333976,0.0,8.704766051111969
42.3,0.15106759346740473,33.57057632608994,0.39812806277627344,0.3607718182082292,0.9471501054928912,0.13983231204616708,0.9519090594287498,0.7553379673370236,0.7166305129972922,0.0,0.11183926364455105,1.3260101476900477,0.06991615602308354,58.056933534559455,32.43098049274878,6.5323519256702935,0.0,8.709802567560391
42.333333333333336,0.15101177818542208,33.5581729300938,0.3979809655095531,0.36063852303682603,0.9468001598228465,0.1397806478887657,0.9515573554573397,0.7550588909271103,0.7163657379171956,0.0,0.11179794214141607,1.325520223751985,0.06989032394438285,58.03548310934315,32.44975585528389,6.536127917361404,0.0,8.714837223148539
42.36666666666667,0.15095598352566097,33.54577411681355,0.3978339225912535,0.3605052771143465,0.9464503434481647,0.13972900281985878,0.9512057814309367,0.7547799176283048,0.7161010606642563,0.0,0.11175663590544742,1.3250304808274305,0.06986450140992939,58.01404060947283,32.46852428083557,6.539902513926761,0.0,8.719870018569015
42.4,0.150900209480443,33.53337988454289,0.3976869340011386,0.36037208042245344,0.9461006563207044,0.139677376832339,0.9508543373011576,0.7545010474022149,0.7158364812020495,0.0,0.11171534493096057,1.324540918848986,0.0698386884161695,57.99260603199761,32.48728577198671,6.543675715885823,0.0,8.72490095451443
42.43109048980974,0.15084820678276611,33.52182372950358,0.39754988453334716,0.3602478902678213,0.9457746144512337,0.13962924170764485,0.9505266572349228,0.7542410339138306,0.7155897921600249,0.0,0.1116768459830246,1.324084460231727,0.06981462085382242,57.972620824757946,32.50477864252332,6.547193780246836,0.0,8.729591706995782
42.43333333333333,0.1508444560420898,33.52099023157551,0.3975399997189726,0.36023893294280956,0.9457510983923243,0.13962576991909895,0.9505030230196194,0.7542222802104489,0.7155719994941506,0.0,0.11167406921227097,1.3240515377492539,0.06981288495954947,57.97117937396659,32.506040331320214,6.547447523758044,0.0,8.729930031677393
42.46666666666667,0.15078872320292291,33.50860515620509,0.3973931197245195,0.36010583465707774,0.9454016696148829,0.13957418207303135,0.9501518385379386,0.7539436160146146,0.7153076155041351,0.0,0.1116328087436941,1.323562337460836,0.06978709103651567,57.94976063242888,32.52478796141897,6.551217938062883,0.0,8.73495725075051
42.5,0.15073301095526404,33.49622465672534,0.39724629399754363,0.35997278554692097,0.9450523699402392,0.13952261328702883,0.949800783807732,0.7536650547763201,0.7150433291955786,0.0,0.1115915635195455,1.3230733179163348,0.06976130664351442,57.92834980443358,32.54352866486586,6.554986959319792,0.0,8.73998261242639
42.53333333333333,0.15067731929143466,33.48384873142993,0.3970995225178089,0.35983978559400187,0.9447031993202516,0.1394710635539841,0.9494498587806165,0.7533865964571732,0.714779140532056,0.0,0.11155033353414058,1.322584479048352,0.06973553177699204,57.906946887029804,32.56226244424377,6.558754588048229,0.0,8.74500611739764
42.56666666666666,0.15062164820375643,33.47147737861254,0.39695280526507953,0.3597068347799834,0.9443541577067786,0.13941953286678974,0.9490990634082088,0.753108241018782,0.7145150494771432,0.0,0.11150911878179486,1.32209582078949,0.06970976643339487,57.88555187726666,32.58098930213561,6.562520824767651,0.0,8.750027766356869
42.6,0.15056599768455092,33.45911059656687,0.3968061422191195,0.35957393308652835,0.944005245051679,0.13936802121833847,0.9487483976421254,0.7528299884227546,0.7142510559944151,0.0,0.11146791925682378,1.3216073430723505,0.06968401060916923,57.86416477219323,32.599709241124266,6.566285669997513,0.0,8.755047559996685
42.63333333333333,0.1505103677261398,33.44674838358662,0.39665953335969306,0.3594410804952996,0.9436564613068116,0.1393165286015229,0.9483978614339833,0.7525518386306989,0.7139871600474476,0.0,0.11142673495354287,1.321119045829536,0.06965826430076145,57.842785568858645,32.61842226379262,6.570049124257271,0.0,8.760065499009695
42.666666666666664,0.15045475832084457,33.43439073796546,0.3965129786665642,0.3593082769879599,0.9433078064240347,0.13926505500923578,0.9480474547353993,0.7522737916042228,0.7137233615998156,0.0,0.11138556586626758,1.3206309289936484,0.06963252750461789,57.821414264312004,32.63712837272356,6.57381118806638,0.0,8.765081584088508
42.7,0.1503991694609869,33.42203765799709,0.39636647811949716,0.3591755225461722,0.942959280355207,0.13921360043436967,0.9476971774979899,0.7519958473049344,0.7134596606150949,0.0,0.11134441198931339,1.3201429924972898,0.06960680021718484,57.80005085560241,32.65582757049999,6.577571861944299,0.0,8.770095815925732
42.733333333333334,0.15034360113888834,33.409689141975186,0.3962200316982559,0.3590428171515993,0.9426108830521875,0.13916216486981728,0.9473470296733721,0.7517180056944417,0.7131960570568607,0.0,0.11130327331699578,1.3196552362730625,0.06958108243490864,57.77869533977897,32.67451985970479,6.581331146410481,0.0,8.775108195213974
42.766666666666666,0.15028805334687054,33.397345188193455,0.39607363938260476,0.358910160785904,0.9422626144668346,0.13911074830847125,0.9469970112131627,0.7514402667343526,0.7129325508886886,0.0,0.11126214984363024,1.3191676602535682,0.06955537415423563,57.757347713890795,32.69320524292086,6.585089041984382,0.0,8.780118722645843
42.8,0.15023252609114815,33.38500579803292,0.3959273011889219,0.358777553463928,0.9419144746381126,0.13905935075608414,0.9466471221565215,0.7511626304557407,0.7126691421400594,0.0,0.11122104157381768,1.3186802644933575,0.06952967537804207,57.73600798032625,32.71188371805766,6.588845548245569,0.0,8.78512739766076
42.833333333333336,0.1501770193620979,33.37267096935509,0.3957810170918459,0.35864499516268933,0.9415664635056863,0.13900797220374828,0.9462973624428103,0.7508850968104894,0.7124058307653226,0.0,0.1111799485004337,1.3181930489079607,0.06950398610187414,57.714676135387,32.73055528835235,6.592600665845075,0.0,8.790134221126769
42.86666666666667,0.1501215331385062,33.36034069744583,0.39563478703546984,0.35851248583152695,0.9412185809365526,0.13895661263182785,0.9459477319383578,0.750607665692531,0.7121426166638457,0.0,0.11113887060777335,1.3177060133111735,0.06947830631591392,57.69335217092044,32.7492199609408,6.59635439621803,0.0,8.795139194957374
42.9,0.1500660674129308,33.34801498065129,0.3954886110001801,0.35838002545266745,0.9408708268840507,0.13890527203343406,0.9455982305962686,0.7503303370646539,0.7118794998003243,0.0,0.1110978078903269,1.3172191576376708,0.06945263601671703,57.67203608406642,32.767877738326476,6.600106739867916,0.0,8.80014231982389
42.93333333333333,0.15001062217792938,33.33569381731764,0.39534248896636315,0.3582476140083376,0.9405232013015195,0.13885395040167808,0.9452488583696472,0.7500531108896468,0.7116164801394537,0.0,0.11105676034258466,1.316732481822127,0.06942697520083904,57.65072787196478,32.786528623012856,6.603857697298214,0.0,8.80514359639762
42.96666666666667,0.14995519742605962,33.323377205791026,0.39519642091440516,0.3581152514807642,0.9401757041422979,0.13880264772967119,0.9448996152115982,0.749775987130298,0.7113535576459293,0.0,0.11101572795903689,1.316245985799217,0.06940132386483559,57.629427531755375,32.8051726175034,6.60760726901241,0.0,8.81014302534988
43.0,0.1498997931498793,33.311065144417626,0.3950504068246927,0.3579829378521738,0.9398283353597253,0.13875136401052457,0.9445505010752262,0.7494989657493965,0.711090732284447,0.0,0.11097471073417388,1.3157596695036153,0.06937568200526228,57.60813506057805,32.823809724301576,6.611355455513983,0.0,8.815140607351978
43.03333333333333,0.1498444093419461,33.29875763154358,0.3949044466776121,0.35785067310479324,0.9394810949071406,0.13870009923734944,0.9442015159136361,0.7492220467097305,0.7108280040197018,0.0,0.1109337086624859,1.3152735328699967,0.06935004961867472,57.586850455572666,32.84243994591084,6.615102257306415,0.0,8.820136343075221
43.06666666666666,0.14978904599481777,33.28645466551506,0.3947585404535498,0.3577184572208493,0.9391339827378825,0.13864885340325703,0.943852659679932,0.7489452299740889,0.7105653728163897,0.0,0.11089272173846328,1.3147875758330354,0.06932442670162851,57.565573713879054,32.86106328483466,6.61884767489319,0.0,8.82513023319092
43.1,0.149733703101052,33.274156244678224,0.394612688132892,0.35758629018256854,0.9387869988052905,0.13859762650135857,0.9435039323272186,0.7486685155052599,0.7103028386392056,0.0,0.11085174995659625,1.3143017983274066,0.06929881325067928,57.54430483263707,32.8796797435765,6.62259170877779,0.0,8.830122278370387
43.13333333333333,0.1496783806532065,33.26186236737922,0.3944668896960253,0.3574541719721778,0.9384401430627034,0.13854641852476524,0.9431553338086008,0.7483919032660324,0.7100404014528455,0.0,0.11081079331137512,1.3138162002877847,0.06927320926238262,57.523043808986564,32.898289324639826,6.626334359463696,0.0,8.835112479284929
43.166666666666664,0.149623078643839,33.249573031964225,0.39432114512333594,0.35732210257190383,0.9380934154634603,0.1384952294665883,0.9428068640771828,0.748115393219195,0.7097780612220047,0.0,0.11076985179729018,1.3133307816488442,0.06924761473329415,57.501790640067384,32.9168920305281,6.630075627454391,0.0,8.840100836605856
43.2,0.1495677970655072,33.237288236779385,0.39417545439521035,0.3571900819639732,0.9377468159609001,0.13844405931993892,0.9424585230860695,0.747838985327536,0.7095158179113786,0.0,0.1107289254088317,1.31284554234526,0.06922202965996946,57.48054532301938,32.9354878637448,6.633815513253358,0.0,8.845087351004478
43.233333333333334,0.14951253591076888,33.22500798017086,0.3940298174920349,0.3570581101306128,0.9374003445083618,0.13839290807792837,0.9421103107883652,0.7475626795538444,0.7092536714856629,0.0,0.11068801414048997,1.3123604823117065,0.06919645403896418,57.45930785498239,32.95407682679337,6.637554017364078,0.0,8.850072023152105
43.266666666666666,0.14945729517218168,33.21273226048482,0.39388423439419595,0.35692618705404927,0.9370540010591849,0.13834177573366782,0.9417622271371746,0.7472864758609084,0.7089916219095528,0.0,0.11064711798675528,1.3118756014828588,0.06917088786683391,57.438078233096284,32.97265892217728,6.641291140290033,0.0,8.855054853720045
43.3,0.14940207484230333,33.200461076067405,0.39373870508208003,0.35679431271650935,0.9367077855667081,0.13829066228026854,0.9414142720856025,0.7470103742115166,0.708729669147744,0.0,0.1106062369421179,1.3113908997933912,0.06914533114013427,57.416856454500895,32.991234152400004,6.645026882534706,0.0,8.86003584337961
43.333333333333336,0.14934687491369156,33.18819442526479,0.3935932295360733,0.3566624871002197,0.9363616979842702,0.1382395677108417,0.941066445586753,0.7467343745684578,0.7084678131649319,0.0,0.1105653710010681,1.310906377177978,0.06911978385542085,57.39564251633607,33.009802519965,6.64876124460158,0.0,8.865014992802108
43.36666666666667,0.14929169537890408,33.17593230642313,0.39344780773656224,0.3565307101874071,0.9360157382652105,0.13818849201849853,0.9407187475937311,0.7464584768945204,0.708206053925812,0.0,0.1105245201580962,1.3104220335712946,0.06909424600924927,57.37443641574166,33.02836402737574,6.652494226994135,0.0,8.869992302658849
43.4,0.14923653623049865,33.16367471788859,0.3933024396639333,0.3563989819602983,0.9356699063628681,0.13813743519635024,0.9403711780596413,0.7461826811524932,0.7079443913950799,0.0,0.11048368440769248,1.3099378689080152,0.06906871759817512,57.353238149857525,33.046918677135665,6.656225830215855,0.0,8.874967773621142
43.43333333333333,0.1491813974610329,33.15142165800731,0.3931571252985728,0.35626730240112003,0.9353242022305818,0.1380863972375081,0.9400237369375882,0.7459069873051645,0.707682825537431,0.0,0.11044286374434721,1.3094538831228144,0.06904319861875405,57.33204771582351,33.065466471748266,6.659956054770222,0.0,8.879941406360297
43.46666666666667,0.1491262790630646,33.13917312512547,0.393011864620867,0.35613567149209885,0.9349786258216909,0.13803537813508326,0.9396764241806761,0.745631395315323,0.7074213563175606,0.0,0.11040205816255065,1.308970076150367,0.06901768906754163,57.31086511077944,33.084007413717,6.663684901160718,0.0,8.884913201547626
43.5,0.14907118102915148,33.12692911758922,0.3928666576112025,0.3560040892154617,0.9346331770895342,0.13798437788218698,0.9393292397420101,0.7453559051457573,0.7071599837001645,0.0,0.11036126765679313,1.3084864479253477,0.06899218894109349,57.289690331865195,33.10254150554533,6.667412369890825,0.0,8.889883159854435
43.53333333333333,0.14901610335185123,33.11468963374472,0.3927215042499656,0.3558725555534352,0.9342878559874508,0.13793339647193045,0.9389821835746943,0.7450805167592561,0.7068987076499381,0.0,0.11032049222156493,1.308002998382431,0.06896669823596523,57.26852337622061,33.12106874973672,6.671138461464025,0.0,8.894851281952036
43.56666666666666,0.14896104602372157,33.102454671938126,0.3925764045175426,0.3557410704882461,0.9339426624687799,0.1378824338974249,0.9386352556318335,0.7448052301186078,0.7066375281315768,0.0,0.1102797318513563,1.3075197274562917,0.06894121694871246,57.247364240985526,33.139589148794634,6.674863176383801,0.0,8.899817568511736
43.6,0.14890600903732018,33.090224230515595,0.39243135839432003,0.3556096340021211,0.9335975964868602,0.13783149015178156,0.9382884558665323,0.7445300451866009,0.706376445109776,0.0,0.11023898654065753,1.3070366350816043,0.06891574507589078,57.226212923299805,33.15810270522253,6.678586515153636,0.0,8.904782020204848
43.63333333333333,0.14885099238520486,33.0779983078233,0.3922863658606841,0.35547824607728684,0.933252657995031,0.13778056522811163,0.9379417842318952,0.7442549619260242,0.7061154585492314,0.0,0.11019825628395892,1.3065537211930434,0.06889028261405582,57.20506942030329,33.17660942152389,6.68230847827701,0.0,8.909744637702682
43.666666666666664,0.14879599605993327,33.065776902207396,0.39214142689702136,0.3553469066959702,0.9329078469466314,0.13772965911952634,0.937595240681027,0.7439799802996663,0.7058545684146385,0.0,0.11015754107575076,1.306070985725284,0.06886482955976317,57.18393372913584,33.19510930020216,6.686029066257406,0.0,8.914705421676542
43.7,0.1487410200540631,33.053560012014024,0.39199654148371804,0.3552156158403978,0.9325631632950002,0.1376787718191369,0.9372488251670319,0.7437051002703154,0.7055937746706925,0.0,0.11011684091052332,1.3055884286130002,0.06883938590956845,57.162805846937275,33.213602343760826,6.689748279598308,0.0,8.919664372797744
43.733333333333334,0.14868606436015214,33.04134763558937,0.3918517096011606,0.35508437349279637,0.9322186069934766,0.13762790332005453,0.9369025376430148,0.7434303218007606,0.7053330772820892,0.0,0.11007615578276687,1.305106049790867,0.06881395166002727,57.141685770847474,33.232088554703324,6.693466118803195,0.0,8.924621491737595
43.75961117059484,0.14864275516981554,33.03172337107012,0.3917375712631269,0.3549809447230369,0.9319470708999003,0.1375878151444332,0.9366296372168434,0.7432137758490777,0.7051276282736285,0.0,0.11004409286414144,1.3047258992598603,0.0687939075722166,57.125041573855285,33.246657069289064,6.696396053707232,0.0,8.928528071609643
43.766666666666666,0.14863112897075806,33.029139771279574,0.3917069312297355,0.3549531796353927,0.9318741779953994,0.13757705361539044,0.9365563780620801,0.7431556448537903,0.7050724762135239,0.0,0.11003548568697173,1.3046238491935591,0.06878852680769522,57.12057349800627,33.25056793553314,6.697182584375551,0.0,8.929576779167403
43.8,0.14857621387843856,33.01693641743079,0.39156220634982897,0.3548220342504135,0.9315298762541079,0.13752622269825587,0.9362103463773327,0.7428810693921928,0.7048119714296922,0.0,0.10999483061762817,1.304141826755751,0.06876311134912794,57.099469025553525,33.26904048875373,6.700897676818859,0.0,8.93453023575848
43.833333333333336,0.1485213190757514,33.0047375723892,0.3914175349418275,0.35469093732008533,0.9311857017229409,0.137475410561762,0.9358644425418768,0.742606595378757,0.7045515628952895,0.0,0.10995419056922645,1.3036599824121171,0.068737705280881,57.07837235062907,33.28750621686857,6.704611396636601,0.0,8.939481862182136
43.86666666666667,0.14846644455525426,32.99254323450095,0.39127291698611744,0.35455988882663514,0.9308416543552377,0.13742461719902008,0.9355186665088171,0.7423322227762713,0.7042912505750114,0.0,0.10991356553625689,1.3031783160973327,0.06871230859951004,57.05728347037276,33.3059651223811,6.708323744332257,0.0,8.944431659109679
43.9,0.14841159030950488,32.98035340211219,0.3911283524630851,0.3544288887522895,0.9304977341043372,0.13737384260314134,0.9351730182312584,0.7420579515475244,0.7040310344335532,0.0,0.10987295551320975,1.302696827746072,0.06868692130157067,57.036202381924454,33.324417207794816,6.712034720409312,0.0,8.949379627212418
43.93333333333333,0.148356756331061,32.96816807356911,0.390983841353117,0.3542979370792752,0.9301539409235784,0.13732308676723695,0.9348274976623051,0.7417837816553049,0.7037709144356106,0.0,0.10983236049457532,1.3022155172930097,0.06866154338361848,57.01512908242399,33.34286247561315,6.715744325371246,0.0,8.954325767161663
43.96666666666667,0.14830194261248025,32.95598724721784,0.39083938363659937,0.35416703378981895,0.9298102747663002,0.13727234968441815,0.9344821047550617,0.7415097130624012,0.7035108905458789,0.0,0.10979178047484388,1.3017343846728202,0.06863617484220907,56.99406356901121,33.3613009283396,6.719452559721544,0.0,8.959270079628727
44.0,0.14824714914632042,32.94381092140454,0.3906949792939187,0.35403617886614747,0.9294667355858419,0.1372216313477962,0.9341368394626328,0.7412357457316021,0.7032509627290537,0.0,0.10975121544850572,1.3012534298201786,0.0686108156738981,56.973005838825976,33.37973256847761,6.723159423963686,0.0,8.964212565284916
44.03333333333333,0.1481923759251392,32.93163909447538,0.3905506283054614,0.35390537229048746,0.9291233233355425,0.13717093175048223,0.9337917017381233,0.740961879625696,0.7029911309498306,0.0,0.10971066541005112,1.3007726526697594,0.06858546587524111,56.95195588900814,33.398157398530635,6.726864918601154,0.0,8.96915322480154
44.06666666666666,0.14813762294149435,32.919471764776524,0.3904063306516138,0.3537746140450657,0.9287800379687409,0.13712025088558752,0.9334466915346374,0.7406881147074718,0.7027313951729048,0.0,0.10967013035397037,1.3002920531562372,0.06856012544279376,56.93091371669754,33.416575421002165,6.7305690441374315,0.0,8.97409205884991
44.1,0.1480828901879435,32.90730893065411,0.3902620863127622,0.3536439041121089,0.9284368794387761,0.1370695887462233,0.9331018088052798,0.7404144509397175,0.702471755362972,0.0,0.10962961027475375,1.2998116312142864,0.06853479437311165,56.90987931903402,33.43498663839565,6.734271801076001,0.0,8.979029068101335
44.13333333333333,0.14802817765704443,32.89515059045432,0.3901178952692931,0.35351324247384364,0.9280938476989874,0.13701894532550074,0.9327570535031552,0.7401408882852222,0.7022122114847276,0.0,0.10958910516689153,1.2993313867785823,0.06850947266275037,56.88885269315744,33.45339105321455,6.737973189920343,0.0,8.983964253227125
44.166666666666664,0.14797348534135488,32.882996742523304,0.38997375750159285,0.3533826291124969,0.9277509427027134,0.13696832061653108,0.9324124255813682,0.7398674267067743,0.7019527635028672,0.0,0.10954861502487404,1.2988513197837988,0.06848416030826554,56.867833836207645,33.47178866796234,6.74167321117394,0.0,8.988897614898589
44.2,0.14791881323343245,32.87084738520721,0.3898296729900478,0.35325206401029513,0.9274081644032937,0.13691771461242552,0.9320679249930232,0.7395940661671623,0.7016934113820861,0.0,0.1095081398431915,1.298371430164611,0.06845885730621276,56.84682274532448,33.49017948514249,6.745371865340277,0.0,8.993829153787036
44.233333333333334,0.147864161325835,32.85870251685222,0.38968564171504433,0.35312154714946525,0.9270655127540668,0.13686712730629533,0.9317235516912248,0.7393208066291749,0.7014341550870798,0.0,0.10946767961633423,1.2978917178556935,0.06843356365314766,56.8258194176478,33.508563507258444,6.749069152922832,0.0,8.998758870563778
44.266666666666666,0.14780952961112012,32.84656213580447,0.3895416636569689,0.35299107851223394,0.9267229877083719,0.13681655869125167,0.9313793056290778,0.7390476480556006,0.7011749945825441,0.0,0.10942723433879252,1.2974121827917207,0.06840827934562584,56.804823850317455,33.52694073681368,6.75276507442509,0.0,9.003686765900122
44.3,0.14775491808184563,32.83442624041014,0.3893977387962078,0.3528606580808279,0.9263805892195482,0.1367660087604058,0.9310351867596866,0.7387745904092281,0.7009159298331741,0.0,0.10938680400505664,1.2969328249073675,0.0683830043802029,56.78383604047328,33.545311176311664,6.756459630350533,0.0,9.008612840467379
44.333333333333336,0.14770032673056918,32.82229482901537,0.38925386711314747,0.3527302858374738,0.9260383172409347,0.13671547750686888,0.9306911950361557,0.7385016336528458,0.7006569608036655,0.0,0.10934638860961687,1.2964536441373085,0.06835773875343444,56.762855985255136,33.563674828255856,6.760152821202643,0.0,9.013537094936858
44.36666666666667,0.14764575554984852,32.81016789996634,0.3891100485881743,0.3525999617643984,0.9256961717258703,0.1366649649237522,0.93034733041159,0.7382287777492426,0.7003980874587137,0.0,0.1093059881469635,1.2959746404162182,0.0683324824618761,56.741883681802875,33.582031695149716,6.763844647484902,0.0,9.01845952997987
44.4,0.14759120453224134,32.798045451609184,0.3889662832016746,0.3524696858438285,0.925354152627694,0.13661447100416693,0.9300035928390937,0.7379560226612066,0.7001393097630143,0.0,0.10926560261158683,1.2954958136787715,0.06830723550208347,56.72091912725633,33.60038177949672,6.767535109700791,0.0,9.023380146267723
44.43333333333333,0.14753667367030537,32.785927482290084,0.38882257093403483,0.3523394580579907,0.9250122598997449,0.13656399574122433,0.9296599822717718,0.7376833683515268,0.6998806276812627,0.0,0.10922523199797712,1.2950171638596428,0.06828199787061216,56.69996231875537,33.61872508380032,6.771224208353794,0.0,9.028298944471727
44.46666666666667,0.1474821629565983,32.77381399035518,0.3886789117656413,0.3522092783891118,0.9246704934953621,0.13651353912803554,0.9293164986627286,0.7374108147829915,0.6996220411781543,0.0,0.10918487630062466,1.2945386908935068,0.06825676956401777,56.67901325343982,33.637061610564,6.7749119439473935,0.0,9.033215925263193
44.5,0.1474276723836779,32.761704974150646,0.38853530567688044,0.35207914681941854,0.9243288533678846,0.13646310115771185,0.9289731419650687,0.7371383619183896,0.6993635502183848,0.0,0.10914453551401974,1.2940603947150384,0.06823155057885592,56.658071928449544,33.6553913622912,6.77859831698507,0.0,9.038131089313428
44.53333333333333,0.14737320194410186,32.74960043202264,0.38839175264813863,0.3519490633311375,0.9239873394706514,0.13641268182336447,0.9286299121318969,0.7368660097205093,0.6991051547666496,0.0,0.10910420963265263,1.293582275258912,0.06820634091168223,56.637138340924395,33.6737143414854,6.7822833279703065,0.0,9.043044437293744
44.56666666666666,0.1473187516304279,32.73750036231731,0.38824825265980223,0.3518190279064956,0.9236459517570016,0.13636228111810458,0.9282868091163176,0.7365937581521395,0.6988468547876441,0.0,0.10906389865101364,1.2931043324598022,0.06818114055905229,56.61621248800421,33.69203055065006,6.785966977406586,0.0,9.04795596987545
44.6,0.1472643214352137,32.72540476338082,0.38810480569225764,0.35168904052771943,0.9233046901802742,0.1363118990350434,0.9279438328714352,0.7363216071760685,0.6985886502460638,0.0,0.10902360256359303,1.2926265662523837,0.0681559495175217,56.59529436682884,33.710339992288645,6.78964926579739,0.0,9.052865687729854
44.63333333333333,0.14720991135101705,32.713313633559345,0.38796141172589127,0.35155910117703576,0.9229635546938081,0.1362615355672922,0.9276009833503547,0.7360495567550852,0.6983305411066043,0.0,0.10898332136488109,1.2921489765713312,0.0681307677836461,56.57438397453814,33.72864266890462,6.7933301936462005,0.0,9.057773591528269
44.666666666666664,0.1471555213703956,32.70122697119902,0.3878180707410894,0.35142920983667136,0.9226225452509424,0.13621119070796217,0.9272582605061804,0.7357776068519779,0.698072527333961,0.0,0.10894305504936812,1.2916715633513194,0.06810559535398109,56.55348130827195,33.746938583001445,6.797009761456501,0.0,9.062679681942
44.7,0.14710115148590705,32.68914477464601,0.3876747827182386,0.3512993664888528,0.9222816618050163,0.13616086445016448,0.926915664292017,0.7355057574295353,0.6978146088928294,0.0,0.10890280361154436,1.2911943265270227,0.06808043222508224,56.53258636517012,33.7652277370826,6.800687969731772,0.0,9.067583959642363
44.733333333333334,0.14704680169010917,32.677067042246485,0.387531547637725,0.35116957111580693,0.9219409043093687,0.13611055678701042,0.9265731946609691,0.7352340084505459,0.697556785747905,0.0,0.10886256704590015,1.290717266033116,0.06805527839350521,56.51169914237251,33.783510133651525,6.804364818975496,0.0,9.072486425300662
44.766666666666666,0.1469924719755597,32.664993772346605,0.38738836547993516,0.35103982369976044,0.9216002727173387,0.1360602677116112,0.9262308515661412,0.7349623598777985,0.6972990578638834,0.0,0.10882234534692574,1.290240381804274,0.0680301338558056,56.49081963701895,33.801785775211705,6.808040309691156,0.0,9.07738707958821
44.8,0.14693816233481627,32.652924963292506,0.3872452362252555,0.35091012422294005,0.9212597669822652,0.136009997217078,0.9258886349606379,0.7346908116740813,0.6970414252054599,0.0,0.10878213850911142,1.2897636737751712,0.068004998608539,56.469947846249305,33.8200546642666,6.811714442382234,0.0,9.082285923176313
44.833333333333336,0.14688387276043666,32.64086061343037,0.3871021598540722,0.3507804726675725,0.9209193870574873,0.13595974529652202,0.9255465447975637,0.7344193638021833,0.69678388773733,0.0,0.10874194652694748,1.289287141880482,0.06797987264826101,56.44908376720341,33.83831680331967,6.815387217552212,0.0,9.087182956736285
44.86666666666667,0.14682960324497857,32.62880072110635,0.3869591363467718,0.3506508690158845,0.9205791328963441,0.13590951194305453,0.9252045810300235,0.7341480162248928,0.6965264454241893,0.0,0.1087017693949242,1.2888107860548816,0.06795475597152727,56.42822739702113,33.856572194874374,6.819058635704573,0.0,9.092078180939431
44.9,0.1467753537809997,32.61674528466661,0.38681616568374066,0.3505213132501028,0.9202390044521745,0.13585929714978676,0.9248627436111215,0.7338767689049985,0.6962690982307332,0.0,0.10866160710753185,1.2883346062330443,0.06792964857489338,56.407378732842304,33.87482084143419,6.822728697342797,0.0,9.096971596457065
44.93333333333333,0.1467211243610578,32.60469430245729,0.38667324784536516,0.350391805352454,0.9198990016783176,0.13580910090982987,0.9245210324939626,0.733605621805289,0.6960118461216573,0.0,0.10862145965926075,1.2878586023496446,0.06790455045491493,56.38653777180678,33.893062745502576,6.826397402970369,0.0,9.101863203960495
44.96666666666667,0.14666691497771056,32.59264777282457,0.3865303828120316,0.3502623453051649,0.9195591245281124,0.1357589232162951,0.9241794476316512,0.7333345748885528,0.6957546890616569,0.0,0.10858132704460113,1.2873827743393573,0.06787946160814755,56.3657045110544,33.911297909583006,6.830064753090771,0.0,9.10675300412103
45.0,0.14661272562351568,32.580605694114595,0.3863875705641265,0.35013293309046234,0.9192193729548982,0.13570876406229365,0.923837988977292,0.7330636281175784,0.6954976270154277,0.0,0.10854120925804332,1.2869071221368573,0.06785438203114683,56.344878947725036,33.929526336178924,6.833730748207483,0.0,9.111640997609978
45.03333333333333,0.14655855629103096,32.56856806467355,0.3862448110820362,0.35000356869057286,0.9188797469120137,0.1356586234409368,0.9234966564839894,0.7327927814551547,0.6952406599476652,0.0,0.1085011062940776,1.286431645676819,0.0678293117204684,56.324061078958515,33.94774802779381,6.837395388823989,0.0,9.116527185098652
45.06666666666666,0.146504406972814,32.55653488284756,0.386102104346147,0.34987425208772327,0.918540246352798,0.1356085013453357,0.9231554501048481,0.73252203486407,0.6949837878230646,0.0,0.10846101814719422,1.285956344893917,0.06780425067266785,56.303250901894685,33.96596298693112,6.84105867544377,0.0,9.121411567258361
45.1,0.14645027766142257,32.5445061469828,0.38595945033684526,0.34974498326414033,0.9182008712305901,0.1355583977686016,0.9228143697929727,0.7322513883071128,0.6947270106063215,0.0,0.1084209448118835,1.285481219722826,0.0677791988843008,56.28244841367341,33.98417121609433,6.84472060857031,0.0,9.126294144760415
45.12972793526313,0.14640201995331395,32.533782211847544,0.385832270526786,0.34962973670002095,0.9178983093622449,0.13551372910906986,0.9225102877030852,0.7320100997665697,0.6944980869482148,0.0,0.10838521837700649,1.2850576331071428,0.06775686455453493,56.26390244701117,34.00040433241422,6.847985318491629,0.0,9.130647091322174
45.13333333333333,0.14639616834941438,32.53248185542542,0.3858168490345176,0.3496157622020507,0.9178616214987293,0.13550831270384572,0.9224734155014679,0.7319808417470719,0.6944703282621316,0.0,0.10838088628263572,1.285006270098221,0.06775415635192286,56.261653611434525,34.00237271778689,6.848381188707089,0.0,9.13117491827612
45.166666666666664,0.14634207902934718,32.5204620065216,0.3856743004195501,0.34948658888368106,0.9175224971105543,0.13545824614417928,0.9221325871834379,0.7317103951467359,0.6942137407551902,0.0,0.10834084255394114,1.284531495954776,0.06772912307208964,56.240866492317885,34.02056749451228,6.852040416357591,0.0,9.13605388847679
45.2,0.14628800969377864,32.50844659861748,0.3855318044723293,0.3493574632912582,0.9171834980194044,0.13540819808271345,0.9217918847919877,0.7314400484688932,0.6939572480501928,0.0,0.10830081362029005,1.284056897227166,0.06770409904135673,56.22008705346333,34.038755548773956,6.8556982920252985,0.0,9.140931056033732
45.233333333333334,0.1462339603352665,32.496435630059224,0.38538936117324163,0.3492283854070089,0.9168446241786183,0.13535816851255952,0.9214513082802217,0.7311698016763325,0.6937008501118349,0.0,0.10826079947617276,1.2835824738500656,0.06767908425627976,56.19931529201072,34.05693688307538,6.859354816213691,0.0,9.145806421618255
45.266666666666666,0.14617993094636847,32.484429099192994,0.38524697050267337,0.34909935521315977,0.9165058755415354,0.13530815742682867,0.9211108576012446,0.7308996547318424,0.693444546904812,0.0,0.10822080011607953,1.2831082257581494,0.06765407871341433,56.17855120509991,34.07511149992002,6.863009989426254,0.0,9.150679985901672
45.3,0.1461259215196423,32.47242700436496,0.3851046324410109,0.3489703726919376,0.9161672520614945,0.13525816481863212,0.9207705327081608,0.7306296075982114,0.6931883383938197,0.0,0.10818081553450065,1.2826341528860923,0.06762908240931606,56.15779478987073,34.093279401811344,6.8666638121664665,0.0,9.15555174955529
45.333333333333336,0.14607193204764563,32.460429343921255,0.3849623469686406,0.348841437825569,0.9158287536918347,0.13520819068108106,0.920430333554075,0.7303596602382281,0.6929322245435532,0.0,0.10814084572592639,1.2821602551685685,0.06760409534054053,56.13704604346304,34.111440591252816,6.8703162849378145,0.0,9.16042171325042
45.36666666666667,0.14601796252293622,32.44843611620805,0.384820114065949,0.3487125505962808,0.9154903803858951,0.13515823500728677,0.9200902600920918,0.7300898126146811,0.6926762053187082,0.0,0.10810089068484706,1.281686532540253,0.06757911750364338,56.11630496301668,34.12959507074789,6.873967408243777,0.0,9.16528987765837
45.4,0.1459640129380718,32.43644731957151,0.3846779337133223,0.3485837109862998,0.9151521320970147,0.13510829779036043,0.9197503122753157,0.729820064690359,0.6924202806839802,0.0,0.10806095040575293,1.2812129849358205,0.06755414889518022,56.095571545671504,34.147742842800035,6.877617182587838,0.0,9.170156243450451
45.43333333333333,0.14591008328561006,32.42446295235779,0.384535805891147,0.3484549189778526,0.9148140087785324,0.13505837902341325,0.9194104900568514,0.7295504164280503,0.6921644506040646,0.0,0.1080210248831343,1.2807396122899453,0.06752918951170662,56.074845788567366,34.16588390991272,6.881265608473479,0.0,9.175020811297973
45.46666666666667,0.14585617355810873,32.41248301291306,0.3843937305798094,0.34832617455316583,0.9144760103837873,0.13500847869955646,0.9190707933898032,0.7292808677905437,0.6919087150436569,0.0,0.10798111411148141,1.2802664145373022,0.06750423934977823,56.054127688844105,34.18401827458942,6.884912686404183,0.0,9.179883581872245
45.5,0.14580228374812554,32.400507499583455,0.3842517077596959,0.3481974776944664,0.9141381368661186,0.13495859681190125,0.9187312222272762,0.7290114187406277,0.6916530739674527,0.0,0.10794121808528459,1.279793391612566,0.06747929840595063,56.03341724364158,34.202145939333576,6.888558416883431,0.0,9.184744555844576
45.53333333333333,0.14574841384821818,32.388536410715155,0.384109737411193,0.34806882838398095,0.9138003881788651,0.1349087333535589,0.9183917765223746,0.7287420692410909,0.6913975273401474,0.0,0.1079013367990341,1.2793205434504111,0.06745436667677945,56.01271445009963,34.22026690664867,6.892202800414705,0.0,9.189603733886274
45.56666666666666,0.14569456385094437,32.376569744654304,0.3839678195146869,0.34794022660393625,0.913462764275366,0.1348588883176406,0.9180524562282031,0.7284728192547218,0.6911420751264364,0.0,0.10786147024722025,1.2788478699855124,0.0674294441588203,55.992019305358106,34.23838117903816,6.895845837501489,0.0,9.194461116668654
45.6,0.14564073374886183,32.36460749974707,0.3838259540505641,0.34781167233655896,0.9131252651089603,0.13480906169725754,0.9177132612978661,0.7282036687443091,0.6908867172910154,0.0,0.10782161842433328,1.2783753711525443,0.06740453084862877,55.971331806556854,34.25648875900551,6.899487528647265,0.0,9.199316704863021
45.63333333333333,0.14558692355048758,32.352649677886134,0.3836841410412705,0.34768316560218904,0.912787890733047,0.13475925350029333,0.9173741917850312,0.7279346177524378,0.6906314538742869,0.0,0.1077817813366786,1.2779030470262658,0.06737962675014667,55.950651956969054,34.27458964368575,6.903127873275845,0.0,9.204170497701128
45.666666666666664,0.1455331332316811,32.34069627370691,0.38354238042318556,0.34755470634317526,0.9124506409962724,0.13470946370440282,0.9170352475375839,0.7276656661584054,0.6903762847617341,0.0,0.10774195896638433,1.2774308973947812,0.06735473185220141,55.92997974731725,34.29268384119934,6.90676687302037,0.0,9.209022497360495
45.7,0.1454793627850529,32.32874728556732,0.3834006721768349,0.34742629454187063,0.9121135158523065,0.13465969230274616,0.9166964285089619,0.7273968139252646,0.6901212099183028,0.0,0.10770215130797989,1.276958922193229,0.06732984615137308,55.90931517476159,34.31077135403198,6.91040452838075,0.0,9.213872704507668
45.733333333333334,0.14542561220336966,32.31680271185992,0.38325901628315523,0.3472979301810005,0.911776515255798,0.13460993928862788,0.9163577346535856,0.7271280610168483,0.6898662293096794,0.0,0.10766235835611017,1.276487121358117,0.06730496964431394,55.88865823652219,34.32885218461687,6.914040839846335,0.0,9.218721119795115
45.766666666666666,0.14537188147939786,32.304862550977305,0.3831174127230835,0.3471696132432906,0.9114396391613954,0.13456020465535254,0.9160191659258757,0.7268594073969893,0.6896113429015502,0.0,0.10762258010542008,1.2760154948259534,0.06728010232767627,55.86800892981916,34.34692633538723,6.917675807906479,0.0,9.223567743875307
45.8,0.1453181706059041,32.29292680131202,0.38297586147755636,0.34704134371146617,0.9111028875237469,0.13451048839622462,0.9156807222802529,0.7265908530295204,0.6893565506596014,0.0,0.10758281655055452,1.2755440425332456,0.06725524419811231,55.847367251872626,34.36499380877627,6.921309433050536,0.0,9.228412577400716
45.833333333333336,0.1452644795756549,32.280995461256644,0.3828343625275105,0.3469131215682528,0.9107662602975011,0.13446079050454868,0.9153424036711375,0.7263223978782744,0.689101852549519,0.0,0.10754306768615837,1.2750727644165014,0.06723039525227434,55.82673319990268,34.383054607217204,6.9249417157678606,0.0,9.233255621023815
45.86666666666667,0.14521080838141684,32.26906852920374,0.382692915853883,0.34678494679637595,0.9104297574373065,0.13441111097362926,0.9150042100529502,0.7260540419070841,0.6888472485369894,0.0,0.10750333350687655,1.274601660412229,0.06720555548681463,55.806106771129436,34.40110873314323,6.928572656547804,0.0,9.238096875397073
45.9,0.1451571570159565,32.257146003545884,0.3825515214376104,0.34665681937856113,0.9100933788978114,0.1343614497967709,0.9146661413801116,0.7257857850797824,0.6885927385876988,0.0,0.10746361400735395,1.2741307304569358,0.06718072489838545,55.78548796277301,34.41915618898758,6.93220225587972,0.0,9.242936341172962
45.93333333333333,0.14510352547204042,32.24522788267565,0.3824101792596296,0.3465287392975338,0.9097571246336643,0.13431180696727812,0.9143281976070424,0.7255176273602021,0.6883383226673333,0.0,0.10742390918223547,1.27365997448713,0.06715590348363906,55.76487677205352,34.43719697718344,6.935830514252962,0.0,9.247774019003952
45.96666666666667,0.1450499137424352,32.2333141649856,0.3822688893008774,0.3464007065360194,0.9094209945995136,0.13426218247845542,0.913990378688163,0.7252495687121759,0.6880840007415793,0.0,0.10738421902616602,1.273189392439319,0.06713109123922771,55.74427319619107,34.45523110016405,6.939457432156885,0.0,9.252609909542516
46.0,0.14499632181990738,32.22140484886831,0.38212765154229045,0.34627272107674345,0.909084988750008,0.1342125763236074,0.9136526845778941,0.7249816090995369,0.6878297727761228,0.0,0.10734454353379047,1.272718984250011,0.0671062881618037,55.72367723240576,34.4732585603626,6.943083010080841,0.0,9.257444013441123
46.03333333333333,0.14494274969722354,32.20949993271634,0.3819864659648056,0.3461447829024315,0.9087491070397958,0.13416298849603855,0.9133151152306562,0.7247137484861177,0.6875756387366502,0.0,0.10730488269975376,1.272248749855714,0.06708149424801928,55.70308887791772,34.49127936021231,6.9467072485141825,0.0,9.262276331352245
46.06666666666666,0.14488919736715022,32.19759941492227,0.38184533254935976,0.34601689199580893,0.9084133494235253,0.1341134189890534,0.9129776706008699,0.7244459868357511,0.6873215985888476,0.0,0.10726523651870076,1.2717786891929352,0.0670567094945267,55.68250812994705,34.50929350214639,6.950330147946263,0.0,9.267106863928353
46.1,0.144835664822454,32.18570329387867,0.3817042512768895,0.3458890483396012,0.908077715855845,0.1340638677959565,0.9126403506429556,0.7241783241122699,0.6870676522984012,0.0,0.10722560498527638,1.2713088021981829,0.06703193389797825,55.66193498571386,34.52730098859806,6.953951708866438,0.0,9.27193561182192
46.13333333333333,0.14478215205590145,32.1738115679781,0.3815632221283318,0.34576125191653395,0.9077422062914035,0.13401433491005238,0.9123031553113342,0.7239107602795072,0.6868137998309973,0.0,0.10718598809412552,1.2708390888079648,0.06700716745502619,55.641369442438275,34.54530182200051,6.957571931764059,0.0,9.276762575685414
46.166666666666664,0.14472865906025909,32.16192423561313,0.3814222450846234,0.34563350270933246,0.9074068206848491,0.13396482032464557,0.9119660845604263,0.7236432953012955,0.6865600411523222,0.0,0.10714638583989307,1.2703695489587887,0.06698241016232279,55.6208114973404,34.56329600478697,6.96119081712848,0.0,9.281587756171309
46.2,0.14467518582829353,32.15004129517634,0.38128132012670096,0.3455058007007224,0.9070715589908303,0.13391532403304057,0.911629138344652,0.7233759291414676,0.6863063762280618,0.0,0.10710679821722394,1.2699001825871623,0.06695766201652029,55.600261147640325,34.581283539390654,6.964808365449054,0.0,9.286411153932074
46.233333333333334,0.14462173235277134,32.1381627450603,0.38114044723550145,0.3453781458734291,0.9067364211639957,0.13386584602854198,0.9112923166184324,0.7231086617638567,0.6860528050239026,0.0,0.10706722522076302,1.2694309896295939,0.06693292301427099,55.57971839055819,34.59926442824476,6.968424577215134,0.0,9.29123276962018
46.266666666666666,0.14456829862645906,32.12628858365757,0.38099962639196155,0.34525053821017815,0.9064014071589935,0.1338163863044543,0.9109556193361877,0.7228414931322953,0.6857993275055309,0.0,0.10702766684515523,1.268961970022591,0.06690819315222715,55.55918322331409,34.6172386737825,6.972039452916073,0.0,9.2960526038881
46.3,0.14451488464212325,32.11441880936073,0.38085885757701804,0.345122977693695,0.9060665169304722,0.13376694485408208,0.9106190464523389,0.7225744232106163,0.6855459436386325,0.0,0.10698812308504545,1.268493123702661,0.06688347242704104,55.53865564312815,34.635206278437096,6.975652993041226,0.0,9.300870657388304
46.333333333333336,0.1444614903925305,32.10255342056234,0.3807181407716077,0.344995464306705,0.9057317504330804,0.13371752167072978,0.9102825979213061,0.7223074519626524,0.6852926533888939,0.0,0.10694859393507856,1.2680244506063125,0.06685876083536489,55.51813564722046,34.65316724464176,6.979265198079946,0.0,9.305686930773263
46.36666666666667,0.14440811587044736,32.09069241565497,0.38057747595666735,0.3448679980319339,0.9053971076214665,0.13366811674770204,0.9099462736975104,0.7220405793522368,0.6850394567220013,0.0,0.1069090793898995,1.267555950670053,0.06683405837385102,55.49762323281116,34.67112157482969,6.982876068521585,0.0,9.310501424695449
46.4,0.1443547610686404,32.0788357930312,0.38043686311313385,0.34474057885210696,0.9050625884502789,0.13361873007830333,0.9096100737353718,0.7217738053432019,0.6847863536036409,0.0,0.10686957944415316,1.2670876238303903,0.06680936503915166,55.47711839712033,34.68906927143411,6.986485604855496,0.0,9.315314139807331
46.43333333333333,0.14430142597987614,32.06698355108359,0.3802963022219438,0.3446132067499498,0.904728192874166,0.1335693616558382,0.9092739979893114,0.7215071298993806,0.6845333439994989,0.0,0.10683009409248444,1.2666194700238322,0.0667846808279191,55.4566211373681,34.70701033688822,6.990093807571035,0.0,9.320125076761382
46.46666666666667,0.1442481105969212,32.05513568820471,0.38015579326403415,0.3444858817081878,0.9043939208477761,0.13352001147361114,0.9089380464137493,0.7212405529846059,0.6842804278752614,0.0,0.1067906233295382,1.2661514891868866,0.06676000573680557,55.436131450774575,34.724944773625246,6.993700677157554,0.0,9.324934236210074
46.5,0.1441948149125421,32.043292202787136,0.38001533622034156,0.34435860370954646,0.9040597723257581,0.13347067952492672,0.9086022189631066,0.7209740745627105,0.6840276051966149,0.0,0.1067511671499594,1.2656836812560612,0.06673533976246336,55.41564933455987,34.742872584078384,6.997306214104405,0.0,9.329741618805876
46.53333333333333,0.14414153891950546,32.03145309322344,0.379874931071803,0.34423137273675125,0.9037257472627601,0.1334213658030895,0.9082665155918034,0.7207076945975273,0.6837748759292454,0.0,0.1067117255483929,1.265216046167864,0.06671068290154475,55.39517478594409,34.760793770680856,7.000910418900943,0.0,9.33454722520126
46.54274316037493,0.1441265029460981,32.02811176579958,0.37983530481691125,0.3441954646022521,0.9036314760595718,0.13340744809329383,0.9081717707231307,0.7206325147304905,0.6837035486704403,0.0,0.10670059402669815,1.2650840664834004,0.06670372404664691,55.389396296403746,34.76585163013732,7.001927626171732,0.0,9.33590350156231
46.56666666666666,0.1440882826105778,32.019618357906175,0.37973457779935504,0.34410418877252774,0.9033918456134307,0.133372070301404,0.9079309362542607,0.7204414130528889,0.6835222400388391,0.0,0.10667229851948361,1.2647485838588028,0.066686035150702,55.37470780214736,34.77870833586587,7.0045132920365205,0.0,9.339351056048695
46.6,0.14403504597852565,32.00778799522792,0.37959427638393456,0.34397705179960136,0.9030580673324182,0.1333227930131747,0.9075954809048986,0.7201752298926283,0.6832696974910822,0.0,0.10663288605787642,1.2642812942653854,0.06666139650658735,55.35424838038977,34.796616282066644,7.008114834000492,0.0,9.344153112000658
46.63333333333333,0.14398182901611567,31.995962003581262,0.3794540268064784,0.34384996180069755,0.9027244123743712,0.13327353393170618,0.9072601494981382,0.7199091450805783,0.6830172482516611,0.0,0.10659348815821625,1.2638141773241196,0.06663676696585309,55.33379651789145,34.81451761171638,7.011715045282209,0.0,9.348953393709614
46.666666666666664,0.14392863171611436,31.98414038135875,0.37931382904792327,0.34372291875854183,0.902390880693938,0.133224293050303,0.9069249419883998,0.7196431585805718,0.6827648922862619,0.0,0.10655410481514797,1.2633472329715132,0.0666121465251515,55.313352211872505,34.83241232724829,7.015313926371026,0.0,9.353751901828035
46.7,0.1438754540712883,31.972323126952958,0.3791736830892059,0.3435959226558597,0.9020574722457673,0.1331750703622696,0.9065898583301039,0.7193772703564415,0.6825126295605707,0.0,0.10651473602331651,1.262880461144074,0.0665875351811348,55.292915459553036,34.850300431095604,7.018911477756297,0.0,9.358548637008397
46.733333333333334,0.14382229607440408,31.960510238756466,0.3790335889112633,0.34346897347537664,0.9017241869845073,0.13312586586091063,0.9062548984776712,0.7191114803720203,0.682260460040274,0.0,0.10647538177736676,1.26241386177831,0.06656293293045532,55.272486258153165,34.8681819256915,7.022507699927373,0.0,9.363343599903166
46.766666666666666,0.14376915771822818,31.948701715161818,0.37889354649503204,0.34334207119981813,0.9013910248648064,0.13307667953953053,0.9059200623855224,0.7188457885911409,0.6820083836910577,0.0,0.10643604207194361,1.261947434810729,0.06653833976976527,55.25206460489301,34.88605681346922,7.02610259337361,0.0,9.368136791164815
46.8,0.14371603899552726,31.936897554561614,0.378753555821449,0.3432152158119096,0.9010579858413135,0.13302751139143387,0.9055853500080777,0.7185801949776363,0.6817564004786082,0.0,0.10639671690169197,1.2614811801778387,0.06651375569571694,55.231650496992664,34.903925096861954,7.029696158584359,0.0,9.372928211445814
46.833333333333336,0.1436629398990678,31.925097755348407,0.3786136168714509,0.34308840729437656,0.9007250698686765,0.13297836140992517,0.9052507612997581,0.718314699495339,0.6815045103686116,0.0,0.10635740626125673,1.261015097816147,0.06648918070496258,55.21124393167225,34.92178677830293,7.033288396048976,0.0,9.377717861398637
46.86666666666667,0.14360986042161644,31.913302315914766,0.3784737296259746,0.34296164562994447,0.900392276901544,0.132929229588309,0.9049162962149839,0.7180493021080822,0.6812527133267543,0.0,0.10631811014528278,1.2605491876621615,0.0664646147941545,55.190844906151874,34.93964186022535,7.036879306256812,0.0,9.38250574167575
46.9,0.14355680055593972,31.901511234653274,0.37833389406595686,0.34283493080133887,0.9000596068945647,0.13288011591988985,0.904581954708176,0.7177840027796986,0.6810010093187223,0.0,0.10627882854841506,1.2600834496523905,0.06644005795994493,55.17045341765166,34.957490345062425,7.040468889697221,0.0,9.38729185292963
46.93333333333333,0.14350376029480416,31.88972450995648,0.3781941101723344,0.34270826279128525,0.8997270598023868,0.13283102039797226,0.9042477367337546,0.7175188014740208,0.680749398310202,0.0,0.10623956146529842,1.2596178837233414,0.06641551019898613,55.150069463391695,34.97533223524737,7.044057146859557,0.0,9.392076195812743
46.96666666666667,0.14345073963097638,31.877942140216973,0.3780543779260441,0.342581641582509,0.8993946355796587,0.13278194301586077,0.9039136422461405,0.7172536981548818,0.6804978802668794,0.0,0.10620030889057779,1.259152489811522,0.06639097150793039,55.12969304059211,34.993167533213395,7.047644078233173,0.0,9.396858770977566
47.0,0.1433977385572229,31.866164123827314,0.3779146973080228,0.34245506715773566,0.8990623341810291,0.13273288376685993,0.9035796711997541,0.7169886927861145,0.680246455154441,0.0,0.10616107081889806,1.2586872678534407,0.06636644188342997,55.10932414647301,35.01099624139371,7.051229684307422,0.0,9.401639579076564
47.03333333333333,0.14334475706631034,31.854390459180074,0.3777750682992071,0.3423285394996908,0.8987301555611463,0.13268384264427424,0.9032458235490163,0.7167237853315517,0.6799951229385728,0.0,0.10612184724490414,1.2582222177856048,0.06634192132213712,55.088962778254505,35.028818362221536,7.0548139655716575,0.0,9.406418620762212
47.06666666666666,0.1432917951510052,31.842621144667827,0.37763549088053394,0.3422020585910997,0.8983980996746589,0.13263481964140827,0.9029120992483474,0.716458975755026,0.6797438835849611,0.0,0.10608263816324091,1.2577573395445223,0.06631740982070414,55.06860893315671,35.046633898130075,7.058396922515232,0.0,9.411195896686978
47.1,0.14323885280407408,31.83085617868313,0.3774959650329399,0.342075624414688,0.898066166476215,0.13258581475156653,0.9025784982521681,0.7161942640203703,0.6794927370592919,0.0,0.10604344356855328,1.257292633066701,0.06629290737578326,55.04826260839973,35.06444285155254,7.061978555627501,0.0,9.415971407503337
47.13333333333333,0.14318593001828356,31.81909555961857,0.3773564907373621,0.34194923695318113,0.8977343559204634,0.13253682796805355,0.9022450205148989,0.7159296500914177,0.6792416833272518,0.0,0.10600426345548615,1.2568280982886486,0.06626841398402677,55.027923801203684,35.08224522492214,7.065558865397817,0.0,9.420745153863757
47.166666666666664,0.14313302678640014,31.807339285866696,0.3772170679747371,0.34182289618930456,0.8974026679620524,0.13248785928417386,0.9019116659909604,0.7156651339320007,0.6789907223545267,0.0,0.10596509781868442,1.2563637351468733,0.06624392964208693,55.007592508788676,35.100041020672094,7.0691378523155315,0.0,9.42551713642071
47.2,0.14308014310119047,31.795587355820107,0.37707769672600167,0.3416966021057838,0.8970711025556303,0.132438908693232,0.9015784346347732,0.7154007155059523,0.678739854106803,0.0,0.10592594665279298,1.2558995435778824,0.066219454346616,54.987268728374815,35.11783024123561,7.072715516870001,0.0,9.43028735582667
47.233333333333334,0.14302727895542103,31.783839767871342,0.37693837697209265,0.3415703546853443,0.8967396596558459,0.13238997618853252,0.9012453264007578,0.7151363947771051,0.6784890785497668,0.0,0.10588680995245674,1.2554355235181842,0.06619498809426626,54.966952457182224,35.135612889045895,7.076291859550576,0.0,9.435055812734102
47.266666666666666,0.14297443434185844,31.77209652041299,0.37679910869394684,0.34144415391071165,0.8964083392173474,0.13234106176337992,0.900912341243335,0.7148721717092922,0.6782383956491044,0.0,0.1058476877123206,1.2549716749042863,0.06617053088168996,54.946643692431,35.15338896653616,7.079866880846611,0.0,9.439822507795482
47.3,0.14292160925326927,31.760357611837616,0.3766598918725011,0.34131799976461114,0.8960771411947834,0.13229216541107877,0.9005794791169252,0.7146080462663463,0.677987805370502,0.0,0.10580857992702945,1.2545079976726967,0.06614608270553939,54.92634243134127,35.17115847613963,7.083440581247459,0.0,9.44458744166328
47.333333333333336,0.14286880368242003,31.748623040537783,0.37652072648869206,0.34119189222976837,0.895746065542802,0.13224328712493358,0.900246739975949,0.7143440184121,0.6777373076796457,0.0,0.1057694865912282,1.2540444917599227,0.06612164356246679,54.90604867113313,35.1889214202895,7.087012961242474,0.0,9.449350614989967
47.36666666666667,0.14281601762207732,31.736892804906073,0.37638161252345653,0.3410658312889088,0.8954151122160521,0.13219442689824887,0.8999141237748269,0.7140800881103866,0.6774869025422218,0.0,0.10573040769956174,1.2535811571024729,0.06609721344912443,54.8857624090267,35.206677801419,7.090584021321009,0.0,9.454112028428014
47.4,0.1427632510650077,31.725166903335047,0.37624254995773143,0.340939816924758,0.8950842811691819,0.13214558472432922,0.8995816304679798,0.7138162553250385,0.6772365899239166,0.0,0.10569134324667498,1.2531179936368546,0.06607279236216461,54.86548364224209,35.22442762196132,7.094153761972416,0.0,9.45887168262989
47.43333333333333,0.14271050400397775,31.713445334217283,0.3761035387724534,0.3408138491200413,0.8947535723568399,0.13209676059647912,0.899249260009828,0.7135525200198887,0.6769863697904162,0.0,0.10565229322721281,1.2526550012995759,0.06604838029823956,54.84521236799941,35.242170884349676,7.097722183686051,0.0,9.46362957824807
47.46666666666667,0.142657776431754,31.701728095945338,0.3759645789485593,0.3406879278574843,0.8944229857336745,0.1320479545080031,0.898917012354792,0.71328888215877,0.6767362421074067,0.0,0.10561325763582013,1.2521921800271443,0.06602397725400155,54.82494858351877,35.259907591017296,7.101289286951267,0.0,9.468385715935025
47.5,0.14260506834110304,31.69001518691179,0.3758256704669859,0.3405620531198124,0.8940925212543344,0.13199916645220572,0.8985848874572926,0.7130253417055151,0.6764862068405746,0.0,0.10557423646714185,1.251729529756068,0.06599958322610286,54.80469228602028,35.27763774439738,7.104855072257415,0.0,9.47314009634322
47.53333333333333,0.1425523797247914,31.678306605509203,0.37568681330867,0.3404362248897511,0.8937621788734676,0.1319503964223915,0.8982528852717503,0.712761898623957,0.676236263955606,0.0,0.10553522971582285,1.2512670504228547,0.06597519821119575,54.78444347272405,35.29536134692314,7.108419540093849,0.0,9.477892720125134
47.56666666666666,0.14249971057558572,31.666602350130162,0.3755480074545483,0.34031044315002595,0.893431958545723,0.13190164441186497,0.8979210057525857,0.7124985528779285,0.675986413418187,0.0,0.10549623737650805,1.250804741964012,0.06595082220593249,54.7642021408502,35.31307840102778,7.111982690949923,0.0,9.482643587933234
47.6,0.14244706088625245,31.65490241916721,0.37540925288555765,0.34018470788336236,0.8931018602257486,0.13185291041393069,0.8975892488542192,0.7122353044312623,0.6757366551940038,0.0,0.10545725944384234,1.250342604316048,0.06592645520696534,54.743968287618834,35.33078890914452,7.115544525314992,0.0,9.487392700419992
47.63333333333333,0.14239443064955823,31.64320681101294,0.37527054958263495,0.3400590190724858,0.8927718838681933,0.13180419442189314,0.8972576145310718,0.7119721532477912,0.675486989248743,0.0,0.10541829591247061,1.2498806374154705,0.06590209721094657,54.72374191025007,35.348492873706576,7.119105043678407,0.0,9.492140058237878
47.666666666666664,0.14234181985826963,31.63151552405992,0.37513189752671683,0.3399333767001218,0.8924420294277052,0.1317554964290569,0.8969261027375637,0.7117090992913482,0.6752374155480904,0.0,0.10537934677703777,1.2494188411987872,0.06587774821452845,54.70352300596401,35.36619029714715,7.122664246529522,0.0,9.496885662039364
47.7,0.14228922850515321,31.619828556700718,0.3749932966987401,0.33980778074899587,0.8921122968589329,0.13170681642872648,0.8965947134281154,0.711446142525766,0.6749879340577322,0.0,0.10534041203218872,1.248957215602506,0.06585340821436324,54.68331157198076,35.38388118189946,7.126222134357691,0.0,9.501629512476923
47.733333333333334,0.1422366565829755,31.608145907327888,0.3748547470796416,0.33968223120183344,0.8917826861165249,0.13165815441420642,0.8962634465571478,0.7111832829148774,0.6747385447433549,0.0,0.10530149167256836,1.2484957605631348,0.06582907720710321,54.66310760552045,35.40156553039672,7.129778707652266,0.0,9.506371610203022
47.766666666666666,0.14218410408450308,31.59646757433402,0.3747162486503581,0.33955672804135995,0.8914531971551296,0.13160951037880125,0.8959323020790815,0.7109205204225153,0.6744892475706445,0.0,0.10526258569282158,1.2480344760171813,0.06580475518940063,54.64291110380318,35.419243345072125,7.1333339669026,0.0,9.511111955870135
47.8,0.1421315710025025,31.58479355611167,0.3745778013918263,0.339431271250301,0.8911238299293954,0.13156088431581553,0.8956012799483368,0.7106578550125126,0.6742400425052874,0.0,0.1052236940875933,1.2475733619011535,0.06578044215790776,54.622722064049064,35.436914628358906,7.1368879125980484,0.0,9.515850550130732
47.833333333333336,0.14207905732974035,31.573123851053413,0.3744394052849831,0.3393058608113819,0.8907945843939707,0.13151227621855374,0.8952703801193345,0.7103952866487018,0.6739909295129696,0.0,0.10518481685152839,1.247112418151559,0.06575613810927687,54.60254048347821,35.45457938269027,7.140440545227964,0.0,9.520587393637287
47.86666666666667,0.1420265630589832,31.561458457551826,0.3743010603107652,0.3391804967073283,0.8904654605035041,0.13146368608032044,0.8949396025464949,0.710132815294916,0.6737419085593774,0.0,0.10514595397927178,1.2466516447049056,0.06573184304016022,54.582366359310726,35.47223761049942,7.143991865281699,0.0,9.525322487042267
47.9,0.1419740881829976,31.549797373999468,0.37416276645010954,0.3390551789208656,0.890136458212644,0.13141511389442018,0.8946089471842389,0.709870440914988,0.6734929796101972,0.0,0.10510710546546834,1.2461910414977015,0.06570755694721009,54.56219968876673,35.48988931421957,7.147541873248607,0.0,9.530055830998146
47.93333333333333,0.1419216326945501,31.538140598788914,0.3740245236839527,0.3389299074347193,0.8898075774760389,0.13136655965415747,0.8942784139869869,0.7096081634727505,0.6732441426311149,0.0,0.10506827130476298,1.2457306084664543,0.06568327982707874,54.542040469066336,35.50753449628393,7.1510905696180425,0.0,9.534787426157392
47.96666666666667,0.14186919658640726,31.52648813031273,0.37388633199323157,0.33880468223161486,0.889478818248337,0.13131802335283685,0.8939480029091595,0.7093459829320363,0.6729953975878168,0.0,0.10502945149180061,1.2452703455476717,0.06565901167641842,54.521888697429645,35.52517315912573,7.154637954879359,0.0,9.53951727317248
48.0,0.14181677985133567,31.514839966963486,0.37374819135888293,0.3386795032942778,0.889150180484187,0.13126950498376286,0.8936177139051774,0.7090838992566784,0.6727467444459893,0.0,0.10499064602122612,1.2448102526778617,0.06563475249188143,54.501744371076775,35.542805305178156,7.158184029521907,0.0,9.544245372695878
