KD_apical_nM,time_h,plasma_antibody_nmol,surface_receptor_nmol,surface_complex_nmol,endosomal_receptor_nmol,endosomal_complex_nmol,endosomal_free_antibody_nmol,brain_free_antibody_nmol,systemic_cleared_nmol,lysosomal_degraded_nmol,brain_cleared_nmol
0.1,0.0,300.0,0.028124999999999997,0.0,0.0018750000000000017,0.0,0.0,0.0,0.0,0.0,0.0
0.1,0.25,297.7474249566662,0.017117922394504447,0.010599141975843763,0.001849005507629294,0.00043393012203069475,1.1548800394983266e-07,1.373459254749146e-09,2.2415388174344946,3.0369387618431633e-06,1.3277571615010427e-12
0.1,0.5,295.5160145653261,0.01050207763135406,0.01625386200316358,0.001798998404299608,0.0014450619612839054,1.1328768396036994e-06,2.6223320533201922e-08,4.466264187169475,2.116439030643182e-05,4.966232209262031e-11
0.1,0.75,293.30386752527954,0.006509345259895904,0.019002226119813375,0.0017525905648904164,0.0027358380556614763,4.422170387815835e-06,1.5198488696474308e-07,6.674327136120033,6.269984248843698e-05,4.27473292620034e-10
0.1,1.0,291.10980424651115,0.004090407271891135,0.020052908380649857,0.0017246627104649081,0.004132021637404701,1.1554984735618748e-05,5.306660429770271e-07,8.865867375055197,0.00013136077848496195,1.9867767936924226e-09
0.1,1.25,288.93307155369064,0.0026201206610169717,0.020124628527151446,0.001722452369201427,0.005532798443141917,2.3929628854014632e-05,1.3890029463383622e-06,11.041017505853457,0.00022818832412927395,6.530256488604316e-09
0.1,1.5,286.7731693622969,0.0017245875954136195,0.019645588927862005,0.0017485087192915436,0.006881314758011126,4.249932020358243e-05,3.0120357688820335e-06,13.199905512420091,0.0003526930923738161,1.7149490071184805e-08
0.1,1.75,284.629748558123,0.0011792686709829663,0.018871096093409714,0.0018024879596899486,0.008147147276540048,6.766018385853757e-05,5.717165418611854e-06,15.342656242434686,0.0005035402699385711,3.8453880069938375e-08
0.1,2.0,282.5025506043151,0.0008487332552059643,0.017953186334583676,0.0018823033980220946,0.009315777012841371,9.927584093612237e-05,9.826359864907607e-06,17.469392293490564,0.0006789599845460673,7.66623824087757e-08
0.1,2.25,280.39137169288784,0.0006509054412869595,0.016981991785160123,0.001984891735344955,0.010382211038882982,0.0001367835964622592,1.5642002370901297e-05,19.58023454640322,0.0008769927231791386,1.3956368114658096e-07
0.1,2.5,278.29604138532716,0.0005357738063906642,0.016010407837288056,0.002106730942626981,0.011347087414386288,0.00017933020598706468,2.3429079472741022e-05,21.675302488723826,0.0010956350418110336,2.3637085720284904e-07
0.1,2.75,276.21640983608904,0.0004726713388256665,0.015068858945151822,0.0022441863212680005,0.012214283395460707,0.0002259021789035871,3.340419954201764e-05,23.75471441302969,0.0013329246587683256,3.775042077470974e-07
0.1,3.0,274.15234011774197,0.0004426504384786049,0.014174172693881031,0.0023937339374998402,0.012989442930859471,0.0002754329550638218,4.573063098422376e-05,25.818587540167805,0.0015869885455248786,5.743347061605134e-07
0.1,3.25,272.10370358886905,0.00043389680220136146,0.013334935767517523,0.0025520964089735965,0.01367907102203849,0.00032688171305932134,6.051800610195121e-05,27.86703809732243,0.0018560683856489605,8.389149202021877e-07
0.1,3.5,270.0703770831197,0.0004389615551372634,0.01255474146243724,0.0027163171000625192,0.01428997988310525,0.0003792855856335302,7.782527727377715e-05,29.90018136875066,0.0021385322048453823,1.1837171421650828e-06
0.1,3.75,268.0522411922037,0.00045308463611305337,0.011834168711012222,0.002883792218275329,0.014828954435352204,0.00043179008317458125,9.766569616095308e-05,31.91813172988402,0.0024328775955657664,1.6213918156655052e-06
0.1,4.0,266.04917920863096,0.00047317518812790485,0.011171994697514856,0.0030522751464375853,0.015302554968684533,0.00048366316791346775,0.00012001285536320162,33.921002671233204,0.0027377298933365314,2.164553857094249e-06
0.1,4.25,264.0610764680669,0.000497188737550287,0.010565942260168925,0.003219863300571351,0.01571700570248774,0.0005342978953601156,0.00014480709793693815,35.90890681598578,0.003051837391891669,2.825600345725384e-06
0.1,4.5,262.0878199349235,0.0005237447468122983,0.010013143439241012,0.003384974710140232,0.016078137104594974,0.000583207589284261,0.00017196182603235264,37.88195593365911,0.0033740648989364656,3.616560157238242e-06
0.1,4.75,260.1292979369977,0.0005518903883271123,0.009510428624277745,0.003546319216859114,0.0163913617713405,0.000630016525075445,0.00020136941470188185,39.84026095124819,0.003703386445339086,4.548974258616086e-06
0.1,5.0,258.1853999919492,0.0005809534381288459,0.009054507952158352,0.0037028675423552834,0.016661671068173435,0.0006744482486965804,0.00023290656546983476,41.78393196275618,0.004038877656761531,5.633804204332128e-06
0.1,5.25,256.25601669103315,0.0006104498530357454,0.00864208538558157,0.003853820301931662,0.0168936444602862,0.0007163129755444654,0.00026643902261997473,43.71307823765424,0.00437970810368504,6.881365834779178e-06
0.1,5.5,254.34103961884833,0.0006400249783539687,0.008269930403162356,0.003998578247017706,0.017091466372308493,0.0007554950171485492,0.0003018256351653402,45.6278082286147,0.004725133825213768,8.301284915454635e-06
0.1,5.75,252.44036129609842,0.0006694155791311314,0.007934922653045124,0.004136714475063887,0.017258947293601164,0.0007919408200069689,0.00033892178441651395,47.528229578735,0.00507449014497412,9.902471496976358e-06
0.1,6.0,250.5538751372833,0.0006984248271236223,0.0076340791719184484,0.0042679489749584045,0.01739954702684894,0.0008256479477756737,0.00037758222260631246,49.41444912839314,0.0054271848454966205,1.1693109865530203e-05
0.1,6.25,248.68147541843135,0.0007269055301686529,0.007364570037728713,0.00439212568382967,0.01751639874912834,0.0008566551852534946,0.000417663370123878,51.2865729218232,0.0057826917427453205,1.3680661439114571e-05
0.1,6.5,246.82305725146054,0.0007547484312195128,0.007123726569648934,0.004509191988587729,0.017612333011394705,0.000885033791144,0.0004590251447226145,53.14470621347961,0.006140544666153193,1.5871877754676422e-05
0.1,6.75,244.97851656343855,0.0007818739743599551,0.006909044214375947,0.004619180651844659,0.017689901160273924,0.00091087991660458,0.0005015323669534392,54.98895347422446,0.006500331858035632,1.8272821700773854e-05
0.1,7.0,243.14775007922623,0.0008082262183991649,0.006718181983668932,0.00472219397999713,0.017751397818794985,0.0009343081145042787,0.0005450558083559699,56.81941839737344,0.006861690781140996,2.0888894823568115e-05
0.1,7.25,241.33065530661548,0.0008337681930930575,0.00654895953141082,0.0048183899929386065,0.017798882283412868,0.0009554458232750311,0.0005894729448859575,58.63620390462489,0.007224303308632314,2.372486896564572e-05
0.1,7.5,239.52713052354642,0.0008584783476193223,0.00639935244234632,0.004907970545458298,0.01783419866542887,0.0009744287956849092,0.0006346684435059399,60.43941215188073,0.007587891305665244,2.67849211877871e-05
0.1,7.75,237.73707476681236,0.0008823476840886083,0.006267486439194216,0.004991171106995976,0.017858994770573726,0.0009913973209688413,0.0006805344430176199,62.22914453497924,0.007952212565127442,3.0072670511352088e-05
0.1,8.0,235.96038782199005,0.0009053774165863967,0.006151630840544015,0.005068252031485466,0.017874739712234824,0.0010064931485547302,0.0007269706654836604,64.00550169534871,0.008317057079808999,3.359121558380449e-05
0.1,8.25,234.19697021440643,0.0009275770505448335,0.006050191508122612,0.005139491174070451,0.01788274026811141,0.001019857033769219,0.0007738843874505227,65.76858352558881,0.008682243635679293,3.7343172578848745e-05
0.1,8.5,232.44672320093593,0.0009489627733003421,0.005961703520711442,0.005205177678804128,0.01788415602802427,0.0010316268112978185,0.0008211903024569197,67.5184891749876,0.009047616702249956,4.133071268616185e-05
0.1,8.75,230.7095487625096,0.0009695561018714404,0.005884823737029844,0.005265606823065478,0.017880013338847728,0.001041935930470046,0.0008688102982735531,69.25531705497825,0.009413043609818959,4.555559863395699e-05
0.1,9.0,228.98534959717446,0.000989382728771645,0.005818323361487721,0.005321075701198203,0.017871218209349626,0.0010509123451338637,0.000916673175871575,70.97916484454491,0.009778411969703044,5.001922000268363e-05
0.1,9.25,227.27402911366536,0.0010084715492715873,0.005761080595502082,0.005371879715536912,0.017858568140501668,0.0010586777339391272,0.0009647143201912587,72.6901294955769,0.010143627341523966,5.472262700344999e-05
0.1,9.5,225.57549142540554,0.001026853841103194,0.005712073456214942,0.005418309762620952,0.01784276294087596,0.001065346992464552,0.0010128753389666678,74.38830723817502,0.010508611129365877,5.966656248597077e-05
0.1,9.75,223.88964134484317,0.0010445625665807016,0.005670372815075499,0.005460649976721429,0.01782441464243721,0.0010710279310381144,0.0010611036848221698,76.07379358591514,0.010873298677165579,6.485149211021393e-05
0.1,10.0,222.21638437807601,0.001061631782230174,0.005635135698046662,0.005499175959109501,0.017804056561430737,0.001075821141511256,0.0011093522696970612,77.74668334107064,0.011237637551022358,7.027763258832224e-05
0.1,10.25,220.55562671972206,0.001078096142119713,0.005605598863624573,0.005534153425738908,0.017782151569338635,0.0010798200019762033,0.0011575790775606174,79.40707059979576,0.011601585992612098,7.594497802677485e-05
0.1,10.5,218.9072752479978,0.0010939904832030836,0.005581072678252834,0.005565837214227577,0.017759099625143167,0.0010831107918378817,0.001205746781285514,81.05504875727156,0.011965111530685694,8.185332436673179e-05
0.1,10.75,217.27123751997587,0.001109349484598602,0.005560935320399816,0.005594470604425924,0.017735244591406667,0.0010857728938388946,0.001253822369703502,82.69071051281415,0.01232818974371865,8.80022918502232e-05
0.1,11.0,215.64742176697524,0.0011242073850941828,0.005544627302876544,0.005620284875405894,0.017710880437458994,0.0010878790523063222,0.0013017767886973127,84.31414787494865,0.012690803150028412,9.439134568913805e-05
0.1,11.25,214.03573689006973,0.0011385977542582135,0.005531646322411443,0.005643499073677073,0.01768625685049523,0.0010894956763551507,0.0013495845983644435,85.92545216644861,0.01305294022000883,0.0001010198149526242
0.1,11.5,212.4360924556858,0.0011525533059294209,0.005521542402479211,0.005664319941708914,0.01766158435073454,0.0010906831718260357,0.0013972236461596017,87.52471402934447,0.013414594489566839,0.00010788690991505815
0.1,11.75,210.8483986912864,0.0011661057551432443,0.005513913375645458,0.005682942003085197,0.01763703886699119,0.0010914962949702008,0.0014446747601068596,89.11202342989665,0.013775763782501295,0.00011499173767902787
0.1,12.0,209.27256648111478,0.001179285707736936,0.005508400664224069,0.005699547756339157,0.017612765872578085,0.0010919845142286675,0.0014919214610743087,90.68746966353746,0.014136449520274257,0.00012233331634656407
0.1,12.25,207.70850736198844,0.0011921225796133756,0.005504685366761997,0.0057143079605392255,0.017588884093975292,0.0010921923730965552,0.0015389496953917981,92.2511413597799,0.014496656115663283,0.00012991058775157048
0.1,12.5,206.15613351912722,0.0012046445381362404,0.005502484611653269,0.005727381982153918,0.017565488868957466,0.001092159847207862,0.0015857475858849263,93.8031264870969,0.014856390434162791,0.00013772242898692742
0.1,12.75,204.61535778201386,0.0012168784650748237,0.005501548184292973,0.005738918199198079,0.017542655152349845,0.0010919226938712208,0.0016323052018290239,95.34351235776899,0.015215661323086712,0.00014576766271655895
0.1,13.0,203.08609362027778,0.0012288499367363436,0.005501655402457524,0.005749054444817701,0.017520440216924043,0.001091512790508241,0.0016786143464677663,96.87238563270208,0.015574479198392,0.00015404506642020433
0.1,13.25,201.56825513959893,0.0012405832205410975,0.005502612257609377,0.00575791848288835,0.017498886039918844,0.0010909584579701635,0.001724668363623253,98.38983232621226,0.015932855690225657,0.00016255338052621458
0.1,13.5,200.06175707762347,0.0012521012832155658,0.005504248782909373,0.005765628498793458,0.01747802143605955,0.001090284767314176,0.0017704619608188317,99.89593781078003,0.016290803334810717,0.00017129131563660275
0.1,13.75,198.56651479988767,0.0012634258082292011,0.005506416629547703,0.005772293597215168,0.017457863966003215,0.001089513829512484,0.001815991047609266,101.39078682177507,0.01664833530672635,0.0001802575589445801
0.1,14.0,197.08244429574862,0.0012745772213666334,0.005508986845571376,0.005778014302593268,0.01743842163148013,0.001088665067593846,0.0018612525886562352,102.87446346215016,0.01700546518911662,0.0001894507798848982
0.1,14.25,195.60946217432087,0.0012855747231636152,0.005511847846396631,0.005782883057862976,0.01741969437360741,0.001087755471159756,0.0019062444707516396,104.34705120710484,0.01736220677842619,0.00019886963507534315
0.1,14.5,194.14748566041644,0.001296436326478191,0.00551490355681287,0.005786984716315698,0.017401675401447065,0.0010867998338231115,0.0019509653823333122,105.80863290871932,0.017718573918315404,0.00020851277264498786
0.1,14.75,192.696432590488,0.0013071788984986919,0.005518071730675578,0.005790397022150602,0.017384352349753582,0.0010858109720420686,0.0019954147059189384,107.25929080055639,0.018074580362419046,0.00021837883594510608
0.1,15.0,191.256221408574,0.001317818205470785,0.005521282421468472,0.0057931910764337045,0.017367708297728136,0.0010847999271470536,0.002039592421446483,108.6991065022327,0.018430239659924443,0.000228466466758487
0.1,15.25,189.82677116224548,0.0013283689592575474,0.005524476590555336,0.00579543178665493,0.017351722664652652,0.0010837761515125673,0.00208349901949128,110.12816102396049,0.018785565060916533,0.00023877430806629302
0.1,15.5,188.4080014985559,0.0013388448651737966,0.005527604842524139,0.005797178299039866,0.01733637199439989,0.0010827476797925853,0.00212713542353248,111.5465347710594,0.01914056943923585,0.00024930100641745517
0.1,15.75,186.99983265999364,0.0013492586706946698,0.0055306262897165896,0.005798484411305737,0.017321630629439484,0.0010817212846829876,0.002170502921359464,112.95430754843606,0.01949526523242573,0.0002600452139044734
0.1,16.0,185.6021854804379,0.001359622214335533,0.005533507508357048,0.005799398969250431,0.017307471309237193,0.0010807026213632347,0.0022136031029007853,114.35155856503864,0.019849664392998113,0.0002710055898716536
0.1,16.25,184.21498138111912,0.0013699464744796033,0.0055362216233997945,0.005799966239286315,0.01729386566404162,0.0010796963558439149,0.002256437807038256,115.73836643827447,0.02020377835512966,0.0002821808022543612
0.1,16.5,182.8381423665844,0.0013802416173994512,0.00553874747735236,0.005800226261858693,0.01728078464462358,0.001078706282380025,0.002299009074164861,117.1148091983995,0.020557618010195493,0.00029356952869605024
0.1,16.75,181.47159102066868,0.0013905170442672001,0.005541068882515843,0.0058002151850476726,0.017268198889426798,0.0010777354299906744,0.002341319104395949,118.48096429287813,0.020911193690762428,0.00030517045744993953
0.1,17.0,180.11525050247303,0.0014007814370001217,0.005543173949991232,0.005799965578679931,0.01725607903560602,0.0010767861588335942,0.002383370220929983,119.83690859071298,0.02126451516191416,0.0003169822880896096
0.1,17.25,178.76904454235103,0.0014110428027886434,0.005545054490931164,0.00579950672896862,0.017244395978606622,0.001075860246928776,0.0024251648382066487,121.18271838674458,0.02161759161906445,0.00032900373204625697
0.1,17.5,177.43289743790544,0.0014213085169363826,0.005546705491849611,0.005798864911829336,0.017233121080700426,0.0010749589668798201,0.00246670543491662,122.51846940591676,0.021970431691906905,0.0003412335129764516
0.1,17.75,176.10673404999028,0.0014315853648819467,0.005548124615969251,0.005798063657470642,0.01722222636302114,0.0010740831589720293,0.0025079945286637173,123.84423680752738,0.02232304345007484,0.0003536703670773757
0.1,18.0,174.79047979872936,0.0014418795816836026,0.005549311802297435,0.005797123985344951,0.01721168463204908,0.0010732332909557803,0.0025490346569579958,125.16009518943032,0.022675434416341872,0.0003663130431873238
0.1,18.25,173.48406065954563,0.0014521968898607884,0.005550268898354367,0.005796064625602981,0.01720146958758931,0.001072409512995495,0.0025898283602265515,126.46611859221267,0.023027611581181065,0.0003791603028321525
0.1,18.5,172.18740315920252,0.0014625425356308175,0.005550999327506163,0.005794902227304948,0.017191555910994267,0.001071611707732692,0.002630378166916269,127.76238050334668,0.02337958141894052,0.0003922109202129515
0.1,18.75,170.90043437186037,0.0014729213231612765,0.005551507802976388,0.00579365154911802,0.017181919326204075,0.001070839533772835,0.002670686581443956,129.0489538613083,0.023731349906349695,0.0004054636821119214
0.1,19.0,169.62308191514387,0.0014833376475914626,0.005551800066068862,0.0057923256400205314,0.01717253664779863,0.001070092465705238,0.002710756073575022,130.32591105967487,0.024082922541889925,0.0004189173877614936
0.1,19.25,168.35527394623344,0.001493795525225652,0.005551882678563343,0.00579093599753425,0.017163385800176255,0.0010693698263700366,0.002750589070986832,131.59332395117633,0.024434304367045603,0.0004325708486321695
0.1,19.5,167.09693915796362,0.0015042986232006264,0.005551762820561039,0.005789492722613028,0.01715444583515218,0.001068670818294034,0.002790187952089951,132.85126385173632,0.024785499987328076,0.0004464228882191928
0.1,19.75,165.84800677494908,0.0015148502863608186,0.005551448134799259,0.005788004653484814,0.017145696926917253,0.0010679945483797577,0.002829555041484642,134.09980154446492,0.025136513594240746,0.00046047234177069607
0.1,20.0,164.60840654971122,0.0015254535642307365,0.0055509465639888254,0.00578647950162096,0.017137120371755073,0.001067340053566966,0.0028686926049547885,135.33900728365344,0.025487348986689036,0.00047471805603168087
0.1,20.25,163.37806875884468,0.0015361112340371425,0.005550266250734447,0.005784923958742016,0.017128698558095175,0.00106670631739013,0.0029076028479681237,136.56895079870048,0.025838009593406458,0.0004891588889135308
0.1,20.5,162.15692419919728,0.001546825823082979,0.005549415432297085,0.005783343802644279,0.01712041494360238,0.0010660922871370039,0.0029462879136638903,137.7897012980246,0.026188498493885916,0.0005037937091936453
0.1,20.75,160.9449041840648,0.0015575996300459805,0.0055484023475442954,0.005781743996364834,0.017112254027690992,0.001065496889191088,0.002984749881463893,139.00132747295564,0.02653881843912226,0.0005186213962072442
0.1,21.0,159.74194053939115,0.0015684347458266416,0.005547235152413322,0.005780128783437535,0.01710420131999349,0.0010649190431370778,0.0030229907661609547,140.2038975016168,0.02688897187250032,0.0005336408395289117
0.1,21.25,158.54796560003186,0.0015793330699560184,0.005545921878445093,0.005778501756743746,0.017096243296551142,0.0010643576693317688,0.003061012519021144,141.397479052719,0.02723896094885002,0.0005488509386461813
0.1,21.5,157.36291220601098,0.0015902963280213693,0.005544470377854285,0.005776865934115107,0.01708836736172401,0.0010638116984634102,0.003098817028159839,142.58213928936843,0.02758878755348311,0.0005642506026459389
0.1,21.75,156.18671369876319,0.0016013260899027735,0.0055428882613313135,0.005775223838642407,0.017080561811843174,0.001063280082216597,0.0031364061185972535,143.757944872893,0.027938453321642395,0.0005798387499002577
0.1,22.0,155.0193039174777,0.001612423781738505,0.005541182894183569,0.005773577541808894,0.01707281578398822,0.0010627617950393598,0.00317378155494855,144.9249619665332,0.028287959654911425,0.00059561430775133
0.1,22.25,153.86061719543173,0.0016235906993278064,0.005539361368615572,0.005771928718029739,0.0170651192157404,0.0010622558394176647,0.0032109450427846003,146.08325623915385,0.02863730773735087,0.0006115762122232024
0.1,22.5,152.71058835626874,0.0016348280241668186,0.005537430462360765,0.0057702787118822565,0.017057462803300658,0.0010617612533751445,0.0032478982296378954,147.23289286902266,0.028986498553934915,0.0006277234077061079
0.1,22.75,151.5691527104715,0.001646136829583928,0.0055353966638025335,0.005768628553538832,0.017049837954784205,0.001061277107503296,0.003284642708386666,148.37393654734726,0.029335532901762683,0.00064405484670536
0.1,23.0,150.43624605168003,0.001657518095396006,0.005533266135340711,0.0057669790198404125,0.01704223675113463,0.001060802511630133,0.0033211800182669517,149.50645148200877,0.029684411407001992,0.0006605694895474856
0.1,23.25,149.31180465312949,0.0016689727162728864,0.005531044720110674,0.005765330662245115,0.01703465190308573,0.0010603366146870118,0.0033575116474766752,150.63050140114538,0.030033134537375872,0.0006772663041240116
0.1,23.5,148.19576526412678,0.0016805015096732036,0.005528737944928601,0.00576368383371054,0.017027076713404875,0.0010598786050268888,0.0033936390353831647,151.74614955669708,0.030381702613486574,0.0006941442656594151
0.1,23.75,147.08806510645013,0.00169210522636122,0.005526351012192499,0.005762038727993148,0.017019505035171537,0.001059427712619093,0.003429563574583417,152.85345872803774,0.03073011582283515,0.0007112023564419452
0.1,24.0,145.98864187089254,0.0017037845558594473,0.005523888815187847,0.00576039539451945,0.017011931236152213,0.0010589832073427418,0.0034652866133934833,153.95249122544263,0.03107837422885675,0.0007284395656203686
0.1,24.25,144.8974337137575,0.0017155401340888201,0.005521355940200618,0.005758753764676182,0.017004350162753343,0.0010585443994053899,0.00350080945793468,155.04330889361313,0.03142647778182583,0.0007458548889803039
0.1,24.5,143.81437925334725,0.0017273725507645184,0.005518756672907242,0.0057571136760176805,0.016996757102030254,0.0010581106391231226,0.003536133374461988,156.12597311520744,0.03177442632980344,0.0007634473287156168
0.1,24.75,142.73941756665027,0.0017392823515559718,0.00551609501817898,0.00575547487461574,0.016989147757370315,0.0010576813142316283,0.003571259591389484,157.2005448141534,0.03212221962356797,0.0007812158932941033
0.1,25.0,141.67248818574035,0.0017512700481594993,0.005513374697137969,0.00575383705117752,0.016981518205248194,0.001057255851284955,0.0036061893016002032,158.2670844592785,0.03246985733042498,0.0007991595971869449
0.1,25.25,140.61353109459324,0.0017633361175422352,0.005510599171862265,0.00575219983207263,0.01697386488024877,0.001056833711969613,0.0036409236641252447,159.3256520674839,0.0328173390355969,0.0008172774607929919
0.1,25.5,139.56248672553383,0.0017754810107062202,0.005507771647075218,0.0057505628094733025,0.016966184534473752,0.001056414393694091,0.003675463806460948,160.37630720732142,0.0331646642545931,0.0008355685101893891
0.1,25.75,138.51929595602712,0.0017877051533203565,0.0055048950879803835,0.005748925539082869,0.01695847422134728,0.0010559974270326904,0.0037098108260906863,161.41910900219924,0.03351183243588312,0.0008540317770398527
0.1,26.0,137.4839001052903,0.0018000089508030549,0.005501972229631736,0.005747287555289887,0.016950731266008132,0.0010555823748270104,0.0037439657924570498,162.45411613378124,0.03385884296883852,0.0008726662984170621
0.1,26.25,136.45624093098573,0.001812392791305454,0.005499005590028409,0.005745648378289495,0.016942953242111133,0.0010551688305500014,0.003777929748708369,163.48138684529872,0.034205695189203675,0.0008914711166655507
0.1,26.5,135.43626062610147,0.0018248570462113714,0.00549599748319253,0.0057440075123405265,0.01693513795999088,0.0010547564164096693,0.0038117037128254858,164.50097894466748,0.03455238838102822,0.0009104452793286317
0.1,26.75,134.42390181534034,0.0018374020779937323,0.005492950029372372,0.0057423644706886,0.01692728342368084,0.001054344782628721,0.0038452886803498286,165.51294980811778,0.03489892178866902,0.0009295878388964315
0.1,27.0,133.41910755239886,0.0018500282351095335,0.005489865168425469,0.005740718753981207,0.01691938784421914,0.0010539336049211485,0.003878685624151945,166.51735638289745,0.03524529461085777,0.0009488978528745521
0.1,27.25,132.4218213162303,0.0018627358612822548,0.005486744671608553,0.005739069879831936,0.016911449589012348,0.0010535225836935972,0.003911895497628453,167.5142551910311,0.0355915060148784,0.0009683743834911131
0.1,27.5,131.43198700832107,0.0018755252913187075,0.005483590150786473,0.005737417365856134,0.016903467193773558,0.001053111442238233,0.003944919234403878,168.5037023320301,0.03593755513161827,0.0009880164977522968
0.1,27.75,130.4495489492711,0.0018883968556703517,0.0054804030717514034,0.005735760742068504,0.016895439332244477,0.0010526999252149236,0.003977757750471158,169.48575348632048,0.03628344106320435,0.00100782326726586
0.1,28.0,129.47445187572575,0.0019013508813412738,0.005477184762595872,0.005734099552201633,0.016887364805595998,0.0010522877975031803,0.0040104119450906925,170.46046391831183,0.03662916288518404,0.0010277937681689362
0.1,28.25,128.5066409373894,0.0019143876913887375,0.005473936422909651,0.0057324333497454924,0.01687924253769104,0.0010518748427809838,0.004042882701399206,171.4278884793797,0.036974719646768725,0.0010479270810898236
0.1,28.5,127.54606169367393,0.0019275076088071756,0.0054706591366029365,0.005730761708028151,0.016871071548296788,0.0010514608620057803,0.00407517088834354,172.3880816112241,0.03732011037744798,0.0010682222909905858
0.1,28.75,126.59266011100488,0.0019407109540768108,0.005467353874029803,0.005729084211817812,0.016862850961810796,0.0010510456728573673,0.004107277360312509,173.34109734855662,0.03766533408399834,0.0010886784871956847
0.1,29.0,125.64638255932937,0.0019539980494084155,0.005464021509570528,0.005727400467108995,0.01685457997564735,0.0010506291075419306,0.004139202959497773,174.28698932259888,0.03801038975795765,0.0011092947632132925
0.1,29.25,124.70717580961711,0.0019673692159490755,0.0054606628185283855,0.005725710092761203,0.01684625787449663,0.0010502110129581171,0.004170948515045394,175.22581076357517,0.038355276371602576,0.0011300702167890695
0.1,29.5,123.77498703032475,0.0019808247775956016,0.005457278495975679,0.005724012728880168,0.016837883999283806,0.0010497912482961215,0.0042025148454271745,176.15761450425316,0.038699992885089685,0.0011510039497317846
0.1,29.75,122.84976378524338,0.001994365057033526,0.005453869147407567,0.005722308025718628,0.016829457771575327,0.001049369685989254,0.004233902756822573,177.0824529820884,0.03904453824009549,0.0011720950680175247
0.1,30.0,121.93145402921921,0.0020079903828899904,0.005450435321211146,0.005720595660212596,0.016820978637421085,0.0010489462076495955,0.0042651130473323785,178.00037824351443,0.03938891137296614,0.001193342681489228
0.1,30.25,121.02000610606395,0.002021701085751116,0.005446977498568557,0.005718875324988743,0.01681244609242627,0.0010485207051313227,0.004296146505295913,178.9114419460241,0.0397331112082494,0.0012147459039640708
0.1,30.5,120.11536874674148,0.0020354974934373715,0.0054434960779470454,0.0057171467163459,0.016803859714004128,0.0010480930823269226,0.004327003907025932,179.81569535997482,0.0400771366507144,0.0012363038533753379
0.1,30.75,119.21749106375754,0.0020493799435411125,0.005439991433388464,0.005715409562474484,0.016795219062330197,0.001047663247828052,0.004357686024259774,180.71318937421668,0.04042098660840933,0.0012580156512597422
0.1,31.0,118.3263225500954,0.0020633487753035223,0.00543646388446375,0.005713663603547839,0.016786523738419067,0.0010472311185232624,0.004388193619982335,181.60397449714327,0.04076465997858093,0.0012798804230280028
0.1,31.25,117.44181307777012,0.0020774043247198774,0.005432913673802151,0.005711908581639427,0.01677777342157267,0.001046796622456318,0.0044185274456251325,182.48810085813093,0.04110815563903,0.0013018972981286244
0.1,31.5,116.56391289139016,0.0020915469380163813,0.005429341041164599,0.00571014426677393,0.016768967755779206,0.0010463596891578974,0.004448688249879144,183.36561821399252,0.041451472473551056,0.0013240654094701491
0.1,31.75,115.6925726077001,0.0021057769628353338,0.0054257461819474835,0.005708370438543904,0.01676010641840741,0.0010459202549315712,0.004478676773526755,184.23657594942293,0.04179460935610594,0.001346383893739298
0.1,32.0,114.8277432140943,0.002120094745514603,0.005422129227926944,0.005706586883208507,0.016751189145084153,0.001045478265506559,0.004508493747425277,185.10102307848425,0.04213756514569411,0.0013688518914989724
0.1,32.25,113.96937606229945,0.002134500640030955,0.00541849031473642,0.0057047934046818086,0.0167422156422851,0.0010450336667807948,0.004538139899688578,185.95900825092752,0.0424803387044572,0.0013914685467479053
0.1,32.5,113.11742286788342,0.0021489950021575405,0.005414829544078302,0.005702989816218877,0.016733185639279603,0.00104458640993164,0.0045676159515430316,186.81057975267964,0.042822928886614695,0.0014142330071505347
0.1,32.75,112.27183570869154,0.002163578188579482,0.00541114697016453,0.0057011759417452965,0.016724098901245068,0.0010441364533869289,0.004596922616149778,187.65578550740886,0.0431653345362343,0.001437144424076883
0.1,33.0,111.43256701894998,0.002178250560886688,0.005407442651170225,0.005699351614877078,0.016714955174800414,0.0010436837554646037,0.004626060603438119,188.49467308241728,0.04350755449721358,0.001460201952326269
0.1,33.25,110.59956958854643,0.0021930124829455905,0.005403716621319582,0.005697516678512094,0.016705754218957147,0.0010432282783313322,0.004655030617445488,189.3272896893615,0.043849587607438525,0.0014834047502524416
0.1,33.5,109.77279656157688,0.002207864320356796,0.005399968879276624,0.005695670985508297,0.01669649581659268,0.0010427699896423989,0.004683833355304479,190.1536821857074,0.04419143269676916,0.0015067519797979483
0.1,33.75,108.9522014305933,0.0022228064423423966,0.005396199428924526,0.0056938143957643815,0.016687179734703066,0.0010423088566926329,0.004712469510888195,190.97389708047695,0.044533088593928016,0.001530242806285728
0.1,34.0,108.13773803584547,0.002237839220456704,0.005392408257726698,0.0056919467771192125,0.01667780574643174,0.0010418448494874887,0.004740939772863661,191.78798053500861,0.04487455412255752,0.0015538763985031815
0.1,34.25,107.32936056448257,0.002252963027313018,0.005388595319971422,0.005690068004762684,0.016668373649687183,0.0010413779430848312,0.004769244823098575,192.5959783637568,0.04521582809767467,0.0015776519287735733
0.1,34.5,106.52702354353768,0.002268178239291688,0.0053847605854140945,0.0056881779599876605,0.016658883217040815,0.0010409081106789618,0.004797385341163335,193.39793604130227,0.04555690933473812,0.0016015685726923007
0.1,34.75,105.73068184018211,0.0022834852345948683,0.005380904010471494,0.005686276530037454,0.01664933422663041,0.0010404353276565843,0.004825362001636957,194.1938987021,0.04589779664389816,0.0016256255092573428
0.1,35.0,104.9402906596409,0.0022988843928491657,0.005377025535653614,0.005684363607900539,0.01663972646533089,0.0010399595719653401,0.004853175473859738,194.98391114256373,0.0462384888293736,0.0016498219208651841
0.1,35.25,104.15580554270362,0.0023143760949242173,0.005373125086186596,0.00568243909179018,0.016630059728833198,0.0010394808240051612,0.004880826421974904,195.76801782355443,0.04657898468934826,0.0016741569932913344
0.1,35.5,103.37718236001639,0.00232996072468258,0.005369202603575151,0.0056805028833789495,0.016620333790097506,0.0010389990620613884,0.004908315507822495,196.54626287608468,0.04691928302151465,0.001698629915515875
0.1,35.75,102.60437731233023,0.002345638667155197,0.005365258019897237,0.005678554888333849,0.0166105484263479,0.0010385142659895285,0.004935643388553752,197.31869010107266,0.047259382618163516,0.001723239879835865
0.1,36.0,101.83734693076234,0.0023614103077406316,0.005361291237654765,0.005676595019536538,0.016600703436802262,0.0010380264202263924,0.004962810714937334,198.08534296908434,0.04759928226345412,0.0017479860819332096
0.1,36.25,101.07604806789422,0.0023772760340946214,0.005357302182257304,0.005674623189467552,0.016590798595914735,0.0010375355059900199,0.004989818135872519,198.84626462922603,0.04793898074076776,0.001772867720624188
0.1,36.5,100.32043789914663,0.002393236234753895,0.005353290771677473,0.005672639314097896,0.016580833681204964,0.0010370415057712756,0.005016666295771684,199.60149790777442,0.04827847682822185,0.0017978839979768892
0.1,36.75,99.57047392075913,0.002409291299286583,0.0053492569161307625,0.0056706433136026885,0.016570808472714207,0.0010365444034024498,0.005043355834597145,200.3510853101975,0.04861776929890291,0.0018230341192897925
0.1,37.0,98.82611394776714,0.002425441618239912,0.005345200516566247,0.005668635112788446,0.01656072275413965,0.001036044184287498,0.005069887387764011,201.09506902317796,0.04895685692073526,0.0018483172930781261
0.1,37.25,98.08731610791351,0.002441687582745401,0.005341121486217969,0.005666614634689218,0.01655057629808168,0.0010355408320910028,0.005096261587774399,201.83349092069494,0.04929573845808641,0.0018737327309778467
0.1,37.5,97.35403884232544,0.002458029584619823,0.005337019733341152,0.005664581805426829,0.016540368878346465,0.0010350343313800495,0.0051224790629210894,202.5663925633521,0.04963441267034883,0.001899279647789571
0.1,37.75,96.62624090500917,0.002474468017007831,0.005332895156858379,0.005662536556728427,0.01653010027113963,0.0010345246683200577,0.005148540437074958,203.29381519888543,0.04997287831219897,0.0019249572614706996
0.1,38.0,95.90388135582215,0.0024910032728955767,0.005328747663327391,0.005660478818567752,0.016519770246943545,0.0010340118280115244,0.005174446330795583,204.01579976918362,0.05031113413375244,0.0019507647930644856
0.1,38.25,95.18691956056476,0.0025076357457417854,0.005324577158622125,0.005658408522709783,0.016509378574660567,0.0010334957957909858,0.00520019736080971,204.73238691019986,0.050649178880454976,0.0019767014667069166
0.1,38.5,94.47531518932153,0.002524365829514231,0.005320383546630405,0.005656325603106049,0.016498925022483575,0.0010329765574298789,0.005225794139933285,205.44361695361104,0.05098701129300967,0.0020027665096141005
0.1,38.75,93.76902821479203,0.0025411939187208465,0.005316166728013002,0.0056542299962595265,0.016488409358740876,0.001032454099323713,0.00525123727699715,206.1495299284872,0.0513246301073037,0.0020289591520695296
0.1,39.0,93.06801890637337,0.00255812040754914,0.0053119266100342686,0.0056521216374384895,0.016477831346712345,0.0010319284069561013,0.005276527377534248,206.85016556720507,0.05166203405463713,0.0020552786273667378
0.1,39.25,92.3722478307724,0.002575145690398426,0.005307663099135126,0.0056500004634117505,0.016467190748788937,0.0010313994660526918,0.005301665043283682,207.54556330483868,0.05199922186149605,0.0020817241718206225
0.1,39.5,91.68167585299456,0.0025922701619912627,0.005303376093728764,0.005647866414490699,0.01645648733152351,0.0010308672637124878,0.00532665087164476,208.23576227817267,0.05233619224904942,0.002108295024786075
0.1,39.75,90.99626412644498,0.002609494216584868,0.005299065502314117,0.005645719428732763,0.01644572085410248,0.0010303317855586132,0.005351485457052052,208.920801335595,0.05267294393411531,0.002134990428552624
0.1,40.0,90.31597409478582,0.0026268182482568504,0.00529473123400308,0.005643559444827389,0.016434891074646907,0.0010297930172234763,0.00537616939027249,209.60071903524275,0.05300947562859178,0.002161809628372268
0.1,40.25,89.64076748968768,0.002644242650815742,0.0052903731986820935,0.005641386401949688,0.0164239977502867,0.0010292509443201683,0.005400703258428182,210.27555364725043,0.053345786039423804,0.002188751872440792
0.1,40.5,88.97060632975176,0.002661767817837636,0.005285991305043149,0.00563920024051701,0.01641304063833643,0.0010287055527613688,0.005425087644871236,210.94534315482844,0.053681873868551465,0.00221581641188933
0.1,40.75,88.30545292281596,0.0026793941430457023,0.005281585451759183,0.005637000905512049,0.016402019501417293,0.0010281568301778578,0.0054493231285641375,211.6101252519603,0.05401773781265184,0.0022430025008089455
0.1,41.0,87.64526984917296,0.002697122018726988,0.0052771555564094675,0.0056347883352711745,0.016390934091326602,0.0010276047612600605,0.005473410286161073,212.2699373601736,0.05435337656384385,0.002270309396093455
0.1,41.25,86.99001997147435,0.0027149518368931977,0.0052727015316284724,0.005632562470593154,0.01637978416261941,0.0010270493315955146,0.0054973496903132,212.92481661864457,0.05468878880904685,0.0022977363575363606
0.1,41.5,86.33966642919444,0.0027328839888538453,0.005268223291790471,0.005630323252090791,0.016368569468999127,0.00102649052659072,0.00552114191015868,213.57479988973176,0.0550239732301182,0.002325282647780759
0.1,41.75,85.69417264261668,0.002750918866076245,0.005263720744778414,0.005628070624468841,0.01635728976641074,0.0010259283328353489,0.005544787510827515,214.21992375499357,0.055358928504200766,0.002352947532343349
0.1,42.0,85.05350230340483,0.002769056859002866,0.0052591938018418626,0.00562580453128658,0.016345944809602938,0.0010253627364656052,0.005568287054063901,214.86022452461205,0.0556936533032591,0.002380730279546425
0.1,42.25,84.41761936972749,0.002787298356561987,0.0052546423813151985,0.005623524912950051,0.016334534350907013,0.0010247937225461242,0.0055916410984692706,215.49573824226655,0.056028146293891044,0.0024086301604810947
0.1,42.5,83.78648807095402,0.0028056437471357383,0.005250066399429648,0.005621231711493304,0.016323058143675562,0.0010242212765929166,0.00561485019894802,216.12650068044223,0.056362406137718174,0.0024366464490361618
0.1,42.75,83.16007290312331,0.002824093418123757,0.005245465773597909,0.005618924868807054,0.016311515941205536,0.001023645384027535,0.00563791490692432,216.7525473449595,0.056696431491221375,0.002464778421863616
0.1,43.0,82.53833863747703,0.0028426477576565237,0.005240840416505379,0.00561660433200048,0.016299907495571874,0.0010230660312500264,0.005660835770142432,217.37391346644552,0.05703022100724579,0.0024930253584092505
0.1,43.25,81.9212502957747,0.0028613071507503003,0.0052361902487168335,0.005614270041857128,0.016288232560409996,0.0010224832033481034,0.005683613333138385,217.9906340250088,0.05736377333175397,0.0025213865407918354
0.1,43.5,81.30877316507716,0.002880071982066296,0.005231515189283907,0.0056119219413776145,0.01627649088900644,0.0010218968858030023,0.005706248136913974,218.6027437354634,0.05769708710622482,0.002549861253862225
0.1,43.75,80.70087279133776,0.0028989426351237694,0.005226815158164792,0.005609559973536942,0.016264682234908755,0.0010213070640493673,0.005728740719039066,219.21027705373555,0.058030160967021176,0.0025784487851658548
0.1,44.0,80.09751498015441,0.0029179194926040276,0.0052220900762324,0.00560718408191699,0.01625280635098084,0.001020713723504503,0.005751091613707928,219.8132681761121,0.058362993545788076,0.0026071484249362933
0.1,44.25,79.49866579565557,0.002937002936412997,0.00521733986528012,0.005604794210896895,0.016240862989144244,0.0010201168495774387,0.00577330135176811,220.41175104035466,0.05869558346957997,0.00263595946608134
0.1,44.5,78.90429154831465,0.0029561933463112867,0.005212564448013264,0.005602390303220335,0.016228851904189368,0.0010195164275582074,0.005795370460586419,221.00575933788318,0.059027929359378464,0.002664881204124845
0.1,44.75,78.31435880272977,0.0029754911011274847,0.005207763748066315,0.005599972302293052,0.0162167728502474,0.001018912442723134,0.005817299464208656,221.59532650599792,0.05936002983151225,0.0026939129372283684
0.1,45.0,77.72883437279938,0.002994896578340657,0.005202937690003887,0.005597540151494166,0.016204625581895542,0.0010183048803037561,0.005839088883333902,222.18048573270335,0.059691883497244885,0.0027230539661624357
0.1,45.25,77.14768532600368,0.0030144101543421696,0.005198086199360665,0.005595093794851025,0.016192409853180392,0.0010176937255442396,0.005860739235352774,222.7612699524269,0.060023488963315115,0.0027523035943217075
0.1,45.5,76.57087897113249,0.003034032203868639,0.005193209202588326,0.005592633175881494,0.016180125419395792,0.0010170789636060789,0.005882251034326378,223.33771185829053,0.06035484483104767,0.0027816611276542157
0.1,45.75,75.99838285995179,0.0030537631001328227,0.005188306627080787,0.005590158237979325,0.016167772036541316,0.001016460579601388,0.005903624791015201,223.9098439004443,0.06068594969666772,0.00281112587466296
0.1,46.0,75.43016478741966,0.0030736032148818743,0.005183378401191301,0.005587668924638937,0.016155349461022137,0.0010158385586128112,0.005924861012902794,224.47769828585038,0.06101680215149016,0.0028406971463999686
0.1,46.25,74.86619279162163,0.00309355291835023,0.005178424453794904,0.005585165179705357,0.01614285744988376,0.0010152128857782022,0.005945960204177508,225.0413069783479,0.0613474007820083,0.0028703742564612565
0.1,46.5,74.30643516629468,0.0031136125795068518,0.00517344471225463,0.005582646949224653,0.016130295760748117,0.001014583546739278,0.005966922865608615,225.60070168612975,0.06167774417078902,0.0029001565210557707
0.1,46.75,73.75086041062792,0.0031337825650143455,0.005168439109226668,0.005580114175209968,0.01611766415228327,0.001013950526145093,0.005987749495028664,226.15591391193882,0.06200783089349892,0.0029300432587010877
0.1,47.0,73.19943727147779,0.003154063240085961,0.005163407576442504,0.005577566801318851,0.01610496238388694,0.0010133138090214768,0.0060084405869226375,226.70697491085548,0.06233765952163097,0.002960033790469043
0.1,47.25,72.65213472841123,0.0031744549681684713,0.00515835004654774,0.005575004771161682,0.016092190215856363,0.0010126733803674484,0.006028996632569687,227.25391570525346,0.0626672286217045,0.0029901274398911487
0.1,47.5,72.10892199178723,0.0031949581108928187,0.005153266453103524,0.005572428028290624,0.016079347409447293,0.0010120292251559805,0.006049418120058841,227.79676708671843,0.06299653675526953,0.0030203235329415933
0.1,47.75,71.56976850083842,0.0032155730280247563,0.00514815673058799,0.0055698365161885735,0.016066433726932942,0.0010113813283347617,0.0060697055343047245,228.3355596179661,0.06332558247891104,0.003050621398020247
0.1,48.0,71.03464392175263,0.003236300077415495,0.0051430208143976985,0.005567230178258108,0.01605344893166296,0.0010107296748269607,0.006089859357063268,228.87032363476087,0.06365436434425331,0.0030810203659356653
0.1,48.25,70.50351816183388,0.003257139615344753,0.005137858639396113,0.005564608959767015,0.016040392787226382,0.0010100742498934604,0.0061098800668726435,229.40108923175526,0.06398288089910356,0.003111519769981412
0.1,48.5,69.97636138727884,0.003278091996952036,0.0051326701381353874,0.0055619728102337595,0.016027265056413085,0.0010094150395763709,0.006129768138977376,229.92788624471478,0.06431113068885194,0.003142118946033367
0.1,48.75,69.45314390761244,0.003299157573413846,0.005127455251126998,0.0055593216695877514,0.016014065507605677,0.001008752028144986,0.006149524045872613,230.45074436607612,0.0646391122484226,0.0031728172318731566
0.1,49.0,68.9338362879977,0.0033203366946819735,0.00512221391652137,0.00555665548205783,0.016000793908473105,0.0010080852006644435,0.006169148256788575,230.96969303264325,0.06496682411037243,0.0032036139678341107
0.1,49.25,68.41840931230797,0.0033416297085797665,0.005116946073272802,0.005553974191901206,0.015987450027980507,0.0010074145422094636,0.006188641237869096,231.48476146251332,0.06529426480241453,0.003234508496581078
0.1,49.5,67.90683398128307,0.003363036960754597,0.005111651661134166,0.005551277743401488,0.01597403363644403,0.0010067400378667905,0.0062080034521869885,231.99597865692039,0.06562143284742782,0.0032655001630938645
0.1,49.75,67.39908151068562,0.0033845587946303287,0.005106330620651594,0.005548566080866725,0.01596054450558564,0.0010060616727376346,0.006227235359759413,232.50337340207915,0.06594832676346656,0.0032965883146506684
0.1,50.0,66.89512332945719,0.0034061955513597793,0.005100982893159175,0.005545839148627433,0.0159469824085879,0.0010053794319401128,0.006246337417563239,233.0069742710286,0.06627494506377002,0.0033277723008115177
0.1,50.25,66.39493111239014,0.003427947570605039,0.005095608420658312,0.005543096893737841,0.015933347116733096,0.001004693300843673,0.006265310079613206,233.5068095909607,0.06660128625932173,0.0033590514736019446
0.1,50.5,65.8984767706122,0.003449815190305931,0.005090207145838059,0.005540339265373096,0.015919638400217206,0.0010040032650199722,0.006284153796963333,234.00290745273566,0.06692734885829238,0.0033904251874519137
0.1,50.75,65.40573232929634,0.003471798743743606,0.0050847790124722535,0.005537566205394116,0.01590585604012432,0.0010033093094357925,0.006302869017503176,234.4952958331701,0.06725313135715179,0.0034218927984805084
0.1,51.0,64.91667006718558,0.0034938985628836954,0.005079323964941855,0.005534777659417395,0.01589199981449135,0.0010026114194056277,0.006321456186230366,234.98400245551457,0.06757863225112164,0.003453453665299497
0.1,51.25,64.43126246899062,0.0035161149772312706,0.005073841948382532,0.005531973573229308,0.01587806950289119,0.0010019095802865806,0.006339915745182733,235.46905483705473,0.06790385003080483,0.003485107148731305
0.1,51.5,63.949482223656766,0.0035384483137859643,0.005068332908678983,0.0055291538927927965,0.015864064886476556,0.0010012037774815466,0.006358248133453872,235.95048029084478,0.06822878318220323,0.0035168526117930975
0.1,51.75,63.471302222630676,0.003560898896997087,0.00506279679245926,0.00552631856425407,0.015849985748023883,0.0010004939964423996,0.006376453787208714,236.4283059274404,0.06855343018673535,0.0035486894196808533
0.1,52.0,62.99669555812723,0.0035834670487187486,0.005057233547089094,0.005523467533949303,0.015835831871977155,0.000999780222673176,0.006394533139699094,236.90255865663195,0.06887778952125426,0.0035806169397534456
0.1,52.25,62.52563556692127,0.0036061530885899643,0.0050516431238344,0.005520600749297419,0.015821603040012518,0.0009990624414119994,0.00641248662152835,237.37326514365063,0.06920185966113211,0.003612634541796512
0.1,52.5,62.05809578224818,0.003628957333556933,0.0050460254746288674,0.005517718157904322,0.01580729903564418,0.0009983406379614624,0.0064303146604132565,237.84045185726993,0.0695256390771544,0.00364474159772157
0.1,52.75,61.5940498628563,0.003651880097182014,0.005040380547251493,0.0055148197062224085,0.015792919651078385,0.0009976147981802456,0.006448017680820974,238.304145140756,0.06984912623087476,0.0036769374811247077
0.1,53.0,61.13347170234764,0.0036749216906357607,0.005034708293050787,0.005511905341719196,0.015778464676328555,0.0009968849077024737,0.006465596104592216,238.76437110252223,0.0701723195821157,0.003709221567953313
0.1,53.25,60.67633538843494,0.0036980824222878662,0.005029008664224327,0.005508975012124733,0.015763933903097372,0.0009961509522161856,0.006483050350743426,239.2211556568738,0.07049521758635824,0.0037415932362504026
0.1,53.5,60.22261520131851,0.003721362597663314,0.00502328161382073,0.00550602866544044,0.015749327124809812,0.0009954129174657427,0.00650038083548295,239.67452452563063,0.0708178186947671,0.0037740518661393756
0.1,53.75,59.77228561206307,0.00374476251939852,0.005017527095741628,0.005503066249947945,0.015734644136646204,0.0009946707892542382,0.006517587972227201,240.12450323975065,0.07114012135421588,0.0038065968398087674
0.1,54.0,59.325321280974514,0.0037682824871974794,0.005011745064743655,0.005500087714217921,0.01571988473557524,0.000993924553445904,0.006534672171616828,240.57111714095294,0.07146212400731222,0.003839227541497003
0.1,54.25,58.88169710395641,0.0037919227970445047,0.005005935480343384,0.005497093005916605,0.0157050487184298,0.0009931741954565215,0.006551633841708608,241.01439133535644,0.07178382509503049,0.0038719433578075363
0.1,54.5,58.44138813782598,0.0038156837422923936,0.00500009830087608,0.005494082073645461,0.01569013588492036,0.0009924197010354747,0.0065684733877240395,241.4543507681711,0.07210522305276636,0.0039047436771905124
0.1,54.75,58.00436958560428,0.0038395656138213432,0.0049942334824331185,0.005491054867277944,0.015675146038201887,0.00099166105640781,0.006585191212017589,241.89102023840877,0.07242631630965071,0.00393762788983741
0.1,55.0,57.57061686160648,0.00386356869896142,0.004988340984290872,0.005488011336296583,0.015660078982185417,0.0009908982475647316,0.006601787714337182,242.32442433378642,0.07274710329220055,0.003970595388125178
0.1,55.25,57.14010556296469,0.0038876932818647887,0.004982420766728202,0.005484951430474739,0.01564493452266656,0.0009901312605525754,0.006618263291742026,242.75458745920594,0.07306758242288464,0.004003645566416076
0.1,55.5,56.712811468096874,0.0039119396434604305,0.004976472791035938,0.005481875099883145,0.015629712467354777,0.0009893600814742335,0.006634618338619118,243.18153383828508,0.0733877521201537,0.004036777821043057
0.1,55.75,56.28871053517577,0.003936308061408861,0.004970497019526342,0.005478782294896423,0.015614412625902662,0.0009885846964905814,0.006650853246699755,243.60528751488846,0.0737076107984706,0.004069991550295167
0.1,56.0,55.867778900597855,0.003960798810056851,0.0049644934155425825,0.00547567296619962,0.015599034809935235,0.0009878050918219019,0.006666968405076035,244.02587235465865,0.07402715686834058,0.004103286154402924
0.1,56.25,55.449992929062034,0.003985412158881815,0.004958461944539892,0.005472547063985809,0.015583578834326772,0.0009870212536826888,0.006682964200133634,244.4433119949321,0.07434638873889611,0.004136661035915548
0.1,56.5,55.03532911547385,0.004010148375272437,0.004952402572089853,0.005469404539476158,0.01556804451489584,0.0009862331684077285,0.0066988410157249835,244.85762994284454,0.07466530481314695,0.0041701155989532
0.1,56.75,54.62376411382999,0.004035007723593294,0.004946315264521449,0.005466245344449735,0.01555243166916981,0.0009854408224142612,0.006714599233136426,245.26884954644345,0.07498390348951597,0.004203649249423292
0.1,57.0,54.215274770012606,0.0040599904641350675,0.004940199989643314,0.005463069430712019,0.015536740117243888,0.0009846442021590966,0.0067302392310490365,245.67699396189008,0.07530218316356849,0.004237261395266487
0.1,57.25,53.80983810197757,0.004085096853604231,0.004934056716373598,0.00545987675038796,0.015520969681368499,0.0009838432941636375,0.0067457613855847875,246.0820861732731,0.0756201422271375,0.004270951446303296
0.1,57.5,53.407431298304886,0.004110327145075384,0.0049278854147511335,0.005456667255927229,0.01550512018598054,0.0009830380850152016,0.006761166070322921,246.48414899405807,0.0759377790683579,0.004304718814220081
0.1,57.75,53.00803171674913,0.004135681587943592,0.004921686055946594,0.005453440900109472,0.015489191457734629,0.00098222856136834,0.006776453656316327,246.88320506853685,0.07625509207170067,0.004338562912555068
0.1,58.0,52.61161688278986,0.0041611604278767094,0.004915458612273661,0.005450197636049556,0.015473183325534361,0.0009814147099461595,0.006791624512107914,247.27927687327718,0.07657207961800712,0.004372483156684348
0.1,58.25,52.21816455147491,0.004186763905757267,0.0049092030558683065,0.005446937418149442,0.015457095621959273,0.0009805965178592351,0.0068066790035800715,247.67238665527486,0.07688874008828177,0.004406478964303567
0.1,58.5,51.82765257059433,0.004212492259796055,0.004902919361548696,0.005443660200078723,0.015440928180310816,0.0009797739719276351,0.0068216174943280606,248.06255656878915,0.07720507185568709,0.004440549754353729
0.1,58.75,51.440058957623236,0.0042383457242329385,0.00489660750517673,0.005440365935952328,0.015424680836372294,0.0009789470590755999,0.006836440345469649,248.44980859839444,0.07752107329023314,0.004474694947621137
0.1,59.0,51.0553619063872,0.004264324529159642,0.004890267463498448,0.005437054580457137,0.015408353428619062,0.0009781157663735834,0.006851147915640085,248.8341645523142,0.07783674275929364,0.004508913966786948
0.1,59.25,50.6735397726617,0.004290428900678839,0.004883899214427717,0.00543372608866354,0.015391945797964195,0.0009772800809745878,0.00686574056104263,249.21564607682234,0.07815207862687114,0.004543206236311759
0.1,59.5,50.29457107280052,0.0043166590608552415,0.00487750273705575,0.005430380416031848,0.01537545778779145,0.0009764399901158742,0.006880218635464725,249.59427465761462,0.0784670792536358,0.004577571182422223
0.1,59.75,49.918434482364034,0.004343015227666693,0.004871078011660639,0.005427017518418717,0.015358889243988243,0.000975595481120675,0.00689458249029416,249.97007162118047,0.07878174299696426,0.0046120082330976635
0.1,60.0,49.5451088347475,0.004369497614955257,0.004864625019716869,0.005423637352083555,0.01534224001497861,0.0009747465413999046,0.0069088324745352455,250.34305813617445,0.07909606821097843,0.004646516818056696
0.1,60.25,49.174573181131336,0.004396106432403924,0.004858143743546548,0.005420239874622133,0.015325509951161687,0.0009738931585443055,0.006922968934831615,250.71325515346217,0.07941005325080365,0.004681096369234272
0.1,60.5,48.80680666590678,0.0044228418854362316,0.004851634167048792,0.005416825043110175,0.015308698906139093,0.0009730353201444668,0.006936992215469063,251.08068353070215,0.07972369646413041,0.004715746319782968
0.1,60.75,48.441788581463555,0.00444970417519082,0.0048450962753811165,0.005413392814958904,0.015291806736203452,0.0009721730138753563,0.006950902658397794,251.4453639775546,0.08003699619511741,0.004750466104508746
0.1,61.0,48.079498391397095,0.004476693498482783,0.0048385300548253445,0.005409943148293088,0.015274833300133076,0.0009713062275342796,0.006964700603251249,251.8073170324726,0.08034995078612144,0.004785255160054144
0.1,61.25,47.71991571183663,0.004503810047747541,0.004831935492898215,0.0054064760016958825,0.015257778459392655,0.0009704349490170784,0.006978386387360404,252.16656308137505,0.08066255857654583,0.0048201129247465255
0.1,61.5,47.36302031015617,0.0045310540109919535,0.004825312578360422,0.005402991334216491,0.015240642078165426,0.0009695591663199633,0.006991960345769946,252.52312235893538,0.08097481790288513,0.004855038838585368
0.1,61.75,47.00879210368546,0.0045584255717454536,0.00481866130122566,0.0053994891053778344,0.015223424023385345,0.0009686788675413471,0.007005422811254454,252.87701494987076,0.08128672709876943,0.004890032343229533
0.1,62.0,46.657211158420886,0.0045859249090111675,0.004811981652769658,0.0053959692751842135,0.015206124164769255,0.0009677940408836784,0.007018774114334578,253.228260790231,0.081598284495009,0.004925092881984549
0.1,62.25,46.308257741100626,0.004613552197384407,0.00480527362648776,0.0053924318039377615,0.015188742373924365,0.0009669046744951699,0.007032014583380338,253.57687961531903,0.08190948842343672,0.004960219900242914
0.1,62.5,45.961912218810156,0.004641307606692969,0.004798537216342393,0.005388876652601224,0.015171278526097707,0.0009660107567689703,0.007045144544465502,253.92289106009326,0.08222033720989927,0.004995412844630034
0.1,62.75,45.61815508640206,0.004669191302038299,0.004791772417282394,0.005385303782702755,0.015153732499710844,0.000965112276258865,0.007058164321430634,254.26631463174527,0.08253082917634474,0.005030671163235219
0.1,63.0,45.27696700362262,0.004697203443867101,0.004784979225934887,0.005381713156205933,0.015136104175726372,0.0009642092215658532,0.007071074235961995,254.60716967257028,0.08284096264360137,0.005065994305925087
0.1,63.25,44.938328773927935,0.00472534418786006,0.004778157640260691,0.005378104735588711,0.01511839343802483,0.0009633015813996701,0.007083874607575232,254.94547538115225,0.083150735930006,0.005101381724161946
0.1,63.5,44.602221343274024,0.004753613684883226,0.004771307659564774,0.005374478483850798,0.015100600173435494,0.0009623893445803829,0.007096565753631695,255.28125081357393,0.08346014735145434,0.005136832870991747
0.1,63.75,44.26862579890705,0.0047820120809393745,0.004764429284506699,0.005370834364521044,0.015082724271767173,0.0009614725000399863,0.007109147989354738,255.6145148846264,0.083769195221451,0.0051723472010320294
0.1,64.0,43.93752336815344,0.00481053951711939,0.004757522517111075,0.005367172341664819,0.01506476562583901,0.0009605510368239975,0.007121621627846029,255.94528636901893,0.08407787785115976,0.005207924170459878
0.1,64.25,43.608895460335354,0.0048391961294665204,0.004750587361304874,0.005363492379359787,0.015046724131603113,0.0009596249440048224,0.007133986980118844,256.2735838594593,0.0843861935525186,0.005243563237399584
0.1,64.5,43.28272359325103,0.004867982049073817,0.00474362382204446,0.005359794442594655,0.01502859968802136,0.0009586942108312898,0.007146244355085891,256.5994258401802,0.08469414063315077,0.005279263861240379
0.1,64.75,42.958989395824666,0.004896897402027708,0.004736631905373185,0.005356078497228976,0.015010392197104424,0.0009577588267223498,0.007158394059577145,256.9228306842888,0.08500171739668924,0.005315025502660161
0.1,65.0,42.637674654270796,0.004925942309263679,0.0047296116190106265,0.005352344509416546,0.014992101564043443,0.0009568187811717476,0.007170436398374805,257.243816607598,0.08530892214619383,0.005350847624052544
0.1,65.25,42.318761290166,0.004955116886559497,0.004722562972109908,0.00534859244586818,0.014973727697196708,0.0009558740637920054,0.007182371674221451,257.5624016905562,0.08561575318272881,0.005386729689322769
0.1,65.5,42.00223135931016,0.00498442124448644,0.004715485975269024,0.005344822273858225,0.014955270508120604,0.000954924664315874,0.007194200187836372,257.8786038793866,0.08592220880541813,0.005422671163876321
0.1,65.75,41.68806705058764,0.005013855488360524,0.004708380640542148,0.005341033961231058,0.014936729911600562,0.0009539705725977822,0.007205922237931905,258.19244098722515,0.08622828731150067,0.005458671514607534
0.1,66.0,41.3762506848285,0.005043419718193737,0.004701246981450958,0.005337227476407595,0.014918105825682003,0.0009530117786152871,0.007217538121229772,258.50393069525984,0.08653398699638537,0.005494730209888197
0.1,66.25,41.066764748848975,0.005073114028693271,0.004694085012449481,0.0053334027883416655,0.014899398172249875,0.0009520482725487711,0.00722904813243439,258.8130905186867,0.08683930615634969,0.0055308467199075215
0.1,66.5,40.75959184298677,0.0051029385091427145,0.0046868947497326965,0.00532955986659966,0.01488060687625922,0.0009510800446687319,0.007240452564311975,259.11993785917895,0.08714424308473837,0.005567020516148132
0.1,66.75,40.45471466407247,0.005132893243331592,0.00467967621149468,0.005325698681389678,0.014861731865518342,0.0009501070853018898,0.0072517517077263175,259.42449002191705,0.08744879607082486,0.005603251071215972
0.1,67.0,40.15211605900705,0.0051629783095812655,0.004672429417089973,0.005321819203490061,0.014842773071572994,0.0009491293849543397,0.007262945851588191,259.72676416200596,0.08775296340397755,0.0056395378593754
0.1,67.25,39.85177900215559,0.005193193780666868,0.0046651543873783684,0.005317921404286489,0.014823730429402568,0.0009481469342652525,0.007274035282897954,260.02677730708365,0.08805674337210201,0.00567588035632338
0.1,67.5,39.553686594273394,0.005223539723768626,0.004657851144735219,0.005314005255778399,0.01480460387745205,0.0009471597240084695,0.007285020286761795,260.32454635839434,0.08836013426170115,0.005712278039178748
0.1,67.75,39.257822061432115,0.005254016200423166,0.004650519713061748,0.005310070730585392,0.014785393357663986,0.000946167745094098,0.0072959011464079964,260.62008809186284,0.08866313435793519,0.005748730386471469
0.1,68.0,38.9641687539459,0.005284623266474847,0.0046431601177953545,0.005306117801953651,0.01476609881551044,0.0009451709885701044,0.007306678143203188,260.9134191591678,0.08896574194468182,0.005785236878131889
0.1,68.25,38.672710175038944,0.00531536097258945,0.0046357723850751105,0.005302146444039419,0.014746720200030315,0.0009441694457165687,0.007317351556652113,261.20455605907233,0.08926795530706168,0.005821796995791259
0.1,68.5,38.38342994435334,0.005346229363535775,0.004628356542758135,0.005298156631585458,0.014727257463854925,0.0009431631079369336,0.007327921664433525,261.4935151739183,0.0895697727285624,0.0058584102224003174
0.1,68.75,38.096311763628,0.005377228477508286,0.004620912621374295,0.005294148339617743,0.01470771056323397,0.0009421519666560193,0.007338388742434871,261.7803128039497,0.08987119248834274,0.0058950760418705955
0.1,69.0,37.81133947860611,0.005408358347269339,0.004613440652347521,0.005290121544038595,0.014688079458078838,0.0009411360135178338,0.007348753064733631,262.0649651054006,0.09017221286651346,0.005931793939722813
0.1,69.25,37.52849705506098,0.005439618999667491,0.004605940668656592,0.005286076221419758,0.014668364111990451,0.0009401152403158228,0.007359014903626277,262.3474881144709,0.09047283214229905,0.005968563402836468
0.1,69.5,37.24776857778442,0.005471010455589981,0.004598412704843687,0.005282012349009399,0.014648564492291228,0.0009390896389946579,0.007369174529644486,262.62789774833783,0.09077304859410304,0.00600538391943975
0.1,69.75,36.969138249574904,0.005502532729915231,0.004590856797022923,0.005277929904739087,0.014628680570057053,0.0009380592016520247,0.007379232211571367,262.9062098061677,0.09107286049957317,0.006042254979099441
0.1,70.0,36.69259039022596,0.005534185831465337,0.0045832729828889,0.005273828867230799,0.014608712320149259,0.0009370239205404116,0.007389188216457682,263.18243997012723,0.09137226613566664,0.00607917607271083
0.1,70.25,36.41810945685188,0.005565969763786294,0.004575661301302889,0.005269709215916068,0.014588659720729043,0.000935983788075376,0.007399042809662891,263.45660378505664,0.09167126378059405,0.006116146692720862
0.1,70.5,36.14568002649848,0.0055978845244651675,0.004568021792625554,0.005265570930956886,0.014568522753686686,0.0009349387968323601,0.007408796254852323,263.72871667585974,0.09196985171244265,0.006153166332939019
0.1,70.75,35.87528675148993,0.005629930103389627,0.004560354499589331,0.005261413993023289,0.014548301405732048,0.0009338889395352289,0.007418448813962617,263.9987939921594,0.09226802820539907,0.006190234488050175
0.1,71.0,35.60691441855178,0.005662106485033212,0.004552659466116663,0.0052572383836164555,0.014527995666967964,0.0009328342090763162,0.007428000747287916,264.266850949171,0.09256579153510926,0.006227350654261853
0.1,71.25,35.340547927584055,0.005694413647623631,0.004544936737728686,0.005253044084969438,0.014507605531412539,0.0009317745985120755,0.007437452313472561,264.53290264893036,0.09286313997696373,0.006264514329073147
0.1,71.5,35.07617229072143,0.005726851563098042,0.004537186361552347,0.005248831080054528,0.014487130997029377,0.0009307101010648901,0.007446803769527403,264.79696408123357,0.09316007180616928,0.006301725011265427
0.1,71.75,34.81377263139353,0.005759420197058339,0.0045294083863275224,0.005244599352590629,0.014466572065757802,0.0009296407101248829,0.0074560553708461035,265.0590501245763,0.09345658529782043,0.006338982200893026
0.1,72.0,34.55333418341243,0.005792119508728158,0.004521602862413556,0.005240348887050512,0.014445928743542068,0.0009285664192516675,0.0074652073712215,265.3191755470665,0.09375267872697352,0.00637628539927425
100.0,0.0,300.0,0.028124999999999997,0.0,0.0018750000000000017,0.0,0.0,0.0,0.0,0.0,0.0
100.0,0.25,297.7495383097908,0.019234540445342754,0.008539212411553369,0.0019378673078002482,0.0002883798354082519,8.574109656417697e-05,1.0886583243595588e-06,2.241544825313895,2.4417956883513663e-06,1.0978709923825975e-09
100.0,0.5,295.5213261194344,0.01584252949017047,0.01124173590816067,0.0023753753935878328,0.0005403592082281505,0.0005647359708890708,1.541573278946877e-05,4.46629821718538,1.33841850198379e-05,3.237535962681083e-08
100.0,0.75,293.3116866895474,0.01442739496158205,0.011912297065440244,0.0031444065783967135,0.0005159013947718496,0.0013793839312259857,6.308613913095837e-05,6.674410981020082,3.144926564383796e-05,2.1163647272719027e-07
100.0,1.0,291.11924076422287,0.013747030185065815,0.011894009026580157,0.003954477886559166,0.0004044829019852069,0.0022360894443881943,0.00015322512291900264,8.86601644191925,5.425265172347372e-05,7.347104085694366e-07
100.0,1.25,288.9434184423746,0.013353234711560821,0.011660214252914216,0.004667320158127493,0.00031923087758757313,0.002994671661430289,0.0002833874189748194,11.04124113021627,8.111248697424033e-05,1.8107113071018643e-06
100.0,1.5,286.78393875861934,0.013081847112230352,0.011375141244007047,0.00527707686568081,0.0002659347782718982,0.003648039038282978,0.0004480402476256995,13.20020856752045,0.0001118925332897353,3.626018720535913e-06
100.0,1.75,284.64062438862067,0.012871866882653533,0.011093727541828455,0.005802388739792383,0.00023201683591574134,0.004214310551055331,0.0006422130832696024,15.343040622135566,0.00014638096711736738,6.3402645141678784e-06
100.0,2.0,282.51333529479996,0.012699564076482251,0.010832690590625258,0.006258245571003698,0.00020949976207890108,0.004708341091448099,0.0008618049445299375,17.469857995526066,0.00018428280662133073,1.0090478638330173e-05
100.0,2.25,280.4019451513745,0.012554715595918482,0.010595608674541268,0.0066556114660013205,0.00019406426372903755,0.005141129095746235,0.0011033731584217093,19.58078039852934,0.0002252799899286387,1.499491377540428e-05
100.0,2.5,278.30633301296007,0.012432117663109258,0.010381722418471734,0.00700291989838166,0.00018324002022745403,0.0055212148970223175,0.0013639749435273682,21.675926617621524,0.0002690612281642632,2.1155910955197614e-05
100.0,2.75,276.22638037140075,0.012328539682514912,0.010189000715241496,0.0073069328590203535,0.00017552674341334666,0.005855497935834458,0.0016410646981396908,23.755414542354668,0.000315334026796401,2.8662125144985464e-05
100.0,3.0,274.1619701171927,0.012241615030809103,0.010015186984222425,0.007573229781678294,0.00016996820348028616,0.006149706371851466,0.001932422899083621,25.819361179076633,0.0003638289484231943,3.759032352227935e-05
100.0,3.25,272.11298617370903,0.01216942474649922,0.009858137526161272,0.0078065069842223195,0.0001659307433072989,0.006408687058644168,0.0022361038338993846,27.867882659814587,0.0004143004353016834,4.800687907077501e-05
100.0,3.5,270.07931336855717,0.01211033147614247,0.009715914591311029,0.008010772844145446,0.00016298108859116747,0.0066365958570348315,0.0025503953399718454,29.90109424945668,0.0004665260743524451,5.996903492278591e-05
100.0,3.75,268.06083738790295,0.012062905337143897,0.009586796931717333,0.008189482223339555,0.00016081550798933216,0.006837029508698812,0.0028737866501775356,31.919110352334044,0.0005203051754029432,7.352598901132341e-05
100.0,4.0,266.0574447593697,0.01202588474828918,0.009469264618117071,0.008345633717313833,0.000159216916470033,0.0070131215751406935,0.0032049420189643406,33.92204451858603,0.0005754570826276001,8.871983294584429e-05
100.0,4.25,264.0690228443344,0.01199815138549016,0.009361977651513219,0.008481843083735695,0.0001580278794510412,0.007167615255278635,0.003542678641065071,35.91000945043923,0.0006318194286303456,0.00010558637040458628
100.0,4.5,262.0954598330797,0.011978711636396496,0.009263754676536843,0.008600400667157544,0.00015713302009922963,0.007302920612543806,0.0038859479012685614,37.88311700844172,0.0006892464343988204,0.00012415583373255238
100.0,4.75,260.13664474057083,0.011966681562875609,0.009173553658464326,0.008703317573348208,0.00015644720550196938,0.0074211608004291045,0.004233819281866855,39.84147821766385,0.0007476073054328314,0.00014445351367864268
100.0,5.0,258.1924674021697,0.011961274140428146,0.009090454860415771,0.008792363616894618,0.00015590738245157803,0.007524210212767399,0.0045854664471655735,41.78520327386744,0.0008067847458310964,0.00016650031420254404
100.0,5.25,256.26281846912093,0.011961788191052859,0.009013645968612208,0.008869099023841476,0.000155466816683568,0.0076137264794485324,0.004940155133283577,43.71440154964202,0.0008666735964050396,0.00019031324258619387
100.0,5.5,254.34758940379592,0.011967598700988109,0.008942409136247402,0.008934901227578005,0.00015509093537659574,0.0076911776080051085,0.005297232579211822,45.6291816005062,0.0009271795964574983,0.00021590584256358744
100.0,5.75,252.44667247473728,0.011978148291131323,0.008876109664886065,0.008990987758200102,0.00015475428597262015,0.007757865245077819,0.005656118253790651,47.52965117097266,0.0009882182620084233,0.00024328857830343886
100.0,6.0,250.5599607515407,0.011992939694373322,0.008814186118797659,0.009038435907829313,0.0001544382791898156,0.007814944724333724,0.006016295712901772,49.415917200575336,0.0010497138740095601,0.00027246917468195175
100.0,6.25,248.6873480996149,0.012011529105344107,0.008756141667688061,0.00907819972972619,0.00015412949743175283,0.007863442447202272,0.006377305428295824,51.28808582985761,0.001111598567484043,0.0003034529193346189
100.0,6.5,246.82872917484906,0.012033520282788422,0.008701536482283327,0.009111124815619657,0.00015381841949870125,0.007904271033819138,0.006738738450812281,53.14626240632131,0.0011738115117304398,0.0003362429314310806
100.0,6.75,244.98399941821046,0.012058559337238251,0.008649981076104537,0.009137961133091795,0.00015349845375552595,0.007938242521009562,0.007100230827472051,54.99055149033491,0.0012362981761704112,0.0003708404000304176
100.0,7.0,243.15305505029693,0.012086330105478766,0.00860113044391107,0.009159374251250985,0.0001531651995492881,0.00796607993262417,0.007461458658103777,56.821056861000955,0.001299009671496905,0.00040724479634689546
100.0,7.25,241.33579306585588,0.012116550035708254,0.008554678893940208,0.009175955182952264,0.0001528158875893836,0.007988427448986502,0.007822133709064975,58.6378815219831,0.001361902158298394,0.00044545406307988015
100.0,7.5,239.53211122828304,0.012148966540302139,0.008510355507117656,0.009188229001284914,0.00015244895148540106,0.008005859331998216,0.008181999533712844,60.44112770729143,0.0014249363184285187,0.00048546478272388713
100.0,7.75,237.7419080641136,0.012183353752690858,0.008467920129652808,0.009196662416111195,0.00015206370173524803,0.008018887791617798,0.008540828027523378,62.23089688702665,0.0014880768814378993,0.000527272327703815
100.0,8.0,235.96508285751244,0.01221950964251036,0.008427159837863902,0.009201670441539599,0.0001516600782762508,0.008027969924719882,0.008898416368767453,64.00728977308286,0.0015512922007284468,0.0005708709942797393
100.0,8.25,234.20153564476976,0.012257253443135569,0.008387885812062148,0.009203622281406499,0.000151238463585893,0.00803351385423133,0.009254584294672717,65.77040632480974,0.0016145538736300465,0.0006162541222445283
100.0,8.5,232.4511672088095,0.0122964233701523,0.008349930586027014,0.009202846502480311,0.00015079954153048467,0.00803588413816565,0.009609171688099289,67.52034575463254,0.0016778364026734033,0.0006634142013997537
100.0,8.75,230.71387907371567,0.012336874590907487,0.008313145616081485,0.009199635601818797,0.00015034419138234173,0.008035406556108874,0.009962036430707488,69.25720653363067,0.0017411168927039431,0.0007123429666157799
100.0,9.0,228.98957349927912,0.012378477408227855,0.008277399123839941,0.009194250058223268,0.00014987340989904715,0.008032372364511093,0.010313052484412836,70.98108639707607,0.0018043747790228654,0.0007630314830640077
100.0,9.25,227.27815347556597,0.012421115635342253,0.008242574182545105,0.009186921928817364,0.00014938825348538747,0.008027042082775207,0.01066210817669674,72.69208234993239,0.001867591583445155,0.0008154702226399683
100.0,9.5,225.57952271751486,0.012464685164467689,0.008208567045506945,0.009177857992837539,0.0001488897973779353,0.008019648811347858,0.011009104690744561,74.39029067230997,0.0019307506986309315,0.000869649131498214
100.0,9.75,223.89358565956346,0.01250909268245404,0.00817528565439942,0.009167242557932,0.00014837910540464795,0.008010401199981554,0.011353954709817966,76.07580692488212,0.0019938371939211717,0.0009255576908558916
100.0,10.0,222.2202474503047,0.012554254521978486,0.008142648315549944,0.009155239952896119,0.0001478572097655593,0.007999486090501532,0.011696581205135687,77.74872595426149,0.00205683764127891,0.0009831849715135432
100.0,10.25,220.5594139471743,0.01260009563623482,0.00811058252880297,0.009141996737625797,0.0001473250975265209,0.007987070865520121,0.012036916354578731,79.40914189833693,0.0021197399596412313,0.0010425196826312887
100.0,10.5,218.91099171117003,0.012646548682464726,0.008079023949615441,0.009127643665693833,0.0001467837024161098,0.007973305539404913,0.012374900576489193,81.057148191571,0.0021825332755531918,0.0011035502154323892
100.0,10.75,217.27488800160808,0.012693553212484323,0.008047915478645277,0.009112297408948844,0.0001462339001116658,0.007958324600774237,0.012710481675300651,82.69283757025538,0.002245207799686808,0.0011662646819619014
100.0,11.0,215.65101077091447,0.012741054946854874,0.008017206449593462,0.009096062097688696,0.0001456765060530784,0.007942248661888869,0.013043614074323142,84.31630207772781,0.0023077547158070503,0.0012306509499730185
100.0,11.25,214.03926865944925,0.012789005120326857,0.007986851902600725,0.009079030701709,0.00014511227555352932,0.007925185941183901,0.013374258123864943,85.9276330695525,0.002370166080523169,0.0012966966744576303
100.0,11.5,212.43957099036842,0.012837359902800417,0.007956811947621495,0.009061286244486542,0.0001445419052816586,0.007907233570573862,0.013702379489033203,87.52692121865891,0.002432434734466718,0.0013643893256210294
100.0,11.75,210.85182776451768,0.012886079874374812,0.007927051191662588,0.009042902898573563,0.0001439660355791494,0.007888478777706107,0.014027948594597694,89.1142565204467,0.0024945542216798064,0.0014337162143003993
100.0,12.0,209.27594965536653,0.012935129564565107,0.007897538240100055,0.009023946942120874,0.00014338525340407482,0.007868999921817806,0.014350940136890752,90.68972829784816,0.0025565187186608073,0.0015046645143749452
100.0,12.25,207.7118480039796,0.012984477040718041,0.007868245253353758,0.009004477610632432,0.00014280009548587973,0.007848867418774422,0.014671332646707067,92.25342520635233,0.0026183229707803573,0.0015772212828768558
100.0,12.5,206.1594348140236,0.013034093537245712,0.00783914754987511,0.008984547861352842,0.0001422110517164466,0.007828144573462342,0.014989108094895062,93.80543523899334,0.0026799622348784176,0.001651373478171049
100.0,12.75,204.61862274680917,0.013083953122517948,0.007810223252770538,0.008964205056239516,0.00014161856866211041,0.007806888325718397,0.015304251537887744,95.34584573130174,0.002741432227648393,0.0017271079763248984
100.0,13.0,203.08932511637232,0.013134032403954141,0.007781452979921538,0.008943491563360762,0.00014102305295367117,0.007785149909495746,0.015616750803486809,96.87474336621622,0.0028027290798573793,0.0018044115856506854
100.0,13.25,201.57145588458377,0.013184310257197716,0.007752819561151433,0.008922445307232367,0.00014042487460859694,0.00776297545754815,0.015926596202001066,98.39221417896648,0.0028638492942485113,0.0018832710600926738
100.0,13.5,200.06492965630054,0.013234767590070912,0.007724307793999197,0.008901100245954592,0.00013982437016540897,0.0077404065279781335,0.016233780273792003,99.89834356191376,0.002924789708730636,0.0019636731109545498
100.0,13.75,198.56966167455965,0.013285387136189743,0.007695904231492397,0.008879486786926072,0.00013922184558190005,0.0077174805649421795,0.016538297567646725,101.39321626934928,0.0029855474640525887,0.0020456044172148654
100.0,14.0,197.08556781580134,0.013336153263693105,0.007667596985698111,0.008857632171847278,0.00013861757895161723,0.007694231326158165,0.016840144434821812,102.87691642226403,0.00304611997376247,0.0021290516351182886
100.0,14.25,195.61256458512736,0.013387051804151149,0.0076393755538090745,0.008835560819141346,0.00013801182308854307,0.007670689264571216,0.017139318844601105,104.34952751308239,0.003106504897298385,0.00221400140677705
100.0,14.5,194.15056911159758,0.013438069900749586,0.007611230665567966,0.00881329462598986,0.00013740480788269871,0.007646881866432966,0.01743582022040761,105.81113241035814,0.0031667001160727705,0.0023004403678244015
100.0,14.75,192.69949914356678,0.01348919587510095,0.007583154150183922,0.008790853232482848,0.00013679674242239104,0.007622833948359522,0.01772964929532434,107.26181336343026,0.003226703712385051,0.0023883551541700417
100.0,15.0,191.25927304402762,0.013540419094307388,0.007555138803999652,0.008768254284771146,0.0001361878171119268,0.007598567953171621,0.0180208079682506,108.70165200707258,0.003286513948428464,0.002477732408723211
100.0,15.25,189.8298097860191,0.013591729867680443,0.00752717828979934,0.008745513637292706,0.00013557820541762269,0.0075741041797563,0.018309299191276555,110.13072936607801,0.003346129249845644,0.002568558786671245
100.0,15.5,188.4110289480811,0.013643119356725198,0.007499267049280316,0.008722645528799146,0.00013496806538545395,0.007549460984114289,0.018595126870903967,111.54912585979768,0.0034055481913058145,0.0026608209601083036
100.0,15.75,187.00285070971228,0.013694579481583992,0.007471400210728774,0.008699662766667213,0.00013435754121013488,0.0075246549891249325,0.018878295765223083,112.95692130667696,0.003464769481493356,0.002754505622846226
100.0,16.0,185.60519584685386,0.013746102839115508,0.007443573509944569,0.00867657688648005,0.00013374676464998666,0.007499701267545927,0.019158811393752435,114.35419492876554,0.0035237919499416974,0.0028495994946397245
100.0,16.25,184.21798572746837,0.013797682643853278,0.007415783233546088,0.00865339826670543,0.0001331358560853173,0.007474613475351509,0.01943667997118892,115.74102535613366,0.0035826145373570564,0.0029460893242844025
100.0,16.5,182.8411423070913,0.01384931265763024,0.007388026152290461,0.008630136264548283,0.00013252492572112884,0.00744940400819269,0.019711908330132682,117.11749063131464,0.003641236284333014,0.0030439618932291434
100.0,16.75,181.474588124426,0.013900987131708393,0.007360299466000912,0.008606799327859094,0.0001319140746217128,0.0074240841315561905,0.019984503856418347,118.48366821370475,0.0036996563219043976,0.0031432040185976925
100.0,17.0,180.11824629697335,0.013952700755423347,0.007332600755945767,0.008583395093193598,0.00013130339562740173,0.007398664095533291,0.02025447443187763,119.83963498392845,0.003757873863185346,0.0032438025558586725
100.0,17.25,178.77204051676375,0.014004448622208886,0.007304927954296821,0.00855993044971909,0.00013069297396531382,0.007373153211466849,0.020521828395631832,121.1854672481024,0.0038158881977107414,0.003345744400616437
100.0,17.5,177.43589504592362,0.01405622616431712,0.007277279281632699,0.008536411665840241,0.00013008288840005164,0.007347559998301082,0.02078657447164051,122.52124074226342,0.0038736986808547195,0.003449016491997836
100.0,17.75,176.10973471258637,0.01410802914906525,0.0072496532460269575,0.008512844393749908,0.00012947321134799665,0.007321892192932136,0.021048721762173914,123.84703063645522,0.003931304732866969,0.0035536058129153835
100.0,18.0,174.79348490653143,0.014159853622454047,0.00722204858923101,0.008489233778630551,0.00012886400987450488,0.007296156876860724,0.021308279684994304,125.16291153908476,0.00398870582969639,0.0036594993929928853
100.0,18.25,173.4870715750294,0.014211695890584979,0.007194464270485715,0.008465584493064122,0.00012825534605529694,0.00727036051956696,0.021565257950897757,126.46895750107416,0.0040459014997031514,0.003766684309579403
100.0,18.5,172.19042121871985,0.014263552495221685,0.0071668994444588855,0.008441900783101083,0.00012764727740845967,0.007244509034116518,0.021819666535549228,127.7652420199799,0.004102891319537349,0.0038751476890211923
100.0,18.75,170.90346088735376,0.014315420179154352,0.0071393534295450525,0.008418186533955053,0.00012703985753565527,0.007218607855607016,0.022071515639955776,129.0518380442466,0.004159674908360845,0.0039848767084881016
100.0,19.0,169.6261181758166,0.014367295877224611,0.007111825701373375,0.008394445285304525,0.000126433136287601,0.007192661961864015,0.022320815679417783,130.32881797718167,0.004216251926222194,0.004095858596424157
100.0,19.25,168.35832122001986,0.014419176693667565,0.007084315871916483,0.008370680274417522,0.00012582716018854365,0.007166675925877664,0.022567577256893807,131.59625368106123,0.004272622070158133,0.0042080806337491915
100.0,19.5,167.0999986927193,0.014471059875060392,0.007056823665478423,0.008346894486724814,0.00012522197292648456,0.007140653976916744,0.022811811132008177,132.8542164813083,0.0043287850696603165,0.004321530155272663
100.0,19.75,165.8510797997702,0.014522942815559221,0.007029348924460172,0.008323090644906841,0.00012461761526387727,0.007114599990677414,0.023053528225282015,134.10277717023735,0.004384740687276805,0.004436194549399436
100.0,20.0,164.61149427576996,0.014574823017158628,0.007001891573339836,0.008299271283924785,0.00012401412576686305,0.007088517578679532,0.023292739573094554,135.34200601140677,0.004440488712031147,0.0045520612602255916
100.0,20.25,163.38117238057072,0.014626698108251231,0.006974451636320297,0.008275438715126374,0.0001234115404922101,0.007062410048953258,0.023529456346695433,136.571972743108,0.004496028962177598,0.004669117786518462
100.0,20.5,162.1600448948368,0.014678565801891693,0.006947029199851697,0.008251595104712656,0.00012280989373406753,0.007036280499871998,0.023763689804846028,137.79274658280258,0.00455136127828281,0.004787351683931645
100.0,20.75,160.94804311668838,0.014730423914865029,0.0069196244299240305,0.00822774243769922,0.0001222092177018331,0.007010131779784416,0.0239954513135778,139.0043962304805,0.004606485526088144,0.0049067505639365265
100.0,21.0,159.74509885731558,0.014782270334389298,0.006892237542874059,0.008203882579801964,0.00012160954312479341,0.00698396656209172,0.024224752308046008,140.20698987304164,0.0046614015909350725,0.005027302095595756
100.0,21.25,158.55114443763125,0.014834103029997657,0.006864868816056279,0.00818001725509929,0.00012101089903688664,0.006957787320148222,0.0244516043048396,141.40059518764414,0.004716109379540285,0.005148994004848709
100.0,21.5,157.36611268399355,0.0148859200296715,0.006837518566975861,0.008156148090314373,0.00012041331322838182,0.006931596381999026,0.024676018873941646,142.58527934597845,0.004770608815894672,0.005271814075794315
100.0,21.75,156.1899369248762,0.014937719427795705,0.006810187161247629,0.008132276599053885,0.00011981681209289603,0.006905395912710145,0.024898007647389028,143.76110901759753,0.004824899842505438,0.005395750150151624
100.0,22.0,155.0225509867017,0.01498949936702847,0.006782874996071503,0.008108404216115328,0.00011922142097481497,0.006879187957229388,0.025117582297219155,144.9281503740812,0.004878982417167318,0.005520790128247201
100.0,22.25,153.86388919057927,0.015041258046506379,0.006755582508243543,0.008084532281416352,0.00011862716402384171,0.006852974422215671,0.025334754544426207,146.08646909229896,0.004932856514247324,0.005646921968459624
100.0,22.5,152.71388634790446,0.015092993698166926,0.006728310153403367,0.008060662083992655,0.00011803406462716868,0.006826757130747433,0.02554953613084393,147.23613035880666,0.00498652212057367,0.005774133688509653
100.0,22.75,151.57247775768087,0.015144704608160519,0.006701058424895702,0.008036794822113592,0.00011744214502030209,0.0068005377748200195,0.025761938843151113,148.377198872528,0.005039979238909882,0.005902413364150505
100.0,23.0,150.4395992017925,0.015196389087101355,0.006673827828214169,0.008012931658030685,0.00011685142684390665,0.00677431798355027,0.025971974477763917,149.50973884947732,0.005093227882827275,0.006031749130811287
100.0,23.25,149.3151869421776,0.015248045484635507,0.006646618893440419,0.007989073691232746,0.00011626193088144326,0.006748099291242834,0.02617965485699621,150.63381402558792,0.005146268079036437,0.0061621291826733674
100.0,23.5,148.1991777171135,0.015299672184185875,0.006619432170824896,0.00796522196801817,0.00011567367716117384,0.0067218831502321354,0.026384991822265776,151.74948766042655,0.005199099866379425,0.0062935417728978565
100.0,23.75,147.09150873715083,0.015351267590224975,0.006592268220146297,0.007941377504628542,0.00011508668519030193,0.006695670960534096,0.026587997218663968,152.85682254125655,0.005251723293565748,0.0064259752142872125
100.0,24.0,145.992117682541,0.015402830142070187,0.006565127621885112,0.007917541262520412,0.00011450097371440482,0.006669464039439434,0.026788682910508062,153.95588098561348,0.005304138421413341,0.006559417878380881
100.0,24.25,144.9009426985312,0.015454358294792112,0.006538010961747209,0.007893714182583481,0.00011391656106731315,0.006643263665942914,0.02698706075813728,155.0467248460057,0.005356345319456045,0.0066938581965197575
100.0,24.5,143.81792239311264,0.015505850531700092,0.006510918840750922,0.007869897162801497,0.00011333346493760226,0.0066170710523296376,0.027183142632604355,156.1294155121695,0.005408344068057143,0.006829284658973641
100.0,24.75,142.74299583250965,0.015557305352158315,0.006483851865111715,0.007846091080309123,0.00011275170261096147,0.0065908873737141015,0.027376940400096007,157.20401391557687,0.005460134756126435,0.006965685815624771
100.0,25.0,141.67610253839123,0.015608721275681525,0.006456810649772798,0.007822296783848222,0.00011217129088756963,0.0065647137585366794,0.02756846592680747,158.27058053222513,0.005511717481806875,0.0071030502755952026
100.0,25.25,140.61718248440422,0.015660096840046104,0.006429795816839324,0.00779851509718432,0.00011159224612036562,0.0065385512935774845,0.027757731076202757,159.3291753861035,0.00556309235205597,0.007241366707268103
100.0,25.5,139.56617609236312,0.015711430596655987,0.006402807991486179,0.007774746827736887,0.00011101458431106448,0.006512401035895858,0.02794474770264119,160.37985805300212,0.005614259481699824,0.007380623838497288
100.0,25.75,138.5230242298119,0.01576272111668071,0.006375847807143291,0.007750992755368134,0.00011043832099797785,0.006486263998453368,0.0281295276588107,161.4226876629519,0.005665218994490804,0.007520810456101356
100.0,26.0,137.48766820529423,0.015813966979492115,0.006348915895971998,0.007727253653256828,0.00010986347146917411,0.006460141178261028,0.028312082780851497,162.45772290495157,0.005715971020927775,0.00766191540651405
100.0,26.25,136.46004976634356,0.015865166781320283,0.0063220128957120906,0.007703530272549329,0.00010929005060841308,0.006434033536377286,0.028492424898764742,163.48502202897993,0.0057665156997451375,0.007803927595122107
100.0,26.5,135.44011109589002,0.015916319132414872,0.006295139447322604,0.007679823347502374,0.00010871807295026609,0.006407942005205944,0.028670565832475133,164.50464284958815,0.005816853177320416,0.0079468359863486
100.0,26.75,134.42779480802866,0.015967422650214964,0.00626829618960259,0.0076561336075612425,0.0001081475528113211,0.006381867505194568,0.028846517382928472,165.51664275013025,0.005866983606361864,0.00809062960399632
100.0,27.0,133.4230439467108,0.016018475969564315,0.006241483766796781,0.007632461759724893,0.0001075785041041263,0.006355810921005874,0.029020291344606295,166.52107868407433,0.005916907147701182,0.008235297530465977
100.0,27.25,132.42580198062953,0.016069477732713982,0.006214702820987045,0.007608808505964291,0.00010701094052479544,0.006329773126018085,0.029191899492448846,167.51800718011458,0.005966623968377102,0.008380828907325628
100.0,27.5,131.43601280079065,0.01612042659244591,0.006187953994278823,0.007585174537966689,0.00010644487549869376,0.006303754975259404,0.029361353585520923,168.5074843446015,0.006016134242144867,0.008527212934992014
100.0,27.75,130.45362071833478,0.016171321214854865,0.006161237930732556,0.007561560532472714,0.00010588032212997913,0.006277757298799097,0.029528665370460682,169.48956586372057,0.006065438149953249,0.008674438872417941
100.0,28.0,129.4785704593938,0.01622216027273691,0.006134555271313063,0.007537967162808724,0.00010531729333141986,0.006251780918903936,0.02969384657223741,170.4643070086342,0.0061145358785860415,0.008822496037470765
100.0,28.25,128.5108071635796,0.016272942449794874,0.006107906656954457,0.0075143950916973425,0.00010475580174343966,0.006225826639556708,0.029856908899672793,171.43176263699434,0.00616342762143825,0.008971373806503738
100.0,28.5,127.5502763806764,0.016323666439626634,0.006081292727700283,0.007490844973107823,0.0001041958597553722,0.0061998952493588595,0.030017864043811085,172.39198719625023,0.006212113578258392,0.009121061614318998
100.0,28.75,126.59692406650116,0.016374330943354894,0.006054714120666191,0.007467317456609779,0.00010363747955924848,0.006173987528382418,0.030176723674176176,173.34503472778704,0.006260593954586257,0.009271548954251332
100.0,29.0,125.65069658151792,0.016424934672611368,0.006028171472415974,0.007443813182075105,0.00010308067308766682,0.006148104240251446,0.03033349944291179,174.29095886831314,0.0063088689623279895,0.009422825377807507
100.0,29.25,124.7115406864356,0.016475476346802184,0.006001665416595132,0.0074203327847199,0.00010252545207289828,0.006122246139968324,0.030488202980534177,175.22981285426118,0.0063569388191212885,0.009574880494779628
100.0,29.5,123.77940353959603,0.016525954693691537,0.005975196584291669,0.007396876894169307,0.00010197182803760024,0.0060964139726701685,0.030640845896508798,176.16164952440081,0.006404803748396328,0.009727703973084997
100.0,29.75,122.85423269544793,0.01657636845189329,0.005948765605758556,0.007373446130286725,0.00010141981225154345,0.006070608467477849,0.030791439782428702,177.08652132136575,0.006452463979811567,0.009881285538456148
100.0,30.0,121.93597609849377,0.016626716365350992,0.0059223731062687385,0.007350041112735769,0.00010086941583461426,0.006044830352167807,0.03093999620414866,178.0044802977048,0.0064999197480978856,0.01003561497476526
100.0,30.25,121.0245820823054,0.016676997186770796,0.005896019708484388,0.007326662455237562,0.0001003206496973696,0.006019080344636038,0.031086526706227167,178.9155781168681,0.006547171293676446,0.010190682123641135
100.0,30.5,120.11999936811088,0.016727209679541128,0.005869706033732679,0.007303310762412846,9.977352450346239e-05,0.005993359148018775,0.031231042814429684,179.8198660546211,0.006594218862996003,0.010346476884190317
100.0,30.75,119.22217705922746,0.016777352613960086,0.005843432699140701,0.007279986636342287,9.922805074704182e-05,0.005967667461119918,0.03137355603011368,180.71739500461035,0.0066410627077028,0.010502989213200833
100.0,31.0,118.33106463822651,0.016827424767324142,0.005817200317578381,0.00725669067653433,9.868423875326467e-05,0.00594200597850755,0.03151407783009273,181.60821548119878,0.0066877030845985865,0.010660209125021615
100.0,31.25,117.44661196592338,0.016877424926211283,0.005791009499211726,0.007233423476131728,9.81420986353797e-05,0.00591637538458415,0.03165261966968904,182.49237762047704,0.006734140256056546,0.0108181266912486
100.0,31.5,116.56876927964191,0.01692735188741954,0.005764860852090331,0.007210185620401433,9.760164027881033e-05,0.005890776351125303,0.03178919298393988,183.36993118199982,0.00678037449017109,0.010976732040516272
100.0,31.75,115.69748718541273,0.016977204453076822,0.005738754978392505,0.007186977695281411,9.706287343937931e-05,0.005865209551520665,0.03192380918000133,184.24092555658527,0.006826406059646558,0.01113601535884309
100.0,32.0,114.8327166588886,0.01702698143437564,0.005712692477082121,0.00716380028105998,9.652580767237698e-05,0.005839675650447941,0.03205647964250667,185.10540976540182,0.006872235242542464,0.011295966889165905
100.0,32.25,113.97440904468301,0.017076681652353203,0.005686673944436216,0.007140653951083521,9.599045231717737e-05,0.005814175301346001,0.03218721573475042,185.96343246063046,0.006917862322416828,0.011456576931110709
100.0,32.5,113.12251604827934,0.017126303934959983,0.005660699971637985,0.007117539277031236,9.545681656091181e-05,0.005788709156069638,0.032316028793609806,186.81504193355383,0.0069632875875816295,0.011617835841220687
100.0,32.75,112.27698973608041,0.017175847118659184,0.0056347711459079405,0.007094456826215779,9.4924909407214e-05,0.005763277860079997,0.032442930131937664,187.66028611450804,0.00700851133141969,0.011779734032653357
100.0,33.0,111.43778253360504,0.017225310048628442,0.005608888050617162,0.0070714071612724754,9.43947396720366e-05,0.005737882051823815,0.03256793103875854,188.4992125746865,0.007053533852387778,0.011942261975022047
100.0,33.25,110.60484722252421,0.017274691578671147,0.005583051265102357,0.007048390840428913,9.386631598769991e-05,0.005712522363304999,0.03269104277888098,189.3318685291041,0.007098355453938426,0.012105410194290263
100.0,33.5,109.77813693527439,0.01732399057054739,0.005557261363873411,0.007025408418945572,9.33396468237403e-05,0.005687199423081929,0.032812276591326225,190.15830084198328,0.007142976444277096,0.012269169272774877
100.0,33.75,108.95760515491806,0.017373205894666628,0.005531518917201246,0.007002460447852296,9.281474046994501e-05,0.005661913853757739,0.032931643690460234,190.97855602689447,0.007187397136496237,0.012433529848906886
100.0,34.0,108.14320571449261,0.017422336430534053,0.005505824491571059,0.006979547473057931,9.229160502707339e-05,0.005636666270336321,0.03304915526667222,191.79268024740793,0.007231617848644707,0.012598482617022013
100.0,34.25,107.33489278896484,0.017471381065614744,0.005480178648190485,0.006956670037945888,9.17702484390002e-05,0.005611457285363589,0.033164822483806825,192.60071932513836,0.007275638903348805,0.012764018327474534
100.0,34.5,106.53262089623733,0.01752033869617037,0.005454581943878842,0.006933828681668008,9.125067847289623e-05,0.005586287505659314,0.033278656480629984,193.40271873873948,0.007319460627990962,0.012930127786353478
100.0,34.75,105.73634489725671,0.017569208227967228,0.005429034931605955,0.006911023937908443,9.073290270848996e-05,0.005561157530049098,0.033390668371809686,194.19872362379687,0.007363083354820331,0.013096801855237542
100.0,35.0,104.9460199880924,0.017617988575072505,0.0054035381591946855,0.006888256337358986,9.021692856393877e-05,0.005536067954155443,0.03350086924552376,194.98877878074808,0.007406507420599553,0.013264031451304496
100.0,35.25,104.16160169725629,0.017666678659887778,0.005378092169240036,0.006865526407765115,8.97027632971857e-05,0.0055110193705551775,0.03360927016328261,195.77292867756339,0.007449733166556276,0.013431807547209351
100.0,35.5,103.38304588616704,0.017715277413924924,0.00535269749975821,0.006842834672514376,8.919041399260709e-05,0.005486012366156555,0.03371588216108097,196.55121744928246,0.00749276093851754,0.013600121170823716
100.0,35.75,102.61030874524502,0.017763783777550498,0.005327354683821417,0.006820181651250104,8.867988756809802e-05,0.00546104752343949,0.033820716248702976,197.3236889019193,0.00753559108679008,0.013768963405168
100.0,36.0,101.84334679912128,0.01781219670134357,0.0053020642510661,0.006797567857035594,8.817119074485583e-05,0.005436125414803609,0.0339237834122588,198.09038650725523,0.007578223966480039,0.013938325387966872
100.0,36.25,101.08211689437032,0.017860515144523144,0.0052768267256824075,0.006774993799897493,8.766433008707217e-05,0.005411246609778115,0.03402509461071324,198.85135341510434,0.007620659936997611,0.014108198311919371
100.0,36.5,100.32657619352061,0.017908738074428235,0.005251642625667643,0.006752459988077727,8.71593120165135e-05,0.005386411677611581,0.034124660774572484,199.60663245930277,0.007662899361854462,0.01427857342471231
100.0,36.75,99.57668218170431,0.01795686446811727,0.005226512464624587,0.006729966924671718,8.66561427765407e-05,0.005361621180559586,0.034222492808915976,200.35626615106108,0.007704942609050648,0.01444944202851682
100.0,37.0,98.83239266074425,0.018004893311861014,0.005201436751030355,0.006707515108852365,8.615482844638341e-05,0.005336875676418183,0.0343186015921095,201.1002966848767,0.0077467900508756,0.014620795479998623
100.0,37.25,98.09366575603879,0.01805282360199793,0.005176415989539793,0.006685105033731702,8.565537492069069e-05,0.005312175713745736,0.03441299797777641,201.83876593165107,0.007788442064139335,0.014792625189850308
100.0,37.5,97.36045990461265,0.018100654344190194,0.005151450679575554,0.006662737188492715,8.51577879316527e-05,0.005287521836753671,0.034505692792565094,202.5717154506375,0.007829899029856851,0.014964922623003567
100.0,37.75,96.63273384373669,0.018148384552727992,0.005126541314000159,0.006640412060392129,8.46620730698359e-05,0.005262914589905055,0.03459669683404336,203.29918650082035,0.007871161332949043,0.015137679298820888
100.0,38.0,95.91044662323392,0.018196013251845278,0.00510168838120038,0.006618130131392979,8.416823575148062e-05,0.005238354510353431,0.034686020873879723,204.02122002861165,0.007912229362631293,0.01531088679043211
100.0,38.25,95.19355759802833,0.01824353947535774,0.005076892364325317,0.006595891879276607,8.367628123045573e-05,0.005213842130524391,0.034773675656614836,204.7378566753018,0.007953103512228468,0.01548453672478428
100.0,38.5,94.48202643372596,0.018290962266641772,0.005052153741959678,0.006573697776994633,8.318621459403402e-05,0.00518937797608436,0.034859671900226784,205.44913677147954,0.007993784179204867,0.015658620782258426
100.0,38.75,93.7758130984174,0.01833828067875255,0.0050274729875682675,0.00655154829310219,8.269804076710966e-05,0.005164962567430692,0.03494402029552726,206.15510034522933,0.008034271765073512,0.015833130696719787
100.0,39.0,93.07487784778714,0.01838549377460962,0.0050028505683435785,0.006529443892716404,8.221176452051653e-05,0.005140596422892266,0.03502673150498978,206.8557871370209,0.008074566675246841,0.016008058255778567
100.0,39.25,92.37918123909643,0.018432600626891085,0.004978286946628347,0.006507385036209029,8.172739046165583e-05,0.005116280054551087,0.035107816164027916,207.55123658572845,0.008114669319140223,0.01618339530014244
100.0,39.5,91.68868412358077,0.01847960031814566,0.004953782579413102,0.006485372179593003,8.124492303834903e-05,0.005092013969580327,0.03518728488044199,208.24148783623286,0.008154580110086474,0.01635913372364802
100.0,39.75,91.00334765012087,0.01852649194033683,0.004929337918694172,0.0064634057746159644,8.076436654315258e-05,0.005067798669869481,0.03526514823422578,208.92657973575143,0.0081942994652608,0.016535265472948413
100.0,40.0,90.32313326065757,0.018573274595090145,0.004904953411293225,0.0064414862686940745,8.02857251126727e-05,0.005043634652164905,0.03534141677748694,209.6065508384231,0.008233827805653947,0.016711782547445878
100.0,40.25,89.64800267394563,0.01861994739493375,0.004880629497916262,0.006419614104620287,7.980900271981814e-05,0.005019522408938288,0.035416101034527865,210.2814394215544,0.008273165556113418,0.01688867699957087
100.0,40.5,88.97791789903046,0.018666509462007364,0.004856366614151161,0.006397789720847539,7.933420318405326e-05,0.004995462427399685,0.035489211501517445,210.95128347214373,0.008312313145211183,0.017065940934178316
100.0,40.75,88.31284122811898,0.018712959928526292,0.004832165190121296,0.006376013551373358,7.88613301691721e-05,0.004971455189796872,0.03556075864644654,211.61612069401053,0.008351271005231671,0.01724356650855588
100.0,41.0,87.65273523915474,0.018759297936388947,0.004808025650821921,0.006354286025791383,7.839038718786547e-05,0.004947501173197155,0.03563075290895763,212.27598850522068,0.008390039572103183,0.017421545932131476
100.0,41.25,86.99756279387101,0.01880552263719736,0.0047839484161153216,0.0063326075692747355,7.792137760269839e-05,0.004923600849469473,0.03569920470022946,212.93092404003372,0.00842861928535563,0.01759987146632673
100.0,41.5,86.34728701971243,0.018851633193750897,0.0047599338995085875,0.006310978602316349,7.745430461428203e-05,0.004899754685981017,0.035766124403057625,213.58096416698112,0.008467010588172275,0.017778535424931068
100.0,41.75,85.70187132385622,0.01889762877860846,0.004735982509353792,0.006289399540952939,7.698917127492704e-05,0.004875963144872054,0.03583152237154523,214.22614547484585,0.008505213927254444,0.017957530173439824
100.0,42.0,85.06127938617783,0.01894350857457361,0.004712094648459198,0.006267870796671726,7.652598048558225e-05,0.0048522266832633784,0.035895408931049325,214.86650427969687,0.008543229752808919,0.018136848129071893
100.0,42.25,84.42547516613187,0.01898927177412976,0.004688270714733442,0.006246392776325716,7.606473500120056e-05,0.004828545752549424,0.03595779437823915,215.50207661800863,0.008581058518494025,0.018316481760310907
100.0,42.5,83.79442290102199,0.019034917579452575,0.004664511101196115,0.006224965882109677,7.560543743174936e-05,0.004804920798354972,0.03601868898099302,216.13289824839174,0.008618700681378228,0.01849642358675024
100.0,42.75,83.16808706695387,0.01908044520492393,0.004640816193242653,0.0062035905117991865,7.514809022434814e-05,0.004781352263367558,0.03607810297759598,216.75900469063933,0.008656156701952925,0.01867666618025475
100.0,43.0,82.54643241744284,0.019125853874440293,0.004617186371622891,0.0061822670584422545,7.469269568467996e-05,0.004757840584185677,0.03613604657739253,217.38043118712068,0.008693427044032446,0.018857202163382478
100.0,43.25,81.92942396832238,0.019171142822320825,0.004593622011468558,0.00616099591042949,7.423925597124456e-05,0.004734386192305144,0.03619252996043317,217.99721271787286,0.008730512174732075,0.019038024209701115
100.0,43.5,81.31702699557164,0.01921631129334945,0.0045701234822713155,0.006139777451473207,7.378777309614521e-05,0.004710989514109877,0.03624756327736299,218.60938400277328,0.008767412564427268,0.019219125043648623
100.0,43.75,80.70920703314286,0.01926135854281694,0.004546691147860784,0.0061186120605865165,7.33382489258756e-05,0.004687650970862703,0.03630115664931026,219.2169795037129,0.008804128686712898,0.01940049744039387
100.0,44.0,80.10592987078884,0.019306283836562986,0.004523325366382589,0.006097500112062434,7.289068518210661e-05,0.004664370978696159,0.03635332016777504,219.8200334267689,0.008840661018362499,0.019582134225697236
100.0,44.25,79.50716161946411,0.01935108644545908,0.004500026495241838,0.006076441976000141,7.244508348905782e-05,0.004641149945083492,0.03640406389529631,220.41857965680413,0.00887701003911607,0.01976402827336359
100.0,44.5,78.91286855007226,0.019395765658537886,0.004476794879391648,0.006055438016995966,7.20014452646163e-05,0.00461798827711565,0.03645339786350778,221.01265191871948,0.008913176232042876,0.01994617251077096
100.0,44.75,78.32301721449389,0.019440320772899793,0.004453630860364195,0.006034488595120072,7.155977180605648e-05,0.0045948863750747936,0.036501332074445905,221.60228365642672,0.008949160083188148,0.020128559914341496
100.0,45.0,77.73757441647854,0.01948475109597094,0.0044305347742694635,0.006013594065677456,7.112006427225794e-05,0.004571844633828115,0.036547876500128154,222.18750806195686,0.00898496208160065,0.020311183510361826
100.0,45.25,77.1565072063571,0.019529055945801548,0.0044075069515444,0.005992754779161824,7.06823236823449e-05,0.004548863442980895,0.036593041082405714,222.76835808074787,0.009020582719299822,0.02049403637495466
100.0,45.5,76.579782878962,0.019573234651100394,0.004384547716937744,0.005971971081235443,7.02465509165368e-05,0.004525943186862469,0.03663683573285317,223.3448664137251,0.009056022491234777,0.020677111633936113
100.0,45.75,76.00736897154707,0.019617286551269254,0.004361657389494876,0.005951243312708987,6.981274671699915e-05,0.00450308424451221,0.03667927033265816,223.91706551938148,0.009091281895243306,0.020860402462673025
100.0,46.0,75.4392333075903,0.019661210991918643,0.004338836285519665,0.005930571811024207,6.938091172760428e-05,0.00448028698944941,0.03672035473236655,224.48498756997444,0.009126361431792776,0.0210439020842737
100.0,46.25,74.87534393519668,0.01970500733076379,0.00431608471469764,0.005909956908284379,6.895104644430927e-05,0.004457551789939561,0.036760098751959576,225.04866451312432,0.009161261604222044,0.021227603771607054
100.0,46.5,74.31566909024528,0.019748674941083726,0.004293402977824649,0.005889398930095225,6.852315118651771e-05,0.004434879009144098,0.03679851218085293,225.60812810866827,0.009195982918865774,0.021411500848423054
100.0,46.75,73.76017727461502,0.01979221320384684,0.004270791372002197,0.005868898198175048,6.809722616603282e-05,0.004412269004728161,0.03683560477753358,226.16340985043348,0.009230525884631687,0.02159558668629305
100.0,47.0,73.20883722433413,0.019835621510677286,0.004248250188690669,0.005848455029359502,6.767327146266158e-05,0.004389722128986784,0.036871386269543206,226.7145409980884,0.009264891013101078,0.02177985470554846
100.0,47.25,72.6616179076229,0.019878899263877363,0.00422577971370214,0.005828069735585447,6.725128702516939e-05,0.0043672387288302885,0.036905866353367456,227.26155257910042,0.009299078818487244,0.021964298375133653
100.0,47.5,72.11848852293635,0.019922045876449898,0.004203380227193161,0.005807742623874827,6.683127267223478e-05,0.004344819145769684,0.036939054694325214,227.80447539069348,0.009333089817593896,0.02214891121245881
100.0,47.75,71.57941850651376,0.0199650607710456,0.004181052004208028,0.005787473996834067,6.641322810242557e-05,0.0043224637163103985,0.036970960926383474,228.3433399922985,0.009366924529720688,0.022333686782888027
100.0,48.0,71.04437758903677,0.020007943373357328,0.004158795318065522,0.005767264155816494,6.599715295077619e-05,0.004300172774455309,0.03700159465158758,228.8781766488924,0.009400583476295498,0.022518618697343156
100.0,48.25,70.5133356135216,0.020050693132513564,0.004136610429920652,0.005747113391137116,6.558304661878999e-05,0.0042779466439523675,0.037030965441361245,229.40901551311552,0.00943406718183521,0.022703700619068918
100.0,48.5,69.98626269378786,0.020093309502960083,0.004114497598046428,0.0057270219907559795,6.517090842762903e-05,0.004255785645170574,0.03705908283513955,229.9358864667949,0.00946737617301151,0.022888926257330335
100.0,48.75,69.46312916605397,0.020135791949734524,0.004092457075137279,0.0057069902377433245,6.476073757499309e-05,0.004233690093090387,0.03708595634062196,230.45881916935156,0.009500510978867754,0.023074289369047752
100.0,49.0,68.94390558709513,0.020178139948475723,0.0040704891083085185,0.005687018410269698,6.435253313618361e-05,0.004211660297294068,0.0371115954336607,230.9778430596429,0.00953347213077674,0.023259783758645285
100.0,49.25,68.42856273240103,0.020220352985433083,0.004048593939095808,0.005667106781596062,6.394629406516767e-05,0.004189696561956024,0.03713600955814915,231.49298735780528,0.009566260162398477,0.023445403277899277
100.0,49.5,67.9170715943338,0.020262430557475945,0.004026771803454624,0.005647255620063908,6.354201919564202e-05,0.00416779918583315,0.03715920812591017,232.00428106709626,0.009598875609637986,0.023631141825786742
100.0,49.75,67.40940343144985,0.02030437216580952,0.004005022934837165,0.005627465192254085,6.313970728935239e-05,0.004145968465709432,0.037181200517126776,232.5117529245684,0.009631319010451144,0.023816993346205857
100.0,50.0,66.90552966733608,0.02034617732820126,0.003983347558217767,0.005607735756825672,6.27393569454235e-05,0.00412420468968075,0.03720199607917785,233.01543150224273,0.009663590905097373,0.0240029518319553
100.0,50.25,66.40542193042594,0.020387845573866088,0.003961745892598049,0.005588067567086086,6.234096663989863e-05,0.004102508139957712,0.037221604126968094,233.51534516728896,0.009695691835973736,0.024189011322850104
100.0,50.5,65.90905207476503,0.020429376440694886,0.003940218152366204,0.005568460872381349,6.194453474768444e-05,0.004080879094382319,0.037240033943055924,234.01152206125818,0.009727622347505575,0.024375165904629813
100.0,50.75,65.41639216374239,0.020470769477038377,0.003918764546428724,0.00554891591719273,6.155005953029036e-05,0.004059317825444324,0.037257294777389,234.50399011635315,0.009759382986147138,0.024561409709406967
100.0,51.0,64.92741446834424,0.020512024241704715,0.003897385278215635,0.005529432941132789,6.11575391369812e-05,0.004037824600278049,0.037273395847193594,234.99277705717498,0.009790974300339065,0.024747736915511548
100.0,51.25,64.44209146540764,0.020553140303957034,0.0038760805456857284,0.005510012178941428,6.076697160592966e-05,0.004016399680659206,0.03728834633686403,235.47791040246963,0.009822396840465888,0.024934141747335454
100.0,51.5,63.96039585449432,0.02059411724129041,0.0038548505425193853,0.005490653861501788,6.037835487853964e-05,0.003995043324062396,0.03730215539867333,235.9594174482522,0.009853651158851154,0.025120618474365277
100.0,51.75,63.482300562088454,0.020634954638720535,0.0038336954585029286,0.005471358216161856,5.999168680480349e-05,0.003973755783996546,0.03731483215292483,236.4373252636087,0.009884737809726932,0.025307161410767637
100.0,52.0,63.0077786523402,0.02067565209921768,0.0038126154739524178,0.005452125461937475,5.9606965082554065e-05,0.003952537305016684,0.037326385683981604,236.9116607799636,0.009915657349014447,0.02549376491904843
100.0,52.25,62.53680341895363,0.020716209232537506,0.00379161076569091,0.005432955814636857,5.922418732484949e-05,0.003931388128054643,0.03733682504428593,237.38245069918062,0.009946410334470811,0.02568042340581556
100.0,52.5,62.0693483542531,0.02075662565869953,0.0037706815051921096,0.005413849485258005,5.8843351040479975e-05,0.003910308488753225,0.03734615925296129,237.84972152450035,0.009976997325587532,0.02586713132289574
100.0,52.75,61.60538714752458,0.020796901007974197,0.0037498278585911884,0.005394806679989557,5.846445363518234e-05,0.003889298617467997,0.03735439729570559,238.31349956219918,0.010007418883548183,0.02605388316717514
100.0,53.0,61.14489368335699,0.02083703492087002,0.0037290499866956084,0.0053758276002116405,5.8087492412854484e-05,0.0038683587392691074,0.03736154812468448,238.7738109232482,0.010037675571186068,0.02624067348044004
100.0,53.25,60.687842039983515,0.020877027048120705,0.0037083480449959373,0.005356912442496713,5.7712464576769936e-05,0.0038474890739430886,0.03736762065842455,239.23068152497225,0.010067767952941908,0.02642749684921746
100.0,53.5,60.2342065622912,0.02091687704245506,0.0036877221880580982,0.005338061402409991,5.73393672669744e-05,0.003826689839468917,0.03737262378663896,239.68413701803064,0.010097696595232178,0.026614347901392138
100.0,53.75,59.78396168284472,0.0209565845780978,0.0036671725591294487,0.005319274665487299,5.696819747557727e-05,0.003805961243769384,0.03737656635840769,240.13420296541724,0.010127462065431525,0.026801221313702564
100.0,54.0,59.33708205598124,0.020996149335817074,0.003646699298115421,0.00530055241414388,5.659895211374838e-05,0.0037853034910293997,0.03737945719103821,240.58090470834804,0.01015706493257709,0.0269881118057207
100.0,54.25,58.8935425295399,0.021035571005840213,0.0036263025400287995,0.0052818948263210755,5.623162800003719e-05,0.0037647167804595737,0.037381305068200865,241.02426739453526,0.010186505767179823,0.027175014140841527
100.0,54.5,58.453318138115144,0.021074849288400754,0.0036059824147019843,0.005263302075228265,5.586622185912177e-05,0.0037442013060612848,0.037382118739486,241.46431598493513,0.010215785141154154,0.027361923126343377
100.0,54.75,58.016384101471054,0.02111398389371755,0.0035857390468020936,0.005244774329347422,5.55027303230587e-05,0.0037237572566318827,0.03738190692030211,241.90107525533375,0.010244903627776077,0.027548833613225417
100.0,55.0,57.582715822955656,0.02115297454197384,0.003565572555846066,0.005226311752437685,5.5141149932532894e-05,0.003703384815769891,0.03738067829177384,242.33456979793323,0.010273861801641221,0.027735740496045137
100.0,55.25,57.15228888791519,0.021191820963296346,0.003545483056215761,0.005207914503539909,5.4781477138107476e-05,0.00368308416188021,0.037378441500640125,242.76482402293743,0.010302660238622918,0.027922638712755868
100.0,55.5,56.72507913802255,0.021230522889402772,0.0035254706613655038,0.005189582741098476,5.4423708323373395e-05,0.0036628554722152045,0.037375205164947765,243.19186208421277,0.010331299516381403,0.028109523241331973
100.0,55.75,56.30106251264905,0.021269080070816328,0.0035055354751643373,0.005171316614448565,5.406783976089554e-05,0.0036426989145309243,0.03737097786196038,243.61570803793998,0.010359780213181782,0.02829638910625155
100.0,56.0,55.880215127344805,0.021307492268057556,0.0034856775963328637,0.005153116268163144,5.371386763656011e-05,0.0036226146513489267,0.037365768134168975,244.0363857641222,0.010388102908433377,0.028483231374945964
100.0,56.25,55.46251329426066,0.021345759249208087,0.0034658971196737413,0.005134981843251125,5.336178805717326e-05,0.00360260284113149,0.037359584490870186,244.45391894615997,0.010416268182807564,0.028670045156706087
100.0,56.5,55.04793350141013,0.021383880791991678,0.0034461941350290757,0.005116913476123184,5.301159704618587e-05,0.0035826636372686,0.03735243540660217,244.8683310915924,0.0104442766180568,0.02885682560333023
100.0,56.75,54.63645241117762,0.021421856683743024,0.0034265687273007084,0.005098911298601422,5.266329054497051e-05,0.00356279718808815,0.03734432932104989,245.27964553358933,0.010472128796973392,0.029043567908957648
100.0,57.0,54.22804685882674,0.0214596867213765,0.00340702097647051,0.0050809754379290166,5.231686441409838e-05,0.0035430036368661382,0.03733527463895034,245.6878854324432,0.010499825303348231,0.029230267309902077
100.0,57.25,53.82269385100846,0.021497370711354956,0.003387550957620669,0.005063106016779883,5.19723144346163e-05,0.003523283121836864,0.03732527972999778,246.0930737770611,0.010527366721929565,0.02941691908448524
100.0,57.5,53.42037062288421,0.021534908463383826,0.0033681587439290503,0.005045303156554572,5.162963632267742e-05,0.0035036357797904724,0.037314352934309,246.49523332783193,0.010554753638986567,0.029603518550436404
100.0,57.75,53.02105454321371,0.021572299800380473,0.0033488444019478137,0.005027566972152302,5.128882570953491e-05,0.0034840617403656305,0.03730250255346703,246.89438671155477,0.010581986641304128,0.029790061068605156
100.0,58.0,52.62472310530107,0.021609544559252517,0.0033296079912398745,0.005009897571556638,5.0949878141096104e-05,0.003464561125596899,0.03728973684970913,247.29055643049497,0.010609066316063568,0.029976542043108952
100.0,58.25,52.23135400120288,0.021646642582762964,0.0033104495682414396,0.004992295060089276,5.0612789096445585e-05,0.003445134054557925,0.03727606405301261,247.6837647881625,0.010635993251582519,0.03016295691802321
100.0,58.5,51.84092508873015,0.02168359372287174,0.0032913691846831548,0.004974759538653288,5.02775539819443e-05,0.003425780641443384,0.03726149235801149,248.07403392231615,0.010662768036948572,0.03034930117852312
100.0,58.75,51.45341439005307,0.02172039784069411,0.0032723668876152917,0.004957291103748195,4.99441681325285e-05,0.0034065009955850847,0.03724602992391091,248.4613858063589,0.010689391261979037,0.03053557035071315
100.0,59.0,51.068800090305764,0.02175705480645915,0.0032534427194329373,0.004939889847485027,4.961262681300869e-05,0.003387295221468072,0.037229684874401585,248.84584225073337,0.010715863517180683,0.03072176000145658
100.0,59.25,50.68706053619105,0.021793564499468177,0.0032345967179011814,0.004922555857601398,4.928292521936859e-05,0.0033681634187467326,0.03721246529757414,249.2274249043175,0.010742185393709492,0.030907865738204983
100.0,59.5,50.3081742701823,0.021829926804544424,0.00321582891781568,0.004905289219352508,4.895505847751674e-05,0.0033491056844218684,0.03719437925040724,249.60615522021516,0.010768357483895251,0.031093883207413575
100.0,59.75,49.93212000226279,0.021866141614639588,0.0031971393497936115,0.00488809001411042,4.862902164650793e-05,0.003330122111225898,0.03717543475523019,249.98205448402297,0.010794380380775017,0.03127980809543801
100.0,60.0,49.558876529526486,0.021902208838579604,0.003178528036669337,0.00487095831521569,4.830480972549569e-05,0.00331121278284292,0.037155639789486564,250.35514389424637,0.010820254676799253,0.031465636131502536
100.0,60.25,49.18842284368907,0.02193812839028832,0.0031599949985228644,0.004853894193731703,4.7982417647237916e-05,0.0032923777805361158,0.037135002299641354,250.72544445476575,0.010845980965519673,0.031651363083202926
100.0,60.5,48.82073809264458,0.021973900192397738,0.0031415402510030065,0.004836897716507334,4.766184028204694e-05,0.003273617180914804,0.037113530196335294,251.092977013288,0.010871559840961114,0.03183698475780782
100.0,60.75,48.45580157915483,0.02200952417619811,0.003123163805356457,0.0048199689461964745,4.734307243908246e-05,0.003254931055955676,0.03709123135431013,251.45776226265733,0.010896991897582642,0.03202249700208487
100.0,61.0,48.09359275953862,0.022045000281588067,0.0031048656684568602,0.004803107941277556,4.7026108867644405e-05,0.003236319473024031,0.03706811361233389,251.8198207421662,0.010922277730238638,0.0322078957021269
100.0,61.25,47.73409124236115,0.0220803284570247,0.003086645842833888,0.004786314756073072,4.6710944258465864e-05,0.0032177824948950193,0.03704418477312612,252.1791728388663,0.010947417934139886,0.032393176783178046
100.0,61.5,47.377276805505694,0.022115508657890935,0.003068504327453709,0.0047695894416081705,4.639757323731239e-05,0.0031993201807164326,0.03701945260632108,252.53583877049243,0.010972413105221825,0.032578336208800025
100.0,61.75,47.02312941573041,0.02215054084464888,0.003050441118601036,0.0047529320465826705,4.608599035754125e-05,0.0031809325870987893,0.036993924851841456,252.88983856590104,0.010997263840567824,0.032763369979949164
100.0,62.0,46.67162910004943,0.022185424993751483,0.00303245620470437,0.004736342611579597,4.5776190154676534e-05,0.0031626197616157633,0.036967609198784925,253.24119219372028,0.011021970735550541,0.03294827413937273
100.0,62.25,46.322756073802005,0.022220161086452736,0.003014549571653584,0.004719821174990254,4.5468167093552806e-05,0.00314438174945234,0.0369405133067305,253.58991943424948,0.011046534386658641,0.03313304476679055
100.0,62.5,45.976490699397445,0.022254749112197086,0.0029967212011962324,0.004703367771210481,4.516191558632592e-05,0.0031262185913800713,0.036912644799062685,253.93603992072448,0.011070955390573158,0.03331767798015509
100.0,62.75,45.63281348507845,0.022289189068563177,0.0029789710709696533,0.004686982430663561,4.485742999373493e-05,0.0031081303237821115,0.036884011262908946,254.27957314055416,0.011095234344130222,0.03350216993547496
100.0,63.0,45.29170508368454,0.02232348096120757,0.002961299154533072,0.00467066517982312,4.4554704626363924e-05,0.0030901169786782447,0.03685462024907726,254.6205384365575,0.011119371844283804,0.03368651682663841
100.0,63.25,44.953146291415436,0.022357624803808488,0.0029437054213996977,0.004654416041236037,4.4253733745904e-05,0.003072178583749919,0.0368244792719936,254.95895500820026,0.011143368488068442,0.03387071488523682
100.0,63.5,44.61711805287152,0.022391620617543854,0.0029261898372840113,0.004638235033799788,4.395451156247609e-05,0.003054315162636636,0.036793595810805726,255.29484190655313,0.011167224872725517,0.03405476038019533
100.0,63.75,44.28360151888286,0.022425468426653026,0.002908752366158676,0.004622122175179598,4.365703219882771e-05,0.003036526737514416,0.036761977320295056,255.62821797644784,0.011190941597204868,0.034238649615781734
100.0,64.0,43.95257787249681,0.022459168271198534,0.002891392964363762,0.004606077474827817,4.3361289800016e-05,0.003018813321651658,0.03672963119871256,255.95910203053415,0.011214519257626062,0.034422378936738024
100.0,64.25,43.624028481216534,0.022492720195623688,0.0028741115859000875,0.004590100940227993,4.3067278438360116e-05,0.0030011749260689677,0.03669656481623182,256.28751269700206,0.011237958451239734,0.03460594472338878
100.0,64.5,43.29793485103007,0.022526124252015105,0.0028569081809277906,0.004574192575104459,4.277499214277504e-05,0.0029836115576303023,0.036662785506574966,256.61346846556444,0.011261259775224826,0.034789343392838984
100.0,64.75,42.97427862524467,0.02255938050004117,0.002839782695800865,0.004558352379448105,4.2484424899988974e-05,0.002966123219071071,0.03662830056696335,256.936987688623,0.011284423826653163,0.034972571398795366
100.0,65.0,42.65304158332116,0.022592489006890502,0.0028227350731016955,0.004542580349542169,4.219557065576066e-05,0.0029487099090262344,0.036593117258068235,257.258088582434,0.011307451202454036,0.035155625231387704
100.0,65.25,42.33420563970833,0.02262544984721043,0.0028057652516755914,0.00452687647798801,4.1908423316096775e-05,0.002931371622058403,0.036557242803961526,257.57678922827415,0.011330342499378785,0.03533850141699013
100.0,65.5,42.017752842677254,0.02265826310304544,0.0027888731666653186,0.004511240753730899,4.1622976748469265e-05,0.002914108348685938,0.03652068439206643,257.8931075736064,0.011353098313965382,0.03552119651804244
100.0,65.75,41.70366543975361,0.0226909288595793,0.002772058751308542,0.0044956731645729425,4.1339224729345395e-05,0.0028969200781066517,0.03648344918618508,258.20706136663034,0.011375719244397087,0.035703707131187
100.0,66.0,41.39192571899796,0.022723447215001056,0.0027553219328017645,0.00448017369131489,4.105716107241592e-05,0.002879806791848787,0.036445544295512555,258.5186683150436,0.01139820588598612,0.03588602989107497
100.0,66.25,41.082516129500135,0.022755818272777683,0.0027386626355553087,0.004464742312325399,4.0776779531737335e-05,0.0028627684687233964,0.03640697679847619,258.82794596551577,0.011420558834598308,0.036068161467110546
100.0,66.5,40.77541925457717,0.02278804214320787,0.0027220807805492333,0.004449379002609407,4.0498073823615736e-05,0.002845805083814791,0.036367753737652504,259.13491173049704,0.01144277868588856,0.036250098563920696
100.0,66.75,40.47061780698576,0.022820118943588746,0.002705576285271989,0.004434083733698651,4.022103763074404e-05,0.002828916608362037,0.03632788211900662,259.4395828930074,0.011464866035162436,0.036431837921268036
100.0,67.0,40.16809462783512,0.02285204879814936,0.002689149063757036,0.004418856473680377,3.994566460335597e-05,0.002812103009790237,0.03628736891185846,259.74197660772353,0.011486821477342963,0.03661337631387021
100.0,67.25,39.867832685500055,0.022883831837984227,0.0026727990266194566,0.004403697187226065,3.967194836038004e-05,0.0027953642517418104,0.03624622104884882,260.0421099020661,0.011508645606937457,0.03679471055121916
100.0,67.5,39.569815084232914,0.022915468200488346,0.0026565260812954805,0.004388605835923376,3.9399882482924145e-05,0.0027787002944570957,0.03620444542799555,260.3399996675852,0.011530339018319473,0.03697583747722932
100.0,67.75,39.274025088049385,0.02294695802800727,0.002640330132601548,0.004373582379085628,3.912946049568248e-05,0.0027621110957050483,0.03616204891804096,260.63566263606754,0.011551902306507053,0.03715675396961614
100.0,68.0,38.9804460193771,0.02297830147292361,0.0026242110806733317,0.004358626770645813,3.886067594737272e-05,0.002745596607203411,0.0361190383368124,260.9291154809168,0.01157333606387174,0.03733745694148506
100.0,68.25,38.689061353094374,0.02300949869270166,0.0026081688229924412,0.004343738962159357,3.859352233667016e-05,0.0027291567780760367,0.03607542047168664,261.22037472308773,0.011594640883196228,0.037517943339471886
100.0,68.5,38.39985468701831,0.023040549851281757,0.0025922032538283723,0.004328918901944159,3.832799313583842e-05,0.0027127915538604198,0.036031202073430864,261.50945676060655,0.011615817356717599,0.03769821014406381
100.0,68.75,38.11280974088049,0.023071455119010598,0.002576314264276436,0.00431416653511126,3.806408179183377e-05,0.002696500876541239,0.03598638985618232,261.79637786959506,0.011636866076096179,0.037878254369417656
100.0,69.0,37.82791035530278,0.023102214672571498,0.0025605017422956847,0.004299481803595534,3.780178172740955e-05,0.0026802846845838993,0.035940990497427966,262.0811542052955,0.011657787632384394,0.03805807306317803
100.0,69.25,37.54514049077298,0.02313282869491471,0.0025447655727468418,0.004284864646186355,3.7541086342220495e-05,0.002664142912968074,0.035895010637984136,262.3638018030946,0.011678582615995633,0.03823766330629559
100.0,69.5,37.2644842475041,0.02316329737453177,0.002529105637641275,0.004270314999031541,3.728198898554357e-05,0.002648075493784381,0.0358484568870228,262.6443365586582,0.01169925161746501,0.038417022212679106
100.0,69.75,36.985925842853995,0.023193620906062837,0.002513521815961081,0.004255832795179531,3.702448298668003e-05,0.002632082355686653,0.035801335816842084,262.9227742505186,0.011719795226600814,0.038596146929185136
100.0,70.0,36.709449579821374,0.023223799491184305,0.002498013983388992,0.0042414179639193444,3.676856169748591e-05,0.002616163423103573,0.03575365395548033,263.1991305715879,0.011740214031297535,0.03877503463567883
100.0,70.25,36.43503989552931,0.02325383333698413,0.002482582012846619,0.00422707043193319,3.651421842618852e-05,0.002600318617607225,0.03570541779865958,263.4734210806592,0.0117605086193821,0.038953682544458176
100.0,70.5,36.162681342814935,0.023283722656438178,0.0024672257743566816,0.004212790122933147,3.626144646212078e-05,0.00258454785747781,0.035656633805563796,263.74566122082297,0.011780679577923447,0.03913208790021057
100.0,70.75,35.89235858925925,0.02331346766833882,0.0024519451350814825,0.004198576957693072,3.601023907675213e-05,0.0025688510577386472,0.035607308398831604,264.0158663204369,0.01180072749320342,0.03931024797983062
100.0,71.0,35.624056416216916,0.023343068597223526,0.0024367399593613805,0.004184430854080501,3.576058952471944e-05,0.00255322813019117,0.03555744796454898,264.2840515940964,0.011820652950687679,0.039488160092237906
100.0,71.25,35.35775971784602,0.02337252567330345,0.0024216101087532658,0.0041703517270885535,3.551249104485786e-05,0.0025376789834499294,0.035507058852242,264.5502321436052,0.011840456534996609,0.039665821578194774
100.0,71.5,35.093453508833484,0.023401839132464318,0.0024065554418776095,0.004156339489012144,3.526593683605776e-05,0.002522203523142516,0.03545614737707662,264.81442295024715,0.011860138830228965,0.03984322981010492
100.0,71.75,34.83112291643812,0.023431009216136917,0.0023915758146107456,0.004142394049363944,3.5020920078522384e-05,0.0025068016518120487,0.03540471981807806,265.0766388827457,0.011879700419649355,0.04002038219184658
100.0,72.0,34.57075317863646,0.023460036171218362,0.002376671080142801,0.004128515314891607,3.477743393735783e-05,0.0024914732689354045,0.03535278241789916,265.3368946991183,0.011899141885623297,0.04019727615859232
10000.0,0.0,300.0,0.028124999999999997,0.0,0.0018750000000000017,0.0,0.0,0.0,0.0,0.0,0.0
10000.0,0.25,297.75812251763415,0.027830842784844642,0.0002758593466907145,0.0018930605881173814,2.3728034596775407e-07,1.938474911470358e-05,4.7202958077605395e-07,2.2415814512664336,7.693166202096984e-08,7.627754728119334e-10
10000.0,0.5,295.53327239254395,0.027815961382687708,0.00027365142924148434,0.0019102353572410594,1.518308284506814e-07,3.7844542103149824e-05,1.9040938866761953e-06,4.466413752872099,2.963671234348296e-07,6.321547796385743e-09
10000.0,0.75,293.32504670975135,0.027802514161949447,0.0002714751332390852,0.0019259034029819261,1.0730182824096646e-07,5.473158182098921e-05,4.2097985081796176e-06,6.6746220981641216,6.47010597926609e-07,2.1259319456252224e-08
10000.0,1.0,291.1333212217252,0.027790385891424428,0.00026932888568049476,0.001940203344727298,8.18781664771117e-08,7.018570280675914e-05,7.309959986949186e-06,8.86633070392837,1.1181772347431373e-06,4.974325593499489e-08
10000.0,1.25,288.9579726118049,0.027779471325411677,0.0002672112492027505,0.001953251119786283,6.63055979894364e-08,8.432447096084017e-05,1.1132150921334779e-05,11.041662858608596,1.6998486216052778e-06,9.556197568201613e-08
10000.0,1.5,286.7988784869294,0.02776967385721912,0.00026512090480274806,0.00196514900732783,5.6230649001937846e-08,9.725201981464886e-05,1.560981194148102e-05,13.20074092924168,2.382705470827535e-06,1.6215692063873374e-07
10000.0,1.75,284.6559173705142,0.027760904614319813,0.00026305663948799534,0.0019759893197932596,4.942639763237259e-08,0.00010906265051836459,2.068165404836993e-05,15.343686368357828,3.1581080922575162e-06,2.526501260883965e-07
10000.0,2.0,282.52896869542894,0.027753081752104884,0.0002610173362912106,0.0019858562402847437,4.467131786083828e-08,0.00011984261681367523,2.6291190894648355e-05,17.470619720827347,4.018059745025514e-06,3.69869366544101e-07
10000.0,2.25,280.41791279705456,0.027746129856271274,0.00025900196567836564,0.001994826922797338,4.125525172199294e-08,0.00012967119100548827,3.2386341828898884e-05,19.581660630656142,4.955165102864837e-06,5.163711577583798e-07
10000.0,2.5,278.3226309064106,0.027739979417023684,0.0002570095779406048,0.0020029722606575897,3.8744376818771964e-08,0.00013862140793898165,3.8919081601438095e-05,21.676927847727985,5.962588413625388e-06,6.944618779183154e-07
10000.0,2.75,276.2430051433449,0.027734566354715596,0.0002550392963374859,0.0020103574866835554,3.686226206171736e-08,0.00014676064634958243,4.5845123470691224e-05,23.756539234497,7.034013183437529e-06,9.062172636113918e-07
10000.0,3.0,274.1789185097859,0.027729831589988322,0.00025309031089664527,0.0020170426726367715,3.542647695902228e-08,0.00015415111364231533,5.312363122196082e-05,25.820611772628205,8.163604066706105e-06,1.1535003576863137e-06
10000.0,3.25,272.1302548830549,0.027725720650565035,0.0002511618727700947,0.002023083163684191,3.4312979379169416e-08,0.00016085026849641738,6.071695505271915e-05,27.869261569587266,9.34597122875307e-06,1.4379780755950383e-06
10000.0,3.5,270.0968990092339,0.027722183309479405,0.0002492532890770046,0.0020285299661398624,3.343530242693626e-08,0.00016691119891244278,6.859038797154811e-05,29.90260386518199,1.0576137072605467e-05,1.7611365461565283e-06
10000.0,3.75,268.0787364965901,0.027719173252714755,0.0002473639181949056,0.0020334300972018986,3.2731887139024846e-08,0.00017238296410957042,7.671194142532561e-05,31.92075303805445,1.1849505318688189e-05,2.124295281818396e-06
10000.0,4.0,266.0756538090605,0.027716647775600966,0.0002454931654799719,0.002037826900646906,3.2158270855972363e-08,0.00017731090401731017,8.505213977227101e-05,33.92382261212008,1.316183251825345e-05,2.528620181495994e-06
10000.0,4.25,264.08753825978715,0.02771456750125538,0.00024364047932991419,0.002041760337579397,3.168183400737704e-08,0.00018173692494603342,9.358382926123924e-05,35.911925262961155,1.4509201512909501e-05,2.9751356232119004e-06
10000.0,4.5,262.1142780047055,0.02771289612079201,0.00024180534757482877,0.002045267253281445,3.1278350416145404e-08,0.00018569976243969287,0.00010228200134915753,37.88517282417315,1.5887996817507683e-05,3.464735657058249e-06
10000.0,4.75,260.1557620361834,0.027711600153415054,0.00023998729418944022,0.002048381622575547,3.0929818657005646e-08,0.0001892352235667784,0.00011112362916268153,39.8436762936646,1.729488178963005e-05,3.998194369661505e-06
10000.0,5.0,258.21188017671835,0.027710648727813286,0.00023818587628734702,0.0020511347732262873,3.062267177552219e-08,0.00019237640818021013,0.0001200875180312196,41.78754583990421,1.8726777728253882e-05,4.5761753590838524e-06
10000.0,5.25,256.2825230726862,0.027710013380242753,0.00023640068137289685,0.002053555591680073,3.034670297605615e-08,0.00019515391317026813,0.00012915416711248995,43.71689080812125,2.0180844508711568e-05,5.199240505981045e-06
10000.0,5.5,254.36758218813625,0.02770966786711241,0.00023463132481688507,0.0020556707139106917,3.009415871098424e-08,0.00019759602234735953,0.0001383056406877055,45.63181972646186,2.1654462561396073e-05,5.867858130529374e-06
10000.0,5.75,252.46694979863895,0.027709587992531728,0.00023287744754892925,0.002057504700726765,2.985919127488675e-08,0.0001997288813076736,0.00014752544943756924,47.53244031209763,2.3145216236844687e-05,6.582410515417569e-06
10000.0,6.0,250.5805189851763,0.027709751447778486,0.00023113871392172375,0.0020590802009480447,2.9637350443658955e-08,0.00020157666056244057,0.00015679843968356626,49.418859477293815,2.4650878278285188e-05,7.343200922741207e-06
10000.0,6.25,248.70818362808765,0.027710137665244824,0.0002294148097966749,0.002060418099675358,2.9425281841932046e-08,0.00020316170421108684,0.00016611069233163892,51.29118333542593,2.6169395646207876e-05,8.150459993934222e-06
10000.0,6.5,246.8498384010643,0.02771072768391796,0.00022770544076660418,0.002061537654864977,2.922044915478446e-08,0.0002045046672287704,0.00017544942955128015,53.149517206950456,2.7698876424318903e-05,9.004351657241582e-06
10000.0,6.75,245.0053787651903,0.027711504024865493,0.00022601033053881047,0.0020624566236554396,2.9020938950979466e-08,0.00020562464274403758,0.00018480292821374114,54.993965625331825,2.9237577671343928e-05,9.904978604712505e-06
10000.0,7.0,243.17470096302878,0.027712450575955196,0.00022432921944814474,0.002063191379274148,2.882532120820733e-08,0.00020653928009559098,0.00019416043957118343,56.82463234292609,3.0783894146408214e-05,1.085238737166256e-05
10000.0,7.25,241.35770201275486,0.0277135524855396,0.0002226618630951167,0.002063757018833201,2.8632530776699244e-08,0.00020726489395811134,0.00020351211500366744,58.641620336820466,3.233634788376507e-05,1.1846573029624126e-05
10000.0,7.5,239.55427970233768,0.02771479606509156,0.00022100803110452566,0.0020641674620213617,2.844178124631598e-08,0.00020781656452637597,0.00021284893783385297,60.4450318146258,3.389357861711553e-05,1.288748349274789e-05
10000.0,7.75,237.76433258375755,0.0277161686975575,0.00021936750597365316,0.002064435543968225,2.825249931586489e-08,0.00020820823195285773,0.00022216265904186742,62.2349682202355,3.545433475068122e-05,1.3975023575631067e-05
10000.0,8.0,235.9877599672745,0.027717658754231034,0.00021774008202809277,0.0020645730994657825,2.806427378812009e-08,0.00020845278226780875,0.00023144573877162213,64.01153023953516,3.7017465141845533e-05,1.510905868208495e-05
10000.0,8.25,234.224461915753,0.02771925551984089,0.0002161255644850705,0.0020645910388565596,2.7876816176652784e-08,0.0002085621250484262,0.000240691293449669,65.77481780605821,3.858191167114458e-05,1.628941813609934e-05
10000.0,8.5,232.47433923901593,0.027720949120914003,0.00021452376856805487,0.0020644994205867473,2.768992989328693e-08,0.00020854726774853448,0.0002498930451738326,67.52493010661296,4.014670213096569e-05,1.751589836805565e-05
10000.0,8.75,230.73729348824517,0.02772273046023471,0.00021293451870371167,0.002064307517571235,2.750348904303816e-08,0.00020841838388238702,0.0002590452752825676,69.26196558686475,4.171094370055897e-05,1.8788265834450146e-05
10000.0,9.0,229.01322695042697,0.027724591156640718,0.00021135764778824835,0.002064023878151253,2.731741847906549e-08,0.00020818487581825696,0.0002681427815963827,70.98602195687458,4.3273816936289264e-05,2.010625970351243e-05
10000.0,9.25,227.30204264284401,0.027726523489899502,0.00020979299651892474,0.0020636563818987887,2.713168148613537e-08,0.00020785543241926945,0.00027718083916550875,72.69719619659242,4.4834570253945117e-05,2.1469594317285517e-05
10000.0,9.5,225.60364430758372,0.027728520347140843,0.00020824041275056693,0.0020632122938395343,2.694626775402397e-08,0.00020743808509589493,0.0002861551621000279,74.39558456133472,4.6392514562998885e-05,2.2877961584692376e-05
10000.0,9.75,223.91793640613338,0.027730575178309777,0.00020669975097267838,0.0020626983095268876,2.6761189357483566e-08,0.00020694025469542176,0.00029506187163937114,76.08128258717718,4.794701877657813e-05,2.433103297681428e-05
10000.0,10.0,222.24482411398725,0.02773268195175629,0.00020517087177181586,0.002062120599999681,2.6576470910661397e-08,0.00020636879823630666,0.0003038974643323803,77.75438509633591,4.949750533715009e-05,2.5828461515116553e-05
10000.0,10.25,220.5842133153004,0.02773483511391298,0.00020365364136118628,0.0020614848525779854,2.6392146551111574e-08,0.0002057300514515035,0.0003126587830694589,79.41498620250266,5.104344614253123e-05,2.7369883577863448e-05
10000.0,10.5,218.93601059757086,0.02773702955133063,0.00020214793113431648,0.0020607963092778075,2.620825594654998e-08,0.00020502986892938802,0.0003213429897531418,81.06317931615257,5.2584358701932154e-05,2.895492060208258e-05
10000.0,10.75,217.30012324639978,0.027739260558320735,0.00020065361729396103,0.0020600597995409265,2.602484307629281e-08,0.00020427365848437904,0.00032994754190113874,82.69905714977514,5.4119802844166325e-05,3.058318053486421e-05
10000.0,11.0,215.6764592402516,0.027741523804024552,0.00019917058047050394,0.002059279773550697,2.5841952945176645e-08,0.00020346641610500385,0.0003384701688576585,84.32271172310516,5.564937737088122e-05,3.225425930966801e-05
10000.0,11.25,214.06492724528778,0.027743815304507355,0.00019769870540156147,0.002058460330458764,2.565963101770116e-08,0.00020261275573275507,0.0003469088515275012,85.93423436828144,5.7172717204431065e-05,3.396774209810726e-05
10000.0,11.5,212.4654366101619,0.027746131392170286,0.00019623788058330445,0.0020576052493237284,2.5477921377371865e-08,0.00020171694179361052,0.00035526180023415276,87.53371573504342,5.8689490272341185e-05,3.5723204681301506e-05
10000.0,11.75,210.87789736098372,0.0277484686955889,0.00019478799805184454,0.002056718009490512,2.5296867441665182e-08,0.0002007829109664814,0.00036352743991612354,89.1212457957615,6.019939542221733e-05,3.7520214353603105e-05
10000.0,12.0,209.3022201962323,0.027750824115086684,0.00019334895309828788,0.002055801815303433,2.5116510291830414e-08,0.00019981429832961693,0.00037170439234011855,90.69691385051728,6.170215991781529e-05,3.935833101651683e-05
10000.0,12.25,207.7383164816749,0.027753194799213676,0.00019192064400872487,0.002054859619887716,2.4936888579820265e-08,0.0001988144625787708,0.00037979145894567333,92.26080853217823,6.319753702374389e-05,4.1237108232338895e-05
10000.0,12.5,206.1860982454557,0.027755578129506034,0.0001905029718970104,0.002053894140556914,2.4758038738203055e-08,0.00019778650263469448,0.0003877876095632162,93.81301781130466,6.468530441503212e-05,4.315609390370006e-05
10000.0,12.75,204.64547817311,0.027757971700458677,0.00018909584048428462,0.002052907879061033,2.4579994702457245e-08,0.00019673327918817994,0.0003956919677651521,95.35362900113007,6.616526211388412e-05,4.511483116770241e-05
10000.0,13.0,203.11636960260694,0.027760373301539954,0.0001876991558995474,0.0020519031397714426,2.4402787752054963e-08,0.00019565743414808712,0.00040350379764689807,96.88272876251355,6.763723062722863e-05,4.711285919890349e-05
10000.0,13.25,201.59868651953096,0.02776278090435559,0.00018631282654422944,0.0020508820426521747,2.4226446704016604e-08,0.0001945614046772016,0.00041122249430047505,98.4004031087545,6.910104960290471e-05,4.914971377731977e-05
10000.0,13.5,200.09234355223842,0.027765192648281853,0.00018493676293339766,0.0020498465377854717,2.4050997975083144e-08,0.0001934474388222567,0.0004188475732008535,99.90673741043217,7.055657633316149e-05,5.12249279257349e-05
10000.0,13.75,198.59725596695384,0.02776760682416522,0.0001835708775210095,0.002048798421846931,2.3876465539581134e-08,0.0001923176131749709,0.0004263786582064104,101.4018164003049,7.200368406349475e-05,5.33380326351346e-05
10000.0,14.0,197.11333966312648,0.02777002186681493,0.00018221508462606172,0.0020477393456864302,2.3702871275506875e-08,0.000191173841279921,0.0004338154758731755,102.8857241779513,7.344226118831018e-05,5.548855718853988e-05
10000.0,14.25,195.6405111686316,0.02777243634147301,0.00018086930028000353,0.0020466708280108465,2.3530234839014187e-08,0.00019001788836300082,0.00044115784545679243,104.35854421456527,7.487220984092053e-05,5.7676029759297546e-05
10000.0,14.5,194.17868763503972,0.02777484893318246,0.00017953344211738348,0.002045594266124974,2.3358573882962084e-08,0.00018885138302136628,0.00044840567098733766,105.82035935768374,7.629344477466855e-05,5.989997787739416e-05
10000.0,14.75,192.72778683307516,0.027777258440345867,0.00017820742930925562,0.00204451094243938,2.3187904194737184e-08,0.00018767582443544767,0.00045555893640065803,107.27125183572622,7.770589267345318e-05,6.215992870182266e-05
10000.0,15.0,191.28772714783017,0.02777966376212346,0.0001768911824283413,0.0020434220372071224,2.301823977511632e-08,0.0001864925961342871,0.0004626176961971107,108.71130326277725,7.910949083395533e-05,6.445540957699731e-05
10000.0,15.25,189.85842757429813,0.02778206389349914,0.00017558462340116395,0.002042328633505396,2.284959300105603e-08,0.00018530297159083977,0.000469582071676376,110.14059464305157,8.050418663119543e-05,6.678594823515713e-05
10000.0,15.5,188.43980771278245,0.027784457916857734,0.00017428767541912118,0.0020412317257471548,2.2681974686427866e-08,0.00018410812352314098,0.00047645224464322596,111.559206375483,8.18899366288339e-05,6.915107315949817e-05
10000.0,15.75,187.03178776429064,0.027786844993774127,0.00017300026285302085,0.00204013222797732,2.2515394228532884e-08,0.0001829091329838762,0.00048322845125743115,112.96721825832805,8.326670570969175e-05,7.155031393796833e-05
10000.0,16.0,185.63428852621092,0.027789224361802478,0.00017172231122102616,0.002039030977115501,2.234985968978929e-08,0.0001817069930753366,0.0004899109795524614,114.36470949348806,8.463446672175802e-05,7.39832013847309e-05
10000.0,16.25,184.24723138761885,0.027791595324438728,0.00017045374708528257,0.0020379287430967643,2.2185377919443317e-08,0.00018050261999042402,0.0004965001619534727,115.75175869120014,8.599319942158687e-05,7.644926797842687e-05
10000.0,16.5,182.87053832511302,0.027793957250333515,0.0001691944980480632,0.0020368262296624946,2.2021954623453408e-08,0.00017929685410620851,0.0005029963745854418,117.12844387420085,8.73428903717587e-05,7.894804787049743e-05
10000.0,16.75,181.50413189818332,0.02779630956426757,0.0001679444926535365,0.0020357240834831245,2.1859594467062482e-08,0.00017809046993976874,0.0005094000305318219,118.4948424823555,8.86835319883515e-05,8.147907727658361e-05
10000.0,17.0,180.14793524505717,0.027798651746013606,0.00016670366037912078,0.0020346228953048427,2.1698301126513685e-08,0.00017688417760118783,0.0005157115788973792,119.85103137681153,9.00151224039739e-05,8.404189450062482e-05
10000.0,17.25,178.8018720782483,0.02780098332393505,0.000165471931570405,0.0020335232064158477,2.1538077394207786e-08,0.00017567862990769355,0.0005219315000064918,121.19708684444798,9.133766478780805e-05,8.663604020369256e-05
10000.0,17.5,177.4658666802946,0.027803303871958493,0.0001642492374098072,0.0020324255117051587,2.1378925236169728e-08,0.0001744744258710884,0.0005280603030772498,122.5330846021364,9.265116701351527e-05,8.926105751602237e-05
10000.0,17.75,176.13984389958108,0.027805613006487134,0.00016303550988685438,0.002031330262778857,2.1220845849640147e-08,0.0001732721142047584,0.0005340985238818566,123.85909980091742,9.395564132532793e-05,9.19164921506459e-05
10000.0,18.0,174.82372914590698,0.02780791038127207,0.00016183068174499736,0.0020302378731418733,2.1063839752889283e-08,0.00017207219909655958,0.0005400467208607296,125.17520703043189,9.525110378670067e-05,9.460189261378517e-05
10000.0,18.25,173.5174483865882,0.02781019568708258,0.00016063468647993114,0.0020291487185293867,2.0907906794899595e-08,0.00017087514069592176,0.0005459054748440191,126.48148032281826,9.653757423615842e-05,9.731681018899467e-05
10000.0,18.5,172.2209281419392,0.02781246864573808,0.00015944745827821432,0.0020280631429361374,2.075304626299876e-08,0.00016968136180489532,0.0005516753845390391,127.77799315722913,9.781507564784846e-05,0.00010006079918692108
10000.0,18.75,170.93409548155668,0.027814729011124396,0.00015826893202725294,0.002026981457590174,2.0599256871498472e-08,0.00016849124687974088,0.0005573570672653825,129.06481846354762,9.908363422993987e-05,0.00010283341686615261
10000.0,19.0,169.65687801965717,0.027816976562223695,0.00015709904324622082,0.002025903947991894,2.0446536881646355e-08,0.00016730514982928063,0.0005629511536868955,130.3420286270479,0.00010034327867891668,0.00010563422373007117
10000.0,19.25,168.38920391171087,0.02781921110644591,0.00015593772812061887,0.0020248308705481124,2.0294884051128844e-08,0.00016612339044248936,0.000568458290302858,131.60969549176232,0.0001015940405249962,0.00010846278333835847
10000.0,19.5,167.13100184957267,0.02782143247150648,0.00015478492341861568,0.0020237624607778205,2.014429577668811e-08,0.00016494626348063842,0.0005738791332974821,132.8678903653477,0.0001028359532622473,0.0001113186626585289
10000.0,19.75,165.88220105838678,0.027823640509888843,0.0001536405665340105,0.002022698928806822,1.9994769017970906e-08,0.00016377403382108406,0.0005792143519061584,134.1166840221823,0.00010406905281722882,0.00011420143182379745
10000.0,20.0,164.64273129168714,0.027825835091241372,0.00015250459541304363,0.00202164046704384,1.984630043624194e-08,0.00016260694499919292,0.0005844646226412005,135.3561467082631,0.00010529337673189233,0.00011711066446025134
10000.0,20.25,163.41252282826352,0.0278280161055828,0.00015137694858326014,0.002020587246946296,1.9698886338313717e-08,0.00016144521571042977,0.0005896306317300724,136.58634814434038,0.00010650896450187509,0.00012004593750380252
10000.0,20.5,162.1915064676132,0.027830183458523984,0.00015025756510648694,0.0020195394238454577,1.9552522764570494e-08,0.00016028904523404934,0.0005947130714691456,137.80735753046483,0.00010771585705864485,0.00012300683139420814
10000.0,20.75,160.97961352646743,0.027832337071826103,0.00014914638458378497,0.002018497136383326,1.940720547954843e-08,0.00015913861286401046,0.0005997126406632191,139.0192435494612,0.00010891409682672117,0.00012599293001700097
10000.0,21.0,159.77677583468395,0.027834476881175303,0.00014804334713260344,0.0020174605087607714,1.926293001441742e-08,0.0001579940804811706,0.0006046300429241019,140.22207437103515,0.0001101037274794622,0.00012900382077688335
10000.0,21.25,158.58292573149942,0.027836602835282078,0.00014694839337699508,0.002016429651647936,1.9119691684041828e-08,0.00015685559362232305,0.0006094659859930769,141.41591765552025,0.00011128479383908613,0.00013203909460876234
10000.0,21.5,157.39799606176598,0.027838714895058844,0.0001458614644389297,0.0020154046630153173,1.8977485602910777e-08,0.00015572328246460035,0.0006142211811213961,142.60084055764153,0.00011245734178481819,0.0001350983459849206
10000.0,21.75,156.2219201720707,0.027840813032173322,0.00014478250192251054,0.0020143856295961465,1.883630671329731e-08,0.00015459726351347563,0.0006188963419709331,143.77690973039537,0.00011362141809351246,0.00013818117295188236
10000.0,22.0,155.05463190717927,0.027842897228908852,0.0001437114479114384,0.0020133726270286124,1.8696149788231078e-08,0.0001534776398116032,0.0006234921845227137,144.94419132860563,0.00011477707042221299,0.000141287177105622
10000.0,22.25,153.8960656057363,0.02784496747535444,0.00014264824494194026,0.0020123657226928248,1.8557009484306107e-08,0.0001523645041741068,0.0006280094249242313,146.10275101322273,0.00011592434700032403,0.00014441596369213283
10000.0,22.5,152.74615609773608,0.027847023772379353,0.00014159283602946032,0.002011364972709593,1.8418880285591157e-08,0.0001512579358476424,0.0006324487818137989,147.25265395385375,0.00011706329695273242,0.00014756714143712338
10000.0,22.75,151.60483869931463,0.02784906612622321,0.00014054516461558066,0.0020103704274032916,1.8281756607166494e-08,0.00015015800671847908,0.0006368109721452568,148.39396483396845,0.00011819396970678312,0.00015074032276797937
10000.0,23.0,150.4720492104102,0.0278510945516162,0.00013950517459523985,0.0020093821281545183,1.8145632735849273e-08,0.00014906477778791228,0.0006410967136356661,149.52674785323998,0.00011931641533297542,0.00015393512363727217
10000.0,23.25,149.34772391068333,0.027853109069926937,0.00013847281029816933,0.0020084001092707223,1.8010502865646998e-08,0.0001479783013286715,0.0006453067233479474,150.65106673162407,0.00012043068434066646,0.00015715116357819704
10000.0,23.5,148.2317995554743,0.027855109707416115,0.000137448016471958,0.002007424399749491,1.7876361130964694e-08,0.00014689862292047802,0.0006494417163557197,151.76698471340114,0.00012153682748536606,0.000160388065755081
10000.0,23.75,147.12421337343582,0.027857096497422008,0.00013643073829913056,0.0020064550210759906,1.774320156515645e-08,0.00014582577896080033,0.0006535024074829336,152.8745645695442,0.00012263489600998896,0.00016364545683202275
10000.0,24.0,146.02490306146362,0.027859069476746583,0.00013542092136322798,0.0020054919908707117,1.7611018169888677e-08,0.0001447598008747627,0.0006574895084940089,153.9738686027871,0.0001237249412437147,0.00016692296710859672
10000.0,24.25,144.93380678253914,0.027861028687698717,0.00013441851166559436,0.0020045353208295084,1.7479804875260716e-08,0.00014370071276412945,0.0006614037297361273,155.06495864978245,0.0001248070148298614,0.0001702202303966464
10000.0,24.5,143.85086316150895,0.02786297417645424,0.00013342345560858154,0.002003585018380302,1.7349555571871512e-08,0.00014264853334213765,0.0006652457788753214,156.14789608532183,0.00012588116854294007,0.00017353688406460387
10000.0,24.75,142.7760112816049,0.027864905992623278,0.00013243569998981118,0.002002641087121486,1.722026411919863e-08,0.0001416032764595384,0.000669016360587027,157.22274182581532,0.0001269474542407179,0.0001768725690273671
10000.0,25.0,141.7091906817748,0.027866824190007418,0.00013145519200739514,0.0020017035260595493,1.709192433050322e-08,0.000140564950237213,0.000672716177189657,158.28955633196102,0.00012800592394978,0.0001802269296831071
10000.0,25.25,140.6503413520218,0.027868728824543304,0.0001304818792395474,0.0020007723316858303,1.6964530012862896e-08,0.00013953355949565316,0.0006763459270479554,159.3483996134051,0.00012905662963526881,0.00018359961397490225
10000.0,25.5,139.59940373162397,0.027870619956109736,0.00012951570965817055,0.0019998474961558524,1.6838074932249764e-08,0.00013850910365496665,0.0006799063060384015,160.3993312305227,0.00013009962340444287,0.0001869902732823296
10000.0,25.75,138.55631870418725,0.02787249764625291,0.00012855663160778164,0.001998929009585145,1.671255285716651e-08,0.00013749157942183378,0.0006833980057802181,161.44241029936444,0.00013113495725182765,0.00019039856249152638
10000.0,26.0,137.5210275947254,0.027874361958475834,0.00012760459380580907,0.0019980168597594984,1.658795755312681e-08,0.00013648098046892176,0.0006868217138979554,162.47769549457618,0.00013216268309235204,0.00019382413995350277
10000.0,26.25,136.49347216811648,0.027876212959980273,0.00012665954535620225,0.0019971110303794674,1.646428274805919e-08,0.00013547729539737765,0.0006901781154408453,163.50524505094347,0.00013318285295876815,0.00019726666738085783
10000.0,26.5,135.47359462285706,0.027878050718195074,0.00012572143571667216,0.0019962115045647428,1.6341522200689864e-08,0.00013448051184775952,0.0006934678901565662,164.5251167696359,0.0001341955186106363,0.00020072580996735004
10000.0,26.75,134.46133758938467,0.027879875302341862,0.00012479021471074254,0.0019953182632764174,1.621966966939447e-08,0.00013349061466903,0.0006966917137710322,165.5373680198853,0.00013520073171196788,0.00020420123629233947
10000.0,27.0,133.4566441284427,0.02788168678465355,0.0001238658325350306,0.0019944312840912215,1.6098718888909485e-08,0.0001325075844812627,0.0006998502589979257,166.54205574062115,0.0001361985439709866,0.00020769261824295357
10000.0,27.25,132.45945772437494,0.027883485237073156,0.00012294823973077609,0.0019935505445311244,1.5978663633725268e-08,0.00013153140161288718,0.0007029441929378373,167.53923644717503,0.00013718900676608313,0.00021119963112140646
10000.0,27.5,131.4697222841766,0.027885270733103765,0.00012203738719650764,0.001992676020200738,1.585949768243624e-08,0.00013056204391368687,0.0007059741785917095,168.5289662322301,0.0001381721713572597,0.00021472195354112387
10000.0,27.75,130.4873821353281,0.02788704334821786,0.00012113322618972122,0.0019918076843763012,1.5741214809327458e-08,0.00012959948626462122,0.0007089408752289782,169.51130076798748,0.00013914808893512217,0.0002182592673851962
10000.0,28.0,129.51238201964185,0.027888803157739128,0.00012023570830690143,0.001990945510143836,1.5623808825891064e-08,0.00012864370313987066,0.0007118449367210859,170.48629531231876,0.0001401168103787623,0.00022181125785880674
10000.0,28.25,128.5446670922571,0.027890550238089177,0.0001193447854921675,0.0019900894691437907,1.550727355601733e-08,0.0001276946671128894,0.0007146870125808672,171.45400470977145,0.000141078386400577,0.0002253776134152631
10000.0,28.5,127.58418291917025,0.027892284666894484,0.00011846041003657585,0.001989239531464798,1.5391602833186753e-08,0.00012675234872842986,0.0007174677480867983,172.41448339403883,0.00014203286756060484,0.00022895802572731695
10000.0,28.75,126.63087547166502,0.027894006521681253,0.00011758253456422448,0.0019883956669626865,1.5276790527060085e-08,0.0001258167181032093,0.0007201877832669941,173.36778539352926,0.00014298030411652611,0.00023255218970319875
10000.0,29.0,125.6846911252168,0.027895715880702266,0.0001167111120379139,0.001987557844427985,1.5162830526245235e-08,0.0001248877439238373,0.0007228477536027928,174.31396433246204,0.00014392074612121838,0.00023615980343337406
10000.0,29.25,124.7455766568222,0.027897412822975864,0.00011584609575750968,0.0019867260315485787,1.5049716737467278e-08,0.0001239653934064764,0.0007254482900958025,175.25307343353805,0.0001448542434287867,0.00023978056816369232
10000.0,29.5,123.81347923981897,0.027899097427290857,0.0001149874393491279,0.0019859001959156,1.4937443105092452e-08,0.00012304963351933003,0.0007279900185055336,176.18516552311914,0.00014578084558070474,0.00024341418829871696
10000.0,29.75,122.88834644310663,0.027900769773038347,0.00011413509677042038,0.0019850803041863295,1.4826003594573314e-08,0.00012214042997453785,0.0007304735600525076,177.11029303200812,0.00014670060190373995,0.0002470603713514228
10000.0,30.0,121.97012622803854,0.027902429940077834,0.00011328902230735662,0.001984266322221305,1.4715392194960272e-08,0.00012123774739915756,0.0007328995313467522,178.0285079985564,0.00014761356149593183,0.00025071882792122
10000.0,30.25,121.05876694296856,0.027904078007709665,0.00011244917056371916,0.0019834582161223696,1.4605602938640733e-08,0.00012034155059630266,0.0007352685436029682,178.93986207411706,0.0001485197731092016,0.000254389271696209
10000.0,30.5,120.15421732232649,0.027905714055397886,0.00011161549646507034,0.001982655951505848,1.4496629887192076e-08,0.00011945180367066565,0.0007375812032540869,179.84440652396964,0.00014941928523450694,0.0002580714194072957
10000.0,30.75,119.25642648636301,0.027907338163574075,0.00011078795526401587,0.0019818594926934866,1.4388467114893486e-08,0.00011856846904597026,0.0007398381126291661,180.74219222757537,0.00015031214619695178,0.0002617649907843316
10000.0,31.0,118.36534393274385,0.02790895041175178,0.00010996650252160764,0.001981068804616558,1.4281108746307371e-08,0.00011769150978772464,0.0007420398684836478,181.63326968698252,0.00015119840393817995,0.0002654697085751953
10000.0,31.25,117.48091953631265,0.027910550879366672,0.0001091510941128039,0.0019802838519702754,1.4174548939215832e-08,0.00011682088857788878,0.0007441870627063316,182.51768902706357,0.0001520781061155914,0.0002691852985002312
10000.0,31.5,116.60310354724305,0.027912139645998923,0.0001083416862264043,0.0019795045989914853,1.4068781880115415e-08,0.00011595656744448482,0.0007462802825321451,183.3954999973634,0.00015295130012996295,0.0002729114892236051
10000.0,31.75,115.73184658966898,0.027913716791698254,0.00010753823536583966,0.001978731009132822,1.3963801777775986e-08,0.00011509850736231755,0.0007483201108363112,184.26675197346896,0.00015381803316515428,0.0002766480123238314
10000.0,32.0,114.86709965296318,0.027915282395416772,0.00010674069833376836,0.0019779630466452585,1.3859602893525153e-08,0.00011424667020518363,0.000750307124923383,185.13149396573024,0.00015467835200639324,0.0002803946022933412
10000.0,32.25,114.00881409349284,0.027916836536165602,0.00010594903224001445,0.001977200675413557,1.3756179518591642e-08,0.00011340101731490466,0.0007522418974832368,185.98977461750505,0.0001555323031771957,0.00028415099649525295
10000.0,32.5,113.15694163353517,0.027918379293177552,0.00010516319450164891,0.001976443858793521,1.3653525970547007e-08,0.00011256150929203854,0.00075412499675067,186.84164220624342,0.0001563799329605749,0.0002879169351451628
10000.0,32.75,112.31143435442398,0.02791991074516288,0.00010438314283376618,0.0019756925603654388,1.3551636607886159e-08,0.00011172810694294635,0.0007559569859565794,187.68714465034083,0.00015722128731285125,0.0002916921612853751
10000.0,33.0,111.472244694633,0.027921430970428766,0.00010360883524874738,0.001974946743815351,1.345050582745829e-08,0.0001109007711329009,0.0007577384234570084,188.52632951105477,0.00015805641187942527,0.0002954764207610026
10000.0,33.25,110.6393254486523,0.02792294004710238,0.00010284023005667432,0.0019742063727115748,1.3350128059757848e-08,0.0001100794625062691,0.0007594698629416996,189.3592439936286,0.00015888535202280543,0.0002992694621982531
10000.0,33.5,109.81262976607727,0.02792443805327962,0.00010207728586543376,0.0019734714103558726,1.3250497765428408e-08,0.00010926414129541797,0.0007611518535785914,190.18593494820243,0.00015970815284193678,0.00030307103698878576
10000.0,33.75,108.99211114318777,0.02792592506635117,0.0001013199615708848,0.001972741820467187,1.31516094492597e-08,0.0001084547681954842,0.0007627849395378426,191.00644887823375,0.0001605248590940746,0.00030688089924484947
10000.0,34.0,108.17772342444553,0.027927401163455115,0.00010056821636039223,0.0019720175667255315,1.305345765038105e-08,0.00010765130378270543,0.0007643696603687823,191.82083193900024,0.00016133551525006535,0.00031069880579085894
10000.0,34.25,107.36942080082119,0.02792886642154043,9.982200971178855e-05,0.00197129861270953,1.295603694096511e-08,0.00010685370843701981,0.0007659065510775849,192.62912993927267,0.0001621401655032444,0.0003145245161450347
10000.0,34.5,106.5671578050079,0.027930320917133787,9.908130138872716e-05,0.001970584922134247,1.285934193063403e-08,0.00010606194264584314,0.0007673961419894984,193.4313883461013,0.0001629388537437974,0.0003183577924862463
10000.0,34.75,105.77088930795402,0.027931764726238227,9.834605143762788e-05,0.0019698764589555686,1.2763367268258292e-08,0.00010527596713812673,0.0007688389587080103,194.22765228828294,0.00016373162354854783,0.000322198399626762
10000.0,35.0,104.98057051843554,0.027933197924533127,9.76162201882611e-05,0.001969173187169664,1.2668107637833116e-08,0.00010449574263085391,0.000770235522294952,195.0179665567888,0.00016451851820595108,0.00032604610499876183
10000.0,35.25,104.1961569841682,0.027934620587706783,9.689176825593079e-05,0.0019684750704782247,1.2573557752028647e-08,0.00010372122940677673,0.0007715863495435011,195.8023756036524,0.00016529958075625127,0.00032990067864903947
10000.0,35.5,103.41760457873255,0.027936032790451454,9.617265652751424e-05,0.001967782073307352,1.2479712371067344e-08,0.0001029523886063477,0.000772891952285327,196.58092355504405,0.00016607485387649436,0.00033376189316528535
10000.0,35.75,102.64486950704853,0.027937434607211434,9.545884616866036e-05,0.0019670941600523073,1.23865662883447e-08,0.00010218918127256713,0.0007741528379645809,197.3536542057966,0.00016684437996895162,0.00033762952369157127
10000.0,36.0,101.87790830063149,0.027938826111965423,9.475029861933214e-05,0.0019664112952996,1.2294114334370348e-08,0.000101431568633702,0.0007753695095140078,198.12061102414938,0.0001676082011374885,0.00034150334789469526
10000.0,36.25,101.11667781998848,0.02794020737860771,9.40469755967724e-05,0.0019657334434428383,1.2202351369082259e-08,0.00010067951161368916,0.0007765424656550107,198.88183714935187,0.0001683663592332903,0.00034538314596894775
10000.0,36.5,100.36113524713785,0.027941578480545428,9.334883908862274e-05,0.001965060569092351,1.2111272289557582e-08,9.993297135670769e-05,0.0007776722006484982,199.63737539914416,0.00016911889580987488,0.00034926870058534594
10000.0,36.75,99.61123807902965,0.027942939490367323,9.265585134694068e-05,0.0019643926374123917,1.2020872036318934e-08,9.919190965923339e-05,0.0007787592040958347,200.38726827633621,0.00016986585208638027,0.00035315979684593415
10000.0,37.0,98.866944131815,0.02794429048037361,9.196797489303291e-05,0.001963729613586465,1.1931145582728788e-08,9.845628828811627e-05,0.0007798039613430571,201.13155796453879,0.00017060726901049343,0.00035705622229908075
10000.0,37.25,98.12821153645287,0.027945631522409024,9.128517251361813e-05,0.001963071462988108,1.184208793808658e-08,9.772606919947478e-05,0.0007808069533956103,201.87028633255656,0.0001713431872407243,0.0003609577669065679
10000.0,37.5,97.39499874715494,0.027946962688479925,9.060740726893245e-05,0.001962418150555696,1.175369413577018e-08,9.70012137273044e-05,0.0007817686573490278,202.60349492594347,0.00017207364721880285,0.00036486422309555175
10000.0,37.75,96.66726451478871,0.02794828404936863,8.993464246873938e-05,0.0019617696422020606,1.1665959259243261e-08,9.6281684415958e-05,0.0007826895455270165,203.3312249935991,0.00017279868901232676,0.00036877538557145904
10000.0,38.0,95.94496790262754,0.027949595675668033,8.926684168712585e-05,0.0019611259037651103,1.1578878422303004e-08,9.556744365759662e-05,0.0007835700861815999,204.05351747201897,0.00017351835243505336,0.00037269105141978377
10000.0,38.25,95.22806827920084,0.027950897637507396,8.860396875632405e-05,0.001960486901288195,1.1492446774073175e-08,9.485845405741166e-05,0.0007844107433485485,204.77041299244425,0.00017423267701705016,0.0003766110200516557
10000.0,38.5,94.51652532060629,0.027952190004702185,8.794598776855896e-05,0.0019598526008684494,1.1406659496055263e-08,9.415467823109648e-05,0.0007852119769513175,205.48195187854964,0.0001749417020227689,0.00038053509322039683
10000.0,38.75,93.81029900508541,0.027953472846651357,8.729286307185039e-05,0.0019592229687636787,1.1321511803832305e-08,9.345607894866204e-05,0.0007859742427828675,206.18817415186763,0.00017564546644131842,0.00038446307497484457
10000.0,39.0,93.1093496033951,0.027954746232097472,8.664455926252989e-05,0.0019585979716397364,1.1236998951300909e-08,9.27626194664495e-05,0.0007866979924211315,206.889119541417,0.0001763440089616308,0.0003883947715783147
10000.0,39.25,92.41363768546348,0.02795601022941827,8.600104119048241e-05,0.001957977576273714,1.1153116225110272e-08,9.20742631301585e-05,0.0007873836734015087,207.58482747704687,0.0001770373680061434,0.00039232999156065836
10000.0,39.5,91.72312411522199,0.027957264906532345,8.536227395514886e-05,0.0019573617496522516,1.1069858946211703e-08,9.139097350717612e-05,0.0007880317292027363,208.27533709460485,0.0001777255817219938,0.00039626854567368193
10000.0,39.75,91.03777005781528,0.027958510331054506,8.472822291023254e-05,0.0019567504588114838,1.0987222466718788e-08,9.071271416442428e-05,0.0007886425992906154,208.96068722872695,0.00017840868799738068,0.00040021024695650263
10000.0,40.0,90.35753695755307,0.027959746569967768,8.409885364850153e-05,0.001956143671180242,1.0905202175945842e-08,9.003944914596221e-05,0.0007892167191201525,209.64091643488564,0.00017908672443180378,0.00040415491053497386
10000.0,40.25,89.68238654991298,0.027960973689857876,8.347413200975584e-05,0.0019555413543375613,1.0823793495764526e-08,8.937114263620322e-05,0.0007897545201860979,210.31606297738708,0.00017975972835998003,0.00040810235373060446
10000.0,40.5,89.01228085585153,0.027962191756855558,8.285402407675872e-05,0.0019549434760744912,1.074299188151042e-08,8.870775904626084e-05,0.0007902564300483383,210.98616483506024,0.00018042773684787141,0.00041205239600867403
10000.0,40.75,88.34718218279014,0.027963400836686143,8.223849617568362e-05,0.0019543500043440404,1.066279282100982e-08,8.80492629467e-05,0.0007907228723625021,211.65125970027069,0.00018109078669863144,0.0004160048589872719
10000.0,41.0,87.68705312171838,0.02796460099465847,8.162751487394957e-05,0.0019537609072744345,1.0583191834571811e-08,8.739561908601395e-05,0.0007911542669100905,212.3113849818175,0.00018174891445314292,0.00041995956641074624
10000.0,41.25,87.0318565366859,0.02796579229553462,8.102104697293687e-05,0.001953176153306653,1.050418447688493e-08,8.674679257749131e-05,0.0007915510296274314,212.9665778154411,0.0001824021563799187,0.0004239163440534032
10000.0,41.5,86.38155557131283,0.027966974803666122,8.041905951215073e-05,0.0019525957110540818,1.0425766334655263e-08,8.610274870956914e-05,0.0007919135726372656,213.61687505731308,0.0001830505484887865,0.0004278750197791634
10000.0,41.75,85.73611364398816,0.027968148582953014,7.982151976577552e-05,0.0019520195493468715,1.0347933027075178e-08,8.546345300645054e-05,0.0007922423042785828,214.26231328883762,0.00018369412652876488,0.00043183542349755526
10000.0,42.0,85.09549446037117,0.027969313697084015,7.922839525171278e-05,0.0019514476369827587,1.0270680202109146e-08,8.482887089548982e-05,0.0007925376291459745,214.90292880415038,0.00018433292601106635,0.0004357973872777348
10000.0,42.25,84.45966197883168,0.027970470209007364,7.863965370626229e-05,0.0019508799432815193,1.0194003544086132e-08,8.419896844908145e-05,0.0007927999480998373,215.53875764467767,0.00018496698216330672,0.0004397607450329586
10000.0,42.5,83.82858043132019,0.027971618181307768,7.805526309926968e-05,0.0019503164376928818,1.0117898767974822e-08,8.357371186096948e-05,0.0007930296583109085,216.16983557826677,0.00018559632996474165,0.00044372533271098844
10000.0,42.75,83.20221431723735,0.027972757676141994,7.747519162956214e-05,0.0019497570898655138,1.0042361620145836e-08,8.295306753903928e-05,0.0007932271532880782,216.79619810531628,0.00018622100414203386,0.0004476909882380493
10000.0,43.0,82.58052840029887,0.027973888755223383,7.689940772257109e-05,0.0019492018696648553,9.967387878414256e-09,8.233700212971518e-05,0.0007933928229080568,217.41788046191112,0.00018684103916939888,0.0004516575514901286
10000.0,43.25,81.96348770636024,0.027975011479822114,7.632788002865543e-05,0.0019486507471745663,9.892973351851581e-09,8.172548252044643e-05,0.0007935270534456368,218.03491762199806,0.00018745646927015387,0.0004556248642730348
10000.0,43.5,81.35105754431044,0.027976125911064166,7.576057743582459e-05,0.0019481036923848206,9.819113876332303e-09,8.111847541675073e-05,0.0007936302275481579,218.6473442764919,0.00018806732844213418,0.00045959277051740854
10000.0,43.75,80.74320346111163,0.027977232109377474,7.519746904135527e-05,0.001947560675774535,9.745805322256639e-09,8.051594813374392e-05,0.0007937027243692515,219.25519487823559,0.00018867365041497585,0.0004635611158601221
10000.0,44.0,80.13989125733914,0.027978330134721584,7.46385241611727e-05,0.0019470216680723409,9.673043591087014e-09,7.991786827191902e-05,0.0007937449195562559,219.8585036264602,0.0001892754686699931,0.0004675297477894049
10000.0,44.25,79.54108699374396,0.02797942004670103,7.408371233362808e-05,0.001946486640139417,9.600824613544409e-09,7.932420355848757e-05,0.0007937571852593431,220.45730446022273,0.00018987281645076743,0.0004714985157063193
10000.0,44.5,78.94675698359846,0.027980501904494626,7.353300331440182e-05,0.0019459555630453095,9.529144350433354e-09,7.873492195090831e-05,0.0007937398901750328,221.05163106606017,0.0001904657267590277,0.00047546727085376843
10000.0,44.75,78.35686779060453,0.02798157576685677,7.29863670748789e-05,0.001945428408068245,9.457998792438473e-09,7.814999163783459e-05,0.0007936933995762521,221.64151688008135,0.00019105423235628535,0.0004794358662973323
10000.0,45.0,77.77138624801154,0.02798264169228233,7.244377381525338e-05,0.0019449051465171454,9.387383958230006e-09,7.756938078965487e-05,0.0007936180751938384,222.22699506884922,0.0001916383657737354,0.00048340415710980514
10000.0,45.25,77.19027942861597,0.027983699738792715,7.190519394352278e-05,0.0019443857499665514,9.31729589648541e-09,7.699305788893071e-05,0.0007935142754420741,222.80809855938088,0.00019221815930301495,0.00048737200008399707
10000.0,45.5,76.61351463231226,0.027984749963857327,7.137059806667095e-05,0.0019438701903440028,9.247730686511644e-09,7.642099185362244e-05,0.0007933823555212901,223.38486005159677,0.00019279364499380183,0.0004913392536141001
10000.0,45.75,76.04105941346283,0.027985792424622066,7.083995700950299e-05,0.0019433584396826838,9.178684435692791e-09,7.585315169020656e-05,0.0007932226672415706,223.95731199095073,0.0001933648546669317,0.0004953057779594766
10000.0,46.0,75.47288156795594,0.027986827177826974,7.031324180548586e-05,0.0019428504702129466,9.110153280151653e-09,7.528950662272087e-05,0.000793035559128809,224.52548658137212,0.00019393181991180452,0.0004992714351212905
10000.0,46.25,74.90894913121814,0.027987854279808357,6.979042369519601e-05,0.0019423462543617489,9.042133384537966e-09,7.473002609248067e-05,0.0007928213764540372,225.0894157872534,0.0001944945720880603,0.0005032360888243453
10000.0,46.5,74.34923038941363,0.02798887378653376,6.927147413362949e-05,0.0019418457647103584,8.974620942204721e-09,7.417467969338465e-05,0.0007925804611072088,225.6491313222507,0.00019505314232349535,0.0005071996046294307
10000.0,46.75,73.79369387295554,0.027989885753592857,6.875636478562464e-05,0.0019413489740080334,8.907612174863913e-09,7.362343719361597e-05,0.0007923131516796212,226.20466465577263,0.0001956075615170211,0.0005111618498706134
10000.0,47.0,73.24230831815798,0.027990890236108956,6.824506749987442e-05,0.0019408558552865278,8.841103331304665e-09,7.307626871295493e-05,0.0007920197839221303,226.75604705132798,0.00019615786035070612,0.0005151226932772269
10000.0,47.25,72.69504270760488,0.027991887288846676,6.773755433583923e-05,0.001940366381725485,8.775090688428015e-09,7.253314451561111e-05,0.0007917006902748675,227.30330952615708,0.0001967040692793761,0.0005190820053748998
10000.0,47.5,72.15186625490202,0.027992876966181017,6.723379755328333e-05,0.0019398805266938378,8.709570550644878e-09,7.19940350747077e-05,0.0007913562000529815,227.84648286647968,0.00019724621853607011,0.0005230396583361599
10000.0,47.75,71.61274840278578,0.02799385932209971,6.673376961078732e-05,0.0019393982637489415,8.644539249667106e-09,7.145891107152655e-05,0.0007909866394748294,228.38559762938624,0.00019778433813368894,0.0005269955259632256
10000.0,48.0,71.07765882749909,0.027994834410203378,6.623744316827581e-05,0.00193891956663389,8.579993144812027e-09,7.092774338928515e-05,0.0007905923315987138,228.92068413846198,0.00019831845786237535,0.000530949483733815
10000.0,48.25,70.5465674492465,0.02799580228370355,6.574479109343985e-05,0.0019384444092730765,8.51592862380508e-09,7.04005031016087e-05,0.0007901735961709031,229.45177247333186,0.00019884860728275458,0.0005349014089080831
10000.0,48.5,70.0194443793291,0.027996762995442924,6.52557864275923e-05,0.001937972765786076,8.452342098394426e-09,6.987716151625322e-05,0.00078973075039769,229.97889252252529,0.00019937481576229538,0.0005388511799988611
10000.0,48.75,69.49625996543296,0.02799771659788115,6.477040241440669e-05,0.0019375046104731248,8.389230008007569e-09,6.935769013318373e-05,0.0007892641082850889,230.50207393818815,0.00019989711244482945,0.0005427986772288483
10000.0,49.0,68.97698477611097,0.027998663143101978,6.428861248969955e-05,0.0019370399178181936,8.326588818425938e-09,6.884206065570957e-05,0.0007887739808658844,231.02134615160062,0.0002004155262614793,0.0005467437823763842
10000.0,49.25,68.46158959897353,0.027999602682815577,6.381039027999535e-05,0.001936578662488097,8.264415021582636e-09,6.83302449896583e-05,0.0007882606762266309,231.5367383749867,0.0002009300859322508,0.0005506863787590621
10000.0,49.5,67.95004544060224,0.02800053526836152,6.333570960221224e-05,0.0019361208193298199,8.2027051354921e-09,6.782221523969997e-05,0.0007877244995103791,232.0482796016003,0.00020144081996657041,0.0005546263512345837
10000.0,49.75,67.4423235497944,0.028001460950720723,6.286454447852275e-05,0.0019356663633437376,8.141455705965466e-09,6.731794366709151e-05,0.0007871657525907777,232.55599858248112,0.0002019477566495327,0.0005585635864350209
10000.0,50.0,66.93839535139008,0.028002379780493098,6.239686909305499e-05,0.0019352152697492326,8.080663301481982e-09,6.681740279528295e-05,0.0007865847350056653,233.05992389262698,0.00020245092408291407,0.0005624979721065152
10000.0,50.25,66.43823249783593,0.02800329180792035,6.193265782517301e-05,0.0019347675139286494,8.020324517071928e-09,6.632056532083247e-05,0.0007859817432322795,233.5600838794304,0.00020295035015407544,0.0005664293976268568
10000.0,50.5,65.9418068526939,0.028004197082882647,6.147188523849225e-05,0.0019343230714415753,7.960435972990635e-09,6.582740413685827e-05,0.0007853570709210571,234.0565066791698,0.0002034460625465471,0.0005703577538422166
10000.0,50.75,65.44909048890854,0.028005095654901013,6.101452607949436e-05,0.0019338819180238676,7.900994314522114e-09,6.533789233208568e-05,0.0007847110089215524,234.54922021874216,0.0002039380887415742,0.0005742829330515279
10000.0,51.0,64.9600556870742,0.02800598757313965,6.056055527614207e-05,0.0019334440295866835,7.84199621178268e-09,6.48520031898941e-05,0.0007840438453083566,235.03825221739584,0.00020442645601966242,0.0005782048289908677
10000.0,51.25,64.47467497961249,0.028006872886454683,6.010994796923241e-05,0.0019330093821364085,7.783438362653113e-09,6.43697100694851e-05,0.0007833558647886796,235.52363014255334,0.00020491119143787592,0.0005821233372746162
10000.0,51.5,63.99292104082785,0.02800775164328723,5.9662679433846084e-05,0.0019325779519601264,7.725317485208252e-09,6.389098668277352e-05,0.0007826473501857058,236.00538131975514,0.00020539232188853524,0.0005860383543031989
10000.0,51.75,63.51476676661622,0.028008623891747998,5.9218725136037914e-05,0.00193214971548433,7.667630323070406e-09,6.341580688432584e-05,0.0007819185813676296,236.48353285295147,0.00020586987405774937,0.0005899497780577596
10000.0,52.0,63.04018525808571,0.02800948967960485,5.877806072100731e-05,0.0019317246492991855,7.610373644214898e-09,6.294414470801333e-05,0.0007811698354708375,236.95811164088147,0.00020634387443469696,0.0005938575079388184
10000.0,52.25,62.569149816206775,0.02801034905428152,5.8340662009133676e-05,0.001931302730163793,7.553544240527219e-09,6.247597437534659e-05,0.0007804013869745452,237.42914438242312,0.00020681434931508222,0.0005977614447146645
10000.0,52.5,62.10163394012494,0.02801120206286,5.790650499462375e-05,0.0019308839350051362,7.497138927609741e-09,6.201127029440566e-05,0.0007796135077261022,237.8966575782804,0.0002072813248026566,0.0006016614905061906
10000.0,52.75,61.63761132547362,0.02801204875208295,5.747556584415884e-05,0.0019304682409170344,7.441154544588458e-09,6.155000705877002e-05,0.0007788064669662985,238.3606775326706,0.0002077448268107402,0.0006055575487717274
10000.0,53.0,61.1770558626869,0.0280128891683561,5.704782089554217e-05,0.0019300556251590913,7.385587953919716e-09,6.109215944644874e-05,0.0007779805313546684,238.82123035501127,0.0002082048810637434,0.0006094495242918785
10000.0,53.25,60.71994170455563,0.028013723357775494,5.6623246700778034e-05,0.0019296460650863661,7.330436046765293e-09,6.0637702305326296e-05,0.0007771359640168271,239.2783418923648,0.00020866151305563117,0.000613337323845419
10000.0,53.5,60.2662431230375,0.028014551366079134,5.620181993391998e-05,0.001929239538289901,7.275695731419885e-09,6.0186610784004275e-05,0.0007762730265683137,239.73203787262742,0.00020911474813943437,0.0006172208547818999
10000.0,53.75,59.81593457626461,0.028015373238674007,5.5783517433797995e-05,0.0019288360225269414,7.221363938642076e-09,5.973886021814616e-05,0.0007753919781696754,240.18234383752184,0.00020956461148605526,0.0006211000256920734
10000.0,54.0,59.36899073059757,0.028016189020647033,5.536831621790008e-05,0.0019284354956961309,7.167437623370274e-09,5.929442609049742e-05,0.0007744930752164568,240.62928512054359,0.00021001112807102616,0.0006249747466296699
10000.0,54.25,58.92538644042469,0.028016998756760798,5.49561934691398e-05,0.001928037935854986,7.113913763040641e-09,5.885328406015775e-05,0.0007735765716259855,241.07288686716146,0.000210454322687543,0.0006288449289114636
10000.0,54.5,58.48509674656205,0.02801780249145601,5.4547126534559535e-05,0.0019276433212187594,7.0607893574008314e-09,5.841540996136824e-05,0.0007726427188614459,241.51317403641755,0.00021089421994793288,0.0006327104851029775
10000.0,54.75,58.048096874653424,0.028018600268853923,5.414109292403378e-05,0.0019272516301593022,7.008061428323741e-09,5.798077980229856e-05,0.0007716917659559524,241.95017140252736,0.00021133084428512106,0.0006365713290041882
10000.0,55.0,57.61436223357033,0.028019392132758766,5.373807030897233e-05,0.0019268628412039278,6.9557270196212455e-09,5.7549369763834054e-05,0.000770723959536624,242.38390355647954,0.0002117642199540986,0.0006404273756352308
10000.0,55.25,57.18386847662224,0.028020178126616578,5.333803656659421e-05,0.0019264769330323108,6.90378320302925e-09,5.7121156177727405e-05,0.0007697395429039227,242.81439484482632,0.00021219437098605654,0.0006442785418514154
10000.0,55.5,56.75659140231699,0.028020958293585425,5.294096970779063e-05,0.0019260938844784033,6.852227068428042e-09,5.6696115557464064e-05,0.0007687387575243333,243.2416694689222,0.00021262132126343298,0.0006481247453506568
10000.0,55.75,56.33250693851191,0.02802173267654773,5.254684786549022e-05,0.0019257136745297423,6.801055722256033e-09,5.627422460173071e-05,0.0007677218432687563,243.66575150077307,0.0002130450945321183,0.000651965904516415
10000.0,56.0,55.91159122712827,0.02802250131805279,5.215564935598595e-05,0.0019253362823236154,6.7502662958041716e-09,5.585546016484484e-05,0.0007666890371383175,244.08666479832203,0.000213465714337877,0.000655801939268208
10000.0,56.25,55.49382058731105,0.02802326426034365,5.1767352652070564e-05,0.0019249616871470253,6.699855941567225e-09,5.5439799267119654e-05,0.0007656405738184931,244.50443304228943,0.00021388320405437157,0.0006596327706942349
10000.0,56.5,55.0791715139345,0.02802402154535949,5.1381936381816413e-05,0.001924589868435549,6.649821833067894e-09,5.502721909361654e-05,0.0007645766857015964,244.9190797376674,0.00021429758688455025,0.000663458321038139
10000.0,56.75,54.66762067610769,0.02802477321473797,5.099937932735533e-05,0.0019242208057721987,6.600161164680929e-09,5.461769699289755e-05,0.000763497602909263,245.3306282152142,0.00021470888586203475,0.0006672785136857702
10000.0,57.0,54.2591449156801,0.028025519309817597,5.0619660423658473e-05,0.0019238544788862807,6.550871151457245e-09,5.4211210475777865e-05,0.0007624035533149369,245.73910163294863,0.00021511712385250808,0.0006710932731519476
10000.0,57.25,53.853721284679686,0.028026259871584667,5.024275878537828e-05,0.0019234908676796095,6.501949033417276e-09,5.380773724177792e-05,0.0007612947619522807,246.1445229387122,0.0002155223235215568,0.0006749025254577438
10000.0,57.5,53.45132701724916,0.028026994940713437,4.986865368647752e-05,0.0019231299522066995,6.4533920723250845e-09,5.3407255158972434e-05,0.0007601714514567336,246.54691489823276,0.00021592450735895177,0.0006787061978507386
10000.0,57.75,53.051939434740945,0.02802772455770147,4.949732449167972e-05,0.001922771712607996,6.405197540789468e-09,5.300974219628313e-05,0.0007590338435613476,246.9463001900288,0.00021632369776052103,0.0006825042178548037
10000.0,58.0,52.65553606925379,0.028028448762694,4.9128750745370114e-05,0.0019224161291965804,6.357362736440935e-09,5.261517651118825e-05,0.0007578821571471794,247.34270128187381,0.00021671991692180732,0.0006862965145110192
10000.0,58.25,52.26209461993455,0.028029167595546377,4.8762912139955396e-05,0.0019220631824273776,6.309884976911062e-09,5.222353641844783e-05,0.0007567166089314499,247.73614047449408,0.00021711318687581973,0.000690083017941101
10000.0,58.5,51.87159295157868,0.02802988109582629,4.839978851471202e-05,0.001921712852896083,6.262761599667513e-09,5.18348003889238e-05,0.0007555374134885323,248.12663990296815,0.00021750352949433973,0.0006938636593351161
10000.0,58.75,51.48400909323075,0.028030589302816,4.803935985463452e-05,0.0019213651213380897,6.215989961849053e-09,5.1448947048399933e-05,0.0007543447832709403,248.51422153812646,0.000217890966489227,0.0006976383709391969
10000.0,59.0,51.09932123678503,0.02803129225551455,4.7681606289283765e-05,0.0019210199686274132,6.169567440100568e-09,5.106595517640197e-05,0.0007531389286303163,248.89890718795067,0.00021827551941372547,0.0007014070860432573
10000.0,59.25,50.71750775441356,0.02803198999261142,4.732650810496386e-05,0.0019206773757908693,6.123491432622368e-09,5.068580372233217e-05,0.0007519200575384805,249.2807184801456,0.00021865720964699467,0.0007051697391568549
10000.0,59.5,50.33854722201573,0.028032682552451036,4.697404576116172e-05,0.0019203373240271264,6.077759361927648e-09,5.030847182714136e-05,0.0007506883752125573,249.6596768386899,0.00021903605837327633,0.0007089262662452271
10000.0,59.75,49.962418278774926,0.028033369973246052,4.662419979096248e-05,0.0019199997945930122,6.0323686583248035e-09,4.993393869427929e-05,0.0007494440863510347,250.03580362427863,0.0002194120867070819,0.0007126766033275161
10000.0,60.0,49.58909976558489,0.02803405229286733,4.627695089888423e-05,0.0019196647689156932,5.987316776197117e-09,4.956218371710345e-05,0.0007481873929272229,250.4091199958976,0.00021978531556992025,0.0007164206878617882
10000.0,60.25,49.21857068065822,0.028034729548911428,4.593227992929113e-05,0.00191933222855678,5.9426011887815616e-09,4.9193186438162185e-05,0.0007469184948951375,250.7796469552147,0.0002201557657299074,0.0007201584583031226
10000.0,60.5,48.85081017820583,0.028035401778702684,4.559016786529759e-05,0.001919002155211318,5.898219388013102e-09,4.8826926548087274e-05,0.0007456375902092297,251.14740534790025,0.0002205234578030021,0.0007238898540921149
10000.0,60.75,48.48579756711648,0.028036069019295354,4.525059582767243e-05,0.0019186745307067765,5.854168884368996e-09,4.8463383884486584e-05,0.0007443448748441168,251.5124158649477,0.00022088841225424163,0.0007276148156433811
10000.0,61.0,48.123512309636105,0.028036731307475696,4.491354507374306e-05,0.0019183493370020406,5.810447206713095e-09,4.810253843083666e-05,0.0007430405428143131,251.8746990439942,0.00022125064939897712,0.0007313332843340619
10000.0,61.25,47.76393402591381,0.028037388679757178,4.457899700052132e-05,0.0019180265561890878,5.7670519027947724e-09,4.7744370318040056e-05,0.0007417247861023387,252.23427526477457,0.00022161018939910785,0.0007350452025506165
10000.0,61.5,47.407042555797574,0.028038041172308226,4.4246933189027906e-05,0.0019177061705208883,5.723980546136332e-09,4.73888598519868e-05,0.0007403977936927029,252.591164687326,0.00022196705221050583,0.0007387505143044684
10000.0,61.75,47.05281777634082,0.02803868882116774,4.3917335272819395e-05,0.0019173881623274118,5.681230715660349e-09,4.703598743015414e-05,0.0007390597544211845,252.94538743448047,0.0002223212577387136,0.0007424491634203243
10000.0,62.0,46.70123976056604,0.028039331662058638,4.359018505209353e-05,0.001917072514087942,5.6388000133976525e-09,4.6685733613213076e-05,0.0007377108544943761,253.29696343310198,0.0002226728257036972,0.0007461410951153189
10000.0,62.25,46.352288729600346,0.028039969730444782,4.326546445909905e-05,0.0019167592084087487,5.596686059137819e-09,4.6338079102779654e-05,0.0007363512782363345,253.64591246195076,0.00022302177568076363,0.000749826255525046
10000.0,62.5,46.00594505142819,0.028040603061532995,4.294315555709265e-05,0.001916448228022111,5.554886490281657e-09,4.599300474034089e-05,0.0007349812081071669,253.9922541529305,0.00022336812710173405,0.0007535045916927903
10000.0,62.75,45.66218923964417,0.028041231690275087,4.262324053929588e-05,0.0019161395557853427,5.513398961693687e-09,4.565049150618071e-05,0.0007336008247216169,254.33600799233565,0.00022371189925611673,0.0007571760515587596
10000.0,63.0,45.32100195220578,0.028041855651369876,4.230570172785208e-05,0.0019158331746798145,5.472221145554622e-09,4.5310520518305844e-05,0.0007322103068676496,254.67719332209845,0.00022405311129228031,0.000760840583949318
10000.0,63.25,44.98236399018621,0.028042474979265195,4.1990521572783325e-05,0.0019155290678099794,5.4313507312138474e-09,4.497307303137178e-05,0.0007308098315250376,255.01582934103632,0.00022439178221862673,0.0007644981385662174
10000.0,63.5,44.646256378148,0.02804308970806514,4.167768271208158e-05,0.0019152272184360338,5.390785434085534e-09,4.463813046522442e-05,0.0007293995726144352,255.35193502447862,0.00022472793083561907,0.0007681486667845433
10000.0,63.75,44.31266016677685,0.028043699871759826,4.136716782377213e-05,0.0019149276098921174,5.350522973771065e-09,4.4305674332665204e-05,0.000727979704066349,255.68552932163163,0.0002250615759030973,0.0007717921196987694
10000.0,64.0,43.981556584114415,0.028044305504050345,4.105895973907836e-05,0.0019146302256481764,5.3105610908063584e-09,4.3975686293703675e-05,0.000726550397468088,256.0166310043467,0.0002253927360122776,0.0007754284496227859
10000.0,64.25,43.652927002901556,0.02804490663838725,4.0753041417852906e-05,0.0019143350492960443,5.2708975430341674e-09,4.364814814308658e-05,0.0007251118225708847,256.3452586997769,0.00022572142961353408,0.0007790576097679221
10000.0,64.5,43.326752934125125,0.028045503307978628,4.044939594363523e-05,0.0019140420645463198,5.2315301048797254e-09,4.332304180733487e-05,0.0007236641473894538,256.6714308968298,0.00022604767502198202,0.0007826795541805957
10000.0,64.75,43.00301602583943,0.028046095545792044,4.014800652266011e-05,0.0019137512552274184,5.19245656721085e-09,4.300034934369451e-05,0.0007222075382195083,256.9951659473467,0.000226371490418593,0.0007862942377322274
10000.0,65.0,42.6816980619878,0.02804668338455646,3.984885648286598e-05,0.001913462605284626,5.153674737198044e-09,4.2680052939087404e-05,0.0007207421596552766,257.31648206728033,0.00022669289385130956,0.0007899016161091537
10000.0,65.25,42.362780961224104,0.0280472668567642,3.9551929272903454e-05,0.0019131760987791502,5.1151824381745905e-09,4.236213490906222e-05,0.0007192681746070177,257.6353973378737,0.00022701190323616007,0.0007935016458025408
10000.0,65.5,42.046246814336875,0.028047845994618386,3.9257208490121753e-05,0.0019128917199126697,5.076977513941192e-09,4.204657772343133e-05,0.000717785743709554,257.95192966823623,0.00022732853632429398,0.0007970942844801659
10000.0,65.75,41.732077846488465,0.028048420830086525,3.896467785211561e-05,0.0019126094530022236,5.0390578244141314e-09,4.1733363979932174e-05,0.0007162950259169017,258.2660968331042,0.0002276428107353928,0.0008006794906144472
10000.0,66.0,41.420256347116634,0.02804899139499971,3.867432114399721e-05,0.001912329282433746,5.001421237550235e-09,4.142247635553382e-05,0.0007147961796070461,258.57791654293885,0.00022795474401962973,0.0008042572227905844
10000.0,66.25,41.11076477393374,0.028049557720906105,3.838612229635892e-05,0.0019120511927305836,4.964065641316671e-09,4.111389767809719e-05,0.0007132893609402068,258.8874063399278,0.0002282643535659302,0.0008078274407369175
10000.0,66.5,40.803585714918526,0.028050119839124893,3.8100065356634565e-05,0.0019117751685282234,4.926988939310625e-09,4.0807610899865495e-05,0.0007117747244573689,259.194583635993,0.00022857165663560123,0.0008113901049505097
10000.0,66.75,40.49870188721232,0.02805067778074808,3.781613448816385e-05,0.001911501194573395,4.890189050628008e-09,4.050359909646676e-05,0.0007102524230966204,259.4994657138946,0.00022887667036338035,0.0008149451766878014
10000.0,67.0,40.19609613601522,0.02805123157664235,3.7534313969256894e-05,0.001911229255723172,4.8536639097321434e-09,4.020184546591626e-05,0.0007087226082094926,259.8020697283346,0.00022917941175848458,0.0008184926179552611
10000.0,67.25,39.895751433482246,0.028051781257450892,3.7254588192258645e-05,0.0019109593369440725,4.817411466322463e-09,3.990233332761905e-05,0.0007071854295772964,260.10241270706086,0.00022947989770565934,0.0008220323915000375
10000.0,67.5,39.59765087761955,0.028052326853595228,3.69769416626134e-05,0.0019106914233111632,4.781429685203207e-09,3.960504612137241e-05,0.0007056410354274626,260.40051155197085,0.0002297781449662274,0.0008255644608006125
10000.0,67.75,39.30177778163852,0.028052868395131464,3.670135906828232e-05,0.0019104255000823866,4.7457165568493935e-09,3.9309967491384797e-05,0.0007040895710082196,260.69638294975795,0.0002300741700965872,0.0008290887909489661
10000.0,68.0,39.00811544895077,0.02805340591211249,3.6427825104670205e-05,0.00191016155251146,4.710270070797642e-09,3.901708107484585e-05,0.0007025311821733239,260.99004359691537,0.00023036798965359091,0.0008326053464345571
10000.0,68.25,38.71664735751487,0.028053939434291325,3.6156324617922926e-05,0.001909899566001204,4.675088237445692e-09,3.8726370675223705e-05,0.0007009660124428077,261.28151001539015,0.00023065962002635375,0.0008361140929626952
10000.0,68.5,38.4273571098983,0.028054468991201564,3.588684256601138e-05,0.001909639526062032,4.640169082146095e-09,3.843782021537081e-05,0.0006993942037976068,261.57079860252134,0.00023094907748186837,0.0008396149969639024
10000.0,68.75,38.14022843042292,0.028054994612162015,3.5619364016434406e-05,0.0019093814183095954,4.605510644867897e-09,3.8151413734881114e-05,0.0006978158967237997,261.8579256338942,0.0002312363781676515,0.0008431080255673132
10000.0,69.0,37.85524516413263,0.028055516326278427,3.5353874145338795e-05,0.0019091252284639455,4.571110980073771e-09,3.786713538915958e-05,0.0006962312302278069,262.14290726437264,0.00023152153811272766,0.0008465931465920295
10000.0,69.25,37.57239127576088,0.0280560341624452,3.5090358236639264e-05,0.0019088709423486939,4.5369681565971535e-09,3.7584969448491845e-05,0.0006946403418515934,262.42575952913165,0.00023180457322861297,0.0008500703285384767
10000.0,69.5,37.29165084869829,0.028056548149347122,3.48288016811385e-05,0.001908618545890174,4.503080257519387e-09,3.730490029711374e-05,0.0006930433676878677,262.7064983446899,0.00023208549931029896,0.0008535395405797593
10000.0,69.75,37.01300812090801,0.028057058315403262,3.456919000423944e-05,0.0019083680251458022,4.46944538442864e-09,3.7026912465505776e-05,0.0006914404418080793,262.9851394729942,0.00023236433200341682,0.0008570007529148361
10000.0,70.0,36.73644743826331,0.028057564688840103,3.431150882975422e-05,0.001908119366267178,4.4360616518856126e-09,3.6750990588430496e-05,0.0006898316970028065,263.2616985680819,0.0002326410868469878,0.0008604539363130347
10000.0,70.25,36.46195321419047,0.02805806729775475,3.4055743848592387e-05,0.0019078725554681627,4.402927182636989e-09,3.6477119368639786e-05,0.0006882172654219392,263.53619121643777,0.0002329157793104022,0.000863899061720311
10000.0,70.5,36.189510006640965,0.028058566169994633,3.3801880878245425e-05,0.0019076275790856924,4.3700401167434665e-09,3.6205283646089204e-05,0.0006865972773501645,263.8086328600222,0.0002331884247230029,0.000867336101014483
10000.0,70.75,35.91910248829485,0.028059061333204228,3.354990583964734e-05,0.001907384423556205,4.337398608045624e-09,3.593546837114165e-05,0.0006849718616793133,264.0790388260677,0.00023345903830139812,0.0008707650267149063
10000.0,71.0,35.65071544559173,0.02805955281482667,3.329980475634371e-05,0.0019071430754148504,4.305000824048587e-09,3.566765860369404e-05,0.0006833411459225516,264.3474243280477,0.000233727635150387,0.0008741858119744509
10000.0,71.25,35.3843337777618,0.028060040642105377,3.305156375366084e-05,0.0019069035212947035,4.272844945806684e-09,3.5401839512303847e-05,0.0006817052562285737,264.6138044666459,0.00023399423026388544,0.0008775984305714784
10000.0,71.5,35.119942495856826,0.028060524842085672,3.280516905787472e-05,0.0019066657479259734,4.240929167808105e-09,3.5137996373315776e-05,0.0006800643173957956,264.87819423072483,0.00023425883852585183,0.0008810028569018184
10000.0,71.75,34.857526721859465,0.02806100544161632,3.256060699540333e-05,0.0019064297421352687,4.209251697881296e-09,3.487611457004594e-05,0.0006784184528853102,265.14060849821703,0.00023452147471114183,0.0008843990659715096
10000.0,72.0,34.597071702001045,0.028061482467337407,3.231786399619108e-05,0.0019061954908543301,4.177810761042041e-09,3.4616179602414425e-05,0.0006767677846096428,265.4010620228068,0.00023478215347351122,0.000887787033528091
