alpha,Kd_E_nM,Kd_T_nM,peak_EPT_nM,optimal_total_P_nM
0.01,0.1,0.1,53.667504192892004,100.1
0.01,0.12589254117941673,0.1,51.73431243822914,100.1122018454302
0.01,0.15848931924611134,0.1,49.660612507896204,100.12589254117941
0.01,0.19952623149688797,0.1,47.44848382801395,100.14125375446228
0.01,0.251188643150958,0.1,45.10325886690038,100.15848931924612
0.01,0.31622776601683794,0.1,42.63404799393821,100.1778279410039
0.01,0.3981071705534973,0.1,40.05418949578549,100.19952623149689
0.01,0.5011872336272724,0.1,37.38155822810258,100.22387211385683
0.01,0.6309573444801934,0.1,34.63865556163819,100.25118864315095
0.01,0.7943282347242815,0.1,31.85240038919657,100.28183829312644
0.01,1.0,0.1,29.053551349663287,100.31622776601685
0.01,1.2589254117941675,0.1,26.27571900043146,100.35481338923357
0.01,1.584893192461114,0.1,23.55397563965422,100.39810717055349
0.01,1.9952623149688797,0.1,20.923136598203545,100.44668359215098
0.01,2.511886431509581,0.1,18.41585929093438,100.50118723362728
0.01,3.1622776601683795,0.1,16.060767161613537,100.56234132519035
0.01,3.981071705534973,0.1,13.880834045164935,100.63095734448018
0.01,5.011872336272725,0.1,11.892244668331614,100.70794578438415
0.01,6.309573444801933,0.1,10.103876799207262,100.79432823472429
0.01,7.943282347242818,0.1,8.51744517053533,100.89125093813375
0.01,10.0,0.1,7.128235275276379,100.99999999999999
0.01,12.589254117941675,0.1,5.92626715424179,101.12201845430198
0.01,15.848931924611142,0.1,4.897685899387827,101.25892541179417
0.01,19.952623149688808,0.1,4.026180409655196,101.41253754462275
0.01,25.11886431509582,0.1,3.2942733574372136,101.5848931924611
0.01,31.622776601683793,0.1,2.6843842051753244,101.77827941003893
0.01,39.810717055349734,0.1,2.179625299690711,101.99526231496888
0.01,50.11872336272725,0.1,1.7643367538681853,102.23872113856834
0.01,63.095734448019364,0.1,1.4243946280842381,102.5118864315096
0.01,79.43282347242821,0.1,1.147340083344419,102.81838293126447
0.01,100.0,0.1,0.9223787686327735,103.16227766016836
0.01,125.89254117941675,0.1,0.7402943376578955,103.54813389233574
0.01,158.48931924611142,0.1,0.5933114943576111,103.98107170553497
0.01,199.52623149688807,0.1,0.47493494272062003,104.46683592150963
0.01,251.18864315095823,0.1,0.3797825205803063,105.01187233627272
0.01,316.22776601683796,0.1,0.30342424122526207,105.62341325190349
0.01,398.1071705534973,0.1,0.24223404019557238,106.30957344480194
0.01,501.18723362727246,0.1,0.19325754692963615,107.07945784384138
0.01,630.9573444801937,0.1,0.15409688887548226,107.94328234724281
0.01,794.3282347242822,0.1,0.12281209856991669,108.91250938133746
0.01,1000.0,0.1,0.09783787860532715,110.0
0.01,0.1,0.12589254117941673,51.73431243822914,100.1122018454302
0.01,0.12589254117941673,0.12589254117941673,49.88137067965805,100.12589254117941
0.01,0.15848931924611134,0.12589254117941673,47.89384643009448,100.14125375446227
0.01,0.19952623149688797,0.12589254117941673,45.7737056385219,100.15848931924612
0.01,0.251188643150958,0.12589254117941673,43.52600709399888,100.1778279410039
0.01,0.31622776601683794,0.12589254117941673,41.15939780287763,100.19952623149688
0.01,0.3981071705534973,0.12589254117941673,38.6865368101002,100.22387211385686
0.01,0.5011872336272724,0.12589254117941673,36.124385083019945,100.25118864315094
0.01,0.6309573444801934,0.12589254117941673,33.49428925419044,100.28183829312644
0.01,0.7943282347242815,0.12589254117941673,30.8217846485379,100.31622776601684
0.01,1.0,0.12589254117941673,28.136052976805267,100.35481338923358
0.01,1.2589254117941675,0.12589254117941673,25.468996762237488,100.39810717055349
0.01,1.584893192461114,0.12589254117941673,22.853937877480476,100.44668359215096
0.01,1.9952623149688797,0.12589254117941673,20.32400843560426,100.50118723362728
0.01,2.511886431509581,0.12589254117941673,17.910368844501107,100.56234132519035
0.01,3.1622776601683795,0.12589254117941673,15.640443833751158,100.6309573444802
0.01,3.981071705534973,0.12589254117941673,13.536393903706564,100.70794578438415
0.01,5.011872336272725,0.12589254117941673,11.614022655274084,100.79432823472428
0.01,6.309573444801933,0.12589254117941673,9.882257559029584,100.89125093813375
0.01,7.943282347242818,0.12589254117941673,8.343246203913013,100.99999999999999
0.01,10.0,0.12589254117941673,6.993007297762388,101.12201845430197
0.01,12.589254117941675,0.12589254117941673,5.822493411020809,101.25892541179417
0.01,15.848931924611142,0.12589254117941673,4.818879810504308,101.41253754462277
0.01,19.952623149688808,0.12589254117941673,3.966894972047618,101.58489319246111
0.01,25.11886431509582,0.12589254117941673,3.2500438911379605,101.77827941003892
0.01,31.622776601683793,0.12589254117941673,2.6516282230293267,101.99526231496887
0.01,39.810717055349734,0.12589254117941673,2.155520982727079,102.23872113856834
0.01,50.11872336272725,0.12589254117941673,1.7466967667461275,102.5118864315096
0.01,63.095734448019364,0.12589254117941673,1.4115466159073362,102.81838293126447
0.01,79.43282347242821,0.12589254117941673,1.1380203465919818,103.16227766016837
0.01,100.0,0.12589254117941673,0.9156418780046539,103.54813389233576
0.01,125.89254117941675,0.12589254117941673,0.7354389193922098,103.98107170553497
0.01,158.48931924611142,0.12589254117941673,0.5898209221197381,104.46683592150963
0.01,199.52623149688807,0.12589254117941673,0.47243095077005615,105.01187233627272
0.01,251.18864315095823,0.12589254117941673,0.37798954439496607,105.6234132519035
0.01,316.22776601683796,0.12589254117941673,0.30214238527834475,106.30957344480193
0.01,398.1071705534973,0.12589254117941673,0.24131881761214805,107.07945784384138
0.01,501.18723362727246,0.12589254117941673,0.19260483533805658,107.94328234724283
0.01,630.9573444801937,0.12589254117941673,0.15363184463989035,108.91250938133744
0.01,794.3282347242822,0.12589254117941673,0.1224810392605631,110.00000000000001
0.01,1000.0,0.12589254117941673,0.0976023699076385,111.22018454301964
0.01,0.1,0.15848931924611134,49.660612507896204,100.12589254117941
0.01,0.12589254117941673,0.15848931924611134,47.89384643009448,100.14125375446227
0.01,0.15848931924611134,0.15848931924611134,45.99881284836063,100.15848931924612
0.01,0.19952623149688797,0.15848931924611134,43.97734713604077,100.1778279410039
0.01,0.251188643150958,0.15848931924611134,41.834206356095144,100.19952623149689
0.01,0.31622776601683794,0.15848931924611134,39.57753399868359,100.22387211385683
0.01,0.3981071705534973,0.15848931924611134,37.21925690812078,100.25118864315095
0.01,0.5011872336272724,0.15848931924611134,34.77535636490896,100.28183829312644
0.01,0.6309573444801934,0.15848931924611134,32.26594644914057,100.31622776601684
0.01,0.7943282347242815,0.15848931924611134,29.71509090566506,100.35481338923357
0.01,1.0,0.15848931924611134,27.150299153270534,100.39810717055352
0.01,1.2589254117941675,0.15848931924611134,24.601666738374444,100.44668359215096
0.01,1.584893192461114,0.15848931924611134,22.100667037987584,100.50118723362726
0.01,1.9952623149688797,0.15848931924611134,19.678656514753357,100.56234132519035
0.01,2.511886431509581,0.15848931924611134,17.36521643095217,100.6309573444802
0.01,3.1622776601683795,0.15848931924611134,15.186505095738655,100.70794578438415
0.01,3.981071705534973,0.15848931924611134,13.163819672473487,100.79432823472428
0.01,5.011872336272725,0.15848931924611134,11.312552466995706,100.89125093813375
0.01,6.309573444801933,0.15848931924611134,9.641671099114141,101.0
0.01,7.943282347242818,0.15848931924611134,8.153766393813676,101.12201845430198
0.01,10.0,0.15848931924611134,6.845618454083152,101.25892541179417
0.01,12.589254117941675,0.15848931924611134,5.709154985901588,101.41253754462275
0.01,15.848931924611142,0.15848931924611134,4.73263425598218,101.58489319246114
0.01,19.952623149688808,0.15848931924611134,3.90188286937171,101.77827941003893
0.01,25.11886431509582,0.15848931924611134,3.201448203806438,101.99526231496888
0.01,31.622776601683793,0.15848931924611134,2.6155721635809432,102.23872113856832
0.01,39.810717055349734,0.15848931924611134,2.1289419304863664,102.51188643150958
0.01,50.11872336272725,0.15848931924611134,1.7272139679377312,102.81838293126447
0.01,63.095734448019364,0.15848931924611134,1.3973348906322658,103.16227766016837
0.01,79.43282347242821,0.15848931924611134,1.1276969825414211,103.54813389233574
0.01,100.0,0.15848931924611134,0.9081699337053729,103.98107170553497
0.01,125.89254117941675,0.15848931924611134,0.7300474285299015,104.46683592150963
0.01,158.48931924611142,0.15848931924611134,0.5859408399903798,105.01187233627275
0.01,199.52623149688807,0.15848931924611134,0.46964485498543534,105.62341325190349
0.01,251.18864315095823,0.15848931924611134,0.37599282866527145,106.30957344480194
0.01,316.22776601683796,0.15848931924611134,0.30071374658580396,107.07945784384137
0.01,398.1071705534973,0.15848931924611134,0.24029807250371069,107.94328234724281
0.01,501.18723362727246,0.15848931924611134,0.19187640472217032,108.91250938133744
0.01,630.9573444801937,0.15848931924611134,0.15311255562861642,110.0
0.01,794.3282347242822,0.15848931924611134,0.12211117442608231,111.22018454301963
0.01,1000.0,0.15848931924611134,0.09733913505213351,112.58925411794169
0.01,0.1,0.19952623149688797,47.44848382801395,100.14125375446228
0.01,0.12589254117941673,0.19952623149688797,45.7737056385219,100.15848931924612
0.01,0.15848931924611134,0.19952623149688797,43.97734713604077,100.1778279410039
0.01,0.19952623149688797,0.19952623149688797,42.061095007184825,100.19952623149689
0.01,0.251188643150958,0.19952623149688797,40.02937609554553,100.22387211385683
0.01,0.31622776601683794,0.19952623149688797,37.889790586742954,100.25118864315095
0.01,0.3981071705534973,0.19952623149688797,35.6534816008775,100.28183829312646
0.01,0.5011872336272724,0.19952623149688797,33.335387677954465,100.31622776601682
0.01,0.6309573444801934,0.19952623149688797,30.954316754509293,100.35481338923357
0.01,0.7943282347242815,0.19952623149688797,28.532778720551658,100.39810717055349
0.01,1.0,0.19952623149688797,26.096522430112536,100.44668359215098
0.01,1.2589254117941675,0.19952623149688797,23.673745549952034,100.50118723362728
0.01,1.584893192461114,0.19952623149688797,21.293983223903652,100.56234132519035
0.01,1.9952623149688797,0.19952623149688797,18.986731603272897,100.6309573444802
0.01,2.511886431509581,0.19952623149688797,16.7799169486058,100.70794578438412
0.01,3.1622776601683795,0.19952623149688797,14.698367408332626,100.79432823472428
0.01,3.981071705534973,0.19952623149688797,12.762467915212586,100.89125093813375
0.01,5.011872336272725,0.19952623149688797,10.98716744699371,101.0
0.01,6.309573444801933,0.19952623149688797,9.38145973229059,101.12201845430197
0.01,7.943282347242818,0.19952623149688797,7.948382836893477,101.25892541179418
0.01,10.0,0.19952623149688797,6.685499125148187,101.41253754462277
0.01,12.589254117941675,0.19952623149688797,5.585746744197153,101.58489319246112
0.01,15.848931924611142,0.19952623149688797,4.638513275157352,101.77827941003893
0.01,19.952623149688808,0.19952623149688797,3.8307767776391017,101.99526231496888
0.01,25.11886431509582,0.19952623149688797,3.148183321291718,102.23872113856834
0.01,31.622776601683793,0.19952623149688797,2.5759707888547267,102.5118864315096
0.01,39.810717055349734,0.19952623149688797,2.0996929059986176,102.81838293126445
0.01,50.11872336272725,0.19952623149688797,1.705735178778329,103.16227766016837
0.01,63.095734448019364,0.19952623149688797,1.3816408001730023,103.54813389233576
0.01,79.43282347242821,0.19952623149688797,1.1162791072670801,103.98107170553499
0.01,100.0,0.19952623149688797,0.8998939994964121,104.46683592150963
0.01,125.89254117941675,0.19952623149688797,0.7240680211514269,105.01187233627273
0.01,158.48931924611142,0.19952623149688797,0.581632547869513,105.62341325190349
0.01,199.52623149688807,0.19952623149688797,0.4665479538604337,106.30957344480194
0.01,251.18864315095823,0.19952623149688797,0.373771207497701,107.07945784384138
0.01,316.22776601683796,0.19952623149688797,0.29912279335031794,107.94328234724281
0.01,398.1071705534973,0.19952623149688797,0.23916045652327247,108.91250938133746
0.01,501.18723362727246,0.19952623149688797,0.19106399459070073,110.0
0.01,630.9573444801937,0.19952623149688797,0.15253302880607256,111.22018454301964
0.01,794.3282347242822,0.19952623149688797,0.12169816862029743,112.58925411794168
0.01,1000.0,0.19952623149688797,0.09704504564404123,114.12537544622755
0.01,0.1,0.251188643150958,45.10325886690038,100.15848931924612
0.01,0.12589254117941673,0.251188643150958,43.52600709399888,100.1778279410039
0.01,0.15848931924611134,0.251188643150958,41.834206356095144,100.19952623149689
0.01,0.19952623149688797,0.251188643150958,40.02937609554553,100.22387211385683
0.01,0.251188643150958,0.251188643150958,38.11558494769196,100.25118864315095
0.01,0.31622776601683794,0.251188643150958,36.099851755632635,100.28183829312644
0.01,0.3981071705534973,0.251188643150958,33.99248767920161,100.31622776601682
0.01,0.5011872336272724,0.251188643150958,31.807330531174596,100.35481338923357
0.01,0.6309573444801934,0.251188643150958,29.561815492188195,100.39810717055349
0.01,0.7943282347242815,0.251188643150958,27.276825165473937,100.44668359215096
0.01,1.0,0.251188643150958,24.976269979648944,100.50118723362726
0.01,1.2589254117941675,0.251188643150958,22.68637021668294,100.56234132519035
0.01,1.584893192461114,0.251188643150958,20.43464456750258,100.63095734448021
0.01,1.9952623149688797,0.251188643150958,18.248654778773375,100.70794578438414
0.01,2.511886431509581,0.251188643150958,16.154604745537547,100.79432823472428
0.01,3.1622776601683795,0.251188643150958,14.175934154474986,100.89125093813374
0.01,3.981071705534973,0.251188643150958,12.332068575768474,100.99999999999999
0.01,5.011872336272725,0.251188643150958,10.63747958744478,101.12201845430198
0.01,6.309573444801933,0.251188643150958,9.101167566353897,101.25892541179417
0.01,7.943282347242818,0.251188643150958,7.726613893234778,101.41253754462277
0.01,10.0,0.251188643150958,6.51217475010115,101.58489319246111
0.01,12.589254117941675,0.251188643150958,5.4518244976500405,101.77827941003892
0.01,15.848931924611142,0.251188643150958,4.536117561462069,101.99526231496888
0.01,19.952623149688808,0.251188643150958,3.7532294039458862,102.23872113856834
0.01,25.11886431509582,0.251188643150958,3.0899554377538903,102.51188643150958
0.01,31.622776601683793,0.251188643150958,2.5325813235319754,102.81838293126445
0.01,39.810717055349734,0.251188643150958,2.0675773068058914,103.16227766016837
0.01,50.11872336272725,0.251188643150958,1.6821039301437422,103.54813389233576
0.01,63.095734448019364,0.251188643150958,1.3643416708749434,103.98107170553499
0.01,79.43282347242821,0.251188643150958,1.103671783972774,104.46683592150961
0.01,100.0,0.251188643150958,0.8907414259750714,105.01187233627272
0.01,125.89254117941675,0.251188643150958,0.7174456427905164,105.62341325190351
0.01,158.48931924611142,0.251188643150958,0.5768546767166935,106.30957344480193
0.01,199.52623149688807,0.251188643150958,0.4631093897177736,107.07945784384138
0.01,251.18864315095823,0.251188643150958,0.37130181056939243,107.94328234724283
0.01,316.22776601683796,0.251188643150958,0.2973526692782159,108.91250938133746
0.01,398.1071705534973,0.251188643150958,0.23789360612404756,110.00000000000001
0.01,501.18723362727246,0.251188643150958,0.19015857502998668,111.22018454301964
0.01,630.9573444801937,0.251188643150958,0.15188669340943844,112.58925411794169
0.01,794.3282347242822,0.251188643150958,0.12123725598963632,114.12537544622757
0.01,1000.0,0.251188643150958,0.09671665475204902,115.84893192461114
0.01,0.1,0.31622776601683794,42.63404799393821,100.1778279410039
0.01,0.12589254117941673,0.31622776601683794,41.15939780287763,100.19952623149689
0.01,0.15848931924611134,0.31622776601683794,39.57753399868359,100.22387211385683
0.01,0.19952623149688797,0.31622776601683794,37.889790586742954,100.25118864315095
0.01,0.251188643150958,0.31622776601683794,36.099851755632635,100.28183829312644
0.01,0.31622776601683794,0.31622776601683794,34.214120441138995,100.31622776601685
0.01,0.3981071705534973,0.31622776601683794,32.24203311253762,100.35481338923358
0.01,0.5011872336272724,0.31622776601683794,30.19627663383757,100.3981071705535
0.01,0.6309573444801934,0.31622776601683794,28.092856916251904,100.44668359215096
0.01,0.7943282347242815,0.31622776601683794,25.950968122482088,100.50118723362726
0.01,1.0,0.31622776601683794,23.792618404375354,100.56234132519035
0.01,1.2589254117941675,0.31622776601683794,21.641986119550037,100.63095734448021
0.01,1.584893192461114,0.31622776601683794,19.52451013174745,100.70794578438414
0.01,1.9952623149688797,0.31622776601683794,17.465757137196942,100.79432823472428
0.01,2.511886431509581,0.31622776601683794,15.490152046521008,100.89125093813375
0.01,3.1622776601683795,0.31622776601683794,13.619694716690837,101.0
0.01,3.981071705534973,0.31622776601683794,11.872806650395342,101.12201845430195
0.01,5.011872336272725,0.31622776601683794,10.263445750178603,101.25892541179418
0.01,6.309573444801933,0.31622776601683794,8.800593227169463,101.41253754462277
0.01,7.943282347242818,0.31622776601683794,7.488160341580554,101.58489319246111
0.01,10.0,0.31622776601683794,6.325297282397937,101.77827941003893
0.01,12.589254117941675,0.31622776601683794,5.307028521797121,101.99526231496888
0.01,15.848931924611142,0.31622776601683794,4.425101646376699,102.23872113856832
0.01,19.952623149688808,0.31622776601683794,3.66892574980765,102.51188643150958
0.01,25.11886431509582,0.31622776601683794,3.026488457176563,102.81838293126447
0.01,31.622776601683793,0.31622776601683794,2.4851692557134872,103.16227766016839
0.01,39.810717055349734,0.31622776601683794,2.0324010002953004,103.54813389233576
0.01,50.11872336272725,0.31622776601683794,1.6561629250295122,103.98107170553497
0.01,63.095734448019364,0.31622776601683794,1.3453123363783095,104.46683592150963
0.01,79.43282347242821,0.31622776601683794,1.0897769338383865,105.01187233627273
0.01,100.0,0.31622776601683794,0.8806363640629146,105.6234132519035
0.01,125.89254117941675,0.31622776601683794,0.7101222946015651,106.30957344480193
0.01,158.48931924611142,0.31622776601683794,0.5715633066453731,107.0794578438414
0.01,199.52623149688807,0.31622776601683794,0.45929618253101273,107.94328234724281
0.01,251.18864315095823,0.31622776601683794,0.3685600524261837,108.91250938133747
0.01,316.22776601683796,0.31622776601683794,0.2953851622252737,110.0
0.01,398.1071705534973,0.31622776601683794,0.23648410423257812,111.22018454301964
0.01,501.18723362727246,0.31622776601683794,0.18915030873576996,112.58925411794168
0.01,630.9573444801937,0.31622776601683794,0.15116636685140164,114.12537544622755
0.01,794.3282347242822,0.31622776601683794,0.12072321135977966,115.84893192461115
0.01,1000.0,0.31622776601683794,0.09635017330023077,117.78279410038924
0.01,0.1,0.3981071705534973,40.05418949578549,100.19952623149689
0.01,0.12589254117941673,0.3981071705534973,38.6865368101002,100.22387211385686
0.01,0.15848931924611134,0.3981071705534973,37.21925690812078,100.25118864315095
0.01,0.19952623149688797,0.3981071705534973,35.6534816008775,100.28183829312646
0.01,0.251188643150958,0.3981071705534973,33.99248767920161,100.31622776601682
0.01,0.31622776601683794,0.3981071705534973,32.24203311253762,100.35481338923358
0.01,0.3981071705534973,0.3981071705534973,30.41064498342372,100.3981071705535
0.01,0.5011872336272724,0.3981071705534973,28.509819738016805,100.44668359215095
0.01,0.6309573444801934,0.3981071705534973,26.554090969069904,100.50118723362726
0.01,0.7943282347242815,0.3981071705534973,24.560919141869967,100.56234132519035
0.01,1.0,0.3981071705534973,22.55036399651463,100.6309573444802
0.01,1.2589254117941675,0.3981071705534973,20.544515997287604,100.70794578438414
0.01,1.584893192461114,0.3981071705534973,18.566688957917677,100.79432823472429
0.01,1.9952623149688797,0.3981071705534973,16.64041015098917,100.89125093813375
0.01,2.511886431509581,0.3981071705534973,14.788281824561635,101.0
0.01,3.1622776601683795,0.3981071705534973,13.03082103521793,101.12201845430195
0.01,3.981071705534973,0.3981071705534973,11.385403620686937,101.25892541179417
0.01,5.011872336272725,0.3981071705534973,9.865435222997808,101.41253754462275
0.01,6.309573444801933,0.3981071705534973,8.479844876772697,101.58489319246111
0.01,7.943282347242818,0.3981071705534973,7.232949289377133,101.7782794100389
0.01,10.0,0.3981071705534973,6.124679485753245,101.99526231496888
0.01,12.589254117941675,0.3981071705534973,5.151109744205309,102.23872113856834
0.01,15.848931924611142,0.3981071705534973,4.305193436537016,102.51188643150958
0.01,19.952623149688808,0.3981071705534973,3.577597344675797,102.81838293126445
0.01,25.11886431509582,0.3981071705534973,2.957534116421542,103.16227766016839
0.01,31.622776601683793,0.3981071705534973,2.4335153623591834,103.54813389233574
0.01,39.810717055349734,0.3981071705534973,1.993977077933605,103.98107170553497
0.01,50.11872336272725,0.3981071705534973,1.6277571714803571,104.46683592150963
0.01,63.095734448019364,0.3981071705534973,1.3244271431956438,105.01187233627272
0.01,79.43282347242821,0.3981071705534973,1.0744945779930828,105.6234132519035
0.01,100.0,0.3981071705534973,0.8695005034544488,106.30957344480191
0.01,125.89254117941675,0.3981071705534973,0.702037449123859,107.0794578438414
0.01,158.48931924611142,0.3981071705534973,0.5657121823982234,107.94328234724281
0.01,199.52623149688807,0.3981071705534973,0.4550733257507714,108.91250938133744
0.01,251.18864315095823,0.3981071705534973,0.3655196603223729,110.00000000000003
0.01,316.22776601683796,0.3981071705534973,0.2932006961460353,111.22018454301964
0.01,398.1071705534973,0.3981071705534973,0.23491745553945378,112.58925411794166
0.01,501.18723362727246,0.3981071705534973,0.18802852064707515,114.12537544622755
0.01,630.9573444801937,0.3981071705534973,0.15036422458675036,115.84893192461115
0.01,794.3282347242822,0.3981071705534973,0.12015032315585884,117.78279410038925
0.01,1000.0,0.3981071705534973,0.09594144709858458,119.95262314968879
0.01,0.1,0.5011872336272724,37.38155822810258,100.22387211385683
0.01,0.12589254117941673,0.5011872336272724,36.124385083019945,100.25118864315095
0.01,0.15848931924611134,0.5011872336272724,34.77535636490896,100.28183829312646
0.01,0.19952623149688797,0.5011872336272724,33.335387677954465,100.31622776601682
0.01,0.251188643150958,0.5011872336272724,31.807330531174596,100.35481338923357
0.01,0.31622776601683794,0.5011872336272724,30.19627663383757,100.39810717055349
0.01,0.3981071705534973,0.5011872336272724,28.509819738016805,100.44668359215095
0.01,0.5011872336272724,0.5011872336272724,26.758240273703553,100.50118723362728
0.01,0.6309573444801934,0.5011872336272724,24.954573349792483,100.56234132519033
0.01,0.7943282347242815,0.5011872336272724,23.114519958124504,100.6309573444802
0.01,1.0,0.5011872336272724,21.25616659470639,100.70794578438414
0.01,1.2589254117941675,0.5011872336272724,19.399491847768463,100.79432823472428
0.01,1.584893192461114,0.5011872336272724,17.56566049066946,100.89125093813374
0.01,1.9952623149688797,0.5011872336272724,15.776134879636222,101.0
0.01,2.511886431509581,0.5011872336272724,14.051665894852327,101.12201845430198
0.01,3.1622776601683795,0.5011872336272724,12.41125460958339,101.25892541179417
0.01,3.981071705534973,0.5011872336272724,10.871193421802225,101.41253754462275
0.01,5.011872336272725,0.5011872336272724,9.444294851683491,101.58489319246111
0.01,6.309573444801933,0.5011872336272724,8.139394919710925,101.7782794100389
0.01,7.943282347242818,0.5011872336272724,6.961179109494148,101.9952623149689
0.01,10.0,0.5011872336272724,5.910330987563335,102.23872113856834
0.01,12.589254117941675,0.5011872336272724,4.983957976264626,102.51188643150958
0.01,15.848931924611142,0.5011872336272724,4.1762157819092325,102.81838293126445
0.01,19.952623149688808,0.5011872336272724,3.4790383202207775,103.16227766016839
0.01,25.11886431509582,0.5011872336272724,2.8828836727063636,103.54813389233576
0.01,31.622776601683793,0.5011872336272724,2.3774240003481957,103.98107170553497
0.01,39.810717055349734,0.5011872336272724,1.9521315931719945,104.46683592150963
0.01,50.11872336272725,0.5011872336272724,1.5967378545903816,105.01187233627273
0.01,63.095734448019364,0.5011872336272724,1.301562495466991,105.62341325190349
0.01,79.43282347242821,0.5011872336272724,1.0577244626569748,106.30957344480194
0.01,100.0,0.5011872336272724,0.8572540769399252,107.07945784384138
0.01,125.89254117941675,0.5011872336272724,0.6931286464650692,107.9432823472428
0.01,158.48931924611142,0.5011872336272724,0.5592530486609248,108.91250938133747
0.01,199.52623149688807,0.5011872336272724,0.4504039600561645,110.00000000000001
0.01,251.18864315095823,0.5011872336272724,0.3621527516290135,111.22018454301963
0.01,316.22776601683796,0.5011872336272724,0.29077835382899975,112.58925411794166
0.01,398.1071705534973,0.5011872336272724,0.2331780803911682,114.12537544622754
0.01,501.18723362727246,0.5011872336272724,0.18678167844381358,115.84893192461115
0.01,630.9573444801937,0.5011872336272724,0.14947177604132317,117.78279410038924
0.01,794.3282347242822,0.5011872336272724,0.11951236948307681,119.95262314968882
0.01,1000.0,0.5011872336272724,0.09548593533574375,122.38721138568337
0.01,0.1,0.6309573444801934,34.63865556163819,100.25118864315097
0.01,0.12589254117941673,0.6309573444801934,33.49428925419044,100.28183829312644
0.01,0.15848931924611134,0.6309573444801934,32.26594644914057,100.31622776601684
0.01,0.19952623149688797,0.6309573444801934,30.954316754509293,100.35481338923357
0.01,0.251188643150958,0.6309573444801934,29.561815492188195,100.39810717055349
0.01,0.31622776601683794,0.6309573444801934,28.092856916251904,100.44668359215096
0.01,0.3981071705534973,0.6309573444801934,26.554090969069904,100.50118723362726
0.01,0.5011872336272724,0.6309573444801934,24.954573349792483,100.56234132519033
0.01,0.6309573444801934,0.6309573444801934,23.305834605811928,100.6309573444802
0.01,0.7943282347242815,0.6309573444801934,21.621813222451166,100.70794578438414
0.01,1.0,0.6309573444801934,19.918622099178524,100.79432823472428
0.01,1.2589254117941675,0.6309573444801934,18.214128909110926,100.89125093813375
0.01,1.584893192461114,0.6309573444801934,16.527349253820656,101.0
0.01,1.9952623149688797,0.6309573444801934,14.877676178806993,101.12201845430197
0.01,2.511886431509581,0.6309573444801934,13.283997227754558,101.25892541179417
0.01,3.1622776601683795,0.6309573444801934,11.763775381449863,101.41253754462277
0.01,3.981071705534973,0.6309573444801934,10.332186436957375,101.58489319246111
0.01,5.011872336272725,0.6309573444801934,9.001406930367914,101.77827941003892
0.01,6.309573444801933,0.6309573444801934,7.780130941605276,101.99526231496888
0.01,7.943282347242818,0.6309573444801934,6.673363013308714,102.23872113856834
0.01,10.0,0.6309573444801934,5.6824945076578155,102.51188643150958
0.01,12.589254117941675,0.6309573444801934,4.8056311971980055,102.81838293126445
0.01,15.848931924611142,0.6309573444801934,4.038109497757079,103.16227766016839
0.01,19.952623149688808,0.6309573444801934,3.373123024377095,103.54813389233576
0.01,25.11886431509582,0.6309573444801934,2.8023810282155055,103.98107170553497
0.01,31.622776601683793,0.6309573444801934,2.316732637045197,104.46683592150961
0.01,39.810717055349734,0.6309573444801934,1.906710309585976,105.01187233627273
0.01,50.11872336272725,0.6309573444801934,1.562966996441088,105.62341325190349
0.01,63.095734448019364,0.6309573444801934,1.2765999925182465,106.30957344480194
0.01,79.43282347242821,0.6309573444801934,1.0393681168148372,107.07945784384137
0.01,100.0,0.6309573444801934,0.8438171719563697,107.94328234724281
0.01,125.89254117941675,0.6309573444801934,0.6833323034940365,108.91250938133746
0.01,158.48931924611142,0.6309573444801934,0.5521361297890868,110.00000000000001
0.01,199.52623149688807,0.6309573444801934,0.4452496429403171,111.22018454301961
0.01,251.18864315095823,0.6309573444801934,0.35842997350480754,112.58925411794169
0.01,316.22776601683796,0.6309573444801934,0.2880959392067496,114.12537544622754
0.01,398.1071705534973,0.6309573444801934,0.23124933324467856,115.84893192461115
0.01,501.18723362727246,0.6309573444801934,0.18539738787718993,117.78279410038924
0.01,630.9573444801937,0.6309573444801934,0.14847984920003576,119.95262314968882
0.01,794.3282347242822,0.6309573444801934,0.11880259903790162,122.38721138568341
0.01,1000.0,0.6309573444801934,0.09497869158958366,125.11886431509579
0.01,0.1,0.7943282347242815,31.85240038919657,100.28183829312644
0.01,0.12589254117941673,0.7943282347242815,30.8217846485379,100.31622776601684
0.01,0.15848931924611134,0.7943282347242815,29.71509090566506,100.35481338923357
0.01,0.19952623149688797,0.7943282347242815,28.532778720551658,100.39810717055349
0.01,0.251188643150958,0.7943282347242815,27.276825165473937,100.44668359215096
0.01,0.31622776601683794,0.7943282347242815,25.950968122482088,100.50118723362726
0.01,0.3981071705534973,0.7943282347242815,24.560919141869967,100.56234132519035
0.01,0.5011872336272724,0.7943282347242815,23.114519958124504,100.6309573444802
0.01,0.6309573444801934,0.7943282347242815,21.621813222451166,100.70794578438414
0.01,0.7943282347242815,0.7943282347242815,20.09499722387617,100.79432823472428
0.01,1.0,0.7943282347242815,18.548237835724642,100.89125093813374
0.01,1.2589254117941675,0.7943282347242815,16.99731993012507,101.0
0.01,1.584893192461114,0.7943282347242815,15.459135601297799,101.12201845430197
0.01,1.9952623149688797,0.7943282347242815,13.951026949345671,101.25892541179417
0.01,2.511886431509581,0.7943282347242815,12.490024355048924,101.41253754462275
0.01,3.1622776601683795,0.7943282347242815,11.09204284014509,101.58489319246112
0.01,3.981071705534973,0.7943282347242815,9.771113980018567,101.77827941003893
0.01,5.011872336272725,0.7943282347242815,8.538734105053692,101.99526231496888
0.01,6.309573444801933,0.7943282347242815,7.403398620354548,102.23872113856835
0.01,7.943282347242818,0.7943282347242815,6.370368201540798,102.51188643150958
0.01,10.0,0.7943282347242815,5.441680146547599,102.81838293126445
0.01,12.589254117941675,0.7943282347242815,4.616384489868647,103.16227766016837
0.01,15.848931924611142,0.7943282347242815,3.8909569623302214,103.54813389233576
0.01,19.952623149688808,0.7943282347242815,3.259824662204229,103.98107170553496
0.01,25.11886431509582,0.7943282347242815,2.7159370217268117,104.46683592150961
0.01,31.622776601683793,0.7943282347242815,2.251322502508548,105.01187233627272
0.01,39.810717055349734,0.7943282347242815,1.8575864299820888,105.6234132519035
0.01,50.11872336272725,0.7943282347242815,1.52632292103477,106.3095734448019
0.01,63.095734448019364,0.7943282347242815,1.2494301962897274,107.07945784384137
0.01,79.43282347242821,0.7943282347242815,1.0193313843633152,107.94328234724281
0.01,100.0,0.7943282347242815,0.8291113884002382,108.91250938133746
0.01,125.89254117941675,0.7943282347242815,0.6725847688955543,110.0
0.01,158.48931924611142,0.7943282347242815,0.5443107798911545,111.22018454301964
0.01,199.52623149688807,0.7943282347242815,0.43957073370774097,112.58925411794166
0.01,251.18864315095823,0.7943282347242815,0.3543207190995055,114.12537544622755
0.01,316.22776601683796,0.7943282347242815,0.2851300893544868,115.84893192461114
0.01,398.1071705534973,0.7943282347242815,0.22911355268517752,117.78279410038921
0.01,501.18723362727246,0.7943282347242815,0.18386240767983272,119.95262314968879
0.01,630.9573444801937,0.7943282347242815,0.1473785870133869,122.38721138568341
0.01,794.3282347242822,0.7943282347242815,0.1180137189162255,125.1188643150958
0.01,1000.0,0.7943282347242815,0.09441434868442752,128.18382931264455
0.01,0.1,1.0,29.053551349663287,100.31622776601685
0.01,0.12589254117941673,1.0,28.136052976805267,100.35481338923358
0.01,0.15848931924611134,1.0,27.150299153270534,100.3981071705535
0.01,0.19952623149688797,1.0,26.096522430112536,100.44668359215095
0.01,0.251188643150958,1.0,24.976269979648944,100.50118723362726
0.01,0.31622776601683794,1.0,23.792618404375354,100.56234132519035
0.01,0.3981071705534973,1.0,22.55036399651463,100.6309573444802
0.01,0.5011872336272724,1.0,21.25616659470639,100.70794578438414
0.01,0.6309573444801934,1.0,19.918622099178524,100.79432823472428
0.01,0.7943282347242815,1.0,18.548237835724642,100.89125093813374
0.01,1.0,1.0,17.15728752538099,101.0
0.01,1.2589254117941675,1.0,15.759529689876343,101.12201845430195
0.01,1.584893192461114,1.0,14.369785409193337,101.25892541179418
0.01,1.9952623149688797,1.0,13.003387925514946,101.41253754462275
0.01,2.511886431509581,1.0,11.67553575147281,101.58489319246112
0.01,3.1622776601683795,1.0,10.400599380406096,101.77827941003892
0.01,3.981071705534973,1.0,9.191445216187557,101.99526231496887
0.01,5.011872336272725,1.0,8.05884493524074,102.23872113856834
0.01,6.309573444801933,1.0,7.011031722811916,102.51188643150958
0.01,7.943282347242818,1.0,6.053446945957772,102.81838293126444
0.01,10.0,1.0,5.188695103542904,103.16227766016837
0.01,12.589254117941675,1.0,4.416696804984237,103.54813389233574
0.01,15.848931924611142,1.0,3.735005081886744,103.98107170553499
0.01,19.952623149688808,1.0,3.1392342050662725,104.46683592150964
0.01,25.11886431509582,1.0,2.6235444430891532,105.01187233627272
0.01,31.622776601683793,1.0,2.1811301278595647,105.6234132519035
0.01,39.810717055349734,1.0,1.8046692015807917,106.30957344480194
0.01,50.11872336272725,1.0,1.4867064952604176,107.07945784384137
0.01,63.095734448019364,1.0,1.219957039481557,107.94328234724281
0.01,79.43282347242821,1.0,0.9975274590070761,108.91250938133747
0.01,100.0,1.0,0.8130618755783351,110.0
0.01,125.89254117941675,1.0,0.6608236549710839,111.22018454301964
0.01,158.48931924611142,1.0,0.5357263293624906,112.58925411794168
0.01,199.52623149688807,1.0,0.43332691452493155,114.12537544622755
0.01,251.18864315095823,1.0,0.3497934358770373,115.84893192461114
0.01,316.22776601683796,1.0,0.28185644753997735,117.78279410038924
0.01,398.1071705534973,1.0,0.22675215105959481,119.95262314968879
0.01,501.18723362727246,1.0,0.1821626896284314,122.3872113856834
0.01,630.9573444801937,1.0,0.14615745940031896,125.1188643150958
0.01,794.3282347242822,1.0,0.11713789183229557,128.18382931264455
0.01,1000.0,1.0,0.09378710903861089,131.62277660168377
0.01,0.1,1.2589254117941675,26.27571900043146,100.35481338923357
0.01,0.12589254117941673,1.2589254117941675,25.468996762237488,100.39810717055349
0.01,0.15848931924611134,1.2589254117941675,24.601666738374444,100.44668359215096
0.01,0.19952623149688797,1.2589254117941675,23.673745549952034,100.50118723362728
0.01,0.251188643150958,1.2589254117941675,22.68637021668294,100.56234132519035
0.01,0.31622776601683794,1.2589254117941675,21.641986119550037,100.63095734448021
0.01,0.3981071705534973,1.2589254117941675,20.544515997287604,100.70794578438414
0.01,0.5011872336272724,1.2589254117941675,19.399491847768463,100.79432823472428
0.01,0.6309573444801934,1.2589254117941675,18.214128909110926,100.89125093813375
0.01,0.7943282347242815,1.2589254117941675,16.99731993012507,101.0
0.01,1.0,1.2589254117941675,15.759529689876343,101.12201845430195
0.01,1.2589254117941675,1.2589254117941675,14.512575073980427,101.25892541179417
0.01,1.584893192461114,1.2589254117941675,13.269285430923775,101.41253754462277
0.01,1.9952623149688797,1.2589254117941675,12.043051112937524,101.58489319246112
0.01,2.511886431509581,1.2589254117941675,10.847283686381042,101.77827941003893
0.01,3.1622776601683795,1.2589254117941675,9.694826791009294,101.99526231496888
0.01,3.981071705534973,1.2589254117941675,8.59736876855576,102.23872113856834
0.01,5.011872336272725,1.2589254117941675,7.564913687937723,102.5118864315096
0.01,6.309573444801933,1.2589254117941675,6.605364009921378,102.81838293126444
0.01,7.943282347242818,1.2589254117941675,5.724255560646327,103.16227766016837
0.01,10.0,1.2589254117941675,4.924665777557533,103.54813389233576
0.01,12.589254117941675,1.2589254117941675,4.207293341702199,103.98107170553496
0.01,15.848931924611142,1.2589254117941675,3.5706860831438525,104.46683592150963
0.01,19.952623149688808,1.2589254117941675,3.0115785453901545,105.01187233627273
0.01,25.11886431509582,1.2589254117941675,2.525293127666623,105.62341325190349
0.01,31.622776601683793,1.2589254117941675,2.106159392603607,106.30957344480194
0.01,39.810717055349734,1.2589254117941675,1.7479131963240317,107.07945784384138
0.01,50.11872336272725,1.2589254117941675,1.4440480550986066,107.94328234724281
0.01,63.095734448019364,1.2589254117941675,1.1881028476277269,108.91250938133746
0.01,79.43282347242821,1.2589254117941675,0.9738804287348178,110.0
0.01,100.0,1.2589254117941675,0.7955997699864873,111.22018454301966
0.01,125.89254117941675,1.2589254117941675,0.6479894720102137,112.58925411794166
0.01,158.48931924611142,1.2589254117941675,0.526333152321144,114.12537544622755
0.01,199.52623149688807,1.2589254117941675,0.42647786825029615,115.84893192461114
0.01,251.18864315095823,1.2589254117941675,0.3448160424755138,117.78279410038925
0.01,316.22776601683796,1.2589254117941675,0.2782499097289264,119.95262314968879
0.01,398.1071705534973,1.2589254117941675,0.2241457527694582,122.3872113856834
0.01,501.18723362727246,1.2589254117941675,0.1802834501672984,125.11886431509582
0.01,630.9573444801937,1.2589254117941675,0.1448052952816924,128.18382931264455
0.01,794.3282347242822,1.2589254117941675,0.11616674575388274,131.6227766016838
0.01,1000.0,1.2589254117941675,0.09309074250185098,135.48133892335753
0.01,0.1,1.584893192461114,23.55397563965422,100.39810717055349
0.01,0.12589254117941673,1.584893192461114,22.853937877480476,100.44668359215095
0.01,0.15848931924611134,1.584893192461114,22.100667037987584,100.50118723362726
0.01,0.19952623149688797,1.584893192461114,21.293983223903652,100.56234132519035
0.01,0.251188643150958,1.584893192461114,20.43464456750258,100.63095734448021
0.01,0.31622776601683794,1.584893192461114,19.52451013174745,100.70794578438414
0.01,0.3981071705534973,1.584893192461114,18.566688957917677,100.79432823472429
0.01,0.5011872336272724,1.584893192461114,17.56566049066946,100.89125093813374
0.01,0.6309573444801934,1.584893192461114,16.527349253820656,101.0
0.01,0.7943282347242815,1.584893192461114,15.459135601297799,101.12201845430197
0.01,1.0,1.584893192461114,14.369785409193337,101.25892541179418
0.01,1.2589254117941675,1.584893192461114,13.269285430923775,101.41253754462277
0.01,1.584893192461114,1.584893192461114,12.168578144375429,101.58489319246112
0.01,1.9952623149688797,1.584893192461114,11.07920015132422,101.77827941003892
0.01,2.511886431509581,1.584893192461114,10.012840619290168,101.99526231496888
0.01,3.1622776601683795,1.584893192461114,8.980849080195648,102.23872113856834
0.01,3.981071705534973,1.584893192461114,7.993732635649984,102.51188643150957
0.01,5.011872336272725,1.584893192461114,7.060688628599317,102.81838293126445
0.01,6.309573444801933,1.584893192461114,6.189218096434941,103.16227766016839
0.01,7.943282347242818,1.584893192461114,5.384857153522552,103.54813389233574
0.01,10.0,1.584893192461114,4.6510489776353054,103.98107170553496
0.01,12.589254117941675,1.584893192461114,3.989161043669226,104.46683592150963
0.01,15.848931924611142,1.584893192461114,3.398634302361817,105.0118723362727
0.01,19.952623149688808,1.584893192461114,2.8772366161600966,105.6234132519035
0.01,25.11886431509582,1.584893192461114,2.421384277748882,106.30957344480196
0.01,31.622776601683793,1.584893192461114,2.026493543849792,107.0794578438414
0.01,39.810717055349734,1.584893192461114,1.6873279506613175,107.94328234724281
0.01,50.11872336272725,1.584893192461114,1.3983148483076329,108.91250938133747
0.01,63.095734448019364,1.584893192461114,1.1538138980711172,110.0
0.01,79.43282347242821,1.584893192461114,0.9483293061181683,111.22018454301961
0.01,100.0,1.584893192461114,0.7766650381744348,112.58925411794169
0.01,125.89254117941675,1.584893192461114,0.6340275819578627,114.12537544622757
0.01,158.48931924611142,1.584893192461114,0.516083975268805,115.84893192461115
0.01,199.52623149688807,1.584893192461114,0.41898413241122057,117.78279410038924
0.01,251.18864315095823,1.584893192461114,0.3393564705653081,119.9526231496888
0.01,316.22776601683796,1.584893192461114,0.2742849575994651,122.3872113856834
0.01,398.1071705534973,1.584893192461114,0.22127439109021863,125.1188643150958
0.01,501.18723362727246,1.584893192461114,0.17820928078762124,128.18382931264455
0.01,630.9573444801937,1.584893192461114,0.14331033974239032,131.6227766016838
0.01,794.3282347242822,1.584893192461114,0.11509139948077483,135.48133892335758
0.01,1000.0,1.584893192461114,0.09231859407265146,139.81071705534973
0.01,0.1,1.9952623149688797,20.923136598203545,100.44668359215098
0.01,0.12589254117941673,1.9952623149688797,20.32400843560426,100.50118723362728
0.01,0.15848931924611134,1.9952623149688797,19.678656514753357,100.56234132519035
0.01,0.19952623149688797,1.9952623149688797,18.986731603272897,100.6309573444802
0.01,0.251188643150958,1.9952623149688797,18.248654778773375,100.70794578438414
0.01,0.31622776601683794,1.9952623149688797,17.465757137196942,100.79432823472428
0.01,0.3981071705534973,1.9952623149688797,16.64041015098917,100.89125093813375
0.01,0.5011872336272724,1.9952623149688797,15.776134879636222,101.0
0.01,0.6309573444801934,1.9952623149688797,14.877676178806993,101.12201845430197
0.01,0.7943282347242815,1.9952623149688797,13.951026949345671,101.25892541179417
0.01,1.0,1.9952623149688797,13.003387925514946,101.41253754462275
0.01,1.2589254117941675,1.9952623149688797,12.043051112937524,101.58489319246112
0.01,1.584893192461114,1.9952623149688797,11.07920015132422,101.77827941003892
0.01,1.9952623149688797,1.9952623149688797,10.121628600858863,101.9952623149689
0.01,2.511886431509581,1.9952623149688797,9.180386853826693,102.23872113856834
0.01,3.1622776601683795,1.9952623149688797,8.265378798203146,102.51188643150958
0.01,3.981071705534973,1.9952623149688797,7.3859386741369715,102.81838293126445
0.01,5.011872336272725,1.9952623149688797,6.550424697035296,103.16227766016837
0.01,6.309573444801933,1.9952623149688797,5.765867204337473,103.54813389233576
0.01,7.943282347242818,1.9952623149688797,5.037704439718279,103.98107170553499
0.01,10.0,1.9952623149688797,4.369629041159255,104.46683592150963
0.01,12.589254117941675,1.9952623149688797,3.7635545981469036,105.01187233627275
0.01,15.848931924611142,1.9952623149688797,3.2196969443477106,105.6234132519035
0.01,19.952623149688808,1.9952623149688797,2.736751977692585,106.30957344480193
0.01,25.11886431509582,1.9952623149688797,2.312142957638337,107.07945784384137
0.01,31.622776601683793,1.9952623149688797,1.942306483903123,107.9432823472428
0.01,39.810717055349734,1.9952623149688797,1.6229875211349127,108.91250938133746
0.01,50.11872336272725,1.9952623149688797,1.3495187324433917,110.0
0.01,63.095734448019364,1.9952623149688797,1.1170663758389052,111.22018454301963
0.01,79.43282347242821,1.9952623149688797,0.9208324800529681,112.58925411794168
0.01,100.0,1.9952623149688797,0.7562097042147613,114.12537544622754
0.01,125.89254117941675,1.9952623149688797,0.6188904740018335,115.84893192461115
0.01,158.48931924611142,1.9952623149688797,0.504935439935401,117.78279410038924
0.01,199.52623149688807,1.9952623149688797,0.4108081453484805,119.9526231496888
0.01,251.18864315095823,1.9952623149688797,0.3333833470542984,122.3872113856834
0.01,316.22776601683796,1.9952623149688797,0.2699360911395832,125.1188643150958
0.01,398.1071705534973,1.9952623149688797,0.21811777389407958,128.18382931264455
0.01,501.18723362727246,1.9952623149688797,0.1759243050090844,131.6227766016838
0.01,630.9573444801937,1.9952623149688797,0.14166034204409783,135.48133892335755
0.01,794.3282347242822,1.9952623149688797,0.11390250822091033,139.81071705534976
0.01,1000.0,1.9952623149688797,0.09146360430045589,144.66835921509633
0.01,0.1,2.511886431509581,18.41585929093438,100.50118723362728
0.01,0.12589254117941673,2.511886431509581,17.910368844501107,100.56234132519035
0.01,0.15848931924611134,2.511886431509581,17.36521643095217,100.6309573444802
0.01,0.19952623149688797,2.511886431509581,16.7799169486058,100.70794578438412
0.01,0.251188643150958,2.511886431509581,16.154604745537547,100.79432823472428
0.01,0.31622776601683794,2.511886431509581,15.490152046521008,100.89125093813375
0.01,0.3981071705534973,2.511886431509581,14.788281824561635,101.0
0.01,0.5011872336272724,2.511886431509581,14.051665894852327,101.12201845430198
0.01,0.6309573444801934,2.511886431509581,13.283997227754558,101.25892541179417
0.01,0.7943282347242815,2.511886431509581,12.490024355048924,101.41253754462275
0.01,1.0,2.511886431509581,11.67553575147281,101.58489319246112
0.01,1.2589254117941675,2.511886431509581,10.847283686381042,101.77827941003893
0.01,1.584893192461114,2.511886431509581,10.012840619290168,101.99526231496888
0.01,1.9952623149688797,2.511886431509581,9.180386853826693,102.23872113856834
0.01,2.511886431509581,2.511886431509581,8.358435546773313,102.51188643150958
0.01,3.1622776601683795,2.511886431509581,7.555509463160692,102.81838293126447
0.01,3.981071705534973,2.511886431509581,6.779791768244611,103.16227766016837
0.01,5.011872336272725,2.511886431509581,6.038779072349216,103.54813389233576
0.01,6.309573444801933,2.511886431509581,5.338967406592136,103.98107170553497
0.01,7.943282347242818,2.511886431509581,4.685599852371247,104.46683592150964
0.01,10.0,2.511886431509581,4.082498122195138,105.01187233627273
0.01,12.589254117941675,2.511886431509581,3.5319904732117466,105.62341325190349
0.01,15.848931924611142,2.511886431509581,3.034936746135779,106.30957344480194
0.01,19.952623149688808,2.511886431509581,2.5908402435840334,107.07945784384137
0.01,25.11886431509582,2.511886431509581,2.198027548010858,107.94328234724281
0.01,31.622776601683793,2.511886431509581,1.8538724674042402,108.91250938133747
0.01,39.810717055349734,2.511886431509581,1.5550393804439457,110.00000000000001
0.01,50.11872336272725,2.511886431509581,1.2977237648047253,111.22018454301963
0.01,63.095734448019364,2.511886431509581,1.0778725122493995,112.58925411794166
0.01,79.43282347242821,2.511886431509581,0.891372473886103,114.12537544622755
0.01,100.0,2.511886431509581,0.7342014085700159,115.84893192461115
0.01,125.89254117941675,2.511886431509581,0.6025403447700229,117.78279410038922
0.01,158.48931924611142,2.511886431509581,0.49284992190288474,119.95262314968879
0.01,199.52623149688807,2.511886431509581,0.4019154946105285,122.38721138568343
0.01,251.18864315095823,2.511886431509581,0.3268668292859586,125.11886431509583
0.01,316.22776601683796,2.511886431509581,0.2651783729967734,128.18382931264455
0.01,398.1071705534973,2.511886431509581,0.21465562865990936,131.6227766016838
0.01,501.18723362727246,2.511886431509581,0.17341239021170382,135.48133892335755
0.01,630.9573444801937,2.511886431509581,0.13984268072723427,139.81071705534978
0.01,794.3282347242822,2.511886431509581,0.11259033371377554,144.66835921509633
0.01,1000.0,2.511886431509581,0.09051834559605094,150.11872336272725
0.01,0.1,3.1622776601683795,16.060767161613537,100.56234132519035
0.01,0.12589254117941673,3.1622776601683795,15.640443833751158,100.6309573444802
0.01,0.15848931924611134,3.1622776601683795,15.186505095738655,100.70794578438414
0.01,0.19952623149688797,3.1622776601683795,14.698367408332626,100.79432823472426
0.01,0.251188643150958,3.1622776601683795,14.175934154474986,100.89125093813374
0.01,0.31622776601683794,3.1622776601683795,13.619694716690837,101.0
0.01,0.3981071705534973,3.1622776601683795,13.03082103521793,101.12201845430197
0.01,0.5011872336272724,3.1622776601683795,12.41125460958339,101.25892541179417
0.01,0.6309573444801934,3.1622776601683795,11.763775381449863,101.41253754462277
0.01,0.7943282347242815,3.1622776601683795,11.09204284014509,101.58489319246112
0.01,1.0,3.1622776601683795,10.400599380406096,101.77827941003892
0.01,1.2589254117941675,3.1622776601683795,9.694826791009294,101.99526231496888
0.01,1.584893192461114,3.1622776601683795,8.980849080195648,102.23872113856834
0.01,1.9952623149688797,3.1622776601683795,8.265378798203146,102.51188643150958
0.01,2.511886431509581,3.1622776601683795,7.555509463160692,102.81838293126447
0.01,3.1622776601683795,3.1622776601683795,6.858463126465372,103.16227766016839
0.01,3.981071705534973,3.1622776601683795,6.181308637711903,103.54813389233576
0.01,5.011872336272725,3.1622776601683795,5.530671622483582,103.98107170553497
0.01,6.309573444801933,3.1622776601683795,4.9124603629948185,104.46683592150964
0.01,7.943282347242818,3.1622776601683795,4.331631742581255,105.0118723362727
0.01,10.0,3.1622776601683795,3.7920178348648954,105.6234132519035
0.01,12.589254117941675,3.1622776601683795,3.2962270030197445,106.30957344480194
0.01,15.848931924611142,3.1622776601683795,2.845624660753224,107.07945784384137
0.01,19.952623149688808,3.1622776601683795,2.440389722395986,107.94328234724281
0.01,25.11886431509582,3.1622776601683795,2.0796348591704445,108.91250938133744
0.01,31.622776601683793,3.1622776601683795,1.7615732291307522,110.0
0.01,39.810717055349734,3.1622776601683795,1.4837119581538663,111.22018454301963
0.01,50.11872336272725,3.1622776601683795,1.243053216883588,112.58925411794168
0.01,63.095734448019364,3.1622776601683795,1.036286610561221,114.12537544622754
0.01,79.43282347242821,3.1622776601683795,0.8599608354814986,115.84893192461114
0.01,100.0,3.1622776601683795,0.7106272044873654,117.78279410038922
0.01,125.89254117941675,3.1622776601683795,0.584951939544649,119.9526231496888
0.01,158.48931924611142,3.1622776601683795,0.47979759058846755,122.38721138568339
0.01,199.52623149688807,3.1622776601683795,0.39227636855077597,125.11886431509579
0.01,251.18864315095823,3.1622776601683795,0.31977960110382825,128.18382931264452
0.01,316.22776601683796,3.1622776601683795,0.2599880945735622,131.6227766016838
0.01,398.1071705534973,3.1622776601683795,0.2108681364218189,135.48133892335755
0.01,501.18723362727246,3.1622776601683795,0.17065742256489042,139.81071705534973
0.01,630.9573444801937,3.1622776601683795,0.13784453235670002,144.66835921509636
0.01,794.3282347242822,3.1622776601683795,0.11114484386001816,150.11872336272722
0.01,1000.0,3.1622776601683795,0.08947507806691726,156.23413251903492
0.01,0.1,3.981071705534973,13.880834045164935,100.63095734448018
0.01,0.12589254117941673,3.981071705534973,13.536393903706564,100.70794578438415
0.01,0.15848931924611134,3.981071705534973,13.163819672473487,100.79432823472428
0.01,0.19952623149688797,3.981071705534973,12.762467915212586,100.89125093813375
0.01,0.251188643150958,3.981071705534973,12.332068575768474,100.99999999999999
0.01,0.31622776601683794,3.981071705534973,11.872806650395342,101.12201845430195
0.01,0.3981071705534973,3.981071705534973,11.385403620686937,101.25892541179417
0.01,0.5011872336272724,3.981071705534973,10.871193421802225,101.41253754462275
0.01,0.6309573444801934,3.981071705534973,10.332186436957375,101.58489319246111
0.01,0.7943282347242815,3.981071705534973,9.771113980018567,101.77827941003893
0.01,1.0,3.981071705534973,9.191445216187557,101.99526231496887
0.01,1.2589254117941675,3.981071705534973,8.59736876855576,102.23872113856834
0.01,1.584893192461114,3.981071705534973,7.993732635649984,102.51188643150957
0.01,1.9952623149688797,3.981071705534973,7.3859386741369715,102.81838293126445
0.01,2.511886431509581,3.981071705534973,6.779791768244611,103.16227766016837
0.01,3.1622776601683795,3.981071705534973,6.181308637711903,103.54813389233576
0.01,3.981071705534973,3.981071705534973,5.596496458772615,103.98107170553497
0.01,5.011872336272725,3.981071705534973,5.03111626621856,104.46683592150964
0.01,6.309573444801933,3.981071705534973,4.490449533483347,105.01187233627272
0.01,7.943282347242818,3.981071705534973,3.979087558201832,105.62341325190349
0.01,10.0,3.981071705534973,3.500761821110669,106.30957344480194
0.01,12.589254117941675,3.981071705534973,3.058229370659494,107.07945784384138
0.01,15.848931924611142,3.981071705534973,2.653221124521092,107.94328234724283
0.01,19.952623149688808,3.981071705534973,2.2864538383190287,108.91250938133746
0.01,25.11886431509582,3.981071705534973,1.9576996307403023,110.0
0.01,31.622776601683793,3.981071705534973,1.6659015076039922,111.22018454301964
0.01,39.810717055349734,3.981071705534973,1.4093200403869974,112.58925411794166
0.01,50.11872336272725,3.981071705534973,1.1856954522100094,114.12537544622755
0.01,63.095734448019364,3.981071705534973,0.9924105808022327,115.84893192461114
0.01,79.43282347242821,3.981071705534973,0.8266429198749814,117.78279410038922
0.01,100.0,3.981071705534973,0.6854974505846397,119.9526231496888
0.01,125.89254117941675,3.981071705534973,0.5661155783415779,122.38721138568339
0.01,158.48931924611142,3.981071705534973,0.4657586751083143,125.1188643150958
0.01,199.52623149688807,3.981071705534973,0.38186719924514845,128.18382931264452
0.01,251.18864315095823,3.981071705534973,0.31209803033831385,131.6227766016838
0.01,316.22776601683796,3.981071705534973,0.254343570036533,135.48133892335753
0.01,398.1071705534973,3.981071705534973,0.2067364625619201,139.81071705534973
0.01,501.18723362727246,3.981071705534973,0.16764365271075146,144.6683592150963
0.01,630.9573444801937,3.981071705534973,0.1356530904616146,150.11872336272722
0.01,794.3282347242822,3.981071705534973,0.10955584706580893,156.23413251903494
0.01,1000.0,3.981071705534973,0.08832582881879987,163.09573444801933
0.01,0.1,5.011872336272725,11.892244668331614,100.70794578438415
0.01,0.12589254117941673,5.011872336272725,11.614022655274084,100.79432823472426
0.01,0.15848931924611134,5.011872336272725,11.312552466995706,100.89125093813375
0.01,0.19952623149688797,5.011872336272725,10.98716744699371,101.0
0.01,0.251188643150958,5.011872336272725,10.63747958744478,101.12201845430198
0.01,0.31622776601683794,5.011872336272725,10.263445750178603,101.25892541179418
0.01,0.3981071705534973,5.011872336272725,9.865435222997808,101.41253754462275
0.01,0.5011872336272724,5.011872336272725,9.444294851683491,101.5848931924611
0.01,0.6309573444801934,5.011872336272725,9.001406930367914,101.77827941003892
0.01,0.7943282347242815,5.011872336272725,8.538734105053692,101.99526231496888
0.01,1.0,5.011872336272725,8.05884493524074,102.23872113856834
0.01,1.2589254117941675,5.011872336272725,7.564913687937723,102.51188643150958
0.01,1.584893192461114,5.011872336272725,7.060688628599317,102.81838293126445
0.01,1.9952623149688797,5.011872336272725,6.550424697035296,103.16227766016837
0.01,2.511886431509581,5.011872336272725,6.038779072349216,103.54813389233576
0.01,3.1622776601683795,5.011872336272725,5.530671622483582,103.98107170553497
0.01,3.981071705534973,5.011872336272725,5.03111626621856,104.46683592150964
0.01,5.011872336272725,5.011872336272725,4.545033301008707,105.01187233627273
0.01,6.309573444801933,5.011872336272725,4.07705607871859,105.62341325190349
0.01,7.943282347242818,5.011872336272725,3.6313473460044445,106.30957344480194
0.01,10.0,5.011872336272725,3.2114405779194106,107.07945784384137
0.01,12.589254117941675,5.011872336272725,2.820119526008549,107.94328234724283
0.01,15.848931924611142,5.011872336272725,2.4593452055882787,108.91250938133747
0.01,19.952623149688808,5.011872336272725,2.130234296064492,110.00000000000001
0.01,25.11886431509582,5.011872336272725,1.8330873223032402,111.22018454301966
0.01,31.622776601683793,5.011872336272725,1.5674599680913557,112.58925411794168
0.01,39.810717055349734,5.011872336272725,1.332267206715909,114.12537544622755
0.01,50.11872336272725,5.011872336272725,1.1259080389075862,115.84893192461114
0.01,63.095734448019364,5.011872336272725,0.9463985329104525,117.78279410038922
0.01,79.43282347242821,5.011872336272725,0.7915022602284618,119.9526231496888
0.01,100.0,5.011872336272725,0.6588496066599671,122.3872113856834
0.01,125.89254117941675,5.011872336272725,0.5460402528213308,125.11886431509582
0.01,158.48931924611142,5.011872336272725,0.45072587451792306,128.18382931264455
0.01,199.52623149688807,5.011872336272725,0.3706724680036688,131.62277660168382
0.01,251.18864315095823,5.011872336272725,0.3038034780033213,135.48133892335755
0.01,316.22776601683796,5.011872336272725,0.24822605855209479,139.81071705534973
0.01,398.1071705534973,5.011872336272725,0.2022433892911499,144.6683592150963
0.01,501.18723362727246,5.011872336272725,0.16435611846031145,150.11872336272725
0.01,630.9573444801937,5.011872336272725,0.13325584074513863,156.23413251903494
0.01,794.3282347242822,5.011872336272725,0.10781316650449917,163.09573444801939
0.01,1000.0,5.011872336272725,0.08706249886202568,170.79457843841382
0.01,0.1,6.309573444801933,10.103876799207262,100.79432823472428
0.01,0.12589254117941673,6.309573444801933,9.882257559029584,100.89125093813377
0.01,0.15848931924611134,6.309573444801933,9.641671099114141,101.0
0.01,0.19952623149688797,6.309573444801933,9.38145973229059,101.12201845430197
0.01,0.251188643150958,6.309573444801933,9.101167566353897,101.25892541179417
0.01,0.31622776601683794,6.309573444801933,8.800593227169463,101.41253754462277
0.01,0.3981071705534973,6.309573444801933,8.479844876772697,101.58489319246111
0.01,0.5011872336272724,6.309573444801933,8.139394919710925,101.7782794100389
0.01,0.6309573444801934,6.309573444801933,7.780130941605276,101.99526231496888
0.01,0.7943282347242815,6.309573444801933,7.403398620354548,102.23872113856834
0.01,1.0,6.309573444801933,7.011031722811916,102.51188643150958
0.01,1.2589254117941675,6.309573444801933,6.605364009921378,102.81838293126444
0.01,1.584893192461114,6.309573444801933,6.189218096434941,103.16227766016837
0.01,1.9952623149688797,6.309573444801933,5.765867204337473,103.54813389233576
0.01,2.511886431509581,6.309573444801933,5.338967406592136,103.98107170553497
0.01,3.1622776601683795,6.309573444801933,4.9124603629948185,104.46683592150964
0.01,3.981071705534973,6.309573444801933,4.490449533483347,105.01187233627272
0.01,5.011872336272725,6.309573444801933,4.07705607871859,105.62341325190349
0.01,6.309573444801933,6.309573444801933,3.6762636439524825,106.30957344480193
0.01,7.943282347242818,6.309573444801933,3.2917634255943637,107.07945784384135
0.01,10.0,6.309573444801933,2.92681184841082,107.94328234724281
0.01,12.589254117941675,6.309573444801933,2.5841125268030902,108.91250938133746
0.01,15.848931924611142,6.309573444801933,2.265731925811469,110.00000000000001
0.01,19.952623149688808,6.309573444801933,1.9730545801980932,111.22018454301963
0.01,25.11886431509582,6.309573444801933,1.7067794484301668,112.58925411794168
0.01,31.622776601683793,6.309573444801933,1.466954687938522,114.12537544622755
0.01,39.810717055349734,6.309573444801933,1.2530445237809515,115.84893192461114
0.01,50.11872336272725,6.309573444801933,1.0640194451474905,117.78279410038922
0.01,63.095734448019364,6.309573444801933,0.8984599261783074,119.9526231496888
0.01,79.43282347242821,6.309573444801933,0.7546641657642824,122.38721138568341
0.01,100.0,6.309573444801933,0.6307516884117147,125.11886431509579
0.01,125.89254117941675,6.309573444801933,0.5247566389469872,128.18382931264455
0.01,158.48931924611142,6.309573444801933,0.43470682072522915,131.6227766016838
0.01,199.52623149688807,6.309573444801933,0.35868662397577833,135.48133892335755
0.01,251.18864315095823,6.309573444801933,0.29488373603786844,139.81071705534976
0.01,316.22776601683796,6.309573444801933,0.24162080685974907,144.66835921509633
0.01,398.1071705534973,6.309573444801933,0.19737404998526878,150.11872336272722
0.01,501.18723362727246,6.309573444801933,0.16078114831513787,156.23413251903494
0.01,630.9573444801937,6.309573444801933,0.13064089752252112,163.09573444801933
0.01,794.3282347242822,6.309573444801933,0.10590685911809954,170.79457843841382
0.01,1000.0,6.309573444801933,0.08567700175480211,179.43282347242814
0.01,0.1,7.943282347242818,8.51744517053533,100.89125093813375
0.01,0.12589254117941673,7.943282347242818,8.343246203913013,100.99999999999999
0.01,0.15848931924611134,7.943282347242818,8.153766393813676,101.12201845430198
0.01,0.19952623149688797,7.943282347242818,7.948382836893477,101.25892541179418
0.01,0.251188643150958,7.943282347242818,7.726613893234778,101.41253754462275
0.01,0.31622776601683794,7.943282347242818,7.488160341580554,101.58489319246111
0.01,0.3981071705534973,7.943282347242818,7.232949289377133,101.7782794100389
0.01,0.5011872336272724,7.943282347242818,6.961179109494148,101.9952623149689
0.01,0.6309573444801934,7.943282347242818,6.673363013308714,102.23872113856834
0.01,0.7943282347242815,7.943282347242818,6.370368201540798,102.51188643150958
0.01,1.0,7.943282347242818,6.053446945957772,102.81838293126444
0.01,1.2589254117941675,7.943282347242818,5.724255560646327,103.16227766016837
0.01,1.584893192461114,7.943282347242818,5.384857153522552,103.54813389233574
0.01,1.9952623149688797,7.943282347242818,5.037704439718279,103.98107170553499
0.01,2.511886431509581,7.943282347242818,4.685599852371247,104.46683592150964
0.01,3.1622776601683795,7.943282347242818,4.331631742581255,105.0118723362727
0.01,3.981071705534973,7.943282347242818,3.979087558201832,105.62341325190349
0.01,5.011872336272725,7.943282347242818,3.6313473460044445,106.30957344480194
0.01,6.309573444801933,7.943282347242818,3.2917634255943637,107.07945784384135
0.01,7.943282347242818,7.943282347242818,2.9635342404671627,107.94328234724281
0.01,10.0,7.943282347242818,2.6495817893780833,108.91250938133746
0.01,12.589254117941675,7.943282347242818,2.352442345680441,110.00000000000001
0.01,15.848931924611142,7.943282347242818,2.074179221380065,111.22018454301964
0.01,19.952623149688808,7.943282347242818,1.8163241976792595,112.58925411794168
0.01,25.11886431509582,7.943282347242818,1.5798512335126405,114.12537544622757
0.01,31.622776601683793,7.943282347242818,1.3651826631314952,115.84893192461114
0.01,39.810717055349734,7.943282347242818,1.1722248538755107,117.78279410038922
0.01,50.11872336272725,7.943282347242818,1.00042770553089,119.95262314968879
0.01,63.095734448019364,7.943282347242818,0.8488607582780121,122.3872113856834
0.01,79.43282347242821,7.943282347242818,0.7162981464151307,125.1188643150958
0.01,100.0,7.943282347242818,0.6013050920964635,128.18382931264455
0.01,125.89254117941675,7.943282347242818,0.5023198296831431,131.62277660168377
0.01,158.48931924611142,7.943282347242818,0.41772646974465455,135.48133892335755
0.01,199.52623149688807,7.943282347242818,0.3459160422923656,139.81071705534976
0.01,251.18864315095823,7.943282347242818,0.285334553862422,144.66835921509633
0.01,316.22776601683796,7.943282347242818,0.23451819356186485,150.11872336272722
0.01,398.1071705534973,7.943282347242818,0.19211675899856204,156.23413251903492
0.01,501.18723362727246,7.943282347242818,0.15690694589518622,163.09573444801933
0.01,630.9573444801937,7.943282347242818,0.1277974043934099,170.79457843841382
0.01,794.3282347242822,7.943282347242818,0.10382748328851946,179.43282347242817
0.01,1000.0,7.943282347242818,0.08416143781169325,189.12509381337458
0.01,0.1,10.0,7.128235275276379,100.99999999999999
0.01,0.12589254117941673,10.0,6.993007297762388,101.12201845430197
0.01,0.15848931924611134,10.0,6.845618454083152,101.25892541179417
0.01,0.19952623149688797,10.0,6.685499125148187,101.41253754462277
0.01,0.251188643150958,10.0,6.51217475010115,101.58489319246111
0.01,0.31622776601683794,10.0,6.325297282397937,101.77827941003892
0.01,0.3981071705534973,10.0,6.124679485753245,101.9952623149689
0.01,0.5011872336272724,10.0,5.910330987563335,102.23872113856834
0.01,0.6309573444801934,10.0,5.6824945076578155,102.51188643150958
0.01,0.7943282347242815,10.0,5.441680146547599,102.81838293126445
0.01,1.0,10.0,5.188695103542904,103.16227766016837
0.01,1.2589254117941675,10.0,4.924665777557533,103.54813389233576
0.01,1.584893192461114,10.0,4.6510489776353054,103.98107170553496
0.01,1.9952623149688797,10.0,4.369629041159255,104.46683592150963
0.01,2.511886431509581,10.0,4.082498122195138,105.01187233627273
0.01,3.1622776601683795,10.0,3.7920178348648954,105.6234132519035
0.01,3.981071705534973,10.0,3.500761821110669,106.30957344480194
0.01,5.011872336272725,10.0,3.2114405779194106,107.07945784384137
0.01,6.309573444801933,10.0,2.92681184841082,107.94328234724281
0.01,7.943282347242818,10.0,2.6495817893780833,108.91250938133746
0.01,10.0,10.0,2.382303659696906,110.0
0.01,12.589254117941675,10.0,2.127281624970595,111.22018454301961
0.01,15.848931924611142,10.0,1.886487223174666,112.58925411794168
0.01,19.952623149688808,10.0,1.6614950116702127,114.12537544622757
0.01,25.11886431509582,10.0,1.4534420279101055,115.84893192461114
0.01,31.622776601683793,10.0,1.2630132251570292,117.78279410038924
0.01,39.810717055349734,10.0,1.090452383705528,119.95262314968879
0.01,50.11872336272725,10.0,0.9355955644260291,122.3872113856834
0.01,63.095734448019364,10.0,0.7979223133551752,125.11886431509579
0.01,79.43282347242821,10.0,0.6766187546213396,128.18382931264455
0.01,100.0,10.0,0.5706464703152256,131.62277660168382
0.01,125.89254117941675,10.0,0.4788115569788979,135.48133892335755
0.01,158.48931924611142,10.0,0.39982926480472647,139.81071705534976
0.01,199.52623149688807,10.0,0.3323809222604904,144.66835921509633
0.01,251.18864315095823,10.0,0.27516119486864044,150.11872336272722
0.01,316.22776601683796,10.0,0.22691494331033707,156.2341325190349
0.01,398.1071705534973,10.0,0.18646392202408685,163.09573444801933
0.01,501.18723362727246,10.0,0.1527242501367184,170.7945784384138
0.01,630.9573444801937,10.0,0.12471599917966679,179.4328234724282
0.01,794.3282347242822,10.0,0.10156641755218024,189.12509381337458
0.01,1000.0,10.0,0.08250830699357031,199.99999999999997
0.01,0.1,12.589254117941675,5.92626715424179,101.12201845430198
0.01,0.12589254117941673,12.589254117941675,5.822493411020809,101.25892541179417
0.01,0.15848931924611134,12.589254117941675,5.709154985901588,101.41253754462275
0.01,0.19952623149688797,12.589254117941675,5.585746744197153,101.58489319246112
0.01,0.251188643150958,12.589254117941675,5.4518244976500405,101.77827941003892
0.01,0.31622776601683794,12.589254117941675,5.307028521797121,101.99526231496888
0.01,0.3981071705534973,12.589254117941675,5.151109744205309,102.23872113856834
0.01,0.5011872336272724,12.589254117941675,4.983957976264626,102.51188643150958
0.01,0.6309573444801934,12.589254117941675,4.8056311971980055,102.81838293126445
0.01,0.7943282347242815,12.589254117941675,4.616384489868647,103.16227766016839
0.01,1.0,12.589254117941675,4.416696804984237,103.54813389233574
0.01,1.2589254117941675,12.589254117941675,4.207293341702199,103.98107170553496
0.01,1.584893192461114,12.589254117941675,3.989161043669226,104.46683592150963
0.01,1.9952623149688797,12.589254117941675,3.7635545981469036,105.01187233627275
0.01,2.511886431509581,12.589254117941675,3.5319904732117466,105.62341325190347
0.01,3.1622776601683795,12.589254117941675,3.2962270030197445,106.30957344480194
0.01,3.981071705534973,12.589254117941675,3.058229370659494,107.07945784384137
0.01,5.011872336272725,12.589254117941675,2.820119526008549,107.94328234724283
0.01,6.309573444801933,12.589254117941675,2.5841125268030902,108.91250938133746
0.01,7.943282347242818,12.589254117941675,2.352442345680441,110.00000000000001
0.01,10.0,12.589254117941675,2.127281624970595,111.22018454301961
0.01,12.589254117941675,12.589254117941675,1.9106609389436906,112.58925411794169
0.01,15.848931924611142,12.589254117941675,1.7043936182867423,114.12537544622752
0.01,19.952623149688808,12.589254117941675,1.5100119607165434,115.84893192461114
0.01,25.11886431509582,12.589254117941675,1.3287196742719722,117.78279410038924
0.01,31.622776601683793,12.589254117941675,1.16136379505561,119.95262314968879
0.01,39.810717055349734,12.589254117941675,1.0084273296653603,122.3872113856834
0.01,50.11872336272725,12.589254117941675,0.8700418059199808,125.1188643150958
0.01,63.095734448019364,12.589254117941675,0.7460170873930669,128.18382931264455
0.01,79.43282347242821,12.589254117941675,0.6358844664081273,131.6227766016838
0.01,100.0,12.589254117941675,0.5389483342707437,135.48133892335755
0.01,125.89254117941675,12.589254117941675,0.45434164929013887,139.81071705534973
0.01,158.48931924611142,12.589254117941675,0.3810808872557448,144.6683592150963
0.01,199.52623149688807,12.589254117941675,0.3181170006583902,150.11872336272725
0.01,251.18864315095823,12.589254117941675,0.2643799433618255,156.23413251903494
0.01,316.22776601683796,12.589254117941675,0.21881536383209502,163.09573444801936
0.01,398.1071705534973,12.589254117941675,0.18041300155992493,170.7945784384138
0.01,501.18723362727246,12.589254117941675,0.14822705931130592,179.43282347242814
0.01,630.9573444801937,12.589254117941675,0.12138933900431316,189.1250938133746
0.01,794.3282347242822,12.589254117941675,0.09911623036193537,200.00000000000009
0.01,1000.0,12.589254117941675,0.08071076235548723,212.20184543019636
0.01,0.1,15.848931924611142,4.897685899387827,101.25892541179417
0.01,0.12589254117941673,15.848931924611142,4.818879810504308,101.41253754462277
0.01,0.15848931924611134,15.848931924611142,4.73263425598218,101.58489319246112
0.01,0.19952623149688797,15.848931924611142,4.638513275157352,101.77827941003892
0.01,0.251188643150958,15.848931924611142,4.536117561462069,101.99526231496888
0.01,0.31622776601683794,15.848931924611142,4.425101646376699,102.23872113856832
0.01,0.3981071705534973,15.848931924611142,4.305193436537016,102.51188643150958
0.01,0.5011872336272724,15.848931924611142,4.1762157819092325,102.81838293126445
0.01,0.6309573444801934,15.848931924611142,4.038109497757079,103.16227766016839
0.01,0.7943282347242815,15.848931924611142,3.8909569623302214,103.54813389233576
0.01,1.0,15.848931924611142,3.735005081886744,103.98107170553499
0.01,1.2589254117941675,15.848931924611142,3.5706860831438525,104.46683592150961
0.01,1.584893192461114,15.848931924611142,3.398634302361817,105.01187233627272
0.01,1.9952623149688797,15.848931924611142,3.2196969443477106,105.62341325190349
0.01,2.511886431509581,15.848931924611142,3.034936746135779,106.30957344480196
0.01,3.1622776601683795,15.848931924611142,2.845624660753224,107.07945784384137
0.01,3.981071705534973,15.848931924611142,2.653221124521092,107.94328234724283
0.01,5.011872336272725,15.848931924611142,2.4593452055882787,108.91250938133749
0.01,6.309573444801933,15.848931924611142,2.265731925811469,110.00000000000001
0.01,7.943282347242818,15.848931924611142,2.074179221380065,111.22018454301964
0.01,10.0,15.848931924611142,1.886487223174666,112.58925411794169
0.01,12.589254117941675,15.848931924611142,1.7043936182867423,114.12537544622752
0.01,15.848931924611142,15.848931924611142,1.5295096104399393,115.84893192461114
0.01,19.952623149688808,15.848931924611142,1.3632612685744103,117.78279410038925
0.01,25.11886431509582,15.848931924611142,1.2068407479879988,119.9526231496888
0.01,31.622776601683793,15.848931924611142,1.0611709940954188,122.3872113856834
0.01,39.810717055349734,15.848931924611142,0.9268862079463055,125.11886431509582
0.01,50.11872336272725,15.848931924611142,0.8043287646974813,128.18382931264455
0.01,63.095734448019364,15.848931924611142,0.6935616754870649,131.62277660168382
0.01,79.43282347242821,15.848931924611142,0.5943943054627986,135.48133892335755
0.01,100.0,15.848931924611142,0.5064180849033584,139.81071705534973
0.01,125.89254117941675,15.848931924611142,0.4290484672444791,144.66835921509633
0.01,158.48931924611142,15.848931924611142,0.36156939342444255,150.11872336272725
0.01,199.52623149688807,15.848931924611142,0.3031769334606815,156.23413251903492
0.01,251.18864315095823,15.848931924611142,0.25301946229353206,163.09573444801936
0.01,316.22776601683796,15.848931924611142,0.21023254237036387,170.79457843841382
0.01,398.1071705534973,15.848931924611142,0.17396749992027208,179.43282347242823
0.01,501.18723362727246,15.848931924611142,0.14341339855307694,189.12509381337458
0.01,630.9573444801937,15.848931924611142,0.11781267596397346,200.00000000000003
0.01,794.3282347242822,15.848931924611142,0.09647109759195112,212.2018454301964
0.01,1000.0,15.848931924611142,0.0787629040423815,225.89254117941675
0.01,0.1,19.952623149688808,4.026180409655196,101.41253754462275
0.01,0.12589254117941673,19.952623149688808,3.966894972047618,101.58489319246111
0.01,0.15848931924611134,19.952623149688808,3.90188286937171,101.77827941003893
0.01,0.19952623149688797,19.952623149688808,3.8307767776391017,101.99526231496888
0.01,0.251188643150958,19.952623149688808,3.7532294039458862,102.23872113856834
0.01,0.31622776601683794,19.952623149688808,3.66892574980765,102.51188643150958
0.01,0.3981071705534973,19.952623149688808,3.577597344675797,102.81838293126445
0.01,0.5011872336272724,19.952623149688808,3.4790383202207775,103.16227766016839
0.01,0.6309573444801934,19.952623149688808,3.373123024377095,103.54813389233576
0.01,0.7943282347242815,19.952623149688808,3.259824662204229,103.98107170553496
0.01,1.0,19.952623149688808,3.1392342050662725,104.46683592150963
0.01,1.2589254117941675,19.952623149688808,3.0115785453901545,105.01187233627273
0.01,1.584893192461114,19.952623149688808,2.8772366161600966,105.6234132519035
0.01,1.9952623149688797,19.952623149688808,2.736751977692585,106.30957344480193
0.01,2.511886431509581,19.952623149688808,2.5908402435840334,107.07945784384137
0.01,3.1622776601683795,19.952623149688808,2.440389722395986,107.94328234724281
0.01,3.981071705534973,19.952623149688808,2.2864538383190287,108.91250938133746
0.01,5.011872336272725,19.952623149688808,2.130234296064492,110.0
0.01,6.309573444801933,19.952623149688808,1.9730545801980932,111.22018454301963
0.01,7.943282347242818,19.952623149688808,1.8163241976792595,112.58925411794168
0.01,10.0,19.952623149688808,1.6614950116702127,114.12537544622755
0.01,12.589254117941675,19.952623149688808,1.5100119607165434,115.84893192461114
0.01,15.848931924611142,19.952623149688808,1.3632612685744103,117.78279410038924
0.01,19.952623149688808,19.952623149688808,1.222519781621341,119.9526231496888
0.01,25.11886431509582,19.952623149688808,1.0889092064682229,122.38721138568341
0.01,31.622776601683793,19.952623149688808,0.9633587019196883,125.1188643150958
0.01,39.810717055349734,19.952623149688808,0.8465785267392881,128.18382931264455
0.01,50.11872336272725,19.952623149688808,0.7390463578846403,131.6227766016838
0.01,63.095734448019364,19.952623149688808,0.6410066352690136,135.48133892335758
0.01,79.43282347242821,19.952623149688808,0.552482049076132,139.81071705534976
0.01,100.0,19.952623149688808,0.47329524213626634,144.6683592150963
0.01,125.89254117941675,19.952623149688808,0.40309808275377323,150.11872336272728
0.01,158.48931924611142,19.952623149688808,0.3414055332979775,156.23413251903494
0.01,199.52623149688807,19.952623149688808,0.28763118548060657,163.09573444801936
0.01,251.18864315095823,19.952623149688808,0.2411218849860965,170.79457843841382
0.01,316.22776601683796,19.952623149688808,0.20118942211909444,179.43282347242817
0.01,398.1071705534973,19.952623149688808,0.1671379092298016,189.1250938133746
0.01,501.18723362727246,19.952623149688808,0.13828610094340338,200.00000000000003
0.01,630.9573444801937,19.952623149688808,0.11398446719349246,212.2018454301964
0.01,794.3282347242822,19.952623149688808,0.09362726016601707,225.8925411794168
0.01,1000.0,19.952623149688808,0.07666011118999477,241.25375446227548
0.01,0.1,25.11886431509582,3.2942733574372136,101.5848931924611
0.01,0.12589254117941673,25.11886431509582,3.2500438911379605,101.77827941003892
0.01,0.15848931924611134,25.11886431509582,3.201448203806438,101.99526231496888
0.01,0.19952623149688797,25.11886431509582,3.148183321291718,102.23872113856834
0.01,0.251188643150958,25.11886431509582,3.0899554377538903,102.51188643150958
0.01,0.31622776601683794,25.11886431509582,3.026488457176563,102.81838293126447
0.01,0.3981071705534973,25.11886431509582,2.957534116421542,103.1622776601684
0.01,0.5011872336272724,25.11886431509582,2.8828836727063636,103.54813389233576
0.01,0.6309573444801934,25.11886431509582,2.8023810282155055,103.98107170553497
0.01,0.7943282347242815,25.11886431509582,2.7159370217268117,104.46683592150961
0.01,1.0,25.11886431509582,2.6235444430891532,105.01187233627273
0.01,1.2589254117941675,25.11886431509582,2.525293127666623,105.62341325190349
0.01,1.584893192461114,25.11886431509582,2.421384277748882,106.30957344480196
0.01,1.9952623149688797,25.11886431509582,2.312142957638337,107.07945784384137
0.01,2.511886431509581,25.11886431509582,2.198027548010858,107.94328234724281
0.01,3.1622776601683795,25.11886431509582,2.0796348591704445,108.91250938133744
0.01,3.981071705534973,25.11886431509582,1.9576996307403023,110.0
0.01,5.011872336272725,25.11886431509582,1.8330873223032402,111.22018454301966
0.01,6.309573444801933,25.11886431509582,1.7067794484301668,112.58925411794168
0.01,7.943282347242818,25.11886431509582,1.5798512335126405,114.12537544622757
0.01,10.0,25.11886431509582,1.4534420279101055,115.84893192461114
0.01,12.589254117941675,25.11886431509582,1.3287196742719722,117.78279410038924
0.01,15.848931924611142,25.11886431509582,1.2068407479879988,119.9526231496888
0.01,19.952623149688808,25.11886431509582,1.0889092064682229,122.3872113856834
0.01,25.11886431509582,25.11886431509582,0.9759363577527282,125.11886431509582
0.01,31.622776601683793,25.11886431509582,0.868805114974473,128.18382931264452
0.01,39.810717055349734,25.11886431509582,0.768241202691047,131.62277660168382
0.01,50.11872336272725,25.11886431509582,0.6747933487614238,135.48133892335758
0.01,63.095734448019364,25.11886431509582,0.5888236167575664,139.81071705534976
0.01,79.43282347242821,25.11886431509582,0.5105080393243692,144.66835921509636
0.01,100.0,25.11886431509582,0.4398467506530077,150.11872336272725
0.01,125.89254117941675,25.11886431509582,0.3766820212366431,156.23413251903494
0.01,158.48931924611142,25.11886431509582,0.3207220657186158,163.09573444801939
0.01,199.52623149688807,25.11886431509582,0.27156826602369344,170.79457843841385
0.01,251.18864315095823,25.11886431509582,0.22874351324408046,179.4328234724282
0.01,316.22776601683796,25.11886431509582,0.19171966569056678,189.12509381337458
0.01,398.1071705534973,25.11886431509582,0.15994256515127206,200.00000000000009
0.01,501.18723362727246,25.11886431509582,0.132853561875084,212.20184543019644
0.01,630.9573444801937,25.11886431509582,0.10990699545930818,225.8925411794168
0.01,794.3282347242822,25.11886431509582,0.09058350889821032,241.25375446227557
0.01,1000.0,25.11886431509582,0.07439940565610217,258.4893192461114
0.01,0.1,31.622776601683793,2.6843842051753244,101.77827941003893
0.01,0.12589254117941673,31.622776601683793,2.6516282230293267,101.99526231496887
0.01,0.15848931924611134,31.622776601683793,2.6155721635809432,102.23872113856832
0.01,0.19952623149688797,31.622776601683793,2.5759707888547267,102.5118864315096
0.01,0.251188643150958,31.622776601683793,2.5325813235319754,102.81838293126445
0.01,0.31622776601683794,31.622776601683793,2.4851692557134872,103.1622776601684
0.01,0.3981071705534973,31.622776601683793,2.4335153623591834,103.54813389233574
0.01,0.5011872336272724,31.622776601683793,2.3774240003481957,103.98107170553497
0.01,0.6309573444801934,31.622776601683793,2.316732637045197,104.46683592150961
0.01,0.7943282347242815,31.622776601683793,2.251322502508548,105.0118723362727
0.01,1.0,31.622776601683793,2.1811301278595647,105.62341325190349
0.01,1.2589254117941675,31.622776601683793,2.106159392603607,106.30957344480193
0.01,1.584893192461114,31.622776601683793,2.026493543849792,107.0794578438414
0.01,1.9952623149688797,31.622776601683793,1.942306483903123,107.9432823472428
0.01,2.511886431509581,31.622776601683793,1.8538724674042402,108.91250938133747
0.01,3.1622776601683795,31.622776601683793,1.7615732291307522,110.0
0.01,3.981071705534973,31.622776601683793,1.6659015076039922,111.22018454301963
0.01,5.011872336272725,31.622776601683793,1.5674599680913557,112.58925411794168
0.01,6.309573444801933,31.622776601683793,1.466954687938522,114.12537544622755
0.01,7.943282347242818,31.622776601683793,1.3651826631314952,115.84893192461114
0.01,10.0,31.622776601683793,1.2630132251570292,117.78279410038924
0.01,12.589254117941675,31.622776601683793,1.16136379505561,119.95262314968879
0.01,15.848931924611142,31.622776601683793,1.0611709940954188,122.3872113856834
0.01,19.952623149688808,31.622776601683793,0.9633587019196883,125.1188643150958
0.01,25.11886431509582,31.622776601683793,0.868805114974473,128.18382931264452
0.01,31.622776601683793,31.622776601683793,0.7783111257951105,131.6227766016838
0.01,39.810717055349734,31.622776601683793,0.6925723550923523,135.48133892335755
0.01,50.11872336272725,31.622776601683793,0.6121569003818667,139.81071705534976
0.01,63.095734448019364,31.622776601683793,0.5374903421861907,144.66835921509633
0.01,79.43282347242821,31.622776601683793,0.46884884290835793,150.11872336272725
0.01,100.0,31.622776601683793,0.40636038850224915,156.2341325190349
0.01,125.89254117941675,31.622776601683793,0.3500134745042965,163.09573444801936
0.01,158.48931924611142,31.622776601683793,0.29967192875710197,170.7945784384138
0.01,199.52623149688807,31.622776601683793,0.25509416406702234,179.4328234724282
0.01,251.18864315095823,31.622776601683793,0.21595499340039293,189.1250938133746
0.01,316.22776601683796,31.622776601683793,0.18186820419274505,199.99999999999997
0.01,398.1071705534973,31.622776601683793,0.15240833039048998,212.20184543019636
0.01,501.18723362727246,31.622776601683793,0.1271304163523838,225.89254117941675
0.01,630.9573444801937,31.622776601683793,0.1055869682147573,241.25375446227554
0.01,794.3282347242822,31.622776601683793,0.08734167754461251,258.4893192461114
0.01,1000.0,31.622776601683793,0.07197983729992656,277.82794100389225
0.01,0.1,39.810717055349734,2.179625299690711,101.99526231496888
0.01,0.12589254117941673,39.810717055349734,2.155520982727079,102.23872113856832
0.01,0.15848931924611134,39.810717055349734,2.1289419304863664,102.51188643150958
0.01,0.19952623149688797,39.810717055349734,2.0996929059986176,102.81838293126445
0.01,0.251188643150958,39.810717055349734,2.0675773068058914,103.16227766016837
0.01,0.31622776601683794,39.810717055349734,2.0324010002953004,103.54813389233576
0.01,0.3981071705534973,39.810717055349734,1.993977077933605,103.98107170553497
0.01,0.5011872336272724,39.810717055349734,1.9521315931719945,104.46683592150963
0.01,0.6309573444801934,39.810717055349734,1.906710309585976,105.01187233627275
0.01,0.7943282347242815,39.810717055349734,1.8575864299820888,105.6234132519035
0.01,1.0,39.810717055349734,1.8046692015807917,106.30957344480193
0.01,1.2589254117941675,39.810717055349734,1.7479131963240317,107.07945784384138
0.01,1.584893192461114,39.810717055349734,1.6873279506613175,107.94328234724281
0.01,1.9952623149688797,39.810717055349734,1.6229875211349127,108.91250938133746
0.01,2.511886431509581,39.810717055349734,1.5550393804439457,110.0
0.01,3.1622776601683795,39.810717055349734,1.4837119581538663,111.22018454301963
0.01,3.981071705534973,39.810717055349734,1.4093200403869974,112.58925411794168
0.01,5.011872336272725,39.810717055349734,1.332267206715909,114.12537544622755
0.01,6.309573444801933,39.810717055349734,1.2530445237809515,115.84893192461114
0.01,7.943282347242818,39.810717055349734,1.1722248538755107,117.78279410038924
0.01,10.0,39.810717055349734,1.090452383705528,119.95262314968878
0.01,12.589254117941675,39.810717055349734,1.0084273296653603,122.3872113856834
0.01,15.848931924611142,39.810717055349734,0.9268862079463055,125.11886431509582
0.01,19.952623149688808,39.810717055349734,0.8465785267392881,128.18382931264452
0.01,25.11886431509582,39.810717055349734,0.768241202691047,131.62277660168382
0.01,31.622776601683793,39.810717055349734,0.6925723550923523,135.48133892335755
0.01,39.810717055349734,39.810717055349734,0.6202063239257773,139.81071705534973
0.01,50.11872336272725,39.810717055349734,0.5516917458461329,144.66835921509633
0.01,63.095734448019364,39.810717055349734,0.4874742908526424,150.11872336272725
0.01,79.43282347242821,39.810717055349734,0.4278852350467526,156.23413251903494
0.01,100.0,39.810717055349734,0.373136480037764,163.09573444801936
0.01,125.89254117941675,39.810717055349734,0.32332201012799333,170.7945784384138
0.01,158.48931924611142,39.810717055349734,0.2784251944730148,179.4328234724282
0.01,199.52623149688807,39.810717055349734,0.23833087192975097,189.12509381337458
0.01,251.18864315095823,39.810717055349734,0.2028408544024772,200.00000000000003
0.01,316.22776601683796,39.810717055349734,0.17169136998455167,212.20184543019636
0.01,398.1071705534973,39.810717055349734,0.1445710273768118,225.89254117941675
0.01,501.18723362727246,39.810717055349734,0.12113808040946397,241.25375446227545
0.01,630.9573444801937,39.810717055349734,0.1010360550634206,258.48931924611145
0.01,794.3282347242822,39.810717055349734,0.0839071185484621,277.82794100389236
0.01,1000.0,39.810717055349734,0.06940287568746262,299.526231496888
0.01,0.1,50.11872336272725,1.7643367538681853,102.23872113856834
0.01,0.12589254117941673,50.11872336272725,1.7466967667461275,102.5118864315096
0.01,0.15848931924611134,50.11872336272725,1.7272139679377312,102.81838293126447
0.01,0.19952623149688797,50.11872336272725,1.705735178778329,103.16227766016837
0.01,0.251188643150958,50.11872336272725,1.6821039301437422,103.54813389233576
0.01,0.31622776601683794,50.11872336272725,1.6561629250295122,103.98107170553497
0.01,0.3981071705534973,50.11872336272725,1.6277571714803571,104.46683592150963
0.01,0.5011872336272724,50.11872336272725,1.5967378545903816,105.01187233627275
0.01,0.6309573444801934,50.11872336272725,1.562966996441088,105.62341325190347
0.01,0.7943282347242815,50.11872336272725,1.52632292103477,106.3095734448019
0.01,1.0,50.11872336272725,1.4867064952604176,107.07945784384137
0.01,1.2589254117941675,50.11872336272725,1.4440480550986066,107.9432823472428
0.01,1.584893192461114,50.11872336272725,1.3983148483076329,108.91250938133746
0.01,1.9952623149688797,50.11872336272725,1.3495187324433917,110.0
0.01,2.511886431509581,50.11872336272725,1.2977237648047253,111.22018454301963
0.01,3.1622776601683795,50.11872336272725,1.243053216883588,112.58925411794168
0.01,3.981071705534973,50.11872336272725,1.1856954522100094,114.12537544622755
0.01,5.011872336272725,50.11872336272725,1.1259080389075862,115.84893192461112
0.01,6.309573444801933,50.11872336272725,1.0640194451474905,117.78279410038922
0.01,7.943282347242818,50.11872336272725,1.00042770553089,119.95262314968879
0.01,10.0,50.11872336272725,0.9355955644260291,122.3872113856834
0.01,12.589254117941675,50.11872336272725,0.8700418059199808,125.1188643150958
0.01,15.848931924611142,50.11872336272725,0.8043287646974813,128.18382931264455
0.01,19.952623149688808,50.11872336272725,0.7390463578846403,131.6227766016838
0.01,25.11886431509582,50.11872336272725,0.6747933487614238,135.48133892335755
0.01,31.622776601683793,50.11872336272725,0.6121569003818667,139.81071705534976
0.01,39.810717055349734,50.11872336272725,0.5516917458461329,144.66835921509633
0.01,50.11872336272725,50.11872336272725,0.4939004420353603,150.11872336272728
0.01,63.095734448019364,50.11872336272725,0.43921615068997794,156.23413251903494
0.01,79.43282347242821,50.11872336272725,0.3879891956430474,163.09573444801936
0.01,100.0,50.11872336272725,0.3404782982777063,170.79457843841382
0.01,125.89254117941675,50.11872336272725,0.29684694252171023,179.4328234724282
0.01,158.48931924611142,50.11872336272725,0.2571648317098027,189.1250938133746
0.01,199.52623149688807,50.11872336272725,0.2214139428888875,200.00000000000006
0.01,251.18864315095823,50.11872336272725,0.18949832052741628,212.20184543019639
0.01,316.22776601683796,50.11872336272725,0.16125652134808846,225.89254117941675
0.01,398.1071705534973,50.11872336272725,0.13647553921799074,241.25375446227548
0.01,501.18723362727246,50.11872336272725,0.11490509259949987,258.4893192461114
0.01,630.9573444801937,50.11872336272725,0.09627131686479584,277.82794100389236
0.01,794.3282347242822,50.11872336272725,0.08028912962213024,299.5262314968881
0.01,1000.0,50.11872336272725,0.06667278792428351,323.872113856834
0.01,0.1,63.095734448019364,1.4243946280842381,102.5118864315096
0.01,0.12589254117941673,63.095734448019364,1.4115466159073362,102.81838293126447
0.01,0.15848931924611134,63.095734448019364,1.3973348906322658,103.16227766016839
0.01,0.19952623149688797,63.095734448019364,1.3816408001730023,103.54813389233576
0.01,0.251188643150958,63.095734448019364,1.3643416708749434,103.98107170553499
0.01,0.31622776601683794,63.095734448019364,1.3453123363783095,104.46683592150963
0.01,0.3981071705534973,63.095734448019364,1.3244271431956438,105.01187233627272
0.01,0.5011872336272724,63.095734448019364,1.301562495466991,105.62341325190347
0.01,0.6309573444801934,63.095734448019364,1.2765999925182465,106.30957344480196
0.01,0.7943282347242815,63.095734448019364,1.2494301962897274,107.07945784384137
0.01,1.0,63.095734448019364,1.219957039481557,107.9432823472428
0.01,1.2589254117941675,63.095734448019364,1.1881028476277269,108.91250938133746
0.01,1.584893192461114,63.095734448019364,1.1538138980711172,110.0
0.01,1.9952623149688797,63.095734448019364,1.1170663758389052,111.22018454301963
0.01,2.511886431509581,63.095734448019364,1.0778725122493995,112.58925411794166
0.01,3.1622776601683795,63.095734448019364,1.036286610561221,114.12537544622754
0.01,3.981071705534973,63.095734448019364,0.9924105808022327,115.84893192461114
0.01,5.011872336272725,63.095734448019364,0.9463985329104525,117.78279410038922
0.01,6.309573444801933,63.095734448019364,0.8984599261783074,119.9526231496888
0.01,7.943282347242818,63.095734448019364,0.8488607582780121,122.3872113856834
0.01,10.0,63.095734448019364,0.7979223133551752,125.11886431509579
0.01,12.589254117941675,63.095734448019364,0.7460170873930669,128.18382931264455
0.01,15.848931924611142,63.095734448019364,0.6935616754870649,131.62277660168382
0.01,19.952623149688808,63.095734448019364,0.6410066352690136,135.48133892335758
0.01,25.11886431509582,63.095734448019364,0.5888236167575664,139.81071705534976
0.01,31.622776601683793,63.095734448019364,0.5374903421861907,144.66835921509633
0.01,39.810717055349734,63.095734448019364,0.4874742908526424,150.11872336272725
0.01,50.11872336272725,63.095734448019364,0.43921615068997794,156.23413251903494
0.01,63.095734448019364,63.095734448019364,0.3931142011949289,163.09573444801936
0.01,79.43282347242821,63.095734448019364,0.34951076569518896,170.79457843841382
0.01,100.0,63.095734448019364,0.30868170895561436,179.43282347242817
0.01,125.89254117941675,63.095734448019364,0.2708296763175911,189.1250938133746
0.01,158.48931924611142,63.095734448019364,0.23608141144786088,200.00000000000006
0.01,199.52623149688807,63.095734448019364,0.20448910351905844,212.2018454301964
0.01,251.18864315095823,63.095734448019364,0.17603535647188986,225.89254117941684
0.01,316.22776601683796,63.095734448019364,0.15064109014636212,241.25375446227548
0.01,398.1071705534973,63.095734448019364,0.12817550623127041,258.48931924611145
0.01,501.18723362727246,63.095734448019364,0.1084671913352007,277.82794100389236
0.01,630.9573444801937,63.095734448019364,0.09131547559302228,299.5262314968881
0.01,794.3282347242822,63.095734448019364,0.07650129399009797,323.87211385683406
0.01,1000.0,63.095734448019364,0.06379697728558001,351.18864315095806
0.01,0.1,79.43282347242821,1.147340083344419,102.81838293126447
0.01,0.12589254117941673,79.43282347242821,1.1380203465919818,103.16227766016839
0.01,0.15848931924611134,79.43282347242821,1.1276969825414211,103.54813389233574
0.01,0.19952623149688797,79.43282347242821,1.1162791072670801,103.98107170553497
0.01,0.251188643150958,79.43282347242821,1.103671783972774,104.46683592150961
0.01,0.31622776601683794,79.43282347242821,1.0897769338383865,105.01187233627273
0.01,0.3981071705534973,79.43282347242821,1.0744945779930828,105.6234132519035
0.01,0.5011872336272724,79.43282347242821,1.0577244626569748,106.30957344480194
0.01,0.6309573444801934,79.43282347242821,1.0393681168148372,107.07945784384137
0.01,0.7943282347242815,79.43282347242821,1.0193313843633152,107.94328234724281
0.01,1.0,79.43282347242821,0.9975274590070761,108.91250938133747
0.01,1.2589254117941675,79.43282347242821,0.9738804287348178,109.99999999999999
0.01,1.584893192461114,79.43282347242821,0.9483293061181683,111.22018454301963
0.01,1.9952623149688797,79.43282347242821,0.9208324800529681,112.58925411794169
0.01,2.511886431509581,79.43282347242821,0.891372473886103,114.12537544622755
0.01,3.1622776601683795,79.43282347242821,0.8599608354814986,115.84893192461114
0.01,3.981071705534973,79.43282347242821,0.8266429198749814,117.78279410038922
0.01,5.011872336272725,79.43282347242821,0.7915022602284618,119.9526231496888
0.01,6.309573444801933,79.43282347242821,0.7546641657642824,122.3872113856834
0.01,7.943282347242818,79.43282347242821,0.7162981464151307,125.11886431509579
0.01,10.0,79.43282347242821,0.6766187546213396,128.18382931264455
0.01,12.589254117941675,79.43282347242821,0.6358844664081273,131.6227766016838
0.01,15.848931924611142,79.43282347242821,0.5943943054627986,135.48133892335755
0.01,19.952623149688808,79.43282347242821,0.552482049076132,139.81071705534976
0.01,25.11886431509582,79.43282347242821,0.5105080393243692,144.66835921509636
0.01,31.622776601683793,79.43282347242821,0.46884884290835793,150.11872336272725
0.01,39.810717055349734,79.43282347242821,0.4278852350467526,156.23413251903492
0.01,50.11872336272725,79.43282347242821,0.3879891956430474,163.09573444801936
0.01,63.095734448019364,79.43282347242821,0.34951076569518896,170.79457843841382
0.01,79.43282347242821,79.43282347242821,0.31276568836033986,179.43282347242823
0.01,100.0,79.43282347242821,0.2780247325886224,189.12509381337463
0.01,125.89254117941675,79.43282347242821,0.24550546420010816,200.00000000000006
0.01,158.48931924611142,79.43282347242821,0.2153670043699308,212.2018454301964
0.01,199.52623149688807,79.43282347242821,0.18770802968301403,225.8925411794168
0.01,251.18864315095823,79.43282347242821,0.16256796258759804,241.2537544622755
0.01,316.22776601683796,79.43282347242821,0.13993101958502152,258.48931924611145
0.01,398.1071705534973,79.43282347242821,0.1197325636158094,277.82794100389236
0.01,501.18723362727246,79.43282347242821,0.10186707045591764,299.52623149688804
0.01,630.9573444801937,79.43282347242821,0.08619697396503018,323.87211385683406
0.01,794.3282347242822,79.43282347242821,0.07256169386127533,351.1886431509582
0.01,1000.0,79.43282347242821,0.060786253095702916,381.83829312644554
0.01,0.1,100.0,0.9223787686327735,103.16227766016836
0.01,0.12589254117941673,100.0,0.9156418780046539,103.54813389233576
0.01,0.15848931924611134,100.0,0.9081699337053729,103.98107170553497
0.01,0.19952623149688797,100.0,0.8998939994964121,104.46683592150963
0.01,0.251188643150958,100.0,0.8907414259750714,105.0118723362727
0.01,0.31622776601683794,100.0,0.8806363640629146,105.6234132519035
0.01,0.3981071705534973,100.0,0.8695005034544488,106.30957344480191
0.01,0.5011872336272724,100.0,0.8572540769399252,107.07945784384138
0.01,0.6309573444801934,100.0,0.8438171719563697,107.94328234724281
0.01,0.7943282347242815,100.0,0.8291113884002382,108.91250938133746
0.01,1.0,100.0,0.8130618755783351,110.0
0.01,1.2589254117941675,100.0,0.7955997699864873,111.22018454301966
0.01,1.584893192461114,100.0,0.7766650381744348,112.58925411794169
0.01,1.9952623149688797,100.0,0.7562097042147613,114.12537544622754
0.01,2.511886431509581,100.0,0.7342014085700159,115.84893192461114
0.01,3.1622776601683795,100.0,0.7106272044873654,117.78279410038922
0.01,3.981071705534973,100.0,0.6854974505846397,119.95262314968879
0.01,5.011872336272725,100.0,0.6588496066599671,122.3872113856834
0.01,6.309573444801933,100.0,0.6307516884117147,125.1188643150958
0.01,7.943282347242818,100.0,0.6013050920964635,128.18382931264452
0.01,10.0,100.0,0.5706464703152256,131.62277660168382
0.01,12.589254117941675,100.0,0.5389483342707437,135.48133892335755
0.01,15.848931924611142,100.0,0.5064180849033584,139.81071705534973
0.01,19.952623149688808,100.0,0.47329524213626634,144.6683592150963
0.01,25.11886431509582,100.0,0.4398467506530077,150.11872336272722
0.01,31.622776601683793,100.0,0.40636038850224915,156.2341325190349
0.01,39.810717055349734,100.0,0.373136480037764,163.09573444801936
0.01,50.11872336272725,100.0,0.3404782982777063,170.79457843841382
0.01,63.095734448019364,100.0,0.30868170895561436,179.4328234724282
0.01,79.43282347242821,100.0,0.2780247325886224,189.1250938133746
0.01,100.0,100.0,0.24875775821945956,200.00000000000003
0.01,125.89254117941675,100.0,0.22109511808117543,212.20184543019633
0.01,158.48931924611142,100.0,0.19520862403190525,225.89254117941672
0.01,199.52623149688807,100.0,0.17122348633944076,241.25375446227548
0.01,251.18864315095823,100.0,0.14921680809508922,258.48931924611145
0.01,316.22776601683796,100.0,0.12921860699568913,277.82794100389225
0.01,398.1071705534973,100.0,0.11121509458054994,299.526231496888
0.01,501.18723362727246,100.0,0.09515376998496544,323.872113856834
0.01,630.9573444801937,100.0,0.08094977914231694,351.18864315095817
0.01,794.3282347242822,100.0,0.06849295665059627,381.8382931264455
0.01,1000.0,100.0,0.05765499973570285,416.22776601683796
0.01,0.1,125.89254117941675,0.7402943376578955,103.54813389233574
0.01,0.12589254117941673,125.89254117941675,0.7354389193922098,103.98107170553497
0.01,0.15848931924611134,125.89254117941675,0.7300474285299015,104.46683592150963
0.01,0.19952623149688797,125.89254117941675,0.7240680211514269,105.01187233627272
0.01,0.251188643150958,125.89254117941675,0.7174456427905164,105.6234132519035
0.01,0.31622776601683794,125.89254117941675,0.7101222946015651,106.30957344480193
0.01,0.3981071705534973,125.89254117941675,0.702037449123859,107.0794578438414
0.01,0.5011872336272724,125.89254117941675,0.6931286464650692,107.9432823472428
0.01,0.6309573444801934,125.89254117941675,0.6833323034940365,108.91250938133746
0.01,0.7943282347242815,125.89254117941675,0.6725847688955543,110.0
0.01,1.0,125.89254117941675,0.6608236549710839,111.22018454301964
0.01,1.2589254117941675,125.89254117941675,0.6479894720102137,112.58925411794166
0.01,1.584893192461114,125.89254117941675,0.6340275819578627,114.12537544622757
0.01,1.9952623149688797,125.89254117941675,0.6188904740018335,115.84893192461115
0.01,2.511886431509581,125.89254117941675,0.6025403447700229,117.78279410038921
0.01,3.1622776601683795,125.89254117941675,0.584951939544649,119.95262314968882
0.01,3.981071705534973,125.89254117941675,0.5661155783415779,122.38721138568339
0.01,5.011872336272725,125.89254117941675,0.5460402528213308,125.11886431509582
0.01,6.309573444801933,125.89254117941675,0.5247566389469872,128.18382931264455
0.01,7.943282347242818,125.89254117941675,0.5023198296831431,131.62277660168377
0.01,10.0,125.89254117941675,0.4788115569788979,135.48133892335758
0.01,12.589254117941675,125.89254117941675,0.45434164929013887,139.81071705534973
0.01,15.848931924611142,125.89254117941675,0.4290484672444791,144.66835921509633
0.01,19.952623149688808,125.89254117941675,0.40309808275377323,150.11872336272725
0.01,25.11886431509582,125.89254117941675,0.3766820212366431,156.23413251903494
0.01,31.622776601683793,125.89254117941675,0.3500134745042965,163.09573444801936
0.01,39.810717055349734,125.89254117941675,0.32332201012799333,170.7945784384138
0.01,50.11872336272725,125.89254117941675,0.29684694252171023,179.4328234724282
0.01,63.095734448019364,125.89254117941675,0.2708296763175911,189.12509381337458
0.01,79.43282347242821,125.89254117941675,0.24550546420010816,200.00000000000006
0.01,100.0,125.89254117941675,0.22109511808117543,212.20184543019633
0.01,125.89254117941675,125.89254117941675,0.1977972558831454,225.89254117941678
0.01,158.48931924611142,125.89254117941675,0.17578164469149823,241.25375446227548
0.01,199.52623149688807,125.89254117941675,0.15518411323185338,258.4893192461114
0.01,251.18864315095823,125.89254117941675,0.13610336244452925,277.8279410038924
0.01,316.22776601683796,125.89254117941675,0.11859982223648034,299.526231496888
0.01,398.1071705534973,125.89254117941675,0.10269651128464882,323.872113856834
0.01,501.18723362727246,125.89254117941675,0.08838168194843969,351.18864315095806
0.01,630.9573444801937,125.89254117941675,0.07561289644999797,381.83829312644554
0.01,794.3282347242822,125.89254117941675,0.06432209770147901,416.22776601683813
0.01,1000.0,125.89254117941675,0.05442121263569521,454.81338923357555
0.01,0.1,158.48931924611142,0.5933114943576111,103.98107170553497
0.01,0.12589254117941673,158.48931924611142,0.5898209221197381,104.46683592150963
0.01,0.15848931924611134,158.48931924611142,0.5859408399903798,105.01187233627275
0.01,0.19952623149688797,158.48931924611142,0.581632547869513,105.62341325190349
0.01,0.251188643150958,158.48931924611142,0.5768546767166935,106.30957344480193
0.01,0.31622776601683794,158.48931924611142,0.5715633066453731,107.0794578438414
0.01,0.3981071705534973,158.48931924611142,0.5657121823982234,107.94328234724281
0.01,0.5011872336272724,158.48931924611142,0.5592530486609248,108.91250938133747
0.01,0.6309573444801934,158.48931924611142,0.5521361297890868,110.00000000000001
0.01,0.7943282347242815,158.48931924611142,0.5443107798911545,111.22018454301966
0.01,1.0,158.48931924611142,0.5357263293624906,112.58925411794168
0.01,1.2589254117941675,158.48931924611142,0.526333152321144,114.12537544622755
0.01,1.584893192461114,158.48931924611142,0.516083975268805,115.84893192461114
0.01,1.9952623149688797,158.48931924611142,0.504935439935401,117.78279410038922
0.01,2.511886431509581,158.48931924611142,0.49284992190288474,119.95262314968879
0.01,3.1622776601683795,158.48931924611142,0.47979759058846755,122.3872113856834
0.01,3.981071705534973,158.48931924611142,0.4657586751083143,125.1188643150958
0.01,5.011872336272725,158.48931924611142,0.45072587451792306,128.18382931264455
0.01,6.309573444801933,158.48931924611142,0.43470682072522915,131.6227766016838
0.01,7.943282347242818,158.48931924611142,0.41772646974465455,135.48133892335755
0.01,10.0,158.48931924611142,0.39982926480472647,139.81071705534976
0.01,12.589254117941675,158.48931924611142,0.3810808872557448,144.6683592150963
0.01,15.848931924611142,158.48931924611142,0.36156939342444255,150.11872336272722
0.01,19.952623149688808,158.48931924611142,0.3414055332979775,156.23413251903494
0.01,25.11886431509582,158.48931924611142,0.3207220657186158,163.09573444801939
0.01,31.622776601683793,158.48931924611142,0.29967192875710197,170.79457843841382
0.01,39.810717055349734,158.48931924611142,0.2784251944730148,179.4328234724282
0.01,50.11872336272725,158.48931924611142,0.2571648317098027,189.12509381337458
0.01,63.095734448019364,158.48931924611142,0.23608141144786088,200.00000000000006
0.01,79.43282347242821,158.48931924611142,0.2153670043699308,212.2018454301964
0.01,100.0,158.48931924611142,0.19520862403190525,225.89254117941672
0.01,125.89254117941675,158.48931924611142,0.17578164469149823,241.25375446227548
0.01,158.48931924611142,158.48931924611142,0.1572436559415597,258.48931924611145
0.01,199.52623149688807,158.48931924611142,0.13972919787802976,277.82794100389236
0.01,251.18864315095823,158.48931924611142,0.12334574972134611,299.5262314968881
0.01,316.22776601683796,158.48931924611142,0.10817122967338128,323.872113856834
0.01,398.1071705534973,158.48931924611142,0.09425312018921908,351.18864315095806
0.01,501.18723362727246,158.48931924611142,0.08160918139230366,381.8382931264455
0.01,630.9573444801937,158.48931924611142,0.07022957729801244,416.22776601683813
0.01,794.3282347242822,158.48931924611142,0.06008013253875258,454.8133892335757
0.01,1000.0,158.48931924611142,0.051106372490031055,498.1071705534973
0.01,0.1,199.52623149688807,0.47493494272062003,104.46683592150963
0.01,0.12589254117941673,199.52623149688807,0.47243095077005615,105.01187233627273
0.01,0.15848931924611134,199.52623149688807,0.46964485498543534,105.62341325190349
0.01,0.19952623149688797,199.52623149688807,0.4665479538604337,106.30957344480196
0.01,0.251188643150958,199.52623149688807,0.4631093897177736,107.07945784384138
0.01,0.31622776601683794,199.52623149688807,0.45929618253101273,107.94328234724281
0.01,0.3981071705534973,199.52623149688807,0.4550733257507714,108.91250938133744
0.01,0.5011872336272724,199.52623149688807,0.4504039600561645,110.00000000000001
0.01,0.6309573444801934,199.52623149688807,0.4452496429403171,111.22018454301963
0.01,0.7943282347242815,199.52623149688807,0.43957073370774097,112.58925411794168
0.01,1.0,199.52623149688807,0.43332691452493155,114.12537544622755
0.01,1.2589254117941675,199.52623149688807,0.42647786825029615,115.84893192461114
0.01,1.584893192461114,199.52623149688807,0.41898413241122057,117.78279410038924
0.01,1.9952623149688797,199.52623149688807,0.4108081453484805,119.9526231496888
0.01,2.511886431509581,199.52623149688807,0.4019154946105285,122.38721138568344
0.01,3.1622776601683795,199.52623149688807,0.39227636855077597,125.11886431509579
0.01,3.981071705534973,199.52623149688807,0.38186719924514845,128.18382931264455
0.01,5.011872336272725,199.52623149688807,0.3706724680036688,131.62277660168382
0.01,6.309573444801933,199.52623149688807,0.35868662397577833,135.48133892335755
0.01,7.943282347242818,199.52623149688807,0.3459160422923656,139.81071705534976
0.01,10.0,199.52623149688807,0.3323809222604904,144.66835921509633
0.01,12.589254117941675,199.52623149688807,0.3181170006583902,150.11872336272725
0.01,15.848931924611142,199.52623149688807,0.3031769334606815,156.23413251903492
0.01,19.952623149688808,199.52623149688807,0.28763118548060657,163.09573444801936
0.01,25.11886431509582,199.52623149688807,0.27156826602369344,170.79457843841388
0.01,31.622776601683793,199.52623149688807,0.25509416406702234,179.43282347242817
0.01,39.810717055349734,199.52623149688807,0.23833087192975097,189.1250938133746
0.01,50.11872336272725,199.52623149688807,0.2214139428888875,200.00000000000006
0.01,63.095734448019364,199.52623149688807,0.20448910351905844,212.20184543019644
0.01,79.43282347242821,199.52623149688807,0.18770802968301403,225.89254117941684
0.01,100.0,199.52623149688807,0.17122348633944076,241.25375446227548
0.01,125.89254117941675,199.52623149688807,0.15518411323185338,258.4893192461114
0.01,158.48931924611142,199.52623149688807,0.13972919787802976,277.82794100389236
0.01,199.52623149688807,199.52623149688807,0.12498380270072869,299.5262314968881
0.01,251.18864315095823,199.52623149688807,0.11105459767021021,323.87211385683406
0.01,316.22776601683796,199.52623149688807,0.0980266929157299,351.18864315095806
0.01,398.1071705534973,199.52623149688807,0.08596167393004771,381.83829312644554
0.01,501.18723362727246,199.52623149688807,0.07489692788580875,416.2277660168381
0.01,630.9573444801937,199.52623149688807,0.06484622955947553,454.8133892335756
0.01,794.3282347242822,199.52623149688807,0.05580144619954979,498.1071705534976
0.01,1000.0,199.52623149688807,0.04773513632353505,546.6835921509632
0.01,0.1,251.18864315095823,0.3797825205803063,105.01187233627272
0.01,0.12589254117941673,251.18864315095823,0.37798954439496607,105.6234132519035
0.01,0.15848931924611134,251.18864315095823,0.37599282866527145,106.30957344480196
0.01,0.19952623149688797,251.18864315095823,0.373771207497701,107.07945784384138
0.01,0.251188643150958,251.18864315095823,0.37130181056939243,107.94328234724283
0.01,0.31622776601683794,251.18864315095823,0.3685600524261837,108.91250938133747
0.01,0.3981071705534973,251.18864315095823,0.3655196603223729,110.00000000000001
0.01,0.5011872336272724,251.18864315095823,0.3621527516290135,111.22018454301963
0.01,0.6309573444801934,251.18864315095823,0.35842997350480754,112.58925411794169
0.01,0.7943282347242815,251.18864315095823,0.3543207190995055,114.12537544622755
0.01,1.0,251.18864315095823,0.3497934358770373,115.84893192461112
0.01,1.2589254117941675,251.18864315095823,0.3448160424755138,117.78279410038925
0.01,1.584893192461114,251.18864315095823,0.3393564705653081,119.9526231496888
0.01,1.9952623149688797,251.18864315095823,0.3333833470542984,122.3872113856834
0.01,2.511886431509581,251.18864315095823,0.3268668292859586,125.11886431509583
0.01,3.1622776601683795,251.18864315095823,0.31977960110382825,128.18382931264452
0.01,3.981071705534973,251.18864315095823,0.31209803033831385,131.6227766016838
0.01,5.011872336272725,251.18864315095823,0.3038034780033213,135.48133892335755
0.01,6.309573444801933,251.18864315095823,0.29488373603786844,139.81071705534976
0.01,7.943282347242818,251.18864315095823,0.285334553862422,144.66835921509636
0.01,10.0,251.18864315095823,0.27516119486864044,150.11872336272722
0.01,12.589254117941675,251.18864315095823,0.2643799433618255,156.23413251903494
0.01,15.848931924611142,251.18864315095823,0.25301946229353206,163.09573444801939
0.01,19.952623149688808,251.18864315095823,0.2411218849860965,170.79457843841382
0.01,25.11886431509582,251.18864315095823,0.22874351324408046,179.4328234724282
0.01,31.622776601683793,251.18864315095823,0.21595499340039293,189.1250938133746
0.01,39.810717055349734,251.18864315095823,0.2028408544024772,200.00000000000003
0.01,50.11872336272725,251.18864315095823,0.18949832052741628,212.20184543019639
0.01,63.095734448019364,251.18864315095823,0.17603535647188986,225.8925411794168
0.01,79.43282347242821,251.18864315095823,0.16256796258759804,241.25375446227554
0.01,100.0,251.18864315095823,0.14921680809508922,258.48931924611145
0.01,125.89254117941675,251.18864315095823,0.13610336244452925,277.8279410038924
0.01,158.48931924611142,251.18864315095823,0.12334574972134611,299.5262314968881
0.01,199.52623149688807,251.18864315095823,0.11105459767021021,323.8721138568342
0.01,251.18864315095823,251.18864315095823,0.09932917255514287,351.1886431509582
0.01,316.22776601683796,251.18864315095823,0.08825407825480018,381.83829312644554
0.01,398.1071705534973,251.18864315095823,0.07789675236643451,416.2277660168381
0.01,501.18723362727246,251.18864315095823,0.06830591891257502,454.81338923357566
0.01,630.9573444801937,251.18864315095823,0.05951106658817915,498.10717055349755
0.01,794.3282347242822,251.18864315095823,0.05152292632767839,546.6835921509635
0.01,1000.0,251.18864315095823,0.04433483558693179,601.1872336272725
0.01,0.1,316.22776601683796,0.30342424122526207,105.62341325190349
0.01,0.12589254117941673,316.22776601683796,0.30214238527834475,106.30957344480191
0.01,0.15848931924611134,316.22776601683796,0.30071374658580396,107.07945784384137
0.01,0.19952623149688797,316.22776601683796,0.29912279335031794,107.94328234724281
0.01,0.251188643150958,316.22776601683796,0.2973526692782159,108.91250938133746
0.01,0.31622776601683794,316.22776601683796,0.2953851622252737,110.0
0.01,0.3981071705534973,316.22776601683796,0.2932006961460353,111.22018454301964
0.01,0.5011872336272724,316.22776601683796,0.29077835382899975,112.58925411794168
0.01,0.6309573444801934,316.22776601683796,0.2880959392067496,114.12537544622754
0.01,0.7943282347242815,316.22776601683796,0.2851300893544868,115.84893192461114
0.01,1.0,316.22776601683796,0.28185644753997735,117.78279410038922
0.01,1.2589254117941675,316.22776601683796,0.2782499097289264,119.9526231496888
0.01,1.584893192461114,316.22776601683796,0.2742849575994651,122.3872113856834
0.01,1.9952623149688797,316.22776601683796,0.2699360911395832,125.11886431509582
0.01,2.511886431509581,316.22776601683796,0.2651783729967734,128.18382931264455
0.01,3.1622776601683795,316.22776601683796,0.2599880945735622,131.6227766016838
0.01,3.981071705534973,316.22776601683796,0.254343570036533,135.48133892335753
0.01,5.011872336272725,316.22776601683796,0.24822605855209479,139.81071705534973
0.01,6.309573444801933,316.22776601683796,0.24162080685974907,144.66835921509633
0.01,7.943282347242818,316.22776601683796,0.23451819356186485,150.11872336272722
0.01,10.0,316.22776601683796,0.22691494331033707,156.2341325190349
0.01,12.589254117941675,316.22776601683796,0.21881536383209502,163.09573444801936
0.01,15.848931924611142,316.22776601683796,0.21023254237036387,170.7945784384138
0.01,19.952623149688808,316.22776601683796,0.20118942211909444,179.43282347242817
0.01,25.11886431509582,316.22776601683796,0.19171966569056678,189.1250938133746
0.01,31.622776601683793,316.22776601683796,0.18186820419274505,200.0
0.01,39.810717055349734,316.22776601683796,0.17169136998455167,212.20184543019636
0.01,50.11872336272725,316.22776601683796,0.16125652134808846,225.89254117941675
0.01,63.095734448019364,316.22776601683796,0.15064109014636212,241.25375446227548
0.01,79.43282347242821,316.22776601683796,0.13993101958502152,258.48931924611145
0.01,100.0,316.22776601683796,0.12921860699568913,277.82794100389225
0.01,125.89254117941675,316.22776601683796,0.11859982223648034,299.526231496888
0.01,158.48931924611142,316.22776601683796,0.10817122967338128,323.872113856834
0.01,199.52623149688807,316.22776601683796,0.0980266929157299,351.18864315095806
0.01,251.18864315095823,316.22776601683796,0.08825407825480018,381.83829312644554
0.01,316.22776601683796,316.22776601683796,0.0789321880115705,416.22776601683796
0.01,398.1071705534973,316.22776601683796,0.07012814448313406,454.8133892335755
0.01,501.18723362727246,316.22776601683796,0.061895408673332326,498.10717055349727
0.01,630.9573444801937,316.22776601683796,0.054272559719135915,546.6835921509634
0.01,794.3282347242822,316.22776601683796,0.047282888903428855,601.1872336272725
0.01,1000.0,316.22776601683796,0.04093478667303473,662.3413251903492
0.01,0.1,398.1071705534973,0.24223404019557238,106.30957344480193
0.01,0.12589254117941673,398.1071705534973,0.24131881761214805,107.07945784384138
0.01,0.15848931924611134,398.1071705534973,0.24029807250371069,107.94328234724281
0.01,0.19952623149688797,398.1071705534973,0.23916045652327247,108.91250938133747
0.01,0.251188643150958,398.1071705534973,0.23789360612404756,110.00000000000001
0.01,0.31622776601683794,398.1071705534973,0.23648410423257812,111.22018454301966
0.01,0.3981071705534973,398.1071705534973,0.23491745553945378,112.58925411794168
0.01,0.5011872336272724,398.1071705534973,0.2331780803911682,114.12537544622755
0.01,0.6309573444801934,398.1071705534973,0.23124933324467856,115.84893192461114
0.01,0.7943282347242815,398.1071705534973,0.22911355268517752,117.78279410038921
0.01,1.0,398.1071705534973,0.22675215105959481,119.9526231496888
0.01,1.2589254117941675,398.1071705534973,0.2241457527694582,122.3872113856834
0.01,1.584893192461114,398.1071705534973,0.22127439109021863,125.1188643150958
0.01,1.9952623149688797,398.1071705534973,0.21811777389407958,128.18382931264455
0.01,2.511886431509581,398.1071705534973,0.21465562865990936,131.6227766016838
0.01,3.1622776601683795,398.1071705534973,0.2108681364218189,135.48133892335755
0.01,3.981071705534973,398.1071705534973,0.2067364625619201,139.81071705534973
0.01,5.011872336272725,398.1071705534973,0.2022433892911499,144.6683592150963
0.01,6.309573444801933,398.1071705534973,0.19737404998526878,150.1187233627272
0.01,7.943282347242818,398.1071705534973,0.19211675899856204,156.23413251903494
0.01,10.0,398.1071705534973,0.18646392202408685,163.09573444801933
0.01,12.589254117941675,398.1071705534973,0.18041300155992493,170.79457843841377
0.01,15.848931924611142,398.1071705534973,0.17396749992027208,179.4328234724282
0.01,19.952623149688808,398.1071705534973,0.1671379092298016,189.1250938133746
0.01,25.11886431509582,398.1071705534973,0.15994256515127206,200.00000000000009
0.01,31.622776601683793,398.1071705534973,0.15240833039048998,212.20184543019636
0.01,39.810717055349734,398.1071705534973,0.1445710273768118,225.89254117941672
0.01,50.11872336272725,398.1071705534973,0.13647553921799074,241.25375446227548
0.01,63.095734448019364,398.1071705534973,0.12817550623127041,258.48931924611145
0.01,79.43282347242821,398.1071705534973,0.1197325636158094,277.82794100389236
0.01,100.0,398.1071705534973,0.11121509458054994,299.526231496888
0.01,125.89254117941675,398.1071705534973,0.10269651128464882,323.87211385683395
0.01,158.48931924611142,398.1071705534973,0.09425312018921908,351.18864315095806
0.01,199.52623149688807,398.1071705534973,0.08596167393004771,381.83829312644554
0.01,251.18864315095823,398.1071705534973,0.07789675236643451,416.2277660168381
0.01,316.22776601683796,398.1071705534973,0.07012814448313406,454.8133892335755
0.01,398.1071705534973,398.1071705534973,0.06271841472215461,498.1071705534974
0.01,501.18723362727246,398.1071705534973,0.05572082875672009,546.6835921509632
0.01,630.9573444801937,398.1071705534973,0.04917778455885339,601.1872336272726
0.01,794.3282347242822,398.1071705534973,0.04311984823248665,662.3413251903494
0.01,1000.0,398.1071705534973,0.03756543687056035,730.9573444801933
0.01,0.1,501.18723362727246,0.19325754692963615,107.0794578438414
0.01,0.12589254117941673,501.18723362727246,0.19260483533805658,107.94328234724283
0.01,0.15848931924611134,501.18723362727246,0.19187640472217032,108.91250938133744
0.01,0.19952623149688797,501.18723362727246,0.19106399459070073,110.0
0.01,0.251188643150958,501.18723362727246,0.19015857502998668,111.22018454301964
0.01,0.31622776601683794,501.18723362727246,0.18915030873576996,112.58925411794168
0.01,0.3981071705534973,501.18723362727246,0.18802852064707515,114.12537544622755
0.01,0.5011872336272724,501.18723362727246,0.18678167844381358,115.84893192461115
0.01,0.6309573444801934,501.18723362727246,0.18539738787718993,117.78279410038925
0.01,0.7943282347242815,501.18723362727246,0.18386240767983272,119.95262314968879
0.01,1.0,501.18723362727246,0.1821626896284314,122.3872113856834
0.01,1.2589254117941675,501.18723362727246,0.1802834501672984,125.11886431509582
0.01,1.584893192461114,501.18723362727246,0.17820928078762124,128.18382931264455
0.01,1.9952623149688797,501.18723362727246,0.1759243050090844,131.6227766016838
0.01,2.511886431509581,501.18723362727246,0.17341239021170382,135.48133892335753
0.01,3.1622776601683795,501.18723362727246,0.17065742256489042,139.81071705534973
0.01,3.981071705534973,501.18723362727246,0.16764365271075146,144.66835921509633
0.01,5.011872336272725,501.18723362727246,0.16435611846031145,150.11872336272722
0.01,6.309573444801933,501.18723362727246,0.16078114831513787,156.23413251903492
0.01,7.943282347242818,501.18723362727246,0.15690694589518622,163.09573444801933
0.01,10.0,501.18723362727246,0.1527242501367184,170.7945784384138
0.01,12.589254117941675,501.18723362727246,0.14822705931130592,179.43282347242814
0.01,15.848931924611142,501.18723362727246,0.14341339855307694,189.1250938133746
0.01,19.952623149688808,501.18723362727246,0.13828610094340338,200.00000000000003
0.01,25.11886431509582,501.18723362727246,0.132853561875084,212.2018454301964
0.01,31.622776601683793,501.18723362727246,0.1271304163523838,225.89254117941672
0.01,39.810717055349734,501.18723362727246,0.12113808040946397,241.25375446227548
0.01,50.11872336272725,501.18723362727246,0.11490509259949987,258.4893192461114
0.01,63.095734448019364,501.18723362727246,0.1084671913352007,277.82794100389236
0.01,79.43282347242821,501.18723362727246,0.10186707045591764,299.52623149688804
0.01,100.0,501.18723362727246,0.09515376998496544,323.872113856834
0.01,125.89254117941675,501.18723362727246,0.08838168194843969,351.18864315095806
0.01,158.48931924611142,501.18723362727246,0.08160918139230366,381.8382931264455
0.01,199.52623149688807,501.18723362727246,0.07489692788580875,416.227766016838
0.01,251.18864315095823,501.18723362727246,0.06830591891257502,454.81338923357566
0.01,316.22776601683796,501.18723362727246,0.061895408673332326,498.10717055349727
0.01,398.1071705534973,501.18723362727246,0.05572082875672009,546.6835921509634
0.01,501.18723362727246,501.18723362727246,0.04983185644825178,601.1872336272725
0.01,630.9573444801937,501.18723362727246,0.04427076951163744,662.3413251903494
0.01,794.3282347242822,501.18723362727246,0.03907120300974132,730.9573444801937
0.01,1000.0,501.18723362727246,0.03425738683505916,807.945784384138
0.01,0.1,630.9573444801937,0.15409688887548226,107.94328234724281
0.01,0.12589254117941673,630.9573444801937,0.15363184463989035,108.91250938133744
0.01,0.15848931924611134,630.9573444801937,0.15311255562861642,109.99999999999999
0.01,0.19952623149688797,630.9573444801937,0.15253302880607256,111.22018454301964
0.01,0.251188643150958,630.9573444801937,0.15188669340943844,112.58925411794169
0.01,0.31622776601683794,630.9573444801937,0.15116636685140164,114.12537544622755
0.01,0.3981071705534973,630.9573444801937,0.15036422458675036,115.84893192461114
0.01,0.5011872336272724,630.9573444801937,0.14947177604132317,117.78279410038924
0.01,0.6309573444801934,630.9573444801937,0.14847984920003576,119.95262314968882
0.01,0.7943282347242815,630.9573444801937,0.1473785870133869,122.38721138568341
0.01,1.0,630.9573444801937,0.14615745940031896,125.1188643150958
0.01,1.2589254117941675,630.9573444801937,0.1448052952816924,128.18382931264455
0.01,1.584893192461114,630.9573444801937,0.14331033974239032,131.6227766016838
0.01,1.9952623149688797,630.9573444801937,0.14166034204409783,135.48133892335755
0.01,2.511886431509581,630.9573444801937,0.13984268072723427,139.81071705534976
0.01,3.1622776601683795,630.9573444801937,0.13784453235670002,144.66835921509636
0.01,3.981071705534973,630.9573444801937,0.1356530904616146,150.11872336272722
0.01,5.011872336272725,630.9573444801937,0.13325584074513863,156.23413251903494
0.01,6.309573444801933,630.9573444801937,0.13064089752252112,163.09573444801936
0.01,7.943282347242818,630.9573444801937,0.1277974043934099,170.79457843841385
0.01,10.0,630.9573444801937,0.12471599917966679,179.4328234724282
0.01,12.589254117941675,630.9573444801937,0.12138933900431316,189.1250938133746
0.01,15.848931924611142,630.9573444801937,0.11781267596397346,200.0
0.01,19.952623149688808,630.9573444801937,0.11398446719349246,212.2018454301964
0.01,25.11886431509582,630.9573444801937,0.10990699545930818,225.8925411794168
0.01,31.622776601683793,630.9573444801937,0.1055869682147573,241.25375446227554
0.01,39.810717055349734,630.9573444801937,0.1010360550634206,258.48931924611145
0.01,50.11872336272725,630.9573444801937,0.09627131686479584,277.82794100389236
0.01,63.095734448019364,630.9573444801937,0.09131547559302228,299.5262314968881
0.01,79.43282347242821,630.9573444801937,0.08619697396503018,323.87211385683406
0.01,100.0,630.9573444801937,0.08094977914231694,351.1886431509581
0.01,125.89254117941675,630.9573444801937,0.07561289644999797,381.83829312644554
0.01,158.48931924611142,630.9573444801937,0.07022957729801244,416.22776601683813
0.01,199.52623149688807,630.9573444801937,0.06484622955947553,454.81338923357566
0.01,251.18864315095823,630.9573444801937,0.05951106658817915,498.10717055349755
0.01,316.22776601683796,630.9573444801937,0.054272559719135915,546.6835921509634
0.01,398.1071705534973,630.9573444801937,0.04917778455885339,601.1872336272726
0.01,501.18723362727246,630.9573444801937,0.04427076951163744,662.3413251903494
0.01,630.9573444801937,630.9573444801937,0.03959096229879213,730.9573444801938
0.01,794.3282347242822,630.9573444801937,0.0351719246343637,807.9457843841385
0.01,1000.0,630.9573444801937,0.031040346674290308,894.3282347242817
0.01,0.1,794.3282347242822,0.12281209856991669,108.91250938133746
0.01,0.12589254117941673,794.3282347242822,0.1224810392605631,110.0
0.01,0.15848931924611134,794.3282347242822,0.12211117442608231,111.22018454301963
0.01,0.19952623149688797,794.3282347242822,0.12169816862029743,112.58925411794168
0.01,0.251188643150958,794.3282347242822,0.12123725598963632,114.12537544622757
0.01,0.31622776601683794,794.3282347242822,0.12072321135977966,115.84893192461114
0.01,0.3981071705534973,794.3282347242822,0.12015032315585884,117.78279410038925
0.01,0.5011872336272724,794.3282347242822,0.11951236948307681,119.95262314968882
0.01,0.6309573444801934,794.3282347242822,0.11880259903790162,122.3872113856834
0.01,0.7943282347242815,794.3282347242822,0.1180137189162255,125.1188643150958
0.01,1.0,794.3282347242822,0.11713789183229557,128.18382931264455
0.01,1.2589254117941675,794.3282347242822,0.11616674575388274,131.6227766016838
0.01,1.584893192461114,794.3282347242822,0.11509139948077483,135.48133892335755
0.01,1.9952623149688797,794.3282347242822,0.11390250822091033,139.81071705534976
0.01,2.511886431509581,794.3282347242822,0.11259033371377554,144.66835921509636
0.01,3.1622776601683795,794.3282347242822,0.11114484386001816,150.11872336272725
0.01,3.981071705534973,794.3282347242822,0.10955584706580893,156.23413251903497
0.01,5.011872336272725,794.3282347242822,0.10781316650449917,163.09573444801939
0.01,6.309573444801933,794.3282347242822,0.10590685911809954,170.79457843841382
0.01,7.943282347242818,794.3282347242822,0.10382748328851946,179.43282347242817
0.01,10.0,794.3282347242822,0.10156641755218024,189.1250938133746
0.01,12.589254117941675,794.3282347242822,0.09911623036193537,200.00000000000006
0.01,15.848931924611142,794.3282347242822,0.09647109759195112,212.2018454301964
0.01,19.952623149688808,794.3282347242822,0.09362726016601707,225.89254117941684
0.01,25.11886431509582,794.3282347242822,0.09058350889821032,241.25375446227557
0.01,31.622776601683793,794.3282347242822,0.08734167754461251,258.48931924611145
0.01,39.810717055349734,794.3282347242822,0.0839071185484621,277.82794100389236
0.01,50.11872336272725,794.3282347242822,0.08028912962213024,299.5262314968881
0.01,63.095734448019364,794.3282347242822,0.07650129399009797,323.8721138568341
0.01,79.43282347242821,794.3282347242822,0.07256169386127533,351.1886431509582
0.01,100.0,794.3282347242822,0.06849295665059627,381.83829312644554
0.01,125.89254117941675,794.3282347242822,0.06432209770147901,416.2277660168382
0.01,158.48931924611142,794.3282347242822,0.06008013253875258,454.8133892335757
0.01,199.52623149688807,794.3282347242822,0.05580144619954979,498.10717055349755
0.01,251.18864315095823,794.3282347242822,0.05152292632767839,546.6835921509635
0.01,316.22776601683796,794.3282347242822,0.047282888903428855,601.1872336272726
0.01,398.1071705534973,794.3282347242822,0.04311984823248665,662.3413251903494
0.01,501.18723362727246,794.3282347242822,0.03907120300974132,730.9573444801937
0.01,630.9573444801937,794.3282347242822,0.0351719246343637,807.9457843841385
0.01,794.3282347242822,794.3282347242822,0.0314533397042113,894.3282347242821
0.01,1000.0,794.3282347242822,0.02794209412189561,991.2509381337459
0.01,0.1,1000.0,0.09783787860532715,110.0
0.01,0.12589254117941673,1000.0,0.0976023699076385,111.22018454301964
0.01,0.15848931924611134,1000.0,0.09733913505213351,112.58925411794168
0.01,0.19952623149688797,1000.0,0.09704504564404123,114.12537544622755
0.01,0.251188643150958,1000.0,0.09671665475204902,115.84893192461114
0.01,0.31622776601683794,1000.0,0.09635017330023077,117.78279410038924
0.01,0.3981071705534973,1000.0,0.09594144709858458,119.9526231496888
0.01,0.5011872336272724,1000.0,0.09548593533574375,122.38721138568339
0.01,0.6309573444801934,1000.0,0.09497869158958366,125.11886431509579
0.01,0.7943282347242815,1000.0,0.09441434868442752,128.18382931264455
0.01,1.0,1000.0,0.09378710903861089,131.62277660168374
0.01,1.2589254117941675,1000.0,0.09309074250185098,135.48133892335753
0.01,1.584893192461114,1000.0,0.09231859407265146,139.81071705534973
0.01,1.9952623149688797,1000.0,0.09146360430045589,144.6683592150963
0.01,2.511886431509581,1000.0,0.09051834559605094,150.11872336272725
0.01,3.1622776601683795,1000.0,0.08947507806691726,156.23413251903492
0.01,3.981071705534973,1000.0,0.08832582881879987,163.0957344480193
0.01,5.011872336272725,1000.0,0.08706249886202568,170.79457843841382
0.01,6.309573444801933,1000.0,0.08567700175480211,179.43282347242814
0.01,7.943282347242818,1000.0,0.08416143781169325,189.12509381337455
0.01,10.0,1000.0,0.08250830699357031,199.99999999999997
0.01,12.589254117941675,1000.0,0.08071076235548723,212.20184543019636
0.01,15.848931924611142,1000.0,0.0787629040423815,225.89254117941672
0.01,19.952623149688808,1000.0,0.07666011118999477,241.25375446227548
0.01,25.11886431509582,1000.0,0.07439940565610217,258.4893192461114
0.01,31.622776601683793,1000.0,0.07197983729992656,277.8279410038923
0.01,39.810717055349734,1000.0,0.06940287568746262,299.526231496888
0.01,50.11872336272725,1000.0,0.06667278792428351,323.87211385683406
0.01,63.095734448019364,1000.0,0.06379697728558001,351.18864315095806
0.01,79.43282347242821,1000.0,0.060786253095702916,381.83829312644554
0.01,100.0,1000.0,0.05765499973570285,416.22776601683796
0.01,125.89254117941675,1000.0,0.05442121263569521,454.81338923357555
0.01,158.48931924611142,1000.0,0.051106372490031055,498.1071705534973
0.01,199.52623149688807,1000.0,0.04773513632353505,546.6835921509634
0.01,251.18864315095823,1000.0,0.04433483558693179,601.1872336272726
0.01,316.22776601683796,1000.0,0.04093478667303473,662.3413251903492
0.01,398.1071705534973,1000.0,0.03756543687056035,730.9573444801933
0.01,501.18723362727246,1000.0,0.03425738683505916,807.9457843841379
0.01,630.9573444801937,1000.0,0.031040346674290308,894.3282347242817
0.01,794.3282347242822,1000.0,0.02794209412189561,991.2509381337459
0.01,1000.0,1000.0,0.02498750780703535,1100.0
1.0,0.1,0.1,93.87228319217745,100.1
1.0,0.12589254117941673,0.1,93.51096053462717,100.11220184543019
1.0,0.15848931924611134,0.1,93.10723295188254,100.12589254117941
1.0,0.19952623149688797,0.1,92.65635480428462,100.14125375446227
1.0,0.251188643150958,0.1,92.15310936856142,100.15848931924612
1.0,0.31622776601683794,0.1,91.59177808355443,100.1778279410039
1.0,0.3981071705534973,0.1,90.96611245818262,100.19952623149689
1.0,0.5011872336272724,0.1,90.26931042045007,100.22387211385683
1.0,0.6309573444801934,0.1,89.49399939550409,100.25118864315095
1.0,0.7943282347242815,0.1,88.63222901374286,100.28183829312644
1.0,1.0,0.1,87.67547707676545,100.31622776601684
1.0,1.2589254117941675,0.1,86.61467325500048,100.35481338923357
1.0,1.584893192461114,0.1,85.44024595316559,100.3981071705535
1.0,1.9952623149688797,0.1,84.14219884124952,100.44668359215096
1.0,2.511886431509581,0.1,82.71022467023825,100.50118723362728
1.0,3.1622776601683795,0.1,81.13386510070883,100.56234132519035
1.0,3.981071705534973,0.1,79.40272624769754,100.6309573444802
1.0,5.011872336272725,0.1,77.50676029842086,100.70794578438414
1.0,6.309573444801933,0.1,75.43662361156241,100.79432823472428
1.0,7.943282347242818,0.1,73.18412076376916,100.89125093813375
1.0,10.0,0.1,70.74274153945113,101.0
1.0,12.589254117941675,0.1,68.10829318653741,101.12201845430197
1.0,15.848931924611142,0.1,65.27962258134151,101.25892541179417
1.0,19.952623149688808,0.1,62.259411413538004,101.41253754462275
1.0,25.11886431509582,0.1,59.05501140665538,101.5848931924611
1.0,31.622776601683793,0.1,55.679265685664305,101.77827941003892
1.0,39.810717055349734,0.1,52.151237436296555,101.99526231496888
1.0,50.11872336272725,0.1,48.496740422276794,102.23872113856834
1.0,63.095734448019364,0.1,44.74854268820938,102.51188643150958
1.0,79.43282347242821,0.1,40.94610286968424,102.81838293126447
1.0,100.0,0.1,37.134708656434796,103.16227766016839
1.0,125.89254117941675,0.1,33.36393044670095,103.54813389233576
1.0,158.48931924611142,0.1,29.685387576030003,103.98107170553499
1.0,199.52623149688807,0.1,26.14994674580113,104.46683592150963
1.0,251.18864315095823,0.1,22.80461275381196,105.01187233627272
1.0,316.22776601683796,0.1,19.689492770960573,105.6234132519035
1.0,398.1071705534973,0.1,16.835270586865096,106.30957344480194
1.0,501.18723362727246,0.1,14.261580247406515,107.07945784384138
1.0,630.9573444801937,0.1,11.976515582213063,107.94328234724283
1.0,794.3282347242822,0.1,9.977292068189021,108.91250938133746
1.0,1000.0,0.1,8.251859009185706,110.0
1.0,0.1,0.12589254117941673,93.51096053462717,100.11220184543019
1.0,0.12589254117941673,0.12589254117941673,93.15105186673489,100.12589254117941
1.0,0.15848931924611134,0.12589254117941673,92.74890569252173,100.14125375446227
1.0,0.19952623149688797,0.12589254117941673,92.29979547888372,100.15848931924612
1.0,0.251188643150958,0.12589254117941673,91.79852559950648,100.1778279410039
1.0,0.31622776601683794,0.12589254117941673,91.2394007358267,100.19952623149689
1.0,0.3981071705534973,0.12589254117941673,90.6161979368273,100.22387211385683
1.0,0.5011872336272724,0.12589254117941673,89.92214311045632,100.25118864315095
1.0,0.6309573444801934,0.12589254117941673,89.14989422658016,100.28183829312644
1.0,0.7943282347242815,0.12589254117941673,88.29153412174435,100.31622776601684
1.0,1.0,0.12589254117941673,87.33857651952151,100.35481338923357
1.0,1.2589254117941675,0.12589254117941673,86.28198972220605,100.39810717055349
1.0,1.584893192461114,0.12589254117941673,85.11224338697038,100.44668359215096
1.0,1.9952623149688797,0.12589254117941673,83.819384855181,100.50118723362728
1.0,2.511886431509581,0.12589254117941673,82.39315261810495,100.56234132519035
1.0,3.1622776601683795,0.12589254117941673,80.82313560314886,100.6309573444802
1.0,3.981071705534973,0.12589254117941673,79.09898793131626,100.70794578438414
1.0,5.011872336272725,0.12589254117941673,77.21070944079422,100.79432823472428
1.0,6.309573444801933,0.12589254117941673,75.14900231560672,100.89125093813375
1.0,7.943282347242818,0.12589254117941673,72.9057132097218,101.0
1.0,10.0,0.12589254117941673,70.47436778747702,101.12201845430197
1.0,12.589254117941675,0.12589254117941673,67.85079993763695,101.25892541179417
1.0,15.848931924611142,0.12589254117941673,65.0338702648603,101.41253754462275
1.0,19.952623149688808,0.12589254117941673,62.02625698047737,101.58489319246112
1.0,25.11886431509582,0.12589254117941673,58.83528630331192,101.77827941003892
1.0,31.622776601683793,0.12589254117941673,55.473748705912136,101.99526231496887
1.0,39.810717055349734,0.12589254117941673,51.96062255327347,102.23872113856834
1.0,50.11872336272725,0.12589254117941673,48.32160032731319,102.51188643150958
1.0,63.095734448019364,0.12589254117941673,44.58928963771382,102.81838293126445
1.0,79.43282347242821,0.12589254117941673,40.80294952333014,103.16227766016837
1.0,100.0,0.12589254117941673,37.00763274896299,103.54813389233576
1.0,125.89254117941675,0.12589254117941673,33.25264810773242,103.98107170553496
1.0,158.48931924611142,0.12589254117941673,29.58934051002957,104.46683592150964
1.0,199.52623149688807,0.12589254117941673,26.068307877683477,105.01187233627273
1.0,251.18864315095823,0.12589254117941673,22.736313038938007,105.62341325190349
1.0,316.22776601683796,0.12589254117941673,19.633268731652503,106.30957344480194
1.0,398.1071705534973,0.12589254117941673,16.78972836829956,107.0794578438414
1.0,501.18723362727246,0.12589254117941673,14.225268635397347,107.94328234724283
1.0,630.9573444801937,0.12589254117941673,11.94799862292009,108.91250938133747
1.0,794.3282347242822,0.12589254117941673,9.95521234665374,110.00000000000001
1.0,1000.0,0.12589254117941673,8.234985125979994,111.22018454301964
1.0,0.1,0.15848931924611134,93.10723295188254,100.12589254117941
1.0,0.12589254117941673,0.15848931924611134,92.74890569252173,100.14125375446227
1.0,0.15848931924611134,0.15848931924611134,92.34852815199831,100.15848931924612
1.0,0.19952623149688797,0.15848931924611134,91.9013951599313,100.1778279410039
1.0,0.251188643150958,0.15848931924611134,91.40233467707056,100.19952623149689
1.0,0.31622776601683794,0.15848931924611134,90.8456773694358,100.22387211385683
1.0,0.3981071705534973,0.15848931924611134,90.22522883738208,100.25118864315095
1.0,0.5011872336272724,0.15848931924611134,89.53424626563525,100.28183829312644
1.0,0.6309573444801934,0.15848931924611134,88.76542176513065,100.31622776601684
1.0,0.7943282347242815,0.15848931924611134,87.91087528490914,100.35481338923357
1.0,1.0,0.15848931924611134,86.96216069215563,100.3981071705535
1.0,1.2589254117941675,0.15848931924611134,85.9102894559005,100.44668359215096
1.0,1.584893192461114,0.15848931924611134,84.74577732171697,100.50118723362728
1.0,1.9952623149688797,0.15848931924611134,83.45872041368308,100.56234132519035
1.0,2.511886431509581,0.15848931924611134,82.03890830659839,100.6309573444802
1.0,3.1622776601683795,0.15848931924611134,80.47598270345637,100.70794578438414
1.0,3.981071705534973,0.15848931924611134,78.75965130998787,100.79432823472428
1.0,5.011872336272725,0.15848931924611134,76.87996713238326,100.89125093813374
1.0,6.309573444801933,0.15848931924611134,74.82768345935996,101.0
1.0,7.943282347242818,0.15848931924611134,72.59469383519958,101.12201845430197
1.0,10.0,0.15848931924611134,70.17456386106186,101.25892541179417
1.0,12.589254117941675,0.15848931924611134,67.56315700960548,101.41253754462275
1.0,15.848931924611142,0.15848931924611134,64.75934901367643,101.58489319246112
1.0,19.952623149688808,0.15848931924611134,61.765813964371404,101.77827941003892
1.0,25.11886431509582,0.15848931924611134,58.589849337129856,101.99526231496887
1.0,31.622776601683793,0.15848931924611134,55.244186532628625,102.23872113856834
1.0,39.810717055349734,0.15848931924611134,51.747708930158076,102.51188643150957
1.0,50.11872336272725,0.15848931924611134,48.12597334724244,102.81838293126447
1.0,63.095734448019364,0.15848931924611134,44.41140807933954,103.16227766016837
1.0,79.43282347242821,0.15848931924611134,40.643049228627994,103.54813389233576
1.0,100.0,0.15848931924611134,36.86568731359877,103.98107170553497
1.0,125.89254117941675,0.15848931924611134,33.128339245265,104.46683592150961
1.0,158.48931924611142,0.15848931924611134,29.482043884761378,105.01187233627273
1.0,199.52623149688807,0.15848931924611134,25.977099516752673,105.6234132519035
1.0,251.18864315095823,0.15848931924611134,22.659999306590628,106.30957344480194
1.0,316.22776601683796,0.15848931924611134,19.570439358945833,107.07945784384138
1.0,398.1071705534973,0.15848931924611134,16.738827844948197,107.94328234724281
1.0,501.18723362727246,0.15848931924611134,14.184677553848035,108.91250938133746
1.0,630.9573444801937,0.15848931924611134,11.916114568247473,109.99999999999997
1.0,794.3282347242822,0.15848931924611134,9.930520391754753,111.22018454301964
1.0,1000.0,0.15848931924611134,8.216110748238771,112.58925411794169
1.0,0.1,0.19952623149688797,92.65635480428462,100.14125375446227
1.0,0.12589254117941673,0.19952623149688797,92.29979547888372,100.15848931924612
1.0,0.15848931924611134,0.19952623149688797,91.9013951599313,100.1778279410039
1.0,0.19952623149688797,0.19952623149688797,91.45647255186206,100.19952623149689
1.0,0.251188643150958,0.19952623149688797,90.9598819747767,100.22387211385683
1.0,0.31622776601683794,0.19952623149688797,90.40598313163726,100.25118864315095
1.0,0.3981071705534973,0.19952623149688797,89.78861352589549,100.28183829312644
1.0,0.5011872336272724,0.19952623149688797,89.10106528803202,100.31622776601684
1.0,0.6309573444801934,0.19952623149688797,88.33606867166448,100.35481338923357
1.0,0.7943282347242815,0.19952623149688797,87.48578508401316,100.3981071705535
1.0,1.0,0.19952623149688797,86.54181323123565,100.44668359215096
1.0,1.2589254117941675,0.19952623149688797,85.4952127914965,100.50118723362728
1.0,1.584893192461114,0.19952623149688797,84.33655097426478,100.56234132519035
1.0,1.9952623149688797,0.19952623149688797,83.0559783658453,100.6309573444802
1.0,2.511886431509581,0.19952623149688797,81.6433415591676,100.70794578438414
1.0,3.1622776601683795,0.19952623149688797,80.08834114795297,100.79432823472428
1.0,3.981071705534973,0.19952623149688797,78.38074461137981,100.89125093813374
1.0,5.011872336272725,0.19952623149688797,76.51066423864509,101.0
1.0,6.309573444801933,0.19952623149688797,74.46891026797937,101.12201845430197
1.0,7.943282347242818,0.19952623149688797,72.24742845360238,101.25892541179417
1.0,10.0,0.19952623149688797,69.83982880524107,101.41253754462275
1.0,12.589254117941675,0.19952623149688797,67.24200760541841,101.58489319246112
1.0,15.848931924611142,0.19952623149688797,64.45285721845558,101.77827941003892
1.0,19.952623149688808,0.19952623149688797,61.47504684299951,101.99526231496887
1.0,25.11886431509582,0.19952623149688797,58.315841548990974,102.23872113856834
1.0,31.622776601683793,0.19952623149688797,54.98790646829977,102.51188643150957
1.0,39.810717055349734,0.19952623149688797,51.510018641041626,102.81838293126444
1.0,50.11872336272725,0.19952623149688797,47.907583193404285,103.16227766016837
1.0,63.095734448019364,0.19952623149688797,44.21282810503808,103.54813389233576
1.0,79.43282347242821,0.19952623149688797,40.46454061442385,103.98107170553497
1.0,100.0,0.19952623149688797,36.70721868107044,104.46683592150964
1.0,125.89254117941675,0.19952623149688797,32.98955377840031,105.01187233627272
1.0,158.48931924611142,0.19952623149688797,29.362243703395162,105.62341325190349
1.0,199.52623149688807,0.19952623149688797,25.875252965508835,106.30957344480196
1.0,251.18864315095823,0.19952623149688797,22.574774450368814,107.07945784384137
1.0,316.22776601683796,0.19952623149688797,19.500263097584615,107.94328234724281
1.0,398.1071705534973,0.19952623149688797,16.681965415440008,108.91250938133746
1.0,501.18723362727246,0.19952623149688797,14.13932307117469,110.00000000000001
1.0,630.9573444801937,0.19952623149688797,11.880481047867258,111.22018454301963
1.0,794.3282347242822,0.19952623149688797,9.902918217045375,112.58925411794169
1.0,1000.0,0.19952623149688797,8.19500660360661,114.12537544622755
1.0,0.1,0.251188643150958,92.15310936856142,100.15848931924612
1.0,0.12589254117941673,0.251188643150958,91.79852559950648,100.1778279410039
1.0,0.15848931924611134,0.251188643150958,91.40233467707056,100.19952623149689
1.0,0.19952623149688797,0.251188643150958,90.9598819747767,100.22387211385683
1.0,0.251188643150958,0.251188643150958,90.46605125541913,100.25118864315095
1.0,0.31622776601683794,0.251188643150958,89.91523465330218,100.28183829312644
1.0,0.3981071705534973,0.251188643150958,89.30130530173558,100.31622776601684
1.0,0.5011872336272724,0.251188643150958,88.61759435577846,100.35481338923357
1.0,0.6309573444801934,0.251188643150958,87.85687465948723,100.39810717055349
1.0,0.7943282347242815,0.251188643150958,87.01135390737488,100.44668359215096
1.0,1.0,0.251188643150958,86.07268086091698,100.50118723362726
1.0,1.2589254117941675,0.251188643150958,85.03196900762624,100.56234132519035
1.0,1.584893192461114,0.251188643150958,83.87984298893454,100.6309573444802
1.0,1.9952623149688797,0.251188643150958,82.60651415636215,100.70794578438414
1.0,2.511886431509581,0.251188643150958,81.20189270377517,100.79432823472428
1.0,3.1622776601683795,0.251188643150958,79.65574489459928,100.89125093813375
1.0,3.981071705534973,0.251188643150958,77.95790483685059,101.0
1.0,5.011872336272725,0.251188643150958,76.09855086992478,101.12201845430197
1.0,6.309573444801933,0.251188643150958,74.06855664134164,101.25892541179417
1.0,7.943282347242818,0.251188643150958,71.85992598349186,101.41253754462275
1.0,10.0,0.251188643150958,69.4663182323442,101.58489319246112
1.0,12.589254117941675,0.251188643150958,66.88366600536222,101.77827941003892
1.0,15.848931924611142,0.251188643150958,64.11087990183931,101.99526231496887
1.0,19.952623149688808,0.251188643150958,61.1506232977904,102.23872113856834
1.0,25.11886431509582,0.251188643150958,58.01012471493206,102.51188643150958
1.0,31.622776601683793,0.251188643150958,54.70197495030627,102.81838293126445
1.0,39.810717055349734,0.251188643150958,51.24483203282457,103.16227766016839
1.0,50.11872336272725,0.251188643150958,47.663931555096454,103.54813389233576
1.0,63.095734448019364,0.251188643150958,43.991277845372856,103.98107170553499
1.0,79.43282347242821,0.251188643150958,40.26538051532085,104.46683592150964
1.0,100.0,0.251188643150958,36.530411382814236,105.01187233627272
1.0,125.89254117941675,0.251188643150958,32.83469935330904,105.62341325190349
1.0,158.48931924611142,0.251188643150958,29.22856245568553,106.30957344480191
1.0,199.52623149688807,0.251188643150958,25.761593724015018,107.07945784384138
1.0,251.18864315095823,0.251188643150958,22.479651977657987,107.94328234724281
1.0,316.22776601683796,0.251188643150958,19.421923933695535,108.91250938133744
1.0,398.1071705534973,0.251188643150958,16.618476329596042,110.0
1.0,501.18723362727246,0.251188643150958,14.088671740615668,111.22018454301964
1.0,630.9573444801937,0.251188643150958,11.840676145073777,112.58925411794168
1.0,794.3282347242822,0.251188643150958,9.872076667104217,114.12537544622757
1.0,1000.0,0.251188643150958,8.17141915951332,115.84893192461112
1.0,0.1,0.31622776601683794,91.59177808355443,100.1778279410039
1.0,0.12589254117941673,0.31622776601683794,91.2394007358267,100.19952623149689
1.0,0.15848931924611134,0.31622776601683794,90.8456773694358,100.22387211385683
1.0,0.19952623149688797,0.31622776601683794,90.40598313163726,100.25118864315095
1.0,0.251188643150958,0.31622776601683794,89.91523465330218,100.28183829312644
1.0,0.31622776601683794,0.31622776601683794,89.36786027047478,100.31622776601684
1.0,0.3981071705534973,0.31622776601683794,88.7577728852095,100.35481338923357
1.0,0.5011872336272724,0.31622776601683794,88.07834720616589,100.3981071705535
1.0,0.6309573444801934,0.31622776601683794,87.32240360544027,100.44668359215096
1.0,0.7943282347242815,0.31622776601683794,86.48220142445285,100.50118723362728
1.0,1.0,0.31622776601683794,85.54944526770758,100.56234132519035
1.0,1.2589254117941675,0.31622776601683794,84.51530864359836,100.6309573444802
1.0,1.584893192461114,0.31622776601683794,83.37048024245014,100.70794578438414
1.0,1.9952623149688797,0.31622776601683794,82.10523916600513,100.79432823472428
1.0,2.511886431509581,0.31622776601683794,80.70956650009455,100.89125093813374
1.0,3.1622776601683795,0.31622776601683794,79.17330168104837,101.0
1.0,3.981071705534973,0.31622776601683794,77.48635302707304,101.12201845430195
1.0,5.011872336272725,0.31622776601683794,75.63897240342472,101.25892541179417
1.0,6.309573444801933,0.31622776601683794,73.6221039924823,101.41253754462275
1.0,7.943282347242818,0.31622776601683794,71.42781616403201,101.58489319246112
1.0,10.0,0.31622776601683794,69.04982297419556,101.77827941003892
1.0,12.589254117941675,0.31622776601683794,66.48409721355135,101.99526231496888
1.0,15.848931924611142,0.31622776601683794,63.72956941296563,102.23872113856834
1.0,19.952623149688808,0.31622776601683794,60.78889600430784,102.51188643150957
1.0,25.11886431509582,0.31622776601683794,57.669264272862904,102.81838293126445
1.0,31.622776601683793,0.31622776601683794,54.38318164449209,103.16227766016837
1.0,39.810717055349734,0.31622776601683794,50.94917300483822,103.54813389233576
1.0,50.11872336272725,0.31622776601683794,47.39228457166124,103.98107170553499
1.0,63.095734448019364,0.31622776601683794,43.74427112692387,104.46683592150963
1.0,79.43282347242821,0.31622776601683794,40.043332793711,105.01187233627272
1.0,100.0,0.31622776601683794,36.33327810427399,105.6234132519035
1.0,125.89254117941675,0.31622776601683794,32.66203238343783,106.30957344480193
1.0,158.48931924611142,0.31622776601683794,29.07949119192833,107.07945784384138
1.0,199.52623149688807,0.31622776601683794,25.634834537996415,107.94328234724281
1.0,251.18864315095823,0.31622776601683794,22.373549967875213,108.91250938133746
1.0,316.22776601683796,0.31622776601683794,19.334526196246536,109.99999999999997
1.0,398.1071705534973,0.31622776601683794,16.547630264021873,111.22018454301964
1.0,501.18723362727246,0.31622776601683794,14.032136879076036,112.58925411794168
1.0,630.9573444801937,0.31622776601683794,11.796235306502961,114.12537544622755
1.0,794.3282347242822,0.31622776601683794,9.83763288491552,115.84893192461114
1.0,1000.0,0.31622776601683794,8.145068575366004,117.78279410038925
1.0,0.1,0.3981071705534973,90.96611245818262,100.19952623149689
1.0,0.12589254117941673,0.3981071705534973,90.6161979368273,100.22387211385683
1.0,0.15848931924611134,0.3981071705534973,90.22522883738208,100.25118864315095
1.0,0.19952623149688797,0.3981071705534973,89.78861352589549,100.28183829312644
1.0,0.251188643150958,0.3981071705534973,89.30130530173558,100.31622776601684
1.0,0.31622776601683794,0.3981071705534973,88.7577728852095,100.35481338923357
1.0,0.3981071705534973,0.3981071705534973,88.15197353754812,100.3981071705535
1.0,0.5011872336272724,0.3981071705534973,87.47733054306858,100.44668359215096
1.0,0.6309573444801934,0.3981071705534973,86.72671727568087,100.50118723362726
1.0,0.7943282347242815,0.3981071705534973,85.89245066365167,100.56234132519035
1.0,1.0,0.3981071705534973,84.96629756681082,100.6309573444802
1.0,1.2589254117941675,0.3981071705534973,83.93949839368312,100.70794578438414
1.0,1.584893192461114,0.3981071705534973,82.80281320845867,100.79432823472428
1.0,1.9952623149688797,0.3981071705534973,81.54659659147477,100.89125093813375
1.0,2.511886431509581,0.3981071705534973,80.16090858241665,101.0
1.0,3.1622776601683795,0.3981071705534973,78.6356700806553,101.12201845430197
1.0,3.981071705534973,0.3981071705534973,76.96087198307434,101.25892541179417
1.0,5.011872336272725,0.3981071705534973,75.12684792246337,101.41253754462275
1.0,6.309573444801933,0.3981071705534973,73.12462045870454,101.58489319246111
1.0,7.943282347242818,0.3981071705534973,70.94632959098989,101.77827941003892
1.0,10.0,0.3981071705534973,68.58574999419763,101.99526231496888
1.0,12.589254117941675,0.3981071705534973,66.03889879395693,102.23872113856834
1.0,15.848931924611142,0.3981071705534973,63.30472823031586,102.51188643150958
1.0,19.952623149688808,0.3981071705534973,60.385886438021394,102.81838293126444
1.0,25.11886431509582,0.3981071705534973,57.28951415881703,103.16227766016837
1.0,31.622776601683793,0.3981071705534973,54.02802532927518,103.54813389233576
1.0,39.810717055349734,0.3981071705534973,50.61979594674679,103.98107170553497
1.0,50.11872336272725,0.3981071705534973,47.08966081796741,104.46683592150963
1.0,63.095734448019364,0.3981071705534973,43.46909648708654,105.01187233627272
1.0,79.43282347242821,0.3981071705534973,39.7959583545862,105.62341325190351
1.0,100.0,0.3981071705534973,36.113650661293775,106.30957344480193
1.0,125.89254117941675,0.3981071705534973,32.46964994253325,107.07945784384138
1.0,158.48931924611142,0.3981071705534973,28.913382284011394,107.94328234724281
1.0,199.52623149688807,0.3981071705534973,25.49356897820774,108.91250938133746
1.0,251.18864315095823,0.3981071705534973,22.25528542100718,110.0
1.0,316.22776601683796,0.3981071705534973,19.237089626626734,111.22018454301966
1.0,398.1071705534973,0.3981071705534973,16.46862706490624,112.58925411794168
1.0,501.18723362727246,0.3981071705534973,13.969074934217234,114.12537544622755
1.0,630.9573444801937,0.3981071705534973,11.74664828208206,115.84893192461114
1.0,794.3282347242822,0.3981071705534973,9.799187770028775,117.78279410038924
1.0,1000.0,0.3981071705534973,8.115646621387016,119.9526231496888
1.0,0.1,0.5011872336272724,90.26931042045007,100.22387211385683
1.0,0.12589254117941673,0.5011872336272724,89.92214311045632,100.25118864315095
1.0,0.15848931924611134,0.5011872336272724,89.53424626563525,100.28183829312644
1.0,0.19952623149688797,0.5011872336272724,89.10106528803202,100.31622776601684
1.0,0.251188643150958,0.5011872336272724,88.61759435577846,100.35481338923357
1.0,0.31622776601683794,0.5011872336272724,88.07834720616589,100.3981071705535
1.0,0.3981071705534973,0.5011872336272724,87.47733054306858,100.44668359215096
1.0,0.5011872336272724,0.5011872336272724,86.80802178657505,100.50118723362728
1.0,0.6309573444801934,0.5011872336272724,86.06335337096502,100.56234132519035
1.0,0.7943282347242815,0.5011872336272724,85.23570638378902,100.6309573444802
1.0,1.0,0.5011872336272724,84.31691703269364,100.70794578438414
1.0,1.2589254117941675,0.5011872336272724,83.29830023206314,100.79432823472428
1.0,1.584893192461114,0.5011872336272724,82.17069551442415,100.89125093813374
1.0,1.9952623149688797,0.5011872336272724,80.92454147390687,101.0
1.0,2.511886431509581,0.5011872336272724,79.54998600127098,101.12201845430197
1.0,3.1622776601683795,0.5011872336272724,78.0370406001424,101.25892541179417
1.0,3.981071705534973,0.5011872336272724,76.37578796374511,101.41253754462275
1.0,5.011872336272725,0.5011872336272724,74.55665255776518,101.58489319246111
1.0,6.309573444801933,0.5011872336272724,72.5707439298004,101.77827941003892
1.0,7.943282347242818,0.5011872336272724,70.41028147312541,101.99526231496888
1.0,10.0,0.5011872336272724,68.06910690989267,102.23872113856834
1.0,12.589254117941675,0.5011872336272724,65.54328619241912,102.51188643150958
1.0,15.848931924611142,0.5011872336272724,62.831795110135374,102.81838293126447
1.0,19.952623149688808,0.5011872336272724,59.93727186816815,103.16227766016839
1.0,25.11886431509582,0.5011872336272724,56.8668046559008,103.54813389233576
1.0,31.622776601683793,0.5011872336272724,53.632702598819385,103.98107170553497
1.0,39.810717055349734,0.5011872336272724,50.253175284011114,104.46683592150963
1.0,50.11872336272725,0.5011872336272724,46.75282166941955,105.01187233627272
1.0,63.095734448019364,0.5011872336272724,43.16280832631228,105.62341325190349
1.0,79.43282347242821,0.5011872336272724,39.52060704543695,106.30957344480193
1.0,100.0,0.5011872336272724,35.86917260407686,107.0794578438414
1.0,125.89254117941675,0.5011872336272724,32.25548302879493,107.94328234724283
1.0,158.48931924611142,0.5011872336272724,28.72844330925266,108.91250938133746
1.0,199.52623149688807,0.5011872336272724,25.336265909499065,110.0
1.0,251.18864315095823,0.5011872336272724,22.123569284555597,111.22018454301964
1.0,316.22776601683796,0.5011872336272724,19.12854494230053,112.58925411794169
1.0,398.1071705534973,0.5011872336272724,16.380592830682268,114.12537544622754
1.0,501.18723362727246,0.5011872336272724,13.898782068180802,115.84893192461114
1.0,630.9573444801937,0.5011872336272724,11.691356188006967,117.78279410038924
1.0,794.3282347242822,0.5011872336272724,9.756303492606744,119.9526231496888
1.0,1000.0,0.5011872336272724,8.082814608368414,122.3872113856834
1.0,0.1,0.6309573444801934,89.49399939550409,100.25118864315095
1.0,0.12589254117941673,0.6309573444801934,89.14989422658016,100.28183829312644
1.0,0.15848931924611134,0.6309573444801934,88.76542176513065,100.31622776601684
1.0,0.19952623149688797,0.6309573444801934,88.33606867166448,100.35481338923357
1.0,0.251188643150958,0.6309573444801934,87.85687465948723,100.39810717055349
1.0,0.31622776601683794,0.6309573444801934,87.32240360544027,100.44668359215096
1.0,0.3981071705534973,0.6309573444801934,86.72671727568087,100.50118723362726
1.0,0.5011872336272724,0.6309573444801934,86.06335337096502,100.56234132519035
1.0,0.6309573444801934,0.6309573444801934,85.32531007962494,100.6309573444802
1.0,0.7943282347242815,0.6309573444801934,84.50503990733606,100.70794578438414
1.0,1.0,0.6309573444801934,83.59445623953118,100.79432823472428
1.0,1.2589254117941675,0.6309573444801934,82.58495688899204,100.89125093813374
1.0,1.584893192461114,0.6309573444801934,81.46746978339019,101.0
1.0,1.9952623149688797,0.6309573444801934,80.23252693722559,101.12201845430197
1.0,2.511886431509581,0.6309573444801934,78.87037389005351,101.25892541179417
1.0,3.1622776601683795,0.6309573444801934,77.37112280635209,101.41253754462275
1.0,3.981071705534973,0.6309573444801934,75.72495830404404,101.58489319246112
1.0,5.011872336272725,0.6309573444801934,73.92240562706439,101.77827941003892
1.0,6.309573444801933,0.6309573444801934,71.95467073658547,101.99526231496887
1.0,7.943282347242818,0.6309573444801934,69.81406089356481,102.23872113856834
1.0,10.0,0.6309573444801934,67.4944918461037,102.51188643150958
1.0,12.589254117941675,0.6309573444801934,64.992083194059,102.81838293126445
1.0,15.848931924611142,0.6309573444801934,62.305836152749556,103.16227766016837
1.0,19.952623149688808,0.6309573444801934,59.43837702843307,103.54813389233576
1.0,25.11886431509582,0.6309573444801934,56.39673465465786,103.98107170553497
1.0,31.622776601683793,0.6309573444801934,53.19310068786771,104.46683592150963
1.0,39.810717055349734,0.6309573444801934,49.84549883188351,105.01187233627272
1.0,50.11872336272725,0.6309573444801934,46.37826514123961,105.62341325190349
1.0,63.095734448019364,0.6309573444801934,42.8222211829953,106.30957344480194
1.0,79.43282347242821,0.6309573444801934,39.21441231522557,107.07945784384138
1.0,100.0,0.6309573444801934,35.597294211761245,107.94328234724281
1.0,125.89254117941675,0.6309573444801934,32.017291854741586,108.91250938133746
1.0,158.48931924611142,0.6309573444801934,28.522732607885178,110.0
1.0,199.52623149688807,0.6309573444801934,25.16126530363539,111.22018454301964
1.0,251.18864315095823,0.6309573444801934,21.977002524943124,112.58925411794169
1.0,316.22776601683796,0.6309573444801934,19.007730182796926,114.12537544622754
1.0,398.1071705534973,0.6309573444801934,16.282576556034183,115.84893192461114
1.0,501.18723362727246,0.6309573444801934,13.820491123821093,117.78279410038925
1.0,630.9573444801937,0.6309573444801934,11.629748813731672,119.95262314968882
1.0,794.3282347242822,0.6309573444801934,9.70850114922622,122.38721138568341
1.0,1000.0,0.6309573444801934,8.046201387579773,125.1188643150958
1.0,0.1,0.7943282347242815,88.63222901374286,100.28183829312644
1.0,0.12589254117941673,0.7943282347242815,88.29153412174435,100.31622776601684
1.0,0.15848931924611134,0.7943282347242815,87.91087528490914,100.35481338923357
1.0,0.19952623149688797,0.7943282347242815,87.48578508401316,100.3981071705535
1.0,0.251188643150958,0.7943282347242815,87.01135390737488,100.44668359215096
1.0,0.31622776601683794,0.7943282347242815,86.48220142445285,100.50118723362728
1.0,0.3981071705534973,0.7943282347242815,85.89245066365167,100.56234132519035
1.0,0.5011872336272724,0.7943282347242815,85.23570638378902,100.6309573444802
1.0,0.6309573444801934,0.7943282347242815,84.50503990733606,100.70794578438414
1.0,0.7943282347242815,0.7943282347242815,83.6929831580687,100.79432823472428
1.0,1.0,0.7943282347242815,82.79153532460582,100.89125093813374
1.0,1.2589254117941675,0.7943282347242815,81.79218635823528,101.0
1.0,1.584893192461114,0.7943282347242815,80.68596240386645,101.12201845430197
1.0,1.9952623149688797,0.7943282347242815,79.46349923856366,101.25892541179417
1.0,2.511886431509581,0.7943282347242815,78.11515081320564,101.41253754462275
1.0,3.1622776601683795,0.7943282347242815,76.63114098785971,101.58489319246111
1.0,3.981071705534973,0.7943282347242815,75.00176740333468,101.77827941003892
1.0,5.011872336272725,0.7943282347242815,73.21766696007568,101.99526231496888
1.0,6.309573444801933,0.7943282347242815,71.27015231789002,102.23872113856834
1.0,7.943282347242818,0.7943282347242815,69.15162781840705,102.51188643150958
1.0,10.0,0.7943282347242815,66.85609077761747,102.81838293126445
1.0,12.589254117941675,0.7943282347242815,64.3797195840406,103.16227766016837
1.0,15.848931924611142,0.7943282347242815,61.72154275577521,103.54813389233576
1.0,19.952623149688808,0.7943282347242815,58.88417232651714,103.98107170553496
1.0,25.11886431509582,0.7943282347242815,55.87457007219214,104.46683592150963
1.0,31.622776601683793,0.7943282347242815,52.70479604353401,105.01187233627272
1.0,39.810717055349734,0.7943282347242815,49.39266645468834,105.6234132519035
1.0,50.11872336272725,0.7943282347242815,45.962224564960934,106.30957344480194
1.0,63.095734448019364,0.7943282347242815,42.44390835651109,107.0794578438414
1.0,79.43282347242821,0.7943282347242815,38.874289718952674,107.94328234724281
1.0,100.0,0.7943282347242815,35.29527082601698,108.91250938133746
1.0,125.89254117941675,0.7943282347242815,31.752663976614993,110.0
1.0,158.48931924611142,0.7943282347242815,28.29415719969166,111.22018454301966
1.0,199.52623149688807,0.7943282347242815,24.966775961873324,112.58925411794168
1.0,251.18864315095823,0.7943282347242815,21.8140737008896,114.12537544622757
1.0,316.22776601683796,0.7943282347242815,18.873388199655675,115.84893192461112
1.0,398.1071705534973,0.7943282347242815,16.173547616474345,117.78279410038922
1.0,501.18723362727246,0.7943282347242815,13.733369183894323,119.95262314968879
1.0,630.9573444801937,0.7943282347242815,11.561162327682919,122.38721138568339
1.0,794.3282347242822,0.7943282347242815,9.655258671310147,125.1188643150958
1.0,1000.0,0.7943282347242815,8.005401498246846,128.18382931264455
1.0,0.1,1.0,87.67547707676545,100.31622776601684
1.0,0.12589254117941673,1.0,87.33857651952151,100.35481338923357
1.0,0.15848931924611134,1.0,86.96216069215563,100.3981071705535
1.0,0.19952623149688797,1.0,86.54181323123565,100.44668359215096
1.0,0.251188643150958,1.0,86.07268086091698,100.50118723362726
1.0,0.31622776601683794,1.0,85.54944526770758,100.56234132519035
1.0,0.3981071705534973,1.0,84.96629756681082,100.6309573444802
1.0,0.5011872336272724,1.0,84.31691703269364,100.70794578438414
1.0,0.6309573444801934,1.0,83.59445623953118,100.79432823472428
1.0,0.7943282347242815,1.0,82.79153532460582,100.89125093813374
1.0,1.0,1.0,81.9002487577582,101.0
1.0,1.2589254117941675,1.0,80.91218877608891,101.12201845430197
1.0,1.584893192461114,1.0,79.81849052044649,101.25892541179417
1.0,1.9952623149688797,1.0,78.60990487028506,101.41253754462275
1.0,2.511886431509581,1.0,77.27690597649396,101.58489319246111
1.0,3.1622776601683795,1.0,75.80984146654563,101.77827941003892
1.0,3.981071705534973,1.0,74.19913412646333,101.99526231496888
1.0,5.011872336272725,1.0,72.43554437133702,102.23872113856834
1.0,6.309573444801933,1.0,70.51050274023221,102.51188643150958
1.0,7.943282347242818,1.0,68.41652062980673,102.81838293126445
1.0,10.0,1.0,66.14768503251254,103.16227766016837
1.0,12.589254117941675,1.0,63.70023856714311,103.54813389233576
1.0,15.848931924611142,1.0,61.07323888436194,103.98107170553497
1.0,19.952623149688808,1.0,58.26928088776098,104.46683592150964
1.0,25.11886431509582,1.0,55.29525058094308,105.01187233627272
1.0,31.622776601683793,1.0,52.16306064206294,105.62341325190349
1.0,39.810717055349734,1.0,48.89029586803091,106.30957344480194
1.0,50.11872336272725,1.0,45.500673773531446,107.07945784384138
1.0,63.095734448019364,1.0,42.0242063797821,107.94328234724281
1.0,79.43282347242821,1.0,38.49694059797071,108.91250938133746
1.0,100.0,1.0,34.960165684353406,110.0
1.0,125.89254117941675,1.0,31.459016259486212,111.22018454301963
1.0,158.48931924611142,1.0,28.040473899567857,112.58925411794166
1.0,199.52623149688807,1.0,24.750875841789192,114.12537544622755
1.0,251.18864315095823,1.0,21.633158601538373,115.84893192461114
1.0,316.22776601683796,1.0,18.724165736735806,117.78279410038922
1.0,398.1071705534973,1.0,16.052394439797812,119.9526231496888
1.0,501.18723362727246,1.0,13.636515985760106,122.3872113856834
1.0,630.9573444801937,1.0,11.484877576131003,125.11886431509582
1.0,794.3282347242822,1.0,9.596009126762288,128.18382931264458
1.0,1000.0,1.0,7.959973561786006,131.6227766016838
1.0,0.1,1.2589254117941675,86.61467325500048,100.35481338923357
1.0,0.12589254117941673,1.2589254117941675,86.28198972220605,100.3981071705535
1.0,0.15848931924611134,1.2589254117941675,85.9102894559005,100.44668359215096
1.0,0.19952623149688797,1.2589254117941675,85.4952127914965,100.50118723362728
1.0,0.251188643150958,1.2589254117941675,85.03196900762624,100.56234132519035
1.0,0.31622776601683794,1.2589254117941675,84.51530864359836,100.6309573444802
1.0,0.3981071705534973,1.2589254117941675,83.93949839368312,100.70794578438414
1.0,0.5011872336272724,1.2589254117941675,83.29830023206314,100.79432823472428
1.0,0.6309573444801934,1.2589254117941675,82.58495688899204,100.89125093813374
1.0,0.7943282347242815,1.2589254117941675,81.79218635823528,101.0
1.0,1.0,1.2589254117941675,80.91218877608891,101.12201845430197
1.0,1.2589254117941675,1.2589254117941675,79.93666977636427,101.25892541179417
1.0,1.584893192461114,1.2589254117941675,78.85688528855327,101.41253754462275
1.0,1.9952623149688797,1.2589254117941675,77.66371368922492,101.58489319246112
1.0,2.511886431509581,1.2589254117941675,76.34776219979197,101.77827941003892
1.0,3.1622776601683795,1.2589254117941675,74.89951537621245,101.99526231496888
1.0,3.981071705534973,1.2589254117941675,73.30953434257025,102.23872113856834
1.0,5.011872336272725,1.2589254117941675,71.56871590436646,102.51188643150958
1.0,6.309573444801933,1.2589254117941675,69.6686205819605,102.81838293126445
1.0,7.943282347242818,1.2589254117941675,67.6018775729761,103.16227766016839
1.0,10.0,1.2589254117941675,65.36267221205522,103.54813389233576
1.0,12.589254117941675,1.2589254117941675,62.947317057041914,103.98107170553497
1.0,15.848931924611142,1.2589254117941675,60.354900612718964,104.46683592150963
1.0,19.952623149688808,1.2589254117941675,57.58799721899718,105.01187233627272
1.0,25.11886431509582,1.2589254117941675,54.65340725431047,105.6234132519035
1.0,31.622776601683793,1.2589254117941675,51.56287846888006,106.30957344480194
1.0,39.810717055349734,1.2589254117941675,48.333737804993056,107.07945784384137
1.0,50.11872336272725,1.2589254117941675,44.98934081250771,107.94328234724281
1.0,63.095734448019364,1.2589254117941675,41.559227151604034,108.91250938133747
1.0,79.43282347242821,1.2589254117941675,38.078862538511196,110.0
1.0,100.0,1.2589254117941675,34.588858650862,111.22018454301963
1.0,125.89254117941675,1.2589254117941675,31.133601877811387,112.58925411794168
1.0,158.48931924611142,1.2589254117941675,27.759294644222273,114.12537544622754
1.0,199.52623149688807,1.2589254117941675,24.511515826794305,115.84893192461115
1.0,251.18864315095823,1.2589254117941675,21.432522630479276,117.78279410038925
1.0,316.22776601683796,1.2589254117941675,18.558614643111845,119.95262314968878
1.0,398.1071705534973,1.2589254117941675,15.917924787024983,122.38721138568339
1.0,501.18723362727246,1.2589254117941675,13.52896351387607,125.1188643150958
1.0,630.9573444801937,1.2589254117941675,11.40011921556159,128.18382931264458
1.0,794.3282347242822,1.2589254117941675,9.530139590020706,131.6227766016838
1.0,1000.0,1.2589254117941675,7.909439047627517,135.48133892335755
1.0,0.1,1.584893192461114,85.44024595316559,100.3981071705535
1.0,0.12589254117941673,1.584893192461114,85.11224338697038,100.44668359215096
1.0,0.15848931924611134,1.584893192461114,84.74577732171697,100.50118723362728
1.0,0.19952623149688797,1.584893192461114,84.33655097426478,100.56234132519035
1.0,0.251188643150958,1.584893192461114,83.87984298893454,100.6309573444802
1.0,0.31622776601683794,1.584893192461114,83.37048024245014,100.70794578438414
1.0,0.3981071705534973,1.584893192461114,82.80281320845867,100.79432823472428
1.0,0.5011872336272724,1.584893192461114,82.17069551442415,100.89125093813374
1.0,0.6309573444801934,1.584893192461114,81.46746978339019,101.0
1.0,0.7943282347242815,1.584893192461114,80.68596240386645,101.12201845430197
1.0,1.0,1.584893192461114,79.81849052044649,101.25892541179417
1.0,1.2589254117941675,1.584893192461114,78.85688528855327,101.41253754462275
1.0,1.584893192461114,1.584893192461114,77.79253628349312,101.58489319246112
1.0,1.9952623149688797,1.584893192461114,76.61646287784336,101.77827941003892
1.0,2.511886431509581,1.584893192461114,75.31941936235863,101.99526231496888
1.0,3.1622776601683795,1.584893192461114,73.89204151353496,102.23872113856834
1.0,3.981071705534973,1.584893192461114,72.32504309141233,102.51188643150958
1.0,5.011872336272725,1.584893192461114,70.6094712098285,102.81838293126445
1.0,6.309573444801933,1.584893192461114,68.73702940518184,103.16227766016837
1.0,7.943282347242818,1.584893192461114,66.7004761881165,103.54813389233576
1.0,10.0,1.584893192461114,64.49410443245786,103.98107170553497
1.0,12.589254117941675,1.584893192461114,62.11430256119138,104.46683592150963
1.0,15.848931924611142,1.584893192461114,59.560191469746556,105.01187233627272
1.0,19.952623149688808,1.584893192461114,56.83432081908239,105.62341325190349
1.0,25.11886431509582,1.584893192461114,53.943394236760334,106.30957344480194
1.0,31.622776601683793,1.584893192461114,50.89897503967693,107.0794578438414
1.0,39.810717055349734,1.584893192461114,47.718103185102464,107.94328234724281
1.0,50.11872336272725,1.584893192461114,44.42373257073646,108.91250938133746
1.0,63.095734448019364,1.584893192461114,41.04487987356881,110.00000000000003
1.0,79.43282347242821,1.584893192461114,37.61636850532922,111.22018454301964
1.0,100.0,1.584893192461114,34.17806249815546,112.58925411794166
1.0,125.89254117941675,1.584893192461114,30.773523771128016,114.12537544622755
1.0,158.48931924611142,1.584893192461114,27.44809722881607,115.84893192461115
1.0,199.52623149688807,1.584893192461114,24.246527933063497,117.78279410038922
1.0,251.18864315095823,1.584893192461114,21.210326745992994,119.9526231496888
1.0,316.22776601683796,1.584893192461114,18.375195866071753,122.3872113856834
1.0,398.1071705534973,1.584893192461114,15.768868149993043,125.1188643150958
1.0,501.18723362727246,1.584893192461114,13.409677159188885,128.18382931264455
1.0,630.9573444801937,1.584893192461114,11.306055970812904,131.62277660168382
1.0,794.3282347242822,1.584893192461114,9.456990795365927,135.48133892335758
1.0,1000.0,1.584893192461114,7.853281565132674,139.81071705534973
1.0,0.1,1.9952623149688797,84.14219884124952,100.44668359215096
1.0,0.12589254117941673,1.9952623149688797,83.819384855181,100.50118723362726
1.0,0.15848931924611134,1.9952623149688797,83.45872041368308,100.56234132519035
1.0,0.19952623149688797,1.9952623149688797,83.0559783658453,100.6309573444802
1.0,0.251188643150958,1.9952623149688797,82.60651415636215,100.70794578438414
1.0,0.31622776601683794,1.9952623149688797,82.10523916600513,100.79432823472428
1.0,0.3981071705534973,1.9952623149688797,81.54659659147477,100.89125093813375
1.0,0.5011872336272724,1.9952623149688797,80.92454147390687,101.0
1.0,0.6309573444801934,1.9952623149688797,80.23252693722559,101.12201845430197
1.0,0.7943282347242815,1.9952623149688797,79.46349923856366,101.25892541179417
1.0,1.0,1.9952623149688797,78.60990487028506,101.41253754462275
1.0,1.2589254117941675,1.9952623149688797,77.66371368922492,101.58489319246112
1.0,1.584893192461114,1.9952623149688797,76.61646287784336,101.77827941003892
1.0,1.9952623149688797,1.9952623149688797,75.4593274449318,101.99526231496888
1.0,2.511886431509581,1.9952623149688797,74.18322391060342,102.23872113856834
1.0,3.1622776601683795,1.9952623149688797,72.77895472150827,102.51188643150958
1.0,3.981071705534973,1.9952623149688797,71.23740169446523,102.81838293126447
1.0,5.011872336272725,1.9952623149688797,69.54977721814429,103.16227766016837
1.0,6.309573444801933,1.9952623149688797,67.70794180436722,103.54813389233576
1.0,7.943282347242818,1.9952623149688797,65.70479552928118,103.98107170553497
1.0,10.0,1.9952623149688797,63.534748487826654,104.46683592150964
1.0,12.589254117941675,1.9952623149688797,61.19427104202131,105.01187233627272
1.0,15.848931924611142,1.9952623149688797,58.68251773513899,105.62341325190349
1.0,19.952623149688808,1.9952623149688797,56.002008633082085,106.30957344480194
1.0,25.11886431509582,1.9952623149688797,53.15933807217849,107.07945784384138
1.0,31.622776601683793,1.9952623149688797,50.165863321164956,107.94328234724281
1.0,39.810717055349734,1.9952623149688797,47.038305360237175,108.91250938133746
1.0,50.11872336272725,1.9952623149688797,43.799173114174565,110.0
1.0,63.095734448019364,1.9952623149688797,40.47690528264297,111.22018454301966
1.0,79.43282347242821,1.9952623149688797,37.10561685132386,112.58925411794168
1.0,100.0,1.9952623149688797,33.72434865832233,114.12537544622755
1.0,125.89254117941675,1.9952623149688797,30.375756201599895,115.84893192461115
1.0,158.48931924611142,1.9952623149688797,27.10424284550269,117.78279410038925
1.0,199.52623149688807,1.9952623149688797,23.95363911122954,119.9526231496888
1.0,251.18864315095823,1.9952623149688797,20.964637903275896,122.3872113856834
1.0,316.22776601683796,1.9952623149688797,18.172286983198568,125.1188643150958
1.0,398.1071705534973,1.9952623149688797,15.603880863312558,128.18382931264455
1.0,501.18723362727246,1.9952623149688797,13.277558907028302,131.6227766016838
1.0,630.9573444801937,1.9952623149688797,11.201802368361824,135.48133892335755
1.0,794.3282347242822,1.9952623149688797,9.375857832532459,139.81071705534973
1.0,1000.0,1.9952623149688797,7.790946869697232,144.6683592150963
1.0,0.1,2.511886431509581,82.71022467023825,100.50118723362728
1.0,0.12589254117941673,2.511886431509581,82.39315261810495,100.56234132519035
1.0,0.15848931924611134,2.511886431509581,82.03890830659839,100.6309573444802
1.0,0.19952623149688797,2.511886431509581,81.6433415591676,100.70794578438414
1.0,0.251188643150958,2.511886431509581,81.20189270377517,100.79432823472428
1.0,0.31622776601683794,2.511886431509581,80.70956650009455,100.89125093813374
1.0,0.3981071705534973,2.511886431509581,80.16090858241665,101.0
1.0,0.5011872336272724,2.511886431509581,79.54998600127098,101.12201845430197
1.0,0.6309573444801934,2.511886431509581,78.87037389005351,101.25892541179417
1.0,0.7943282347242815,2.511886431509581,78.11515081320564,101.41253754462275
1.0,1.0,2.511886431509581,77.27690597649396,101.58489319246111
1.0,1.2589254117941675,2.511886431509581,76.34776219979197,101.77827941003892
1.0,1.584893192461114,2.511886431509581,75.31941936235863,101.99526231496888
1.0,1.9952623149688797,2.511886431509581,74.18322391060342,102.23872113856834
1.0,2.511886431509581,2.511886431509581,72.93027092909117,102.51188643150958
1.0,3.1622776601683795,2.511886431509581,71.55154614762094,102.81838293126447
1.0,3.981071705534973,2.511886431509581,70.03811597896411,103.16227766016837
1.0,5.011872336272725,2.511886431509581,68.38137408418739,103.54813389233576
1.0,6.309573444801933,2.511886431509581,66.57335280152064,103.98107170553497
1.0,7.943282347242818,2.511886431509581,64.6071067144729,104.46683592150963
1.0,10.0,2.511886431509581,62.477173234878045,105.01187233627272
1.0,12.589254117941675,2.511886431509581,60.18011079321097,105.62341325190349
1.0,15.848931924611142,2.511886431509581,57.71510844533565,106.30957344480194
1.0,19.952623149688808,2.511886431509581,55.084650813615426,107.07945784384138
1.0,25.11886431509582,2.511886431509581,52.29520884339172,107.94328234724281
1.0,31.622776601683793,2.511886431509581,49.35790988162002,108.91250938133746
1.0,39.810717055349734,2.511886431509581,46.28912093587055,110.0
1.0,50.11872336272725,2.511886431509581,43.11085888466103,111.22018454301964
1.0,63.095734448019364,2.511886431509581,39.85092500443905,112.58925411794168
1.0,79.43282347242821,2.511886431509581,36.54265469634541,114.12537544622754
1.0,100.0,2.511886431509581,33.22418461452016,115.84893192461112
1.0,125.89254117941675,2.511886431509581,29.9371762787846,117.78279410038922
1.0,158.48931924611142,2.511886431509581,26.725002002883276,119.95262314968882
1.0,199.52623149688807,2.511886431509581,23.630491959095654,122.3872113856834
1.0,251.18864315095823,2.511886431509581,20.69344507836656,125.11886431509583
1.0,316.22776601683796,2.511886431509581,17.948194144458608,128.18382931264452
1.0,398.1071705534973,2.511886431509581,15.421554620936172,131.6227766016838
1.0,501.18723362727246,2.511886431509581,13.131453090592968,135.48133892335755
1.0,630.9573444801937,2.511886431509581,11.086422354761215,139.81071705534976
1.0,794.3282347242822,2.511886431509581,9.28599219149719,144.66835921509636
1.0,1000.0,2.511886431509581,7.721843808140539,150.11872336272722
1.0,0.1,3.1622776601683795,81.13386510070883,100.56234132519035
1.0,0.12589254117941673,3.1622776601683795,80.82313560314886,100.6309573444802
1.0,0.15848931924611134,3.1622776601683795,80.47598270345637,100.70794578438414
1.0,0.19952623149688797,3.1622776601683795,80.08834114795297,100.79432823472428
1.0,0.251188643150958,3.1622776601683795,79.65574489459928,100.89125093813374
1.0,0.31622776601683794,3.1622776601683795,79.17330168104837,101.0
1.0,0.3981071705534973,3.1622776601683795,78.6356700806553,101.12201845430197
1.0,0.5011872336272724,3.1622776601683795,78.0370406001424,101.25892541179417
1.0,0.6309573444801934,3.1622776601683795,77.37112280635209,101.41253754462275
1.0,0.7943282347242815,3.1622776601683795,76.63114098785971,101.58489319246111
1.0,1.0,3.1622776601683795,75.80984146654563,101.77827941003892
1.0,1.2589254117941675,3.1622776601683795,74.89951537621245,101.99526231496888
1.0,1.584893192461114,3.1622776601683795,73.89204151353496,102.23872113856834
1.0,1.9952623149688797,3.1622776601683795,72.77895472150827,102.51188643150958
1.0,2.511886431509581,3.1622776601683795,71.55154614762094,102.81838293126447
1.0,3.1622776601683795,3.1622776601683795,70.20100255946684,103.16227766016837
1.0,3.981071705534973,3.1622776601683795,68.7185925894299,103.54813389233576
1.0,5.011872336272725,3.1622776601683795,67.09590815148178,103.98107170553497
1.0,6.309573444801933,3.1622776601683795,65.32516908851629,104.46683592150963
1.0,7.943282347242818,3.1622776601683795,63.399598040632135,105.01187233627272
1.0,10.0,3.1622776601683795,61.31387014590546,105.62341325190349
1.0,12.589254117941675,3.1622776601683795,59.06463797050291,106.30957344480194
1.0,15.848931924611142,3.1622776601683795,56.65112542287982,107.07945784384138
1.0,19.952623149688808,3.1622776601683795,54.0757747597822,107.94328234724281
1.0,25.11886431509582,3.1622776601683795,51.34491773533292,108.91250938133746
1.0,31.622776601683793,3.1622776601683795,48.4694255142021,110.0
1.0,39.810717055349734,3.1622776601683795,45.46527303369045,111.22018454301963
1.0,50.11872336272725,3.1622776601683795,42.35393425010184,112.58925411794166
1.0,63.095734448019364,3.1622776601683795,39.16250913684442,114.12537544622754
1.0,79.43282347242821,3.1622776601683795,35.92347741651894,115.84893192461115
1.0,100.0,3.1622776601683795,32.673985320278256,117.78279410038922
1.0,125.89254117941675,3.1622776601683795,29.454607503665446,119.9526231496888
1.0,158.48931924611142,3.1622776601683795,26.307590566960137,122.3872113856834
1.0,199.52623149688807,3.1622776601683795,23.274673801321374,125.1188643150958
1.0,251.18864315095823,3.1622776601683795,20.394682074018995,128.18382931264455
1.0,316.22776601683796,3.1622776601683795,17.70116939868043,131.6227766016838
1.0,398.1071705534973,3.1622776601683795,15.220429175638047,135.48133892335755
1.0,501.18723362727246,3.1622776601683795,12.970155321113154,139.81071705534976
1.0,630.9573444801937,3.1622776601683795,10.958935271406782,144.66835921509633
1.0,794.3282347242822,3.1622776601683795,9.186605512924206,150.11872336272725
1.0,1000.0,3.1622776601683795,7.645346467849933,156.23413251903486
1.0,0.1,3.981071705534973,79.40272624769754,100.6309573444802
1.0,0.12589254117941673,3.981071705534973,79.09898793131626,100.70794578438414
1.0,0.15848931924611134,3.981071705534973,78.75965130998787,100.79432823472428
1.0,0.19952623149688797,3.981071705534973,78.38074461137981,100.89125093813374
1.0,0.251188643150958,3.981071705534973,77.95790483685059,101.0
1.0,0.31622776601683794,3.981071705534973,77.48635302707304,101.12201845430195
1.0,0.3981071705534973,3.981071705534973,76.96087198307434,101.25892541179417
1.0,0.5011872336272724,3.981071705534973,76.37578796374511,101.41253754462275
1.0,0.6309573444801934,3.981071705534973,75.72495830404404,101.58489319246112
1.0,0.7943282347242815,3.981071705534973,75.00176740333468,101.77827941003892
1.0,1.0,3.981071705534973,74.19913412646333,101.99526231496888
1.0,1.2589254117941675,3.981071705534973,73.30953434257025,102.23872113856834
1.0,1.584893192461114,3.981071705534973,72.32504309141233,102.51188643150958
1.0,1.9952623149688797,3.981071705534973,71.23740169446523,102.81838293126447
1.0,2.511886431509581,3.981071705534973,70.03811597896411,103.16227766016837
1.0,3.1622776601683795,3.981071705534973,68.7185925894299,103.54813389233576
1.0,3.981071705534973,3.981071705534973,67.27032101501064,103.98107170553497
1.0,5.011872336272725,3.981071705534973,65.68510929975704,104.46683592150963
1.0,6.309573444801933,3.981071705534973,63.95538119425858,105.01187233627273
1.0,7.943282347242818,3.981071705534973,62.074541433060475,105.6234132519035
1.0,10.0,3.981071705534973,60.03741346980291,106.30957344480194
1.0,12.589254117941675,3.981071705534973,57.84074986636771,107.07945784384138
1.0,15.848931924611142,3.981071705534973,55.48380904881134,107.94328234724281
1.0,19.952623149688808,3.981071705534973,52.968982766795165,108.91250938133746
1.0,25.11886431509582,3.981071705534973,50.302445954891965,110.0
1.0,31.622776601683793,3.981071705534973,47.49478485655223,111.22018454301963
1.0,39.810717055349734,3.981071705534973,44.561541105039296,112.58925411794168
1.0,50.11872336272725,3.981071705534973,41.52359110253592,114.12537544622755
1.0,63.095734448019364,3.981071705534973,38.4072653545503,115.84893192461115
1.0,79.43282347242821,3.981071705534973,35.244107141744834,117.78279410038924
1.0,100.0,3.981071705534973,32.07018116991007,119.95262314968879
1.0,125.89254117941675,3.981071705534973,28.924877504467705,122.3872113856834
1.0,158.48931924611142,3.981071705534973,25.84921777222363,125.1188643150958
1.0,199.52623149688807,3.981071705534973,22.88375569015978,128.18382931264455
1.0,251.18864315095823,3.981071705534973,20.066258397451584,131.62277660168382
1.0,316.22776601683796,3.981071705534973,17.429434460656374,135.48133892335755
1.0,398.1071705534973,3.981071705534973,14.999010073673272,139.81071705534976
1.0,501.18723362727246,3.981071705534973,12.792425271509625,144.6683592150963
1.0,630.9573444801937,3.981071705534973,10.81832471394441,150.11872336272722
1.0,794.3282347242822,3.981071705534973,9.076875449146392,156.23413251903494
1.0,1000.0,3.981071705534973,7.560797834045599,163.09573444801933
1.0,0.1,5.011872336272725,77.50676029842086,100.70794578438414
1.0,0.12589254117941673,5.011872336272725,77.21070944079422,100.79432823472429
1.0,0.15848931924611134,5.011872336272725,76.87996713238326,100.89125093813374
1.0,0.19952623149688797,5.011872336272725,76.51066423864509,101.0
1.0,0.251188643150958,5.011872336272725,76.09855086992478,101.12201845430197
1.0,0.31622776601683794,5.011872336272725,75.63897240342472,101.25892541179417
1.0,0.3981071705534973,5.011872336272725,75.12684792246337,101.41253754462275
1.0,0.5011872336272724,5.011872336272725,74.55665255776518,101.58489319246111
1.0,0.6309573444801934,5.011872336272725,73.92240562706439,101.77827941003892
1.0,0.7943282347242815,5.011872336272725,73.21766696007568,101.99526231496888
1.0,1.0,5.011872336272725,72.43554437133702,102.23872113856834
1.0,1.2589254117941675,5.011872336272725,71.56871590436646,102.51188643150958
1.0,1.584893192461114,5.011872336272725,70.6094712098285,102.81838293126445
1.0,1.9952623149688797,5.011872336272725,69.54977721814429,103.16227766016837
1.0,2.511886431509581,5.011872336272725,68.38137408418739,103.54813389233576
1.0,3.1622776601683795,5.011872336272725,67.09590815148178,103.98107170553497
1.0,3.981071705534973,5.011872336272725,65.68510929975704,104.46683592150963
1.0,5.011872336272725,5.011872336272725,64.14102034443397,105.01187233627272
1.0,6.309573444801933,5.011872336272725,62.45628592384832,105.62341325190349
1.0,7.943282347242818,5.011872336272725,60.62450723247826,106.30957344480194
1.0,10.0,5.011872336272725,58.6406666386123,107.07945784384137
1.0,12.589254117941675,5.011872336272725,56.501622180058824,107.94328234724281
1.0,15.848931924611142,5.011872336272725,54.20666562587953,108.91250938133746
1.0,19.952623149688808,5.011872336272725,51.75812871578526,110.0
1.0,25.11886431509582,5.011872336272725,49.16201000821149,111.22018454301964
1.0,31.622776601683793,5.011872336272725,46.428579573369404,112.58925411794168
1.0,39.810717055349734,5.011872336272725,43.57290142822262,114.12537544622754
1.0,50.11872336272725,5.011872336272725,40.61519621006665,115.84893192461112
1.0,63.095734448019364,5.011872336272725,37.580952826242445,117.78279410038925
1.0,79.43282347242821,5.011872336272725,34.50069315759501,119.9526231496888
1.0,100.0,5.011872336272725,31.40930504435053,122.3872113856834
1.0,125.89254117941675,5.011872336272725,28.344892143990375,125.1188643150958
1.0,158.48931924611142,5.011872336272725,25.347148067529517,128.18382931264455
1.0,199.52623149688807,5.011872336272725,22.455342907059652,131.62277660168382
1.0,251.18864315095823,5.011872336272725,19.70609953470505,135.48133892335758
1.0,316.22776601683796,5.011872336272725,17.131212017056253,139.81071705534973
1.0,398.1071705534973,5.011872336272725,14.755792323267412,144.6683592150963
1.0,501.18723362727246,5.011872336272725,12.597004038152654,150.11872336272722
1.0,630.9573444801937,5.011872336272725,10.663550851001755,156.23413251903494
1.0,794.3282347242822,5.011872336272725,8.955954083273493,163.09573444801939
1.0,1000.0,5.011872336272725,7.467515297079718,170.79457843841382
1.0,0.1,6.309573444801933,75.43662361156241,100.79432823472428
1.0,0.12589254117941673,6.309573444801933,75.14900231560672,100.89125093813375
1.0,0.15848931924611134,6.309573444801933,74.82768345935996,101.0
1.0,0.19952623149688797,6.309573444801933,74.46891026797937,101.12201845430197
1.0,0.251188643150958,6.309573444801933,74.06855664134164,101.25892541179417
1.0,0.31622776601683794,6.309573444801933,73.6221039924823,101.41253754462275
1.0,0.3981071705534973,6.309573444801933,73.12462045870454,101.58489319246111
1.0,0.5011872336272724,6.309573444801933,72.5707439298004,101.77827941003892
1.0,0.6309573444801934,6.309573444801933,71.95467073658547,101.99526231496887
1.0,0.7943282347242815,6.309573444801933,71.27015231789002,102.23872113856834
1.0,1.0,6.309573444801933,70.51050274023221,102.51188643150958
1.0,1.2589254117941675,6.309573444801933,69.6686205819605,102.81838293126445
1.0,1.584893192461114,6.309573444801933,68.73702940518184,103.16227766016837
1.0,1.9952623149688797,6.309573444801933,67.70794180436722,103.54813389233576
1.0,2.511886431509581,6.309573444801933,66.57335280152064,103.98107170553497
1.0,3.1622776601683795,6.309573444801933,65.32516908851629,104.46683592150963
1.0,3.981071705534973,6.309573444801933,63.95538119425858,105.01187233627273
1.0,5.011872336272725,6.309573444801933,62.45628592384832,105.62341325190349
1.0,6.309573444801933,6.309573444801933,60.82076616064505,106.30957344480194
1.0,7.943282347242818,6.309573444801933,59.04263404431181,107.07945784384137
1.0,10.0,6.309573444801933,57.117041258153606,107.94328234724281
1.0,12.589254117941675,6.309573444801933,55.04095621829905,108.91250938133746
1.0,15.848931924611142,6.309573444801933,52.81370185057779,110.0
1.0,19.952623149688808,6.309573444801933,50.437538894909444,111.22018454301963
1.0,25.11886431509582,6.309573444801933,47.918267995225854,112.58925411794166
1.0,31.622776601683793,6.309573444801933,45.26580933187687,114.12537544622754
1.0,39.810717055349734,6.309573444801933,42.49470209750701,115.84893192461115
1.0,50.11872336272725,6.309573444801933,39.624449722602456,117.78279410038922
1.0,63.095734448019364,6.309573444801933,36.679623956685546,119.9526231496888
1.0,79.43282347242821,6.309573444801933,33.68963686124551,122.38721138568343
1.0,100.0,6.309573444801933,30.688100748048807,125.1188643150958
1.0,125.89254117941675,6.309573444801933,27.711728010307628,128.18382931264455
1.0,158.48931924611142,6.309573444801933,24.798778534891433,131.6227766016838
1.0,199.52623149688807,6.309573444801933,21.987138457857377,135.48133892335755
1.0,251.18864315095823,6.309573444801933,19.312197894597222,139.81071705534976
1.0,316.22776601683796,6.309573444801933,16.804765647171955,144.6683592150963
1.0,398.1071705534973,6.309573444801933,14.489290896276723,150.11872336272722
1.0,501.18723362727246,6.309573444801933,12.382636822000746,156.23413251903492
1.0,630.9573444801937,6.309573444801933,10.49356680324604,163.09573444801936
1.0,794.3282347242822,6.309573444801933,8.82297938467716,170.79457843841382
1.0,1000.0,6.309573444801933,7.364798382692557,179.43282347242817
1.0,0.1,7.943282347242818,73.18412076376916,100.89125093813374
1.0,0.12589254117941673,7.943282347242818,72.9057132097218,101.0
1.0,0.15848931924611134,7.943282347242818,72.59469383519958,101.12201845430195
1.0,0.19952623149688797,7.943282347242818,72.24742845360238,101.25892541179417
1.0,0.251188643150958,7.943282347242818,71.85992598349186,101.41253754462275
1.0,0.31622776601683794,7.943282347242818,71.42781616403201,101.58489319246111
1.0,0.3981071705534973,7.943282347242818,70.94632959098989,101.77827941003892
1.0,0.5011872336272724,7.943282347242818,70.41028147312541,101.99526231496888
1.0,0.6309573444801934,7.943282347242818,69.81406089356481,102.23872113856834
1.0,0.7943282347242815,7.943282347242818,69.15162781840705,102.51188643150958
1.0,1.0,7.943282347242818,68.41652062980673,102.81838293126445
1.0,1.2589254117941675,7.943282347242818,67.6018775729761,103.16227766016837
1.0,1.584893192461114,7.943282347242818,66.7004761881165,103.54813389233576
1.0,1.9952623149688797,7.943282347242818,65.70479552928118,103.98107170553497
1.0,2.511886431509581,7.943282347242818,64.6071067144729,104.46683592150963
1.0,3.1622776601683795,7.943282347242818,63.399598040632135,105.01187233627272
1.0,3.981071705534973,7.943282347242818,62.074541433060475,105.6234132519035
1.0,5.011872336272725,7.943282347242818,60.62450723247826,106.30957344480194
1.0,6.309573444801933,7.943282347242818,59.04263404431181,107.07945784384137
1.0,7.943282347242818,7.943282347242818,57.322959300954714,107.94328234724281
1.0,10.0,7.943282347242818,55.460813956662484,108.91250938133746
1.0,12.589254117941675,7.943282347242818,53.453280912806676,110.0
1.0,15.848931924611142,7.943282347242818,51.299710886100044,111.22018454301964
1.0,19.952623149688808,7.943282347242818,49.00228104873483,112.58925411794168
1.0,25.11886431509582,7.943282347242818,46.56657062835606,114.12537544622755
1.0,31.622776601683793,7.943282347242818,44.002113898600996,115.84893192461114
1.0,39.810717055349734,7.943282347242818,41.32287547181025,117.78279410038924
1.0,50.11872336272725,7.943282347242818,38.54757746299282,119.9526231496888
1.0,63.095734448019364,7.943282347242818,35.699796277621886,122.38721138568343
1.0,79.43282347242821,7.943282347242818,32.80774331940785,125.1188643150958
1.0,100.0,7.943282347242818,29.903654641354247,128.18382931264455
1.0,125.89254117941675,7.943282347242818,27.022744882550388,131.62277660168382
1.0,158.48931924611142,7.943282347242818,24.201733287240856,135.48133892335755
1.0,199.52623149688807,7.943282347242818,21.47702080388624,139.81071705534976
1.0,251.18864315095823,7.943282347242818,18.882675517257372,144.66835921509633
1.0,316.22776601683796,7.943282347242818,16.448449317590782,150.11872336272725
1.0,398.1071705534973,7.943282347242818,14.198078894245308,156.2341325190349
1.0,501.18723362727246,7.943282347242818,12.1481016389171,163.09573444801933
1.0,630.9573444801937,7.943282347242818,10.307339677780254,170.79457843841382
1.0,794.3282347242822,7.943282347242818,8.677090189155813,179.4328234724282
1.0,1000.0,7.943282347242818,7.251939096822198,189.12509381337452
1.0,0.1,10.0,70.74274153945113,101.0
1.0,0.12589254117941673,10.0,70.47436778747702,101.12201845430195
1.0,0.15848931924611134,10.0,70.17456386106186,101.25892541179417
1.0,0.19952623149688797,10.0,69.83982880524107,101.41253754462275
1.0,0.251188643150958,10.0,69.4663182323442,101.58489319246112
1.0,0.31622776601683794,10.0,69.04982297419556,101.77827941003892
1.0,0.3981071705534973,10.0,68.58574999419763,101.99526231496888
1.0,0.5011872336272724,10.0,68.06910690989267,102.23872113856834
1.0,0.6309573444801934,10.0,67.4944918461037,102.51188643150958
1.0,0.7943282347242815,10.0,66.85609077761747,102.81838293126445
1.0,1.0,10.0,66.14768503251254,103.16227766016837
1.0,1.2589254117941675,10.0,65.36267221205522,103.54813389233576
1.0,1.584893192461114,10.0,64.49410443245786,103.98107170553497
1.0,1.9952623149688797,10.0,63.534748487826654,104.46683592150964
1.0,2.511886431509581,10.0,62.477173234878045,105.01187233627272
1.0,3.1622776601683795,10.0,61.31387014590546,105.62341325190349
1.0,3.981071705534973,10.0,60.03741346980291,106.30957344480194
1.0,5.011872336272725,10.0,58.6406666386123,107.07945784384138
1.0,6.309573444801933,10.0,57.117041258153606,107.94328234724281
1.0,7.943282347242818,10.0,55.460813956662484,108.91250938133746
1.0,10.0,10.0,53.667504192892004,110.0
1.0,12.589254117941675,10.0,51.73431243822914,111.22018454301963
1.0,15.848931924611142,10.0,49.66061250789619,112.58925411794166
1.0,19.952623149688808,10.0,47.44848382801395,114.12537544622755
1.0,25.11886431509582,10.0,45.103258866900376,115.84893192461114
1.0,31.622776601683793,10.0,42.634047993938196,117.78279410038922
1.0,39.810717055349734,10.0,40.05418949578549,119.9526231496888
1.0,50.11872336272725,10.0,37.38155822810257,122.3872113856834
1.0,63.095734448019364,10.0,34.63865556163819,125.11886431509582
1.0,79.43282347242821,10.0,31.85240038919656,128.18382931264455
1.0,100.0,10.0,29.05355134966329,131.6227766016838
1.0,125.89254117941675,10.0,26.275719000431454,135.48133892335755
1.0,158.48931924611142,10.0,23.553975639654222,139.81071705534973
1.0,199.52623149688807,10.0,20.92313659820354,144.6683592150963
1.0,251.18864315095823,10.0,18.415859290934378,150.11872336272725
1.0,316.22776601683796,10.0,16.060767161613537,156.2341325190349
1.0,398.1071705534973,10.0,13.88083404516493,163.09573444801936
1.0,501.18723362727246,10.0,11.89224466833161,170.79457843841382
1.0,630.9573444801937,10.0,10.103876799207256,179.43282347242817
1.0,794.3282347242822,10.0,8.517445170535323,189.12509381337458
1.0,1000.0,10.0,7.1282352752763805,200.0
1.0,0.1,12.589254117941675,68.10829318653741,101.12201845430197
1.0,0.12589254117941673,12.589254117941675,67.85079993763695,101.25892541179417
1.0,0.15848931924611134,12.589254117941675,67.56315700960548,101.41253754462275
1.0,0.19952623149688797,12.589254117941675,67.24200760541841,101.58489319246112
1.0,0.251188643150958,12.589254117941675,66.88366600536222,101.77827941003892
1.0,0.31622776601683794,12.589254117941675,66.48409721355135,101.99526231496888
1.0,0.3981071705534973,12.589254117941675,66.03889879395693,102.23872113856834
1.0,0.5011872336272724,12.589254117941675,65.54328619241912,102.51188643150958
1.0,0.6309573444801934,12.589254117941675,64.992083194059,102.81838293126445
1.0,0.7943282347242815,12.589254117941675,64.3797195840406,103.16227766016837
1.0,1.0,12.589254117941675,63.70023856714311,103.54813389233576
1.0,1.2589254117941675,12.589254117941675,62.947317057041914,103.98107170553497
1.0,1.584893192461114,12.589254117941675,62.11430256119138,104.46683592150963
1.0,1.9952623149688797,12.589254117941675,61.19427104202131,105.01187233627272
1.0,2.511886431509581,12.589254117941675,60.18011079321097,105.62341325190349
1.0,3.1622776601683795,12.589254117941675,59.06463797050291,106.30957344480194
1.0,3.981071705534973,12.589254117941675,57.84074986636771,107.07945784384138
1.0,5.011872336272725,12.589254117941675,56.501622180058824,107.94328234724281
1.0,6.309573444801933,12.589254117941675,55.04095621829905,108.91250938133746
1.0,7.943282347242818,12.589254117941675,53.453280912806676,110.00000000000001
1.0,10.0,12.589254117941675,51.73431243822914,111.22018454301963
1.0,12.589254117941675,12.589254117941675,49.88137067965805,112.58925411794166
1.0,15.848931924611142,12.589254117941675,47.89384643009446,114.12537544622754
1.0,19.952623149688808,12.589254117941675,45.7737056385219,115.84893192461114
1.0,25.11886431509582,12.589254117941675,43.52600709399887,117.78279410038924
1.0,31.622776601683793,12.589254117941675,41.15939780287763,119.9526231496888
1.0,39.810717055349734,12.589254117941675,38.68653681010019,122.3872113856834
1.0,50.11872336272725,12.589254117941675,36.124385083019945,125.1188643150958
1.0,63.095734448019364,12.589254117941675,33.49428925419043,128.18382931264455
1.0,79.43282347242821,12.589254117941675,30.821784648537893,131.62277660168382
1.0,100.0,12.589254117941675,28.136052976805264,135.48133892335755
1.0,125.89254117941675,12.589254117941675,25.468996762237488,139.81071705534973
1.0,158.48931924611142,12.589254117941675,22.853937877480465,144.66835921509633
1.0,199.52623149688807,12.589254117941675,20.324008435604256,150.11872336272722
1.0,251.18864315095823,12.589254117941675,17.910368844501104,156.23413251903494
1.0,316.22776601683796,12.589254117941675,15.640443833751158,163.09573444801933
1.0,398.1071705534973,12.589254117941675,13.536393903706564,170.79457843841382
1.0,501.18723362727246,12.589254117941675,11.614022655274084,179.43282347242817
1.0,630.9573444801937,12.589254117941675,9.88225755902958,189.12509381337455
1.0,794.3282347242822,12.589254117941675,8.343246203913008,200.00000000000006
1.0,1000.0,12.589254117941675,6.9930072977623885,212.20184543019636
1.0,0.1,15.848931924611142,65.27962258134151,101.25892541179417
1.0,0.12589254117941673,15.848931924611142,65.0338702648603,101.41253754462275
1.0,0.15848931924611134,15.848931924611142,64.75934901367643,101.58489319246112
1.0,0.19952623149688797,15.848931924611142,64.45285721845558,101.77827941003892
1.0,0.251188643150958,15.848931924611142,64.11087990183931,101.99526231496888
1.0,0.31622776601683794,15.848931924611142,63.72956941296563,102.23872113856834
1.0,0.3981071705534973,15.848931924611142,63.30472823031586,102.51188643150958
1.0,0.5011872336272724,15.848931924611142,62.831795110135374,102.81838293126445
1.0,0.6309573444801934,15.848931924611142,62.305836152749556,103.16227766016837
1.0,0.7943282347242815,15.848931924611142,61.72154275577521,103.54813389233576
1.0,1.0,15.848931924611142,61.07323888436194,103.98107170553497
1.0,1.2589254117941675,15.848931924611142,60.354900612718964,104.46683592150963
1.0,1.584893192461114,15.848931924611142,59.560191469746556,105.01187233627272
1.0,1.9952623149688797,15.848931924611142,58.68251773513899,105.62341325190349
1.0,2.511886431509581,15.848931924611142,57.71510844533565,106.30957344480194
1.0,3.1622776601683795,15.848931924611142,56.65112542287982,107.07945784384138
1.0,3.981071705534973,15.848931924611142,55.48380904881134,107.94328234724281
1.0,5.011872336272725,15.848931924611142,54.20666562587953,108.91250938133746
1.0,6.309573444801933,15.848931924611142,52.81370185057779,110.0
1.0,7.943282347242818,15.848931924611142,51.299710886100044,111.22018454301964
1.0,10.0,15.848931924611142,49.66061250789619,112.58925411794166
1.0,12.589254117941675,15.848931924611142,47.89384643009446,114.12537544622757
1.0,15.848931924611142,15.848931924611142,45.99881284836061,115.84893192461115
1.0,19.952623149688808,15.848931924611142,43.97734713604076,117.78279410038924
1.0,25.11886431509582,15.848931924611142,41.83420635609514,119.9526231496888
1.0,31.622776601683793,15.848931924611142,39.577533998683585,122.3872113856834
1.0,39.810717055349734,15.848931924611142,37.21925690812078,125.1188643150958
1.0,50.11872336272725,15.848931924611142,34.775356364908944,128.18382931264455
1.0,63.095734448019364,15.848931924611142,32.265946449140564,131.62277660168382
1.0,79.43282347242821,15.848931924611142,29.715090905665043,135.48133892335755
1.0,100.0,15.848931924611142,27.150299153270534,139.81071705534973
1.0,125.89254117941675,15.848931924611142,24.601666738374437,144.66835921509633
1.0,158.48931924611142,15.848931924611142,22.10066703798758,150.11872336272725
1.0,199.52623149688807,15.848931924611142,19.678656514753353,156.23413251903492
1.0,251.18864315095823,15.848931924611142,17.36521643095216,163.09573444801936
1.0,316.22776601683796,15.848931924611142,15.186505095738655,170.7945784384138
1.0,398.1071705534973,15.848931924611142,13.163819672473487,179.43282347242817
1.0,501.18723362727246,15.848931924611142,11.312552466995704,189.1250938133746
1.0,630.9573444801937,15.848931924611142,9.641671099114138,200.00000000000006
1.0,794.3282347242822,15.848931924611142,8.153766393813674,212.2018454301964
1.0,1000.0,15.848931924611142,6.845618454083152,225.89254117941672
1.0,0.1,19.952623149688808,62.259411413538004,101.41253754462275
1.0,0.12589254117941673,19.952623149688808,62.02625698047737,101.58489319246112
1.0,0.15848931924611134,19.952623149688808,61.765813964371404,101.77827941003893
1.0,0.19952623149688797,19.952623149688808,61.47504684299951,101.99526231496887
1.0,0.251188643150958,19.952623149688808,61.1506232977904,102.23872113856834
1.0,0.31622776601683794,19.952623149688808,60.78889600430784,102.51188643150957
1.0,0.3981071705534973,19.952623149688808,60.385886438021394,102.81838293126444
1.0,0.5011872336272724,19.952623149688808,59.93727186816815,103.16227766016839
1.0,0.6309573444801934,19.952623149688808,59.43837702843307,103.54813389233576
1.0,0.7943282347242815,19.952623149688808,58.88417232651714,103.98107170553496
1.0,1.0,19.952623149688808,58.26928088776098,104.46683592150964
1.0,1.2589254117941675,19.952623149688808,57.58799721899718,105.01187233627272
1.0,1.584893192461114,19.952623149688808,56.83432081908239,105.62341325190349
1.0,1.9952623149688797,19.952623149688808,56.002008633082085,106.30957344480194
1.0,2.511886431509581,19.952623149688808,55.084650813615426,107.07945784384138
1.0,3.1622776601683795,19.952623149688808,54.0757747597822,107.94328234724281
1.0,3.981071705534973,19.952623149688808,52.968982766795165,108.91250938133746
1.0,5.011872336272725,19.952623149688808,51.75812871578526,110.00000000000001
1.0,6.309573444801933,19.952623149688808,50.437538894909444,111.22018454301963
1.0,7.943282347242818,19.952623149688808,49.00228104873483,112.58925411794168
1.0,10.0,19.952623149688808,47.44848382801395,114.12537544622754
1.0,12.589254117941675,19.952623149688808,45.7737056385219,115.84893192461114
1.0,15.848931924611142,19.952623149688808,43.97734713604076,117.78279410038924
1.0,19.952623149688808,19.952623149688808,42.06109500718482,119.95262314968882
1.0,25.11886431509582,19.952623149688808,40.029376095545516,122.38721138568341
1.0,31.622776601683793,19.952623149688808,37.889790586742954,125.1188643150958
1.0,39.810717055349734,19.952623149688808,35.65348160087749,128.18382931264455
1.0,50.11872336272725,19.952623149688808,33.335387677954465,131.6227766016838
1.0,63.095734448019364,19.952623149688808,30.954316754509293,135.48133892335755
1.0,79.43282347242821,19.952623149688808,28.532778720551654,139.81071705534978
1.0,100.0,19.952623149688808,26.096522430112532,144.66835921509633
1.0,125.89254117941675,19.952623149688808,23.673745549952024,150.11872336272722
1.0,158.48931924611142,19.952623149688808,21.293983223903645,156.23413251903492
1.0,199.52623149688807,19.952623149688808,18.986731603272887,163.09573444801936
1.0,251.18864315095823,19.952623149688808,16.77991694860579,170.79457843841388
1.0,316.22776601683796,19.952623149688808,14.698367408332626,179.43282347242817
1.0,398.1071705534973,19.952623149688808,12.762467915212586,189.1250938133746
1.0,501.18723362727246,19.952623149688808,10.98716744699371,200.00000000000003
1.0,630.9573444801937,19.952623149688808,9.381459732290587,212.2018454301964
1.0,794.3282347242822,19.952623149688808,7.948382836893473,225.8925411794168
1.0,1000.0,19.952623149688808,6.685499125148187,241.2537544622755
1.0,0.1,25.11886431509582,59.05501140665538,101.58489319246111
1.0,0.12589254117941673,25.11886431509582,58.83528630331192,101.77827941003892
1.0,0.15848931924611134,25.11886431509582,58.589849337129856,101.99526231496888
1.0,0.19952623149688797,25.11886431509582,58.315841548990974,102.23872113856834
1.0,0.251188643150958,25.11886431509582,58.01012471493206,102.51188643150958
1.0,0.31622776601683794,25.11886431509582,57.669264272862904,102.81838293126445
1.0,0.3981071705534973,25.11886431509582,57.28951415881703,103.16227766016837
1.0,0.5011872336272724,25.11886431509582,56.8668046559008,103.54813389233576
1.0,0.6309573444801934,25.11886431509582,56.39673465465786,103.98107170553497
1.0,0.7943282347242815,25.11886431509582,55.87457007219214,104.46683592150964
1.0,1.0,25.11886431509582,55.29525058094308,105.01187233627272
1.0,1.2589254117941675,25.11886431509582,54.65340725431047,105.6234132519035
1.0,1.584893192461114,25.11886431509582,53.943394236760334,106.30957344480194
1.0,1.9952623149688797,25.11886431509582,53.15933807217849,107.07945784384138
1.0,2.511886431509581,25.11886431509582,52.29520884339172,107.94328234724281
1.0,3.1622776601683795,25.11886431509582,51.34491773533292,108.91250938133746
1.0,3.981071705534973,25.11886431509582,50.302445954891965,110.0
1.0,5.011872336272725,25.11886431509582,49.16201000821149,111.22018454301964
1.0,6.309573444801933,25.11886431509582,47.918267995225854,112.58925411794169
1.0,7.943282347242818,25.11886431509582,46.56657062835606,114.12537544622755
1.0,10.0,25.11886431509582,45.103258866900376,115.84893192461114
1.0,12.589254117941675,25.11886431509582,43.52600709399887,117.78279410038924
1.0,15.848931924611142,25.11886431509582,41.83420635609514,119.9526231496888
1.0,19.952623149688808,25.11886431509582,40.029376095545516,122.38721138568341
1.0,25.11886431509582,25.11886431509582,38.11558494769196,125.11886431509582
1.0,31.622776601683793,25.11886431509582,36.099851755632635,128.18382931264455
1.0,39.810717055349734,25.11886431509582,33.99248767920161,131.6227766016838
1.0,50.11872336272725,25.11886431509582,31.807330531174575,135.48133892335758
1.0,63.095734448019364,25.11886431509582,29.56181549218818,139.81071705534976
1.0,79.43282347242821,25.11886431509582,27.276825165473923,144.66835921509636
1.0,100.0,25.11886431509582,24.97626997964894,150.11872336272722
1.0,125.89254117941675,25.11886431509582,22.68637021668294,156.23413251903494
1.0,158.48931924611142,25.11886431509582,20.434644567502573,163.09573444801936
1.0,199.52623149688807,25.11886431509582,18.248654778773368,170.79457843841382
1.0,251.18864315095823,25.11886431509582,16.154604745537544,179.4328234724282
1.0,316.22776601683796,25.11886431509582,14.17593415447498,189.12509381337458
1.0,398.1071705534973,25.11886431509582,12.332068575768465,200.00000000000006
1.0,501.18723362727246,25.11886431509582,10.637479587444776,212.20184543019639
1.0,630.9573444801937,25.11886431509582,9.10116756635389,225.8925411794168
1.0,794.3282347242822,25.11886431509582,7.726613893234774,241.2537544622755
1.0,1000.0,25.11886431509582,6.512174750101148,258.48931924611145
1.0,0.1,31.622776601683793,55.679265685664305,101.77827941003892
1.0,0.12589254117941673,31.622776601683793,55.473748705912136,101.99526231496887
1.0,0.15848931924611134,31.622776601683793,55.244186532628625,102.23872113856834
1.0,0.19952623149688797,31.622776601683793,54.98790646829977,102.51188643150957
1.0,0.251188643150958,31.622776601683793,54.70197495030627,102.81838293126445
1.0,0.31622776601683794,31.622776601683793,54.38318164449209,103.16227766016837
1.0,0.3981071705534973,31.622776601683793,54.02802532927518,103.54813389233576
1.0,0.5011872336272724,31.622776601683793,53.632702598819385,103.98107170553497
1.0,0.6309573444801934,31.622776601683793,53.19310068786771,104.46683592150963
1.0,0.7943282347242815,31.622776601683793,52.70479604353401,105.01187233627272
1.0,1.0,31.622776601683793,52.16306064206294,105.6234132519035
1.0,1.2589254117941675,31.622776601683793,51.56287846888006,106.30957344480194
1.0,1.584893192461114,31.622776601683793,50.89897503967693,107.0794578438414
1.0,1.9952623149688797,31.622776601683793,50.165863321164956,107.94328234724281
1.0,2.511886431509581,31.622776601683793,49.35790988162002,108.91250938133746
1.0,3.1622776601683795,31.622776601683793,48.4694255142021,110.0
1.0,3.981071705534973,31.622776601683793,47.49478485655223,111.22018454301963
1.0,5.011872336272725,31.622776601683793,46.428579573369404,112.58925411794168
1.0,6.309573444801933,31.622776601683793,45.26580933187687,114.12537544622754
1.0,7.943282347242818,31.622776601683793,44.002113898600996,115.84893192461114
1.0,10.0,31.622776601683793,42.634047993938196,117.78279410038922
1.0,12.589254117941675,31.622776601683793,41.15939780287763,119.9526231496888
1.0,15.848931924611142,31.622776601683793,39.577533998683585,122.3872113856834
1.0,19.952623149688808,31.622776601683793,37.889790586742954,125.1188643150958
1.0,25.11886431509582,31.622776601683793,36.099851755632635,128.18382931264455
1.0,31.622776601683793,31.622776601683793,34.214120441138995,131.6227766016838
1.0,39.810717055349734,31.622776601683793,32.24203311253762,135.48133892335753
1.0,50.11872336272725,31.622776601683793,30.19627663383757,139.81071705534976
1.0,63.095734448019364,31.622776601683793,28.0928569162519,144.6683592150963
1.0,79.43282347242821,31.622776601683793,25.95096812248208,150.11872336272728
1.0,100.0,31.622776601683793,23.792618404375354,156.23413251903492
1.0,125.89254117941675,31.622776601683793,21.641986119550037,163.09573444801933
1.0,158.48931924611142,31.622776601683793,19.524510131747444,170.7945784384138
1.0,199.52623149688807,31.622776601683793,17.46575713719694,179.43282347242817
1.0,251.18864315095823,31.622776601683793,15.490152046521002,189.12509381337458
1.0,316.22776601683796,31.622776601683793,13.619694716690837,200.0
1.0,398.1071705534973,31.622776601683793,11.872806650395338,212.20184543019636
1.0,501.18723362727246,31.622776601683793,10.263445750178603,225.89254117941672
1.0,630.9573444801937,31.622776601683793,8.80059322716946,241.2537544622755
1.0,794.3282347242822,31.622776601683793,7.488160341580552,258.48931924611145
1.0,1000.0,31.622776601683793,6.325297282397937,277.82794100389225
1.0,0.1,39.810717055349734,52.151237436296555,101.9952623149689
1.0,0.12589254117941673,39.810717055349734,51.96062255327347,102.23872113856834
1.0,0.15848931924611134,39.810717055349734,51.747708930158076,102.51188643150957
1.0,0.19952623149688797,39.810717055349734,51.510018641041626,102.81838293126444
1.0,0.251188643150958,39.810717055349734,51.24483203282457,103.16227766016837
1.0,0.31622776601683794,39.810717055349734,50.94917300483822,103.54813389233576
1.0,0.3981071705534973,39.810717055349734,50.61979594674679,103.98107170553497
1.0,0.5011872336272724,39.810717055349734,50.253175284011114,104.46683592150964
1.0,0.6309573444801934,39.810717055349734,49.84549883188351,105.01187233627272
1.0,0.7943282347242815,39.810717055349734,49.39266645468834,105.6234132519035
1.0,1.0,39.810717055349734,48.89029586803091,106.30957344480194
1.0,1.2589254117941675,39.810717055349734,48.333737804993056,107.07945784384138
1.0,1.584893192461114,39.810717055349734,47.718103185102464,107.94328234724281
1.0,1.9952623149688797,39.810717055349734,47.038305360237175,108.91250938133746
1.0,2.511886431509581,39.810717055349734,46.28912093587055,110.0
1.0,3.1622776601683795,39.810717055349734,45.46527303369045,111.22018454301963
1.0,3.981071705534973,39.810717055349734,44.561541105039296,112.58925411794166
1.0,5.011872336272725,39.810717055349734,43.57290142822262,114.12537544622754
1.0,6.309573444801933,39.810717055349734,42.49470209750701,115.84893192461115
1.0,7.943282347242818,39.810717055349734,41.32287547181025,117.78279410038924
1.0,10.0,39.810717055349734,40.05418949578549,119.9526231496888
1.0,12.589254117941675,39.810717055349734,38.68653681010019,122.3872113856834
1.0,15.848931924611142,39.810717055349734,37.21925690812078,125.1188643150958
1.0,19.952623149688808,39.810717055349734,35.65348160087749,128.18382931264455
1.0,25.11886431509582,39.810717055349734,33.99248767920161,131.6227766016838
1.0,31.622776601683793,39.810717055349734,32.24203311253762,135.48133892335753
1.0,39.810717055349734,39.810717055349734,30.410644983423722,139.81071705534976
1.0,50.11872336272725,39.810717055349734,28.50981973801679,144.66835921509633
1.0,63.095734448019364,39.810717055349734,26.554090969069897,150.11872336272722
1.0,79.43282347242821,39.810717055349734,24.56091914186996,156.23413251903494
1.0,100.0,39.810717055349734,22.55036399651463,163.09573444801933
1.0,125.89254117941675,39.810717055349734,20.544515997287604,170.7945784384138
1.0,158.48931924611142,39.810717055349734,18.566688957917677,179.4328234724282
1.0,199.52623149688807,39.810717055349734,16.64041015098916,189.12509381337458
1.0,251.18864315095823,39.810717055349734,14.78828182456163,200.00000000000006
1.0,316.22776601683796,39.810717055349734,13.03082103521793,212.20184543019639
1.0,398.1071705534973,39.810717055349734,11.385403620686937,225.89254117941675
1.0,501.18723362727246,39.810717055349734,9.865435222997807,241.25375446227548
1.0,630.9573444801937,39.810717055349734,8.479844876772693,258.4893192461114
1.0,794.3282347242822,39.810717055349734,7.232949289377132,277.8279410038924
1.0,1000.0,39.810717055349734,6.124679485753245,299.526231496888
1.0,0.1,50.11872336272725,48.496740422276794,102.23872113856834
1.0,0.12589254117941673,50.11872336272725,48.32160032731319,102.51188643150958
1.0,0.15848931924611134,50.11872336272725,48.12597334724244,102.81838293126447
1.0,0.19952623149688797,50.11872336272725,47.907583193404285,103.16227766016837
1.0,0.251188643150958,50.11872336272725,47.663931555096454,103.54813389233576
1.0,0.31622776601683794,50.11872336272725,47.39228457166124,103.98107170553497
1.0,0.3981071705534973,50.11872336272725,47.08966081796741,104.46683592150963
1.0,0.5011872336272724,50.11872336272725,46.75282166941955,105.01187233627272
1.0,0.6309573444801934,50.11872336272725,46.37826514123961,105.62341325190349
1.0,0.7943282347242815,50.11872336272725,45.962224564960934,106.30957344480194
1.0,1.0,50.11872336272725,45.500673773531446,107.07945784384138
1.0,1.2589254117941675,50.11872336272725,44.98934081250771,107.94328234724281
1.0,1.584893192461114,50.11872336272725,44.42373257073646,108.91250938133746
1.0,1.9952623149688797,50.11872336272725,43.799173114174565,110.00000000000001
1.0,2.511886431509581,50.11872336272725,43.11085888466103,111.22018454301964
1.0,3.1622776601683795,50.11872336272725,42.35393425010184,112.58925411794166
1.0,3.981071705534973,50.11872336272725,41.52359110253592,114.12537544622755
1.0,5.011872336272725,50.11872336272725,40.61519621006665,115.84893192461112
1.0,6.309573444801933,50.11872336272725,39.624449722602456,117.78279410038922
1.0,7.943282347242818,50.11872336272725,38.54757746299282,119.9526231496888
1.0,10.0,50.11872336272725,37.38155822810257,122.3872113856834
1.0,12.589254117941675,50.11872336272725,36.124385083019945,125.1188643150958
1.0,15.848931924611142,50.11872336272725,34.775356364908944,128.18382931264455
1.0,19.952623149688808,50.11872336272725,33.335387677954465,131.62277660168382
1.0,25.11886431509582,50.11872336272725,31.807330531174575,135.48133892335758
1.0,31.622776601683793,50.11872336272725,30.19627663383757,139.81071705534973
1.0,39.810717055349734,50.11872336272725,28.50981973801679,144.66835921509633
1.0,50.11872336272725,50.11872336272725,26.75824027370355,150.11872336272722
1.0,63.095734448019364,50.11872336272725,24.95457334979248,156.23413251903492
1.0,79.43282347242821,50.11872336272725,23.114519958124504,163.09573444801936
1.0,100.0,50.11872336272725,21.256166594706386,170.7945784384138
1.0,125.89254117941675,50.11872336272725,19.399491847768463,179.4328234724282
1.0,158.48931924611142,50.11872336272725,17.565660490669462,189.1250938133746
1.0,199.52623149688807,50.11872336272725,15.776134879636212,200.00000000000006
1.0,251.18864315095823,50.11872336272725,14.051665894852327,212.2018454301964
1.0,316.22776601683796,50.11872336272725,12.411254609583388,225.89254117941675
1.0,398.1071705534973,50.11872336272725,10.871193421802221,241.25375446227548
1.0,501.18723362727246,50.11872336272725,9.444294851683491,258.4893192461114
1.0,630.9573444801937,50.11872336272725,8.139394919710922,277.82794100389236
1.0,794.3282347242822,50.11872336272725,6.961179109494145,299.5262314968881
1.0,1000.0,50.11872336272725,5.910330987563335,323.872113856834
1.0,0.1,63.095734448019364,44.74854268820938,102.51188643150958
1.0,0.12589254117941673,63.095734448019364,44.58928963771382,102.81838293126445
1.0,0.15848931924611134,63.095734448019364,44.41140807933954,103.16227766016837
1.0,0.19952623149688797,63.095734448019364,44.21282810503808,103.54813389233576
1.0,0.251188643150958,63.095734448019364,43.991277845372856,103.98107170553497
1.0,0.31622776601683794,63.095734448019364,43.74427112692387,104.46683592150963
1.0,0.3981071705534973,63.095734448019364,43.46909648708654,105.01187233627272
1.0,0.5011872336272724,63.095734448019364,43.16280832631228,105.6234132519035
1.0,0.6309573444801934,63.095734448019364,42.8222211829953,106.30957344480194
1.0,0.7943282347242815,63.095734448019364,42.44390835651109,107.0794578438414
1.0,1.0,63.095734448019364,42.0242063797821,107.94328234724281
1.0,1.2589254117941675,63.095734448019364,41.559227151604034,108.91250938133747
1.0,1.584893192461114,63.095734448019364,41.04487987356881,110.00000000000003
1.0,1.9952623149688797,63.095734448019364,40.47690528264297,111.22018454301963
1.0,2.511886431509581,63.095734448019364,39.85092500443905,112.58925411794168
1.0,3.1622776601683795,63.095734448019364,39.16250913684442,114.12537544622755
1.0,3.981071705534973,63.095734448019364,38.4072653545503,115.84893192461115
1.0,5.011872336272725,63.095734448019364,37.580952826242445,117.78279410038925
1.0,6.309573444801933,63.095734448019364,36.679623956685546,119.9526231496888
1.0,7.943282347242818,63.095734448019364,35.699796277621886,122.38721138568341
1.0,10.0,63.095734448019364,34.63865556163819,125.1188643150958
1.0,12.589254117941675,63.095734448019364,33.49428925419043,128.18382931264458
1.0,15.848931924611142,63.095734448019364,32.265946449140564,131.62277660168382
1.0,19.952623149688808,63.095734448019364,30.954316754509293,135.48133892335755
1.0,25.11886431509582,63.095734448019364,29.56181549218818,139.81071705534976
1.0,31.622776601683793,63.095734448019364,28.0928569162519,144.66835921509633
1.0,39.810717055349734,63.095734448019364,26.554090969069897,150.11872336272722
1.0,50.11872336272725,63.095734448019364,24.95457334979248,156.23413251903492
1.0,63.095734448019364,63.095734448019364,23.305834605811924,163.09573444801936
1.0,79.43282347242821,63.095734448019364,21.621813222451156,170.79457843841382
1.0,100.0,63.095734448019364,19.91862209917852,179.4328234724282
1.0,125.89254117941675,63.095734448019364,18.214128909110926,189.12509381337458
1.0,158.48931924611142,63.095734448019364,16.527349253820656,200.00000000000006
1.0,199.52623149688807,63.095734448019364,14.877676178806988,212.2018454301964
1.0,251.18864315095823,63.095734448019364,13.283997227754552,225.89254117941684
1.0,316.22776601683796,63.095734448019364,11.763775381449863,241.25375446227548
1.0,398.1071705534973,63.095734448019364,10.332186436957375,258.48931924611145
1.0,501.18723362727246,63.095734448019364,9.001406930367912,277.8279410038924
1.0,630.9573444801937,63.095734448019364,7.780130941605274,299.52623149688804
1.0,794.3282347242822,63.095734448019364,6.673363013308711,323.87211385683406
1.0,1000.0,63.095734448019364,5.6824945076578155,351.18864315095806
1.0,0.1,79.43282347242821,40.94610286968424,102.81838293126447
1.0,0.12589254117941673,79.43282347242821,40.80294952333014,103.16227766016837
1.0,0.15848931924611134,79.43282347242821,40.643049228627994,103.54813389233576
1.0,0.19952623149688797,79.43282347242821,40.46454061442385,103.98107170553497
1.0,0.251188643150958,79.43282347242821,40.26538051532085,104.46683592150964
1.0,0.31622776601683794,79.43282347242821,40.043332793711,105.01187233627272
1.0,0.3981071705534973,79.43282347242821,39.7959583545862,105.62341325190351
1.0,0.5011872336272724,79.43282347242821,39.52060704543695,106.30957344480193
1.0,0.6309573444801934,79.43282347242821,39.21441231522557,107.07945784384138
1.0,0.7943282347242815,79.43282347242821,38.874289718952674,107.94328234724281
1.0,1.0,79.43282347242821,38.49694059797071,108.91250938133746
1.0,1.2589254117941675,79.43282347242821,38.078862538511196,110.0
1.0,1.584893192461114,79.43282347242821,37.61636850532922,111.22018454301963
1.0,1.9952623149688797,79.43282347242821,37.10561685132386,112.58925411794168
1.0,2.511886431509581,79.43282347242821,36.54265469634541,114.12537544622754
1.0,3.1622776601683795,79.43282347242821,35.92347741651894,115.84893192461115
1.0,3.981071705534973,79.43282347242821,35.244107141744834,117.78279410038922
1.0,5.011872336272725,79.43282347242821,34.50069315759501,119.9526231496888
1.0,6.309573444801933,79.43282347242821,33.68963686124551,122.38721138568343
1.0,7.943282347242818,79.43282347242821,32.80774331940785,125.1188643150958
1.0,10.0,79.43282347242821,31.85240038919656,128.18382931264455
1.0,12.589254117941675,79.43282347242821,30.821784648537893,131.62277660168382
1.0,15.848931924611142,79.43282347242821,29.715090905665043,135.48133892335755
1.0,19.952623149688808,79.43282347242821,28.532778720551654,139.81071705534978
1.0,25.11886431509582,79.43282347242821,27.276825165473923,144.66835921509636
1.0,31.622776601683793,79.43282347242821,25.95096812248208,150.11872336272725
1.0,39.810717055349734,79.43282347242821,24.56091914186996,156.23413251903494
1.0,50.11872336272725,79.43282347242821,23.114519958124504,163.09573444801936
1.0,63.095734448019364,79.43282347242821,21.621813222451156,170.79457843841382
1.0,79.43282347242821,79.43282347242821,20.094997223876156,179.43282347242823
1.0,100.0,79.43282347242821,18.548237835724642,189.12509381337458
1.0,125.89254117941675,79.43282347242821,16.997319930125062,200.00000000000006
1.0,158.48931924611142,79.43282347242821,15.459135601297794,212.2018454301964
1.0,199.52623149688807,79.43282347242821,13.951026949345668,225.8925411794168
1.0,251.18864315095823,79.43282347242821,12.49002435504892,241.25375446227554
1.0,316.22776601683796,79.43282347242821,11.092042840145087,258.48931924611145
1.0,398.1071705534973,79.43282347242821,9.771113980018564,277.82794100389236
1.0,501.18723362727246,79.43282347242821,8.53873410505369,299.52623149688804
1.0,630.9573444801937,79.43282347242821,7.403398620354547,323.8721138568341
1.0,794.3282347242822,79.43282347242821,6.370368201540794,351.18864315095817
1.0,1000.0,79.43282347242821,5.441680146547597,381.8382931264455
1.0,0.1,100.0,37.134708656434796,103.16227766016839
1.0,0.12589254117941673,100.0,37.00763274896299,103.54813389233576
1.0,0.15848931924611134,100.0,36.86568731359877,103.98107170553497
1.0,0.19952623149688797,100.0,36.70721868107044,104.46683592150961
1.0,0.251188643150958,100.0,36.530411382814236,105.0118723362727
1.0,0.31622776601683794,100.0,36.33327810427399,105.6234132519035
1.0,0.3981071705534973,100.0,36.113650661293775,106.30957344480193
1.0,0.5011872336272724,100.0,35.86917260407686,107.0794578438414
1.0,0.6309573444801934,100.0,35.597294211761245,107.94328234724281
1.0,0.7943282347242815,100.0,35.29527082601698,108.91250938133746
1.0,1.0,100.0,34.960165684353406,110.0
1.0,1.2589254117941675,100.0,34.588858650862,111.22018454301963
1.0,1.584893192461114,100.0,34.17806249815546,112.58925411794166
1.0,1.9952623149688797,100.0,33.72434865832233,114.12537544622754
1.0,2.511886431509581,100.0,33.22418461452016,115.84893192461112
1.0,3.1622776601683795,100.0,32.673985320278256,117.78279410038922
1.0,3.981071705534973,100.0,32.07018116991007,119.95262314968879
1.0,5.011872336272725,100.0,31.40930504435053,122.3872113856834
1.0,6.309573444801933,100.0,30.688100748048807,125.1188643150958
1.0,7.943282347242818,100.0,29.903654641354247,128.18382931264452
1.0,10.0,100.0,29.05355134966329,131.6227766016838
1.0,12.589254117941675,100.0,28.136052976805264,135.48133892335755
1.0,15.848931924611142,100.0,27.150299153270534,139.81071705534973
1.0,19.952623149688808,100.0,26.096522430112532,144.66835921509633
1.0,25.11886431509582,100.0,24.97626997964894,150.11872336272725
1.0,31.622776601683793,100.0,23.792618404375354,156.23413251903492
1.0,39.810717055349734,100.0,22.55036399651463,163.09573444801933
1.0,50.11872336272725,100.0,21.256166594706386,170.7945784384138
1.0,63.095734448019364,100.0,19.91862209917852,179.4328234724282
1.0,79.43282347242821,100.0,18.548237835724642,189.1250938133746
1.0,100.0,100.0,17.15728752538099,200.0
1.0,125.89254117941675,100.0,15.759529689876343,212.20184543019633
1.0,158.48931924611142,100.0,14.369785409193335,225.89254117941675
1.0,199.52623149688807,100.0,13.003387925514945,241.2537544622755
1.0,251.18864315095823,100.0,11.675535751472802,258.4893192461114
1.0,316.22776601683796,100.0,10.400599380406094,277.8279410038923
1.0,398.1071705534973,100.0,9.191445216187555,299.526231496888
1.0,501.18723362727246,100.0,8.058844935240742,323.872113856834
1.0,630.9573444801937,100.0,7.0110317228119134,351.18864315095817
1.0,794.3282347242822,100.0,6.053446945957768,381.83829312644554
1.0,1000.0,100.0,5.188695103542904,416.22776601683796
1.0,0.1,125.89254117941675,33.36393044670095,103.54813389233576
1.0,0.12589254117941673,125.89254117941675,33.25264810773242,103.98107170553496
1.0,0.15848931924611134,125.89254117941675,33.128339245265,104.46683592150961
1.0,0.19952623149688797,125.89254117941675,32.98955377840031,105.0118723362727
1.0,0.251188643150958,125.89254117941675,32.83469935330904,105.62341325190349
1.0,0.31622776601683794,125.89254117941675,32.66203238343783,106.30957344480193
1.0,0.3981071705534973,125.89254117941675,32.46964994253325,107.07945784384138
1.0,0.5011872336272724,125.89254117941675,32.25548302879493,107.94328234724283
1.0,0.6309573444801934,125.89254117941675,32.017291854741586,108.91250938133746
1.0,0.7943282347242815,125.89254117941675,31.752663976614993,110.0
1.0,1.0,125.89254117941675,31.459016259486212,111.22018454301963
1.0,1.2589254117941675,125.89254117941675,31.133601877811387,112.58925411794168
1.0,1.584893192461114,125.89254117941675,30.773523771128016,114.12537544622755
1.0,1.9952623149688797,125.89254117941675,30.375756201599895,115.84893192461115
1.0,2.511886431509581,125.89254117941675,29.9371762787846,117.78279410038924
1.0,3.1622776601683795,125.89254117941675,29.454607503665446,119.9526231496888
1.0,3.981071705534973,125.89254117941675,28.924877504467705,122.3872113856834
1.0,5.011872336272725,125.89254117941675,28.344892143990375,125.1188643150958
1.0,6.309573444801933,125.89254117941675,27.711728010307628,128.18382931264455
1.0,7.943282347242818,125.89254117941675,27.022744882550388,131.6227766016838
1.0,10.0,125.89254117941675,26.275719000431454,135.48133892335755
1.0,12.589254117941675,125.89254117941675,25.468996762237488,139.81071705534973
1.0,15.848931924611142,125.89254117941675,24.601666738374437,144.66835921509633
1.0,19.952623149688808,125.89254117941675,23.673745549952024,150.11872336272725
1.0,25.11886431509582,125.89254117941675,22.68637021668294,156.23413251903494
1.0,31.622776601683793,125.89254117941675,21.641986119550037,163.09573444801933
1.0,39.810717055349734,125.89254117941675,20.544515997287604,170.7945784384138
1.0,50.11872336272725,125.89254117941675,19.399491847768463,179.4328234724282
1.0,63.095734448019364,125.89254117941675,18.214128909110926,189.12509381337458
1.0,79.43282347242821,125.89254117941675,16.997319930125062,200.00000000000006
1.0,100.0,125.89254117941675,15.759529689876343,212.20184543019633
1.0,125.89254117941675,125.89254117941675,14.512575073980427,225.89254117941675
1.0,158.48931924611142,125.89254117941675,13.269285430923775,241.25375446227548
1.0,199.52623149688807,125.89254117941675,12.043051112937524,258.48931924611145
1.0,251.18864315095823,125.89254117941675,10.847283686381036,277.8279410038924
1.0,316.22776601683796,125.89254117941675,9.694826791009294,299.526231496888
1.0,398.1071705534973,125.89254117941675,8.59736876855576,323.87211385683406
1.0,501.18723362727246,125.89254117941675,7.564913687937724,351.1886431509581
1.0,630.9573444801937,125.89254117941675,6.6053640099213755,381.8382931264456
1.0,794.3282347242822,125.89254117941675,5.724255560646325,416.22776601683813
1.0,1000.0,125.89254117941675,4.924665777557533,454.8133892335755
1.0,0.1,158.48931924611142,29.685387576030003,103.98107170553499
1.0,0.12589254117941673,158.48931924611142,29.58934051002957,104.46683592150964
1.0,0.15848931924611134,158.48931924611142,29.482043884761378,105.01187233627273
1.0,0.19952623149688797,158.48931924611142,29.362243703395162,105.62341325190349
1.0,0.251188643150958,158.48931924611142,29.22856245568553,106.30957344480191
1.0,0.31622776601683794,158.48931924611142,29.07949119192833,107.07945784384138
1.0,0.3981071705534973,158.48931924611142,28.913382284011394,107.9432823472428
1.0,0.5011872336272724,158.48931924611142,28.72844330925266,108.91250938133746
1.0,0.6309573444801934,158.48931924611142,28.522732607885178,110.0
1.0,0.7943282347242815,158.48931924611142,28.29415719969166,111.22018454301966
1.0,1.0,158.48931924611142,28.040473899567857,112.58925411794166
1.0,1.2589254117941675,158.48931924611142,27.759294644222273,114.12537544622754
1.0,1.584893192461114,158.48931924611142,27.44809722881607,115.84893192461114
1.0,1.9952623149688797,158.48931924611142,27.10424284550269,117.78279410038925
1.0,2.511886431509581,158.48931924611142,26.725002002883276,119.9526231496888
1.0,3.1622776601683795,158.48931924611142,26.307590566960137,122.3872113856834
1.0,3.981071705534973,158.48931924611142,25.84921777222363,125.1188643150958
1.0,5.011872336272725,158.48931924611142,25.347148067529517,128.18382931264455
1.0,6.309573444801933,158.48931924611142,24.798778534891433,131.6227766016838
1.0,7.943282347242818,158.48931924611142,24.201733287240856,135.48133892335755
1.0,10.0,158.48931924611142,23.553975639654222,139.81071705534973
1.0,12.589254117941675,158.48931924611142,22.853937877480465,144.66835921509633
1.0,15.848931924611142,158.48931924611142,22.10066703798758,150.11872336272725
1.0,19.952623149688808,158.48931924611142,21.293983223903645,156.23413251903492
1.0,25.11886431509582,158.48931924611142,20.434644567502573,163.09573444801936
1.0,31.622776601683793,158.48931924611142,19.524510131747444,170.7945784384138
1.0,39.810717055349734,158.48931924611142,18.566688957917677,179.4328234724282
1.0,50.11872336272725,158.48931924611142,17.565660490669462,189.1250938133746
1.0,63.095734448019364,158.48931924611142,16.527349253820656,200.00000000000006
1.0,79.43282347242821,158.48931924611142,15.459135601297794,212.2018454301964
1.0,100.0,158.48931924611142,14.369785409193335,225.89254117941672
1.0,125.89254117941675,158.48931924611142,13.269285430923775,241.25375446227548
1.0,158.48931924611142,158.48931924611142,12.168578144375427,258.4893192461114
1.0,199.52623149688807,158.48931924611142,11.079200151324216,277.8279410038924
1.0,251.18864315095823,158.48931924611142,10.012840619290163,299.5262314968881
1.0,316.22776601683796,158.48931924611142,8.980849080195647,323.87211385683406
1.0,398.1071705534973,158.48931924611142,7.993732635649983,351.18864315095806
1.0,501.18723362727246,158.48931924611142,7.060688628599317,381.8382931264455
1.0,630.9573444801937,158.48931924611142,6.189218096434939,416.22776601683813
1.0,794.3282347242822,158.48931924611142,5.38485715352255,454.8133892335757
1.0,1000.0,158.48931924611142,4.651048977635305,498.1071705534973
1.0,0.1,199.52623149688807,26.14994674580113,104.46683592150963
1.0,0.12589254117941673,199.52623149688807,26.068307877683477,105.01187233627273
1.0,0.15848931924611134,199.52623149688807,25.977099516752673,105.62341325190349
1.0,0.19952623149688797,199.52623149688807,25.875252965508835,106.30957344480196
1.0,0.251188643150958,199.52623149688807,25.761593724015018,107.07945784384138
1.0,0.31622776601683794,199.52623149688807,25.634834537996415,107.94328234724281
1.0,0.3981071705534973,199.52623149688807,25.49356897820774,108.91250938133746
1.0,0.5011872336272724,199.52623149688807,25.336265909499065,110.0
1.0,0.6309573444801934,199.52623149688807,25.16126530363539,111.22018454301964
1.0,0.7943282347242815,199.52623149688807,24.966775961873324,112.58925411794168
1.0,1.0,199.52623149688807,24.750875841789192,114.12537544622755
1.0,1.2589254117941675,199.52623149688807,24.511515826794305,115.84893192461115
1.0,1.584893192461114,199.52623149688807,24.246527933063497,117.78279410038922
1.0,1.9952623149688797,199.52623149688807,23.95363911122954,119.95262314968882
1.0,2.511886431509581,199.52623149688807,23.630491959095654,122.38721138568339
1.0,3.1622776601683795,199.52623149688807,23.274673801321374,125.1188643150958
1.0,3.981071705534973,199.52623149688807,22.88375569015978,128.18382931264455
1.0,5.011872336272725,199.52623149688807,22.455342907059652,131.62277660168382
1.0,6.309573444801933,199.52623149688807,21.987138457857377,135.48133892335755
1.0,7.943282347242818,199.52623149688807,21.47702080388624,139.81071705534976
1.0,10.0,199.52623149688807,20.92313659820354,144.6683592150963
1.0,12.589254117941675,199.52623149688807,20.324008435604256,150.11872336272722
1.0,15.848931924611142,199.52623149688807,19.678656514753353,156.23413251903492
1.0,19.952623149688808,199.52623149688807,18.986731603272887,163.09573444801936
1.0,25.11886431509582,199.52623149688807,18.248654778773368,170.79457843841382
1.0,31.622776601683793,199.52623149688807,17.46575713719694,179.4328234724282
1.0,39.810717055349734,199.52623149688807,16.64041015098916,189.12509381337458
1.0,50.11872336272725,199.52623149688807,15.776134879636212,200.00000000000003
1.0,63.095734448019364,199.52623149688807,14.877676178806988,212.2018454301964
1.0,79.43282347242821,199.52623149688807,13.951026949345668,225.89254117941678
1.0,100.0,199.52623149688807,13.003387925514945,241.2537544622755
1.0,125.89254117941675,199.52623149688807,12.043051112937524,258.48931924611145
1.0,158.48931924611142,199.52623149688807,11.079200151324216,277.8279410038924
1.0,199.52623149688807,199.52623149688807,10.12162860085886,299.5262314968881
1.0,251.18864315095823,199.52623149688807,9.180386853826688,323.8721138568341
1.0,316.22776601683796,199.52623149688807,8.265378798203145,351.1886431509581
1.0,398.1071705534973,199.52623149688807,7.385938674136967,381.8382931264455
1.0,501.18723362727246,199.52623149688807,6.550424697035295,416.227766016838
1.0,630.9573444801937,199.52623149688807,5.765867204337471,454.8133892335757
1.0,794.3282347242822,199.52623149688807,5.037704439718278,498.10717055349755
1.0,1000.0,199.52623149688807,4.369629041159254,546.6835921509632
1.0,0.1,251.18864315095823,22.80461275381196,105.01187233627272
1.0,0.12589254117941673,251.18864315095823,22.736313038938007,105.6234132519035
1.0,0.15848931924611134,251.18864315095823,22.659999306590628,106.30957344480194
1.0,0.19952623149688797,251.18864315095823,22.574774450368814,107.07945784384137
1.0,0.251188643150958,251.18864315095823,22.479651977657987,107.94328234724281
1.0,0.31622776601683794,251.18864315095823,22.373549967875213,108.91250938133743
1.0,0.3981071705534973,251.18864315095823,22.25528542100718,110.0
1.0,0.5011872336272724,251.18864315095823,22.123569284555597,111.22018454301964
1.0,0.6309573444801934,251.18864315095823,21.977002524943124,112.58925411794169
1.0,0.7943282347242815,251.18864315095823,21.8140737008896,114.12537544622757
1.0,1.0,251.18864315095823,21.633158601538373,115.84893192461114
1.0,1.2589254117941675,251.18864315095823,21.432522630479276,117.78279410038925
1.0,1.584893192461114,251.18864315095823,21.210326745992994,119.9526231496888
1.0,1.9952623149688797,251.18864315095823,20.964637903275896,122.3872113856834
1.0,2.511886431509581,251.18864315095823,20.69344507836656,125.11886431509583
1.0,3.1622776601683795,251.18864315095823,20.394682074018995,128.18382931264455
1.0,3.981071705534973,251.18864315095823,20.066258397451584,131.62277660168382
1.0,5.011872336272725,251.18864315095823,19.70609953470505,135.48133892335758
1.0,6.309573444801933,251.18864315095823,19.312197894597222,139.81071705534976
1.0,7.943282347242818,251.18864315095823,18.882675517257372,144.66835921509633
1.0,10.0,251.18864315095823,18.415859290934378,150.11872336272725
1.0,12.589254117941675,251.18864315095823,17.910368844501104,156.23413251903492
1.0,15.848931924611142,251.18864315095823,17.36521643095216,163.09573444801939
1.0,19.952623149688808,251.18864315095823,16.77991694860579,170.79457843841385
1.0,25.11886431509582,251.18864315095823,16.154604745537544,179.4328234724282
1.0,31.622776601683793,251.18864315095823,15.490152046521002,189.12509381337458
1.0,39.810717055349734,251.18864315095823,14.78828182456163,200.00000000000006
1.0,50.11872336272725,251.18864315095823,14.051665894852327,212.2018454301964
1.0,63.095734448019364,251.18864315095823,13.283997227754552,225.89254117941684
1.0,79.43282347242821,251.18864315095823,12.49002435504892,241.25375446227554
1.0,100.0,251.18864315095823,11.675535751472802,258.48931924611145
1.0,125.89254117941675,251.18864315095823,10.847283686381036,277.8279410038924
1.0,158.48931924611142,251.18864315095823,10.012840619290163,299.5262314968881
1.0,199.52623149688807,251.18864315095823,9.180386853826688,323.8721138568341
1.0,251.18864315095823,251.18864315095823,8.35843554677331,351.1886431509582
1.0,316.22776601683796,251.18864315095823,7.555509463160688,381.83829312644554
1.0,398.1071705534973,251.18864315095823,6.779791768244609,416.2277660168381
1.0,501.18723362727246,251.18864315095823,6.038779072349216,454.81338923357566
1.0,630.9573444801937,251.18864315095823,5.338967406592134,498.10717055349755
1.0,794.3282347242822,251.18864315095823,4.685599852371244,546.6835921509635
1.0,1000.0,251.18864315095823,4.082498122195138,601.1872336272725
1.0,0.1,316.22776601683796,19.689492770960573,105.6234132519035
1.0,0.12589254117941673,316.22776601683796,19.633268731652503,106.30957344480194
1.0,0.15848931924611134,316.22776601683796,19.570439358945833,107.07945784384138
1.0,0.19952623149688797,316.22776601683796,19.500263097584615,107.94328234724281
1.0,0.251188643150958,316.22776601683796,19.421923933695535,108.91250938133744
1.0,0.31622776601683794,316.22776601683796,19.334526196246536,109.99999999999997
1.0,0.3981071705534973,316.22776601683796,19.237089626626734,111.22018454301966
1.0,0.5011872336272724,316.22776601683796,19.12854494230053,112.58925411794169
1.0,0.6309573444801934,316.22776601683796,19.007730182796926,114.12537544622754
1.0,0.7943282347242815,316.22776601683796,18.873388199655675,115.84893192461112
1.0,1.0,316.22776601683796,18.724165736735806,117.78279410038922
1.0,1.2589254117941675,316.22776601683796,18.558614643111845,119.9526231496888
1.0,1.584893192461114,316.22776601683796,18.375195866071753,122.3872113856834
1.0,1.9952623149688797,316.22776601683796,18.172286983198568,125.1188643150958
1.0,2.511886431509581,316.22776601683796,17.948194144458608,128.18382931264455
1.0,3.1622776601683795,316.22776601683796,17.70116939868043,131.6227766016838
1.0,3.981071705534973,316.22776601683796,17.429434460656374,135.48133892335755
1.0,5.011872336272725,316.22776601683796,17.131212017056253,139.8107170553497
1.0,6.309573444801933,316.22776601683796,16.804765647171955,144.6683592150963
1.0,7.943282347242818,316.22776601683796,16.448449317590782,150.11872336272725
1.0,10.0,316.22776601683796,16.060767161613537,156.23413251903492
1.0,12.589254117941675,316.22776601683796,15.640443833751158,163.09573444801933
1.0,15.848931924611142,316.22776601683796,15.186505095738655,170.7945784384138
1.0,19.952623149688808,316.22776601683796,14.698367408332626,179.43282347242814
1.0,25.11886431509582,316.22776601683796,14.17593415447498,189.12509381337458
1.0,31.622776601683793,316.22776601683796,13.619694716690837,199.99999999999997
1.0,39.810717055349734,316.22776601683796,13.03082103521793,212.20184543019639
1.0,50.11872336272725,316.22776601683796,12.411254609583388,225.89254117941675
1.0,63.095734448019364,316.22776601683796,11.763775381449863,241.25375446227548
1.0,79.43282347242821,316.22776601683796,11.092042840145087,258.48931924611145
1.0,100.0,316.22776601683796,10.400599380406094,277.8279410038923
1.0,125.89254117941675,316.22776601683796,9.694826791009294,299.526231496888
1.0,158.48931924611142,316.22776601683796,8.980849080195647,323.872113856834
1.0,199.52623149688807,316.22776601683796,8.265378798203145,351.18864315095806
1.0,251.18864315095823,316.22776601683796,7.555509463160688,381.83829312644554
1.0,316.22776601683796,316.22776601683796,6.858463126465372,416.22776601683796
1.0,398.1071705534973,316.22776601683796,6.181308637711903,454.8133892335755
1.0,501.18723362727246,316.22776601683796,5.530671622483583,498.10717055349727
1.0,630.9573444801937,316.22776601683796,4.912460362994816,546.6835921509632
1.0,794.3282347242822,316.22776601683796,4.331631742581253,601.1872336272726
1.0,1000.0,316.22776601683796,3.7920178348648954,662.341325190349
1.0,0.1,398.1071705534973,16.835270586865096,106.30957344480193
1.0,0.12589254117941673,398.1071705534973,16.78972836829956,107.0794578438414
1.0,0.15848931924611134,398.1071705534973,16.738827844948197,107.94328234724281
1.0,0.19952623149688797,398.1071705534973,16.681965415440008,108.91250938133746
1.0,0.251188643150958,398.1071705534973,16.618476329596042,110.0
1.0,0.31622776601683794,398.1071705534973,16.547630264021873,111.22018454301966
1.0,0.3981071705534973,398.1071705534973,16.46862706490624,112.58925411794169
1.0,0.5011872336272724,398.1071705534973,16.380592830682268,114.12537544622754
1.0,0.6309573444801934,398.1071705534973,16.282576556034183,115.84893192461112
1.0,0.7943282347242815,398.1071705534973,16.173547616474345,117.78279410038922
1.0,1.0,398.1071705534973,16.052394439797812,119.9526231496888
1.0,1.2589254117941675,398.1071705534973,15.917924787024983,122.38721138568339
1.0,1.584893192461114,398.1071705534973,15.768868149993043,125.1188643150958
1.0,1.9952623149688797,398.1071705534973,15.603880863312558,128.18382931264455
1.0,2.511886431509581,398.1071705534973,15.421554620936172,131.6227766016838
1.0,3.1622776601683795,398.1071705534973,15.220429175638047,135.48133892335755
1.0,3.981071705534973,398.1071705534973,14.999010073673272,139.81071705534973
1.0,5.011872336272725,398.1071705534973,14.755792323267412,144.6683592150963
1.0,6.309573444801933,398.1071705534973,14.489290896276723,150.11872336272722
1.0,7.943282347242818,398.1071705534973,14.198078894245308,156.23413251903492
1.0,10.0,398.1071705534973,13.88083404516493,163.09573444801933
1.0,12.589254117941675,398.1071705534973,13.536393903706564,170.7945784384138
1.0,15.848931924611142,398.1071705534973,13.163819672473487,179.43282347242817
1.0,19.952623149688808,398.1071705534973,12.762467915212586,189.1250938133746
1.0,25.11886431509582,398.1071705534973,12.332068575768465,200.00000000000006
1.0,31.622776601683793,398.1071705534973,11.872806650395338,212.20184543019636
1.0,39.810717055349734,398.1071705534973,11.385403620686937,225.89254117941672
1.0,50.11872336272725,398.1071705534973,10.871193421802221,241.25375446227548
1.0,63.095734448019364,398.1071705534973,10.332186436957375,258.48931924611145
1.0,79.43282347242821,398.1071705534973,9.771113980018564,277.82794100389236
1.0,100.0,398.1071705534973,9.191445216187555,299.526231496888
1.0,125.89254117941675,398.1071705534973,8.59736876855576,323.87211385683406
1.0,158.48931924611142,398.1071705534973,7.993732635649983,351.18864315095806
1.0,199.52623149688807,398.1071705534973,7.385938674136967,381.8382931264455
1.0,251.18864315095823,398.1071705534973,6.779791768244609,416.2277660168381
1.0,316.22776601683796,398.1071705534973,6.181308637711903,454.8133892335755
1.0,398.1071705534973,398.1071705534973,5.596496458772615,498.10717055349727
1.0,501.18723362727246,398.1071705534973,5.03111626621856,546.6835921509632
1.0,630.9573444801937,398.1071705534973,4.490449533483345,601.1872336272725
1.0,794.3282347242822,398.1071705534973,3.979087558201832,662.3413251903494
1.0,1000.0,398.1071705534973,3.500761821110669,730.9573444801933
1.0,0.1,501.18723362727246,14.261580247406515,107.07945784384138
1.0,0.12589254117941673,501.18723362727246,14.225268635397347,107.94328234724283
1.0,0.15848931924611134,501.18723362727246,14.184677553848035,108.91250938133746
1.0,0.19952623149688797,501.18723362727246,14.13932307117469,110.00000000000001
1.0,0.251188643150958,501.18723362727246,14.088671740615668,111.22018454301964
1.0,0.31622776601683794,501.18723362727246,14.032136879076036,112.58925411794168
1.0,0.3981071705534973,501.18723362727246,13.969074934217234,114.12537544622757
1.0,0.5011872336272724,501.18723362727246,13.898782068180802,115.84893192461114
1.0,0.6309573444801934,501.18723362727246,13.820491123821093,117.78279410038925
1.0,0.7943282347242815,501.18723362727246,13.733369183894323,119.95262314968879
1.0,1.0,501.18723362727246,13.636515985760106,122.3872113856834
1.0,1.2589254117941675,501.18723362727246,13.52896351387607,125.1188643150958
1.0,1.584893192461114,501.18723362727246,13.409677159188885,128.18382931264455
1.0,1.9952623149688797,501.18723362727246,13.277558907028302,131.6227766016838
1.0,2.511886431509581,501.18723362727246,13.131453090592968,135.48133892335753
1.0,3.1622776601683795,501.18723362727246,12.970155321113154,139.81071705534973
1.0,3.981071705534973,501.18723362727246,12.792425271509625,144.6683592150963
1.0,5.011872336272725,501.18723362727246,12.597004038152654,150.11872336272722
1.0,6.309573444801933,501.18723362727246,12.382636822000746,156.23413251903492
1.0,7.943282347242818,501.18723362727246,12.1481016389171,163.09573444801936
1.0,10.0,501.18723362727246,11.89224466833161,170.79457843841382
1.0,12.589254117941675,501.18723362727246,11.614022655274084,179.43282347242817
1.0,15.848931924611142,501.18723362727246,11.312552466995704,189.1250938133746
1.0,19.952623149688808,501.18723362727246,10.98716744699371,200.00000000000006
1.0,25.11886431509582,501.18723362727246,10.637479587444776,212.20184543019639
1.0,31.622776601683793,501.18723362727246,10.263445750178603,225.89254117941672
1.0,39.810717055349734,501.18723362727246,9.865435222997807,241.25375446227548
1.0,50.11872336272725,501.18723362727246,9.444294851683491,258.4893192461114
1.0,63.095734448019364,501.18723362727246,9.001406930367912,277.82794100389236
1.0,79.43282347242821,501.18723362727246,8.53873410505369,299.52623149688804
1.0,100.0,501.18723362727246,8.058844935240742,323.872113856834
1.0,125.89254117941675,501.18723362727246,7.564913687937724,351.1886431509581
1.0,158.48931924611142,501.18723362727246,7.060688628599317,381.8382931264455
1.0,199.52623149688807,501.18723362727246,6.550424697035295,416.227766016838
1.0,251.18864315095823,501.18723362727246,6.038779072349216,454.81338923357566
1.0,316.22776601683796,501.18723362727246,5.530671622483583,498.10717055349727
1.0,398.1071705534973,501.18723362727246,5.03111626621856,546.6835921509631
1.0,501.18723362727246,501.18723362727246,4.545033301008706,601.1872336272725
1.0,630.9573444801937,501.18723362727246,4.077056078718589,662.3413251903493
1.0,794.3282347242822,501.18723362727246,3.631347346004442,730.9573444801936
1.0,1000.0,501.18723362727246,3.211440577919411,807.9457843841382
1.0,0.1,630.9573444801937,11.976515582213063,107.94328234724283
1.0,0.12589254117941673,630.9573444801937,11.94799862292009,108.91250938133747
1.0,0.15848931924611134,630.9573444801937,11.916114568247473,109.99999999999997
1.0,0.19952623149688797,630.9573444801937,11.880481047867258,111.22018454301963
1.0,0.251188643150958,630.9573444801937,11.840676145073777,112.58925411794168
1.0,0.31622776601683794,630.9573444801937,11.796235306502961,114.12537544622755
1.0,0.3981071705534973,630.9573444801937,11.74664828208206,115.84893192461114
1.0,0.5011872336272724,630.9573444801937,11.691356188006967,117.78279410038924
1.0,0.6309573444801934,630.9573444801937,11.629748813731672,119.95262314968883
1.0,0.7943282347242815,630.9573444801937,11.561162327682919,122.38721138568339
1.0,1.0,630.9573444801937,11.484877576131003,125.1188643150958
1.0,1.2589254117941675,630.9573444801937,11.40011921556159,128.18382931264458
1.0,1.584893192461114,630.9573444801937,11.306055970812904,131.62277660168382
1.0,1.9952623149688797,630.9573444801937,11.201802368361824,135.48133892335755
1.0,2.511886431509581,630.9573444801937,11.086422354761215,139.81071705534976
1.0,3.1622776601683795,630.9573444801937,10.958935271406782,144.66835921509633
1.0,3.981071705534973,630.9573444801937,10.81832471394441,150.11872336272725
1.0,5.011872336272725,630.9573444801937,10.663550851001755,156.23413251903494
1.0,6.309573444801933,630.9573444801937,10.49356680324604,163.09573444801939
1.0,7.943282347242818,630.9573444801937,10.307339677780254,170.79457843841382
1.0,10.0,630.9573444801937,10.103876799207256,179.4328234724282
1.0,12.589254117941675,630.9573444801937,9.88225755902958,189.12509381337458
1.0,15.848931924611142,630.9573444801937,9.641671099114138,200.00000000000006
1.0,19.952623149688808,630.9573444801937,9.381459732290587,212.2018454301964
1.0,25.11886431509582,630.9573444801937,9.10116756635389,225.8925411794168
1.0,31.622776601683793,630.9573444801937,8.80059322716946,241.2537544622755
1.0,39.810717055349734,630.9573444801937,8.479844876772693,258.48931924611145
1.0,50.11872336272725,630.9573444801937,8.139394919710922,277.82794100389236
1.0,63.095734448019364,630.9573444801937,7.780130941605274,299.52623149688804
1.0,79.43282347242821,630.9573444801937,7.403398620354547,323.8721138568341
1.0,100.0,630.9573444801937,7.0110317228119134,351.18864315095817
1.0,125.89254117941675,630.9573444801937,6.6053640099213755,381.83829312644554
1.0,158.48931924611142,630.9573444801937,6.189218096434939,416.22776601683813
1.0,199.52623149688807,630.9573444801937,5.765867204337471,454.81338923357566
1.0,251.18864315095823,630.9573444801937,5.338967406592134,498.10717055349755
1.0,316.22776601683796,630.9573444801937,4.912460362994816,546.6835921509632
1.0,398.1071705534973,630.9573444801937,4.490449533483345,601.1872336272726
1.0,501.18723362727246,630.9573444801937,4.077056078718589,662.3413251903493
1.0,630.9573444801937,630.9573444801937,3.6762636439524807,730.9573444801936
1.0,794.3282347242822,630.9573444801937,3.291763425594362,807.9457843841385
1.0,1000.0,630.9573444801937,2.92681184841082,894.3282347242817
1.0,0.1,794.3282347242822,9.977292068189021,108.91250938133746
1.0,0.12589254117941673,794.3282347242822,9.95521234665374,110.00000000000001
1.0,0.15848931924611134,794.3282347242822,9.930520391754753,111.22018454301964
1.0,0.19952623149688797,794.3282347242822,9.902918217045375,112.58925411794169
1.0,0.251188643150958,794.3282347242822,9.872076667104217,114.12537544622757
1.0,0.31622776601683794,794.3282347242822,9.83763288491552,115.84893192461114
1.0,0.3981071705534973,794.3282347242822,9.799187770028775,117.78279410038924
1.0,0.5011872336272724,794.3282347242822,9.756303492606744,119.9526231496888
1.0,0.6309573444801934,794.3282347242822,9.70850114922622,122.38721138568341
1.0,0.7943282347242815,794.3282347242822,9.655258671310147,125.1188643150958
1.0,1.0,794.3282347242822,9.596009126762288,128.18382931264455
1.0,1.2589254117941675,794.3282347242822,9.530139590020706,131.6227766016838
1.0,1.584893192461114,794.3282347242822,9.456990795365927,135.48133892335758
1.0,1.9952623149688797,794.3282347242822,9.375857832532459,139.81071705534973
1.0,2.511886431509581,794.3282347242822,9.28599219149719,144.66835921509633
1.0,3.1622776601683795,794.3282347242822,9.186605512924206,150.11872336272725
1.0,3.981071705534973,794.3282347242822,9.076875449146392,156.23413251903494
1.0,5.011872336272725,794.3282347242822,8.955954083273493,163.09573444801939
1.0,6.309573444801933,794.3282347242822,8.82297938467716,170.79457843841382
1.0,7.943282347242818,794.3282347242822,8.677090189155813,179.4328234724282
1.0,10.0,794.3282347242822,8.517445170535323,189.1250938133746
1.0,12.589254117941675,794.3282347242822,8.343246203913008,200.00000000000006
1.0,15.848931924611142,794.3282347242822,8.153766393813674,212.2018454301964
1.0,19.952623149688808,794.3282347242822,7.948382836893473,225.8925411794168
1.0,25.11886431509582,794.3282347242822,7.726613893234774,241.25375446227554
1.0,31.622776601683793,794.3282347242822,7.488160341580552,258.48931924611145
1.0,39.810717055349734,794.3282347242822,7.232949289377132,277.82794100389236
1.0,50.11872336272725,794.3282347242822,6.961179109494145,299.5262314968881
1.0,63.095734448019364,794.3282347242822,6.673363013308711,323.87211385683406
1.0,79.43282347242821,794.3282347242822,6.370368201540794,351.1886431509582
1.0,100.0,794.3282347242822,6.053446945957768,381.83829312644554
1.0,125.89254117941675,794.3282347242822,5.724255560646325,416.22776601683813
1.0,158.48931924611142,794.3282347242822,5.38485715352255,454.8133892335757
1.0,199.52623149688807,794.3282347242822,5.037704439718278,498.10717055349755
1.0,251.18864315095823,794.3282347242822,4.685599852371244,546.6835921509635
1.0,316.22776601683796,794.3282347242822,4.331631742581253,601.1872336272726
1.0,398.1071705534973,794.3282347242822,3.979087558201832,662.3413251903494
1.0,501.18723362727246,794.3282347242822,3.631347346004442,730.9573444801936
1.0,630.9573444801937,794.3282347242822,3.291763425594362,807.9457843841385
1.0,794.3282347242822,794.3282347242822,2.963534240467162,894.3282347242822
1.0,1000.0,794.3282347242822,2.6495817893780824,991.2509381337459
1.0,0.1,1000.0,8.251859009185706,110.0
1.0,0.12589254117941673,1000.0,8.234985125979994,111.22018454301964
1.0,0.15848931924611134,1000.0,8.216110748238771,112.58925411794168
1.0,0.19952623149688797,1000.0,8.19500660360661,114.12537544622755
1.0,0.251188643150958,1000.0,8.17141915951332,115.84893192461112
1.0,0.31622776601683794,1000.0,8.145068575366004,117.78279410038922
1.0,0.3981071705534973,1000.0,8.115646621387016,119.9526231496888
1.0,0.5011872336272724,1000.0,8.082814608368414,122.3872113856834
1.0,0.6309573444801934,1000.0,8.046201387579773,125.1188643150958
1.0,0.7943282347242815,1000.0,8.005401498246846,128.18382931264455
1.0,1.0,1000.0,7.959973561786006,131.6227766016838
1.0,1.2589254117941675,1000.0,7.909439047627517,135.48133892335755
1.0,1.584893192461114,1000.0,7.853281565132674,139.81071705534973
1.0,1.9952623149688797,1000.0,7.790946869697232,144.66835921509633
1.0,2.511886431509581,1000.0,7.721843808140539,150.1187233627272
1.0,3.1622776601683795,1000.0,7.645346467849933,156.23413251903486
1.0,3.981071705534973,1000.0,7.560797834045599,163.0957344480193
1.0,5.011872336272725,1000.0,7.467515297079718,170.79457843841382
1.0,6.309573444801933,1000.0,7.364798382692557,179.43282347242817
1.0,7.943282347242818,1000.0,7.251939096822198,189.12509381337458
1.0,10.0,1000.0,7.1282352752763805,199.99999999999997
1.0,12.589254117941675,1000.0,6.9930072977623885,212.20184543019636
1.0,15.848931924611142,1000.0,6.845618454083152,225.89254117941672
1.0,19.952623149688808,1000.0,6.685499125148187,241.2537544622755
1.0,25.11886431509582,1000.0,6.512174750101148,258.48931924611145
1.0,31.622776601683793,1000.0,6.325297282397937,277.82794100389225
1.0,39.810717055349734,1000.0,6.124679485753245,299.526231496888
1.0,50.11872336272725,1000.0,5.910330987563335,323.872113856834
1.0,63.095734448019364,1000.0,5.6824945076578155,351.18864315095806
1.0,79.43282347242821,1000.0,5.441680146547597,381.8382931264454
1.0,100.0,1000.0,5.188695103542904,416.22776601683796
1.0,125.89254117941675,1000.0,4.924665777557533,454.8133892335755
1.0,158.48931924611142,1000.0,4.651048977635305,498.1071705534973
1.0,199.52623149688807,1000.0,4.369629041159254,546.6835921509632
1.0,251.18864315095823,1000.0,4.082498122195138,601.1872336272726
1.0,316.22776601683796,1000.0,3.7920178348648954,662.341325190349
1.0,398.1071705534973,1000.0,3.500761821110669,730.9573444801933
1.0,501.18723362727246,1000.0,3.211440577919411,807.945784384138
1.0,630.9573444801937,1000.0,2.92681184841082,894.3282347242817
1.0,794.3282347242822,1000.0,2.6495817893780824,991.2509381337459
1.0,1000.0,1000.0,2.382303659696906,1100.0
10.0,0.1,0.1,98.01990000249988,100.1
10.0,0.12589254117941673,0.1,97.9003769185471,100.11220184543019
10.0,0.15848931924611134,0.1,97.76644422890435,100.12589254117941
10.0,0.19952623149688797,0.1,97.61638862650146,100.14125375446227
10.0,0.251188643150958,0.1,97.44829928800384,100.15848931924612
10.0,0.31622776601683794,0.1,97.26004672173738,100.1778279410039
10.0,0.3981071705534973,0.1,97.04925978198621,100.19952623149689
10.0,0.5011872336272724,0.1,96.81330081277223,100.22387211385683
10.0,0.6309573444801934,0.1,96.5492389253629,100.25118864315095
10.0,0.7943282347242815,0.1,96.25382147059692,100.28183829312644
10.0,1.0,0.1,95.92344384389139,100.31622776601684
10.0,1.2589254117941675,0.1,95.55411786263686,100.35481338923357
10.0,1.584893192461114,0.1,95.14143908880673,100.3981071705535
10.0,1.9952623149688797,0.1,94.68055364140227,100.44668359215096
10.0,2.511886431509581,0.1,94.1661252625335,100.50118723362728
10.0,3.1622776601683795,0.1,93.59230367755849,100.56234132519035
10.0,3.981071705534973,0.1,92.95269563513678,100.6309573444802
10.0,5.011872336272725,0.1,92.2403404397407,100.70794578438414
10.0,6.309573444801933,0.1,91.44769231011905,100.79432823472428
10.0,7.943282347242818,0.1,90.56661252505013,100.89125093813375
10.0,10.0,0.1,89.58837506311484,101.0
10.0,12.589254117941675,0.1,88.50369031229268,101.12201845430197
10.0,15.848931924611142,0.1,87.30275241566162,101.25892541179417
10.0,19.952623149688808,0.1,85.97531691489694,101.41253754462275
10.0,25.11886431509582,0.1,84.51081651471114,101.58489319246111
10.0,31.622776601683793,0.1,82.89852394598803,101.77827941003892
10.0,39.810717055349734,0.1,81.12777193088561,101.99526231496888
10.0,50.11872336272725,0.1,79.18824095811566,102.23872113856834
10.0,63.095734448019364,0.1,77.07032567624496,102.51188643150958
10.0,79.43282347242821,0.1,74.76558980299527,102.81838293126445
10.0,100.0,0.1,72.26731698164525,103.16227766016837
10.0,125.89254117941675,0.1,69.57116028962645,103.54813389233576
10.0,158.48931924611142,0.1,66.67588528164552,103.98107170553499
10.0,199.52623149688807,0.1,63.58418963625361,104.46683592150964
10.0,251.18864315095823,0.1,60.3035659028007,105.01187233627272
10.0,316.22776601683796,0.1,56.84715221228387,105.62341325190349
10.0,398.1071705534973,0.1,53.23448982760991,106.30957344480194
10.0,501.18723362727246,0.1,49.492078538072214,107.07945784384138
10.0,630.9573444801937,0.1,45.65359623830517,107.94328234724281
10.0,794.3282347242822,0.1,41.75963589028859,108.91250938133747
10.0,1000.0,0.1,37.85682270579875,109.99999999999999
10.0,0.1,0.12589254117941673,97.9003769185471,100.11220184543019
10.0,0.12589254117941673,0.12589254117941673,97.7810003503229,100.12589254117941
10.0,0.15848931924611134,0.12589254117941673,97.64723189187784,100.14125375446227
10.0,0.19952623149688797,0.12589254117941673,97.49736035577799,100.15848931924612
10.0,0.251188643150958,0.12589254117941673,97.32947728609471,100.1778279410039
10.0,0.31622776601683794,0.12589254117941673,97.1414558337509,100.19952623149689
10.0,0.3981071705534973,0.12589254117941673,96.93092780085871,100.22387211385683
10.0,0.5011872336272724,0.12589254117941673,96.69525881729123,100.25118864315095
10.0,0.6309573444801934,0.12589254117941673,96.43152165383215,100.28183829312644
10.0,0.7943282347242815,0.12589254117941673,96.13646773304677,100.31622776601684
10.0,1.0,0.12589254117941673,95.80649697571836,100.35481338923357
10.0,1.2589254117941675,0.12589254117941673,95.43762622244148,100.3981071705535
10.0,1.584893192461114,0.12589254117941673,95.0254566029495,100.44668359215096
10.0,1.9952623149688797,0.12589254117941673,94.56514039737091,100.50118723362728
10.0,2.511886431509581,0.12589254117941673,94.0513481525481,100.56234132519035
10.0,3.1622776601683795,0.12589254117941673,93.47823709286448,100.6309573444802
10.0,3.981071705534973,0.12589254117941673,92.83942221005287,100.70794578438414
10.0,5.011872336272725,0.12589254117941673,92.12795184262403,100.79432823472428
10.0,6.309573444801933,0.12589254117941673,91.33629007583775,100.89125093813375
10.0,7.943282347242818,0.12589254117941673,90.45630892013978,101.0
10.0,10.0,0.12589254117941673,89.47929397032074,101.12201845430197
10.0,12.589254117941675,0.12589254117941673,88.39596811541854,101.25892541179417
10.0,15.848931924611142,0.12589254117941673,87.19653885825407,101.41253754462275
10.0,19.952623149688808,0.12589254117941673,85.87077589697384,101.58489319246111
10.0,25.11886431509582,0.12589254117941673,84.40812678013245,101.77827941003892
10.0,31.622776601683793,0.12589254117941673,82.79787959884018,101.99526231496887
10.0,39.810717055349734,0.12589254117941673,81.02938270212746,102.23872113856834
10.0,50.11872336272725,0.12589254117941673,79.09233212361805,102.51188643150958
10.0,63.095734448019364,0.12589254117941673,76.97713750446351,102.81838293126445
10.0,79.43282347242821,0.12589254117941673,74.67537638563604,103.16227766016837
10.0,100.0,0.12589254117941673,72.1803442755215,103.54813389233576
10.0,125.89254117941675,0.12589254117941673,69.48770317557594,103.98107170553497
10.0,158.48931924611142,0.12589254117941673,66.59622343202675,104.46683592150964
10.0,199.52623149688807,0.12589254117941673,63.50860198403143,105.01187233627273
10.0,251.18864315095823,0.12589254117941673,60.23232353374536,105.6234132519035
10.0,316.22776601683796,0.12589254117941673,56.7805095719275,106.30957344480194
10.0,398.1071705534973,0.12589254117941673,53.17267426323916,107.07945784384137
10.0,501.18723362727246,0.12589254117941673,49.43527839911797,107.94328234724281
10.0,630.9573444801937,0.12589254117941673,45.60194804428208,108.91250938133746
10.0,794.3282347242822,0.12589254117941673,41.71321143372616,110.00000000000001
10.0,1000.0,0.12589254117941673,37.815617345985146,111.22018454301963
10.0,0.1,0.15848931924611134,97.76644422890435,100.12589254117941
10.0,0.12589254117941673,0.15848931924611134,97.64723189187784,100.14125375446227
10.0,0.15848931924611134,0.15848931924611134,97.51364752193446,100.15848931924612
10.0,0.19952623149688797,0.15848931924611134,97.36398230750027,100.1778279410039
10.0,0.251188643150958,0.15848931924611134,97.19633044621521,100.19952623149689
10.0,0.31622776601683794,0.15848931924611134,97.00856805101107,100.22387211385683
10.0,0.3981071705534973,0.15848931924611134,96.7983302281155,100.25118864315095
10.0,0.5011872336272724,0.15848931924611134,96.56298629037163,100.28183829312644
10.0,0.6309573444801934,0.15848931924611134,96.29961311033001,100.31622776601684
10.0,0.7943282347242815,0.15848931924611134,96.00496667431216,100.35481338923357
10.0,1.0,0.15848931924611134,95.67545197526958,100.3981071705535
10.0,1.2589254117941675,0.15848931924611134,95.30709148389977,100.44668359215096
10.0,1.584893192461114,0.15848931924611134,94.8954925703163,100.50118723362728
10.0,1.9952623149688797,0.15848931924611134,94.43581441998738,100.56234132519035
10.0,2.511886431509581,0.15848931924611134,93.92273520632979,100.6309573444802
10.0,3.1622776601683795,0.15848931924611134,93.35042055830627,100.70794578438414
10.0,3.981071705534973,0.15848931924611134,92.71249470594849,100.79432823472428
10.0,5.011872336272725,0.15848931924611134,92.00201611230635,100.89125093813374
10.0,6.309573444801933,0.15848931924611134,91.21145991986243,101.0
10.0,7.943282347242818,0.15848931924611134,90.33271016550326,101.12201845430197
10.0,10.0,0.15848931924611134,89.35706546128925,101.25892541179417
10.0,12.589254117941675,0.15848931924611134,88.2752627045579,101.41253754462275
10.0,15.848931924611142,0.15848931924611134,87.07752436796794,101.58489319246111
10.0,19.952623149688808,0.15848931924611134,85.7536360114043,101.77827941003892
10.0,25.11886431509582,0.15848931924611134,84.29306181426992,101.99526231496888
10.0,31.622776601683793,0.15848931924611134,82.68510707574195,102.23872113856834
10.0,39.810717055349734,0.15848931924611134,80.91913764996323,102.51188643150958
10.0,50.11872336272725,0.15848931924611134,78.98486698172792,102.81838293126447
10.0,63.095734448019364,0.15848931924611134,76.8727215019814,103.16227766016837
10.0,79.43282347242821,0.15848931924611134,74.5742942283852,103.54813389233576
10.0,100.0,0.15848931924611134,72.0828939487444,103.98107170553497
10.0,125.89254117941675,0.15848931924611134,69.39419264511652,104.46683592150964
10.0,158.48931924611142,0.15848931924611134,66.50696601060325,105.01187233627272
10.0,199.52623149688807,0.15848931924611134,63.42391013104129,105.62341325190349
10.0,251.18864315095823,0.15848931924611134,60.1525008891457,106.30957344480194
10.0,316.22776601683796,0.15848931924611134,56.705841103459,107.07945784384137
10.0,398.1071705534973,0.15848931924611134,53.10341455051273,107.94328234724281
10.0,501.18723362727246,0.15848931924611134,49.37163830564799,108.91250938133746
10.0,630.9573444801937,0.15848931924611134,45.54408034859423,110.0
10.0,794.3282347242822,0.15848931924611134,41.661196391652844,111.22018454301963
10.0,1000.0,0.15848931924611134,37.7694495906146,112.58925411794168
10.0,0.1,0.19952623149688797,97.61638862650146,100.14125375446227
10.0,0.12589254117941673,0.19952623149688797,97.49736035577799,100.15848931924612
10.0,0.15848931924611134,0.19952623149688797,97.36398230750027,100.1778279410039
10.0,0.19952623149688797,0.19952623149688797,97.21454833281787,100.19952623149689
10.0,0.251188643150958,0.19952623149688797,97.04715560331914,100.22387211385683
10.0,0.31622776601683794,0.19952623149688797,96.85968355154594,100.25118864315095
10.0,0.3981071705534973,0.19952623149688797,96.6497709867219,100.28183829312644
10.0,0.5011872336272724,0.19952623149688797,96.41479134924815,100.31622776601684
10.0,0.6309573444801934,0.19952623149688797,96.1518261085484,100.35481338923357
10.0,0.7943282347242815,0.19952623149688797,95.85763636552592,100.3981071705535
10.0,1.0,0.19952623149688797,95.528632797432,100.44668359215096
10.0,1.2589254117941675,0.19952623149688797,95.16084418446066,100.50118723362728
10.0,1.584893192461114,0.19952623149688797,94.74988489005237,100.56234132519035
10.0,1.9952623149688797,0.19952623149688797,94.29092183808096,100.6309573444802
10.0,2.511886431509581,0.19952623149688797,93.77864174847198,100.70794578438414
10.0,3.1622776601683795,0.19952623149688797,93.20721966836928,100.79432823472428
10.0,3.981071705534973,0.19952623149688797,92.57029018002989,100.89125093813375
10.0,5.011872336272725,0.19952623149688797,91.86092309155141,101.0
10.0,6.309573444801933,0.19952623149688797,91.07160593523369,101.12201845430197
10.0,7.943282347242818,0.19952623149688797,90.19423622337109,101.25892541179417
10.0,10.0,0.19952623149688797,89.22012715309235,101.41253754462275
10.0,12.589254117941675,0.19952623149688797,88.14003131651184,101.58489319246111
10.0,15.848931924611142,0.19952623149688797,86.94418795751211,101.77827941003892
10.0,19.952623149688808,0.19952623149688797,85.6224004053646,101.99526231496888
10.0,25.11886431509582,0.19952623149688797,84.16415146913386,102.23872113856834
10.0,31.622776601683793,0.19952623149688797,82.55876572257868,102.51188643150958
10.0,39.810717055349734,0.19952623149688797,80.7956286250332,102.81838293126445
10.0,50.11872336272725,0.19952623149688797,78.86447311859443,103.16227766016839
10.0,63.095734448019364,0.19952623149688797,76.75574443224275,103.54813389233576
10.0,79.43282347242821,0.19952623149688797,74.46105290698836,103.98107170553497
10.0,100.0,0.19952623149688797,71.97372218837457,104.46683592150964
10.0,125.89254117941675,0.19952623149688797,69.2894354163027,105.01187233627272
10.0,158.48931924611142,0.19952623149688797,66.4069742464069,105.62341325190349
10.0,199.52623149688807,0.19952623149688797,63.329033777378115,106.30957344480194
10.0,251.18864315095823,0.19952623149688797,60.06307997794718,107.07945784384138
10.0,316.22776601683796,0.19952623149688797,56.622194714270506,107.94328234724281
10.0,398.1071705534973,0.19952623149688797,53.02582768787617,108.91250938133746
10.0,501.18723362727246,0.19952623149688797,49.30034697457378,110.0
10.0,630.9573444801937,0.19952623149688797,45.47925546874281,111.22018454301964
10.0,794.3282347242822,0.19952623149688797,41.602927639474586,112.58925411794168
10.0,1000.0,0.19952623149688797,37.717730744270625,114.12537544622754
10.0,0.1,0.251188643150958,97.44829928800384,100.15848931924612
10.0,0.12589254117941673,0.251188643150958,97.32947728609471,100.1778279410039
10.0,0.15848931924611134,0.251188643150958,97.19633044621521,100.19952623149689
10.0,0.19952623149688797,0.251188643150958,97.04715560331914,100.22387211385683
10.0,0.251188643150958,0.251188643150958,96.88005326153427,100.25118864315095
10.0,0.31622776601683794,0.251188643150958,96.69290657325982,100.28183829312644
10.0,0.3981071705534973,0.251188643150958,96.48335849715859,100.31622776601684
10.0,0.5011872336272724,0.251188643150958,96.24878709878301,100.35481338923357
10.0,0.6309573444801934,0.251188643150958,95.9862789985555,100.3981071705535
10.0,0.7943282347242815,0.251188643150958,95.69260102843592,100.44668359215096
10.0,1.0,0.251188643150958,95.36417023504815,100.50118723362728
10.0,1.2589254117941675,0.251188643150958,94.99702246841403,100.56234132519035
10.0,1.584893192461114,0.251188643150958,94.5867799279245,100.6309573444802
10.0,1.9952623149688797,0.251188643150958,94.12861820811494,100.70794578438414
10.0,2.511886431509581,0.251188643150958,93.6172336048508,100.79432823472428
10.0,3.1622776601683795,0.251188643150958,93.04681171765816,100.89125093813375
10.0,3.981071705534973,0.251188643150958,92.41099872742532,101.0
10.0,5.011872336272725,0.251188643150958,91.70287715288904,101.12201845430197
10.0,6.309573444801933,0.251188643150958,90.9149484070777,101.25892541179417
10.0,7.943282347242818,0.251188643150958,90.03912509869026,101.41253754462275
10.0,10.0,0.251188643150958,89.06673676372026,101.58489319246111
10.0,12.589254117941675,0.251188643150958,87.9885535754375,101.77827941003892
10.0,15.848931924611142,0.251188643150958,86.79483356363713,101.99526231496888
10.0,19.952623149688808,0.251188643150958,85.475399960235,102.23872113856834
10.0,25.11886431509582,0.251188643150958,84.01975643881903,102.51188643150958
10.0,31.622776601683793,0.251188643150958,82.41724915785657,102.81838293126445
10.0,39.810717055349734,0.251188643150958,80.65728552897721,103.16227766016837
10.0,50.11872336272725,0.251188643150958,78.72962032240794,103.54813389233576
10.0,63.095734448019364,0.251188643150958,76.62471980807587,103.98107170553497
10.0,79.43282347242821,0.251188643150958,74.33421371162115,104.46683592150964
10.0,100.0,0.251188643150958,71.85144229648448,105.01187233627272
10.0,125.89254117941675,0.251188643150958,69.17210117095044,105.62341325190349
10.0,158.48931924611142,0.251188643150958,66.2949786346276,106.30957344480194
10.0,199.52623149688807,0.251188643150958,63.2227686414158,107.07945784384138
10.0,251.18864315095823,0.251188643150958,59.96292601340971,107.94328234724281
10.0,316.22776601683796,0.251188643150958,56.52850910573102,108.91250938133746
10.0,398.1071705534973,0.251188643150958,52.938929413806214,110.0
10.0,501.18723362727246,0.251188643150958,49.220500099085626,111.22018454301964
10.0,630.9573444801937,0.251188643150958,45.40665113867377,112.58925411794166
10.0,794.3282347242822,0.251188643150958,41.5376660071014,114.12537544622757
10.0,1000.0,0.251188643150958,37.65980457853382,115.84893192461114
10.0,0.1,0.31622776601683794,97.26004672173738,100.1778279410039
10.0,0.12589254117941673,0.31622776601683794,97.1414558337509,100.19952623149689
10.0,0.15848931924611134,0.31622776601683794,97.00856805101107,100.22387211385683
10.0,0.19952623149688797,0.31622776601683794,96.85968355154594,100.25118864315095
10.0,0.251188643150958,0.31622776601683794,96.69290657325982,100.28183829312644
10.0,0.31622776601683794,0.31622776601683794,96.50612443625029,100.31622776601684
10.0,0.3981071705534973,0.31622776601683794,96.29698474814236,100.35481338923357
10.0,0.5011872336272724,0.31622776601683794,96.06287075638501,100.3981071705535
10.0,0.6309573444801934,0.31622776601683794,95.80087485238525,100.44668359215096
10.0,0.7943282347242815,0.31622776601683794,95.50777028889073,100.50118723362728
10.0,1.0,0.31622776601683794,95.17998124835968,100.56234132519035
10.0,1.2589254117941675,0.31622776601683794,94.81355150127993,100.6309573444802
10.0,1.584893192461114,0.31622776601683794,94.40411202566833,100.70794578438414
10.0,1.9952623149688797,0.31622776601683794,93.94684812963553,100.79432823472428
10.0,2.511886431509581,0.31622776601683794,93.43646683656452,100.89125093813375
10.0,3.1622776601683795,0.31622776601683794,92.86716556708542,101.0
10.0,3.981071705534973,0.31622776601683794,92.2326034948798,101.12201845430197
10.0,5.011872336272725,0.31622776601683794,91.52587737670983,101.25892541179417
10.0,6.309573444801933,0.31622776601683794,90.73950417377392,101.41253754462275
10.0,7.943282347242818,0.31622776601683794,89.8654134039637,101.58489319246111
10.0,10.0,0.31622776601683794,88.89495290326116,101.77827941003892
10.0,12.589254117941675,0.31622776601683794,87.8189125352501,101.99526231496888
10.0,15.848931924611142,0.31622776601683794,86.62757136798467,102.23872113856834
10.0,19.952623149688808,0.31622776601683794,85.31077492058286,102.51188643150958
10.0,25.11886431509582,0.31622776601683794,83.85805022885482,102.81838293126445
10.0,31.622776601683793,0.31622776601683794,82.25876761725084,103.16227766016839
10.0,39.810717055349734,0.31622776601683794,80.5023590716055,103.54813389233576
10.0,50.11872336272725,0.31622776601683794,78.57860379313624,103.98107170553497
10.0,63.095734448019364,0.31622776601683794,76.47799159628683,104.46683592150963
10.0,79.43282347242821,0.31622776601683794,74.19217389069362,105.01187233627273
10.0,100.0,0.31622776601683794,71.71450951915567,105.62341325190349
10.0,125.89254117941675,0.31622776601683794,69.0407080158272,106.30957344480194
10.0,158.48931924611142,0.31622776601683794,66.16956507719999,107.07945784384138
10.0,199.52623149688807,0.31622776601683794,63.10377332615257,107.94328234724281
10.0,251.18864315095823,0.31622776601683794,59.850775049439505,108.91250938133746
10.0,316.22776601683796,0.31622776601683794,56.423602220061206,110.0
10.0,398.1071705534973,0.31622776601683794,52.841623499356096,111.22018454301964
10.0,501.18723362727246,0.31622776601683794,49.13109051465148,112.58925411794166
10.0,630.9573444801937,0.31622776601683794,45.325351566699815,114.12537544622754
10.0,794.3282347242822,0.31622776601683794,41.46458823608197,115.84893192461115
10.0,1000.0,0.31622776601683794,37.59494018287058,117.78279410038922
10.0,0.1,0.3981071705534973,97.04925978198621,100.19952623149689
10.0,0.12589254117941673,0.3981071705534973,96.93092780085871,100.22387211385683
10.0,0.15848931924611134,0.3981071705534973,96.7983302281155,100.25118864315095
10.0,0.19952623149688797,0.3981071705534973,96.6497709867219,100.28183829312644
10.0,0.251188643150958,0.3981071705534973,96.48335849715859,100.31622776601684
10.0,0.31622776601683794,0.3981071705534973,96.29698474814236,100.35481338923357
10.0,0.3981071705534973,0.3981071705534973,96.08830255497942,100.3981071705535
10.0,0.5011872336272724,0.3981071705534973,95.8547009697258,100.44668359215096
10.0,0.6309573444801934,0.3981071705534973,95.59327884820257,100.50118723362728
10.0,0.7943282347242815,0.3981071705534973,95.30081663536316,100.56234132519035
10.0,1.0,0.3981071705534973,94.97374650671311,100.6309573444802
10.0,1.2589254117941675,0.3981071705534973,94.60812110453301,100.70794578438414
10.0,1.584893192461114,0.3981071705534973,94.1995812396871,100.79432823472428
10.0,1.9952623149688797,0.3981071705534973,93.74332310013635,100.89125093813375
10.0,2.511886431509581,0.3981071705534973,93.23406572451593,101.0
10.0,3.1622776601683795,0.3981071705534973,92.6660197732169,101.12201845430197
10.0,3.981071705534973,0.3981071705534973,92.03285897154498,101.25892541179417
10.0,5.011872336272725,0.3981071705534973,91.32769602196552,101.41253754462275
10.0,6.309573444801933,0.3981071705534973,90.54306529796955,101.58489319246111
10.0,7.943282347242818,0.3981071705534973,89.67091525307778,101.77827941003892
10.0,10.0,0.3981071705534973,88.70261421529352,101.99526231496888
10.0,12.589254117941675,0.3981071705534973,87.62897409573539,102.23872113856834
10.0,15.848931924611142,0.3981071705534973,86.44029751761956,102.51188643150958
10.0,19.952623149688808,0.3981071705534973,85.12645495147724,102.81838293126445
10.0,25.11886431509582,0.3981071705534973,83.67699958542042,103.16227766016837
10.0,31.622776601683793,0.3981071705534973,82.0813287926414,103.54813389233576
10.0,39.810717055349734,0.3981071705534973,80.32890206046395,103.98107170553497
10.0,50.11872336272725,0.3981071705534973,78.40952592602532,104.46683592150964
10.0,63.095734448019364,0.3981071705534973,76.31371654100377,105.01187233627272
10.0,79.43282347242821,0.3981071705534973,74.03314956212269,105.62341325190349
10.0,100.0,0.3981071705534973,71.56120459545538,106.30957344480193
10.0,125.89254117941675,0.3981071705534973,68.89360672012428,107.07945784384138
10.0,158.48931924611142,0.3981071705534973,66.0291598596792,107.94328234724281
10.0,199.52623149688807,0.3981071705534973,62.97055508536906,108.91250938133746
10.0,251.18864315095823,0.3981071705534973,59.725220583471305,110.0
10.0,316.22776601683796,0.3981071705534973,56.306158723278436,111.22018454301964
10.0,398.1071705534973,0.3981071705534973,52.7326901485062,112.58925411794166
10.0,501.18723362727246,0.3981071705534973,49.03099754607112,114.12537544622755
10.0,630.9573444801937,0.3981071705534973,45.23433774842344,115.84893192461115
10.0,794.3282347242822,0.3981071705534973,41.38277826546733,117.78279410038922
10.0,1000.0,0.3981071705534973,37.5223242167928,119.9526231496888
10.0,0.1,0.5011872336272724,96.81330081277223,100.22387211385683
10.0,0.12589254117941673,0.5011872336272724,96.69525881729123,100.25118864315095
10.0,0.15848931924611134,0.5011872336272724,96.56298629037163,100.28183829312644
10.0,0.19952623149688797,0.5011872336272724,96.41479134924815,100.31622776601684
10.0,0.251188643150958,0.5011872336272724,96.24878709878301,100.35481338923357
10.0,0.31622776601683794,0.5011872336272724,96.06287075638501,100.3981071705535
10.0,0.3981071705534973,0.5011872336272724,95.8547009697258,100.44668359215096
10.0,0.5011872336272724,0.5011872336272724,95.6216732916846,100.50118723362728
10.0,0.6309573444801934,0.5011872336272724,95.3608938177609,100.56234132519035
10.0,0.7943282347242815,0.5011872336272724,95.06915104754728,100.6309573444802
10.0,1.0,0.5011872336272724,94.7428861079183,100.70794578438414
10.0,1.2589254117941675,0.5011872336272724,94.37816157644659,100.79432823472428
10.0,1.584893192461114,0.5011872336272724,93.97062927532428,100.89125093813375
10.0,1.9952623149688797,0.5011872336272724,93.51549757604671,101.0
10.0,2.511886431509581,0.5011872336272724,93.00749897188233,101.12201845430197
10.0,3.1622776601683795,0.5011872336272724,92.44085894861367,101.25892541179417
10.0,3.981071705534973,0.5011872336272724,91.80926752535983,101.41253754462275
10.0,5.011872336272725,0.5011872336272724,91.10585525869101,101.58489319246111
10.0,6.309573444801933,0.5011872336272724,90.3231760174488,101.77827941003892
10.0,7.943282347242818,0.5011872336272724,89.45319945499534,101.99526231496888
10.0,10.0,0.5011872336272724,88.48731684031615,102.23872113856834
10.0,12.589254117941675,0.5011872336272724,87.41636476522817,102.51188643150958
10.0,15.848931924611142,0.5011872336272724,86.23067221921372,102.81838293126445
10.0,19.952623149688808,0.5011872336272724,84.92013759930572,103.16227766016839
10.0,25.11886431509582,0.5011872336272724,83.47434336088257,103.54813389233576
10.0,31.622776601683793,0.5011872336272724,81.88271714346239,103.98107170553497
10.0,39.810717055349734,0.5011872336272724,80.13474920206467,104.46683592150963
10.0,50.11872336272725,0.5011872336272724,78.22027664964688,105.01187233627273
10.0,63.095734448019364,0.5011872336272724,76.12984508811753,105.62341325190349
10.0,79.43282347242821,0.5011872336272724,73.85515727601482,106.30957344480194
10.0,100.0,0.5011872336272724,71.38961601194082,107.07945784384138
10.0,125.89254117941675,0.5011872336272724,68.72896371634283,107.94328234724281
10.0,158.48931924611142,0.5011872336272724,65.87201345306353,108.91250938133746
10.0,199.52623149688807,0.5011872336272724,62.821454479684675,110.0
10.0,251.18864315095823,0.5011872336272724,59.584699117271455,111.22018454301964
10.0,316.22776601683796,0.5011872336272724,56.17471651668024,112.58925411794168
10.0,398.1071705534973,0.5011872336272724,52.61077349965793,114.12537544622754
10.0,501.18723362727246,0.5011872336272724,48.918975529533974,115.84893192461115
10.0,630.9573444801937,0.5011872336272724,45.13247702894192,117.78279410038924
10.0,794.3282347242822,0.5011872336272724,41.29121784074247,119.9526231496888
10.0,1000.0,0.5011872336272724,37.44105255744118,122.3872113856834
10.0,0.1,0.6309573444801934,96.5492389253629,100.25118864315095
10.0,0.12589254117941673,0.6309573444801934,96.43152165383215,100.28183829312644
10.0,0.15848931924611134,0.6309573444801934,96.29961311033001,100.31622776601684
10.0,0.19952623149688797,0.6309573444801934,96.1518261085484,100.35481338923357
10.0,0.251188643150958,0.6309573444801934,95.9862789985555,100.3981071705535
10.0,0.31622776601683794,0.6309573444801934,95.80087485238525,100.44668359215096
10.0,0.3981071705534973,0.6309573444801934,95.59327884820257,100.50118723362728
10.0,0.5011872336272724,0.6309573444801934,95.3608938177609,100.56234132519035
10.0,0.6309573444801934,0.6309573444801934,95.10083396260559,100.6309573444802
10.0,0.7943282347242815,0.6309573444801934,94.80989680071912,100.70794578438414
10.0,1.0,0.6309573444801934,94.48453348121191,100.79432823472428
10.0,1.2589254117941675,0.6309573444801934,94.12081770529937,100.89125093813375
10.0,1.584893192461114,0.6309573444801934,93.71441362327413,101.0
10.0,1.9952623149688797,0.6309573444801934,93.26054324676143,101.12201845430197
10.0,2.511886431509581,0.6309573444801934,92.75395413178131,101.25892541179417
10.0,3.1622776601683795,0.6309573444801934,92.18888836090623,101.41253754462275
10.0,3.981071705534973,0.6309573444801934,91.5590541932251,101.58489319246111
10.0,5.011872336272725,0.6309573444801934,90.85760217106294,101.77827941003892
10.0,6.309573444801933,0.6309573444801934,90.07710798512618,101.99526231496888
10.0,7.943282347242818,0.6309573444801934,89.20956501718051,102.23872113856834
10.0,10.0,0.6309573444801934,88.24639021172528,102.51188643150958
10.0,12.589254117941675,0.6309573444801934,87.17844778105346,102.81838293126445
10.0,15.848931924611142,0.6309573444801934,85.99609621880768,103.16227766016837
10.0,19.952623149688808,0.6309573444801934,84.68926516878304,103.54813389233576
10.0,25.11886431509582,0.6309573444801934,83.24756982913804,103.98107170553497
10.0,31.622776601683793,0.6309573444801934,81.66047169465901,104.46683592150963
10.0,39.810717055349734,0.6309573444801934,79.91749542989187,105.01187233627272
10.0,50.11872336272725,0.6309573444801934,78.00851233440446,105.62341325190349
10.0,63.095734448019364,0.6309573444801934,75.92410092749537,106.30957344480194
10.0,79.43282347242821,0.6309573444801934,73.65599424613376,107.07945784384138
10.0,100.0,0.6309573444801934,71.1976209806617,107.94328234724281
10.0,125.89254117941675,0.6309573444801934,68.54474288301996,108.91250938133746
10.0,158.48931924611142,0.6309573444801934,65.69618315925717,110.0
10.0,199.52623149688807,0.6309573444801934,62.65462894123669,111.22018454301963
10.0,251.18864315095823,0.6309573444801934,59.42747469413195,112.58925411794168
10.0,316.22776601683796,0.6309573444801934,56.027652294749736,114.12537544622754
10.0,398.1071705534973,0.6309573444801934,52.47436824519864,115.84893192461115
10.0,501.18723362727246,0.6309573444801934,48.79364152526115,117.78279410038922
10.0,630.9573444801937,0.6309573444801934,45.01851192817906,119.9526231496888
10.0,794.3282347242822,0.6309573444801934,41.18877645757965,122.38721138568341
10.0,1000.0,0.6309573444801934,37.35012135196549,125.1188643150958
10.0,0.1,0.7943282347242815,96.25382147059692,100.28183829312644
10.0,0.12589254117941673,0.7943282347242815,96.13646773304677,100.31622776601684
10.0,0.15848931924611134,0.7943282347242815,96.00496667431216,100.35481338923357
10.0,0.19952623149688797,0.7943282347242815,95.85763636552592,100.3981071705535
10.0,0.251188643150958,0.7943282347242815,95.69260102843592,100.44668359215096
10.0,0.31622776601683794,0.7943282347242815,95.50777028889073,100.50118723362728
10.0,0.3981071705534973,0.7943282347242815,95.30081663536316,100.56234132519035
10.0,0.5011872336272724,0.7943282347242815,95.06915104754728,100.6309573444802
10.0,0.6309573444801934,0.7943282347242815,94.80989680071912,100.70794578438414
10.0,0.7943282347242815,0.7943282347242815,94.51986150767077,100.79432823472428
10.0,1.0,0.7943282347242815,94.1955075357611,100.89125093813374
10.0,1.2589254117941675,0.7943282347242815,93.83292103701628,101.0
10.0,1.584893192461114,0.7943282347242815,93.42777996034846,101.12201845430197
10.0,1.9952623149688797,0.7943282347242815,92.97532158408977,101.25892541179417
10.0,2.511886431509581,0.7943282347242815,92.47031032267967,101.41253754462275
10.0,3.1622776601683795,0.7943282347242815,91.90700683332845,101.58489319246111
10.0,3.981071705534973,0.7943282347242815,91.27913978788939,101.77827941003892
10.0,5.011872336272725,0.7943282347242815,90.57988209410811,101.99526231496888
10.0,6.309573444801933,0.7943282347242815,89.80183386147843,102.23872113856834
10.0,7.943282347242818,0.7943282347242815,88.93701502227357,102.51188643150958
10.0,10.0,0.7943282347242815,87.976871248054,102.81838293126445
10.0,12.589254117941675,0.7943282347242815,86.91229765162993,103.16227766016837
10.0,15.848931924611142,0.7943282347242815,85.73368573121013,103.54813389233576
10.0,19.952623149688808,0.7943282347242815,84.43100008033944,103.98107170553497
10.0,25.11886431509582,0.7943282347242815,82.9938925150257,104.46683592150964
10.0,31.622776601683793,0.7943282347242815,81.41186238552237,105.01187233627272
10.0,39.810717055349734,0.7943282347242815,79.67447282336305,105.6234132519035
10.0,50.11872336272725,0.7943282347242815,77.77163333546274,106.30957344480193
10.0,63.095734448019364,0.7943282347242815,75.69395921655513,107.07945784384138
10.0,79.43282347242821,0.7943282347242815,73.43321731316142,107.94328234724281
10.0,100.0,0.7943282347242815,70.98286520284036,108.91250938133746
10.0,125.89254117941675,0.7943282347242815,68.33868617033944,110.0
10.0,158.48931924611142,0.7943282347242815,65.49951465972404,111.22018454301964
10.0,199.52623149688807,0.7943282347242815,62.46803530462008,112.58925411794168
10.0,251.18864315095823,0.7943282347242815,59.25162246770549,114.12537544622755
10.0,316.22776601683796,0.7943282347242815,55.86316620182471,115.84893192461114
10.0,398.1071705534973,0.7943282347242815,52.32180541801931,117.78279410038924
10.0,501.18723362727246,0.7943282347242815,48.653462265597305,119.9526231496888
10.0,630.9573444801937,0.7943282347242815,44.89104826966563,122.38721138568341
10.0,794.3282347242822,0.7943282347242815,41.07420067573644,125.1188643150958
10.0,1000.0,0.7943282347242815,37.24841750469328,128.18382931264455
10.0,0.1,1.0,95.92344384389139,100.31622776601684
10.0,0.12589254117941673,1.0,95.80649697571836,100.35481338923357
10.0,0.15848931924611134,1.0,95.67545197526958,100.3981071705535
10.0,0.19952623149688797,1.0,95.528632797432,100.44668359215096
10.0,0.251188643150958,1.0,95.36417023504815,100.50118723362728
10.0,0.31622776601683794,1.0,95.17998124835968,100.56234132519035
10.0,0.3981071705534973,1.0,94.97374650671311,100.6309573444802
10.0,0.5011872336272724,1.0,94.7428861079183,100.70794578438414
10.0,0.6309573444801934,1.0,94.48453348121191,100.79432823472428
10.0,0.7943282347242815,1.0,94.1955075357611,100.89125093813374
10.0,1.0,1.0,93.87228319217745,101.0
10.0,1.2589254117941675,1.0,93.51096053462717,101.12201845430197
10.0,1.584893192461114,1.0,93.10723295188254,101.25892541179417
10.0,1.9952623149688797,1.0,92.65635480428462,101.41253754462275
10.0,2.511886431509581,1.0,92.15310936856142,101.58489319246111
10.0,3.1622776601683795,1.0,91.59177808355443,101.77827941003892
10.0,3.981071705534973,1.0,90.96611245818262,101.99526231496888
10.0,5.011872336272725,1.0,90.26931042045007,102.23872113856834
10.0,6.309573444801933,1.0,89.49399939550409,102.51188643150958
10.0,7.943282347242818,1.0,88.63222901374286,102.81838293126445
10.0,10.0,1.0,87.67547707676545,103.16227766016837
10.0,12.589254117941675,1.0,86.61467325500047,103.54813389233576
10.0,15.848931924611142,1.0,85.44024595316559,103.98107170553497
10.0,19.952623149688808,1.0,84.14219884124952,104.46683592150964
10.0,25.11886431509582,1.0,82.71022467023825,105.01187233627272
10.0,31.622776601683793,1.0,81.13386510070883,105.62341325190349
10.0,39.810717055349734,1.0,79.40272624769754,106.30957344480194
10.0,50.11872336272725,1.0,77.50676029842086,107.07945784384138
10.0,63.095734448019364,1.0,75.43662361156238,107.94328234724281
10.0,79.43282347242821,1.0,73.18412076376916,108.91250938133746
10.0,100.0,1.0,70.74274153945113,110.0
10.0,125.89254117941675,1.0,68.10829318653741,111.22018454301964
10.0,158.48931924611142,1.0,65.27962258134151,112.58925411794168
10.0,199.52623149688807,1.0,62.259411413538004,114.12537544622754
10.0,251.18864315095823,1.0,59.05501140665538,115.84893192461114
10.0,316.22776601683796,1.0,55.679265685664305,117.78279410038922
10.0,398.1071705534973,1.0,52.151237436296555,119.95262314968879
10.0,501.18723362727246,1.0,48.4967404222768,122.3872113856834
10.0,630.9573444801937,1.0,44.74854268820938,125.1188643150958
10.0,794.3282347242822,1.0,40.94610286968424,128.18382931264455
10.0,1000.0,1.0,37.134708656434796,131.62277660168377
10.0,0.1,1.2589254117941675,95.55411786263686,100.35481338923357
10.0,0.12589254117941673,1.2589254117941675,95.43762622244148,100.3981071705535
10.0,0.15848931924611134,1.2589254117941675,95.30709148389977,100.44668359215096
10.0,0.19952623149688797,1.2589254117941675,95.16084418446066,100.50118723362728
10.0,0.251188643150958,1.2589254117941675,94.99702246841403,100.56234132519035
10.0,0.31622776601683794,1.2589254117941675,94.81355150127993,100.6309573444802
10.0,0.3981071705534973,1.2589254117941675,94.60812110453301,100.70794578438414
10.0,0.5011872336272724,1.2589254117941675,94.37816157644659,100.79432823472428
10.0,0.6309573444801934,1.2589254117941675,94.12081770529937,100.89125093813375
10.0,0.7943282347242815,1.2589254117941675,93.83292103701628,101.0
10.0,1.0,1.2589254117941675,93.51096053462717,101.12201845430197
10.0,1.2589254117941675,1.2589254117941675,93.15105186673489,101.25892541179417
10.0,1.584893192461114,1.2589254117941675,92.74890569252173,101.41253754462275
10.0,1.9952623149688797,1.2589254117941675,92.29979547888372,101.58489319246111
10.0,2.511886431509581,1.2589254117941675,91.79852559950648,101.77827941003892
10.0,3.1622776601683795,1.2589254117941675,91.2394007358267,101.99526231496888
10.0,3.981071705534973,1.2589254117941675,90.6161979368273,102.23872113856834
10.0,5.011872336272725,1.2589254117941675,89.92214311045632,102.51188643150958
10.0,6.309573444801933,1.2589254117941675,89.14989422658016,102.81838293126445
10.0,7.943282347242818,1.2589254117941675,88.29153412174435,103.16227766016839
10.0,10.0,1.2589254117941675,87.33857651952151,103.54813389233576
10.0,12.589254117941675,1.2589254117941675,86.28198972220605,103.98107170553497
10.0,15.848931924611142,1.2589254117941675,85.11224338697038,104.46683592150964
10.0,19.952623149688808,1.2589254117941675,83.819384855181,105.01187233627272
10.0,25.11886431509582,1.2589254117941675,82.39315261810495,105.6234132519035
10.0,31.622776601683793,1.2589254117941675,80.82313560314886,106.30957344480194
10.0,39.810717055349734,1.2589254117941675,79.09898793131626,107.07945784384138
10.0,50.11872336272725,1.2589254117941675,77.21070944079422,107.94328234724281
10.0,63.095734448019364,1.2589254117941675,75.14900231560672,108.91250938133746
10.0,79.43282347242821,1.2589254117941675,72.90571320972178,110.0
10.0,100.0,1.2589254117941675,70.47436778747702,111.22018454301964
10.0,125.89254117941675,1.2589254117941675,67.85079993763695,112.58925411794168
10.0,158.48931924611142,1.2589254117941675,65.0338702648603,114.12537544622754
10.0,199.52623149688807,1.2589254117941675,62.02625698047737,115.84893192461114
10.0,251.18864315095823,1.2589254117941675,58.83528630331192,117.78279410038924
10.0,316.22776601683796,1.2589254117941675,55.473748705912136,119.9526231496888
10.0,398.1071705534973,1.2589254117941675,51.96062255327347,122.3872113856834
10.0,501.18723362727246,1.2589254117941675,48.32160032731319,125.1188643150958
10.0,630.9573444801937,1.2589254117941675,44.58928963771382,128.18382931264455
10.0,794.3282347242822,1.2589254117941675,40.80294952333014,131.62277660168382
10.0,1000.0,1.2589254117941675,37.00763274896298,135.48133892335755
10.0,0.1,1.584893192461114,95.14143908880673,100.3981071705535
10.0,0.12589254117941673,1.584893192461114,95.0254566029495,100.44668359215096
10.0,0.15848931924611134,1.584893192461114,94.8954925703163,100.50118723362728
10.0,0.19952623149688797,1.584893192461114,94.74988489005237,100.56234132519035
10.0,0.251188643150958,1.584893192461114,94.5867799279245,100.6309573444802
10.0,0.31622776601683794,1.584893192461114,94.40411202566833,100.70794578438414
10.0,0.3981071705534973,1.584893192461114,94.1995812396871,100.79432823472428
10.0,0.5011872336272724,1.584893192461114,93.97062927532428,100.89125093813375
10.0,0.6309573444801934,1.584893192461114,93.71441362327413,101.0
10.0,0.7943282347242815,1.584893192461114,93.42777996034846,101.12201845430197
10.0,1.0,1.584893192461114,93.10723295188254,101.25892541179417
10.0,1.2589254117941675,1.584893192461114,92.74890569252173,101.41253754462275
10.0,1.584893192461114,1.584893192461114,92.34852815199831,101.58489319246111
10.0,1.9952623149688797,1.584893192461114,91.9013951599313,101.77827941003892
10.0,2.511886431509581,1.584893192461114,91.40233467707056,101.99526231496888
10.0,3.1622776601683795,1.584893192461114,90.8456773694358,102.23872113856834
10.0,3.981071705534973,1.584893192461114,90.22522883738208,102.51188643150958
10.0,5.011872336272725,1.584893192461114,89.53424626563525,102.81838293126445
10.0,6.309573444801933,1.584893192461114,88.76542176513065,103.16227766016839
10.0,7.943282347242818,1.584893192461114,87.91087528490911,103.54813389233576
10.0,10.0,1.584893192461114,86.96216069215563,103.98107170553497
10.0,12.589254117941675,1.584893192461114,85.9102894559005,104.46683592150964
10.0,15.848931924611142,1.584893192461114,84.74577732171697,105.01187233627272
10.0,19.952623149688808,1.584893192461114,83.45872041368308,105.62341325190349
10.0,25.11886431509582,1.584893192461114,82.03890830659837,106.30957344480194
10.0,31.622776601683793,1.584893192461114,80.47598270345637,107.07945784384138
10.0,39.810717055349734,1.584893192461114,78.75965130998787,107.94328234724281
10.0,50.11872336272725,1.584893192461114,76.87996713238326,108.91250938133746
10.0,63.095734448019364,1.584893192461114,74.82768345935996,110.0
10.0,79.43282347242821,1.584893192461114,72.59469383519958,111.22018454301964
10.0,100.0,1.584893192461114,70.17456386106186,112.58925411794168
10.0,125.89254117941675,1.584893192461114,67.56315700960548,114.12537544622755
10.0,158.48931924611142,1.584893192461114,64.75934901367643,115.84893192461115
10.0,199.52623149688807,1.584893192461114,61.765813964371404,117.78279410038924
10.0,251.18864315095823,1.584893192461114,58.58984933712985,119.9526231496888
10.0,316.22776601683796,1.584893192461114,55.244186532628625,122.3872113856834
10.0,398.1071705534973,1.584893192461114,51.747708930158076,125.1188643150958
10.0,501.18723362727246,1.584893192461114,48.12597334724244,128.18382931264455
10.0,630.9573444801937,1.584893192461114,44.41140807933954,131.62277660168382
10.0,794.3282347242822,1.584893192461114,40.643049228627994,135.48133892335755
10.0,1000.0,1.584893192461114,36.86568731359877,139.81071705534973
10.0,0.1,1.9952623149688797,94.68055364140227,100.44668359215096
10.0,0.12589254117941673,1.9952623149688797,94.56514039737091,100.50118723362728
10.0,0.15848931924611134,1.9952623149688797,94.43581441998738,100.56234132519035
10.0,0.19952623149688797,1.9952623149688797,94.29092183808096,100.6309573444802
10.0,0.251188643150958,1.9952623149688797,94.12861820811494,100.70794578438414
10.0,0.31622776601683794,1.9952623149688797,93.94684812963553,100.79432823472428
10.0,0.3981071705534973,1.9952623149688797,93.74332310013635,100.89125093813375
10.0,0.5011872336272724,1.9952623149688797,93.51549757604671,101.0
10.0,0.6309573444801934,1.9952623149688797,93.26054324676143,101.12201845430197
10.0,0.7943282347242815,1.9952623149688797,92.97532158408977,101.25892541179417
10.0,1.0,1.9952623149688797,92.65635480428462,101.41253754462275
10.0,1.2589254117941675,1.9952623149688797,92.29979547888372,101.58489319246111
10.0,1.584893192461114,1.9952623149688797,91.9013951599313,101.77827941003892
10.0,1.9952623149688797,1.9952623149688797,91.45647255186206,101.99526231496888
10.0,2.511886431509581,1.9952623149688797,90.9598819747767,102.23872113856834
10.0,3.1622776601683795,1.9952623149688797,90.40598313163726,102.51188643150958
10.0,3.981071705534973,1.9952623149688797,89.78861352589549,102.81838293126445
10.0,5.011872336272725,1.9952623149688797,89.10106528803202,103.16227766016837
10.0,6.309573444801933,1.9952623149688797,88.33606867166448,103.54813389233576
10.0,7.943282347242818,1.9952623149688797,87.48578508401316,103.98107170553497
10.0,10.0,1.9952623149688797,86.54181323123565,104.46683592150963
10.0,12.589254117941675,1.9952623149688797,85.4952127914965,105.01187233627272
10.0,15.848931924611142,1.9952623149688797,84.33655097426478,105.62341325190349
10.0,19.952623149688808,1.9952623149688797,83.0559783658453,106.30957344480194
10.0,25.11886431509582,1.9952623149688797,81.6433415591676,107.07945784384138
10.0,31.622776601683793,1.9952623149688797,80.08834114795297,107.94328234724281
10.0,39.810717055349734,1.9952623149688797,78.38074461137981,108.91250938133746
10.0,50.11872336272725,1.9952623149688797,76.51066423864509,110.0
10.0,63.095734448019364,1.9952623149688797,74.46891026797937,111.22018454301963
10.0,79.43282347242821,1.9952623149688797,72.24742845360238,112.58925411794168
10.0,100.0,1.9952623149688797,69.83982880524107,114.12537544622755
10.0,125.89254117941675,1.9952623149688797,67.24200760541841,115.84893192461114
10.0,158.48931924611142,1.9952623149688797,64.45285721845558,117.78279410038924
10.0,199.52623149688807,1.9952623149688797,61.47504684299951,119.9526231496888
10.0,251.18864315095823,1.9952623149688797,58.315841548990974,122.38721138568341
10.0,316.22776601683796,1.9952623149688797,54.98790646829976,125.1188643150958
10.0,398.1071705534973,1.9952623149688797,51.510018641041626,128.18382931264455
10.0,501.18723362727246,1.9952623149688797,47.907583193404285,131.6227766016838
10.0,630.9573444801937,1.9952623149688797,44.21282810503808,135.48133892335755
10.0,794.3282347242822,1.9952623149688797,40.46454061442385,139.81071705534976
10.0,1000.0,1.9952623149688797,36.70721868107043,144.66835921509633
10.0,0.1,2.511886431509581,94.1661252625335,100.50118723362728
10.0,0.12589254117941673,2.511886431509581,94.0513481525481,100.56234132519035
10.0,0.15848931924611134,2.511886431509581,93.92273520632979,100.6309573444802
10.0,0.19952623149688797,2.511886431509581,93.77864174847198,100.70794578438414
10.0,0.251188643150958,2.511886431509581,93.6172336048508,100.79432823472428
10.0,0.31622776601683794,2.511886431509581,93.43646683656452,100.89125093813375
10.0,0.3981071705534973,2.511886431509581,93.23406572451593,101.0
10.0,0.5011872336272724,2.511886431509581,93.00749897188233,101.12201845430197
10.0,0.6309573444801934,2.511886431509581,92.75395413178131,101.25892541179417
10.0,0.7943282347242815,2.511886431509581,92.47031032267967,101.41253754462275
10.0,1.0,2.511886431509581,92.15310936856142,101.58489319246111
10.0,1.2589254117941675,2.511886431509581,91.79852559950648,101.77827941003892
10.0,1.584893192461114,2.511886431509581,91.40233467707056,101.99526231496888
10.0,1.9952623149688797,2.511886431509581,90.9598819747767,102.23872113856834
10.0,2.511886431509581,2.511886431509581,90.46605125541913,102.51188643150958
10.0,3.1622776601683795,2.511886431509581,89.91523465330218,102.81838293126445
10.0,3.981071705534973,2.511886431509581,89.30130530173558,103.16227766016837
10.0,5.011872336272725,2.511886431509581,88.61759435577846,103.54813389233576
10.0,6.309573444801933,2.511886431509581,87.85687465948723,103.98107170553497
10.0,7.943282347242818,2.511886431509581,87.01135390737488,104.46683592150964
10.0,10.0,2.511886431509581,86.07268086091698,105.01187233627272
10.0,12.589254117941675,2.511886431509581,85.03196900762624,105.62341325190349
10.0,15.848931924611142,2.511886431509581,83.87984298893454,106.30957344480194
10.0,19.952623149688808,2.511886431509581,82.60651415636215,107.07945784384138
10.0,25.11886431509582,2.511886431509581,81.20189270377516,107.94328234724281
10.0,31.622776601683793,2.511886431509581,79.65574489459928,108.91250938133746
10.0,39.810717055349734,2.511886431509581,77.95790483685059,110.0
10.0,50.11872336272725,2.511886431509581,76.09855086992478,111.22018454301964
10.0,63.095734448019364,2.511886431509581,74.06855664134163,112.58925411794168
10.0,79.43282347242821,2.511886431509581,71.85992598349185,114.12537544622755
10.0,100.0,2.511886431509581,69.4663182323442,115.84893192461114
10.0,125.89254117941675,2.511886431509581,66.88366600536222,117.78279410038922
10.0,158.48931924611142,2.511886431509581,64.11087990183931,119.9526231496888
10.0,199.52623149688807,2.511886431509581,61.1506232977904,122.3872113856834
10.0,251.18864315095823,2.511886431509581,58.01012471493206,125.11886431509582
10.0,316.22776601683796,2.511886431509581,54.70197495030627,128.18382931264455
10.0,398.1071705534973,2.511886431509581,51.24483203282457,131.62277660168382
10.0,501.18723362727246,2.511886431509581,47.663931555096454,135.48133892335755
10.0,630.9573444801937,2.511886431509581,43.991277845372856,139.81071705534976
10.0,794.3282347242822,2.511886431509581,40.26538051532084,144.66835921509636
10.0,1000.0,2.511886431509581,36.53041138281423,150.11872336272722
10.0,0.1,3.1622776601683795,93.59230367755849,100.56234132519035
10.0,0.12589254117941673,3.1622776601683795,93.47823709286448,100.6309573444802
10.0,0.15848931924611134,3.1622776601683795,93.35042055830627,100.70794578438414
10.0,0.19952623149688797,3.1622776601683795,93.20721966836928,100.79432823472428
10.0,0.251188643150958,3.1622776601683795,93.04681171765816,100.89125093813375
10.0,0.31622776601683794,3.1622776601683795,92.86716556708542,101.0
10.0,0.3981071705534973,3.1622776601683795,92.6660197732169,101.12201845430197
10.0,0.5011872336272724,3.1622776601683795,92.44085894861367,101.25892541179417
10.0,0.6309573444801934,3.1622776601683795,92.18888836090623,101.41253754462275
10.0,0.7943282347242815,3.1622776601683795,91.90700683332845,101.58489319246111
10.0,1.0,3.1622776601683795,91.59177808355443,101.77827941003892
10.0,1.2589254117941675,3.1622776601683795,91.2394007358267,101.99526231496888
10.0,1.584893192461114,3.1622776601683795,90.8456773694358,102.23872113856834
10.0,1.9952623149688797,3.1622776601683795,90.40598313163726,102.51188643150958
10.0,2.511886431509581,3.1622776601683795,89.91523465330218,102.81838293126445
10.0,3.1622776601683795,3.1622776601683795,89.36786027047478,103.16227766016839
10.0,3.981071705534973,3.1622776601683795,88.7577728852095,103.54813389233576
10.0,5.011872336272725,3.1622776601683795,88.07834720616589,103.98107170553497
10.0,6.309573444801933,3.1622776601683795,87.32240360544027,104.46683592150963
10.0,7.943282347242818,3.1622776601683795,86.48220142445285,105.01187233627272
10.0,10.0,3.1622776601683795,85.54944526770758,105.62341325190349
10.0,12.589254117941675,3.1622776601683795,84.51530864359836,106.30957344480194
10.0,15.848931924611142,3.1622776601683795,83.37048024245013,107.07945784384138
10.0,19.952623149688808,3.1622776601683795,82.10523916600513,107.94328234724281
10.0,25.11886431509582,3.1622776601683795,80.70956650009455,108.91250938133746
10.0,31.622776601683793,3.1622776601683795,79.17330168104837,110.0
10.0,39.810717055349734,3.1622776601683795,77.48635302707304,111.22018454301963
10.0,50.11872336272725,3.1622776601683795,75.63897240342472,112.58925411794168
10.0,63.095734448019364,3.1622776601683795,73.6221039924823,114.12537544622755
10.0,79.43282347242821,3.1622776601683795,71.42781616403201,115.84893192461115
10.0,100.0,3.1622776601683795,69.04982297419556,117.78279410038922
10.0,125.89254117941675,3.1622776601683795,66.48409721355134,119.9526231496888
10.0,158.48931924611142,3.1622776601683795,63.72956941296563,122.3872113856834
10.0,199.52623149688807,3.1622776601683795,60.78889600430784,125.1188643150958
10.0,251.18864315095823,3.1622776601683795,57.66926427286291,128.18382931264455
10.0,316.22776601683796,3.1622776601683795,54.38318164449209,131.6227766016838
10.0,398.1071705534973,3.1622776601683795,50.94917300483822,135.48133892335755
10.0,501.18723362727246,3.1622776601683795,47.39228457166124,139.81071705534973
10.0,630.9573444801937,3.1622776601683795,43.74427112692387,144.66835921509633
10.0,794.3282347242822,3.1622776601683795,40.043332793711,150.11872336272722
10.0,1000.0,3.1622776601683795,36.33327810427399,156.23413251903492
10.0,0.1,3.981071705534973,92.95269563513678,100.6309573444802
10.0,0.12589254117941673,3.981071705534973,92.83942221005287,100.70794578438414
10.0,0.15848931924611134,3.981071705534973,92.71249470594849,100.79432823472428
10.0,0.19952623149688797,3.981071705534973,92.57029018002989,100.89125093813375
10.0,0.251188643150958,3.981071705534973,92.41099872742532,101.0
10.0,0.31622776601683794,3.981071705534973,92.2326034948798,101.12201845430197
10.0,0.3981071705534973,3.981071705534973,92.03285897154498,101.25892541179417
10.0,0.5011872336272724,3.981071705534973,91.80926752535983,101.41253754462275
10.0,0.6309573444801934,3.981071705534973,91.5590541932251,101.58489319246111
10.0,0.7943282347242815,3.981071705534973,91.27913978788939,101.77827941003892
10.0,1.0,3.981071705534973,90.96611245818262,101.99526231496888
10.0,1.2589254117941675,3.981071705534973,90.6161979368273,102.23872113856834
10.0,1.584893192461114,3.981071705534973,90.22522883738208,102.51188643150958
10.0,1.9952623149688797,3.981071705534973,89.78861352589549,102.81838293126445
10.0,2.511886431509581,3.981071705534973,89.30130530173558,103.16227766016837
10.0,3.1622776601683795,3.981071705534973,88.7577728852095,103.54813389233576
10.0,3.981071705534973,3.981071705534973,88.15197353754812,103.98107170553497
10.0,5.011872336272725,3.981071705534973,87.47733054306858,104.46683592150964
10.0,6.309573444801933,3.981071705534973,86.72671727568087,105.01187233627272
10.0,7.943282347242818,3.981071705534973,85.89245066365167,105.62341325190349
10.0,10.0,3.981071705534973,84.96629756681082,106.30957344480194
10.0,12.589254117941675,3.981071705534973,83.93949839368314,107.07945784384138
10.0,15.848931924611142,3.981071705534973,82.80281320845867,107.94328234724281
10.0,19.952623149688808,3.981071705534973,81.54659659147477,108.91250938133746
10.0,25.11886431509582,3.981071705534973,80.16090858241665,110.0
10.0,31.622776601683793,3.981071705534973,78.6356700806553,111.22018454301963
10.0,39.810717055349734,3.981071705534973,76.96087198307436,112.58925411794166
10.0,50.11872336272725,3.981071705534973,75.12684792246337,114.12537544622755
10.0,63.095734448019364,3.981071705534973,73.12462045870453,115.84893192461114
10.0,79.43282347242821,3.981071705534973,70.94632959098986,117.78279410038924
10.0,100.0,3.981071705534973,68.58574999419763,119.9526231496888
10.0,125.89254117941675,3.981071705534973,66.03889879395693,122.3872113856834
10.0,158.48931924611142,3.981071705534973,63.30472823031586,125.1188643150958
10.0,199.52623149688807,3.981071705534973,60.385886438021394,128.18382931264455
10.0,251.18864315095823,3.981071705534973,57.28951415881703,131.62277660168382
10.0,316.22776601683796,3.981071705534973,54.02802532927518,135.48133892335755
10.0,398.1071705534973,3.981071705534973,50.61979594674679,139.81071705534973
10.0,501.18723362727246,3.981071705534973,47.08966081796741,144.6683592150963
10.0,630.9573444801937,3.981071705534973,43.469096487086524,150.11872336272725
10.0,794.3282347242822,3.981071705534973,39.7959583545862,156.23413251903492
10.0,1000.0,3.981071705534973,36.113650661293775,163.09573444801933
10.0,0.1,5.011872336272725,92.2403404397407,100.70794578438414
10.0,0.12589254117941673,5.011872336272725,92.12795184262403,100.79432823472428
10.0,0.15848931924611134,5.011872336272725,92.00201611230635,100.89125093813374
10.0,0.19952623149688797,5.011872336272725,91.86092309155141,101.0
10.0,0.251188643150958,5.011872336272725,91.70287715288904,101.12201845430197
10.0,0.31622776601683794,5.011872336272725,91.52587737670983,101.25892541179417
10.0,0.3981071705534973,5.011872336272725,91.32769602196552,101.41253754462275
10.0,0.5011872336272724,5.011872336272725,91.10585525869101,101.58489319246111
10.0,0.6309573444801934,5.011872336272725,90.85760217106294,101.77827941003892
10.0,0.7943282347242815,5.011872336272725,90.57988209410811,101.99526231496888
10.0,1.0,5.011872336272725,90.26931042045007,102.23872113856834
10.0,1.2589254117941675,5.011872336272725,89.92214311045632,102.51188643150958
10.0,1.584893192461114,5.011872336272725,89.53424626563525,102.81838293126445
10.0,1.9952623149688797,5.011872336272725,89.10106528803202,103.16227766016837
10.0,2.511886431509581,5.011872336272725,88.61759435577846,103.54813389233576
10.0,3.1622776601683795,5.011872336272725,88.07834720616589,103.98107170553497
10.0,3.981071705534973,5.011872336272725,87.47733054306858,104.46683592150963
10.0,5.011872336272725,5.011872336272725,86.80802178657505,105.01187233627272
10.0,6.309573444801933,5.011872336272725,86.06335337096502,105.62341325190349
10.0,7.943282347242818,5.011872336272725,85.23570638378902,106.30957344480194
10.0,10.0,5.011872336272725,84.31691703269364,107.07945784384138
10.0,12.589254117941675,5.011872336272725,83.29830023206314,107.94328234724281
10.0,15.848931924611142,5.011872336272725,82.17069551442415,108.91250938133746
10.0,19.952623149688808,5.011872336272725,80.92454147390687,110.0
10.0,25.11886431509582,5.011872336272725,79.54998600127098,111.22018454301964
10.0,31.622776601683793,5.011872336272725,78.0370406001424,112.58925411794168
10.0,39.810717055349734,5.011872336272725,76.37578796374511,114.12537544622755
10.0,50.11872336272725,5.011872336272725,74.55665255776518,115.84893192461114
10.0,63.095734448019364,5.011872336272725,72.5707439298004,117.78279410038924
10.0,79.43282347242821,5.011872336272725,70.4102814731254,119.9526231496888
10.0,100.0,5.011872336272725,68.06910690989267,122.3872113856834
10.0,125.89254117941675,5.011872336272725,65.54328619241912,125.1188643150958
10.0,158.48931924611142,5.011872336272725,62.831795110135374,128.18382931264455
10.0,199.52623149688807,5.011872336272725,59.93727186816815,131.62277660168382
10.0,251.18864315095823,5.011872336272725,56.8668046559008,135.48133892335758
10.0,316.22776601683796,5.011872336272725,53.632702598819385,139.81071705534973
10.0,398.1071705534973,5.011872336272725,50.253175284011114,144.66835921509633
10.0,501.18723362727246,5.011872336272725,46.75282166941955,150.11872336272725
10.0,630.9573444801937,5.011872336272725,43.16280832631228,156.23413251903494
10.0,794.3282347242822,5.011872336272725,39.52060704543695,163.09573444801936
10.0,1000.0,5.011872336272725,35.86917260407686,170.79457843841382
10.0,0.1,6.309573444801933,91.44769231011905,100.79432823472428
10.0,0.12589254117941673,6.309573444801933,91.33629007583775,100.89125093813375
10.0,0.15848931924611134,6.309573444801933,91.21145991986243,101.0
10.0,0.19952623149688797,6.309573444801933,91.07160593523369,101.12201845430197
10.0,0.251188643150958,6.309573444801933,90.9149484070777,101.25892541179417
10.0,0.31622776601683794,6.309573444801933,90.73950417377392,101.41253754462275
10.0,0.3981071705534973,6.309573444801933,90.54306529796955,101.58489319246111
10.0,0.5011872336272724,6.309573444801933,90.3231760174488,101.77827941003892
10.0,0.6309573444801934,6.309573444801933,90.07710798512618,101.99526231496888
10.0,0.7943282347242815,6.309573444801933,89.80183386147843,102.23872113856834
10.0,1.0,6.309573444801933,89.49399939550409,102.51188643150958
10.0,1.2589254117941675,6.309573444801933,89.14989422658016,102.81838293126445
10.0,1.584893192461114,6.309573444801933,88.76542176513065,103.16227766016839
10.0,1.9952623149688797,6.309573444801933,88.33606867166448,103.54813389233576
10.0,2.511886431509581,6.309573444801933,87.85687465948723,103.98107170553497
10.0,3.1622776601683795,6.309573444801933,87.32240360544027,104.46683592150963
10.0,3.981071705534973,6.309573444801933,86.72671727568087,105.01187233627272
10.0,5.011872336272725,6.309573444801933,86.06335337096502,105.62341325190349
10.0,6.309573444801933,6.309573444801933,85.32531007962494,106.30957344480194
10.0,7.943282347242818,6.309573444801933,84.50503990733606,107.07945784384138
10.0,10.0,6.309573444801933,83.59445623953118,107.94328234724281
10.0,12.589254117941675,6.309573444801933,82.58495688899204,108.91250938133746
10.0,15.848931924611142,6.309573444801933,81.46746978339019,110.0
10.0,19.952623149688808,6.309573444801933,80.23252693722559,111.22018454301964
10.0,25.11886431509582,6.309573444801933,78.87037389005351,112.58925411794168
10.0,31.622776601683793,6.309573444801933,77.37112280635209,114.12537544622754
10.0,39.810717055349734,6.309573444801933,75.72495830404404,115.84893192461114
10.0,50.11872336272725,6.309573444801933,73.92240562706439,117.78279410038922
10.0,63.095734448019364,6.309573444801933,71.95467073658547,119.9526231496888
10.0,79.43282347242821,6.309573444801933,69.81406089356481,122.3872113856834
10.0,100.0,6.309573444801933,67.4944918461037,125.1188643150958
10.0,125.89254117941675,6.309573444801933,64.992083194059,128.18382931264455
10.0,158.48931924611142,6.309573444801933,62.305836152749556,131.6227766016838
10.0,199.52623149688807,6.309573444801933,59.43837702843307,135.48133892335755
10.0,251.18864315095823,6.309573444801933,56.396734654657855,139.81071705534976
10.0,316.22776601683796,6.309573444801933,53.19310068786771,144.6683592150963
10.0,398.1071705534973,6.309573444801933,49.84549883188351,150.11872336272722
10.0,501.18723362727246,6.309573444801933,46.37826514123961,156.23413251903492
10.0,630.9573444801937,6.309573444801933,42.8222211829953,163.09573444801936
10.0,794.3282347242822,6.309573444801933,39.21441231522557,170.7945784384138
10.0,1000.0,6.309573444801933,35.597294211761245,179.43282347242814
10.0,0.1,7.943282347242818,90.56661252505013,100.89125093813375
10.0,0.12589254117941673,7.943282347242818,90.45630892013978,101.0
10.0,0.15848931924611134,7.943282347242818,90.33271016550326,101.12201845430197
10.0,0.19952623149688797,7.943282347242818,90.19423622337109,101.25892541179417
10.0,0.251188643150958,7.943282347242818,90.03912509869026,101.41253754462275
10.0,0.31622776601683794,7.943282347242818,89.8654134039637,101.58489319246111
10.0,0.3981071705534973,7.943282347242818,89.67091525307778,101.77827941003892
10.0,0.5011872336272724,7.943282347242818,89.45319945499534,101.99526231496888
10.0,0.6309573444801934,7.943282347242818,89.20956501718051,102.23872113856834
10.0,0.7943282347242815,7.943282347242818,88.93701502227357,102.51188643150958
10.0,1.0,7.943282347242818,88.63222901374286,102.81838293126445
10.0,1.2589254117941675,7.943282347242818,88.29153412174435,103.16227766016839
10.0,1.584893192461114,7.943282347242818,87.91087528490911,103.54813389233576
10.0,1.9952623149688797,7.943282347242818,87.48578508401316,103.98107170553497
10.0,2.511886431509581,7.943282347242818,87.01135390737488,104.46683592150964
10.0,3.1622776601683795,7.943282347242818,86.48220142445285,105.01187233627272
10.0,3.981071705534973,7.943282347242818,85.89245066365167,105.62341325190349
10.0,5.011872336272725,7.943282347242818,85.23570638378902,106.30957344480194
10.0,6.309573444801933,7.943282347242818,84.50503990733606,107.07945784384138
10.0,7.943282347242818,7.943282347242818,83.6929831580687,107.94328234724281
10.0,10.0,7.943282347242818,82.79153532460582,108.91250938133746
10.0,12.589254117941675,7.943282347242818,81.79218635823527,110.0
10.0,15.848931924611142,7.943282347242818,80.68596240386645,111.22018454301964
10.0,19.952623149688808,7.943282347242818,79.46349923856364,112.58925411794168
10.0,25.11886431509582,7.943282347242818,78.11515081320564,114.12537544622755
10.0,31.622776601683793,7.943282347242818,76.63114098785971,115.84893192461114
10.0,39.810717055349734,7.943282347242818,75.00176740333468,117.78279410038924
10.0,50.11872336272725,7.943282347242818,73.21766696007568,119.9526231496888
10.0,63.095734448019364,7.943282347242818,71.27015231789002,122.3872113856834
10.0,79.43282347242821,7.943282347242818,69.15162781840704,125.1188643150958
10.0,100.0,7.943282347242818,66.85609077761747,128.18382931264455
10.0,125.89254117941675,7.943282347242818,64.3797195840406,131.6227766016838
10.0,158.48931924611142,7.943282347242818,61.72154275577521,135.48133892335755
10.0,199.52623149688807,7.943282347242818,58.88417232651714,139.81071705534976
10.0,251.18864315095823,7.943282347242818,55.87457007219214,144.66835921509633
10.0,316.22776601683796,7.943282347242818,52.70479604353401,150.11872336272722
10.0,398.1071705534973,7.943282347242818,49.39266645468834,156.23413251903492
10.0,501.18723362727246,7.943282347242818,45.962224564960934,163.09573444801936
10.0,630.9573444801937,7.943282347242818,42.44390835651108,170.79457843841385
10.0,794.3282347242822,7.943282347242818,38.874289718952674,179.4328234724282
10.0,1000.0,7.943282347242818,35.29527082601698,189.12509381337458
10.0,0.1,10.0,89.58837506311484,101.0
10.0,0.12589254117941673,10.0,89.47929397032074,101.12201845430197
10.0,0.15848931924611134,10.0,89.35706546128925,101.25892541179417
10.0,0.19952623149688797,10.0,89.22012715309235,101.41253754462275
10.0,0.251188643150958,10.0,89.06673676372026,101.58489319246111
10.0,0.31622776601683794,10.0,88.89495290326116,101.77827941003892
10.0,0.3981071705534973,10.0,88.70261421529352,101.99526231496888
10.0,0.5011872336272724,10.0,88.48731684031615,102.23872113856834
10.0,0.6309573444801934,10.0,88.24639021172528,102.51188643150958
10.0,0.7943282347242815,10.0,87.976871248054,102.81838293126445
10.0,1.0,10.0,87.67547707676545,103.16227766016839
10.0,1.2589254117941675,10.0,87.33857651952151,103.54813389233576
10.0,1.584893192461114,10.0,86.96216069215563,103.98107170553497
10.0,1.9952623149688797,10.0,86.54181323123565,104.46683592150963
10.0,2.511886431509581,10.0,86.07268086091698,105.01187233627272
10.0,3.1622776601683795,10.0,85.54944526770758,105.62341325190349
10.0,3.981071705534973,10.0,84.96629756681082,106.30957344480194
10.0,5.011872336272725,10.0,84.31691703269364,107.07945784384138
10.0,6.309573444801933,10.0,83.59445623953118,107.94328234724281
10.0,7.943282347242818,10.0,82.79153532460582,108.91250938133746
10.0,10.0,10.0,81.9002487577582,110.0
10.0,12.589254117941675,10.0,80.91218877608891,111.22018454301963
10.0,15.848931924611142,10.0,79.81849052044649,112.58925411794168
10.0,19.952623149688808,10.0,78.60990487028506,114.12537544622754
10.0,25.11886431509582,10.0,77.27690597649396,115.84893192461114
10.0,31.622776601683793,10.0,75.80984146654563,117.78279410038922
10.0,39.810717055349734,10.0,74.19913412646333,119.9526231496888
10.0,50.11872336272725,10.0,72.435544371337,122.3872113856834
10.0,63.095734448019364,10.0,70.5105027402322,125.1188643150958
10.0,79.43282347242821,10.0,68.41652062980673,128.18382931264455
10.0,100.0,10.0,66.14768503251254,131.62277660168377
10.0,125.89254117941675,10.0,63.70023856714311,135.48133892335755
10.0,158.48931924611142,10.0,61.07323888436194,139.81071705534973
10.0,199.52623149688807,10.0,58.26928088776098,144.66835921509633
10.0,251.18864315095823,10.0,55.29525058094308,150.11872336272725
10.0,316.22776601683796,10.0,52.16306064206294,156.23413251903492
10.0,398.1071705534973,10.0,48.89029586803091,163.09573444801933
10.0,501.18723362727246,10.0,45.500673773531446,170.7945784384138
10.0,630.9573444801937,10.0,42.0242063797821,179.4328234724282
10.0,794.3282347242822,10.0,38.496940597970706,189.12509381337458
10.0,1000.0,10.0,34.960165684353406,200.0
10.0,0.1,12.589254117941675,88.50369031229268,101.12201845430197
10.0,0.12589254117941673,12.589254117941675,88.39596811541854,101.25892541179417
10.0,0.15848931924611134,12.589254117941675,88.2752627045579,101.41253754462275
10.0,0.19952623149688797,12.589254117941675,88.14003131651184,101.58489319246111
10.0,0.251188643150958,12.589254117941675,87.9885535754375,101.77827941003892
10.0,0.31622776601683794,12.589254117941675,87.8189125352501,101.99526231496888
10.0,0.3981071705534973,12.589254117941675,87.62897409573539,102.23872113856834
10.0,0.5011872336272724,12.589254117941675,87.41636476522817,102.51188643150958
10.0,0.6309573444801934,12.589254117941675,87.17844778105346,102.81838293126445
10.0,0.7943282347242815,12.589254117941675,86.91229765162993,103.16227766016839
10.0,1.0,12.589254117941675,86.61467325500047,103.54813389233576
10.0,1.2589254117941675,12.589254117941675,86.28198972220605,103.98107170553497
10.0,1.584893192461114,12.589254117941675,85.9102894559005,104.46683592150964
10.0,1.9952623149688797,12.589254117941675,85.4952127914965,105.01187233627272
10.0,2.511886431509581,12.589254117941675,85.03196900762624,105.62341325190349
10.0,3.1622776601683795,12.589254117941675,84.51530864359836,106.30957344480194
10.0,3.981071705534973,12.589254117941675,83.93949839368314,107.07945784384138
10.0,5.011872336272725,12.589254117941675,83.29830023206314,107.94328234724281
10.0,6.309573444801933,12.589254117941675,82.58495688899204,108.91250938133746
10.0,7.943282347242818,12.589254117941675,81.79218635823527,110.0
10.0,10.0,12.589254117941675,80.91218877608891,111.22018454301963
10.0,12.589254117941675,12.589254117941675,79.93666977636427,112.58925411794168
10.0,15.848931924611142,12.589254117941675,78.85688528855327,114.12537544622755
10.0,19.952623149688808,12.589254117941675,77.66371368922492,115.84893192461114
10.0,25.11886431509582,12.589254117941675,76.34776219979197,117.78279410038922
10.0,31.622776601683793,12.589254117941675,74.89951537621248,119.9526231496888
10.0,39.810717055349734,12.589254117941675,73.30953434257025,122.3872113856834
10.0,50.11872336272725,12.589254117941675,71.56871590436646,125.1188643150958
10.0,63.095734448019364,12.589254117941675,69.6686205819605,128.18382931264455
10.0,79.43282347242821,12.589254117941675,67.6018775729761,131.6227766016838
10.0,100.0,12.589254117941675,65.36267221205522,135.48133892335755
10.0,125.89254117941675,12.589254117941675,62.947317057041914,139.81071705534973
10.0,158.48931924611142,12.589254117941675,60.354900612718964,144.66835921509633
10.0,199.52623149688807,12.589254117941675,57.58799721899719,150.11872336272722
10.0,251.18864315095823,12.589254117941675,54.65340725431047,156.23413251903494
10.0,316.22776601683796,12.589254117941675,51.56287846888006,163.09573444801933
10.0,398.1071705534973,12.589254117941675,48.333737804993056,170.7945784384138
10.0,501.18723362727246,12.589254117941675,44.98934081250771,179.43282347242817
10.0,630.9573444801937,12.589254117941675,41.559227151604034,189.1250938133746
10.0,794.3282347242822,12.589254117941675,38.07886253851119,200.00000000000006
10.0,1000.0,12.589254117941675,34.588858650862,212.20184543019636
10.0,0.1,15.848931924611142,87.30275241566162,101.25892541179417
10.0,0.12589254117941673,15.848931924611142,87.19653885825407,101.41253754462275
10.0,0.15848931924611134,15.848931924611142,87.07752436796794,101.58489319246111
10.0,0.19952623149688797,15.848931924611142,86.94418795751211,101.77827941003892
10.0,0.251188643150958,15.848931924611142,86.79483356363713,101.99526231496888
10.0,0.31622776601683794,15.848931924611142,86.62757136798467,102.23872113856834
10.0,0.3981071705534973,15.848931924611142,86.44029751761956,102.51188643150958
10.0,0.5011872336272724,15.848931924611142,86.23067221921372,102.81838293126445
10.0,0.6309573444801934,15.848931924611142,85.99609621880768,103.16227766016837
10.0,0.7943282347242815,15.848931924611142,85.73368573121013,103.54813389233576
10.0,1.0,15.848931924611142,85.44024595316559,103.98107170553497
10.0,1.2589254117941675,15.848931924611142,85.11224338697038,104.46683592150964
10.0,1.584893192461114,15.848931924611142,84.74577732171697,105.01187233627272
10.0,1.9952623149688797,15.848931924611142,84.33655097426478,105.62341325190349
10.0,2.511886431509581,15.848931924611142,83.87984298893454,106.30957344480194
10.0,3.1622776601683795,15.848931924611142,83.37048024245013,107.07945784384138
10.0,3.981071705534973,15.848931924611142,82.80281320845867,107.94328234724281
10.0,5.011872336272725,15.848931924611142,82.17069551442415,108.91250938133746
10.0,6.309573444801933,15.848931924611142,81.46746978339019,110.0
10.0,7.943282347242818,15.848931924611142,80.68596240386645,111.22018454301964
10.0,10.0,15.848931924611142,79.81849052044649,112.58925411794168
10.0,12.589254117941675,15.848931924611142,78.85688528855327,114.12537544622754
10.0,15.848931924611142,15.848931924611142,77.79253628349312,115.84893192461115
10.0,19.952623149688808,15.848931924611142,76.61646287784336,117.78279410038922
10.0,25.11886431509582,15.848931924611142,75.31941936235863,119.9526231496888
10.0,31.622776601683793,15.848931924611142,73.89204151353496,122.3872113856834
10.0,39.810717055349734,15.848931924611142,72.32504309141233,125.1188643150958
10.0,50.11872336272725,15.848931924611142,70.6094712098285,128.18382931264455
10.0,63.095734448019364,15.848931924611142,68.73702940518184,131.62277660168382
10.0,79.43282347242821,15.848931924611142,66.7004761881165,135.48133892335755
10.0,100.0,15.848931924611142,64.49410443245786,139.81071705534976
10.0,125.89254117941675,15.848931924611142,62.11430256119137,144.66835921509633
10.0,158.48931924611142,15.848931924611142,59.56019146974656,150.11872336272725
10.0,199.52623149688807,15.848931924611142,56.834320819082386,156.23413251903492
10.0,251.18864315095823,15.848931924611142,53.943394236760334,163.09573444801936
10.0,316.22776601683796,15.848931924611142,50.89897503967692,170.7945784384138
10.0,398.1071705534973,15.848931924611142,47.718103185102464,179.4328234724282
10.0,501.18723362727246,15.848931924611142,44.42373257073645,189.12509381337458
10.0,630.9573444801937,15.848931924611142,41.04487987356881,200.00000000000006
10.0,794.3282347242822,15.848931924611142,37.61636850532922,212.20184543019639
10.0,1000.0,15.848931924611142,34.17806249815548,225.89254117941672
10.0,0.1,19.952623149688808,85.97531691489694,101.41253754462275
10.0,0.12589254117941673,19.952623149688808,85.87077589697384,101.58489319246111
10.0,0.15848931924611134,19.952623149688808,85.7536360114043,101.77827941003892
10.0,0.19952623149688797,19.952623149688808,85.6224004053646,101.99526231496888
10.0,0.251188643150958,19.952623149688808,85.475399960235,102.23872113856834
10.0,0.31622776601683794,19.952623149688808,85.31077492058286,102.51188643150958
10.0,0.3981071705534973,19.952623149688808,85.12645495147724,102.81838293126445
10.0,0.5011872336272724,19.952623149688808,84.92013759930572,103.16227766016839
10.0,0.6309573444801934,19.952623149688808,84.68926516878304,103.54813389233576
10.0,0.7943282347242815,19.952623149688808,84.43100008033944,103.98107170553497
10.0,1.0,19.952623149688808,84.14219884124952,104.46683592150964
10.0,1.2589254117941675,19.952623149688808,83.819384855181,105.01187233627272
10.0,1.584893192461114,19.952623149688808,83.45872041368308,105.62341325190349
10.0,1.9952623149688797,19.952623149688808,83.0559783658453,106.30957344480194
10.0,2.511886431509581,19.952623149688808,82.60651415636215,107.07945784384138
10.0,3.1622776601683795,19.952623149688808,82.10523916600513,107.94328234724281
10.0,3.981071705534973,19.952623149688808,81.54659659147477,108.91250938133746
10.0,5.011872336272725,19.952623149688808,80.92454147390687,110.0
10.0,6.309573444801933,19.952623149688808,80.23252693722559,111.22018454301964
10.0,7.943282347242818,19.952623149688808,79.46349923856364,112.58925411794168
10.0,10.0,19.952623149688808,78.60990487028506,114.12537544622755
10.0,12.589254117941675,19.952623149688808,77.66371368922492,115.84893192461115
10.0,15.848931924611142,19.952623149688808,76.61646287784336,117.78279410038924
10.0,19.952623149688808,19.952623149688808,75.4593274449318,119.9526231496888
10.0,25.11886431509582,19.952623149688808,74.1832239106034,122.38721138568341
10.0,31.622776601683793,19.952623149688808,72.77895472150827,125.1188643150958
10.0,39.810717055349734,19.952623149688808,71.23740169446522,128.18382931264455
10.0,50.11872336272725,19.952623149688808,69.5497772181443,131.62277660168382
10.0,63.095734448019364,19.952623149688808,67.7079418043672,135.48133892335755
10.0,79.43282347242821,19.952623149688808,65.70479552928117,139.81071705534976
10.0,100.0,19.952623149688808,63.53474848782665,144.6683592150963
10.0,125.89254117941675,19.952623149688808,61.194271042021306,150.11872336272725
10.0,158.48931924611142,19.952623149688808,58.68251773513898,156.23413251903494
10.0,199.52623149688807,19.952623149688808,56.002008633082085,163.09573444801936
10.0,251.18864315095823,19.952623149688808,53.15933807217849,170.79457843841385
10.0,316.22776601683796,19.952623149688808,50.16586332116494,179.4328234724282
10.0,398.1071705534973,19.952623149688808,47.038305360237175,189.12509381337458
10.0,501.18723362727246,19.952623149688808,43.799173114174565,200.00000000000006
10.0,630.9573444801937,19.952623149688808,40.47690528264297,212.2018454301964
10.0,794.3282347242822,19.952623149688808,37.10561685132386,225.8925411794168
10.0,1000.0,19.952623149688808,33.72434865832233,241.25375446227545
10.0,0.1,25.11886431509582,84.51081651471114,101.58489319246111
10.0,0.12589254117941673,25.11886431509582,84.40812678013245,101.77827941003892
10.0,0.15848931924611134,25.11886431509582,84.29306181426992,101.99526231496888
10.0,0.19952623149688797,25.11886431509582,84.16415146913386,102.23872113856834
10.0,0.251188643150958,25.11886431509582,84.01975643881903,102.51188643150958
10.0,0.31622776601683794,25.11886431509582,83.85805022885482,102.81838293126445
10.0,0.3981071705534973,25.11886431509582,83.67699958542042,103.16227766016837
10.0,0.5011872336272724,25.11886431509582,83.47434336088257,103.54813389233576
10.0,0.6309573444801934,25.11886431509582,83.24756982913804,103.98107170553497
10.0,0.7943282347242815,25.11886431509582,82.9938925150257,104.46683592150964
10.0,1.0,25.11886431509582,82.71022467023825,105.01187233627273
10.0,1.2589254117941675,25.11886431509582,82.39315261810495,105.6234132519035
10.0,1.584893192461114,25.11886431509582,82.03890830659837,106.30957344480194
10.0,1.9952623149688797,25.11886431509582,81.6433415591676,107.07945784384138
10.0,2.511886431509581,25.11886431509582,81.20189270377516,107.94328234724281
10.0,3.1622776601683795,25.11886431509582,80.70956650009455,108.91250938133746
10.0,3.981071705534973,25.11886431509582,80.16090858241665,110.0
10.0,5.011872336272725,25.11886431509582,79.54998600127098,111.22018454301964
10.0,6.309573444801933,25.11886431509582,78.87037389005351,112.58925411794168
10.0,7.943282347242818,25.11886431509582,78.11515081320564,114.12537544622755
10.0,10.0,25.11886431509582,77.27690597649396,115.84893192461114
10.0,12.589254117941675,25.11886431509582,76.34776219979197,117.78279410038924
10.0,15.848931924611142,25.11886431509582,75.31941936235863,119.9526231496888
10.0,19.952623149688808,25.11886431509582,74.1832239106034,122.38721138568341
10.0,25.11886431509582,25.11886431509582,72.93027092909115,125.11886431509582
10.0,31.622776601683793,25.11886431509582,71.55154614762094,128.18382931264455
10.0,39.810717055349734,25.11886431509582,70.0381159789641,131.62277660168382
10.0,50.11872336272725,25.11886431509582,68.38137408418739,135.48133892335755
10.0,63.095734448019364,25.11886431509582,66.57335280152064,139.81071705534976
10.0,79.43282347242821,25.11886431509582,64.6071067144729,144.66835921509636
10.0,100.0,25.11886431509582,62.477173234878045,150.11872336272725
10.0,125.89254117941675,25.11886431509582,60.18011079321097,156.23413251903494
10.0,158.48931924611142,25.11886431509582,57.71510844533565,163.09573444801936
10.0,199.52623149688807,25.11886431509582,55.08465081361542,170.79457843841382
10.0,251.18864315095823,25.11886431509582,52.29520884339172,179.4328234724282
10.0,316.22776601683796,25.11886431509582,49.35790988162002,189.12509381337458
10.0,398.1071705534973,25.11886431509582,46.28912093587055,200.00000000000006
10.0,501.18723362727246,25.11886431509582,43.11085888466103,212.20184543019639
10.0,630.9573444801937,25.11886431509582,39.85092500443905,225.8925411794168
10.0,794.3282347242822,25.11886431509582,36.5426546963454,241.25375446227554
10.0,1000.0,25.11886431509582,33.224184614520176,258.48931924611145
10.0,0.1,31.622776601683793,82.89852394598803,101.77827941003892
10.0,0.12589254117941673,31.622776601683793,82.79787959884018,101.99526231496887
10.0,0.15848931924611134,31.622776601683793,82.68510707574195,102.23872113856834
10.0,0.19952623149688797,31.622776601683793,82.55876572257868,102.51188643150958
10.0,0.251188643150958,31.622776601683793,82.41724915785657,102.81838293126445
10.0,0.31622776601683794,31.622776601683793,82.25876761725084,103.16227766016839
10.0,0.3981071705534973,31.622776601683793,82.0813287926414,103.54813389233576
10.0,0.5011872336272724,31.622776601683793,81.88271714346239,103.98107170553497
10.0,0.6309573444801934,31.622776601683793,81.66047169465901,104.46683592150963
10.0,0.7943282347242815,31.622776601683793,81.41186238552237,105.01187233627273
10.0,1.0,31.622776601683793,81.13386510070883,105.62341325190349
10.0,1.2589254117941675,31.622776601683793,80.82313560314886,106.30957344480194
10.0,1.584893192461114,31.622776601683793,80.47598270345637,107.07945784384138
10.0,1.9952623149688797,31.622776601683793,80.08834114795297,107.94328234724281
10.0,2.511886431509581,31.622776601683793,79.65574489459928,108.91250938133746
10.0,3.1622776601683795,31.622776601683793,79.17330168104837,110.0
10.0,3.981071705534973,31.622776601683793,78.6356700806553,111.22018454301963
10.0,5.011872336272725,31.622776601683793,78.0370406001424,112.58925411794166
10.0,6.309573444801933,31.622776601683793,77.37112280635209,114.12537544622754
10.0,7.943282347242818,31.622776601683793,76.63114098785971,115.84893192461114
10.0,10.0,31.622776601683793,75.80984146654563,117.78279410038922
10.0,12.589254117941675,31.622776601683793,74.89951537621248,119.9526231496888
10.0,15.848931924611142,31.622776601683793,73.89204151353496,122.3872113856834
10.0,19.952623149688808,31.622776601683793,72.77895472150827,125.1188643150958
10.0,25.11886431509582,31.622776601683793,71.55154614762094,128.18382931264455
10.0,31.622776601683793,31.622776601683793,70.20100255946684,131.6227766016838
10.0,39.810717055349734,31.622776601683793,68.7185925894299,135.48133892335755
10.0,50.11872336272725,31.622776601683793,67.09590815148178,139.81071705534976
10.0,63.095734448019364,31.622776601683793,65.32516908851629,144.66835921509633
10.0,79.43282347242821,31.622776601683793,63.399598040632135,150.11872336272725
10.0,100.0,31.622776601683793,61.31387014590546,156.23413251903492
10.0,125.89254117941675,31.622776601683793,59.06463797050291,163.09573444801933
10.0,158.48931924611142,31.622776601683793,56.65112542287982,170.79457843841382
10.0,199.52623149688807,31.622776601683793,54.0757747597822,179.43282347242817
10.0,251.18864315095823,31.622776601683793,51.34491773533292,189.1250938133746
10.0,316.22776601683796,31.622776601683793,48.4694255142021,200.0
10.0,398.1071705534973,31.622776601683793,45.46527303369045,212.20184543019633
10.0,501.18723362727246,31.622776601683793,42.353934250101844,225.89254117941675
10.0,630.9573444801937,31.622776601683793,39.16250913684442,241.25375446227548
10.0,794.3282347242822,31.622776601683793,35.92347741651894,258.4893192461114
10.0,1000.0,31.622776601683793,32.673985320278256,277.82794100389225
10.0,0.1,39.810717055349734,81.12777193088561,101.99526231496888
10.0,0.12589254117941673,39.810717055349734,81.02938270212746,102.23872113856834
10.0,0.15848931924611134,39.810717055349734,80.91913764996323,102.51188643150958
10.0,0.19952623149688797,39.810717055349734,80.7956286250332,102.81838293126447
10.0,0.251188643150958,39.810717055349734,80.65728552897721,103.16227766016837
10.0,0.31622776601683794,39.810717055349734,80.5023590716055,103.54813389233576
10.0,0.3981071705534973,39.810717055349734,80.32890206046395,103.98107170553497
10.0,0.5011872336272724,39.810717055349734,80.13474920206467,104.46683592150963
10.0,0.6309573444801934,39.810717055349734,79.91749542989187,105.01187233627272
10.0,0.7943282347242815,39.810717055349734,79.67447282336305,105.62341325190349
10.0,1.0,39.810717055349734,79.40272624769754,106.30957344480194
10.0,1.2589254117941675,39.810717055349734,79.09898793131626,107.07945784384138
10.0,1.584893192461114,39.810717055349734,78.75965130998787,107.94328234724281
10.0,1.9952623149688797,39.810717055349734,78.38074461137981,108.91250938133746
10.0,2.511886431509581,39.810717055349734,77.95790483685059,110.0
10.0,3.1622776601683795,39.810717055349734,77.48635302707304,111.22018454301963
10.0,3.981071705534973,39.810717055349734,76.96087198307436,112.58925411794166
10.0,5.011872336272725,39.810717055349734,76.37578796374511,114.12537544622755
10.0,6.309573444801933,39.810717055349734,75.72495830404404,115.84893192461115
10.0,7.943282347242818,39.810717055349734,75.00176740333468,117.78279410038922
10.0,10.0,39.810717055349734,74.19913412646333,119.9526231496888
10.0,12.589254117941675,39.810717055349734,73.30953434257025,122.3872113856834
10.0,15.848931924611142,39.810717055349734,72.32504309141233,125.1188643150958
10.0,19.952623149688808,39.810717055349734,71.23740169446522,128.18382931264455
10.0,25.11886431509582,39.810717055349734,70.0381159789641,131.62277660168382
10.0,31.622776601683793,39.810717055349734,68.7185925894299,135.48133892335755
10.0,39.810717055349734,39.810717055349734,67.27032101501064,139.81071705534973
10.0,50.11872336272725,39.810717055349734,65.68510929975704,144.66835921509633
10.0,63.095734448019364,39.810717055349734,63.95538119425858,150.11872336272722
10.0,79.43282347242821,39.810717055349734,62.074541433060475,156.23413251903494
10.0,100.0,39.810717055349734,60.03741346980291,163.09573444801933
10.0,125.89254117941675,39.810717055349734,57.8407498663677,170.7945784384138
10.0,158.48931924611142,39.810717055349734,55.48380904881134,179.4328234724282
10.0,199.52623149688807,39.810717055349734,52.96898276679516,189.1250938133746
10.0,251.18864315095823,39.810717055349734,50.302445954891965,200.00000000000006
10.0,316.22776601683796,39.810717055349734,47.49478485655223,212.20184543019636
10.0,398.1071705534973,39.810717055349734,44.561541105039296,225.89254117941675
10.0,501.18723362727246,39.810717055349734,41.52359110253592,241.25375446227548
10.0,630.9573444801937,39.810717055349734,38.4072653545503,258.4893192461114
10.0,794.3282347242822,39.810717055349734,35.244107141744834,277.8279410038924
10.0,1000.0,39.810717055349734,32.07018116991007,299.526231496888
10.0,0.1,50.11872336272725,79.18824095811566,102.23872113856834
10.0,0.12589254117941673,50.11872336272725,79.09233212361805,102.51188643150958
10.0,0.15848931924611134,50.11872336272725,78.98486698172792,102.81838293126447
10.0,0.19952623149688797,50.11872336272725,78.86447311859443,103.16227766016839
10.0,0.251188643150958,50.11872336272725,78.72962032240794,103.54813389233576
10.0,0.31622776601683794,50.11872336272725,78.57860379313624,103.98107170553497
10.0,0.3981071705534973,50.11872336272725,78.40952592602532,104.46683592150964
10.0,0.5011872336272724,50.11872336272725,78.22027664964688,105.01187233627272
10.0,0.6309573444801934,50.11872336272725,78.00851233440446,105.62341325190349
10.0,0.7943282347242815,50.11872336272725,77.77163333546274,106.30957344480193
10.0,1.0,50.11872336272725,77.50676029842086,107.07945784384138
10.0,1.2589254117941675,50.11872336272725,77.21070944079422,107.94328234724281
10.0,1.584893192461114,50.11872336272725,76.87996713238326,108.91250938133746
10.0,1.9952623149688797,50.11872336272725,76.51066423864509,110.0
10.0,2.511886431509581,50.11872336272725,76.09855086992478,111.22018454301964
10.0,3.1622776601683795,50.11872336272725,75.63897240342472,112.58925411794168
10.0,3.981071705534973,50.11872336272725,75.12684792246337,114.12537544622755
10.0,5.011872336272725,50.11872336272725,74.55665255776518,115.84893192461115
10.0,6.309573444801933,50.11872336272725,73.92240562706439,117.78279410038922
10.0,7.943282347242818,50.11872336272725,73.21766696007568,119.9526231496888
10.0,10.0,50.11872336272725,72.435544371337,122.3872113856834
10.0,12.589254117941675,50.11872336272725,71.56871590436646,125.1188643150958
10.0,15.848931924611142,50.11872336272725,70.6094712098285,128.18382931264455
10.0,19.952623149688808,50.11872336272725,69.5497772181443,131.62277660168382
10.0,25.11886431509582,50.11872336272725,68.38137408418739,135.48133892335755
10.0,31.622776601683793,50.11872336272725,67.09590815148178,139.81071705534976
10.0,39.810717055349734,50.11872336272725,65.68510929975704,144.6683592150963
10.0,50.11872336272725,50.11872336272725,64.14102034443397,150.11872336272725
10.0,63.095734448019364,50.11872336272725,62.45628592384832,156.23413251903494
10.0,79.43282347242821,50.11872336272725,60.62450723247825,163.09573444801936
10.0,100.0,50.11872336272725,58.6406666386123,170.7945784384138
10.0,125.89254117941675,50.11872336272725,56.501622180058824,179.4328234724282
10.0,158.48931924611142,50.11872336272725,54.20666562587953,189.1250938133746
10.0,199.52623149688807,50.11872336272725,51.758128715785254,200.00000000000009
10.0,251.18864315095823,50.11872336272725,49.16201000821149,212.2018454301964
10.0,316.22776601683796,50.11872336272725,46.428579573369404,225.89254117941675
10.0,398.1071705534973,50.11872336272725,43.57290142822262,241.25375446227545
10.0,501.18723362727246,50.11872336272725,40.61519621006665,258.4893192461114
10.0,630.9573444801937,50.11872336272725,37.580952826242445,277.82794100389236
10.0,794.3282347242822,50.11872336272725,34.50069315759501,299.52623149688816
10.0,1000.0,50.11872336272725,31.40930504435052,323.872113856834
10.0,0.1,63.095734448019364,77.07032567624496,102.51188643150958
10.0,0.12589254117941673,63.095734448019364,76.97713750446351,102.81838293126445
10.0,0.15848931924611134,63.095734448019364,76.8727215019814,103.16227766016837
10.0,0.19952623149688797,63.095734448019364,76.75574443224275,103.54813389233576
10.0,0.251188643150958,63.095734448019364,76.62471980807587,103.98107170553497
10.0,0.31622776601683794,63.095734448019364,76.47799159628683,104.46683592150963
10.0,0.3981071705534973,63.095734448019364,76.31371654100377,105.01187233627272
10.0,0.5011872336272724,63.095734448019364,76.12984508811753,105.62341325190349
10.0,0.6309573444801934,63.095734448019364,75.92410092749537,106.30957344480194
10.0,0.7943282347242815,63.095734448019364,75.69395921655513,107.07945784384138
10.0,1.0,63.095734448019364,75.43662361156238,107.94328234724281
10.0,1.2589254117941675,63.095734448019364,75.14900231560672,108.91250938133746
10.0,1.584893192461114,63.095734448019364,74.82768345935996,110.0
10.0,1.9952623149688797,63.095734448019364,74.46891026797937,111.22018454301963
10.0,2.511886431509581,63.095734448019364,74.06855664134163,112.58925411794169
10.0,3.1622776601683795,63.095734448019364,73.6221039924823,114.12537544622755
10.0,3.981071705534973,63.095734448019364,73.12462045870453,115.84893192461114
10.0,5.011872336272725,63.095734448019364,72.5707439298004,117.78279410038924
10.0,6.309573444801933,63.095734448019364,71.95467073658547,119.9526231496888
10.0,7.943282347242818,63.095734448019364,71.27015231789002,122.3872113856834
10.0,10.0,63.095734448019364,70.5105027402322,125.11886431509582
10.0,12.589254117941675,63.095734448019364,69.6686205819605,128.18382931264455
10.0,15.848931924611142,63.095734448019364,68.73702940518184,131.62277660168382
10.0,19.952623149688808,63.095734448019364,67.7079418043672,135.48133892335755
10.0,25.11886431509582,63.095734448019364,66.57335280152064,139.81071705534976
10.0,31.622776601683793,63.095734448019364,65.32516908851629,144.66835921509633
10.0,39.810717055349734,63.095734448019364,63.95538119425858,150.11872336272725
10.0,50.11872336272725,63.095734448019364,62.45628592384832,156.23413251903492
10.0,63.095734448019364,63.095734448019364,60.82076616064504,163.09573444801936
10.0,79.43282347242821,63.095734448019364,59.0426340443118,170.79457843841385
10.0,100.0,63.095734448019364,57.11704125815359,179.4328234724282
10.0,125.89254117941675,63.095734448019364,55.040956218299044,189.12509381337458
10.0,158.48931924611142,63.095734448019364,52.81370185057779,200.00000000000006
10.0,199.52623149688807,63.095734448019364,50.437538894909444,212.20184543019639
10.0,251.18864315095823,63.095734448019364,47.91826799522585,225.8925411794168
10.0,316.22776601683796,63.095734448019364,45.26580933187687,241.25375446227548
10.0,398.1071705534973,63.095734448019364,42.49470209750701,258.48931924611145
10.0,501.18723362727246,63.095734448019364,39.624449722602456,277.82794100389236
10.0,630.9573444801937,63.095734448019364,36.679623956685546,299.52623149688804
10.0,794.3282347242822,63.095734448019364,33.68963686124551,323.8721138568341
10.0,1000.0,63.095734448019364,30.688100748048804,351.18864315095806
10.0,0.1,79.43282347242821,74.76558980299527,102.81838293126445
10.0,0.12589254117941673,79.43282347242821,74.67537638563604,103.16227766016837
10.0,0.15848931924611134,79.43282347242821,74.5742942283852,103.54813389233576
10.0,0.19952623149688797,79.43282347242821,74.46105290698836,103.98107170553497
10.0,0.251188643150958,79.43282347242821,74.33421371162115,104.46683592150964
10.0,0.31622776601683794,79.43282347242821,74.19217389069362,105.01187233627273
10.0,0.3981071705534973,79.43282347242821,74.03314956212269,105.62341325190349
10.0,0.5011872336272724,79.43282347242821,73.85515727601482,106.30957344480194
10.0,0.6309573444801934,79.43282347242821,73.65599424613376,107.07945784384138
10.0,0.7943282347242815,79.43282347242821,73.43321731316142,107.94328234724281
10.0,1.0,79.43282347242821,73.18412076376916,108.91250938133746
10.0,1.2589254117941675,79.43282347242821,72.90571320972178,110.0
10.0,1.584893192461114,79.43282347242821,72.59469383519958,111.22018454301964
10.0,1.9952623149688797,79.43282347242821,72.24742845360238,112.58925411794168
10.0,2.511886431509581,79.43282347242821,71.85992598349185,114.12537544622755
10.0,3.1622776601683795,79.43282347242821,71.42781616403201,115.84893192461115
10.0,3.981071705534973,79.43282347242821,70.94632959098986,117.78279410038924
10.0,5.011872336272725,79.43282347242821,70.4102814731254,119.9526231496888
10.0,6.309573444801933,79.43282347242821,69.81406089356481,122.38721138568341
10.0,7.943282347242818,79.43282347242821,69.15162781840704,125.1188643150958
10.0,10.0,79.43282347242821,68.41652062980673,128.18382931264455
10.0,12.589254117941675,79.43282347242821,67.6018775729761,131.6227766016838
10.0,15.848931924611142,79.43282347242821,66.7004761881165,135.48133892335755
10.0,19.952623149688808,79.43282347242821,65.70479552928117,139.81071705534976
10.0,25.11886431509582,79.43282347242821,64.6071067144729,144.66835921509636
10.0,31.622776601683793,79.43282347242821,63.399598040632135,150.11872336272725
10.0,39.810717055349734,79.43282347242821,62.074541433060475,156.23413251903494
10.0,50.11872336272725,79.43282347242821,60.62450723247825,163.09573444801936
10.0,63.095734448019364,79.43282347242821,59.0426340443118,170.79457843841385
10.0,79.43282347242821,79.43282347242821,57.32295930095471,179.4328234724282
10.0,100.0,79.43282347242821,55.460813956662484,189.1250938133746
10.0,125.89254117941675,79.43282347242821,53.453280912806676,200.00000000000006
10.0,158.48931924611142,79.43282347242821,51.29971088610004,212.2018454301964
10.0,199.52623149688807,79.43282347242821,49.002281048734815,225.8925411794168
10.0,251.18864315095823,79.43282347242821,46.56657062835606,241.25375446227554
10.0,316.22776601683796,79.43282347242821,44.002113898600996,258.48931924611145
10.0,398.1071705534973,79.43282347242821,41.32287547181025,277.82794100389236
10.0,501.18723362727246,79.43282347242821,38.54757746299281,299.52623149688804
10.0,630.9573444801937,79.43282347242821,35.699796277621886,323.8721138568341
10.0,794.3282347242822,79.43282347242821,32.807743319407855,351.1886431509582
10.0,1000.0,79.43282347242821,29.903654641354244,381.8382931264455
10.0,0.1,100.0,72.26731698164525,103.16227766016837
10.0,0.12589254117941673,100.0,72.1803442755215,103.54813389233576
10.0,0.15848931924611134,100.0,72.0828939487444,103.98107170553497
10.0,0.19952623149688797,100.0,71.97372218837457,104.46683592150964
10.0,0.251188643150958,100.0,71.85144229648448,105.01187233627272
10.0,0.31622776601683794,100.0,71.71450951915567,105.62341325190349
10.0,0.3981071705534973,100.0,71.56120459545538,106.30957344480193
10.0,0.5011872336272724,100.0,71.38961601194082,107.07945784384138
10.0,0.6309573444801934,100.0,71.1976209806617,107.94328234724281
10.0,0.7943282347242815,100.0,70.98286520284036,108.91250938133746
10.0,1.0,100.0,70.74274153945113,110.0
10.0,1.2589254117941675,100.0,70.47436778747702,111.22018454301964
10.0,1.584893192461114,100.0,70.17456386106186,112.58925411794168
10.0,1.9952623149688797,100.0,69.83982880524107,114.12537544622754
10.0,2.511886431509581,100.0,69.4663182323442,115.84893192461114
10.0,3.1622776601683795,100.0,69.04982297419556,117.78279410038922
10.0,3.981071705534973,100.0,68.58574999419763,119.9526231496888
10.0,5.011872336272725,100.0,68.06910690989267,122.3872113856834
10.0,6.309573444801933,100.0,67.4944918461037,125.1188643150958
10.0,7.943282347242818,100.0,66.85609077761747,128.18382931264455
10.0,10.0,100.0,66.14768503251254,131.62277660168377
10.0,12.589254117941675,100.0,65.36267221205522,135.48133892335755
10.0,15.848931924611142,100.0,64.49410443245786,139.81071705534973
10.0,19.952623149688808,100.0,63.53474848782665,144.66835921509633
10.0,25.11886431509582,100.0,62.477173234878045,150.11872336272725
10.0,31.622776601683793,100.0,61.31387014590546,156.23413251903492
10.0,39.810717055349734,100.0,60.03741346980291,163.09573444801933
10.0,50.11872336272725,100.0,58.6406666386123,170.7945784384138
10.0,63.095734448019364,100.0,57.11704125815359,179.4328234724282
10.0,79.43282347242821,100.0,55.460813956662484,189.1250938133746
10.0,100.0,100.0,53.667504192892004,200.0
10.0,125.89254117941675,100.0,51.73431243822914,212.20184543019633
10.0,158.48931924611142,100.0,49.66061250789619,225.89254117941675
10.0,199.52623149688807,100.0,47.44848382801395,241.25375446227548
10.0,251.18864315095823,100.0,45.103258866900376,258.48931924611145
10.0,316.22776601683796,100.0,42.634047993938196,277.8279410038923
10.0,398.1071705534973,100.0,40.05418949578549,299.526231496888
10.0,501.18723362727246,100.0,37.38155822810257,323.872113856834
10.0,630.9573444801937,100.0,34.63865556163819,351.1886431509581
10.0,794.3282347242822,100.0,31.85240038919656,381.8382931264456
10.0,1000.0,100.0,29.05355134966329,416.2277660168379
10.0,0.1,125.89254117941675,69.57116028962645,103.54813389233576
10.0,0.12589254117941673,125.89254117941675,69.48770317557594,103.98107170553499
10.0,0.15848931924611134,125.89254117941675,69.39419264511652,104.46683592150964
10.0,0.19952623149688797,125.89254117941675,69.2894354163027,105.01187233627272
10.0,0.251188643150958,125.89254117941675,69.17210117095044,105.62341325190349
10.0,0.31622776601683794,125.89254117941675,69.0407080158272,106.30957344480194
10.0,0.3981071705534973,125.89254117941675,68.89360672012428,107.07945784384137
10.0,0.5011872336272724,125.89254117941675,68.72896371634283,107.94328234724281
10.0,0.6309573444801934,125.89254117941675,68.54474288301996,108.91250938133746
10.0,0.7943282347242815,125.89254117941675,68.33868617033944,110.0
10.0,1.0,125.89254117941675,68.10829318653741,111.22018454301964
10.0,1.2589254117941675,125.89254117941675,67.85079993763695,112.58925411794168
10.0,1.584893192461114,125.89254117941675,67.56315700960548,114.12537544622755
10.0,1.9952623149688797,125.89254117941675,67.24200760541841,115.84893192461114
10.0,2.511886431509581,125.89254117941675,66.88366600536222,117.78279410038922
10.0,3.1622776601683795,125.89254117941675,66.48409721355134,119.9526231496888
10.0,3.981071705534973,125.89254117941675,66.03889879395693,122.3872113856834
10.0,5.011872336272725,125.89254117941675,65.54328619241912,125.1188643150958
10.0,6.309573444801933,125.89254117941675,64.992083194059,128.18382931264455
10.0,7.943282347242818,125.89254117941675,64.3797195840406,131.62277660168382
10.0,10.0,125.89254117941675,63.70023856714311,135.48133892335755
10.0,12.589254117941675,125.89254117941675,62.947317057041914,139.81071705534973
10.0,15.848931924611142,125.89254117941675,62.11430256119137,144.6683592150963
10.0,19.952623149688808,125.89254117941675,61.194271042021306,150.11872336272725
10.0,25.11886431509582,125.89254117941675,60.18011079321097,156.23413251903494
10.0,31.622776601683793,125.89254117941675,59.06463797050291,163.09573444801933
10.0,39.810717055349734,125.89254117941675,57.8407498663677,170.7945784384138
10.0,50.11872336272725,125.89254117941675,56.501622180058824,179.4328234724282
10.0,63.095734448019364,125.89254117941675,55.040956218299044,189.1250938133746
10.0,79.43282347242821,125.89254117941675,53.453280912806676,200.00000000000006
10.0,100.0,125.89254117941675,51.73431243822914,212.20184543019633
10.0,125.89254117941675,125.89254117941675,49.88137067965805,225.89254117941675
10.0,158.48931924611142,125.89254117941675,47.89384643009446,241.25375446227548
10.0,199.52623149688807,125.89254117941675,45.7737056385219,258.48931924611145
10.0,251.18864315095823,125.89254117941675,43.52600709399887,277.8279410038924
10.0,316.22776601683796,125.89254117941675,41.15939780287762,299.526231496888
10.0,398.1071705534973,125.89254117941675,38.6865368101002,323.872113856834
10.0,501.18723362727246,125.89254117941675,36.12438508301994,351.18864315095806
10.0,630.9573444801937,125.89254117941675,33.49428925419043,381.83829312644554
10.0,794.3282347242822,125.89254117941675,30.821784648537886,416.22776601683813
10.0,1000.0,125.89254117941675,28.136052976805264,454.8133892335755
10.0,0.1,158.48931924611142,66.67588528164552,103.98107170553499
10.0,0.12589254117941673,158.48931924611142,66.59622343202675,104.46683592150964
10.0,0.15848931924611134,158.48931924611142,66.50696601060325,105.01187233627272
10.0,0.19952623149688797,158.48931924611142,66.4069742464069,105.62341325190349
10.0,0.251188643150958,158.48931924611142,66.2949786346276,106.30957344480194
10.0,0.31622776601683794,158.48931924611142,66.16956507719999,107.07945784384138
10.0,0.3981071705534973,158.48931924611142,66.0291598596792,107.94328234724281
10.0,0.5011872336272724,158.48931924611142,65.87201345306353,108.91250938133746
10.0,0.6309573444801934,158.48931924611142,65.69618315925717,110.00000000000001
10.0,0.7943282347242815,158.48931924611142,65.49951465972404,111.22018454301963
10.0,1.0,158.48931924611142,65.27962258134151,112.58925411794169
10.0,1.2589254117941675,158.48931924611142,65.0338702648603,114.12537544622754
10.0,1.584893192461114,158.48931924611142,64.75934901367643,115.84893192461115
10.0,1.9952623149688797,158.48931924611142,64.45285721845558,117.78279410038924
10.0,2.511886431509581,158.48931924611142,64.11087990183931,119.9526231496888
10.0,3.1622776601683795,158.48931924611142,63.72956941296563,122.3872113856834
10.0,3.981071705534973,158.48931924611142,63.30472823031586,125.1188643150958
10.0,5.011872336272725,158.48931924611142,62.831795110135374,128.18382931264455
10.0,6.309573444801933,158.48931924611142,62.305836152749556,131.6227766016838
10.0,7.943282347242818,158.48931924611142,61.72154275577521,135.48133892335755
10.0,10.0,158.48931924611142,61.07323888436194,139.81071705534973
10.0,12.589254117941675,158.48931924611142,60.354900612718964,144.6683592150963
10.0,15.848931924611142,158.48931924611142,59.56019146974656,150.11872336272725
10.0,19.952623149688808,158.48931924611142,58.68251773513898,156.23413251903494
10.0,25.11886431509582,158.48931924611142,57.71510844533565,163.09573444801936
10.0,31.622776601683793,158.48931924611142,56.65112542287982,170.79457843841382
10.0,39.810717055349734,158.48931924611142,55.48380904881134,179.4328234724282
10.0,50.11872336272725,158.48931924611142,54.20666562587953,189.1250938133746
10.0,63.095734448019364,158.48931924611142,52.81370185057779,200.00000000000006
10.0,79.43282347242821,158.48931924611142,51.29971088610004,212.2018454301964
10.0,100.0,158.48931924611142,49.66061250789619,225.89254117941675
10.0,125.89254117941675,158.48931924611142,47.89384643009446,241.25375446227548
10.0,158.48931924611142,158.48931924611142,45.99881284836061,258.4893192461114
10.0,199.52623149688807,158.48931924611142,43.97734713604076,277.82794100389236
10.0,251.18864315095823,158.48931924611142,41.83420635609514,299.5262314968881
10.0,316.22776601683796,158.48931924611142,39.577533998683585,323.872113856834
10.0,398.1071705534973,158.48931924611142,37.21925690812077,351.1886431509581
10.0,501.18723362727246,158.48931924611142,34.77535636490894,381.8382931264455
10.0,630.9573444801937,158.48931924611142,32.265946449140564,416.22776601683813
10.0,794.3282347242822,158.48931924611142,29.71509090566504,454.8133892335757
10.0,1000.0,158.48931924611142,27.15029915327053,498.1071705534973
10.0,0.1,199.52623149688807,63.58418963625361,104.46683592150964
10.0,0.12589254117941673,199.52623149688807,63.50860198403143,105.01187233627272
10.0,0.15848931924611134,199.52623149688807,63.42391013104129,105.62341325190349
10.0,0.19952623149688797,199.52623149688807,63.329033777378115,106.30957344480194
10.0,0.251188643150958,199.52623149688807,63.2227686414158,107.07945784384138
10.0,0.31622776601683794,199.52623149688807,63.10377332615257,107.94328234724281
10.0,0.3981071705534973,199.52623149688807,62.97055508536906,108.91250938133746
10.0,0.5011872336272724,199.52623149688807,62.821454479684675,110.0
10.0,0.6309573444801934,199.52623149688807,62.65462894123669,111.22018454301964
10.0,0.7943282347242815,199.52623149688807,62.46803530462008,112.58925411794168
10.0,1.0,199.52623149688807,62.259411413538004,114.12537544622754
10.0,1.2589254117941675,199.52623149688807,62.02625698047737,115.84893192461112
10.0,1.584893192461114,199.52623149688807,61.765813964371404,117.78279410038925
10.0,1.9952623149688797,199.52623149688807,61.47504684299951,119.95262314968879
10.0,2.511886431509581,199.52623149688807,61.1506232977904,122.3872113856834
10.0,3.1622776601683795,199.52623149688807,60.78889600430784,125.1188643150958
10.0,3.981071705534973,199.52623149688807,60.385886438021394,128.18382931264455
10.0,5.011872336272725,199.52623149688807,59.93727186816815,131.62277660168382
10.0,6.309573444801933,199.52623149688807,59.43837702843307,135.48133892335755
10.0,7.943282347242818,199.52623149688807,58.88417232651714,139.81071705534976
10.0,10.0,199.52623149688807,58.26928088776098,144.66835921509633
10.0,12.589254117941675,199.52623149688807,57.58799721899719,150.11872336272725
10.0,15.848931924611142,199.52623149688807,56.834320819082386,156.23413251903492
10.0,19.952623149688808,199.52623149688807,56.002008633082085,163.09573444801936
10.0,25.11886431509582,199.52623149688807,55.08465081361542,170.79457843841385
10.0,31.622776601683793,199.52623149688807,54.0757747597822,179.43282347242817
10.0,39.810717055349734,199.52623149688807,52.96898276679516,189.1250938133746
10.0,50.11872336272725,199.52623149688807,51.758128715785254,200.00000000000009
10.0,63.095734448019364,199.52623149688807,50.437538894909444,212.20184543019639
10.0,79.43282347242821,199.52623149688807,49.002281048734815,225.8925411794168
10.0,100.0,199.52623149688807,47.44848382801395,241.25375446227548
10.0,125.89254117941675,199.52623149688807,45.7737056385219,258.48931924611145
10.0,158.48931924611142,199.52623149688807,43.97734713604076,277.82794100389236
10.0,199.52623149688807,199.52623149688807,42.06109500718482,299.52623149688804
10.0,251.18864315095823,199.52623149688807,40.029376095545516,323.8721138568341
10.0,316.22776601683796,199.52623149688807,37.889790586742954,351.1886431509581
10.0,398.1071705534973,199.52623149688807,35.65348160087749,381.83829312644554
10.0,501.18723362727246,199.52623149688807,33.33538767795446,416.22776601683813
10.0,630.9573444801937,199.52623149688807,30.954316754509293,454.81338923357566
10.0,794.3282347242822,199.52623149688807,28.532778720551654,498.1071705534976
10.0,1000.0,199.52623149688807,26.096522430112532,546.6835921509632
10.0,0.1,251.18864315095823,60.3035659028007,105.01187233627272
10.0,0.12589254117941673,251.18864315095823,60.23232353374536,105.6234132519035
10.0,0.15848931924611134,251.18864315095823,60.1525008891457,106.30957344480194
10.0,0.19952623149688797,251.18864315095823,60.06307997794718,107.07945784384138
10.0,0.251188643150958,251.18864315095823,59.96292601340971,107.94328234724281
10.0,0.31622776601683794,251.18864315095823,59.850775049439505,108.91250938133746
10.0,0.3981071705534973,251.18864315095823,59.725220583471305,110.00000000000001
10.0,0.5011872336272724,251.18864315095823,59.584699117271455,111.22018454301964
10.0,0.6309573444801934,251.18864315095823,59.42747469413195,112.58925411794168
10.0,0.7943282347242815,251.18864315095823,59.25162246770549,114.12537544622755
10.0,1.0,251.18864315095823,59.05501140665538,115.84893192461115
10.0,1.2589254117941675,251.18864315095823,58.83528630331192,117.78279410038924
10.0,1.584893192461114,251.18864315095823,58.58984933712985,119.9526231496888
10.0,1.9952623149688797,251.18864315095823,58.315841548990974,122.38721138568341
10.0,2.511886431509581,251.18864315095823,58.01012471493206,125.11886431509582
10.0,3.1622776601683795,251.18864315095823,57.66926427286291,128.18382931264455
10.0,3.981071705534973,251.18864315095823,57.28951415881703,131.6227766016838
10.0,5.011872336272725,251.18864315095823,56.8668046559008,135.48133892335755
10.0,6.309573444801933,251.18864315095823,56.396734654657855,139.81071705534976
10.0,7.943282347242818,251.18864315095823,55.87457007219214,144.66835921509633
10.0,10.0,251.18864315095823,55.29525058094308,150.11872336272725
10.0,12.589254117941675,251.18864315095823,54.65340725431047,156.23413251903494
10.0,15.848931924611142,251.18864315095823,53.943394236760334,163.09573444801939
10.0,19.952623149688808,251.18864315095823,53.15933807217849,170.79457843841385
10.0,25.11886431509582,251.18864315095823,52.29520884339172,179.4328234724282
10.0,31.622776601683793,251.18864315095823,51.34491773533292,189.1250938133746
10.0,39.810717055349734,251.18864315095823,50.302445954891965,200.00000000000006
10.0,50.11872336272725,251.18864315095823,49.16201000821149,212.2018454301964
10.0,63.095734448019364,251.18864315095823,47.91826799522585,225.89254117941684
10.0,79.43282347242821,251.18864315095823,46.56657062835606,241.25375446227554
10.0,100.0,251.18864315095823,45.103258866900376,258.48931924611145
10.0,125.89254117941675,251.18864315095823,43.52600709399887,277.8279410038924
10.0,158.48931924611142,251.18864315095823,41.83420635609514,299.5262314968881
10.0,199.52623149688807,251.18864315095823,40.029376095545516,323.8721138568341
10.0,251.18864315095823,251.18864315095823,38.11558494769196,351.18864315095817
10.0,316.22776601683796,251.18864315095823,36.09985175563263,381.83829312644554
10.0,398.1071705534973,251.18864315095823,33.99248767920161,416.2277660168381
10.0,501.18723362727246,251.18864315095823,31.807330531174575,454.81338923357566
10.0,630.9573444801937,251.18864315095823,29.561815492188178,498.10717055349755
10.0,794.3282347242822,251.18864315095823,27.27682516547392,546.6835921509635
10.0,1000.0,251.18864315095823,24.976269979648936,601.1872336272726
10.0,0.1,316.22776601683796,56.84715221228387,105.62341325190349
10.0,0.12589254117941673,316.22776601683796,56.7805095719275,106.30957344480194
10.0,0.15848931924611134,316.22776601683796,56.705841103459,107.07945784384138
10.0,0.19952623149688797,316.22776601683796,56.622194714270506,107.94328234724281
10.0,0.251188643150958,316.22776601683796,56.52850910573102,108.91250938133746
10.0,0.31622776601683794,316.22776601683796,56.423602220061206,110.0
10.0,0.3981071705534973,316.22776601683796,56.306158723278436,111.22018454301964
10.0,0.5011872336272724,316.22776601683796,56.17471651668024,112.58925411794166
10.0,0.6309573444801934,316.22776601683796,56.027652294749736,114.12537544622754
10.0,0.7943282347242815,316.22776601683796,55.86316620182471,115.84893192461114
10.0,1.0,316.22776601683796,55.679265685664305,117.78279410038922
10.0,1.2589254117941675,316.22776601683796,55.473748705912136,119.9526231496888
10.0,1.584893192461114,316.22776601683796,55.244186532628625,122.3872113856834
10.0,1.9952623149688797,316.22776601683796,54.98790646829976,125.1188643150958
10.0,2.511886431509581,316.22776601683796,54.70197495030627,128.18382931264455
10.0,3.1622776601683795,316.22776601683796,54.38318164449209,131.6227766016838
10.0,3.981071705534973,316.22776601683796,54.02802532927518,135.48133892335755
10.0,5.011872336272725,316.22776601683796,53.632702598819385,139.81071705534973
10.0,6.309573444801933,316.22776601683796,53.19310068786771,144.6683592150963
10.0,7.943282347242818,316.22776601683796,52.70479604353401,150.11872336272722
10.0,10.0,316.22776601683796,52.16306064206294,156.2341325190349
10.0,12.589254117941675,316.22776601683796,51.56287846888006,163.09573444801933
10.0,15.848931924611142,316.22776601683796,50.89897503967692,170.7945784384138
10.0,19.952623149688808,316.22776601683796,50.16586332116494,179.4328234724282
10.0,25.11886431509582,316.22776601683796,49.35790988162002,189.12509381337458
10.0,31.622776601683793,316.22776601683796,48.4694255142021,200.0
10.0,39.810717055349734,316.22776601683796,47.49478485655223,212.20184543019636
10.0,50.11872336272725,316.22776601683796,46.428579573369404,225.89254117941675
10.0,63.095734448019364,316.22776601683796,45.26580933187687,241.25375446227548
10.0,79.43282347242821,316.22776601683796,44.002113898600996,258.4893192461114
10.0,100.0,316.22776601683796,42.634047993938196,277.8279410038923
10.0,125.89254117941675,316.22776601683796,41.15939780287762,299.526231496888
10.0,158.48931924611142,316.22776601683796,39.577533998683585,323.872113856834
10.0,199.52623149688807,316.22776601683796,37.889790586742954,351.18864315095806
10.0,251.18864315095823,316.22776601683796,36.09985175563263,381.8382931264456
10.0,316.22776601683796,316.22776601683796,34.214120441138995,416.22776601683796
10.0,398.1071705534973,316.22776601683796,32.24203311253762,454.8133892335755
10.0,501.18723362727246,316.22776601683796,30.19627663383757,498.1071705534973
10.0,630.9573444801937,316.22776601683796,28.0928569162519,546.6835921509632
10.0,794.3282347242822,316.22776601683796,25.95096812248208,601.1872336272726
10.0,1000.0,316.22776601683796,23.792618404375354,662.3413251903492
10.0,0.1,398.1071705534973,53.23448982760991,106.30957344480194
10.0,0.12589254117941673,398.1071705534973,53.17267426323916,107.07945784384138
10.0,0.15848931924611134,398.1071705534973,53.10341455051273,107.94328234724281
10.0,0.19952623149688797,398.1071705534973,53.02582768787617,108.91250938133746
10.0,0.251188643150958,398.1071705534973,52.938929413806214,110.0
10.0,0.31622776601683794,398.1071705534973,52.841623499356096,111.22018454301964
10.0,0.3981071705534973,398.1071705534973,52.7326901485062,112.58925411794168
10.0,0.5011872336272724,398.1071705534973,52.61077349965793,114.12537544622754
10.0,0.6309573444801934,398.1071705534973,52.47436824519864,115.84893192461114
10.0,0.7943282347242815,398.1071705534973,52.32180541801931,117.78279410038922
10.0,1.0,398.1071705534973,52.151237436296555,119.95262314968879
10.0,1.2589254117941675,398.1071705534973,51.96062255327347,122.3872113856834
10.0,1.584893192461114,398.1071705534973,51.747708930158076,125.1188643150958
10.0,1.9952623149688797,398.1071705534973,51.510018641041626,128.18382931264455
10.0,2.511886431509581,398.1071705534973,51.24483203282457,131.6227766016838
10.0,3.1622776601683795,398.1071705534973,50.94917300483822,135.48133892335755
10.0,3.981071705534973,398.1071705534973,50.61979594674679,139.81071705534976
10.0,5.011872336272725,398.1071705534973,50.253175284011114,144.66835921509633
10.0,6.309573444801933,398.1071705534973,49.84549883188351,150.11872336272722
10.0,7.943282347242818,398.1071705534973,49.39266645468834,156.23413251903492
10.0,10.0,398.1071705534973,48.89029586803091,163.09573444801933
10.0,12.589254117941675,398.1071705534973,48.333737804993056,170.79457843841382
10.0,15.848931924611142,398.1071705534973,47.718103185102464,179.4328234724282
10.0,19.952623149688808,398.1071705534973,47.038305360237175,189.12509381337458
10.0,25.11886431509582,398.1071705534973,46.28912093587055,200.00000000000006
10.0,31.622776601683793,398.1071705534973,45.46527303369045,212.20184543019633
10.0,39.810717055349734,398.1071705534973,44.561541105039296,225.89254117941675
10.0,50.11872336272725,398.1071705534973,43.57290142822262,241.25375446227548
10.0,63.095734448019364,398.1071705534973,42.49470209750701,258.48931924611145
10.0,79.43282347242821,398.1071705534973,41.32287547181025,277.82794100389236
10.0,100.0,398.1071705534973,40.05418949578549,299.526231496888
10.0,125.89254117941675,398.1071705534973,38.6865368101002,323.872113856834
10.0,158.48931924611142,398.1071705534973,37.21925690812077,351.1886431509581
10.0,199.52623149688807,398.1071705534973,35.65348160087749,381.83829312644554
10.0,251.18864315095823,398.1071705534973,33.99248767920161,416.2277660168381
10.0,316.22776601683796,398.1071705534973,32.24203311253762,454.8133892335755
10.0,398.1071705534973,398.1071705534973,30.410644983423722,498.1071705534973
10.0,501.18723362727246,398.1071705534973,28.509819738016798,546.6835921509632
10.0,630.9573444801937,398.1071705534973,26.554090969069897,601.1872336272725
10.0,794.3282347242822,398.1071705534973,24.56091914186996,662.3413251903494
10.0,1000.0,398.1071705534973,22.550363996514626,730.9573444801933
10.0,0.1,501.18723362727246,49.492078538072214,107.0794578438414
10.0,0.12589254117941673,501.18723362727246,49.43527839911797,107.94328234724281
10.0,0.15848931924611134,501.18723362727246,49.37163830564799,108.91250938133746
10.0,0.19952623149688797,501.18723362727246,49.30034697457378,110.0
10.0,0.251188643150958,501.18723362727246,49.220500099085626,111.22018454301964
10.0,0.31622776601683794,501.18723362727246,49.13109051465148,112.58925411794168
10.0,0.3981071705534973,501.18723362727246,49.03099754607112,114.12537544622755
10.0,0.5011872336272724,501.18723362727246,48.918975529533974,115.84893192461115
10.0,0.6309573444801934,501.18723362727246,48.79364152526115,117.78279410038922
10.0,0.7943282347242815,501.18723362727246,48.653462265597305,119.9526231496888
10.0,1.0,501.18723362727246,48.4967404222768,122.3872113856834
10.0,1.2589254117941675,501.18723362727246,48.32160032731319,125.11886431509579
10.0,1.584893192461114,501.18723362727246,48.12597334724244,128.18382931264452
10.0,1.9952623149688797,501.18723362727246,47.907583193404285,131.6227766016838
10.0,2.511886431509581,501.18723362727246,47.663931555096454,135.48133892335755
10.0,3.1622776601683795,501.18723362727246,47.39228457166124,139.81071705534976
10.0,3.981071705534973,501.18723362727246,47.08966081796741,144.6683592150963
10.0,5.011872336272725,501.18723362727246,46.75282166941955,150.11872336272722
10.0,6.309573444801933,501.18723362727246,46.37826514123961,156.23413251903492
10.0,7.943282347242818,501.18723362727246,45.962224564960934,163.09573444801936
10.0,10.0,501.18723362727246,45.500673773531446,170.7945784384138
10.0,12.589254117941675,501.18723362727246,44.98934081250771,179.4328234724282
10.0,15.848931924611142,501.18723362727246,44.42373257073645,189.12509381337458
10.0,19.952623149688808,501.18723362727246,43.799173114174565,200.00000000000006
10.0,25.11886431509582,501.18723362727246,43.11085888466103,212.20184543019639
10.0,31.622776601683793,501.18723362727246,42.353934250101844,225.89254117941672
10.0,39.810717055349734,501.18723362727246,41.52359110253592,241.25375446227548
10.0,50.11872336272725,501.18723362727246,40.61519621006665,258.4893192461114
10.0,63.095734448019364,501.18723362727246,39.624449722602456,277.82794100389236
10.0,79.43282347242821,501.18723362727246,38.54757746299281,299.5262314968881
10.0,100.0,501.18723362727246,37.38155822810257,323.87211385683395
10.0,125.89254117941675,501.18723362727246,36.12438508301994,351.1886431509581
10.0,158.48931924611142,501.18723362727246,34.77535636490894,381.8382931264455
10.0,199.52623149688807,501.18723362727246,33.33538767795446,416.227766016838
10.0,251.18864315095823,501.18723362727246,31.807330531174575,454.81338923357566
10.0,316.22776601683796,501.18723362727246,30.19627663383757,498.1071705534973
10.0,398.1071705534973,501.18723362727246,28.509819738016798,546.6835921509631
10.0,501.18723362727246,501.18723362727246,26.75824027370355,601.1872336272726
10.0,630.9573444801937,501.18723362727246,24.954573349792476,662.3413251903494
10.0,794.3282347242822,501.18723362727246,23.114519958124493,730.9573444801936
10.0,1000.0,501.18723362727246,21.25616659470638,807.9457843841382
10.0,0.1,630.9573444801937,45.65359623830517,107.94328234724281
10.0,0.12589254117941673,630.9573444801937,45.60194804428208,108.91250938133746
10.0,0.15848931924611134,630.9573444801937,45.54408034859423,110.0
10.0,0.19952623149688797,630.9573444801937,45.47925546874281,111.22018454301963
10.0,0.251188643150958,630.9573444801937,45.40665113867377,112.58925411794166
10.0,0.31622776601683794,630.9573444801937,45.325351566699815,114.12537544622757
10.0,0.3981071705534973,630.9573444801937,45.23433774842344,115.84893192461114
10.0,0.5011872336272724,630.9573444801937,45.13247702894192,117.78279410038924
10.0,0.6309573444801934,630.9573444801937,45.01851192817906,119.9526231496888
10.0,0.7943282347242815,630.9573444801937,44.89104826966563,122.38721138568341
10.0,1.0,630.9573444801937,44.74854268820938,125.1188643150958
10.0,1.2589254117941675,630.9573444801937,44.58928963771382,128.18382931264455
10.0,1.584893192461114,630.9573444801937,44.41140807933954,131.62277660168382
10.0,1.9952623149688797,630.9573444801937,44.21282810503808,135.48133892335755
10.0,2.511886431509581,630.9573444801937,43.991277845372856,139.81071705534976
10.0,3.1622776601683795,630.9573444801937,43.74427112692387,144.66835921509633
10.0,3.981071705534973,630.9573444801937,43.469096487086524,150.11872336272725
10.0,5.011872336272725,630.9573444801937,43.16280832631228,156.23413251903494
10.0,6.309573444801933,630.9573444801937,42.8222211829953,163.09573444801936
10.0,7.943282347242818,630.9573444801937,42.44390835651108,170.79457843841382
10.0,10.0,630.9573444801937,42.0242063797821,179.4328234724282
10.0,12.589254117941675,630.9573444801937,41.559227151604034,189.12509381337458
10.0,15.848931924611142,630.9573444801937,41.04487987356881,200.00000000000006
10.0,19.952623149688808,630.9573444801937,40.47690528264297,212.2018454301964
10.0,25.11886431509582,630.9573444801937,39.85092500443905,225.8925411794168
10.0,31.622776601683793,630.9573444801937,39.16250913684442,241.25375446227548
10.0,39.810717055349734,630.9573444801937,38.4072653545503,258.4893192461114
10.0,50.11872336272725,630.9573444801937,37.580952826242445,277.82794100389236
10.0,63.095734448019364,630.9573444801937,36.679623956685546,299.5262314968881
10.0,79.43282347242821,630.9573444801937,35.699796277621886,323.8721138568341
10.0,100.0,630.9573444801937,34.63865556163819,351.1886431509581
10.0,125.89254117941675,630.9573444801937,33.49428925419043,381.83829312644554
10.0,158.48931924611142,630.9573444801937,32.265946449140564,416.22776601683813
10.0,199.52623149688807,630.9573444801937,30.954316754509293,454.81338923357566
10.0,251.18864315095823,630.9573444801937,29.561815492188178,498.10717055349755
10.0,316.22776601683796,630.9573444801937,28.0928569162519,546.6835921509632
10.0,398.1071705534973,630.9573444801937,26.554090969069897,601.1872336272726
10.0,501.18723362727246,630.9573444801937,24.954573349792476,662.3413251903494
10.0,630.9573444801937,630.9573444801937,23.305834605811917,730.9573444801937
10.0,794.3282347242822,630.9573444801937,21.621813222451156,807.9457843841385
10.0,1000.0,630.9573444801937,19.91862209917852,894.3282347242817
10.0,0.1,794.3282347242822,41.75963589028859,108.91250938133747
10.0,0.12589254117941673,794.3282347242822,41.71321143372616,110.00000000000001
10.0,0.15848931924611134,794.3282347242822,41.661196391652844,111.22018454301963
10.0,0.19952623149688797,794.3282347242822,41.602927639474586,112.58925411794168
10.0,0.251188643150958,794.3282347242822,41.5376660071014,114.12537544622754
10.0,0.31622776601683794,794.3282347242822,41.46458823608197,115.84893192461115
10.0,0.3981071705534973,794.3282347242822,41.38277826546733,117.78279410038922
10.0,0.5011872336272724,794.3282347242822,41.29121784074247,119.9526231496888
10.0,0.6309573444801934,794.3282347242822,41.18877645757965,122.38721138568341
10.0,0.7943282347242815,794.3282347242822,41.07420067573644,125.1188643150958
10.0,1.0,794.3282347242822,40.94610286968424,128.18382931264455
10.0,1.2589254117941675,794.3282347242822,40.80294952333014,131.62277660168382
10.0,1.584893192461114,794.3282347242822,40.643049228627994,135.48133892335755
10.0,1.9952623149688797,794.3282347242822,40.46454061442385,139.81071705534976
10.0,2.511886431509581,794.3282347242822,40.26538051532084,144.66835921509636
10.0,3.1622776601683795,794.3282347242822,40.043332793711,150.11872336272722
10.0,3.981071705534973,794.3282347242822,39.7959583545862,156.23413251903494
10.0,5.011872336272725,794.3282347242822,39.52060704543695,163.09573444801936
10.0,6.309573444801933,794.3282347242822,39.21441231522557,170.7945784384138
10.0,7.943282347242818,794.3282347242822,38.874289718952674,179.43282347242817
10.0,10.0,794.3282347242822,38.496940597970706,189.12509381337458
10.0,12.589254117941675,794.3282347242822,38.07886253851119,200.00000000000006
10.0,15.848931924611142,794.3282347242822,37.61636850532922,212.20184543019639
10.0,19.952623149688808,794.3282347242822,37.10561685132386,225.8925411794168
10.0,25.11886431509582,794.3282347242822,36.5426546963454,241.25375446227554
10.0,31.622776601683793,794.3282347242822,35.92347741651894,258.4893192461114
10.0,39.810717055349734,794.3282347242822,35.244107141744834,277.8279410038924
10.0,50.11872336272725,794.3282347242822,34.50069315759501,299.52623149688804
10.0,63.095734448019364,794.3282347242822,33.68963686124551,323.8721138568341
10.0,79.43282347242821,794.3282347242822,32.807743319407855,351.1886431509582
10.0,100.0,794.3282347242822,31.85240038919656,381.8382931264456
10.0,125.89254117941675,794.3282347242822,30.821784648537886,416.22776601683813
10.0,158.48931924611142,794.3282347242822,29.71509090566504,454.8133892335757
10.0,199.52623149688807,794.3282347242822,28.532778720551654,498.10717055349755
10.0,251.18864315095823,794.3282347242822,27.27682516547392,546.6835921509635
10.0,316.22776601683796,794.3282347242822,25.95096812248208,601.1872336272725
10.0,398.1071705534973,794.3282347242822,24.56091914186996,662.3413251903494
10.0,501.18723362727246,794.3282347242822,23.114519958124493,730.9573444801937
10.0,630.9573444801937,794.3282347242822,21.621813222451156,807.9457843841385
10.0,794.3282347242822,794.3282347242822,20.094997223876156,894.3282347242822
10.0,1000.0,794.3282347242822,18.548237835724642,991.2509381337459
10.0,0.1,1000.0,37.85682270579875,109.99999999999999
10.0,0.12589254117941673,1000.0,37.815617345985146,111.22018454301964
10.0,0.15848931924611134,1000.0,37.7694495906146,112.58925411794168
10.0,0.19952623149688797,1000.0,37.717730744270625,114.12537544622754
10.0,0.251188643150958,1000.0,37.65980457853382,115.84893192461114
10.0,0.31622776601683794,1000.0,37.59494018287058,117.78279410038922
10.0,0.3981071705534973,1000.0,37.5223242167928,119.9526231496888
10.0,0.5011872336272724,1000.0,37.44105255744118,122.3872113856834
10.0,0.6309573444801934,1000.0,37.35012135196549,125.1188643150958
10.0,0.7943282347242815,1000.0,37.24841750469328,128.18382931264452
10.0,1.0,1000.0,37.134708656434796,131.6227766016838
10.0,1.2589254117941675,1000.0,37.00763274896298,135.48133892335755
10.0,1.584893192461114,1000.0,36.86568731359877,139.81071705534973
10.0,1.9952623149688797,1000.0,36.70721868107043,144.6683592150963
10.0,2.511886431509581,1000.0,36.53041138281423,150.11872336272725
10.0,3.1622776601683795,1000.0,36.33327810427399,156.23413251903492
10.0,3.981071705534973,1000.0,36.113650661293775,163.09573444801933
10.0,5.011872336272725,1000.0,35.86917260407686,170.79457843841382
10.0,6.309573444801933,1000.0,35.597294211761245,179.43282347242814
10.0,7.943282347242818,1000.0,35.29527082601698,189.12509381337458
10.0,10.0,1000.0,34.960165684353406,200.0
10.0,12.589254117941675,1000.0,34.588858650862,212.20184543019639
10.0,15.848931924611142,1000.0,34.17806249815548,225.89254117941672
10.0,19.952623149688808,1000.0,33.72434865832233,241.25375446227548
10.0,25.11886431509582,1000.0,33.224184614520176,258.48931924611145
10.0,31.622776601683793,1000.0,32.673985320278256,277.82794100389225
10.0,39.810717055349734,1000.0,32.07018116991007,299.526231496888
10.0,50.11872336272725,1000.0,31.40930504435052,323.87211385683395
10.0,63.095734448019364,1000.0,30.688100748048804,351.188643150958
10.0,79.43282347242821,1000.0,29.903654641354244,381.8382931264455
10.0,100.0,1000.0,29.05355134966329,416.2277660168379
10.0,125.89254117941675,1000.0,28.136052976805264,454.8133892335755
10.0,158.48931924611142,1000.0,27.15029915327053,498.1071705534973
10.0,199.52623149688807,1000.0,26.096522430112532,546.6835921509632
10.0,251.18864315095823,1000.0,24.976269979648936,601.1872336272725
10.0,316.22776601683796,1000.0,23.792618404375354,662.3413251903492
10.0,398.1071705534973,1000.0,22.550363996514626,730.9573444801933
10.0,501.18723362727246,1000.0,21.25616659470638,807.9457843841382
10.0,630.9573444801937,1000.0,19.91862209917852,894.3282347242817
10.0,794.3282347242822,1000.0,18.548237835724642,991.2509381337459
10.0,1000.0,1000.0,17.15728752538099,1100.0
100.0,0.1,0.1,99.36954130569657,100.1
100.0,0.12589254117941673,0.1,99.33120654882913,100.11220184543019
100.0,0.15848931924611134,0.1,99.28821187911682,100.12589254117941
100.0,0.19952623149688797,0.1,99.23999326005259,100.14125375446227
100.0,0.251188643150958,0.1,99.18591900966815,100.15848931924612
100.0,0.31622776601683794,0.1,99.1252818501599,100.1778279410039
100.0,0.3981071705534973,0.1,99.05729006552718,100.19952623149689
100.0,0.5011872336272724,0.1,98.98105767839552,100.22387211385683
100.0,0.6309573444801934,0.1,98.89559355145506,100.25118864315095
100.0,0.7943282347242815,0.1,98.79978931378268,100.28183829312644
100.0,1.0,0.1,98.69240600812604,100.31622776601684
100.0,1.2589254117941675,0.1,98.57205935252118,100.35481338923357
100.0,1.584893192461114,0.1,98.43720350905915,100.3981071705535
100.0,1.9952623149688797,0.1,98.2861132550755,100.44668359215096
100.0,2.511886431509581,0.1,98.11686445861663,100.50118723362728
100.0,3.1622776601683795,0.1,97.92731277214786,100.56234132519035
100.0,3.981071705534973,0.1,97.715070477891,100.6309573444802
100.0,5.011872336272725,0.1,97.47748144715439,100.70794578438414
100.0,6.309573444801933,0.1,97.21159421733303,100.79432823472428
100.0,7.943282347242818,0.1,96.91413324737246,100.89125093813375
100.0,10.0,0.1,96.58146848965117,101.0
100.0,12.589254117941675,0.1,96.20958351862701,101.12201845430197
100.0,15.848931924611142,0.1,95.7940425904561,101.25892541179417
100.0,19.952623149688808,0.1,95.3299571805944,101.41253754462275
100.0,25.11886431509582,0.1,94.81195276690143,101.58489319246111
100.0,31.622776601683793,0.1,94.23413690413888,101.77827941003892
100.0,39.810717055349734,0.1,93.59006998346543,101.99526231496888
100.0,50.11872336272725,0.1,92.87274050014723,102.23872113856834
100.0,63.095734448019364,0.1,92.07454717739795,102.51188643150958
100.0,79.43282347242821,0.1,91.18729092684511,102.81838293126445
100.0,100.0,0.1,90.20218037745371,103.16227766016837
100.0,125.89254117941675,0.1,89.10985558118625,103.54813389233576
100.0,158.48931924611142,0.1,87.90043550318497,103.98107170553497
100.0,199.52623149688807,0.1,86.56359601056923,104.46683592150964
100.0,251.18864315095823,0.1,85.08868624825548,105.01187233627272
100.0,316.22776601683796,0.1,83.46489245960726,105.62341325190349
100.0,398.1071705534973,0.1,81.68145935157843,106.30957344480194
100.0,501.18723362727246,0.1,79.72797982589807,107.07945784384138
100.0,630.9573444801937,0.1,77.59476401324552,107.94328234724281
100.0,794.3282347242822,0.1,75.27329764889622,108.91250938133746
100.0,1000.0,0.1,72.7567973633197,110.0
100.0,0.1,0.12589254117941673,99.33120654882913,100.11220184543019
100.0,0.12589254117941673,0.12589254117941673,99.29288660553456,100.12589254117941
100.0,0.15848931924611134,0.12589254117941673,99.24990855179533,100.14125375446227
100.0,0.19952623149688797,0.12589254117941673,99.20170856970232,100.15848931924612
100.0,0.251188643150958,0.12589254117941673,99.14765522221442,100.1778279410039
100.0,0.31622776601683794,0.12589254117941673,99.08704150590809,100.19952623149689
100.0,0.3981071705534973,0.12589254117941673,99.01907601209696,100.22387211385683
100.0,0.5011872336272724,0.12589254117941673,98.94287310753309,100.25118864315095
100.0,0.6309573444801934,0.12589254117941673,98.85744204015907,100.28183829312644
100.0,0.7943282347242815,0.12589254117941673,98.76167487022505,100.31622776601684
100.0,1.0,0.12589254117941673,98.65433312289436,100.35481338923357
100.0,1.2589254117941675,0.12589254117941673,98.5340330557594,100.3981071705535
100.0,1.584893192461114,0.12589254117941673,98.39922943413433,100.44668359215096
100.0,1.9952623149688797,0.12589254117941673,98.24819770945192,100.50118723362728
100.0,2.511886431509581,0.12589254117941673,98.0790145026711,100.56234132519035
100.0,3.1622776601683795,0.12589254117941673,97.88953630671254,100.6309573444802
100.0,3.981071705534973,0.12589254117941673,97.67737634135887,100.70794578438414
100.0,5.011872336272725,0.12589254117941673,97.43987952302415,100.79432823472428
100.0,6.309573444801933,0.12589254117941673,97.17409555310427,100.89125093813375
100.0,7.943282347242818,0.12589254117941673,96.87675018571686,101.0
100.0,10.0,0.12589254117941673,96.544214812783,101.12201845430197
100.0,12.589254117941675,0.12589254117941673,96.17247460675871,101.25892541179417
100.0,15.848931924611142,0.12589254117941673,95.75709559514856,101.41253754462275
100.0,19.952623149688808,0.12589254117941673,95.2931912136761,101.58489319246111
100.0,25.11886431509582,0.12589254117941673,94.77538910542188,101.77827941003892
100.0,31.622776601683793,0.12589254117941673,94.19779921151323,101.99526231496888
100.0,39.810717055349734,0.12589254117941673,93.55398454652976,102.23872113856834
100.0,50.11872336272725,0.12589254117941673,92.83693648124233,102.51188643150958
100.0,63.095734448019364,0.12589254117941673,92.03905687978445,102.81838293126445
100.0,79.43282347242821,0.12589254117941673,91.15215007067145,103.16227766016839
100.0,100.0,0.12589254117941673,90.16742838207976,103.54813389233576
100.0,125.89254117941675,0.12589254117941673,89.07553584783003,103.98107170553497
100.0,158.48931924611142,0.12589254117941673,87.86659568951329,104.46683592150963
100.0,199.52623149688807,0.12589254117941673,86.53028828588982,105.01187233627272
100.0,251.18864315095823,0.12589254117941673,85.0559675142745,105.62341325190349
100.0,316.22776601683796,0.12589254117941673,83.43282451718534,106.30957344480194
100.0,398.1071705534973,0.12589254117941673,81.65010898845836,107.07945784384138
100.0,501.18723362727246,0.12589254117941673,79.69741879395447,107.94328234724281
100.0,630.9573444801937,0.12589254117941673,77.56506885648395,108.91250938133746
100.0,794.3282347242822,0.12589254117941673,75.24454933545174,110.0
100.0,1000.0,0.12589254117941673,72.72908066660793,111.22018454301963
100.0,0.1,0.15848931924611134,99.28821187911682,100.12589254117941
100.0,0.12589254117941673,0.15848931924611134,99.24990855179533,100.14125375446227
100.0,0.15848931924611134,0.15848931924611134,99.20694913572949,100.15848931924612
100.0,0.19952623149688797,0.15848931924611134,99.158770058205,100.1778279410039
100.0,0.251188643150958,0.15848931924611134,99.10474015690781,100.19952623149689
100.0,0.31622776601683794,0.15848931924611134,99.04415273617762,100.22387211385683
100.0,0.3981071705534973,0.15848931924611134,98.9762167320328,100.25118864315095
100.0,0.5011872336272724,0.15848931924611134,98.90004689722036,100.28183829312644
100.0,0.6309573444801934,0.15848931924611134,98.81465291180785,100.31622776601684
100.0,0.7943282347242815,0.15848931924611134,98.71892731967733,100.35481338923357
100.0,1.0,0.15848931924611134,98.61163218710055,100.3981071705535
100.0,1.2589254117941675,0.15848931924611134,98.49138437687034,100.44668359215096
100.0,1.584893192461114,0.15848931924611134,98.3566393309134,100.50118723362728
100.0,1.9952623149688797,0.15848931924611134,98.20567325677067,100.56234132519035
100.0,2.511886431509581,0.15848931924611134,98.03656361991229,100.6309573444802
100.0,3.1622776601683795,0.15848931924611134,97.84716785596179,100.70794578438414
100.0,3.981071705534973,0.15848931924611134,97.63510023632172,100.79432823472428
100.0,5.011872336272725,0.15848931924611134,97.39770684965245,100.89125093813375
100.0,6.309573444801933,0.15848931924611134,97.13203870295196,101.0
100.0,7.943282347242818,0.15848931924611134,96.83482300306491,101.12201845430197
100.0,10.0,0.15848931924611134,96.5024327565674,101.25892541179417
100.0,12.589254117941675,0.15848931924611134,96.13085492829586,101.41253754462275
100.0,15.848931924611142,0.15848931924611134,95.71565753256449,101.58489319246111
100.0,19.952623149688808,0.15848931924611134,95.25195620379627,101.77827941003892
100.0,25.11886431509582,0.15848931924611134,94.73438101364219,101.99526231496888
100.0,31.622776601683793,0.15848931924611134,94.15704457982751,102.23872113856834
100.0,39.810717055349734,0.15848931924611134,93.51351285939812,102.51188643150958
100.0,50.11872336272725,0.15848931924611134,92.79678044830948,102.81838293126445
100.0,63.095734448019364,0.15848931924611134,91.99925273354314,103.16227766016839
100.0,79.43282347242821,0.15848931924611134,91.1127378759524,103.54813389233576
100.0,100.0,0.15848931924611134,90.12845235265839,103.98107170553497
100.0,125.89254117941675,0.15848931924611134,89.03704466338132,104.46683592150963
100.0,158.48931924611142,0.15848931924611134,87.8286428035138,105.01187233627272
100.0,199.52623149688807,0.15848931924611134,86.49293221174139,105.62341325190349
100.0,251.18864315095823,0.15848931924611134,85.01927207278246,106.30957344480194
100.0,316.22776601683796,0.15848931924611134,83.39685902344127,107.07945784384137
100.0,398.1071705534973,0.15848931924611134,81.61494835005493,107.94328234724281
100.0,501.18723362727246,0.15848931924611134,79.66314348525651,108.91250938133746
100.0,630.9573444801937,0.15848931924611134,77.53176472546943,110.0
100.0,794.3282347242822,0.15848931924611134,75.21230719069233,111.22018454301964
100.0,1000.0,0.15848931924611134,72.69799558288274,112.58925411794166
100.0,0.1,0.19952623149688797,99.23999326005259,100.14125375446227
100.0,0.12589254117941673,0.19952623149688797,99.20170856970232,100.15848931924612
100.0,0.15848931924611134,0.19952623149688797,99.158770058205,100.1778279410039
100.0,0.19952623149688797,0.19952623149688797,99.11061442786308,100.19952623149689
100.0,0.251188643150958,0.19952623149688797,99.05661082450371,100.22387211385683
100.0,0.31622776601683794,0.19952623149688797,98.99605289766154,100.25118864315095
100.0,0.3981071705534973,0.19952623149688797,98.92814996998412,100.28183829312644
100.0,0.5011872336272724,0.19952623149688797,98.8520172271599,100.31622776601684
100.0,0.6309573444801934,0.19952623149688797,98.7666648339374,100.35481338923357
100.0,0.7943282347242815,0.19952623149688797,98.670985876651,100.3981071705535
100.0,1.0,0.19952623149688797,98.56374302849102,100.44668359215096
100.0,1.2589254117941675,0.19952623149688797,98.44355383105498,100.50118723362728
100.0,1.584893192461114,0.19952623149688797,98.30887448517055,100.56234132519035
100.0,1.9952623149688797,0.19952623149688797,98.15798204644243,100.6309573444802
100.0,2.511886431509581,0.19952623149688797,97.98895492755709,100.70794578438414
100.0,3.1622776601683795,0.19952623149688797,97.79965162148603,100.79432823472428
100.0,3.981071705534973,0.19952623149688797,97.58768757914014,100.89125093813375
100.0,5.011872336272725,0.19952623149688797,97.35041020398107,101.0
100.0,6.309573444801933,0.19952623149688797,97.08487196737732,101.12201845430197
100.0,7.943282347242818,0.19952623149688797,96.78780170555585,101.25892541179417
100.0,10.0,0.19952623149688797,96.455574236088,101.41253754462275
100.0,12.589254117941675,0.19952623149688797,96.0841785341346,101.58489319246111
100.0,15.848931924611142,0.19952623149688797,95.66918484239625,101.77827941003892
100.0,19.952623149688808,0.19952623149688797,95.20571126132427,101.99526231496888
100.0,25.11886431509582,0.19952623149688797,94.68839058640371,102.23872113856834
100.0,31.622776601683793,0.19952623149688797,94.11133843735813,102.51188643150958
100.0,39.810717055349734,0.19952623149688797,93.46812407140018,102.81838293126445
100.0,50.11872336272725,0.19952623149688797,92.75174570171068,103.16227766016839
100.0,63.095734448019364,0.19952623149688797,91.95461266630764,103.54813389233576
100.0,79.43282347242821,0.19952623149688797,91.06853742414388,103.98107170553497
100.0,100.0,0.19952623149688797,90.0847411054704,104.46683592150963
100.0,125.89254117941675,0.19952623149688797,88.99387721854002,105.01187233627272
100.0,158.48931924611142,0.19952623149688797,87.78607911250555,105.62341325190349
100.0,199.52623149688807,0.19952623149688797,86.4510379005893,106.30957344480194
100.0,251.18864315095823,0.19952623149688797,84.97811871944992,107.07945784384138
100.0,316.22776601683796,0.19952623149688797,83.3565243672405,107.94328234724281
100.0,398.1071705534973,0.19952623149688797,81.57551640157227,108.91250938133746
100.0,501.18723362727246,0.19952623149688797,79.62470449722939,110.0
100.0,630.9573444801937,0.19952623149688797,77.494414975844,111.22018454301963
100.0,794.3282347242822,0.19952623149688797,75.1761485190634,112.58925411794168
100.0,1000.0,0.19952623149688797,72.66313461134678,114.12537544622754
100.0,0.1,0.251188643150958,99.18591900966815,100.15848931924612
100.0,0.12589254117941673,0.251188643150958,99.14765522221442,100.1778279410039
100.0,0.15848931924611134,0.251188643150958,99.10474015690781,100.19952623149689
100.0,0.19952623149688797,0.251188643150958,99.05661082450371,100.22387211385683
100.0,0.251188643150958,0.251188643150958,99.0026367164334,100.25118864315095
100.0,0.31622776601683794,0.251188643150958,98.9421118693945,100.28183829312644
100.0,0.3981071705534973,0.251188643150958,98.87424603966859,100.31622776601684
100.0,0.5011872336272724,0.251188643150958,98.79815489852068,100.35481338923357
100.0,0.6309573444801934,0.251188643150958,98.71284915430513,100.3981071705535
100.0,0.7943282347242815,0.251188643150958,98.61722250175656,100.44668359215096
100.0,1.0,0.251188643150958,98.51003829476821,100.50118723362728
100.0,1.2589254117941675,0.251188643150958,98.38991483626523,100.56234132519035
100.0,1.584893192461114,0.251188643150958,98.2553091782354,100.6309573444802
100.0,1.9952623149688797,0.251188643150958,98.10449932744416,100.70794578438414
100.0,2.511886431509581,0.251188643150958,97.93556475894341,100.79432823472428
100.0,3.1622776601683795,0.251188643150958,97.7463651515875,100.89125093813375
100.0,3.981071705534973,0.251188643150958,97.53451727917788,101.0
100.0,5.011872336272725,0.251188643150958,97.29737001980237,101.12201845430197
100.0,6.309573444801933,0.251188643150958,97.0319774872018,101.25892541179417
100.0,7.943282347242818,0.251188643150958,96.7350703450391,101.41253754462275
100.0,10.0,0.251188643150958,96.40302544200291,101.58489319246111
100.0,12.589254117941675,0.251188643150958,96.03183400791933,101.77827941003892
100.0,15.848931924611142,0.251188643150958,95.61706878470851,101.99526231496888
100.0,19.952623149688808,0.251188643150958,95.1538506385516,102.23872113856834
100.0,25.11886431509582,0.251188643150958,94.63681541978261,102.51188643150958
100.0,31.622776601683793,0.251188643150958,94.06008211492001,102.81838293126445
100.0,39.810717055349734,0.251188643150958,93.41722368234414,103.16227766016837
100.0,50.11872336272725,0.251188643150958,92.7012423919524,103.54813389233576
100.0,63.095734448019364,0.251188643150958,91.90455201280398,103.98107170553497
100.0,79.43282347242821,0.251188643150958,91.01896982406463,104.46683592150963
100.0,100.0,0.251188643150958,90.03572217428676,105.01187233627272
100.0,125.89254117941675,0.251188643150958,88.94546818850796,105.62341325190349
100.0,158.48931924611142,0.251188643150958,87.73834721971059,106.30957344480193
100.0,199.52623149688807,0.251188643150958,86.40405674453706,107.07945784384138
100.0,251.18864315095823,0.251188643150958,84.93196857397632,107.94328234724281
100.0,316.22776601683796,0.251188643150958,83.31129241512302,108.91250938133746
100.0,398.1071705534973,0.251188643150958,81.53129685752441,110.0
100.0,501.18723362727246,0.251188643150958,79.58159857490406,111.22018454301964
100.0,630.9573444801937,0.251188643150958,77.45253064415017,112.58925411794168
100.0,794.3282347242822,0.251188643150958,75.13559998186223,114.12537544622755
100.0,1000.0,0.251188643150958,72.62404143319347,115.84893192461112
100.0,0.1,0.31622776601683794,99.1252818501599,100.1778279410039
100.0,0.12589254117941673,0.31622776601683794,99.08704150590809,100.19952623149689
100.0,0.15848931924611134,0.31622776601683794,99.04415273617762,100.22387211385683
100.0,0.19952623149688797,0.31622776601683794,98.99605289766154,100.25118864315095
100.0,0.251188643150958,0.31622776601683794,98.9421118693945,100.28183829312644
100.0,0.31622776601683794,0.31622776601683794,98.88162412228611,100.31622776601684
100.0,0.3981071705534973,0.31622776601683794,98.81379989894842,100.35481338923357
100.0,0.5011872336272724,0.31622776601683794,98.73775541523078,100.3981071705535
100.0,0.6309573444801934,0.31622776601683794,98.6525019891525,100.44668359215096
100.0,0.7943282347242815,0.31622776601683794,98.55693399778062,100.50118723362728
100.0,1.0,0.31622776601683794,98.44981555842865,100.56234132519035
100.0,1.2589254117941675,0.31622776601683794,98.3297658278631,100.6309573444802
100.0,1.584893192461114,0.31622776601683794,98.1952428126599,100.70794578438414
100.0,1.9952623149688797,0.31622776601683794,98.0445255863232,100.79432823472428
100.0,2.511886431509581,0.31622776601683794,97.8756948153586,100.89125093813375
100.0,3.1622776601683795,0.31622776601683794,97.68661150859718,101.0
100.0,3.981071705534973,0.31622776601683794,97.47489392346894,101.12201845430197
100.0,5.011872336272725,0.31622776601683794,97.2378925918576,101.25892541179417
100.0,6.309573444801933,0.31622776601683794,96.97266346942189,101.41253754462275
100.0,7.943282347242818,0.31622776601683794,96.67593926928393,101.58489319246111
100.0,10.0,0.31622776601683794,96.34409911800975,101.77827941003892
100.0,12.589254117941675,0.31622776601683794,95.97313677399822,101.99526231496888
100.0,15.848931924611142,0.31622776601683794,95.55862778199189,102.23872113856834
100.0,19.952623149688808,0.31622776601683794,95.0956961098616,102.51188643150958
100.0,25.11886431509582,0.31622776601683794,94.57898103384788,102.81838293126445
100.0,31.622776601683793,0.31622776601683794,94.00260531618369,103.16227766016837
100.0,39.810717055349734,0.31622776601683794,93.36014606591277,103.54813389233576
100.0,50.11872336272725,0.31622776601683794,92.64461010228072,103.98107170553497
100.0,63.095734448019364,0.31622776601683794,91.84841616342018,104.46683592150964
100.0,79.43282347242821,0.31622776601683794,90.96338693392713,105.01187233627272
100.0,100.0,0.31622776601683794,89.98075461411668,105.62341325190349
100.0,125.89254117941675,0.31622776601683794,88.89118462753638,106.30957344480194
100.0,158.48931924611142,0.31622776601683794,87.6848230595637,107.07945784384138
100.0,199.52623149688807,0.31622776601683794,86.3513745222923,107.94328234724281
100.0,251.18864315095823,0.31622776601683794,84.88021831057968,108.91250938133746
100.0,316.22776601683796,0.31622776601683794,83.26057187818833,110.0
100.0,398.1071705534973,0.31622776601683794,81.48171169890327,111.22018454301964
100.0,501.18723362727246,0.31622776601683794,79.53326229326032,112.58925411794168
100.0,630.9573444801937,0.31622776601683794,77.4055643112041,114.12537544622754
100.0,794.3282347242822,0.31622776601683794,75.0901316583727,115.84893192461114
100.0,1000.0,0.31622776601683794,72.58020518797395,117.78279410038922
100.0,0.1,0.3981071705534973,99.05729006552718,100.19952623149689
100.0,0.12589254117941673,0.3981071705534973,99.01907601209696,100.22387211385683
100.0,0.15848931924611134,0.3981071705534973,98.9762167320328,100.25118864315095
100.0,0.19952623149688797,0.3981071705534973,98.92814996998412,100.28183829312644
100.0,0.251188643150958,0.3981071705534973,98.87424603966859,100.31622776601684
100.0,0.31622776601683794,0.3981071705534973,98.81379989894842,100.35481338923357
100.0,0.3981071705534973,0.3981071705534973,98.74602233583637,100.3981071705535
100.0,0.5011872336272724,0.3981071705534973,98.67003017691158,100.44668359215096
100.0,0.6309573444801934,0.3981071705534973,98.58483542390788,100.50118723362728
100.0,0.7943282347242815,0.3981071705534973,98.48933321909914,100.56234132519035
100.0,1.0,0.3981071705534973,98.38228853594158,100.6309573444802
100.0,1.2589254117941675,0.3981071705534973,98.26232148874573,100.70794578438414
100.0,1.584893192461114,0.3981071705534973,98.12789115461312,100.79432823472428
100.0,1.9952623149688797,0.3981071705534973,97.97727780334247,100.89125093813375
100.0,2.511886431509581,0.3981071705534973,97.80856343759268,101.0
100.0,3.1622776601683795,0.3981071705534973,97.61961055769108,101.12201845430197
100.0,3.981071705534973,0.3981071705534973,97.408039084871,101.25892541179417
100.0,5.011872336272725,0.3981071705534973,97.17120140564695,101.41253754462275
100.0,6.309573444801933,0.3981071705534973,96.90615554126803,101.58489319246111
100.0,7.943282347242818,0.3981071705534973,96.60963650318192,101.77827941003892
100.0,10.0,0.3981071705534973,96.27802597242359,101.99526231496888
100.0,12.589254117941675,0.3981071705534973,95.90732054298255,102.23872113856834
100.0,15.848931924611142,0.3981071705534973,95.49309890272256,102.51188643150958
100.0,19.952623149688808,0.3981071705534973,95.03048849776701,102.81838293126445
100.0,25.11886431509582,0.3981071705534973,94.51413244615871,103.16227766016839
100.0,31.622776601683793,0.3981071705534973,93.9381577441709,103.54813389233576
100.0,39.810717055349734,0.3981071705534973,93.2961461553062,103.98107170553497
100.0,50.11872336272725,0.3981071705534973,92.58110960028894,104.46683592150963
100.0,63.095734448019364,0.3981071705534973,91.78547238932555,105.01187233627272
100.0,79.43282347242821,0.3981071705534973,90.90106326830671,105.62341325190349
100.0,100.0,0.3981071705534973,89.91912099922087,106.30957344480194
100.0,125.89254117941675,0.3981071705534973,88.83031806809605,107.07945784384138
100.0,158.48931924611142,0.3981071705534973,87.62480810913154,107.94328234724281
100.0,199.52623149688807,0.3981071705534973,86.29230373496242,108.91250938133746
100.0,251.18864315095823,0.3981071705534973,84.82219263137752,110.0
100.0,316.22776601683796,0.3981071705534973,83.20370093738464,111.22018454301963
100.0,398.1071705534973,0.3981071705534973,81.42611396582653,112.58925411794168
100.0,501.18723362727246,0.3981071705534973,79.47906503379886,114.12537544622755
100.0,630.9573444801937,0.3981071705534973,77.35290328022167,115.84893192461114
100.0,794.3282347242822,0.3981071705534973,75.03915044414472,117.78279410038924
100.0,1000.0,0.3981071705534973,72.53105411144362,119.9526231496888
100.0,0.1,0.5011872336272724,98.98105767839552,100.22387211385683
100.0,0.12589254117941673,0.5011872336272724,98.94287310753309,100.25118864315095
100.0,0.15848931924611134,0.5011872336272724,98.90004689722036,100.28183829312644
100.0,0.19952623149688797,0.5011872336272724,98.8520172271599,100.31622776601684
100.0,0.251188643150958,0.5011872336272724,98.79815489852068,100.35481338923357
100.0,0.31622776601683794,0.5011872336272724,98.73775541523078,100.3981071705535
100.0,0.3981071705534973,0.5011872336272724,98.67003017691158,100.44668359215096
100.0,0.5011872336272724,0.5011872336272724,98.59409669500991,100.50118723362728
100.0,0.6309573444801934,0.5011872336272724,98.5089677379704,100.56234132519035
100.0,0.7943282347242815,0.5011872336272724,98.41353930616171,100.6309573444802
100.0,1.0,0.5011872336272724,98.30657733310768,100.70794578438414
100.0,1.2589254117941675,0.5011872336272724,98.18670300689489,100.79432823472428
100.0,1.584893192461114,0.5011872336272724,98.0523766050943,100.89125093813375
100.0,1.9952623149688797,0.5011872336272724,97.90187973900645,101.0
100.0,2.511886431509581,0.5011872336272724,97.73329590962338,101.12201845430197
100.0,3.1622776601683795,0.5011872336272724,97.5444892897989,101.25892541179417
100.0,3.981071705534973,0.5011872336272724,97.33308166650822,101.41253754462275
100.0,5.011872336272725,0.5011872336272724,97.09642750598842,101.58489319246111
100.0,6.309573444801933,0.5011872336272724,96.83158714576575,101.77827941003892
100.0,7.943282347242818,0.5011872336272724,96.53529817453372,101.99526231496888
100.0,10.0,0.5011872336272724,96.20394513778741,102.23872113856834
100.0,12.589254117941675,0.5011872336272724,95.83352780919465,102.51188643150958
100.0,15.848931924611142,0.5011872336272724,95.41962840112308,102.81838293126445
100.0,19.952623149688808,0.5011872336272724,94.95737825996686,103.16227766016839
100.0,25.11886431509582,0.5011872336272724,94.44142481166335,103.54813389233576
100.0,31.622776601683793,0.5011872336272724,93.86589980016035,103.98107170553497
100.0,39.810717055349734,0.5011872336272724,93.22439020799831,104.46683592150963
100.0,50.11872336272725,0.5011872336272724,92.50991367611172,105.01187233627273
100.0,63.095734448019364,0.5011872336272724,91.71490076249994,105.62341325190349
100.0,79.43282347242821,0.5011872336272724,90.8311870092846,106.30957344480194
100.0,100.0,0.5011872336272724,89.85001853559666,107.07945784384138
100.0,125.89254117941675,0.5011872336272724,88.76207574595418,107.94328234724281
100.0,158.48931924611142,0.5011872336272724,87.55752073811894,108.91250938133746
100.0,199.52623149688807,0.5011872336272724,86.2260750944761,110.0
100.0,251.18864315095823,0.5011872336272724,84.75713590790953,111.22018454301964
100.0,316.22776601683796,0.5011872336272724,83.139939054054,112.58925411794168
100.0,398.1071705534973,0.5011872336272724,81.36377975427635,114.12537544622754
100.0,501.18723362727246,0.5011872336272724,79.4183011858776,115.84893192461114
100.0,630.9573444801937,0.5011872336272724,77.29386200233358,117.78279410038924
100.0,794.3282347242822,0.5011872336272724,74.98199272133836,119.9526231496888
100.0,1000.0,0.5011872336272724,72.47594847228085,122.3872113856834
100.0,0.1,0.6309573444801934,98.89559355145506,100.25118864315095
100.0,0.12589254117941673,0.6309573444801934,98.85744204015907,100.28183829312644
100.0,0.15848931924611134,0.6309573444801934,98.81465291180785,100.31622776601684
100.0,0.19952623149688797,0.6309573444801934,98.7666648339374,100.35481338923357
100.0,0.251188643150958,0.6309573444801934,98.71284915430513,100.3981071705535
100.0,0.31622776601683794,0.6309573444801934,98.6525019891525,100.44668359215096
100.0,0.3981071705534973,0.6309573444801934,98.58483542390788,100.50118723362728
100.0,0.5011872336272724,0.6309573444801934,98.5089677379704,100.56234132519035
100.0,0.6309573444801934,0.6309573444801934,98.42391255950822,100.6309573444802
100.0,0.7943282347242815,0.6309573444801934,98.32856685108196,100.70794578438414
100.0,1.0,0.6309573444801934,98.22169762274879,100.79432823472428
100.0,1.2589254117941675,0.6309573444801934,98.10192726662885,100.89125093813375
100.0,1.584893192461114,0.6309573444801934,97.96771740638603,101.0
100.0,1.9952623149688797,0.6309573444801934,97.8173511575505,101.12201845430197
100.0,2.511886431509581,0.6309573444801934,97.64891370119466,101.25892541179417
100.0,3.1622776601683795,0.6309573444801934,97.46027108556981,101.41253754462275
100.0,3.981071705534973,0.6309573444801934,97.24904718969279,101.58489319246111
100.0,5.011872336272725,0.6309573444801934,97.01259881176851,101.77827941003892
100.0,6.309573444801933,0.6309573444801934,96.74798888652472,101.99526231496888
100.0,7.943282347242818,0.6309573444801934,96.451957892462,102.23872113856834
100.0,10.0,0.6309573444801934,96.12089358691097,102.51188643150958
100.0,12.589254117941675,0.6309573444801934,95.75079930879713,102.81838293126445
100.0,15.848931924611142,0.6309573444801934,95.33726122235753,103.16227766016839
100.0,19.952623149688808,0.6309573444801934,94.87541504715051,103.54813389233576
100.0,25.11886431509582,0.6309573444801934,94.35991303927912,103.98107170553497
100.0,31.622776601683793,0.6309573444801934,93.78489226589728,104.46683592150963
100.0,39.810717055349734,0.6309573444801934,93.14394556118485,105.01187233627272
100.0,50.11872336272725,0.6309573444801934,92.43009697954642,105.62341325190349
100.0,63.095734448019364,0.6309573444801934,91.63578408386374,106.30957344480194
100.0,79.43282347242821,0.6309573444801934,90.75285003589804,107.07945784384138
100.0,100.0,0.6309573444801934,89.77254920311606,107.94328234724281
100.0,125.89254117941675,0.6309573444801934,88.68557086749986,108.91250938133746
100.0,158.48931924611142,0.6309573444801934,87.48208661508774,110.0
100.0,199.52623149688807,0.6309573444801934,86.15182808367544,111.22018454301964
100.0,251.18864315095823,0.6309573444801934,84.68420291141182,112.58925411794168
100.0,316.22776601683796,0.6309573444801934,83.06845788806527,114.12537544622754
100.0,398.1071705534973,0.6309573444801934,81.2938993411495,115.84893192461114
100.0,501.18723362727246,0.6309573444801934,79.35018149909969,117.78279410038922
100.0,630.9573444801937,0.6309573444801934,77.22767367803038,119.9526231496888
100.0,794.3282347242822,0.6309573444801934,74.91791623212117,122.38721138568341
100.0,1000.0,0.6309573444801934,72.41417274131382,125.1188643150958
100.0,0.1,0.7943282347242815,98.79978931378268,100.28183829312644
100.0,0.12589254117941673,0.7943282347242815,98.76167487022505,100.31622776601684
100.0,0.15848931924611134,0.7943282347242815,98.71892731967733,100.35481338923357
100.0,0.19952623149688797,0.7943282347242815,98.670985876651,100.3981071705535
100.0,0.251188643150958,0.7943282347242815,98.61722250175656,100.44668359215096
100.0,0.31622776601683794,0.7943282347242815,98.55693399778062,100.50118723362728
100.0,0.3981071705534973,0.7943282347242815,98.48933321909914,100.56234132519035
100.0,0.5011872336272724,0.7943282347242815,98.41353930616171,100.6309573444802
100.0,0.6309573444801934,0.7943282347242815,98.32856685108196,100.70794578438414
100.0,0.7943282347242815,0.7943282347242815,98.23331389525435,100.79432823472428
100.0,1.0,0.7943282347242815,98.12654865577015,100.89125093813375
100.0,1.2589254117941675,0.7943282347242815,98.00689487473697,101.0
100.0,1.584893192461114,0.7943282347242815,97.87281568508222,101.12201845430197
100.0,1.9952623149688797,0.7943282347242815,97.72259588890067,101.25892541179417
100.0,2.511886431509581,0.7943282347242815,97.55432255098998,101.41253754462275
100.0,3.1622776601683795,0.7943282347242815,97.36586382231131,101.58489319246111
100.0,3.981071705534973,0.7943282347242815,97.15484592748527,101.77827941003892
100.0,5.011872336272725,0.7943282347242815,96.91862827931458,101.99526231496888
100.0,6.309573444801933,0.7943282347242815,96.6542767244902,102.23872113856834
100.0,7.943282347242818,0.7943282347242815,96.35853498152477,102.51188643150958
100.0,10.0,0.7943282347242815,96.02779440879183,102.81838293126445
100.0,12.589254117941675,0.7943282347242815,95.65806234248085,103.16227766016839
100.0,15.848931924611142,0.7943282347242815,95.2449293775145,103.54813389233576
100.0,19.952623149688808,0.7943282347242815,94.78353613643122,103.98107170553497
100.0,25.11886431509582,0.7943282347242815,94.26854029062548,104.46683592150963
100.0,31.622776601683793,0.7943282347242815,93.69408487523884,105.01187233627272
100.0,39.810717055349734,0.7943282347242815,93.05376928479026,105.62341325190349
100.0,50.11872336272725,0.7943282347242815,92.34062476378679,106.30957344480193
100.0,63.095734448019364,0.7943282347242815,91.54709672810168,107.07945784384138
100.0,79.43282347242821,0.7943282347242815,90.66503688150149,107.94328234724281
100.0,100.0,0.7943282347242815,89.68570883804065,108.91250938133746
100.0,125.89254117941675,0.7943282347242815,88.59981183128407,110.0
100.0,158.48931924611142,0.7943282347242815,87.39752808322883,111.22018454301964
100.0,199.52623149688807,0.7943282347242815,86.06860050293625,112.58925411794168
100.0,251.18864315095823,0.7943282347242815,84.60244854837148,114.12537544622755
100.0,316.22776601683796,0.7943282347242815,82.98833124190058,115.84893192461114
100.0,398.1071705534973,0.7943282347242815,81.21556735799865,117.78279410038922
100.0,501.18723362727246,0.7943282347242815,79.27382350933452,119.9526231496888
100.0,630.9573444801937,0.7943282347242815,77.15348095951659,122.3872113856834
100.0,794.3282347242822,0.7943282347242815,74.84609108269991,125.1188643150958
100.0,1000.0,0.7943282347242815,72.3449269236466,128.18382931264455
100.0,0.1,1.0,98.69240600812604,100.31622776601684
100.0,0.12589254117941673,1.0,98.65433312289436,100.35481338923357
100.0,0.15848931924611134,1.0,98.61163218710055,100.3981071705535
100.0,0.19952623149688797,1.0,98.56374302849102,100.44668359215096
100.0,0.251188643150958,1.0,98.51003829476821,100.50118723362728
100.0,0.31622776601683794,1.0,98.44981555842865,100.56234132519035
100.0,0.3981071705534973,1.0,98.38228853594158,100.6309573444802
100.0,0.5011872336272724,1.0,98.30657733310768,100.70794578438414
100.0,0.6309573444801934,1.0,98.22169762274879,100.79432823472428
100.0,0.7943282347242815,1.0,98.12654865577015,100.89125093813375
100.0,1.0,1.0,98.01990000249988,101.0
100.0,1.2589254117941675,1.0,97.9003769185471,101.12201845430197
100.0,1.584893192461114,1.0,97.76644422890435,101.25892541179417
100.0,1.9952623149688797,1.0,97.61638862650146,101.41253754462275
100.0,2.511886431509581,1.0,97.44829928800384,101.58489319246111
100.0,3.1622776601683795,1.0,97.26004672173738,101.77827941003892
100.0,3.981071705534973,1.0,97.04925978198621,101.99526231496888
100.0,5.011872336272725,1.0,96.81330081277223,102.23872113856834
100.0,6.309573444801933,1.0,96.5492389253629,102.51188643150958
100.0,7.943282347242818,1.0,96.25382147059692,102.81838293126445
100.0,10.0,1.0,95.92344384389139,103.16227766016839
100.0,12.589254117941675,1.0,95.55411786263686,103.54813389233576
100.0,15.848931924611142,1.0,95.14143908880675,103.98107170553497
100.0,19.952623149688808,1.0,94.68055364140227,104.46683592150964
100.0,25.11886431509582,1.0,94.1661252625335,105.01187233627272
100.0,31.622776601683793,1.0,93.59230367755849,105.62341325190349
100.0,39.810717055349734,1.0,92.95269563513678,106.30957344480194
100.0,50.11872336272725,1.0,92.2403404397407,107.07945784384138
100.0,63.095734448019364,1.0,91.44769231011905,107.94328234724281
100.0,79.43282347242821,1.0,90.56661252505013,108.91250938133746
100.0,100.0,1.0,89.58837506311484,110.0
100.0,125.89254117941675,1.0,88.50369031229268,111.22018454301963
100.0,158.48931924611142,1.0,87.30275241566162,112.58925411794168
100.0,199.52623149688807,1.0,85.97531691489694,114.12537544622754
100.0,251.18864315095823,1.0,84.51081651471114,115.84893192461114
100.0,316.22776601683796,1.0,82.89852394598803,117.78279410038922
100.0,398.1071705534973,1.0,81.12777193088561,119.9526231496888
100.0,501.18723362727246,1.0,79.18824095811566,122.3872113856834
100.0,630.9573444801937,1.0,77.07032567624496,125.1188643150958
100.0,794.3282347242822,1.0,74.76558980299527,128.18382931264455
100.0,1000.0,1.0,72.26731698164525,131.6227766016838
100.0,0.1,1.2589254117941675,98.57205935252118,100.35481338923357
100.0,0.12589254117941673,1.2589254117941675,98.5340330557594,100.3981071705535
100.0,0.15848931924611134,1.2589254117941675,98.49138437687034,100.44668359215096
100.0,0.19952623149688797,1.2589254117941675,98.44355383105498,100.50118723362728
100.0,0.251188643150958,1.2589254117941675,98.38991483626523,100.56234132519035
100.0,0.31622776601683794,1.2589254117941675,98.3297658278631,100.6309573444802
100.0,0.3981071705534973,1.2589254117941675,98.26232148874573,100.70794578438414
100.0,0.5011872336272724,1.2589254117941675,98.18670300689489,100.79432823472428
100.0,0.6309573444801934,1.2589254117941675,98.10192726662885,100.89125093813375
100.0,0.7943282347242815,1.2589254117941675,98.00689487473697,101.0
100.0,1.0,1.2589254117941675,97.9003769185471,101.12201845430197
100.0,1.2589254117941675,1.2589254117941675,97.7810003503229,101.25892541179417
100.0,1.584893192461114,1.2589254117941675,97.64723189187784,101.41253754462275
100.0,1.9952623149688797,1.2589254117941675,97.49736035577799,101.58489319246111
100.0,2.511886431509581,1.2589254117941675,97.32947728609471,101.77827941003892
100.0,3.1622776601683795,1.2589254117941675,97.1414558337509,101.99526231496888
100.0,3.981071705534973,1.2589254117941675,96.93092780085871,102.23872113856834
100.0,5.011872336272725,1.2589254117941675,96.69525881729123,102.51188643150958
100.0,6.309573444801933,1.2589254117941675,96.43152165383214,102.81838293126445
100.0,7.943282347242818,1.2589254117941675,96.13646773304677,103.16227766016839
100.0,10.0,1.2589254117941675,95.80649697571836,103.54813389233576
100.0,12.589254117941675,1.2589254117941675,95.43762622244148,103.98107170553497
100.0,15.848931924611142,1.2589254117941675,95.0254566029495,104.46683592150963
100.0,19.952623149688808,1.2589254117941675,94.56514039737091,105.01187233627272
100.0,25.11886431509582,1.2589254117941675,94.0513481525481,105.6234132519035
100.0,31.622776601683793,1.2589254117941675,93.47823709286448,106.30957344480194
100.0,39.810717055349734,1.2589254117941675,92.83942221005287,107.07945784384138
100.0,50.11872336272725,1.2589254117941675,92.12795184262403,107.94328234724281
100.0,63.095734448019364,1.2589254117941675,91.33629007583775,108.91250938133746
100.0,79.43282347242821,1.2589254117941675,90.45630892013978,110.0
100.0,100.0,1.2589254117941675,89.47929397032074,111.22018454301963
100.0,125.89254117941675,1.2589254117941675,88.39596811541854,112.58925411794168
100.0,158.48931924611142,1.2589254117941675,87.19653885825407,114.12537544622755
100.0,199.52623149688807,1.2589254117941675,85.87077589697384,115.84893192461115
100.0,251.18864315095823,1.2589254117941675,84.40812678013245,117.78279410038924
100.0,316.22776601683796,1.2589254117941675,82.79787959884018,119.9526231496888
100.0,398.1071705534973,1.2589254117941675,81.02938270212746,122.3872113856834
100.0,501.18723362727246,1.2589254117941675,79.09233212361805,125.1188643150958
100.0,630.9573444801937,1.2589254117941675,76.97713750446351,128.18382931264455
100.0,794.3282347242822,1.2589254117941675,74.67537638563604,131.62277660168382
100.0,1000.0,1.2589254117941675,72.1803442755215,135.48133892335755
100.0,0.1,1.584893192461114,98.43720350905915,100.3981071705535
100.0,0.12589254117941673,1.584893192461114,98.39922943413433,100.44668359215096
100.0,0.15848931924611134,1.584893192461114,98.3566393309134,100.50118723362728
100.0,0.19952623149688797,1.584893192461114,98.30887448517055,100.56234132519035
100.0,0.251188643150958,1.584893192461114,98.2553091782354,100.6309573444802
100.0,0.31622776601683794,1.584893192461114,98.1952428126599,100.70794578438414
100.0,0.3981071705534973,1.584893192461114,98.12789115461312,100.79432823472428
100.0,0.5011872336272724,1.584893192461114,98.0523766050943,100.89125093813375
100.0,0.6309573444801934,1.584893192461114,97.96771740638603,101.0
100.0,0.7943282347242815,1.584893192461114,97.87281568508222,101.12201845430197
100.0,1.0,1.584893192461114,97.76644422890435,101.25892541179417
100.0,1.2589254117941675,1.584893192461114,97.64723189187784,101.41253754462275
100.0,1.584893192461114,1.584893192461114,97.51364752193446,101.58489319246111
100.0,1.9952623149688797,1.584893192461114,97.36398230750027,101.77827941003892
100.0,2.511886431509581,1.584893192461114,97.19633044621521,101.99526231496888
100.0,3.1622776601683795,1.584893192461114,97.00856805101107,102.23872113856834
100.0,3.981071705534973,1.584893192461114,96.7983302281155,102.51188643150958
100.0,5.011872336272725,1.584893192461114,96.56298629037163,102.81838293126445
100.0,6.309573444801933,1.584893192461114,96.29961311033001,103.16227766016839
100.0,7.943282347242818,1.584893192461114,96.00496667431216,103.54813389233576
100.0,10.0,1.584893192461114,95.67545197526958,103.98107170553497
100.0,12.589254117941675,1.584893192461114,95.30709148389977,104.46683592150963
100.0,15.848931924611142,1.584893192461114,94.8954925703163,105.01187233627272
100.0,19.952623149688808,1.584893192461114,94.43581441998738,105.62341325190349
100.0,25.11886431509582,1.584893192461114,93.92273520632979,106.30957344480194
100.0,31.622776601683793,1.584893192461114,93.35042055830627,107.07945784384138
100.0,39.810717055349734,1.584893192461114,92.71249470594849,107.94328234724281
100.0,50.11872336272725,1.584893192461114,92.00201611230635,108.91250938133746
100.0,63.095734448019364,1.584893192461114,91.2114599198624,110.0
100.0,79.43282347242821,1.584893192461114,90.33271016550326,111.22018454301964
100.0,100.0,1.584893192461114,89.35706546128925,112.58925411794168
100.0,125.89254117941675,1.584893192461114,88.2752627045579,114.12537544622755
100.0,158.48931924611142,1.584893192461114,87.07752436796794,115.84893192461114
100.0,199.52623149688807,1.584893192461114,85.7536360114043,117.78279410038924
100.0,251.18864315095823,1.584893192461114,84.29306181426992,119.9526231496888
100.0,316.22776601683796,1.584893192461114,82.68510707574195,122.3872113856834
100.0,398.1071705534973,1.584893192461114,80.91913764996323,125.1188643150958
100.0,501.18723362727246,1.584893192461114,78.98486698172792,128.18382931264455
100.0,630.9573444801937,1.584893192461114,76.8727215019814,131.62277660168382
100.0,794.3282347242822,1.584893192461114,74.57429422838518,135.48133892335755
100.0,1000.0,1.584893192461114,72.0828939487444,139.81071705534976
100.0,0.1,1.9952623149688797,98.2861132550755,100.44668359215096
100.0,0.12589254117941673,1.9952623149688797,98.24819770945192,100.50118723362728
100.0,0.15848931924611134,1.9952623149688797,98.20567325677067,100.56234132519035
100.0,0.19952623149688797,1.9952623149688797,98.15798204644243,100.6309573444802
100.0,0.251188643150958,1.9952623149688797,98.10449932744416,100.70794578438414
100.0,0.31622776601683794,1.9952623149688797,98.0445255863232,100.79432823472428
100.0,0.3981071705534973,1.9952623149688797,97.97727780334247,100.89125093813375
100.0,0.5011872336272724,1.9952623149688797,97.90187973900645,101.0
100.0,0.6309573444801934,1.9952623149688797,97.8173511575505,101.12201845430197
100.0,0.7943282347242815,1.9952623149688797,97.72259588890067,101.25892541179417
100.0,1.0,1.9952623149688797,97.61638862650146,101.41253754462275
100.0,1.2589254117941675,1.9952623149688797,97.49736035577799,101.58489319246111
100.0,1.584893192461114,1.9952623149688797,97.36398230750027,101.77827941003892
100.0,1.9952623149688797,1.9952623149688797,97.21454833281787,101.99526231496888
100.0,2.511886431509581,1.9952623149688797,97.04715560331914,102.23872113856834
100.0,3.1622776601683795,1.9952623149688797,96.85968355154594,102.51188643150958
100.0,3.981071705534973,1.9952623149688797,96.6497709867219,102.81838293126445
100.0,5.011872336272725,1.9952623149688797,96.41479134924815,103.16227766016839
100.0,6.309573444801933,1.9952623149688797,96.1518261085484,103.54813389233576
100.0,7.943282347242818,1.9952623149688797,95.85763636552592,103.98107170553497
100.0,10.0,1.9952623149688797,95.528632797432,104.46683592150963
100.0,12.589254117941675,1.9952623149688797,95.16084418446066,105.01187233627272
100.0,15.848931924611142,1.9952623149688797,94.74988489005237,105.62341325190349
100.0,19.952623149688808,1.9952623149688797,94.29092183808096,106.30957344480194
100.0,25.11886431509582,1.9952623149688797,93.77864174847198,107.07945784384138
100.0,31.622776601683793,1.9952623149688797,93.20721966836928,107.94328234724281
100.0,39.810717055349734,1.9952623149688797,92.57029018002989,108.91250938133746
100.0,50.11872336272725,1.9952623149688797,91.86092309155141,110.0
100.0,63.095734448019364,1.9952623149688797,91.07160593523369,111.22018454301964
100.0,79.43282347242821,1.9952623149688797,90.19423622337109,112.58925411794168
100.0,100.0,1.9952623149688797,89.22012715309235,114.12537544622754
100.0,125.89254117941675,1.9952623149688797,88.14003131651181,115.84893192461114
100.0,158.48931924611142,1.9952623149688797,86.94418795751211,117.78279410038922
100.0,199.52623149688807,1.9952623149688797,85.6224004053646,119.9526231496888
100.0,251.18864315095823,1.9952623149688797,84.16415146913386,122.3872113856834
100.0,316.22776601683796,1.9952623149688797,82.55876572257868,125.1188643150958
100.0,398.1071705534973,1.9952623149688797,80.7956286250332,128.18382931264455
100.0,501.18723362727246,1.9952623149688797,78.86447311859443,131.6227766016838
100.0,630.9573444801937,1.9952623149688797,76.75574443224275,135.48133892335755
100.0,794.3282347242822,1.9952623149688797,74.46105290698836,139.81071705534976
100.0,1000.0,1.9952623149688797,71.97372218837457,144.6683592150963
100.0,0.1,2.511886431509581,98.11686445861663,100.50118723362728
100.0,0.12589254117941673,2.511886431509581,98.0790145026711,100.56234132519035
100.0,0.15848931924611134,2.511886431509581,98.03656361991229,100.6309573444802
100.0,0.19952623149688797,2.511886431509581,97.98895492755709,100.70794578438414
100.0,0.251188643150958,2.511886431509581,97.93556475894341,100.79432823472428
100.0,0.31622776601683794,2.511886431509581,97.8756948153586,100.89125093813375
100.0,0.3981071705534973,2.511886431509581,97.80856343759268,101.0
100.0,0.5011872336272724,2.511886431509581,97.73329590962338,101.12201845430197
100.0,0.6309573444801934,2.511886431509581,97.64891370119466,101.25892541179417
100.0,0.7943282347242815,2.511886431509581,97.55432255098998,101.41253754462275
100.0,1.0,2.511886431509581,97.44829928800384,101.58489319246111
100.0,1.2589254117941675,2.511886431509581,97.32947728609471,101.77827941003892
100.0,1.584893192461114,2.511886431509581,97.19633044621521,101.99526231496888
100.0,1.9952623149688797,2.511886431509581,97.04715560331914,102.23872113856834
100.0,2.511886431509581,2.511886431509581,96.88005326153427,102.51188643150958
100.0,3.1622776601683795,2.511886431509581,96.69290657325982,102.81838293126445
100.0,3.981071705534973,2.511886431509581,96.48335849715859,103.16227766016839
100.0,5.011872336272725,2.511886431509581,96.24878709878301,103.54813389233576
100.0,6.309573444801933,2.511886431509581,95.9862789985555,103.98107170553497
100.0,7.943282347242818,2.511886431509581,95.69260102843592,104.46683592150963
100.0,10.0,2.511886431509581,95.36417023504815,105.01187233627272
100.0,12.589254117941675,2.511886431509581,94.99702246841403,105.62341325190349
100.0,15.848931924611142,2.511886431509581,94.5867799279245,106.30957344480194
100.0,19.952623149688808,2.511886431509581,94.12861820811494,107.07945784384138
100.0,25.11886431509582,2.511886431509581,93.6172336048508,107.94328234724281
100.0,31.622776601683793,2.511886431509581,93.04681171765816,108.91250938133746
100.0,39.810717055349734,2.511886431509581,92.41099872742532,110.0
100.0,50.11872336272725,2.511886431509581,91.70287715288904,111.22018454301964
100.0,63.095734448019364,2.511886431509581,90.9149484070777,112.58925411794168
100.0,79.43282347242821,2.511886431509581,90.03912509869025,114.12537544622755
100.0,100.0,2.511886431509581,89.06673676372026,115.84893192461114
100.0,125.89254117941675,2.511886431509581,87.9885535754375,117.78279410038922
100.0,158.48931924611142,2.511886431509581,86.79483356363713,119.9526231496888
100.0,199.52623149688807,2.511886431509581,85.475399960235,122.38721138568341
100.0,251.18864315095823,2.511886431509581,84.01975643881903,125.11886431509582
100.0,316.22776601683796,2.511886431509581,82.41724915785657,128.18382931264455
100.0,398.1071705534973,2.511886431509581,80.65728552897721,131.6227766016838
100.0,501.18723362727246,2.511886431509581,78.72962032240794,135.48133892335755
100.0,630.9573444801937,2.511886431509581,76.62471980807587,139.81071705534976
100.0,794.3282347242822,2.511886431509581,74.33421371162115,144.66835921509633
100.0,1000.0,2.511886431509581,71.85144229648448,150.11872336272722
100.0,0.1,3.1622776601683795,97.92731277214786,100.56234132519035
100.0,0.12589254117941673,3.1622776601683795,97.88953630671254,100.6309573444802
100.0,0.15848931924611134,3.1622776601683795,97.84716785596179,100.70794578438414
100.0,0.19952623149688797,3.1622776601683795,97.79965162148603,100.79432823472428
100.0,0.251188643150958,3.1622776601683795,97.7463651515875,100.89125093813375
100.0,0.31622776601683794,3.1622776601683795,97.68661150859718,101.0
100.0,0.3981071705534973,3.1622776601683795,97.61961055769108,101.12201845430197
100.0,0.5011872336272724,3.1622776601683795,97.5444892897989,101.25892541179417
100.0,0.6309573444801934,3.1622776601683795,97.46027108556981,101.41253754462275
100.0,0.7943282347242815,3.1622776601683795,97.36586382231131,101.58489319246111
100.0,1.0,3.1622776601683795,97.26004672173738,101.77827941003892
100.0,1.2589254117941675,3.1622776601683795,97.1414558337509,101.99526231496888
100.0,1.584893192461114,3.1622776601683795,97.00856805101107,102.23872113856834
100.0,1.9952623149688797,3.1622776601683795,96.85968355154594,102.51188643150958
100.0,2.511886431509581,3.1622776601683795,96.69290657325982,102.81838293126445
100.0,3.1622776601683795,3.1622776601683795,96.50612443625029,103.16227766016839
100.0,3.981071705534973,3.1622776601683795,96.29698474814236,103.54813389233576
100.0,5.011872336272725,3.1622776601683795,96.06287075638501,103.98107170553497
100.0,6.309573444801933,3.1622776601683795,95.80087485238525,104.46683592150963
100.0,7.943282347242818,3.1622776601683795,95.50777028889073,105.01187233627272
100.0,10.0,3.1622776601683795,95.17998124835968,105.62341325190349
100.0,12.589254117941675,3.1622776601683795,94.81355150127993,106.30957344480193
100.0,15.848931924611142,3.1622776601683795,94.40411202566833,107.07945784384138
100.0,19.952623149688808,3.1622776601683795,93.9468481296355,107.94328234724281
100.0,25.11886431509582,3.1622776601683795,93.43646683656452,108.91250938133746
100.0,31.622776601683793,3.1622776601683795,92.86716556708542,110.0
100.0,39.810717055349734,3.1622776601683795,92.2326034948798,111.22018454301963
100.0,50.11872336272725,3.1622776601683795,91.52587737670983,112.58925411794168
100.0,63.095734448019364,3.1622776601683795,90.73950417377392,114.12537544622755
100.0,79.43282347242821,3.1622776601683795,89.8654134039637,115.84893192461115
100.0,100.0,3.1622776601683795,88.89495290326116,117.78279410038922
100.0,125.89254117941675,3.1622776601683795,87.8189125352501,119.9526231496888
100.0,158.48931924611142,3.1622776601683795,86.62757136798467,122.3872113856834
100.0,199.52623149688807,3.1622776601683795,85.31077492058286,125.1188643150958
100.0,251.18864315095823,3.1622776601683795,83.85805022885482,128.18382931264455
100.0,316.22776601683796,3.1622776601683795,82.25876761725084,131.6227766016838
100.0,398.1071705534973,3.1622776601683795,80.5023590716055,135.48133892335755
100.0,501.18723362727246,3.1622776601683795,78.57860379313624,139.81071705534973
100.0,630.9573444801937,3.1622776601683795,76.47799159628683,144.66835921509633
100.0,794.3282347242822,3.1622776601683795,74.19217389069362,150.11872336272722
100.0,1000.0,3.1622776601683795,71.71450951915567,156.23413251903492
100.0,0.1,3.981071705534973,97.715070477891,100.6309573444802
100.0,0.12589254117941673,3.981071705534973,97.67737634135887,100.70794578438414
100.0,0.15848931924611134,3.981071705534973,97.63510023632172,100.79432823472428
100.0,0.19952623149688797,3.981071705534973,97.58768757914014,100.89125093813375
100.0,0.251188643150958,3.981071705534973,97.53451727917788,101.0
100.0,0.31622776601683794,3.981071705534973,97.47489392346894,101.12201845430197
100.0,0.3981071705534973,3.981071705534973,97.408039084871,101.25892541179417
100.0,0.5011872336272724,3.981071705534973,97.33308166650822,101.41253754462275
100.0,0.6309573444801934,3.981071705534973,97.24904718969279,101.58489319246111
100.0,0.7943282347242815,3.981071705534973,97.15484592748527,101.77827941003892
100.0,1.0,3.981071705534973,97.04925978198621,101.99526231496888
100.0,1.2589254117941675,3.981071705534973,96.93092780085871,102.23872113856834
100.0,1.584893192461114,3.981071705534973,96.7983302281155,102.51188643150958
100.0,1.9952623149688797,3.981071705534973,96.6497709867219,102.81838293126445
100.0,2.511886431509581,3.981071705534973,96.48335849715859,103.16227766016839
100.0,3.1622776601683795,3.981071705534973,96.29698474814236,103.54813389233576
100.0,3.981071705534973,3.981071705534973,96.08830255497942,103.98107170553497
100.0,5.011872336272725,3.981071705534973,95.8547009697258,104.46683592150963
100.0,6.309573444801933,3.981071705534973,95.59327884820257,105.01187233627272
100.0,7.943282347242818,3.981071705534973,95.30081663536316,105.62341325190349
100.0,10.0,3.981071705534973,94.97374650671311,106.30957344480194
100.0,12.589254117941675,3.981071705534973,94.60812110453301,107.07945784384138
100.0,15.848931924611142,3.981071705534973,94.1995812396871,107.94328234724281
100.0,19.952623149688808,3.981071705534973,93.74332310013635,108.91250938133746
100.0,25.11886431509582,3.981071705534973,93.23406572451593,110.0
100.0,31.622776601683793,3.981071705534973,92.6660197732169,111.22018454301963
100.0,39.810717055349734,3.981071705534973,92.03285897154498,112.58925411794168
100.0,50.11872336272725,3.981071705534973,91.32769602196552,114.12537544622755
100.0,63.095734448019364,3.981071705534973,90.54306529796955,115.84893192461114
100.0,79.43282347242821,3.981071705534973,89.67091525307778,117.78279410038924
100.0,100.0,3.981071705534973,88.70261421529352,119.9526231496888
100.0,125.89254117941675,3.981071705534973,87.62897409573539,122.3872113856834
100.0,158.48931924611142,3.981071705534973,86.44029751761956,125.1188643150958
100.0,199.52623149688807,3.981071705534973,85.12645495147724,128.18382931264455
100.0,251.18864315095823,3.981071705534973,83.67699958542042,131.62277660168382
100.0,316.22776601683796,3.981071705534973,82.0813287926414,135.48133892335755
100.0,398.1071705534973,3.981071705534973,80.32890206046395,139.81071705534973
100.0,501.18723362727246,3.981071705534973,78.40952592602532,144.6683592150963
100.0,630.9573444801937,3.981071705534973,76.31371654100377,150.11872336272722
100.0,794.3282347242822,3.981071705534973,74.03314956212269,156.23413251903494
100.0,1000.0,3.981071705534973,71.56120459545538,163.09573444801936
100.0,0.1,5.011872336272725,97.47748144715439,100.70794578438414
100.0,0.12589254117941673,5.011872336272725,97.43987952302415,100.79432823472428
100.0,0.15848931924611134,5.011872336272725,97.39770684965245,100.89125093813375
100.0,0.19952623149688797,5.011872336272725,97.35041020398107,101.0
100.0,0.251188643150958,5.011872336272725,97.29737001980237,101.12201845430197
100.0,0.31622776601683794,5.011872336272725,97.2378925918576,101.25892541179417
100.0,0.3981071705534973,5.011872336272725,97.17120140564695,101.41253754462275
100.0,0.5011872336272724,5.011872336272725,97.09642750598842,101.58489319246111
100.0,0.6309573444801934,5.011872336272725,97.01259881176851,101.77827941003892
100.0,0.7943282347242815,5.011872336272725,96.91862827931458,101.99526231496888
100.0,1.0,5.011872336272725,96.81330081277223,102.23872113856834
100.0,1.2589254117941675,5.011872336272725,96.69525881729123,102.51188643150958
100.0,1.584893192461114,5.011872336272725,96.56298629037163,102.81838293126445
100.0,1.9952623149688797,5.011872336272725,96.41479134924815,103.16227766016839
100.0,2.511886431509581,5.011872336272725,96.24878709878301,103.54813389233576
100.0,3.1622776601683795,5.011872336272725,96.06287075638501,103.98107170553497
100.0,3.981071705534973,5.011872336272725,95.8547009697258,104.46683592150963
100.0,5.011872336272725,5.011872336272725,95.6216732916846,105.01187233627272
100.0,6.309573444801933,5.011872336272725,95.3608938177609,105.62341325190349
100.0,7.943282347242818,5.011872336272725,95.06915104754728,106.30957344480194
100.0,10.0,5.011872336272725,94.7428861079183,107.07945784384138
100.0,12.589254117941675,5.011872336272725,94.37816157644659,107.94328234724281
100.0,15.848931924611142,5.011872336272725,93.97062927532428,108.91250938133746
100.0,19.952623149688808,5.011872336272725,93.51549757604671,110.0
100.0,25.11886431509582,5.011872336272725,93.00749897188233,111.22018454301964
100.0,31.622776601683793,5.011872336272725,92.44085894861367,112.58925411794168
100.0,39.810717055349734,5.011872336272725,91.80926752535983,114.12537544622754
100.0,50.11872336272725,5.011872336272725,91.10585525869101,115.84893192461114
100.0,63.095734448019364,5.011872336272725,90.3231760174488,117.78279410038924
100.0,79.43282347242821,5.011872336272725,89.45319945499534,119.9526231496888
100.0,100.0,5.011872336272725,88.48731684031615,122.3872113856834
100.0,125.89254117941675,5.011872336272725,87.41636476522817,125.1188643150958
100.0,158.48931924611142,5.011872336272725,86.23067221921372,128.18382931264455
100.0,199.52623149688807,5.011872336272725,84.92013759930572,131.62277660168382
100.0,251.18864315095823,5.011872336272725,83.47434336088257,135.48133892335755
100.0,316.22776601683796,5.011872336272725,81.88271714346239,139.81071705534973
100.0,398.1071705534973,5.011872336272725,80.13474920206467,144.66835921509633
100.0,501.18723362727246,5.011872336272725,78.22027664964688,150.11872336272722
100.0,630.9573444801937,5.011872336272725,76.12984508811753,156.23413251903494
100.0,794.3282347242822,5.011872336272725,73.85515727601482,163.09573444801936
100.0,1000.0,5.011872336272725,71.38961601194082,170.7945784384138
100.0,0.1,6.309573444801933,97.21159421733303,100.79432823472428
100.0,0.12589254117941673,6.309573444801933,97.17409555310427,100.89125093813375
100.0,0.15848931924611134,6.309573444801933,97.13203870295196,101.0
100.0,0.19952623149688797,6.309573444801933,97.08487196737732,101.12201845430197
100.0,0.251188643150958,6.309573444801933,97.0319774872018,101.25892541179417
100.0,0.31622776601683794,6.309573444801933,96.97266346942189,101.41253754462275
100.0,0.3981071705534973,6.309573444801933,96.90615554126803,101.58489319246111
100.0,0.5011872336272724,6.309573444801933,96.83158714576575,101.77827941003892
100.0,0.6309573444801934,6.309573444801933,96.74798888652472,101.99526231496888
100.0,0.7943282347242815,6.309573444801933,96.6542767244902,102.23872113856834
100.0,1.0,6.309573444801933,96.5492389253629,102.51188643150958
100.0,1.2589254117941675,6.309573444801933,96.43152165383214,102.81838293126445
100.0,1.584893192461114,6.309573444801933,96.29961311033001,103.16227766016839
100.0,1.9952623149688797,6.309573444801933,96.1518261085484,103.54813389233576
100.0,2.511886431509581,6.309573444801933,95.9862789985555,103.98107170553497
100.0,3.1622776601683795,6.309573444801933,95.80087485238525,104.46683592150963
100.0,3.981071705534973,6.309573444801933,95.59327884820257,105.01187233627272
100.0,5.011872336272725,6.309573444801933,95.3608938177609,105.62341325190349
100.0,6.309573444801933,6.309573444801933,95.10083396260559,106.30957344480194
100.0,7.943282347242818,6.309573444801933,94.80989680071912,107.07945784384138
100.0,10.0,6.309573444801933,94.48453348121191,107.94328234724281
100.0,12.589254117941675,6.309573444801933,94.12081770529937,108.91250938133746
100.0,15.848931924611142,6.309573444801933,93.71441362327413,110.0
100.0,19.952623149688808,6.309573444801933,93.26054324676143,111.22018454301964
100.0,25.11886431509582,6.309573444801933,92.75395413178131,112.58925411794168
100.0,31.622776601683793,6.309573444801933,92.18888836090623,114.12537544622754
100.0,39.810717055349734,6.309573444801933,91.5590541932251,115.84893192461114
100.0,50.11872336272725,6.309573444801933,90.85760217106294,117.78279410038922
100.0,63.095734448019364,6.309573444801933,90.07710798512618,119.9526231496888
100.0,79.43282347242821,6.309573444801933,89.20956501718048,122.3872113856834
100.0,100.0,6.309573444801933,88.24639021172528,125.1188643150958
100.0,125.89254117941675,6.309573444801933,87.17844778105346,128.18382931264455
100.0,158.48931924611142,6.309573444801933,85.99609621880768,131.62277660168382
100.0,199.52623149688807,6.309573444801933,84.68926516878304,135.48133892335755
100.0,251.18864315095823,6.309573444801933,83.24756982913804,139.81071705534976
100.0,316.22776601683796,6.309573444801933,81.66047169465901,144.6683592150963
100.0,398.1071705534973,6.309573444801933,79.91749542989187,150.11872336272722
100.0,501.18723362727246,6.309573444801933,78.00851233440446,156.23413251903492
100.0,630.9573444801937,6.309573444801933,75.92410092749535,163.09573444801936
100.0,794.3282347242822,6.309573444801933,73.65599424613376,170.79457843841382
100.0,1000.0,6.309573444801933,71.19762098066171,179.43282347242814
100.0,0.1,7.943282347242818,96.91413324737246,100.89125093813375
100.0,0.12589254117941673,7.943282347242818,96.87675018571686,101.0
100.0,0.15848931924611134,7.943282347242818,96.83482300306491,101.12201845430197
100.0,0.19952623149688797,7.943282347242818,96.78780170555585,101.25892541179417
100.0,0.251188643150958,7.943282347242818,96.7350703450391,101.41253754462275
100.0,0.31622776601683794,7.943282347242818,96.67593926928393,101.58489319246111
100.0,0.3981071705534973,7.943282347242818,96.60963650318192,101.77827941003892
100.0,0.5011872336272724,7.943282347242818,96.53529817453372,101.99526231496888
100.0,0.6309573444801934,7.943282347242818,96.451957892462,102.23872113856834
100.0,0.7943282347242815,7.943282347242818,96.35853498152477,102.51188643150958
100.0,1.0,7.943282347242818,96.25382147059692,102.81838293126445
100.0,1.2589254117941675,7.943282347242818,96.13646773304677,103.16227766016839
100.0,1.584893192461114,7.943282347242818,96.00496667431216,103.54813389233576
100.0,1.9952623149688797,7.943282347242818,95.85763636552592,103.98107170553497
100.0,2.511886431509581,7.943282347242818,95.69260102843592,104.46683592150963
100.0,3.1622776601683795,7.943282347242818,95.50777028889073,105.01187233627272
100.0,3.981071705534973,7.943282347242818,95.30081663536316,105.62341325190349
100.0,5.011872336272725,7.943282347242818,95.06915104754728,106.30957344480194
100.0,6.309573444801933,7.943282347242818,94.80989680071912,107.07945784384138
100.0,7.943282347242818,7.943282347242818,94.51986150767077,107.94328234724281
100.0,10.0,7.943282347242818,94.1955075357611,108.91250938133746
100.0,12.589254117941675,7.943282347242818,93.83292103701628,110.0
100.0,15.848931924611142,7.943282347242818,93.42777996034846,111.22018454301964
100.0,19.952623149688808,7.943282347242818,92.97532158408977,112.58925411794168
100.0,25.11886431509582,7.943282347242818,92.47031032267967,114.12537544622755
100.0,31.622776601683793,7.943282347242818,91.90700683332845,115.84893192461114
100.0,39.810717055349734,7.943282347242818,91.27913978788939,117.78279410038922
100.0,50.11872336272725,7.943282347242818,90.57988209410811,119.9526231496888
100.0,63.095734448019364,7.943282347242818,89.80183386147843,122.3872113856834
100.0,79.43282347242821,7.943282347242818,88.93701502227356,125.1188643150958
100.0,100.0,7.943282347242818,87.976871248054,128.18382931264455
100.0,125.89254117941675,7.943282347242818,86.91229765162993,131.6227766016838
100.0,158.48931924611142,7.943282347242818,85.73368573121013,135.48133892335755
100.0,199.52623149688807,7.943282347242818,84.43100008033944,139.81071705534976
100.0,251.18864315095823,7.943282347242818,82.9938925150257,144.66835921509633
100.0,316.22776601683796,7.943282347242818,81.41186238552237,150.11872336272722
100.0,398.1071705534973,7.943282347242818,79.67447282336303,156.23413251903492
100.0,501.18723362727246,7.943282347242818,77.77163333546274,163.09573444801936
100.0,630.9573444801937,7.943282347242818,75.69395921655513,170.79457843841382
100.0,794.3282347242822,7.943282347242818,73.43321731316144,179.4328234724282
100.0,1000.0,7.943282347242818,70.98286520284036,189.12509381337458
100.0,0.1,10.0,96.58146848965117,101.0
100.0,0.12589254117941673,10.0,96.544214812783,101.12201845430197
100.0,0.15848931924611134,10.0,96.5024327565674,101.25892541179417
100.0,0.19952623149688797,10.0,96.455574236088,101.41253754462275
100.0,0.251188643150958,10.0,96.40302544200291,101.58489319246111
100.0,0.31622776601683794,10.0,96.34409911800975,101.77827941003892
100.0,0.3981071705534973,10.0,96.27802597242359,101.99526231496888
100.0,0.5011872336272724,10.0,96.20394513778741,102.23872113856834
100.0,0.6309573444801934,10.0,96.12089358691097,102.51188643150958
100.0,0.7943282347242815,10.0,96.02779440879183,102.81838293126445
100.0,1.0,10.0,95.92344384389139,103.16227766016839
100.0,1.2589254117941675,10.0,95.80649697571836,103.54813389233576
100.0,1.584893192461114,10.0,95.67545197526958,103.98107170553497
100.0,1.9952623149688797,10.0,95.528632797432,104.46683592150963
100.0,2.511886431509581,10.0,95.36417023504815,105.01187233627272
100.0,3.1622776601683795,10.0,95.17998124835968,105.62341325190349
100.0,3.981071705534973,10.0,94.97374650671311,106.30957344480193
100.0,5.011872336272725,10.0,94.7428861079183,107.07945784384138
100.0,6.309573444801933,10.0,94.48453348121191,107.94328234724281
100.0,7.943282347242818,10.0,94.1955075357611,108.91250938133746
100.0,10.0,10.0,93.87228319217745,110.0
100.0,12.589254117941675,10.0,93.51096053462717,111.22018454301963
100.0,15.848931924611142,10.0,93.10723295188254,112.58925411794168
100.0,19.952623149688808,10.0,92.65635480428462,114.12537544622755
100.0,25.11886431509582,10.0,92.15310936856142,115.84893192461114
100.0,31.622776601683793,10.0,91.59177808355443,117.78279410038922
100.0,39.810717055349734,10.0,90.96611245818262,119.9526231496888
100.0,50.11872336272725,10.0,90.26931042045007,122.3872113856834
100.0,63.095734448019364,10.0,89.49399939550409,125.1188643150958
100.0,79.43282347242821,10.0,88.63222901374286,128.18382931264455
100.0,100.0,10.0,87.67547707676545,131.6227766016838
100.0,125.89254117941675,10.0,86.61467325500047,135.48133892335755
100.0,158.48931924611142,10.0,85.44024595316559,139.81071705534973
100.0,199.52623149688807,10.0,84.14219884124951,144.66835921509633
100.0,251.18864315095823,10.0,82.71022467023825,150.11872336272725
100.0,316.22776601683796,10.0,81.13386510070882,156.23413251903492
100.0,398.1071705534973,10.0,79.40272624769754,163.09573444801933
100.0,501.18723362727246,10.0,77.50676029842086,170.7945784384138
100.0,630.9573444801937,10.0,75.43662361156238,179.4328234724282
100.0,794.3282347242822,10.0,73.18412076376916,189.1250938133746
100.0,1000.0,10.0,70.74274153945113,200.0
100.0,0.1,12.589254117941675,96.20958351862701,101.12201845430197
100.0,0.12589254117941673,12.589254117941675,96.17247460675871,101.25892541179417
100.0,0.15848931924611134,12.589254117941675,96.13085492829586,101.41253754462275
100.0,0.19952623149688797,12.589254117941675,96.0841785341346,101.58489319246111
100.0,0.251188643150958,12.589254117941675,96.03183400791933,101.77827941003892
100.0,0.31622776601683794,12.589254117941675,95.97313677399822,101.99526231496888
100.0,0.3981071705534973,12.589254117941675,95.90732054298255,102.23872113856834
100.0,0.5011872336272724,12.589254117941675,95.83352780919465,102.51188643150958
100.0,0.6309573444801934,12.589254117941675,95.75079930879713,102.81838293126445
100.0,0.7943282347242815,12.589254117941675,95.65806234248085,103.16227766016839
100.0,1.0,12.589254117941675,95.55411786263686,103.54813389233576
100.0,1.2589254117941675,12.589254117941675,95.43762622244148,103.98107170553497
100.0,1.584893192461114,12.589254117941675,95.30709148389977,104.46683592150963
100.0,1.9952623149688797,12.589254117941675,95.16084418446066,105.01187233627272
100.0,2.511886431509581,12.589254117941675,94.99702246841403,105.62341325190349
100.0,3.1622776601683795,12.589254117941675,94.81355150127993,106.30957344480193
100.0,3.981071705534973,12.589254117941675,94.60812110453301,107.07945784384138
100.0,5.011872336272725,12.589254117941675,94.37816157644659,107.94328234724281
100.0,6.309573444801933,12.589254117941675,94.12081770529937,108.91250938133746
100.0,7.943282347242818,12.589254117941675,93.83292103701628,110.0
100.0,10.0,12.589254117941675,93.51096053462717,111.22018454301963
100.0,12.589254117941675,12.589254117941675,93.15105186673489,112.58925411794168
100.0,15.848931924611142,12.589254117941675,92.74890569252173,114.12537544622754
100.0,19.952623149688808,12.589254117941675,92.29979547888372,115.84893192461114
100.0,25.11886431509582,12.589254117941675,91.79852559950648,117.78279410038924
100.0,31.622776601683793,12.589254117941675,91.2394007358267,119.9526231496888
100.0,39.810717055349734,12.589254117941675,90.6161979368273,122.3872113856834
100.0,50.11872336272725,12.589254117941675,89.92214311045632,125.1188643150958
100.0,63.095734448019364,12.589254117941675,89.14989422658016,128.18382931264455
100.0,79.43282347242821,12.589254117941675,88.29153412174435,131.62277660168382
100.0,100.0,12.589254117941675,87.33857651952151,135.48133892335755
100.0,125.89254117941675,12.589254117941675,86.28198972220605,139.81071705534973
100.0,158.48931924611142,12.589254117941675,85.11224338697038,144.66835921509633
100.0,199.52623149688807,12.589254117941675,83.819384855181,150.11872336272722
100.0,251.18864315095823,12.589254117941675,82.39315261810495,156.23413251903494
100.0,316.22776601683796,12.589254117941675,80.82313560314886,163.09573444801936
100.0,398.1071705534973,12.589254117941675,79.09898793131626,170.79457843841382
100.0,501.18723362727246,12.589254117941675,77.21070944079422,179.43282347242814
100.0,630.9573444801937,12.589254117941675,75.14900231560672,189.12509381337458
100.0,794.3282347242822,12.589254117941675,72.90571320972178,200.00000000000006
100.0,1000.0,12.589254117941675,70.47436778747702,212.20184543019639
100.0,0.1,15.848931924611142,95.7940425904561,101.25892541179417
100.0,0.12589254117941673,15.848931924611142,95.75709559514856,101.41253754462275
100.0,0.15848931924611134,15.848931924611142,95.71565753256449,101.58489319246111
100.0,0.19952623149688797,15.848931924611142,95.66918484239625,101.77827941003892
100.0,0.251188643150958,15.848931924611142,95.61706878470851,101.99526231496888
100.0,0.31622776601683794,15.848931924611142,95.55862778199189,102.23872113856834
100.0,0.3981071705534973,15.848931924611142,95.49309890272256,102.51188643150958
100.0,0.5011872336272724,15.848931924611142,95.41962840112308,102.81838293126445
100.0,0.6309573444801934,15.848931924611142,95.33726122235753,103.16227766016839
100.0,0.7943282347242815,15.848931924611142,95.2449293775145,103.54813389233576
100.0,1.0,15.848931924611142,95.14143908880675,103.98107170553497
100.0,1.2589254117941675,15.848931924611142,95.0254566029495,104.46683592150963
100.0,1.584893192461114,15.848931924611142,94.8954925703163,105.01187233627272
100.0,1.9952623149688797,15.848931924611142,94.74988489005237,105.62341325190349
100.0,2.511886431509581,15.848931924611142,94.5867799279245,106.30957344480194
100.0,3.1622776601683795,15.848931924611142,94.40411202566833,107.07945784384138
100.0,3.981071705534973,15.848931924611142,94.1995812396871,107.94328234724281
100.0,5.011872336272725,15.848931924611142,93.97062927532428,108.91250938133746
100.0,6.309573444801933,15.848931924611142,93.71441362327413,110.0
100.0,7.943282347242818,15.848931924611142,93.42777996034846,111.22018454301964
100.0,10.0,15.848931924611142,93.10723295188254,112.58925411794168
100.0,12.589254117941675,15.848931924611142,92.74890569252173,114.12537544622755
100.0,15.848931924611142,15.848931924611142,92.34852815199831,115.84893192461115
100.0,19.952623149688808,15.848931924611142,91.9013951599313,117.78279410038924
100.0,25.11886431509582,15.848931924611142,91.40233467707056,119.9526231496888
100.0,31.622776601683793,15.848931924611142,90.8456773694358,122.3872113856834
100.0,39.810717055349734,15.848931924611142,90.22522883738208,125.1188643150958
100.0,50.11872336272725,15.848931924611142,89.53424626563525,128.18382931264455
100.0,63.095734448019364,15.848931924611142,88.76542176513064,131.62277660168382
100.0,79.43282347242821,15.848931924611142,87.91087528490911,135.48133892335755
100.0,100.0,15.848931924611142,86.96216069215563,139.81071705534973
100.0,125.89254117941675,15.848931924611142,85.9102894559005,144.66835921509633
100.0,158.48931924611142,15.848931924611142,84.74577732171697,150.11872336272725
100.0,199.52623149688807,15.848931924611142,83.45872041368308,156.23413251903492
100.0,251.18864315095823,15.848931924611142,82.03890830659837,163.09573444801936
100.0,316.22776601683796,15.848931924611142,80.47598270345637,170.7945784384138
100.0,398.1071705534973,15.848931924611142,78.75965130998787,179.4328234724282
100.0,501.18723362727246,15.848931924611142,76.87996713238326,189.12509381337458
100.0,630.9573444801937,15.848931924611142,74.82768345935996,200.00000000000006
100.0,794.3282347242822,15.848931924611142,72.59469383519958,212.20184543019639
100.0,1000.0,15.848931924611142,70.17456386106186,225.89254117941675
100.0,0.1,19.952623149688808,95.3299571805944,101.41253754462275
100.0,0.12589254117941673,19.952623149688808,95.2931912136761,101.58489319246111
100.0,0.15848931924611134,19.952623149688808,95.25195620379627,101.77827941003892
100.0,0.19952623149688797,19.952623149688808,95.20571126132427,101.99526231496888
100.0,0.251188643150958,19.952623149688808,95.1538506385516,102.23872113856834
100.0,0.31622776601683794,19.952623149688808,95.0956961098616,102.51188643150958
100.0,0.3981071705534973,19.952623149688808,95.03048849776701,102.81838293126445
100.0,0.5011872336272724,19.952623149688808,94.95737825996686,103.16227766016839
100.0,0.6309573444801934,19.952623149688808,94.87541504715051,103.54813389233576
100.0,0.7943282347242815,19.952623149688808,94.78353613643122,103.98107170553497
100.0,1.0,19.952623149688808,94.68055364140227,104.46683592150964
100.0,1.2589254117941675,19.952623149688808,94.56514039737091,105.01187233627272
100.0,1.584893192461114,19.952623149688808,94.43581441998738,105.62341325190349
100.0,1.9952623149688797,19.952623149688808,94.29092183808096,106.30957344480194
100.0,2.511886431509581,19.952623149688808,94.12861820811494,107.07945784384138
100.0,3.1622776601683795,19.952623149688808,93.9468481296355,107.94328234724281
100.0,3.981071705534973,19.952623149688808,93.74332310013635,108.91250938133746
100.0,5.011872336272725,19.952623149688808,93.51549757604671,110.0
100.0,6.309573444801933,19.952623149688808,93.26054324676143,111.22018454301964
100.0,7.943282347242818,19.952623149688808,92.97532158408977,112.58925411794168
100.0,10.0,19.952623149688808,92.65635480428462,114.12537544622755
100.0,12.589254117941675,19.952623149688808,92.29979547888372,115.84893192461114
100.0,15.848931924611142,19.952623149688808,91.9013951599313,117.78279410038924
100.0,19.952623149688808,19.952623149688808,91.45647255186206,119.9526231496888
100.0,25.11886431509582,19.952623149688808,90.9598819747767,122.38721138568341
100.0,31.622776601683793,19.952623149688808,90.40598313163723,125.1188643150958
100.0,39.810717055349734,19.952623149688808,89.78861352589546,128.18382931264455
100.0,50.11872336272725,19.952623149688808,89.10106528803202,131.62277660168382
100.0,63.095734448019364,19.952623149688808,88.33606867166448,135.48133892335755
100.0,79.43282347242821,19.952623149688808,87.48578508401316,139.81071705534976
100.0,100.0,19.952623149688808,86.54181323123565,144.66835921509633
100.0,125.89254117941675,19.952623149688808,85.4952127914965,150.11872336272722
100.0,158.48931924611142,19.952623149688808,84.33655097426478,156.23413251903494
100.0,199.52623149688807,19.952623149688808,83.0559783658453,163.09573444801936
100.0,251.18864315095823,19.952623149688808,81.6433415591676,170.79457843841385
100.0,316.22776601683796,19.952623149688808,80.08834114795297,179.4328234724282
100.0,398.1071705534973,19.952623149688808,78.38074461137981,189.12509381337458
100.0,501.18723362727246,19.952623149688808,76.51066423864509,200.00000000000006
100.0,630.9573444801937,19.952623149688808,74.46891026797935,212.20184543019639
100.0,794.3282347242822,19.952623149688808,72.24742845360237,225.89254117941684
100.0,1000.0,19.952623149688808,69.83982880524107,241.25375446227548
100.0,0.1,25.11886431509582,94.81195276690143,101.58489319246111
100.0,0.12589254117941673,25.11886431509582,94.77538910542188,101.77827941003892
100.0,0.15848931924611134,25.11886431509582,94.73438101364219,101.99526231496888
100.0,0.19952623149688797,25.11886431509582,94.68839058640371,102.23872113856834
100.0,0.251188643150958,25.11886431509582,94.63681541978261,102.51188643150958
100.0,0.31622776601683794,25.11886431509582,94.57898103384788,102.81838293126445
100.0,0.3981071705534973,25.11886431509582,94.51413244615871,103.16227766016839
100.0,0.5011872336272724,25.11886431509582,94.44142481166335,103.54813389233576
100.0,0.6309573444801934,25.11886431509582,94.35991303927912,103.98107170553497
100.0,0.7943282347242815,25.11886431509582,94.26854029062548,104.46683592150963
100.0,1.0,25.11886431509582,94.1661252625335,105.01187233627272
100.0,1.2589254117941675,25.11886431509582,94.0513481525481,105.6234132519035
100.0,1.584893192461114,25.11886431509582,93.92273520632979,106.30957344480194
100.0,1.9952623149688797,25.11886431509582,93.77864174847198,107.07945784384138
100.0,2.511886431509581,25.11886431509582,93.6172336048508,107.94328234724281
100.0,3.1622776601683795,25.11886431509582,93.43646683656452,108.91250938133746
100.0,3.981071705534973,25.11886431509582,93.23406572451593,110.0
100.0,5.011872336272725,25.11886431509582,93.00749897188233,111.22018454301964
100.0,6.309573444801933,25.11886431509582,92.75395413178131,112.58925411794168
100.0,7.943282347242818,25.11886431509582,92.47031032267967,114.12537544622755
100.0,10.0,25.11886431509582,92.15310936856142,115.84893192461114
100.0,12.589254117941675,25.11886431509582,91.79852559950648,117.78279410038924
100.0,15.848931924611142,25.11886431509582,91.40233467707056,119.9526231496888
100.0,19.952623149688808,25.11886431509582,90.9598819747767,122.38721138568341
100.0,25.11886431509582,25.11886431509582,90.46605125541913,125.11886431509582
100.0,31.622776601683793,25.11886431509582,89.91523465330215,128.18382931264455
100.0,39.810717055349734,25.11886431509582,89.30130530173558,131.62277660168382
100.0,50.11872336272725,25.11886431509582,88.61759435577846,135.48133892335755
100.0,63.095734448019364,25.11886431509582,87.85687465948723,139.81071705534976
100.0,79.43282347242821,25.11886431509582,87.01135390737488,144.66835921509636
100.0,100.0,25.11886431509582,86.07268086091698,150.11872336272722
100.0,125.89254117941675,25.11886431509582,85.03196900762624,156.23413251903492
100.0,158.48931924611142,25.11886431509582,83.87984298893454,163.09573444801936
100.0,199.52623149688807,25.11886431509582,82.60651415636215,170.79457843841385
100.0,251.18864315095823,25.11886431509582,81.20189270377516,179.4328234724282
100.0,316.22776601683796,25.11886431509582,79.65574489459928,189.12509381337458
100.0,398.1071705534973,25.11886431509582,77.95790483685059,200.00000000000006
100.0,501.18723362727246,25.11886431509582,76.09855086992478,212.20184543019639
100.0,630.9573444801937,25.11886431509582,74.06855664134163,225.8925411794168
100.0,794.3282347242822,25.11886431509582,71.85992598349185,241.25375446227554
100.0,1000.0,25.11886431509582,69.4663182323442,258.4893192461114
100.0,0.1,31.622776601683793,94.23413690413888,101.77827941003892
100.0,0.12589254117941673,31.622776601683793,94.19779921151323,101.99526231496888
100.0,0.15848931924611134,31.622776601683793,94.15704457982751,102.23872113856834
100.0,0.19952623149688797,31.622776601683793,94.11133843735813,102.51188643150958
100.0,0.251188643150958,31.622776601683793,94.06008211492001,102.81838293126445
100.0,0.31622776601683794,31.622776601683793,94.00260531618369,103.16227766016839
100.0,0.3981071705534973,31.622776601683793,93.9381577441709,103.54813389233576
100.0,0.5011872336272724,31.622776601683793,93.86589980016035,103.98107170553497
100.0,0.6309573444801934,31.622776601683793,93.78489226589728,104.46683592150963
100.0,0.7943282347242815,31.622776601683793,93.69408487523884,105.01187233627272
100.0,1.0,31.622776601683793,93.59230367755849,105.62341325190349
100.0,1.2589254117941675,31.622776601683793,93.47823709286448,106.30957344480194
100.0,1.584893192461114,31.622776601683793,93.35042055830627,107.07945784384138
100.0,1.9952623149688797,31.622776601683793,93.20721966836928,107.94328234724281
100.0,2.511886431509581,31.622776601683793,93.04681171765816,108.91250938133746
100.0,3.1622776601683795,31.622776601683793,92.86716556708542,110.0
100.0,3.981071705534973,31.622776601683793,92.6660197732169,111.22018454301963
100.0,5.011872336272725,31.622776601683793,92.44085894861367,112.58925411794168
100.0,6.309573444801933,31.622776601683793,92.18888836090623,114.12537544622754
100.0,7.943282347242818,31.622776601683793,91.90700683332845,115.84893192461114
100.0,10.0,31.622776601683793,91.59177808355443,117.78279410038922
100.0,12.589254117941675,31.622776601683793,91.2394007358267,119.95262314968879
100.0,15.848931924611142,31.622776601683793,90.8456773694358,122.3872113856834
100.0,19.952623149688808,31.622776601683793,90.40598313163723,125.1188643150958
100.0,25.11886431509582,31.622776601683793,89.91523465330215,128.18382931264455
100.0,31.622776601683793,31.622776601683793,89.36786027047478,131.6227766016838
100.0,39.810717055349734,31.622776601683793,88.7577728852095,135.48133892335755
100.0,50.11872336272725,31.622776601683793,88.07834720616589,139.81071705534976
100.0,63.095734448019364,31.622776601683793,87.32240360544027,144.66835921509633
100.0,79.43282347242821,31.622776601683793,86.48220142445285,150.11872336272725
100.0,100.0,31.622776601683793,85.54944526770758,156.23413251903492
100.0,125.89254117941675,31.622776601683793,84.51530864359836,163.09573444801933
100.0,158.48931924611142,31.622776601683793,83.37048024245013,170.7945784384138
100.0,199.52623149688807,31.622776601683793,82.10523916600513,179.43282347242817
100.0,251.18864315095823,31.622776601683793,80.70956650009455,189.1250938133746
100.0,316.22776601683796,31.622776601683793,79.17330168104837,200.0
100.0,398.1071705534973,31.622776601683793,77.48635302707304,212.20184543019639
100.0,501.18723362727246,31.622776601683793,75.63897240342472,225.89254117941675
100.0,630.9573444801937,31.622776601683793,73.6221039924823,241.25375446227548
100.0,794.3282347242822,31.622776601683793,71.42781616403201,258.48931924611145
100.0,1000.0,31.622776601683793,69.04982297419556,277.8279410038923
100.0,0.1,39.810717055349734,93.59006998346543,101.99526231496888
100.0,0.12589254117941673,39.810717055349734,93.55398454652976,102.23872113856834
100.0,0.15848931924611134,39.810717055349734,93.51351285939812,102.51188643150958
100.0,0.19952623149688797,39.810717055349734,93.46812407140018,102.81838293126445
100.0,0.251188643150958,39.810717055349734,93.41722368234414,103.16227766016839
100.0,0.31622776601683794,39.810717055349734,93.36014606591277,103.54813389233576
100.0,0.3981071705534973,39.810717055349734,93.2961461553062,103.98107170553497
100.0,0.5011872336272724,39.810717055349734,93.22439020799831,104.46683592150963
100.0,0.6309573444801934,39.810717055349734,93.14394556118485,105.01187233627273
100.0,0.7943282347242815,39.810717055349734,93.05376928479026,105.62341325190349
100.0,1.0,39.810717055349734,92.95269563513678,106.30957344480194
100.0,1.2589254117941675,39.810717055349734,92.83942221005287,107.07945784384138
100.0,1.584893192461114,39.810717055349734,92.71249470594849,107.94328234724281
100.0,1.9952623149688797,39.810717055349734,92.57029018002989,108.91250938133746
100.0,2.511886431509581,39.810717055349734,92.41099872742532,110.0
100.0,3.1622776601683795,39.810717055349734,92.2326034948798,111.22018454301963
100.0,3.981071705534973,39.810717055349734,92.03285897154498,112.58925411794166
100.0,5.011872336272725,39.810717055349734,91.80926752535983,114.12537544622755
100.0,6.309573444801933,39.810717055349734,91.5590541932251,115.84893192461114
100.0,7.943282347242818,39.810717055349734,91.27913978788939,117.78279410038922
100.0,10.0,39.810717055349734,90.96611245818262,119.9526231496888
100.0,12.589254117941675,39.810717055349734,90.6161979368273,122.3872113856834
100.0,15.848931924611142,39.810717055349734,90.22522883738208,125.1188643150958
100.0,19.952623149688808,39.810717055349734,89.78861352589546,128.18382931264455
100.0,25.11886431509582,39.810717055349734,89.30130530173558,131.62277660168382
100.0,31.622776601683793,39.810717055349734,88.7577728852095,135.48133892335755
100.0,39.810717055349734,39.810717055349734,88.15197353754812,139.81071705534973
100.0,50.11872336272725,39.810717055349734,87.47733054306858,144.66835921509633
100.0,63.095734448019364,39.810717055349734,86.72671727568087,150.11872336272725
100.0,79.43282347242821,39.810717055349734,85.89245066365167,156.23413251903492
100.0,100.0,39.810717055349734,84.96629756681084,163.09573444801933
100.0,125.89254117941675,39.810717055349734,83.93949839368312,170.7945784384138
100.0,158.48931924611142,39.810717055349734,82.80281320845867,179.4328234724282
100.0,199.52623149688807,39.810717055349734,81.54659659147477,189.12509381337458
100.0,251.18864315095823,39.810717055349734,80.16090858241665,200.00000000000006
100.0,316.22776601683796,39.810717055349734,78.6356700806553,212.20184543019636
100.0,398.1071705534973,39.810717055349734,76.96087198307434,225.89254117941675
100.0,501.18723362727246,39.810717055349734,75.12684792246337,241.25375446227548
100.0,630.9573444801937,39.810717055349734,73.12462045870454,258.4893192461114
100.0,794.3282347242822,39.810717055349734,70.94632959098986,277.8279410038924
100.0,1000.0,39.810717055349734,68.58574999419763,299.526231496888
100.0,0.1,50.11872336272725,92.87274050014723,102.23872113856834
100.0,0.12589254117941673,50.11872336272725,92.83693648124233,102.51188643150958
100.0,0.15848931924611134,50.11872336272725,92.79678044830948,102.81838293126445
100.0,0.19952623149688797,50.11872336272725,92.75174570171068,103.16227766016839
100.0,0.251188643150958,50.11872336272725,92.7012423919524,103.54813389233576
100.0,0.31622776601683794,50.11872336272725,92.64461010228072,103.98107170553497
100.0,0.3981071705534973,50.11872336272725,92.58110960028894,104.46683592150963
100.0,0.5011872336272724,50.11872336272725,92.50991367611172,105.01187233627272
100.0,0.6309573444801934,50.11872336272725,92.43009697954642,105.62341325190349
100.0,0.7943282347242815,50.11872336272725,92.34062476378679,106.30957344480194
100.0,1.0,50.11872336272725,92.2403404397407,107.07945784384138
100.0,1.2589254117941675,50.11872336272725,92.12795184262403,107.94328234724281
100.0,1.584893192461114,50.11872336272725,92.00201611230635,108.91250938133746
100.0,1.9952623149688797,50.11872336272725,91.86092309155141,110.0
100.0,2.511886431509581,50.11872336272725,91.70287715288904,111.22018454301964
100.0,3.1622776601683795,50.11872336272725,91.52587737670983,112.58925411794168
100.0,3.981071705534973,50.11872336272725,91.32769602196552,114.12537544622755
100.0,5.011872336272725,50.11872336272725,91.10585525869101,115.84893192461114
100.0,6.309573444801933,50.11872336272725,90.85760217106294,117.78279410038922
100.0,7.943282347242818,50.11872336272725,90.57988209410811,119.9526231496888
100.0,10.0,50.11872336272725,90.26931042045007,122.3872113856834
100.0,12.589254117941675,50.11872336272725,89.92214311045632,125.1188643150958
100.0,15.848931924611142,50.11872336272725,89.53424626563525,128.18382931264455
100.0,19.952623149688808,50.11872336272725,89.10106528803202,131.62277660168382
100.0,25.11886431509582,50.11872336272725,88.61759435577846,135.48133892335755
100.0,31.622776601683793,50.11872336272725,88.07834720616589,139.81071705534976
100.0,39.810717055349734,50.11872336272725,87.47733054306858,144.66835921509633
100.0,50.11872336272725,50.11872336272725,86.80802178657505,150.11872336272725
100.0,63.095734448019364,50.11872336272725,86.06335337096502,156.23413251903492
100.0,79.43282347242821,50.11872336272725,85.23570638378902,163.09573444801936
100.0,100.0,50.11872336272725,84.31691703269364,170.7945784384138
100.0,125.89254117941675,50.11872336272725,83.29830023206314,179.4328234724282
100.0,158.48931924611142,50.11872336272725,82.17069551442415,189.12509381337458
100.0,199.52623149688807,50.11872336272725,80.92454147390687,200.00000000000006
100.0,251.18864315095823,50.11872336272725,79.54998600127098,212.2018454301964
100.0,316.22776601683796,50.11872336272725,78.0370406001424,225.89254117941675
100.0,398.1071705534973,50.11872336272725,76.37578796374511,241.25375446227548
100.0,501.18723362727246,50.11872336272725,74.55665255776518,258.48931924611145
100.0,630.9573444801937,50.11872336272725,72.5707439298004,277.82794100389236
100.0,794.3282347242822,50.11872336272725,70.4102814731254,299.5262314968881
100.0,1000.0,50.11872336272725,68.06910690989267,323.872113856834
100.0,0.1,63.095734448019364,92.07454717739795,102.51188643150958
100.0,0.12589254117941673,63.095734448019364,92.03905687978445,102.81838293126445
100.0,0.15848931924611134,63.095734448019364,91.99925273354314,103.16227766016839
100.0,0.19952623149688797,63.095734448019364,91.95461266630764,103.54813389233576
100.0,0.251188643150958,63.095734448019364,91.90455201280398,103.98107170553497
100.0,0.31622776601683794,63.095734448019364,91.84841616342018,104.46683592150964
100.0,0.3981071705534973,63.095734448019364,91.78547238932555,105.01187233627273
100.0,0.5011872336272724,63.095734448019364,91.71490076249994,105.62341325190349
100.0,0.6309573444801934,63.095734448019364,91.63578408386374,106.30957344480194
100.0,0.7943282347242815,63.095734448019364,91.54709672810168,107.07945784384138
100.0,1.0,63.095734448019364,91.44769231011905,107.94328234724281
100.0,1.2589254117941675,63.095734448019364,91.33629007583775,108.91250938133746
100.0,1.584893192461114,63.095734448019364,91.2114599198624,110.0
100.0,1.9952623149688797,63.095734448019364,91.07160593523369,111.22018454301964
100.0,2.511886431509581,63.095734448019364,90.9149484070777,112.58925411794168
100.0,3.1622776601683795,63.095734448019364,90.73950417377392,114.12537544622754
100.0,3.981071705534973,63.095734448019364,90.54306529796955,115.84893192461114
100.0,5.011872336272725,63.095734448019364,90.3231760174488,117.78279410038924
100.0,6.309573444801933,63.095734448019364,90.07710798512618,119.9526231496888
100.0,7.943282347242818,63.095734448019364,89.80183386147843,122.3872113856834
100.0,10.0,63.095734448019364,89.49399939550409,125.1188643150958
100.0,12.589254117941675,63.095734448019364,89.14989422658016,128.18382931264455
100.0,15.848931924611142,63.095734448019364,88.76542176513064,131.62277660168382
100.0,19.952623149688808,63.095734448019364,88.33606867166448,135.48133892335755
100.0,25.11886431509582,63.095734448019364,87.85687465948723,139.81071705534976
100.0,31.622776601683793,63.095734448019364,87.32240360544027,144.66835921509633
100.0,39.810717055349734,63.095734448019364,86.72671727568087,150.11872336272725
100.0,50.11872336272725,63.095734448019364,86.06335337096502,156.23413251903494
100.0,63.095734448019364,63.095734448019364,85.32531007962494,163.09573444801936
100.0,79.43282347242821,63.095734448019364,84.50503990733606,170.79457843841382
100.0,100.0,63.095734448019364,83.59445623953118,179.4328234724282
100.0,125.89254117941675,63.095734448019364,82.58495688899204,189.12509381337458
100.0,158.48931924611142,63.095734448019364,81.46746978339019,200.00000000000006
100.0,199.52623149688807,63.095734448019364,80.23252693722559,212.20184543019644
100.0,251.18864315095823,63.095734448019364,78.87037389005351,225.89254117941684
100.0,316.22776601683796,63.095734448019364,77.37112280635209,241.25375446227548
100.0,398.1071705534973,63.095734448019364,75.72495830404404,258.48931924611145
100.0,501.18723362727246,63.095734448019364,73.92240562706439,277.82794100389236
100.0,630.9573444801937,63.095734448019364,71.95467073658547,299.5262314968881
100.0,794.3282347242822,63.095734448019364,69.81406089356481,323.8721138568341
100.0,1000.0,63.095734448019364,67.4944918461037,351.1886431509581
100.0,0.1,79.43282347242821,91.18729092684511,102.81838293126445
100.0,0.12589254117941673,79.43282347242821,91.15215007067145,103.16227766016839
100.0,0.15848931924611134,79.43282347242821,91.1127378759524,103.54813389233576
100.0,0.19952623149688797,79.43282347242821,91.06853742414388,103.98107170553497
100.0,0.251188643150958,79.43282347242821,91.01896982406463,104.46683592150963
100.0,0.31622776601683794,79.43282347242821,90.96338693392713,105.01187233627272
100.0,0.3981071705534973,79.43282347242821,90.90106326830671,105.62341325190349
100.0,0.5011872336272724,79.43282347242821,90.8311870092846,106.30957344480194
100.0,0.6309573444801934,79.43282347242821,90.75285003589804,107.07945784384138
100.0,0.7943282347242815,79.43282347242821,90.66503688150149,107.94328234724281
100.0,1.0,79.43282347242821,90.56661252505013,108.91250938133746
100.0,1.2589254117941675,79.43282347242821,90.45630892013978,110.0
100.0,1.584893192461114,79.43282347242821,90.33271016550326,111.22018454301964
100.0,1.9952623149688797,79.43282347242821,90.19423622337109,112.58925411794168
100.0,2.511886431509581,79.43282347242821,90.03912509869025,114.12537544622755
100.0,3.1622776601683795,79.43282347242821,89.8654134039637,115.84893192461115
100.0,3.981071705534973,79.43282347242821,89.67091525307778,117.78279410038924
100.0,5.011872336272725,79.43282347242821,89.45319945499534,119.9526231496888
100.0,6.309573444801933,79.43282347242821,89.20956501718048,122.3872113856834
100.0,7.943282347242818,79.43282347242821,88.93701502227356,125.1188643150958
100.0,10.0,79.43282347242821,88.63222901374286,128.18382931264455
100.0,12.589254117941675,79.43282347242821,88.29153412174435,131.62277660168382
100.0,15.848931924611142,79.43282347242821,87.91087528490911,135.48133892335758
100.0,19.952623149688808,79.43282347242821,87.48578508401316,139.81071705534976
100.0,25.11886431509582,79.43282347242821,87.01135390737488,144.66835921509636
100.0,31.622776601683793,79.43282347242821,86.48220142445285,150.11872336272725
100.0,39.810717055349734,79.43282347242821,85.89245066365167,156.23413251903492
100.0,50.11872336272725,79.43282347242821,85.23570638378902,163.09573444801936
100.0,63.095734448019364,79.43282347242821,84.50503990733606,170.79457843841382
100.0,79.43282347242821,79.43282347242821,83.6929831580687,179.4328234724282
100.0,100.0,79.43282347242821,82.79153532460582,189.12509381337458
100.0,125.89254117941675,79.43282347242821,81.79218635823527,200.00000000000006
100.0,158.48931924611142,79.43282347242821,80.68596240386645,212.2018454301964
100.0,199.52623149688807,79.43282347242821,79.46349923856364,225.8925411794168
100.0,251.18864315095823,79.43282347242821,78.11515081320564,241.25375446227554
100.0,316.22776601683796,79.43282347242821,76.63114098785971,258.48931924611145
100.0,398.1071705534973,79.43282347242821,75.00176740333468,277.82794100389236
100.0,501.18723362727246,79.43282347242821,73.21766696007568,299.52623149688804
100.0,630.9573444801937,79.43282347242821,71.27015231789002,323.8721138568341
100.0,794.3282347242822,79.43282347242821,69.15162781840704,351.1886431509582
100.0,1000.0,79.43282347242821,66.85609077761747,381.8382931264455
100.0,0.1,100.0,90.20218037745371,103.16227766016837
100.0,0.12589254117941673,100.0,90.16742838207976,103.54813389233576
100.0,0.15848931924611134,100.0,90.12845235265839,103.98107170553497
100.0,0.19952623149688797,100.0,90.0847411054704,104.46683592150963
100.0,0.251188643150958,100.0,90.03572217428676,105.01187233627272
100.0,0.31622776601683794,100.0,89.98075461411668,105.62341325190349
100.0,0.3981071705534973,100.0,89.91912099922087,106.30957344480193
100.0,0.5011872336272724,100.0,89.85001853559666,107.07945784384138
100.0,0.6309573444801934,100.0,89.77254920311606,107.94328234724281
100.0,0.7943282347242815,100.0,89.68570883804065,108.91250938133746
100.0,1.0,100.0,89.58837506311484,110.0
100.0,1.2589254117941675,100.0,89.47929397032074,111.22018454301963
100.0,1.584893192461114,100.0,89.35706546128925,112.58925411794168
100.0,1.9952623149688797,100.0,89.22012715309235,114.12537544622754
100.0,2.511886431509581,100.0,89.06673676372026,115.84893192461114
100.0,3.1622776601683795,100.0,88.89495290326116,117.78279410038922
100.0,3.981071705534973,100.0,88.70261421529352,119.9526231496888
100.0,5.011872336272725,100.0,88.48731684031615,122.3872113856834
100.0,6.309573444801933,100.0,88.24639021172528,125.1188643150958
100.0,7.943282347242818,100.0,87.976871248054,128.18382931264455
100.0,10.0,100.0,87.67547707676545,131.6227766016838
100.0,12.589254117941675,100.0,87.33857651952151,135.48133892335755
100.0,15.848931924611142,100.0,86.96216069215563,139.81071705534973
100.0,19.952623149688808,100.0,86.54181323123565,144.66835921509633
100.0,25.11886431509582,100.0,86.07268086091698,150.11872336272722
100.0,31.622776601683793,100.0,85.54944526770758,156.23413251903492
100.0,39.810717055349734,100.0,84.96629756681084,163.09573444801933
100.0,50.11872336272725,100.0,84.31691703269364,170.7945784384138
100.0,63.095734448019364,100.0,83.59445623953118,179.4328234724282
100.0,79.43282347242821,100.0,82.79153532460582,189.12509381337458
100.0,100.0,100.0,81.9002487577582,200.0
100.0,125.89254117941675,100.0,80.91218877608891,212.20184543019633
100.0,158.48931924611142,100.0,79.81849052044649,225.89254117941675
100.0,199.52623149688807,100.0,78.60990487028506,241.25375446227548
100.0,251.18864315095823,100.0,77.27690597649396,258.48931924611145
100.0,316.22776601683796,100.0,75.80984146654563,277.8279410038923
100.0,398.1071705534973,100.0,74.19913412646333,299.526231496888
100.0,501.18723362727246,100.0,72.43554437133702,323.872113856834
100.0,630.9573444801937,100.0,70.5105027402322,351.1886431509581
100.0,794.3282347242822,100.0,68.41652062980673,381.83829312644554
100.0,1000.0,100.0,66.14768503251254,416.2277660168379
100.0,0.1,125.89254117941675,89.10985558118625,103.54813389233576
100.0,0.12589254117941673,125.89254117941675,89.07553584783003,103.98107170553497
100.0,0.15848931924611134,125.89254117941675,89.03704466338132,104.46683592150963
100.0,0.19952623149688797,125.89254117941675,88.99387721854002,105.01187233627272
100.0,0.251188643150958,125.89254117941675,88.94546818850796,105.62341325190349
100.0,0.31622776601683794,125.89254117941675,88.89118462753638,106.30957344480194
100.0,0.3981071705534973,125.89254117941675,88.83031806809605,107.07945784384138
100.0,0.5011872336272724,125.89254117941675,88.76207574595418,107.94328234724281
100.0,0.6309573444801934,125.89254117941675,88.68557086749986,108.91250938133746
100.0,0.7943282347242815,125.89254117941675,88.59981183128407,110.0
100.0,1.0,125.89254117941675,88.50369031229268,111.22018454301963
100.0,1.2589254117941675,125.89254117941675,88.39596811541854,112.58925411794168
100.0,1.584893192461114,125.89254117941675,88.2752627045579,114.12537544622755
100.0,1.9952623149688797,125.89254117941675,88.14003131651181,115.84893192461114
100.0,2.511886431509581,125.89254117941675,87.9885535754375,117.78279410038922
100.0,3.1622776601683795,125.89254117941675,87.8189125352501,119.9526231496888
100.0,3.981071705534973,125.89254117941675,87.62897409573539,122.3872113856834
100.0,5.011872336272725,125.89254117941675,87.41636476522817,125.1188643150958
100.0,6.309573444801933,125.89254117941675,87.17844778105346,128.18382931264455
100.0,7.943282347242818,125.89254117941675,86.91229765162993,131.6227766016838
100.0,10.0,125.89254117941675,86.61467325500047,135.48133892335755
100.0,12.589254117941675,125.89254117941675,86.28198972220605,139.81071705534973
100.0,15.848931924611142,125.89254117941675,85.9102894559005,144.66835921509633
100.0,19.952623149688808,125.89254117941675,85.4952127914965,150.11872336272725
100.0,25.11886431509582,125.89254117941675,85.03196900762624,156.23413251903494
100.0,31.622776601683793,125.89254117941675,84.51530864359836,163.09573444801933
100.0,39.810717055349734,125.89254117941675,83.93949839368312,170.7945784384138
100.0,50.11872336272725,125.89254117941675,83.29830023206314,179.4328234724282
100.0,63.095734448019364,125.89254117941675,82.58495688899204,189.12509381337458
100.0,79.43282347242821,125.89254117941675,81.79218635823527,200.00000000000006
100.0,100.0,125.89254117941675,80.91218877608891,212.20184543019633
100.0,125.89254117941675,125.89254117941675,79.93666977636427,225.89254117941675
100.0,158.48931924611142,125.89254117941675,78.85688528855327,241.25375446227548
100.0,199.52623149688807,125.89254117941675,77.66371368922492,258.48931924611145
100.0,251.18864315095823,125.89254117941675,76.34776219979196,277.8279410038924
100.0,316.22776601683796,125.89254117941675,74.89951537621245,299.526231496888
100.0,398.1071705534973,125.89254117941675,73.30953434257025,323.872113856834
100.0,501.18723362727246,125.89254117941675,71.56871590436646,351.1886431509581
100.0,630.9573444801937,125.89254117941675,69.6686205819605,381.83829312644554
100.0,794.3282347242822,125.89254117941675,67.6018775729761,416.22776601683813
100.0,1000.0,125.89254117941675,65.36267221205522,454.8133892335755
100.0,0.1,158.48931924611142,87.90043550318497,103.98107170553497
100.0,0.12589254117941673,158.48931924611142,87.86659568951329,104.46683592150963
100.0,0.15848931924611134,158.48931924611142,87.8286428035138,105.01187233627272
100.0,0.19952623149688797,158.48931924611142,87.78607911250555,105.62341325190349
100.0,0.251188643150958,158.48931924611142,87.73834721971059,106.30957344480194
100.0,0.31622776601683794,158.48931924611142,87.6848230595637,107.07945784384138
100.0,0.3981071705534973,158.48931924611142,87.62480810913154,107.94328234724281
100.0,0.5011872336272724,158.48931924611142,87.55752073811894,108.91250938133746
100.0,0.6309573444801934,158.48931924611142,87.48208661508774,110.0
100.0,0.7943282347242815,158.48931924611142,87.39752808322883,111.22018454301964
100.0,1.0,158.48931924611142,87.30275241566162,112.58925411794168
100.0,1.2589254117941675,158.48931924611142,87.19653885825407,114.12537544622755
100.0,1.584893192461114,158.48931924611142,87.07752436796794,115.84893192461115
100.0,1.9952623149688797,158.48931924611142,86.94418795751211,117.78279410038922
100.0,2.511886431509581,158.48931924611142,86.79483356363713,119.9526231496888
100.0,3.1622776601683795,158.48931924611142,86.62757136798467,122.3872113856834
100.0,3.981071705534973,158.48931924611142,86.44029751761956,125.1188643150958
100.0,5.011872336272725,158.48931924611142,86.23067221921372,128.18382931264455
100.0,6.309573444801933,158.48931924611142,85.99609621880768,131.6227766016838
100.0,7.943282347242818,158.48931924611142,85.73368573121013,135.48133892335755
100.0,10.0,158.48931924611142,85.44024595316559,139.81071705534973
100.0,12.589254117941675,158.48931924611142,85.11224338697038,144.66835921509633
100.0,15.848931924611142,158.48931924611142,84.74577732171697,150.11872336272725
100.0,19.952623149688808,158.48931924611142,84.33655097426478,156.23413251903492
100.0,25.11886431509582,158.48931924611142,83.87984298893454,163.09573444801936
100.0,31.622776601683793,158.48931924611142,83.37048024245013,170.7945784384138
100.0,39.810717055349734,158.48931924611142,82.80281320845867,179.4328234724282
100.0,50.11872336272725,158.48931924611142,82.17069551442415,189.12509381337458
100.0,63.095734448019364,158.48931924611142,81.46746978339019,200.00000000000006
100.0,79.43282347242821,158.48931924611142,80.68596240386645,212.2018454301964
100.0,100.0,158.48931924611142,79.81849052044649,225.89254117941675
100.0,125.89254117941675,158.48931924611142,78.85688528855327,241.25375446227548
100.0,158.48931924611142,158.48931924611142,77.79253628349312,258.48931924611145
100.0,199.52623149688807,158.48931924611142,76.61646287784336,277.82794100389236
100.0,251.18864315095823,158.48931924611142,75.31941936235863,299.5262314968881
100.0,316.22776601683796,158.48931924611142,73.89204151353496,323.87211385683406
100.0,398.1071705534973,158.48931924611142,72.32504309141233,351.18864315095806
100.0,501.18723362727246,158.48931924611142,70.6094712098285,381.8382931264455
100.0,630.9573444801937,158.48931924611142,68.73702940518184,416.22776601683813
100.0,794.3282347242822,158.48931924611142,66.7004761881165,454.8133892335757
100.0,1000.0,158.48931924611142,64.49410443245786,498.1071705534973
100.0,0.1,199.52623149688807,86.56359601056923,104.46683592150963
100.0,0.12589254117941673,199.52623149688807,86.53028828588982,105.01187233627272
100.0,0.15848931924611134,199.52623149688807,86.49293221174139,105.62341325190349
100.0,0.19952623149688797,199.52623149688807,86.4510379005893,106.30957344480194
100.0,0.251188643150958,199.52623149688807,86.40405674453706,107.07945784384138
100.0,0.31622776601683794,199.52623149688807,86.3513745222923,107.94328234724281
100.0,0.3981071705534973,199.52623149688807,86.29230373496242,108.91250938133746
100.0,0.5011872336272724,199.52623149688807,86.2260750944761,110.0
100.0,0.6309573444801934,199.52623149688807,86.15182808367544,111.22018454301964
100.0,0.7943282347242815,199.52623149688807,86.06860050293625,112.58925411794168
100.0,1.0,199.52623149688807,85.97531691489694,114.12537544622755
100.0,1.2589254117941675,199.52623149688807,85.87077589697384,115.84893192461115
100.0,1.584893192461114,199.52623149688807,85.7536360114043,117.78279410038922
100.0,1.9952623149688797,199.52623149688807,85.6224004053646,119.9526231496888
100.0,2.511886431509581,199.52623149688807,85.475399960235,122.3872113856834
100.0,3.1622776601683795,199.52623149688807,85.31077492058286,125.1188643150958
100.0,3.981071705534973,199.52623149688807,85.12645495147724,128.18382931264455
100.0,5.011872336272725,199.52623149688807,84.92013759930572,131.6227766016838
100.0,6.309573444801933,199.52623149688807,84.68926516878304,135.48133892335755
100.0,7.943282347242818,199.52623149688807,84.43100008033944,139.81071705534976
100.0,10.0,199.52623149688807,84.14219884124951,144.66835921509633
100.0,12.589254117941675,199.52623149688807,83.819384855181,150.11872336272725
100.0,15.848931924611142,199.52623149688807,83.45872041368308,156.23413251903494
100.0,19.952623149688808,199.52623149688807,83.0559783658453,163.09573444801936
100.0,25.11886431509582,199.52623149688807,82.60651415636215,170.79457843841382
100.0,31.622776601683793,199.52623149688807,82.10523916600513,179.43282347242817
100.0,39.810717055349734,199.52623149688807,81.54659659147477,189.12509381337458
100.0,50.11872336272725,199.52623149688807,80.92454147390687,200.00000000000006
100.0,63.095734448019364,199.52623149688807,80.23252693722559,212.20184543019644
100.0,79.43282347242821,199.52623149688807,79.46349923856364,225.8925411794168
100.0,100.0,199.52623149688807,78.60990487028506,241.25375446227548
100.0,125.89254117941675,199.52623149688807,77.66371368922492,258.48931924611145
100.0,158.48931924611142,199.52623149688807,76.61646287784336,277.82794100389236
100.0,199.52623149688807,199.52623149688807,75.4593274449318,299.52623149688804
100.0,251.18864315095823,199.52623149688807,74.1832239106034,323.8721138568341
100.0,316.22776601683796,199.52623149688807,72.77895472150827,351.1886431509581
100.0,398.1071705534973,199.52623149688807,71.23740169446522,381.8382931264455
100.0,501.18723362727246,199.52623149688807,69.54977721814429,416.2277660168381
100.0,630.9573444801937,199.52623149688807,67.70794180436722,454.8133892335757
100.0,794.3282347242822,199.52623149688807,65.70479552928116,498.1071705534976
100.0,1000.0,199.52623149688807,63.53474848782665,546.6835921509632
100.0,0.1,251.18864315095823,85.08868624825548,105.01187233627272
100.0,0.12589254117941673,251.18864315095823,85.0559675142745,105.62341325190349
100.0,0.15848931924611134,251.18864315095823,85.01927207278246,106.30957344480194
100.0,0.19952623149688797,251.18864315095823,84.97811871944992,107.07945784384138
100.0,0.251188643150958,251.18864315095823,84.93196857397632,107.94328234724281
100.0,0.31622776601683794,251.18864315095823,84.88021831057968,108.91250938133746
100.0,0.3981071705534973,251.18864315095823,84.82219263137752,110.0
100.0,0.5011872336272724,251.18864315095823,84.75713590790953,111.22018454301964
100.0,0.6309573444801934,251.18864315095823,84.68420291141182,112.58925411794168
100.0,0.7943282347242815,251.18864315095823,84.60244854837148,114.12537544622755
100.0,1.0,251.18864315095823,84.51081651471114,115.84893192461114
100.0,1.2589254117941675,251.18864315095823,84.40812678013245,117.78279410038922
100.0,1.584893192461114,251.18864315095823,84.29306181426992,119.9526231496888
100.0,1.9952623149688797,251.18864315095823,84.16415146913386,122.38721138568341
100.0,2.511886431509581,251.18864315095823,84.01975643881903,125.11886431509582
100.0,3.1622776601683795,251.18864315095823,83.85805022885482,128.18382931264455
100.0,3.981071705534973,251.18864315095823,83.67699958542042,131.62277660168382
100.0,5.011872336272725,251.18864315095823,83.47434336088257,135.48133892335755
100.0,6.309573444801933,251.18864315095823,83.24756982913804,139.81071705534976
100.0,7.943282347242818,251.18864315095823,82.9938925150257,144.66835921509633
100.0,10.0,251.18864315095823,82.71022467023825,150.11872336272725
100.0,12.589254117941675,251.18864315095823,82.39315261810495,156.23413251903494
100.0,15.848931924611142,251.18864315095823,82.03890830659837,163.09573444801936
100.0,19.952623149688808,251.18864315095823,81.6433415591676,170.79457843841385
100.0,25.11886431509582,251.18864315095823,81.20189270377516,179.4328234724282
100.0,31.622776601683793,251.18864315095823,80.70956650009455,189.12509381337458
100.0,39.810717055349734,251.18864315095823,80.16090858241665,200.00000000000006
100.0,50.11872336272725,251.18864315095823,79.54998600127098,212.2018454301964
100.0,63.095734448019364,251.18864315095823,78.87037389005351,225.89254117941684
100.0,79.43282347242821,251.18864315095823,78.11515081320564,241.25375446227554
100.0,100.0,251.18864315095823,77.27690597649396,258.48931924611145
100.0,125.89254117941675,251.18864315095823,76.34776219979196,277.8279410038924
100.0,158.48931924611142,251.18864315095823,75.31941936235863,299.5262314968881
100.0,199.52623149688807,251.18864315095823,74.1832239106034,323.8721138568341
100.0,251.18864315095823,251.18864315095823,72.93027092909115,351.18864315095817
100.0,316.22776601683796,251.18864315095823,71.55154614762094,381.8382931264456
100.0,398.1071705534973,251.18864315095823,70.0381159789641,416.22776601683813
100.0,501.18723362727246,251.18864315095823,68.38137408418739,454.8133892335756
100.0,630.9573444801937,251.18864315095823,66.57335280152064,498.10717055349755
100.0,794.3282347242822,251.18864315095823,64.6071067144729,546.6835921509635
100.0,1000.0,251.18864315095823,62.477173234878045,601.1872336272725
100.0,0.1,316.22776601683796,83.46489245960726,105.62341325190349
100.0,0.12589254117941673,316.22776601683796,83.43282451718534,106.30957344480194
100.0,0.15848931924611134,316.22776601683796,83.39685902344127,107.07945784384137
100.0,0.19952623149688797,316.22776601683796,83.3565243672405,107.94328234724281
100.0,0.251188643150958,316.22776601683796,83.31129241512302,108.91250938133746
100.0,0.31622776601683794,316.22776601683796,83.26057187818833,110.0
100.0,0.3981071705534973,316.22776601683796,83.20370093738464,111.22018454301963
100.0,0.5011872336272724,316.22776601683796,83.139939054054,112.58925411794168
100.0,0.6309573444801934,316.22776601683796,83.06845788806527,114.12537544622754
100.0,0.7943282347242815,316.22776601683796,82.98833124190058,115.84893192461114
100.0,1.0,316.22776601683796,82.89852394598803,117.78279410038922
100.0,1.2589254117941675,316.22776601683796,82.79787959884018,119.9526231496888
100.0,1.584893192461114,316.22776601683796,82.68510707574195,122.3872113856834
100.0,1.9952623149688797,316.22776601683796,82.55876572257868,125.1188643150958
100.0,2.511886431509581,316.22776601683796,82.41724915785657,128.18382931264455
100.0,3.1622776601683795,316.22776601683796,82.25876761725084,131.6227766016838
100.0,3.981071705534973,316.22776601683796,82.0813287926414,135.48133892335755
100.0,5.011872336272725,316.22776601683796,81.88271714346239,139.81071705534973
100.0,6.309573444801933,316.22776601683796,81.66047169465901,144.66835921509633
100.0,7.943282347242818,316.22776601683796,81.41186238552237,150.11872336272722
100.0,10.0,316.22776601683796,81.13386510070882,156.23413251903492
100.0,12.589254117941675,316.22776601683796,80.82313560314886,163.09573444801933
100.0,15.848931924611142,316.22776601683796,80.47598270345637,170.7945784384138
100.0,19.952623149688808,316.22776601683796,80.08834114795297,179.4328234724282
100.0,25.11886431509582,316.22776601683796,79.65574489459928,189.12509381337458
100.0,31.622776601683793,316.22776601683796,79.17330168104837,200.0
100.0,39.810717055349734,316.22776601683796,78.6356700806553,212.20184543019636
100.0,50.11872336272725,316.22776601683796,78.0370406001424,225.89254117941675
100.0,63.095734448019364,316.22776601683796,77.37112280635209,241.25375446227548
100.0,79.43282347242821,316.22776601683796,76.63114098785971,258.48931924611145
100.0,100.0,316.22776601683796,75.80984146654563,277.8279410038923
100.0,125.89254117941675,316.22776601683796,74.89951537621245,299.526231496888
100.0,158.48931924611142,316.22776601683796,73.89204151353496,323.87211385683406
100.0,199.52623149688807,316.22776601683796,72.77895472150827,351.18864315095806
100.0,251.18864315095823,316.22776601683796,71.55154614762094,381.8382931264456
100.0,316.22776601683796,316.22776601683796,70.20100255946684,416.227766016838
100.0,398.1071705534973,316.22776601683796,68.7185925894299,454.81338923357544
100.0,501.18723362727246,316.22776601683796,67.09590815148178,498.1071705534973
100.0,630.9573444801937,316.22776601683796,65.32516908851629,546.6835921509632
100.0,794.3282347242822,316.22776601683796,63.399598040632135,601.1872336272725
100.0,1000.0,316.22776601683796,61.31387014590546,662.341325190349
100.0,0.1,398.1071705534973,81.68145935157843,106.30957344480194
100.0,0.12589254117941673,398.1071705534973,81.65010898845836,107.07945784384138
100.0,0.15848931924611134,398.1071705534973,81.61494835005493,107.94328234724281
100.0,0.19952623149688797,398.1071705534973,81.57551640157227,108.91250938133746
100.0,0.251188643150958,398.1071705534973,81.53129685752441,110.0
100.0,0.31622776601683794,398.1071705534973,81.48171169890327,111.22018454301964
100.0,0.3981071705534973,398.1071705534973,81.42611396582653,112.58925411794168
100.0,0.5011872336272724,398.1071705534973,81.36377975427635,114.12537544622754
100.0,0.6309573444801934,398.1071705534973,81.2938993411495,115.84893192461114
100.0,0.7943282347242815,398.1071705534973,81.21556735799865,117.78279410038922
100.0,1.0,398.1071705534973,81.12777193088561,119.9526231496888
100.0,1.2589254117941675,398.1071705534973,81.02938270212746,122.3872113856834
100.0,1.584893192461114,398.1071705534973,80.91913764996323,125.1188643150958
100.0,1.9952623149688797,398.1071705534973,80.7956286250332,128.18382931264455
100.0,2.511886431509581,398.1071705534973,80.65728552897721,131.6227766016838
100.0,3.1622776601683795,398.1071705534973,80.5023590716055,135.48133892335755
100.0,3.981071705534973,398.1071705534973,80.32890206046395,139.81071705534973
100.0,5.011872336272725,398.1071705534973,80.13474920206467,144.6683592150963
100.0,6.309573444801933,398.1071705534973,79.91749542989187,150.11872336272722
100.0,7.943282347242818,398.1071705534973,79.67447282336303,156.23413251903492
100.0,10.0,398.1071705534973,79.40272624769754,163.09573444801933
100.0,12.589254117941675,398.1071705534973,79.09898793131626,170.7945784384138
100.0,15.848931924611142,398.1071705534973,78.75965130998787,179.4328234724282
100.0,19.952623149688808,398.1071705534973,78.38074461137981,189.12509381337458
100.0,25.11886431509582,398.1071705534973,77.95790483685059,200.00000000000006
100.0,31.622776601683793,398.1071705534973,77.48635302707304,212.20184543019633
100.0,39.810717055349734,398.1071705534973,76.96087198307434,225.89254117941675
100.0,50.11872336272725,398.1071705534973,76.37578796374511,241.25375446227548
100.0,63.095734448019364,398.1071705534973,75.72495830404404,258.48931924611145
100.0,79.43282347242821,398.1071705534973,75.00176740333468,277.82794100389236
100.0,100.0,398.1071705534973,74.19913412646333,299.526231496888
100.0,125.89254117941675,398.1071705534973,73.30953434257025,323.872113856834
100.0,158.48931924611142,398.1071705534973,72.32504309141233,351.1886431509581
100.0,199.52623149688807,398.1071705534973,71.23740169446522,381.8382931264455
100.0,251.18864315095823,398.1071705534973,70.0381159789641,416.22776601683813
100.0,316.22776601683796,398.1071705534973,68.7185925894299,454.81338923357544
100.0,398.1071705534973,398.1071705534973,67.27032101501064,498.1071705534973
100.0,501.18723362727246,398.1071705534973,65.68510929975704,546.6835921509632
100.0,630.9573444801937,398.1071705534973,63.95538119425858,601.1872336272726
100.0,794.3282347242822,398.1071705534973,62.074541433060475,662.3413251903494
100.0,1000.0,398.1071705534973,60.03741346980291,730.9573444801933
100.0,0.1,501.18723362727246,79.72797982589807,107.07945784384138
100.0,0.12589254117941673,501.18723362727246,79.69741879395447,107.94328234724281
100.0,0.15848931924611134,501.18723362727246,79.66314348525651,108.91250938133746
100.0,0.19952623149688797,501.18723362727246,79.62470449722939,110.0
100.0,0.251188643150958,501.18723362727246,79.58159857490406,111.22018454301963
100.0,0.31622776601683794,501.18723362727246,79.53326229326032,112.58925411794168
100.0,0.3981071705534973,501.18723362727246,79.47906503379886,114.12537544622754
100.0,0.5011872336272724,501.18723362727246,79.4183011858776,115.84893192461114
100.0,0.6309573444801934,501.18723362727246,79.35018149909969,117.78279410038922
100.0,0.7943282347242815,501.18723362727246,79.27382350933452,119.9526231496888
100.0,1.0,501.18723362727246,79.18824095811566,122.3872113856834
100.0,1.2589254117941675,501.18723362727246,79.09233212361805,125.1188643150958
100.0,1.584893192461114,501.18723362727246,78.98486698172792,128.18382931264455
100.0,1.9952623149688797,501.18723362727246,78.86447311859443,131.6227766016838
100.0,2.511886431509581,501.18723362727246,78.72962032240794,135.48133892335755
100.0,3.1622776601683795,501.18723362727246,78.57860379313624,139.81071705534973
100.0,3.981071705534973,501.18723362727246,78.40952592602532,144.66835921509633
100.0,5.011872336272725,501.18723362727246,78.22027664964688,150.11872336272725
100.0,6.309573444801933,501.18723362727246,78.00851233440446,156.23413251903492
100.0,7.943282347242818,501.18723362727246,77.77163333546274,163.09573444801936
100.0,10.0,501.18723362727246,77.50676029842086,170.7945784384138
100.0,12.589254117941675,501.18723362727246,77.21070944079422,179.43282347242817
100.0,15.848931924611142,501.18723362727246,76.87996713238326,189.12509381337458
100.0,19.952623149688808,501.18723362727246,76.51066423864509,200.00000000000006
100.0,25.11886431509582,501.18723362727246,76.09855086992478,212.20184543019639
100.0,31.622776601683793,501.18723362727246,75.63897240342472,225.89254117941675
100.0,39.810717055349734,501.18723362727246,75.12684792246337,241.25375446227548
100.0,50.11872336272725,501.18723362727246,74.55665255776518,258.48931924611145
100.0,63.095734448019364,501.18723362727246,73.92240562706439,277.82794100389236
100.0,79.43282347242821,501.18723362727246,73.21766696007568,299.52623149688804
100.0,100.0,501.18723362727246,72.43554437133702,323.872113856834
100.0,125.89254117941675,501.18723362727246,71.56871590436646,351.18864315095806
100.0,158.48931924611142,501.18723362727246,70.6094712098285,381.8382931264455
100.0,199.52623149688807,501.18723362727246,69.54977721814429,416.2277660168381
100.0,251.18864315095823,501.18723362727246,68.38137408418739,454.8133892335756
100.0,316.22776601683796,501.18723362727246,67.09590815148178,498.1071705534973
100.0,398.1071705534973,501.18723362727246,65.68510929975704,546.6835921509632
100.0,501.18723362727246,501.18723362727246,64.14102034443397,601.1872336272726
100.0,630.9573444801937,501.18723362727246,62.45628592384832,662.3413251903494
100.0,794.3282347242822,501.18723362727246,60.62450723247825,730.9573444801936
100.0,1000.0,501.18723362727246,58.6406666386123,807.945784384138
100.0,0.1,630.9573444801937,77.59476401324552,107.94328234724281
100.0,0.12589254117941673,630.9573444801937,77.56506885648395,108.91250938133746
100.0,0.15848931924611134,630.9573444801937,77.53176472546943,110.0
100.0,0.19952623149688797,630.9573444801937,77.494414975844,111.22018454301964
100.0,0.251188643150958,630.9573444801937,77.45253064415017,112.58925411794168
100.0,0.31622776601683794,630.9573444801937,77.4055643112041,114.12537544622755
100.0,0.3981071705534973,630.9573444801937,77.35290328022167,115.84893192461114
100.0,0.5011872336272724,630.9573444801937,77.29386200233358,117.78279410038922
100.0,0.6309573444801934,630.9573444801937,77.22767367803038,119.9526231496888
100.0,0.7943282347242815,630.9573444801937,77.15348095951659,122.3872113856834
100.0,1.0,630.9573444801937,77.07032567624496,125.1188643150958
100.0,1.2589254117941675,630.9573444801937,76.97713750446351,128.18382931264455
100.0,1.584893192461114,630.9573444801937,76.8727215019814,131.62277660168382
100.0,1.9952623149688797,630.9573444801937,76.75574443224275,135.48133892335755
100.0,2.511886431509581,630.9573444801937,76.62471980807587,139.81071705534976
100.0,3.1622776601683795,630.9573444801937,76.47799159628683,144.66835921509633
100.0,3.981071705534973,630.9573444801937,76.31371654100377,150.11872336272725
100.0,5.011872336272725,630.9573444801937,76.12984508811753,156.23413251903494
100.0,6.309573444801933,630.9573444801937,75.92410092749535,163.09573444801936
100.0,7.943282347242818,630.9573444801937,75.69395921655513,170.79457843841382
100.0,10.0,630.9573444801937,75.43662361156238,179.4328234724282
100.0,12.589254117941675,630.9573444801937,75.14900231560672,189.12509381337458
100.0,15.848931924611142,630.9573444801937,74.82768345935996,200.00000000000006
100.0,19.952623149688808,630.9573444801937,74.46891026797935,212.20184543019639
100.0,25.11886431509582,630.9573444801937,74.06855664134163,225.8925411794168
100.0,31.622776601683793,630.9573444801937,73.6221039924823,241.25375446227548
100.0,39.810717055349734,630.9573444801937,73.12462045870454,258.4893192461114
100.0,50.11872336272725,630.9573444801937,72.5707439298004,277.82794100389236
100.0,63.095734448019364,630.9573444801937,71.95467073658547,299.5262314968881
100.0,79.43282347242821,630.9573444801937,71.27015231789002,323.8721138568341
100.0,100.0,630.9573444801937,70.5105027402322,351.1886431509581
100.0,125.89254117941675,630.9573444801937,69.6686205819605,381.83829312644554
100.0,158.48931924611142,630.9573444801937,68.73702940518184,416.22776601683813
100.0,199.52623149688807,630.9573444801937,67.70794180436722,454.8133892335757
100.0,251.18864315095823,630.9573444801937,66.57335280152064,498.10717055349755
100.0,316.22776601683796,630.9573444801937,65.32516908851629,546.6835921509632
100.0,398.1071705534973,630.9573444801937,63.95538119425858,601.1872336272726
100.0,501.18723362727246,630.9573444801937,62.45628592384832,662.3413251903494
100.0,630.9573444801937,630.9573444801937,60.82076616064504,730.9573444801937
100.0,794.3282347242822,630.9573444801937,59.0426340443118,807.9457843841385
100.0,1000.0,630.9573444801937,57.117041258153606,894.3282347242817
100.0,0.1,794.3282347242822,75.27329764889622,108.91250938133746
100.0,0.12589254117941673,794.3282347242822,75.24454933545174,110.0
100.0,0.15848931924611134,794.3282347242822,75.21230719069233,111.22018454301964
100.0,0.19952623149688797,794.3282347242822,75.1761485190634,112.58925411794168
100.0,0.251188643150958,794.3282347242822,75.13559998186223,114.12537544622755
100.0,0.31622776601683794,794.3282347242822,75.0901316583727,115.84893192461115
100.0,0.3981071705534973,794.3282347242822,75.03915044414472,117.78279410038922
100.0,0.5011872336272724,794.3282347242822,74.98199272133836,119.9526231496888
100.0,0.6309573444801934,794.3282347242822,74.91791623212117,122.3872113856834
100.0,0.7943282347242815,794.3282347242822,74.84609108269991,125.1188643150958
100.0,1.0,794.3282347242822,74.76558980299527,128.18382931264455
100.0,1.2589254117941675,794.3282347242822,74.67537638563604,131.6227766016838
100.0,1.584893192461114,794.3282347242822,74.57429422838518,135.48133892335755
100.0,1.9952623149688797,794.3282347242822,74.46105290698836,139.81071705534973
100.0,2.511886431509581,794.3282347242822,74.33421371162115,144.66835921509636
100.0,3.1622776601683795,794.3282347242822,74.19217389069362,150.11872336272722
100.0,3.981071705534973,794.3282347242822,74.03314956212269,156.23413251903492
100.0,5.011872336272725,794.3282347242822,73.85515727601482,163.09573444801936
100.0,6.309573444801933,794.3282347242822,73.65599424613376,170.79457843841385
100.0,7.943282347242818,794.3282347242822,73.43321731316144,179.4328234724282
100.0,10.0,794.3282347242822,73.18412076376916,189.1250938133746
100.0,12.589254117941675,794.3282347242822,72.90571320972178,200.00000000000006
100.0,15.848931924611142,794.3282347242822,72.59469383519958,212.20184543019644
100.0,19.952623149688808,794.3282347242822,72.24742845360237,225.8925411794168
100.0,25.11886431509582,794.3282347242822,71.85992598349185,241.25375446227554
100.0,31.622776601683793,794.3282347242822,71.42781616403201,258.48931924611145
100.0,39.810717055349734,794.3282347242822,70.94632959098986,277.8279410038924
100.0,50.11872336272725,794.3282347242822,70.4102814731254,299.5262314968881
100.0,63.095734448019364,794.3282347242822,69.81406089356481,323.8721138568341
100.0,79.43282347242821,794.3282347242822,69.15162781840704,351.1886431509582
100.0,100.0,794.3282347242822,68.41652062980673,381.83829312644554
100.0,125.89254117941675,794.3282347242822,67.6018775729761,416.22776601683813
100.0,158.48931924611142,794.3282347242822,66.7004761881165,454.8133892335757
100.0,199.52623149688807,794.3282347242822,65.70479552928116,498.1071705534976
100.0,251.18864315095823,794.3282347242822,64.6071067144729,546.6835921509635
100.0,316.22776601683796,794.3282347242822,63.399598040632135,601.1872336272725
100.0,398.1071705534973,794.3282347242822,62.074541433060475,662.3413251903494
100.0,501.18723362727246,794.3282347242822,60.62450723247825,730.9573444801936
100.0,630.9573444801937,794.3282347242822,59.0426340443118,807.9457843841385
100.0,794.3282347242822,794.3282347242822,57.3229593009547,894.3282347242823
100.0,1000.0,794.3282347242822,55.46081395666248,991.250938133746
100.0,0.1,1000.0,72.7567973633197,110.0
100.0,0.12589254117941673,1000.0,72.72908066660793,111.22018454301963
100.0,0.15848931924611134,1000.0,72.69799558288274,112.58925411794166
100.0,0.19952623149688797,1000.0,72.66313461134678,114.12537544622754
100.0,0.251188643150958,1000.0,72.62404143319347,115.84893192461112
100.0,0.31622776601683794,1000.0,72.58020518797395,117.78279410038922
100.0,0.3981071705534973,1000.0,72.53105411144362,119.9526231496888
100.0,0.5011872336272724,1000.0,72.47594847228085,122.38721138568339
100.0,0.6309573444801934,1000.0,72.41417274131382,125.1188643150958
100.0,0.7943282347242815,1000.0,72.3449269236466,128.18382931264455
100.0,1.0,1000.0,72.26731698164525,131.6227766016838
100.0,1.2589254117941675,1000.0,72.1803442755215,135.48133892335755
100.0,1.584893192461114,1000.0,72.0828939487444,139.81071705534976
100.0,1.9952623149688797,1000.0,71.97372218837457,144.6683592150963
100.0,2.511886431509581,1000.0,71.85144229648448,150.11872336272722
100.0,3.1622776601683795,1000.0,71.71450951915567,156.23413251903492
100.0,3.981071705534973,1000.0,71.56120459545538,163.09573444801936
100.0,5.011872336272725,1000.0,71.38961601194082,170.7945784384138
100.0,6.309573444801933,1000.0,71.19762098066171,179.43282347242814
100.0,7.943282347242818,1000.0,70.98286520284036,189.12509381337458
100.0,10.0,1000.0,70.74274153945113,200.0
100.0,12.589254117941675,1000.0,70.47436778747702,212.20184543019639
100.0,15.848931924611142,1000.0,70.17456386106186,225.89254117941675
100.0,19.952623149688808,1000.0,69.83982880524107,241.25375446227548
100.0,25.11886431509582,1000.0,69.4663182323442,258.4893192461114
100.0,31.622776601683793,1000.0,69.04982297419556,277.8279410038923
100.0,39.810717055349734,1000.0,68.58574999419763,299.526231496888
100.0,50.11872336272725,1000.0,68.06910690989267,323.872113856834
100.0,63.095734448019364,1000.0,67.4944918461037,351.18864315095806
100.0,79.43282347242821,1000.0,66.85609077761747,381.8382931264455
100.0,100.0,1000.0,66.14768503251254,416.2277660168379
100.0,125.89254117941675,1000.0,65.36267221205522,454.8133892335755
100.0,158.48931924611142,1000.0,64.49410443245786,498.1071705534973
100.0,199.52623149688807,1000.0,63.53474848782665,546.6835921509632
100.0,251.18864315095823,1000.0,62.477173234878045,601.1872336272726
100.0,316.22776601683796,1000.0,61.31387014590546,662.341325190349
100.0,398.1071705534973,1000.0,60.03741346980291,730.9573444801933
100.0,501.18723362727246,1000.0,58.6406666386123,807.945784384138
100.0,630.9573444801937,1000.0,57.117041258153606,894.3282347242817
100.0,794.3282347242822,1000.0,55.46081395666248,991.2509381337459
100.0,1000.0,1000.0,53.667504192892004,1100.0
