formulation,absorption_enabled,time_h,undissolved_mg,dissolved_mg,precipitated_mg,absorbed_mg,growth_site_activation,free_concentration_mg_ml
crystalline,False,0.0,100.0,0.0,0.0,0.0,0.0,0.0
crystalline,False,0.008333333333333333,99.96407620094895,0.03592379905105818,0.0,0.0,0.0,3.991533227895353e-05
crystalline,False,0.016666666666666666,99.92830432888212,0.07169567111788838,0.0,0.0,0.0,7.966185679765376e-05
crystalline,False,0.025,99.89268367432155,0.10731632567845548,0.0,0.0,0.0,0.00011924036186495052
crystalline,False,0.03333333333333333,99.85721353162602,0.1427864683739887,0.0,0.0,0.0,0.0001586516315266541
crystalline,False,0.041666666666666664,99.82189319896624,0.17810680103376328,0.0,0.0,0.0,0.0001978964455930703
crystalline,False,0.05,99.7867219783003,0.21327802169969384,0.0,0.0,0.0,0.0002369755796663265
crystalline,False,0.058333333333333334,99.75169917534927,0.24830082465073608,0.0,0.0,0.0,0.0002758898051674845
crystalline,False,0.06666666666666667,99.7168240995729,0.2831759004271027,0.0,0.0,0.0,0.0003146398893634475
crystalline,False,0.075,99.68209606414571,0.31790393585429366,0.0,0.0,0.0,0.0003532265953936596
crystalline,False,0.08333333333333333,99.64751438593306,0.352485614066942,0.0,0.0,0.0,0.00039165068229660225
crystalline,False,0.09166666666666666,99.61307838546753,0.38692161453247703,0.0,0.0,0.0,0.0004299129050360856
crystalline,False,0.1,99.57878738692541,0.4212126130746078,0.0,0.0,0.0,0.000468014014527342
crystalline,False,0.10833333333333334,99.5446407181034,0.4553592818966258,0.0,0.0,0.0,0.0005059547576629175
crystalline,False,0.11666666666666667,99.51063771039549,0.48936228960453243,0.0,0.0,0.0,0.0005437358773383693
crystalline,False,0.125,99.47677769877002,0.5232223012299876,0.0,0.0,0.0,0.000581358112477764
crystalline,False,0.13333333333333333,99.44306002174693,0.5569399782530867,0.0,0.0,0.0,0.0006188221980589852
crystalline,False,0.14166666666666666,99.40948402137505,0.5905159786249622,0.0,0.0,0.0,0.0006561288651388469
crystalline,False,0.15,99.37604904320979,0.6239509567902166,0.0,0.0,0.0,0.0006932788408780184
crystalline,False,0.15833333333333333,99.34275443629083,0.6572455637091823,0.0,0.0,0.0,0.0007302728485657582
crystalline,False,0.16666666666666666,99.30959955312,0.6904004468800163,0.0,0.0,0.0,0.0007671116076444626
crystalline,False,0.175,99.27658374963939,0.7234162503606264,0.0,0.0,0.0,0.0008037958337340293
crystalline,False,0.18333333333333332,99.24370638520958,0.7562936147904307,0.0,0.0,0.0,0.000840326238656034
crystalline,False,0.19166666666666665,99.21096682258805,0.7890331774119576,0.0,0.0,0.0,0.0008767035304577306
crystalline,False,0.2,99.17836442790774,0.8216355720922766,0.0,0.0,0.0,0.0009129284134358628
crystalline,False,0.20833333333333334,99.14589857065575,0.8541014293442751,0.0,0.0,0.0,0.0009490015881603057
crystalline,False,0.21666666666666667,99.11356862365224,0.8864313763477701,0.0,0.0,0.0,0.0009849237514975224
crystalline,False,0.225,99.08137396302955,0.9186260369704647,0.0,0.0,0.0,0.0010206955966338498
crystalline,False,0.23333333333333334,99.04931396821127,0.9506860317887466,0.0,0.0,0.0,0.0010563178130986073
crystalline,False,0.24166666666666667,99.01738802189168,0.9826119781083301,0.0,0.0,0.0,0.0010917910867870334
crystalline,False,0.25,98.98559551001526,1.0144044899847469,0.0,0.0,0.0,0.001127116099983052
crystalline,False,0.2583333333333333,98.95393582175633,1.0460641782436801,0.0,0.0,0.0,0.001162293531381867
crystalline,False,0.26666666666666666,98.92240834949885,1.0775916505011507,0.0,0.0,0.0,0.0011973240561123897
crystalline,False,0.275,98.89101248881646,1.1089875111835494,0.0,0.0,0.0,0.0012322083457594994
crystalline,False,0.2833333333333333,98.85974763845248,1.140252361547525,0.0,0.0,0.0,0.001266947068386139
crystalline,False,0.2916666666666667,98.82861320030028,1.17138679969972,0.0,0.0,0.0,0.0013015408885552445
crystalline,False,0.3,98.79760857938365,1.202391420616363,0.0,0.0,0.0,0.0013359904673515145
crystalline,False,0.30833333333333335,98.76673318383729,1.233266816162715,0.0,0.0,0.0,0.0013702964624030165
crystalline,False,0.31666666666666665,98.73598642488764,1.2640135751123718,0.0,0.0,0.0,0.0014044595279026353
crystalline,False,0.325,98.70536771683359,1.2946322831664243,0.0,0.0,0.0,0.0014384803146293603
crystalline,False,0.3333333333333333,98.67487647702754,1.3251235229724774,0.0,0.0,0.0,0.0014723594699694194
crystalline,False,0.3416666666666667,98.64451212585648,1.3554878741435274,0.0,0.0,0.0,0.0015060976379372528
crystalline,False,0.35,98.61427408672331,1.385725913276703,0.0,0.0,0.0,0.0015396954591963368
crystalline,False,0.35833333333333334,98.58416178602815,1.4158382139718664,0.0,0.0,0.0,0.0015731535710798515
crystalline,False,0.36666666666666664,98.55417465314994,1.4458253468500781,0.0,0.0,0.0,0.001606472607611198
crystalline,False,0.375,98.52431212042809,1.475687879571929,0.0,0.0,0.0,0.0016396531995243656
crystalline,False,0.3833333333333333,98.49457362314429,1.5054263768557326,0.0,0.0,0.0,0.0016726959742841474
crystalline,False,0.39166666666666666,98.46495859950443,1.5350414004955908,0.0,0.0,0.0,0.001705601556106212
crystalline,False,0.4,98.4354664906207,1.564533509379322,0.0,0.0,0.0,0.0017383705659770245
crystalline,False,0.4083333333333333,98.40609674049377,1.5939032595062625,0.0,0.0,0.0,0.001771003621673625
crystalline,False,0.4166666666666667,98.37684879599509,1.6231512040049367,0.0,0.0,0.0,0.001803501337783263
crystalline,False,0.425,98.34772210684943,1.6522778931505961,0.0,0.0,0.0,0.0018358643257228846
crystalline,False,0.43333333333333335,98.31871612561739,1.681283874382637,0.0,0.0,0.0,0.0018680931937584855
crystalline,False,0.44166666666666665,98.28983030767814,1.7101696923218839,0.0,0.0,0.0,0.0019001885470243153
crystalline,False,0.45,98.26106411121226,1.7389358887877546,0.0,0.0,0.0,0.0019321509875419496
crystalline,False,0.4583333333333333,98.23241699718473,1.767583002815296,0.0,0.0,0.0,0.0019639811142392175
crystalline,False,0.4666666666666667,98.20388842932793,1.7961115706721003,0.0,0.0,0.0,0.0019956795229690003
crystalline,False,0.475,98.17547787412494,1.8245221258750954,0.0,0.0,0.0,0.002027246806527884
crystalline,False,0.48333333333333334,98.14718480079281,1.8528151992072173,0.0,0.0,0.0,0.002058683554674686
crystalline,False,0.49166666666666664,98.11900868126607,1.88099131873396,0.0,0.0,0.0,0.0020899903541488443
crystalline,False,0.5,98.09094899018022,1.9090510098198077,0.0,0.0,0.0,0.0021211677886886753
crystalline,False,0.5083333333333333,98.06300520485549,1.9369947951445483,0.0,0.0,0.0,0.002152216439049498
crystalline,False,0.5166666666666666,98.03517680528057,1.9648231947194694,0.0,0.0,0.0,0.002183136883021633
crystalline,False,0.525,98.0074632740966,1.9925367259034394,0.0,0.0,0.0,0.002213929695448266
crystalline,False,0.5333333333333333,97.97986409658117,2.0201359034188697,0.0,0.0,0.0,0.0022445954482431885
crystalline,False,0.5416666666666666,97.95237876063247,2.0476212393675692,0.0,0.0,0.0,0.0022751347104084103
crystalline,False,0.55,97.92500675675356,2.0749932432464786,0.0,0.0,0.0,0.002305548048051643
crystalline,False,0.5583333333333333,97.89774757803674,2.102252421963296,0.0,0.0,0.0,0.0023358360244036622
crystalline,False,0.5666666666666667,97.87060072014805,2.129399279851991,0.0,0.0,0.0,0.002365999199835546
crystalline,False,0.575,97.84356568131184,2.156434318688209,0.0,0.0,0.0,0.0023960381318757877
crystalline,False,0.5833333333333334,97.81664196229549,2.183358037704561,0.0,0.0,0.0,0.00242595337522729
crystalline,False,0.5916666666666667,97.78982906639423,2.2101709336058106,0.0,0.0,0.0,0.002455745481784234
crystalline,False,0.6,97.7631264994161,2.236873500583952,0.0,0.0,0.0,0.002485415000648836
crystalline,False,0.6083333333333333,97.73653376966688,2.2634662303331785,0.0,0.0,0.0,0.002514962478147976
crystalline,False,0.6166666666666667,97.7100503879353,2.289949612064747,0.0,0.0,0.0,0.002544388457849719
crystalline,False,0.625,97.68367586747831,2.3163241325217356,0.0,0.0,0.0,0.0025736934805797064
crystalline,False,0.6333333333333333,97.65740972400636,2.3425902759937016,0.0,0.0,0.0,0.002602878084437446
crystalline,False,0.6416666666666666,97.63125147566882,2.368748524331229,0.0,0.0,0.0,0.002631942804812477
crystalline,False,0.65,97.60520064303967,2.394799356960382,0.0,0.0,0.0,0.0026608881744004244
crystalline,False,0.6583333333333333,97.57925674910301,2.4207432508970457,0.0,0.0,0.0,0.0026897147232189398
crystalline,False,0.6666666666666666,97.55341931923887,2.446580680761177,0.0,0.0,0.0,0.00271842297862353
crystalline,False,0.675,97.52768788120909,2.4723121187909523,0.0,0.0,0.0,0.0027470134653232803
crystalline,False,0.6833333333333333,97.50206196514324,2.497938034856807,0.0,0.0,0.0,0.0027754867053964524
crystalline,False,0.6916666666666667,97.47654110352465,2.5234588964753923,0.0,0.0,0.0,0.0028038432183059916
crystalline,False,0.7,97.45112483117663,2.5488751688234212,0.0,0.0,0.0,0.0028320835209149123
crystalline,False,0.7083333333333334,97.42581268524863,2.574187314751424,0.0,0.0,0.0,0.002860208127501582
crystalline,False,0.7166666666666667,97.40060420520265,2.599395794797406,0.0,0.0,0.0,0.0028882175497748955
crystalline,False,0.725,97.37549893279964,2.624501067200412,0.0,0.0,0.0,0.0029161122968893467
crystalline,False,0.7333333333333333,97.35049641208606,2.649503587913992,0.0,0.0,0.0,0.002943892875459991
crystalline,False,0.7416666666666667,97.32559618938048,2.6744038106195784,0.0,0.0,0.0,0.0029715597895773093
crystalline,False,0.75,97.30079781326029,2.6992021867397664,0.0,0.0,0.0,0.0029991135408219626
crystalline,False,0.7583333333333333,97.27610083454856,2.7238991654515043,0.0,0.0,0.0,0.003026554628279449
crystalline,False,0.7666666666666666,97.25150480630087,2.748495193699191,0.0,0.0,0.0,0.003053883548554657
crystalline,False,0.775,97.22700928379237,2.7729907162076843,0.0,0.0,0.0,0.003081100795786316
crystalline,False,0.7833333333333333,97.20261382450485,2.797386175495217,0.0,0.0,0.0,0.003108206861661352
crystalline,False,0.7916666666666666,97.17831798811383,2.821682011886228,0.0,0.0,0.0,0.0031352022354291425
crystalline,False,0.8,97.15412133647597,2.8458786635240996,0.0,0.0,0.0,0.003162087403915666
crystalline,False,0.8083333333333333,97.13002343361626,2.869976566383809,0.0,0.0,0.0,0.0031888628515375655
crystalline,False,0.8166666666666667,97.10602384571557,2.893976154284496,0.0,0.0,0.0,0.0032155290603161067
crystalline,False,0.825,97.08212214109813,2.91787785890194,0.0,0.0,0.0,0.0032420865098910447
crystalline,False,0.8333333333333334,97.05831789021912,2.941682109780953,0.0,0.0,0.0,0.0032685356775343922
crystalline,False,0.8416666666666667,97.03461066565238,2.9653893343476856,0.0,0.0,0.0,0.003294877038164095
crystalline,False,0.85,97.01100004207821,2.988999957921854,0.0,0.0,0.0,0.0033211110643576154
crystalline,False,0.8583333333333333,96.98748559627118,3.012514403728878,0.0,0.0,0.0,0.0033472382263654197
crystalline,False,0.8666666666666667,96.96406690708812,3.035933092911937,0.0,0.0,0.0,0.003373258992124374
crystalline,False,0.875,96.94074355545612,3.0592564445439447,0.0,0.0,0.0,0.0033991738272710495
crystalline,False,0.8833333333333333,96.91751512436062,3.0824848756394454,0.0,0.0,0.0,0.0034249831951549395
crystalline,False,0.8916666666666666,96.89438119883366,3.105618801166421,0.0,0.0,0.0,0.0034506875568515788
crystalline,False,0.9,96.87134136594204,3.1286586340580254,0.0,0.0,0.0,0.0034762873711755835
crystalline,False,0.9083333333333333,96.84839521477583,3.1516047852242353,0.0,0.0,0.0,0.0035017830946935946
crystalline,False,0.9166666666666666,96.82554233643665,3.1744576635634236,0.0,0.0,0.0,0.0035271751817371375
crystalline,False,0.9249999999999999,96.80278232402623,3.197217675973852,0.0,0.0,0.0,0.0035524640844153913
crystalline,False,0.9333333333333333,96.78011477263499,3.219885227365091,0.0,0.0,0.0,0.0035776502526278786
crystalline,False,0.9416666666666667,96.75753927933073,3.242460720669353,0.0,0.0,0.0,0.0036027341340770587
crystalline,False,0.95,96.73505544314732,3.2649445568527606,0.0,0.0,0.0,0.003627716174280845
crystalline,False,0.9583333333333334,96.71266286507355,3.287337134926531,0.0,0.0,0.0,0.003652596816585034
crystalline,False,0.9666666666666667,96.690361148042,3.3096388519580846,0.0,0.0,0.0,0.0036773765021756496
crystalline,False,0.975,96.668149896918,3.3318501030820857,0.0,0.0,0.0,0.0037020556700912066
crystalline,False,0.9833333333333333,96.64602871848868,3.353971281511402,0.0,0.0,0.0,0.003726634757234891
crystalline,False,0.9916666666666667,96.6239972214521,3.3760027785479925,0.0,0.0,0.0,0.0037511141983866585
crystalline,False,1.0,96.60205501640637,3.397944983593723,0.0,0.0,0.0,0.003775494426215248
crystalline,False,1.0083333333333333,96.58020171583897,3.419798284161111,0.0,0.0,0.0,0.0037997758712901234
crystalline,False,1.0166666666666666,96.55843693411609,3.441563065883994,0.0,0.0,0.0,0.003823958962093327
crystalline,False,1.025,96.53676028747195,3.4632397125281305,0.0,0.0,0.0,0.003848044125031256
crystalline,False,1.0333333333333332,96.51517139399836,3.4848286060017273,0.0,0.0,0.0,0.0038720317844463635
crystalline,False,1.0416666666666667,96.49366987363418,3.5063301263658997,0.0,0.0,0.0,0.0038959223626287773
crystalline,False,1.05,96.47225534815502,3.5277446518450586,0.0,0.0,0.0,0.0039197162798278425
crystalline,False,1.0583333333333333,96.45092744116285,3.549072558837231,0.0,0.0,0.0,0.00394341395426359
crystalline,False,1.0666666666666667,96.42968577807576,3.570314221924311,0.0,0.0,0.0,0.003967015802138123
crystalline,False,1.075,96.40852998611783,3.591470013882242,0.0,0.0,0.0,0.003990522237646936
crystalline,False,1.0833333333333333,96.38745969430893,3.6125403056911325,0.0,0.0,0.0,0.004013933672990147
crystalline,False,1.0916666666666666,96.36647453345476,3.633525466545304,0.0,0.0,0.0,0.004037250518383671
crystalline,False,1.1,96.34557413613679,3.654425863863273,0.0,0.0,0.0,0.0040604731820703035
crystalline,False,1.1083333333333334,96.3247581367024,3.675241863297666,0.0,0.0,0.0,0.00408360207033074
crystalline,False,1.1166666666666667,96.30402617125499,3.6959738287450703,0.0,0.0,0.0,0.0041066375874945224
crystalline,False,1.125,96.28337787764424,3.7166221223558207,0.0,0.0,0.0,0.004129580135950912
crystalline,False,1.1333333333333333,96.26281289545635,3.7371871045437164,0.0,0.0,0.0,0.004152430116159685
crystalline,False,1.1416666666666666,96.24233086600438,3.7576691339956816,0.0,0.0,0.0,0.004175187926661868
crystalline,False,1.15,96.22193143231871,3.7780685676813577,0.0,0.0,0.0,0.0041978539640903974
crystalline,False,1.1583333333333332,96.20161423913744,3.798385760862631,0.0,0.0,0.0,0.004220428623180701
crystalline,False,1.1666666666666667,96.18137893289696,3.8186210671031047,0.0,0.0,0.0,0.004242912296781228
crystalline,False,1.175,96.16122516172257,3.8387748382775007,0.0,0.0,0.0,0.00426530537586389
crystalline,False,1.1833333333333333,96.14115257541907,3.8588474245810054,0.0,0.0,0.0,0.0042876082495344504
crystalline,False,1.1916666666666667,96.12116082546152,3.8788391745385544,0.0,0.0,0.0,0.004309821305042838
crystalline,False,1.2,96.10124956498602,3.898750435014051,0.0,0.0,0.0,0.00433194492779339
crystalline,False,1.2083333333333333,96.08141844878054,3.9185815512195323,0.0,0.0,0.0,0.004353979501355036
crystalline,False,1.2166666666666666,96.0616671332758,3.938332866724268,0.0,0.0,0.0,0.004375925407471408
crystalline,False,1.225,96.04199527653627,3.9580047234638074,0.0,0.0,0.0,0.004397783026070897
crystalline,False,1.2333333333333334,96.02240253825111,3.9775974617489607,0.0,0.0,0.0,0.004419552735276623
crystalline,False,1.2416666666666667,96.00288857972535,3.9971114202747264,0.0,0.0,0.0,0.004441234911416363
crystalline,False,1.25,95.98345306387091,4.016546936129161,0.0,0.0,0.0,0.004462829929032401
crystalline,False,1.2583333333333333,95.9640956551979,4.035904344802186,0.0,0.0,0.0,0.0044843381608913185
crystalline,False,1.2666666666666666,95.94481601980573,4.055183980194346,0.0,0.0,0.0,0.004505759977993717
crystalline,False,1.275,95.92561382537458,4.0743861746255,0.0,0.0,0.0,0.004527095749583889
crystalline,False,1.2833333333333332,95.90648874115661,4.093511258843471,0.0,0.0,0.0,0.004548345843159412
crystalline,False,1.2916666666666667,95.88744043796746,4.1125595620326205,0.0,0.0,0.0,0.004569510624480689
crystalline,False,1.3,95.86846858817769,4.131531411822388,0.0,0.0,0.0,0.0045905904575804304
crystalline,False,1.3083333333333333,95.84957286570433,4.150427134295757,0.0,0.0,0.0,0.004611585704773063
crystalline,False,1.3166666666666667,95.8307529460024,4.169247053997686,0.0,0.0,0.0,0.004632496726664095
crystalline,False,1.325,95.81200850605661,4.187991493943462,0.0,0.0,0.0,0.004653323882159403
crystalline,False,1.3333333333333333,95.79333922437306,4.206660775627028,0.0,0.0,0.0,0.004674067528474476
crystalline,False,1.3416666666666666,95.77474478097085,4.225255219029225,0.0,0.0,0.0,0.004694728021143583
crystalline,False,1.35,95.75622485737406,4.243775142626016,0.0,0.0,0.0,0.004715305714028907
crystalline,False,1.3583333333333334,95.73777913660345,4.262220863396626,0.0,0.0,0.0,0.004735800959329585
crystalline,False,1.3666666666666667,95.71940730316842,4.280592696831653,0.0,0.0,0.0,0.004756214107590726
crystalline,False,1.375,95.70110904305896,4.298890956941114,0.0,0.0,0.0,0.004776545507712349
crystalline,False,1.3833333333333333,95.68288404373763,4.317115956262444,0.0,0.0,0.0,0.004796795506958271
crystalline,False,1.3916666666666666,95.66473199413163,4.335268005868444,0.0,0.0,0.0,0.004816964450964937
crystalline,False,1.4,95.64665258462489,4.353347415375182,0.0,0.0,0.0,0.004837052683750202
crystalline,False,1.4083333333333332,95.62864550705024,4.371354492949833,0.0,0.0,0.0,0.004857060547722037
crystalline,False,1.4166666666666667,95.6107104546816,4.389289545318485,0.0,0.0,0.0,0.004876988383687206
crystalline,False,1.425,95.59284712222619,4.40715287777388,0.0,0.0,0.0,0.004896836530859867
crystalline,False,1.4333333333333333,95.57505520581695,4.424944794183117,0.0,0.0,0.0,0.004916605326870129
crystalline,False,1.4416666666666667,95.55733440300477,4.442665596995299,0.0,0.0,0.0,0.004936295107772555
crystalline,False,1.45,95.53968441275093,4.460315587249138,0.0,0.0,0.0,0.004955906208054597
crystalline,False,1.4583333333333333,95.52210493541955,4.477895064580508,0.0,0.0,0.0,0.004975438960645009
crystalline,False,1.4666666666666666,95.50459567277011,4.4954043272299495,0.0,0.0,0.0,0.004994893696922166
crystalline,False,1.475,95.48715632794992,4.512843672050132,0.0,0.0,0.0,0.005014270746722369
crystalline,False,1.4833333333333334,95.46978660548679,4.53021339451326,0.0,0.0,0.0,0.005033570438348066
crystalline,False,1.4916666666666667,95.45248621128161,4.547513788718447,0.0,0.0,0.0,0.005052793098576053
crystalline,False,1.5,95.43525485260102,4.564745147399027,0.0,0.0,0.0,0.005071939052665585
crystalline,False,1.5083333333333333,95.41809223807022,4.5819077619298305,0.0,0.0,0.0,0.005091008624366478
crystalline,False,1.5166666666666666,95.40099807766563,4.599001922334416,0.0,0.0,0.0,0.00511000213592713
crystalline,False,1.525,95.3839720827078,4.6160279172922465,0.0,0.0,0.0,0.005128919908102496
crystalline,False,1.5333333333333332,95.36701396585423,4.63298603414583,0.0,0.0,0.0,0.005147762260162034
crystalline,False,1.5416666666666667,95.35012344109224,4.649876558907814,0.0,0.0,0.0,0.005166529509897572
crystalline,False,1.55,95.33330022373201,4.666699776268032,0.0,0.0,0.0,0.0051852219736311465
crystalline,False,1.5583333333333333,95.31654403039954,4.683455969600507,0.0,0.0,0.0,0.005203839966222786
crystalline,False,1.5666666666666667,95.29985457902961,4.700145420970419,0.0,0.0,0.0,0.005222383801078243
crystalline,False,1.575,95.28323158885902,4.716768411141017,0.0,0.0,0.0,0.005240853790156686
crystalline,False,1.5833333333333333,95.26667478041955,4.733325219580496,0.0,0.0,0.0,0.005259250243978329
crystalline,False,1.5916666666666666,95.2501838755312,4.749816124468829,0.0,0.0,0.0,0.005277573471632033
crystalline,False,1.6,95.23375859729548,4.76624140270456,0.0,0.0,0.0,0.0052958237807828445
crystalline,False,1.6083333333333334,95.2173986700885,4.782601329911547,0.0,0.0,0.0,0.005314001477679496
crystalline,False,1.6166666666666667,95.20110381955438,4.798896180445671,0.0,0.0,0.0,0.005332106867161857
crystalline,False,1.625,95.18487377259855,4.815126227401502,0.0,0.0,0.0,0.005350140252668336
crystalline,False,1.6333333333333333,95.16870825738113,4.831291742618922,0.0,0.0,0.0,0.005368101936243247
crystalline,False,1.6416666666666666,95.15260700331035,4.847392996689706,0.0,0.0,0.0,0.005385992218544118
crystalline,False,1.65,95.13656974103598,4.8634302589640654,0.0,0.0,0.0,0.005403811398848961
crystalline,False,1.6583333333333332,95.1205962024429,4.879403797557152,0.0,0.0,0.0,0.005421559775063502
crystalline,False,1.6666666666666667,95.10468612064453,4.895313879355519,0.0,0.0,0.0,0.005439237643728354
crystalline,False,1.675,95.08883922997651,4.91116077002354,0.0,0.0,0.0,0.005456845300026155
crystalline,False,1.6833333333333333,95.07305526599026,4.926944734009798,0.0,0.0,0.0,0.005474383037788664
crystalline,False,1.6916666666666667,95.05733396544663,4.942666034553427,0.0,0.0,0.0,0.005491851149503808
crystalline,False,1.7,95.04167506630964,4.958324933690414,0.0,0.0,0.0,0.0055092499263226825
crystalline,False,1.7083333333333333,95.02607830774018,4.973921692259872,0.0,0.0,0.0,0.005526579658066525
crystalline,False,1.7166666666666666,95.0105434300898,4.989456569910262,0.0,0.0,0.0,0.005543840633233624
crystalline,False,1.7249999999999999,94.99507017489447,5.004929825105588,0.0,0.0,0.0,0.005561033139006209
crystalline,False,1.7333333333333334,94.9796582848685,5.020341715131547,0.0,0.0,0.0,0.005578157461257275
crystalline,False,1.7416666666666667,94.96430750389841,5.035692496101645,0.0,0.0,0.0,0.005595213884557384
crystalline,False,1.75,94.94901757703678,5.050982422963276,0.0,0.0,0.0,0.005612202692181418
crystalline,False,1.7583333333333333,94.9337882504963,5.066211749503762,0.0,0.0,0.0,0.005629124166115291
crystalline,False,1.7666666666666666,94.9186192716437,5.081380728356356,0.0,0.0,0.0,0.0056459785870626175
crystalline,False,1.775,94.90351038899385,5.0964896110062154,0.0,0.0,0.0,0.00566276623445135
crystalline,False,1.7833333333333332,94.88846135220373,5.111538647796326,0.0,0.0,0.0,0.005679487386440363
crystalline,False,1.7916666666666667,94.87347191206666,5.126528087933407,0.0,0.0,0.0,0.005696142319926007
crystalline,False,1.8,94.8585418205063,5.141458179493762,0.0,0.0,0.0,0.0057127313105486245
crystalline,False,1.8083333333333333,94.84367083057096,5.156329169429111,0.0,0.0,0.0,0.005729254632699013
crystalline,False,1.8166666666666667,94.82885869642769,5.171141303572379,0.0,0.0,0.0,0.005745712559524866
crystalline,False,1.825,94.81410517335661,5.185894826643449,0.0,0.0,0.0,0.005762105362937166
crystalline,False,1.8333333333333333,94.79941001774517,5.200589982254884,0.0,0.0,0.0,0.005778433313616538
crystalline,False,1.8416666666666666,94.78477298708245,5.215227012917611,0.0,0.0,0.0,0.005794696681019567
crystalline,False,1.8499999999999999,94.77019383995349,5.229806160046575,0.0,0.0,0.0,0.0058108957333850835
crystalline,False,1.8583333333333334,94.75567233603371,5.2443276639663585,0.0,0.0,0.0,0.005827030737740399
crystalline,False,1.8666666666666667,94.74120823608331,5.2587917639167605,0.0,0.0,0.0,0.005843101959907512
crystalline,False,1.875,94.72680130194172,5.273198698058352,0.0,0.0,0.0,0.00585910966450928
crystalline,False,1.8833333333333333,94.71245129652208,5.287548703477992,0.0,0.0,0.0,0.0058750541149755475
crystalline,False,1.8916666666666666,94.69815798380574,5.301842016194314,0.0,0.0,0.0,0.0058909355735492375
crystalline,False,1.9,94.68392112883689,5.316078871163173,0.0,0.0,0.0,0.005906754301292414
crystalline,False,1.9083333333333332,94.66974049771699,5.330259502283069,0.0,0.0,0.0,0.0059225105580922996
crystalline,False,1.9166666666666667,94.65561585759953,5.3443841424005365,0.0,0.0,0.0,0.005938204602667263
crystalline,False,1.925,94.64154697668457,5.358453023315493,0.0,0.0,0.0,0.00595383669257277
crystalline,False,1.9333333333333333,94.62753362421348,5.3724663757865665,0.0,0.0,0.0,0.005969407084207296
crystalline,False,1.9416666666666667,94.61357557046367,5.386424429536389,0.0,0.0,0.0,0.00598491603281821
crystalline,False,1.95,94.59967258674321,5.400327413256851,0.0,0.0,0.0,0.006000363792507612
crystalline,False,1.9583333333333333,94.58582444538573,5.414175554614336,0.0,0.0,0.0,0.006015750616238151
crystalline,False,1.9666666666666666,94.57203091974515,5.427969080254917,0.0,0.0,0.0,0.006031076755838797
crystalline,False,1.9749999999999999,94.55829178419053,5.441708215809524,0.0,0.0,0.0,0.006046342462010582
crystalline,False,1.9833333333333334,94.54460681410099,5.455393185899078,0.0,0.0,0.0,0.006061547984332309
crystalline,False,1.9916666666666667,94.53097578586046,5.469024214139602,0.0,0.0,0.0,0.006076693571266225
crystalline,False,2.0,94.51739847685276,5.482601523147296,0.0,0.0,0.0,0.006091779470163663
crystalline,False,2.0083333333333333,94.50387466545648,5.496125334543581,0.0,0.0,0.0,0.006106805927270646
crystalline,False,2.0166666666666666,94.49040413103994,5.509595868960122,0.0,0.0,0.0,0.006121773187733468
crystalline,False,2.025,94.47698665395626,5.523013346043807,0.0,0.0,0.0,0.006136681495604229
crystalline,False,2.033333333333333,94.46362201553835,5.536377984461714,0.0,0.0,0.0,0.006151531093846349
crystalline,False,2.0416666666666665,94.45030999809403,5.549690001906033,0.0,0.0,0.0,0.006166322224340036
crystalline,False,2.05,94.4370503849011,5.56294961509897,0.0,0.0,0.0,0.006181055127887744
crystalline,False,2.058333333333333,94.42384296020245,5.576157039797616,0.0,0.0,0.0,0.006195730044219573
crystalline,False,2.0666666666666664,94.41068750920128,5.589312490798795,0.0,0.0,0.0,0.006210347211998661
crystalline,False,2.075,94.3975838180562,5.602416181943871,0.0,0.0,0.0,0.006224906868826523
crystalline,False,2.0833333333333335,94.38453167387654,5.6154683261235405,0.0,0.0,0.0,0.0062394092512483785
crystalline,False,2.091666666666667,94.37153086471749,5.62846913528259,0.0,0.0,0.0,0.006253854594758434
crystalline,False,2.1,94.35858117957545,5.641418820424625,0.0,0.0,0.0,0.006268243133805139
crystalline,False,2.1083333333333334,94.3456824083833,5.654317591616776,0.0,0.0,0.0,0.006282575101796418
crystalline,False,2.1166666666666667,94.3328343420057,5.6671656579943726,0.0,0.0,0.0,0.006296850731104859
crystalline,False,2.125,94.32003677223447,5.679963227765595,0.0,0.0,0.0,0.006311070253072883
crystalline,False,2.1333333333333333,94.30728949178399,5.692710508216092,0.0,0.0,0.0,0.00632523389801788
crystalline,False,2.1416666666666666,94.29459229428649,5.70540770571358,0.0,0.0,0.0,0.0063393418952373114
crystalline,False,2.15,94.28194497428765,5.71805502571241,0.0,0.0,0.0,0.006353394473013789
crystalline,False,2.158333333333333,94.26934732724196,5.730652672758108,0.0,0.0,0.0,0.00636739185862012
crystalline,False,2.1666666666666665,94.25679914950817,5.743200850491895,0.0,0.0,0.0,0.006381334278324329
crystalline,False,2.175,94.24430023834489,5.755699761655175,0.0,0.0,0.0,0.006395221957394639
crystalline,False,2.183333333333333,94.23185039190608,5.768149608093998,0.0,0.0,0.0,0.0064090551201044415
crystalline,False,2.1916666666666664,94.21944940923659,5.780550590763496,0.0,0.0,0.0,0.006422833989737218
crystalline,False,2.2,94.20709709026778,5.792902909732302,0.0,0.0,0.0,0.006436558788591447
crystalline,False,2.2083333333333335,94.19479323581315,5.8052067641869325,0.0,0.0,0.0,0.006450229737985481
crystalline,False,2.216666666666667,94.18253764756392,5.81746235243615,0.0,0.0,0.0,0.00646384705826239
crystalline,False,2.225,94.17033012808477,5.8296698719153035,0.0,0.0,0.0,0.006477410968794782
crystalline,False,2.2333333333333334,94.15817048080943,5.841829519190637,0.0,0.0,0.0,0.006490921687989597
crystalline,False,2.2416666666666667,94.14605851003648,5.853941489963578,0.0,0.0,0.0,0.0065043794332928645
crystalline,False,2.25,94.13399402092506,5.866005979075,0.0,0.0,0.0,0.006517784421194444
crystalline,False,2.2583333333333333,94.1219768194906,5.878023180509465,0.0,0.0,0.0,0.006531136867232739
crystalline,False,2.2666666666666666,94.11000671260064,5.889993287399431,0.0,0.0,0.0,0.006544436985999368
crystalline,False,2.275,94.09808350797061,5.901916492029449,0.0,0.0,0.0,0.006557684991143832
crystalline,False,2.283333333333333,94.08620701415974,5.913792985840326,0.0,0.0,0.0,0.00657088109537814
crystalline,False,2.2916666666666665,94.07437704056679,5.925622959433268,0.0,0.0,0.0,0.006584025510481408
crystalline,False,2.3,94.06259339742606,5.937406602574,0.0,0.0,0.0,0.006597118447304444
crystalline,False,2.308333333333333,94.0508558958032,5.949144104196861,0.0,0.0,0.0,0.006610160115774291
crystalline,False,2.3166666666666664,94.03916434759118,5.960835652408878,0.0,0.0,0.0,0.006623150724898753
crystalline,False,2.325,94.02751856550624,5.972481434493816,0.0,0.0,0.0,0.0066360904827709065
crystalline,False,2.3333333333333335,94.01591836308387,5.984081636916199,0.0,0.0,0.0,0.006648979596573554
crystalline,False,2.341666666666667,94.00436355467474,5.99563644532532,0.0,0.0,0.0,0.006661818272583689
crystalline,False,2.35,93.99285395544085,6.007146044559221,0.0,0.0,0.0,0.006674606716176912
crystalline,False,2.3583333333333334,93.98138938135142,6.018610618648648,0.0,0.0,0.0,0.006687345131831831
crystalline,False,2.3666666666666667,93.96996964917908,6.030030350820991,0.0,0.0,0.0,0.0067000337231344345
crystalline,False,2.375,93.95859457649587,6.041405423504196,0.0,0.0,0.0,0.00671267269278244
crystalline,False,2.3833333333333333,93.94726398166941,6.052736018330659,0.0,0.0,0.0,0.006725262242589621
crystalline,False,2.3916666666666666,93.93597768385897,6.064022316141094,0.0,0.0,0.0,0.0067378025734901046
crystalline,False,2.4,93.92473550301169,6.075264496988381,0.0,0.0,0.0,0.006750293885542645
crystalline,False,2.408333333333333,93.91353725985867,6.086462740141395,0.0,0.0,0.0,0.006762736377934884
crystalline,False,2.4166666666666665,93.90238277591125,6.097617224088809,0.0,0.0,0.0,0.006775130248987566
crystalline,False,2.425,93.89127187345719,6.108728126542881,0.0,0.0,0.0,0.006787475696158757
crystalline,False,2.433333333333333,93.88020437555684,6.119795624443211,0.0,0.0,0.0,0.006799772916048012
crystalline,False,2.4416666666666664,93.86918010603956,6.130819893960489,0.0,0.0,0.0,0.006812022104400544
crystalline,False,2.45,93.85819888949985,6.1418011105002135,0.0,0.0,0.0,0.006824223456111348
crystalline,False,2.4583333333333335,93.84726055129367,6.152739448706387,0.0,0.0,0.0,0.006836377165229319
crystalline,False,2.466666666666667,93.83636491753485,6.163635082465204,0.0,0.0,0.0,0.006848483424961338
crystalline,False,2.475,93.82551181509136,6.174488184908701,0.0,0.0,0.0,0.006860542427676334
crystalline,False,2.4833333333333334,93.81470107158165,6.185298928418402,0.0,0.0,0.0,0.006872554364909336
crystalline,False,2.4916666666666667,93.80393251537113,6.196067484628931,0.0,0.0,0.0,0.0068845194273654785
crystalline,False,2.5,93.79320597556844,6.206794024431614,0.0,0.0,0.0,0.006896437804924016
crystalline,False,2.5083333333333333,93.782521282022,6.217478717978056,0.0,0.0,0.0,0.006908309686642285
crystalline,False,2.5166666666666666,93.77187826531636,6.228121734683699,0.0,0.0,0.0,0.006920135260759665
crystalline,False,2.525,93.7612767567687,6.238723243231355,0.0,0.0,0.0,0.006931914714701506
crystalline,False,2.533333333333333,93.75071658842532,6.249283411574741,0.0,0.0,0.0,0.006943648235083045
crystalline,False,2.5416666666666665,93.7401975930581,6.259802406941956,0.0,0.0,0.0,0.006955336007713284
crystalline,False,2.55,93.72971960416108,6.270280395838983,0.0,0.0,0.0,0.00696697821759887
crystalline,False,2.558333333333333,93.71928245594692,6.280717544053131,0.0,0.0,0.0,0.006978575048947923
crystalline,False,2.5666666666666664,93.70888598334358,6.29111401665649,0.0,0.0,0.0,0.006990126685173878
crystalline,False,2.575,93.69853002199072,6.30146997800935,0.0,0.0,0.0,0.007001633308899278
crystalline,False,2.5833333333333335,93.68821440823646,6.311785591763601,0.0,0.0,0.0,0.007013095101959557
crystalline,False,2.591666666666667,93.67793897913394,6.322061020866124,0.0,0.0,0.0,0.007024512245406804
crystalline,False,2.6,93.66770357243792,6.3322964275621505,0.0,0.0,0.0,0.0070358849195135
crystalline,False,2.6083333333333334,93.65750802660145,6.342491973398621,0.0,0.0,0.0,0.0070472133037762456
crystalline,False,2.6166666666666667,93.64735218077256,6.3526478192275055,0.0,0.0,0.0,0.007058497576919451
crystalline,False,2.625,93.63723587479095,6.362764125209118,0.0,0.0,0.0,0.00706973791689902
crystalline,False,2.6333333333333333,93.62715894918466,6.372841050815412,0.0,0.0,0.0,0.0070809345009060125
crystalline,False,2.6416666666666666,93.61712124516683,6.382878754833251,0.0,0.0,0.0,0.007092087505370279
crystalline,False,2.65,93.60712260463241,6.392877395367671,0.0,0.0,0.0,0.007103197105964079
crystalline,False,2.658333333333333,93.59716287015495,6.402837129845119,0.0,0.0,0.0,0.0071142634776056885
crystalline,False,2.6666666666666665,93.5872418849834,6.412758115016673,0.0,0.0,0.0,0.00712528679446297
crystalline,False,2.675,93.57735949303883,6.422640506961245,0.0,0.0,0.0,0.007136267229956939
crystalline,False,2.683333333333333,93.5675155389113,6.432484461088773,0.0,0.0,0.0,0.007147204956765303
crystalline,False,2.6916666666666664,93.55770986785669,6.442290132143388,0.0,0.0,0.0,0.007158100146825986
crystalline,False,2.7,93.54794232579351,6.452057674206566,0.0,0.0,0.0,0.007168952971340629
crystalline,False,2.7083333333333335,93.53821275929981,6.461787240700262,0.0,0.0,0.0,0.007179763600778068
crystalline,False,2.716666666666667,93.52852101561004,6.471478984390031,0.0,0.0,0.0,0.007190532204877812
crystalline,False,2.725,93.51886694261195,6.48113305738813,0.0,0.0,0.0,0.007201258952653477
crystalline,False,2.7333333333333334,93.50925038884347,6.4907496111565965,0.0,0.0,0.0,0.007211944012396218
crystalline,False,2.7416666666666667,93.49967120348974,6.500328796510323,0.0,0.0,0.0,0.007222587551678137
crystalline,False,2.75,93.49012923637996,6.509870763620108,0.0,0.0,0.0,0.007233189737355676
crystalline,False,2.7583333333333333,93.48062433798438,6.519375662015682,0.0,0.0,0.0,0.00724375073557298
crystalline,False,2.7666666666666666,93.47115635941132,6.5288436405887404,0.0,0.0,0.0,0.0072542707117652675
crystalline,False,2.775,93.46172515240414,6.538274847595931,0.0,0.0,0.0,0.007264749830662145
crystalline,False,2.783333333333333,93.45233056933822,6.54766943066185,0.0,0.0,0.0,0.007275188256290944
crystalline,False,2.7916666666666665,93.44297246321806,6.557027536782008,0.0,0.0,0.0,0.007285586151980009
crystalline,False,2.8,93.43365068767429,6.566349312325782,0.0,0.0,0.0,0.0072959436803619795
crystalline,False,2.808333333333333,93.4243650969607,6.57563490303936,0.0,0.0,0.0,0.0073062610033770665
crystalline,False,2.8166666666666664,93.41511554595141,6.584884454048654,0.0,0.0,0.0,0.007316538282276283
crystalline,False,2.825,93.40590189013784,6.594098109862217,0.0,0.0,0.0,0.007326775677624685
crystalline,False,2.8333333333333335,93.39672398562594,6.6032760143741225,0.0,0.0,0.0,0.00733697334930458
crystalline,False,2.841666666666667,93.38758168913321,6.61241831086685,0.0,0.0,0.0,0.007347131456518723
crystalline,False,2.85,93.37847485798592,6.621525142014141,0.0,0.0,0.0,0.00735725015779349
crystalline,False,2.8583333333333334,93.36940335011622,6.6305966498838425,0.0,0.0,0.0,0.007367329610982047
crystalline,False,2.8666666666666667,93.36036702405931,6.6396329759407395,0.0,0.0,0.0,0.007377369973267488
crystalline,False,2.875,93.35136573895069,6.648634261049367,0.0,0.0,0.0,0.0073873714011659635
crystalline,False,2.8833333333333333,93.34239935452325,6.657600645476812,0.0,0.0,0.0,0.0073973340505297915
crystalline,False,2.8916666666666666,93.33346773110456,6.666532268895497,0.0,0.0,0.0,0.007407258076550552
crystalline,False,2.9,93.32457072961411,6.6754292703859495,0.0,0.0,0.0,0.007417143633762166
crystalline,False,2.908333333333333,93.3157082115605,6.684291788439556,0.0,0.0,0.0,0.007426990876043951
crystalline,False,2.9166666666666665,93.30688003903875,6.693119960961306,0.0,0.0,0.0,0.0074367999566236735
crystalline,False,2.925,93.29808607472754,6.701913925272516,0.0,0.0,0.0,0.007446571028080573
crystalline,False,2.933333333333333,93.28932618188651,6.710673818113539,0.0,0.0,0.0,0.007456304242348376
crystalline,False,2.9416666666666664,93.28060022435359,6.719399775646463,0.0,0.0,0.0,0.007465999750718292
crystalline,False,2.95,93.27190806654225,6.728091933457798,0.0,0.0,0.0,0.007475657703841998
crystalline,False,2.9583333333333335,93.26324957343891,6.736750426561137,0.0,0.0,0.0,0.007485278251734597
crystalline,False,2.966666666666667,93.25462461060023,6.745375389399817,0.0,0.0,0.0,0.007494861543777575
crystalline,False,2.975,93.2460330441505,6.753966955849556,0.0,0.0,0.0,0.007504407728721729
crystalline,False,2.9833333333333334,93.23747474077896,6.762525259221082,0.0,0.0,0.0,0.0075139169546900916
crystalline,False,2.9916666666666667,93.2289495677373,6.771050432262741,0.0,0.0,0.0,0.007523389369180823
crystalline,False,3.0,93.22045739283693,6.779542607163104,0.0,0.0,0.0,0.007532825119070116
crystalline,False,3.0083333333333333,93.2119980844465,6.788001915553544,0.0,0.0,0.0,0.007542224350615048
crystalline,False,3.0166666666666666,93.20357151148923,6.796428488510814,0.0,0.0,0.0,0.007551587209456459
crystalline,False,3.025,93.19517754344045,6.804822456559601,0.0,0.0,0.0,0.0075609138406217795
crystalline,False,3.033333333333333,93.18681605032498,6.813183949675075,0.0,0.0,0.0,0.0075702043885278614
crystalline,False,3.0416666666666665,93.17848690271464,6.821513097285416,0.0,0.0,0.0,0.007579458996983795
crystalline,False,3.05,93.17018997172572,6.829810028274335,0.0,0.0,0.0,0.007588677809193705
crystalline,False,3.058333333333333,93.16192512901648,6.838074870983578,0.0,0.0,0.0,0.007597860967759532
crystalline,False,3.0666666666666664,93.15369224678464,6.84630775321542,0.0,0.0,0.0,0.0076070086146838006
crystalline,False,3.075,93.14549119776493,6.85450880223514,0.0,0.0,0.0,0.0076161208913723775
crystalline,False,3.0833333333333335,93.13732185522657,6.86267814477349,0.0,0.0,0.0,0.007625197938637211
crystalline,False,3.091666666666667,93.1291840929709,6.870815907029149,0.0,0.0,0.0,0.0076342398966990545
crystalline,False,3.1,93.1210777853289,6.8789222146711575,0.0,0.0,0.0,0.007643246905190175
crystalline,False,3.1083333333333334,93.1130028071587,6.8869971928413545,0.0,0.0,0.0,0.00765221910315706
crystalline,False,3.1166666666666667,93.10495903384327,6.895040966156785,0.0,0.0,0.0,0.007661156629063094
crystalline,False,3.125,93.09694634128796,6.9030536587121025,0.0,0.0,0.0,0.007670059620791225
crystalline,False,3.1333333333333333,93.0889646059181,6.911035394081964,0.0,0.0,0.0,0.007678928215646627
crystalline,False,3.1416666666666666,93.08101370467666,6.918986295323406,0.0,0.0,0.0,0.0076877625503593405
crystalline,False,3.15,93.07309351502187,6.926906484978205,0.0,0.0,0.0,0.007696562761086895
crystalline,False,3.158333333333333,93.06520391492484,6.934796085075235,0.0,0.0,0.0,0.007705328983416928
crystalline,False,3.1666666666666665,93.05734478286726,6.94265521713281,0.0,0.0,0.0,0.007714061352369788
crystalline,False,3.175,93.04951599783907,6.950484002161007,0.0,0.0,0.0,0.007722760002401119
crystalline,False,3.183333333333333,93.04171743933608,6.958282560663986,0.0,0.0,0.0,0.0077314250674044285
crystalline,False,3.1916666666666664,93.03394898735777,6.966051012642295,0.0,0.0,0.0,0.007740056680713661
crystalline,False,3.2,93.02621052240491,6.973789477595164,0.0,0.0,0.0,0.007748654975105738
crystalline,False,3.2083333333333335,93.0185019254773,6.981498074522781,0.0,0.0,0.0,0.00775722008280309
crystalline,False,3.216666666666667,93.01082307807151,6.989176921928565,0.0,0.0,0.0,0.007765752135476183
crystalline,False,3.225,93.00317386217864,6.996826137821426,0.0,0.0,0.0,0.007774251264246029
crystalline,False,3.2333333333333334,92.99555416028207,7.004445839718003,0.0,0.0,0.0,0.00778271759968667
crystalline,False,3.2416666666666667,92.98796385535516,7.012036144644909,0.0,0.0,0.0,0.007791151271827676
crystalline,False,3.25,92.98040283085912,7.019597169140943,0.0,0.0,0.0,0.0077995524101566035
crystalline,False,3.2583333333333333,92.97287097074076,7.027129029259311,0.0,0.0,0.0,0.0078079211436214565
crystalline,False,3.2666666666666666,92.96536815943024,7.034631840569819,0.0,0.0,0.0,0.007816257600633132
crystalline,False,3.275,92.957894281839,7.042105718161067,0.0,0.0,0.0,0.007824561909067853
crystalline,False,3.283333333333333,92.95044922335745,7.049550776642623,0.0,0.0,0.0,0.00783283419626958
crystalline,False,3.2916666666666665,92.94303286985287,7.056967130147195,0.0,0.0,0.0,0.007841074589052439
crystalline,False,3.3,92.9356451076673,7.064354892332777,0.0,0.0,0.0,0.007849283213703085
crystalline,False,3.308333333333333,92.92828582361527,7.0717141763848055,0.0,0.0,0.0,0.007857460195983117
crystalline,False,3.3166666666666664,92.92095490498178,7.079045095018283,0.0,0.0,0.0,0.007865605661131425
crystalline,False,3.3249999999999997,92.91365223952016,7.0863477604799066,0.0,0.0,0.0,0.007873719733866563
crystalline,False,3.3333333333333335,92.90637771544989,7.093622284550177,0.0,0.0,0.0,0.007881802538389085
crystalline,False,3.341666666666667,92.89913122145457,7.100868778545502,0.0,0.0,0.0,0.007889854198383891
crystalline,False,3.35,92.89191264667978,7.108087353320284,0.0,0.0,0.0,0.007897874837022539
crystalline,False,3.3583333333333334,92.88472188073106,7.115278119269004,0.0,0.0,0.0,0.00790586457696556
crystalline,False,3.3666666666666667,92.87755881367178,7.122441186328287,0.0,0.0,0.0,0.007913823540364764
crystalline,False,3.375,92.8704233360211,7.129576663978963,0.0,0.0,0.0,0.007921751848865514
crystalline,False,3.3833333333333333,92.86331533875196,7.136684661248113,0.0,0.0,0.0,0.007929649623609014
crystalline,False,3.3916666666666666,92.85623471328896,7.143765286711113,0.0,0.0,0.0,0.00793751698523457
crystalline,False,3.4,92.84918135150642,7.150818648493653,0.0,0.0,0.0,0.007945354053881836
crystalline,False,3.408333333333333,92.84215514572631,7.157844854273761,0.0,0.0,0.0,0.007953160949193067
crystalline,False,3.4166666666666665,92.83515598871627,7.164844011283809,0.0,0.0,0.0,0.007960937790315344
crystalline,False,3.425,92.82818377368756,7.171816226312509,0.0,0.0,0.0,0.007968684695902787
crystalline,False,3.433333333333333,92.82123839429318,7.178761605706899,0.0,0.0,0.0,0.007976401784118776
crystalline,False,3.4416666666666664,92.81431974462575,7.185680255374322,0.0,0.0,0.0,0.007984089172638136
crystalline,False,3.4499999999999997,92.80742771921568,7.192572280784395,0.0,0.0,0.0,0.007991746978649327
crystalline,False,3.4583333333333335,92.80056221302911,7.199437786970963,0.0,0.0,0.0,0.007999375318856625
crystalline,False,3.466666666666667,92.79372312146603,7.206276878534044,0.0,0.0,0.0,0.008006974309482271
crystalline,False,3.475,92.78691034035829,7.213089659641772,0.0,0.0,0.0,0.008014544066268637
crystalline,False,3.4833333333333334,92.78012376596773,7.219876234032326,0.0,0.0,0.0,0.008022084704480362
crystalline,False,3.4916666666666667,92.77336329498422,7.2266367050158395,0.0,0.0,0.0,0.008029596338906488
crystalline,False,3.5,92.76662882452375,7.233371175476317,0.0,0.0,0.0,0.008037079083862574
crystalline,False,3.5083333333333333,92.75992025212653,7.240079747873532,0.0,0.0,0.0,0.008044533053192813
crystalline,False,3.5166666666666666,92.75323747575516,7.246762524244911,0.0,0.0,0.0,0.008051958360272123
crystalline,False,3.525,92.74658039379264,7.253419606207421,0.0,0.0,0.0,0.008059355118008246
crystalline,False,3.533333333333333,92.73994890504062,7.260051094959437,0.0,0.0,0.0,0.008066723438843819
crystalline,False,3.5416666666666665,92.73334290871746,7.2666570912826,0.0,0.0,0.0,0.008074063434758444
crystalline,False,3.55,92.72676230445639,7.273237695543674,0.0,0.0,0.0,0.008081375217270748
crystalline,False,3.558333333333333,92.72020699230367,7.279793007696388,0.0,0.0,0.0,0.008088658897440431
crystalline,False,3.5666666666666664,92.71367687271679,7.286323127283269,0.0,0.0,0.0,0.0080959145858703
crystalline,False,3.5749999999999997,92.7071718465626,7.292828153437462,0.0,0.0,0.0,0.00810314239270829
crystalline,False,3.5833333333333335,92.7006918151155,7.299308184884556,0.0,0.0,0.0,0.008110342427649506
crystalline,False,3.591666666666667,92.69423668005568,7.305763319944379,0.0,0.0,0.0,0.008117514799938198
crystalline,False,3.6,92.68780634346726,7.312193656532803,0.0,0.0,0.0,0.008124659618369782
crystalline,False,3.6083333333333334,92.68140070783653,7.318599292163529,0.0,0.0,0.0,0.00813177699129281
crystalline,False,3.6166666666666667,92.67501967605018,7.324980323949869,0.0,0.0,0.0,0.008138867026610964
crystalline,False,3.625,92.66866315139355,7.331336848606515,0.0,0.0,0.0,0.008145929831785017
crystalline,False,3.6333333333333333,92.66233103754875,7.337668962451302,0.0,0.0,0.0,0.00815296551383478
crystalline,False,3.6416666666666666,92.6560232385931,7.343976761406961,0.0,0.0,0.0,0.008159974179341068
crystalline,False,3.65,92.64973965899719,7.350260341002865,0.0,0.0,0.0,0.008166955934447627
crystalline,False,3.658333333333333,92.6434802036233,7.356519796376761,0.0,0.0,0.0,0.008173910884863068
crystalline,False,3.6666666666666665,92.63724477772355,7.362755222276505,0.0,0.0,0.0,0.008180839135862783
crystalline,False,3.675,92.63103328693829,7.368966713061773,0.0,0.0,0.0,0.008187740792290859
crystalline,False,3.683333333333333,92.62484563729429,7.375154362705778,0.0,0.0,0.0,0.008194615958561975
crystalline,False,3.6916666666666664,92.6186817352031,7.381318264796965,0.0,0.0,0.0,0.008201464738663294
crystalline,False,3.6999999999999997,92.61254148745934,7.387458512540715,0.0,0.0,0.0,0.00820828723615635
crystalline,False,3.7083333333333335,92.60642480123903,7.39357519876102,0.0,0.0,0.0,0.00821508355417891
crystalline,False,3.716666666666667,92.60033158409789,7.399668415902166,0.0,0.0,0.0,0.008221853795446852
crystalline,False,3.725,92.59426174396965,7.405738256030401,0.0,0.0,0.0,0.008228598062256
crystalline,False,3.7333333333333334,92.58821518916446,7.411784810835593,0.0,0.0,0.0,0.008235316456483992
crystalline,False,3.7416666666666667,92.58219182836716,7.417808171632889,0.0,0.0,0.0,0.008242009079592098
crystalline,False,3.75,92.57619157063569,7.423808429364352,0.0,0.0,0.0,0.008248676032627057
crystalline,False,3.7583333333333333,92.57021432539943,7.429785674600603,0.0,0.0,0.0,0.008255317416222893
crystalline,False,3.7666666666666666,92.5642600024576,7.435739997542444,0.0,0.0,0.0,0.008261933330602716
crystalline,False,3.775,92.55832851197755,7.441671488022486,0.0,0.0,0.0,0.00826852387558054
crystalline,False,3.783333333333333,92.5524197644933,7.447580235506753,0.0,0.0,0.0,0.00827508915056306
crystalline,False,3.7916666666666665,92.54653367090376,7.453466329096297,0.0,0.0,0.0,0.008281629254551441
crystalline,False,3.8,92.54067014247127,7.459329857528781,0.0,0.0,0.0,0.00828814428614309
crystalline,False,3.808333333333333,92.53482909081995,7.465170909180084,0.0,0.0,0.0,0.008294634343533426
crystalline,False,3.8166666666666664,92.52901042793418,7.470989572065868,0.0,0.0,0.0,0.008301099524517632
crystalline,False,3.8249999999999997,92.52321406615688,7.4767859338431615,0.0,0.0,0.0,0.008307539926492401
crystalline,False,3.8333333333333335,92.51743991818813,7.482560081811922,0.0,0.0,0.0,0.00831395564645769
crystalline,False,3.841666666666667,92.51168789708346,7.488312102916593,0.0,0.0,0.0,0.008320346781018437
crystalline,False,3.85,92.50595791625238,7.494042083747657,0.0,0.0,0.0,0.008326713426386285
crystalline,False,3.8583333333333334,92.50024988945687,7.499750110543179,0.0,0.0,0.0,0.00833305567838131
crystalline,False,3.8666666666666667,92.4945637308097,7.505436269190339,0.0,0.0,0.0,0.00833937363243371
crystalline,False,3.875,92.48889935477307,7.511100645226966,0.0,0.0,0.0,0.008345667383585519
crystalline,False,3.8833333333333333,92.48325667615698,7.5167433238430545,0.0,0.0,0.0,0.008351937026492283
crystalline,False,3.8916666666666666,92.47763561011776,7.522364389882278,0.0,0.0,0.0,0.008358182655424753
crystalline,False,3.9,92.47203607215654,7.5279639278434995,0.0,0.0,0.0,0.008364404364270555
crystalline,False,3.908333333333333,92.46645797811777,7.5335420218822655,0.0,0.0,0.0,0.00837060224653585
crystalline,False,3.9166666666666665,92.46090124418774,7.539098755812302,0.0,0.0,0.0,0.008376776395347002
crystalline,False,3.925,92.45536578689304,7.5446342131069954,0.0,0.0,0.0,0.008382926903452216
crystalline,False,3.933333333333333,92.44985152309917,7.550148476900874,0.0,0.0,0.0,0.008389053863223193
crystalline,False,3.9416666666666664,92.44435837000897,7.555641629991075,0.0,0.0,0.0,0.00839515736665675
crystalline,False,3.9499999999999997,92.43888624516124,7.561113754838808,0.0,0.0,0.0,0.008401237505376453
crystalline,False,3.9583333333333335,92.43343506642923,7.566564933570814,0.0,0.0,0.0,0.008407294370634238
crystalline,False,3.966666666666667,92.42800475201923,7.571995247980812,0.0,0.0,0.0,0.008413328053312014
crystalline,False,3.975,92.4225952204691,7.577404779530942,0.0,0.0,0.0,0.008419338643923269
crystalline,False,3.9833333333333334,92.41720639064684,7.582793609353199,0.0,0.0,0.0,0.008425326232614666
crystalline,False,3.9916666666666667,92.41183818174918,7.588161818250866,0.0,0.0,0.0,0.00843129090916763
crystalline,False,4.0,92.40649051330011,7.593509486699929,0.0,0.0,0.0,0.008437232762999921
crystalline,False,4.008333333333333,92.40116330514954,7.598836694850498,0.0,0.0,0.0,0.008443151883167221
crystalline,False,4.016666666666667,92.39585647747182,7.604143522528212,0.0,0.0,0.0,0.00844904835836468
crystalline,False,4.025,92.3905699507644,7.609430049235638,0.0,0.0,0.0,0.008454922276928487
crystalline,False,4.033333333333333,92.38530364584636,7.61469635415367,0.0,0.0,0.0,0.008460773726837411
crystalline,False,4.041666666666667,92.38005748385713,7.619942516142916,0.0,0.0,0.0,0.00846660279571435
crystalline,False,4.05,92.37483138625497,7.6251686137450765,0.0,0.0,0.0,0.008472409570827863
crystalline,False,4.058333333333334,92.36962527481572,7.630374725184323,0.0,0.0,0.0,0.008478194139093693
crystalline,False,4.066666666666666,92.36443907163138,7.635560928368661,0.0,0.0,0.0,0.00848395658707629
crystalline,False,4.075,92.35927269910874,7.640727300891299,0.0,0.0,0.0,0.008489697000990332
crystalline,False,4.083333333333333,92.35412607996804,7.645873920031997,0.0,0.0,0.0,0.00849541546670222
crystalline,False,4.091666666666667,92.34899913724162,7.651000862758419,0.0,0.0,0.0,0.008501112069731576
crystalline,False,4.1,92.34389179427257,7.656108205727473,0.0,0.0,0.0,0.008506786895252747
crystalline,False,4.108333333333333,92.3388039747134,7.661196025286649,0.0,0.0,0.0,0.008512440028096277
crystalline,False,4.116666666666666,92.3337356025247,7.666264397475346,0.0,0.0,0.0,0.008518071552750384
crystalline,False,4.125,92.32868660197384,7.671313398026201,0.0,0.0,0.0,0.008523681553362446
crystalline,False,4.133333333333333,92.32365689763365,7.676343102366396,0.0,0.0,0.0,0.008529270113740441
crystalline,False,4.141666666666667,92.31864641438106,7.6813535856189805,0.0,0.0,0.0,0.008534837317354422
crystalline,False,4.15,92.31365507739588,7.686344922604166,0.0,0.0,0.0,0.008540383247337961
crystalline,False,4.158333333333333,92.30868281215942,7.691317187840629,0.0,0.0,0.0,0.008545907986489588
crystalline,False,4.166666666666667,92.30372954445325,7.696270455546807,0.0,0.0,0.0,0.00855141161727423
crystalline,False,4.175,92.29879520035787,7.701204799642174,0.0,0.0,0.0,0.008556894221824637
crystalline,False,4.183333333333334,92.29387970625152,7.706120293748534,0.0,0.0,0.0,0.008562355881942816
crystalline,False,4.191666666666666,92.28898298880877,7.7110170111912835,0.0,0.0,0.0,0.008567796679101427
crystalline,False,4.2,92.28410497499937,7.715895025000686,0.0,0.0,0.0,0.008573216694445206
crystalline,False,4.208333333333333,92.27924559208692,7.72075440791313,0.0,0.0,0.0,0.008578616008792367
crystalline,False,4.216666666666667,92.27440476762766,7.725595232372391,0.0,0.0,0.0,0.00858399470263599
crystalline,False,4.225,92.26958242946918,7.730417570530874,0.0,0.0,0.0,0.008589352856145416
crystalline,False,4.233333333333333,92.26477850574919,7.735221494250866,0.0,0.0,0.0,0.008594690549167628
crystalline,False,4.241666666666666,92.25999292489429,7.740007075105767,0.0,0.0,0.0,0.00860000786122863
crystalline,False,4.25,92.25522561561873,7.744774384381328,0.0,0.0,0.0,0.008605304871534809
crystalline,False,4.258333333333333,92.25047650692319,7.7495234930768735,0.0,0.0,0.0,0.008610581658974303
crystalline,False,4.266666666666667,92.24574552809354,7.754254471906527,0.0,0.0,0.0,0.008615838302118362
crystalline,False,4.275,92.24103260869963,7.758967391300423,0.0,0.0,0.0,0.008621074879222692
crystalline,False,4.283333333333333,92.23633767859414,7.76366232140592,0.0,0.0,0.0,0.008626291468228799
crystalline,False,4.291666666666667,92.23166066791126,7.7683393320888,0.0,0.0,0.0,0.008631488146765334
crystalline,False,4.3,92.2270015070656,7.77299849293447,0.0,0.0,0.0,0.008636664992149412
crystalline,False,4.308333333333334,92.2223601267509,7.777639873249157,0.0,0.0,0.0,0.008641822081387952
crystalline,False,4.316666666666666,92.21773645793897,7.782263542061087,0.0,0.0,0.0,0.008646959491178986
crystalline,False,4.325,92.21313043187838,7.786869568121678,0.0,0.0,0.0,0.008652077297912975
crystalline,False,4.333333333333333,92.20854198009336,7.791458019906706,0.0,0.0,0.0,0.008657175577674118
crystalline,False,4.341666666666667,92.20397103438258,7.796028965617482,0.0,0.0,0.0,0.008662254406241646
crystalline,False,4.35,92.19941752681805,7.800582473182014,0.0,0.0,0.0,0.008667313859091126
crystalline,False,4.358333333333333,92.1948813897439,7.805118610256169,0.0,0.0,0.0,0.008672354011395744
crystalline,False,4.366666666666666,92.19036255577525,7.809637444224826,0.0,0.0,0.0,0.008677374938027584
crystalline,False,4.375,92.18586095779705,7.814139042203025,0.0,0.0,0.0,0.008682376713558917
crystalline,False,4.383333333333333,92.18137652896296,7.818623471037111,0.0,0.0,0.0,0.008687359412263456
crystalline,False,4.391666666666667,92.1769092026942,7.823090797305874,0.0,0.0,0.0,0.008692323108117638
crystalline,False,4.4,92.1724589126784,7.827541087321678,0.0,0.0,0.0,0.008697267874801864
crystalline,False,4.408333333333333,92.16802559286849,7.831974407131592,0.0,0.0,0.0,0.00870219378570177
crystalline,False,4.416666666666667,92.16360917748156,7.836390822518514,0.0,0.0,0.0,0.00870710091390946
crystalline,False,4.425,92.15920960099778,7.840790399002284,0.0,0.0,0.0,0.00871198933222476
crystalline,False,4.433333333333334,92.15482679815928,7.845173201840799,0.0,0.0,0.0,0.008716859113156443
crystalline,False,4.441666666666666,92.15046070396896,7.84953929603112,0.0,0.0,0.0,0.008721710328923465
crystalline,False,4.45,92.1461112536895,7.853888746310573,0.0,0.0,0.0,0.008726543051456192
crystalline,False,4.458333333333333,92.14177838284222,7.858221617157848,0.0,0.0,0.0,0.008731357352397608
crystalline,False,4.466666666666667,92.13746202720598,7.8625379727940885,0.0,0.0,0.0,0.008736153303104543
crystalline,False,4.475,92.13316212281609,7.866837877183977,0.0,0.0,0.0,0.008740930974648864
crystalline,False,4.483333333333333,92.12887860596325,7.871121394036821,0.0,0.0,0.0,0.00874569043781869
crystalline,False,4.491666666666666,92.12461141319244,7.875388586807627,0.0,0.0,0.0,0.008750431763119586
crystalline,False,4.5,92.1203604813019,7.879639518698173,0.0,0.0,0.0,0.008755155020775748
crystalline,False,4.508333333333333,92.116125747342,7.883874252658074,0.0,0.0,0.0,0.008759860280731193
crystalline,False,4.516666666666667,92.11190714861422,7.888092851385845,0.0,0.0,0.0,0.008764547612650938
crystalline,False,4.525,92.1077046226701,7.892295377329959,0.0,0.0,0.0,0.008769217085922177
crystalline,False,4.533333333333333,92.10351810731017,7.8964818926898985,0.0,0.0,0.0,0.008773868769655442
crystalline,False,4.541666666666667,92.09934754058285,7.900652459417202,0.0,0.0,0.0,0.00877850273268578
crystalline,False,4.55,92.09519286078356,7.904807139216508,0.0,0.0,0.0,0.008783119043573897
crystalline,False,4.558333333333334,92.09105400645348,7.908945993546589,0.0,0.0,0.0,0.008787717770607321
crystalline,False,4.566666666666666,92.08693091637866,7.913069083621392,0.0,0.0,0.0,0.008792298981801547
crystalline,False,4.575,92.08282352958899,7.917176470411059,0.0,0.0,0.0,0.008796862744901176
crystalline,False,4.583333333333333,92.0787317853571,7.9212682146429545,0.0,0.0,0.0,0.00880140912738106
crystalline,False,4.591666666666667,92.07465562319737,7.925344376802686,0.0,0.0,0.0,0.008805938196447429
crystalline,False,4.6,92.07059498286495,7.929405017135111,0.0,0.0,0.0,0.008810450019039013
crystalline,False,4.608333333333333,92.06654980435471,7.933450195645357,0.0,0.0,0.0,0.008814944661828176
crystalline,False,4.616666666666666,92.06252002790023,7.937479972099817,0.0,0.0,0.0,0.00881942219122202
crystalline,False,4.625,92.0585055939729,7.941494406027157,0.0,0.0,0.0,0.008823882673363509
crystalline,False,4.633333333333333,92.05450644328074,7.945493556719306,0.0,0.0,0.0,0.008828326174132562
crystalline,False,4.641666666666667,92.0505225167676,7.94947748323245,0.0,0.0,0.0,0.008832752759147166
crystalline,False,4.65,92.04655375561204,7.953446244388021,0.0,0.0,0.0,0.008837162493764468
crystalline,False,4.658333333333333,92.04260010122638,7.957399898773676,0.0,0.0,0.0,0.008841555443081862
crystalline,False,4.666666666666667,92.03866149525578,7.961338504744273,0.0,0.0,0.0,0.008845931671938081
crystalline,False,4.675,92.03473787957721,7.96526212042285,0.0,0.0,0.0,0.008850291244914278
crystalline,False,4.683333333333334,92.03082919629847,7.969170803701593,0.0,0.0,0.0,0.008854634226335104
crystalline,False,4.691666666666666,92.02693538775726,7.973064612242793,0.0,0.0,0.0,0.00885896068026977
crystalline,False,4.7,92.02305639652023,7.976943603479816,0.0,0.0,0.0,0.008863270670533129
crystalline,False,4.708333333333333,92.019192165382,7.980807834618052,0.0,0.0,0.0,0.008867564260686725
crystalline,False,4.716666666666667,92.01534263736418,7.984657362635871,0.0,0.0,0.0,0.008871841514039856
crystalline,False,4.725,92.01150775571448,7.988492244285565,0.0,0.0,0.0,0.008876102493650628
crystalline,False,4.733333333333333,92.00768746390575,7.992312536094296,0.0,0.0,0.0,0.008880347262326995
crystalline,False,4.741666666666666,92.00388170563501,7.996118294365031,0.0,0.0,0.0,0.008884575882627812
crystalline,False,4.75,92.00009042482256,7.99990957517748,0.0,0.0,0.0,0.008888788416863866
crystalline,False,4.758333333333333,91.99631356561103,8.00368643438902,0.0,0.0,0.0,0.008892984927098913
crystalline,False,4.766666666666667,91.99255107236442,8.007448927635629,0.0,0.0,0.0,0.008897165475150699
crystalline,False,4.775,91.98880288966726,8.011197110332796,0.0,0.0,0.0,0.008901330122591996
crystalline,False,4.783333333333333,91.9850689623236,8.014931037676455,0.0,0.0,0.0,0.008905478930751616
crystalline,False,4.791666666666667,91.98134923535618,8.018650764643883,0.0,0.0,0.0,0.008909611960715425
crystalline,False,4.8,91.97764365400543,8.022356345994616,0.0,0.0,0.0,0.00891372927332735
crystalline,False,4.808333333333334,91.9739521637287,8.026047836271356,0.0,0.0,0.0,0.008917830929190396
crystalline,False,4.816666666666666,91.97027471019919,8.029725289800867,0.0,0.0,0.0,0.00892191698866763
crystalline,False,4.825,91.96661123930518,8.033388760694875,0.0,0.0,0.0,0.008925987511883194
crystalline,False,4.833333333333333,91.9629616971491,8.037038302850963,0.0,0.0,0.0,0.008930042558723292
crystalline,False,4.841666666666667,91.9593260300466,8.040673969953456,0.0,0.0,0.0,0.008934082188837173
crystalline,False,4.85,91.95570418452574,8.044295815474308,0.0,0.0,0.0,0.008938106461638121
crystalline,False,4.858333333333333,91.95209610732607,8.04790389267398,0.0,0.0,0.0,0.008942115436304424
crystalline,False,4.866666666666666,91.94850174539773,8.051498254602324,0.0,0.0,0.0,0.00894610917178036
crystalline,False,4.875,91.94492104590061,8.055078954099447,0.0,0.0,0.0,0.008950087726777163
crystalline,False,4.883333333333333,91.94135395620347,8.058646043796589,0.0,0.0,0.0,0.008954051159773989
crystalline,False,4.891666666666667,91.93780042388308,8.062199576116981,0.0,0.0,0.0,0.008957999529018868
crystalline,False,4.9,91.93426039672335,8.065739603276715,0.0,0.0,0.0,0.008961932892529683
crystalline,False,4.908333333333333,91.93073382271446,8.069266177285588,0.0,0.0,0.0,0.008965851308095098
crystalline,False,4.916666666666667,91.92722065005208,8.07277934994797,0.0,0.0,0.0,0.008969754833275521
crystalline,False,4.925,91.9237208271364,8.076279172863645,0.0,0.0,0.0,0.00897364352540405
crystalline,False,4.933333333333334,91.92023430257139,8.07976569742866,0.0,0.0,0.0,0.008977517441587401
crystalline,False,4.941666666666666,91.91676102516388,8.083238974836169,0.0,0.0,0.0,0.008981376638706854
crystalline,False,4.95,91.91330094392278,8.086699056077268,0.0,0.0,0.0,0.008985221173419187
crystalline,False,4.958333333333333,91.90985400805822,8.090145991941831,0.0,0.0,0.0,0.008989051102157591
crystalline,False,4.966666666666667,91.9064201669807,8.093579833019346,0.0,0.0,0.0,0.008992866481132606
crystalline,False,4.975,91.90299937030031,8.097000629699728,0.0,0.0,0.0,0.008996667366333031
crystalline,False,4.983333333333333,91.89959156782588,8.100408432174163,0.0,0.0,0.0,0.009000453813526849
crystalline,False,4.991666666666666,91.89619670956412,8.103803290435915,0.0,0.0,0.0,0.009004225878262127
crystalline,False,5.0,91.8928147457189,8.107185254281138,0.0,0.0,0.0,0.00900798361586793
crystalline,False,5.008333333333333,91.88944562669033,8.110554373309705,0.0,0.0,0.0,0.009011727081455229
crystalline,False,5.016666666666667,91.88608930307403,8.113910696926006,0.0,0.0,0.0,0.009015456329917784
crystalline,False,5.025,91.88274572566029,8.11725427433975,0.0,0.0,0.0,0.009019171415933055
crystalline,False,5.033333333333333,91.87941484543326,8.120585154566776,0.0,0.0,0.0,0.009022872393963084
crystalline,False,5.041666666666667,91.87609661357018,8.12390338642985,0.0,0.0,0.0,0.009026559318255389
crystalline,False,5.05,91.87279098144057,8.127209018559451,0.0,0.0,0.0,0.009030232242843834
crystalline,False,5.058333333333334,91.86949790060545,8.130502099394576,0.0,0.0,0.0,0.00903389122154953
crystalline,False,5.066666666666666,91.86621732281651,8.133782677183516,0.0,0.0,0.0,0.009037536307981684
crystalline,False,5.075,91.86294920001538,8.137050799984646,0.0,0.0,0.0,0.009041167555538495
crystalline,False,5.083333333333333,91.85969348433282,8.140306515667204,0.0,0.0,0.0,0.009044785017408003
crystalline,False,5.091666666666667,91.85645012808797,8.143549871912072,0.0,0.0,0.0,0.009048388746568969
crystalline,False,5.1,91.8532190837875,8.146780916212542,0.0,0.0,0.0,0.009051978795791712
crystalline,False,5.108333333333333,91.85000030412493,8.149999695875099,0.0,0.0,0.0,0.009055555217638999
crystalline,False,5.116666666666666,91.84679374197987,8.153206258020173,0.0,0.0,0.0,0.009059118064466859
crystalline,False,5.125,91.84359935041712,8.156400649582917,0.0,0.0,0.0,0.009062667388425464
crystalline,False,5.133333333333333,91.84041708268607,8.159582917313953,0.0,0.0,0.0,0.009066203241459948
crystalline,False,5.141666666666667,91.8372468922199,8.162753107780146,0.0,0.0,0.0,0.009069725675311273
crystalline,False,5.15,91.8340887326347,8.165911267365342,0.0,0.0,0.0,0.009073234741517047
crystalline,False,5.158333333333333,91.8309425577289,8.169057442271125,0.0,0.0,0.0,0.00907673049141236
crystalline,False,5.166666666666667,91.82780832148246,8.172191678517567,0.0,0.0,0.0,0.00908021297613063
crystalline,False,5.175,91.82468597805607,8.175314021943967,0.0,0.0,0.0,0.009083682246604408
crystalline,False,5.183333333333334,91.82157548179045,8.17842451820959,0.0,0.0,0.0,0.00908713835356621
crystalline,False,5.191666666666666,91.81847678720561,8.181523212794415,0.0,0.0,0.0,0.00909058134754935
crystalline,False,5.2,91.81538984900018,8.184610150999852,0.0,0.0,0.0,0.009094011278888724
crystalline,False,5.208333333333333,91.81231462205055,8.187685377949485,0.0,0.0,0.0,0.009097428197721651
crystalline,False,5.216666666666667,91.80925106141024,8.1907489385898,0.0,0.0,0.0,0.009100832153988667
crystalline,False,5.225,91.80619912230912,8.193800877690903,0.0,0.0,0.0,0.009104223197434336
crystalline,False,5.233333333333333,91.80315876015278,8.196841239847242,0.0,0.0,0.0,0.009107601377608047
crystalline,False,5.241666666666666,91.8001299305217,8.199870069478331,0.0,0.0,0.0,0.009110966743864813
crystalline,False,5.25,91.79711258917058,8.202887410829456,0.0,0.0,0.0,0.009114319345366063
crystalline,False,5.258333333333333,91.79410669202764,8.205893307972397,0.0,0.0,0.0,0.009117659231080441
crystalline,False,5.266666666666667,91.79111219519392,8.208887804806125,0.0,0.0,0.0,0.009120986449784582
crystalline,False,5.275,91.78812905494253,8.211870945057518,0.0,0.0,0.0,0.00912430105006391
crystalline,False,5.283333333333333,91.78515722771799,8.214842772282056,0.0,0.0,0.0,0.009127603080313396
crystalline,False,5.291666666666667,91.78219667013552,8.217803329864527,0.0,0.0,0.0,0.009130892588738363
crystalline,False,5.3,91.77924733898034,8.220752661019715,0.0,0.0,0.0,0.009134169623355238
crystalline,False,5.308333333333334,91.77630919120696,8.2236908087931,0.0,0.0,0.0,0.009137434231992333
crystalline,False,5.316666666666666,91.77338218393851,8.226617816061546,0.0,0.0,0.0,0.009140686462290607
crystalline,False,5.325,91.77046627446607,8.229533725533987,0.0,0.0,0.0,0.00914392636170443
crystalline,False,5.333333333333333,91.76756142024794,8.232438579752113,0.0,0.0,0.0,0.009147153977502348
crystalline,False,5.341666666666667,91.76466757890901,8.235332421091053,0.0,0.0,0.0,0.009150369356767838
crystalline,False,5.35,91.76178470824001,8.238215291760044,0.0,0.0,0.0,0.009153572546400049
crystalline,False,5.358333333333333,91.75891276619694,8.241087233803121,0.0,0.0,0.0,0.009156763593114578
crystalline,False,5.366666666666666,91.75605171090028,8.243948289099777,0.0,0.0,0.0,0.009159942543444197
crystalline,False,5.375,91.75320150063442,8.246798499365637,0.0,0.0,0.0,0.009163109443739596
crystalline,False,5.383333333333333,91.75036209384693,8.249637906153124,0.0,0.0,0.0,0.009166264340170137
crystalline,False,5.391666666666667,91.74753344914792,8.252466550852127,0.0,0.0,0.0,0.009169407278724586
crystalline,False,5.4,91.7447155253094,8.255284474690649,0.0,0.0,0.0,0.009172538305211832
crystalline,False,5.408333333333333,91.74190828126457,8.258091718735482,0.0,0.0,0.0,0.009175657465261647
crystalline,False,5.416666666666667,91.7391116761072,8.260888323892852,0.0,0.0,0.0,0.00917876480432539
crystalline,False,5.425,91.73632566909099,8.263674330909065,0.0,0.0,0.0,0.00918186036767674
crystalline,False,5.433333333333334,91.73355021962888,8.266449780371175,0.0,0.0,0.0,0.009184944200412416
crystalline,False,5.441666666666666,91.73078528729243,8.269214712707614,0.0,0.0,0.0,0.009188016347452903
crystalline,False,5.45,91.72803083181121,8.271969168188837,0.0,0.0,0.0,0.009191076853543152
crystalline,False,5.458333333333333,91.72528681307207,8.274713186927974,0.0,0.0,0.0,0.009194125763253303
crystalline,False,5.466666666666667,91.72255319111859,8.277446808881459,0.0,0.0,0.0,0.0091971631209794
crystalline,False,5.475,91.7198299261504,8.280170073849664,0.0,0.0,0.0,0.009200188970944071
crystalline,False,5.483333333333333,91.71711697852251,8.282883021477543,0.0,0.0,0.0,0.00920320335719727
crystalline,False,5.491666666666666,91.71441430874481,8.285585691255244,0.0,0.0,0.0,0.009206206323616939
crystalline,False,5.5,91.7117218774813,8.288278122518756,0.0,0.0,0.0,0.00920919791390973
crystalline,False,5.508333333333333,91.70903964554954,8.290960354450515,0.0,0.0,0.0,0.009212178171611683
crystalline,False,5.516666666666667,91.70636757392,8.293632426080043,0.0,0.0,0.0,0.009215147140088937
crystalline,False,5.525,91.7037056237155,8.296294376284552,0.0,0.0,0.0,0.009218104862538391
crystalline,False,5.533333333333333,91.70105375621048,8.298946243789565,0.0,0.0,0.0,0.009221051381988405
crystalline,False,5.541666666666667,91.69841193283051,8.301588067169542,0.0,0.0,0.0,0.00922398674129949
crystalline,False,5.55,91.69578011515159,8.304219884848472,0.0,0.0,0.0,0.00922691098316497
crystalline,False,5.558333333333334,91.69315826489957,8.306841735100491,0.0,0.0,0.0,0.009229824150111657
crystalline,False,5.566666666666666,91.69054634394956,8.309453656050492,0.0,0.0,0.0,0.009232726284500547
crystalline,False,5.575,91.68794431432534,8.312055685674718,0.0,0.0,0.0,0.009235617428527465
crystalline,False,5.583333333333333,91.6853521381987,8.31464786180137,0.0,0.0,0.0,0.009238497624223746
crystalline,False,5.591666666666667,91.68276977788885,8.317230222111206,0.0,0.0,0.0,0.009241366913456896
crystalline,False,5.6,91.68019719586194,8.319802804138126,0.0,0.0,0.0,0.00924422533793125
crystalline,False,5.608333333333333,91.67763435473029,8.32236564526978,0.0,0.0,0.0,0.009247072939188646
crystalline,False,5.616666666666666,91.67508121725191,8.32491878274815,0.0,0.0,0.0,0.009249909758609055
crystalline,False,5.625,91.67253774632994,8.32746225367013,0.0,0.0,0.0,0.009252735837411256
crystalline,False,5.633333333333333,91.67000390501194,8.329996094988134,0.0,0.0,0.0,0.009255551216653482
crystalline,False,5.641666666666667,91.66747965648942,8.332520343510653,0.0,0.0,0.0,0.009258355937234059
crystalline,False,5.65,91.66496496409722,8.335035035902855,0.0,0.0,0.0,0.009261150039892061
crystalline,False,5.658333333333333,91.66245979131293,8.337540208687148,0.0,0.0,0.0,0.009263933565207943
crystalline,False,5.666666666666667,91.6599641017563,8.340035898243768,0.0,0.0,0.0,0.009266706553604186
crystalline,False,5.675,91.65747785918873,8.342522140811344,0.0,0.0,0.0,0.009269469045345938
crystalline,False,5.683333333333334,91.6550010275126,8.344998972487472,0.0,0.0,0.0,0.009272221080541636
crystalline,False,5.691666666666666,91.65253357077079,8.347466429229279,0.0,0.0,0.0,0.009274962699143643
crystalline,False,5.7,91.65007545314607,8.349924546853991,0.0,0.0,0.0,0.00927769394094888
crystalline,False,5.708333333333333,91.64762663896057,8.3523733610395,0.0,0.0,0.0,0.009280414845599445
crystalline,False,5.716666666666667,91.64518709267514,8.35481290732492,0.0,0.0,0.0,0.009283125452583245
crystalline,False,5.725,91.64275677888892,8.357243221111144,0.0,0.0,0.0,0.009285825801234604
crystalline,False,5.733333333333333,91.64033566233867,8.359664337661403,0.0,0.0,0.0,0.009288515930734893
crystalline,False,5.741666666666666,91.63792370789825,8.362076292101824,0.0,0.0,0.0,0.009291195880113137
crystalline,False,5.75,91.63552088057811,8.364479119421967,0.0,0.0,0.0,0.00929386568824663
crystalline,False,5.758333333333333,91.63312714552468,8.36687285447539,0.0,0.0,0.0,0.009296525393861546
crystalline,False,5.766666666666667,91.63074246801987,8.369257531980189,0.0,0.0,0.0,0.009299175035533543
crystalline,False,5.775,91.62836681348053,8.371633186519539,0.0,0.0,0.0,0.009301814651688375
crystalline,False,5.783333333333333,91.62600014745783,8.373999852542237,0.0,0.0,0.0,0.009304444280602486
crystalline,False,5.791666666666667,91.62364243563681,8.376357564363248,0.0,0.0,0.0,0.00930706396040361
crystalline,False,5.8,91.62129364383583,8.378706356164235,0.0,0.0,0.0,0.009309673729071372
crystalline,False,5.808333333333334,91.61895373800597,8.381046261994097,0.0,0.0,0.0,0.009312273624437886
crystalline,False,5.816666666666666,91.61662268423056,8.3833773157695,0.0,0.0,0.0,0.009314863684188334
crystalline,False,5.825,91.61430044872465,8.385699551275414,0.0,0.0,0.0,0.009317443945861571
crystalline,False,5.833333333333333,91.61198699783444,8.388013002165627,0.0,0.0,0.0,0.009320014446850697
crystalline,False,5.841666666666667,91.60968229803677,8.390317701963289,0.0,0.0,0.0,0.009322575224403655
crystalline,False,5.85,91.60738631593864,8.39261368406142,0.0,0.0,0.0,0.0093251263156238
crystalline,False,5.858333333333333,91.60509901827662,8.394900981723444,0.0,0.0,0.0,0.009327667757470492
crystalline,False,5.866666666666666,91.60282037191637,8.397179628083697,0.0,0.0,0.0,0.009330199586759663
crystalline,False,5.875,91.6005503438521,8.399449656147953,0.0,0.0,0.0,0.009332721840164392
crystalline,False,5.883333333333333,91.59828890120613,8.401711098793934,0.0,0.0,0.0,0.009335234554215482
crystalline,False,5.891666666666667,91.59603601122824,8.403963988771826,0.0,0.0,0.0,0.009337737765302029
crystalline,False,5.9,91.59379164129527,8.406208358704786,0.0,0.0,0.0,0.009340231509671984
crystalline,False,5.908333333333333,91.5915557589106,8.408444241089454,0.0,0.0,0.0,0.009342715823432726
crystalline,False,5.916666666666667,91.5893283317036,8.410671668296455,0.0,0.0,0.0,0.009345190742551617
crystalline,False,5.925,91.58710932742915,8.412890672570908,0.0,0.0,0.0,0.009347656302856566
crystalline,False,5.933333333333334,91.58489871396712,8.415101286032924,0.0,0.0,0.0,0.009350112540036582
crystalline,False,5.941666666666666,91.58269645932194,8.417303540678107,0.0,0.0,0.0,0.00935255948964234
crystalline,False,5.95,91.58050253162199,8.419497468378053,0.0,0.0,0.0,0.009354997187086725
crystalline,False,5.958333333333333,91.5783168991192,8.421683100880845,0.0,0.0,0.0,0.009357425667645382
crystalline,False,5.966666666666667,91.5761395301885,8.423860469811546,0.0,0.0,0.0,0.009359844966457273
crystalline,False,5.975,91.57397039332734,8.42602960667269,0.0,0.0,0.0,0.009362255118525212
crystalline,False,5.983333333333333,91.57180945715527,8.428190542844773,0.0,0.0,0.0,0.009364656158716414
crystalline,False,5.991666666666666,91.56965669041331,8.430343309586737,0.0,0.0,0.0,0.009367048121763042
crystalline,False,6.0,91.56751206196358,8.432487938036463,0.0,0.0,0.0,0.009369431042262736
crystalline,True,0.0,100.0,0.0,0.0,0.0,0.0,0.0
crystalline,True,0.008333333333333333,99.96407614112408,0.03587895980096701,0.0,4.489907493951566e-05,0.0,3.986551088996334e-05
crystalline,True,0.016666666666666666,99.92830385167898,0.07151695432606671,0.0,0.0001791939949473384,0.0,7.946328258451856e-05
crystalline,True,0.025,99.8926820684527,0.10691564711849874,0.0,0.0004022844287956693,0.0,0.00011879516346499861
crystalline,True,0.03333333333333333,99.85720973619922,0.1420766896118206,0.0,0.0007135741889576238,0.0,0.00015786298845757844
crystalline,True,0.041666666666666664,99.82188580757287,0.1770017212256747,0.0,0.0011124712014529622,0.0,0.00019666857913963856
crystalline,True,0.05,99.7867092430634,0.21169236946066683,0.0,0.0015983874759320812,0.0,0.00023521374384518536
crystalline,True,0.058333333333333334,99.7516790109316,0.24615024999240062,0.0,0.0021707390759961296,0.0,0.00027350027776933404
crystalline,True,0.06666666666666667,99.71679408714556,0.2803769667646801,0.0,0.0028289460897511867,0.0,0.0003115299630718668
crystalline,True,0.075,99.68205345531752,0.3143741120818871,0.0,0.003572432600594408,0.0,0.00034930456897987454
crystalline,True,0.08333333333333333,99.64745610664122,0.3481432667005412,0.0,0.004400626658230074,0.0,0.0003868258518894902
crystalline,True,0.09166666666666666,99.61300103983001,0.3816859999200528,0.0,0.005312960249913578,0.0,0.00042409555546672533
crystalline,True,0.1,99.57868726105538,0.41500386967267605,0.0,0.006308869271921209,0.0,0.00046111541074741785
crystalline,True,0.10833333333333334,99.54451378388607,0.4480984226126692,0.0,0.00738779350124392,0.0,0.0004978871362362991
crystalline,True,0.11666666666666667,99.5104796292278,0.48097119420467177,0.0,0.008549176567502951,0.0,0.0005344124380051909
crystalline,True,0.125,99.47658382526359,0.5136237088113063,0.0,0.009792465925085448,0.0,0.0005706930097903402
crystalline,True,0.13333333333333333,99.44282540739448,0.546057479780011,0.0,0.011117112825498125,0.0,0.000606730533088901
crystalline,True,0.14166666666666666,99.40920341818094,0.5782740095291123,0.0,0.012522572289937042,0.0,0.0006425266772545693
crystalline,True,0.15,99.37571690728477,0.610274789633147,0.0,0.014008303082071665,0.0,0.0006780830995923856
crystalline,True,0.15833333333333333,99.34236493141151,0.642061300907435,0.0,0.0155737676810412,0.0,0.0007134014454527055
crystalline,True,0.16666666666666666,99.30914655425342,0.6736350134919185,0.0,0.017218432254661565,0.0,0.0007484833483243538
crystalline,True,0.175,99.27606084643288,0.7049973869342697,0.0,0.018941766632840952,0.0,0.0007833304299269664
crystalline,True,0.18333333333333332,99.24310688544652,0.7361498702722742,0.0,0.02074324428120229,0.0,0.0008179443003025269
crystalline,True,0.19166666666666665,99.21028375560958,0.7670939021155012,0.0,0.022622342274910764,0.0,0.0008523265579061124
crystalline,True,0.2,99.17759054800102,0.7978309107262629,0.0,0.024578541272704608,0.0,0.0008864787896958477
crystalline,True,0.20833333333333334,99.14502636040899,0.8283623140998738,0.0,0.026611325491127442,0.0,0.0009204025712220821
crystalline,True,0.21666666666666667,99.11259029727682,0.8586895200442153,0.0,0.028720182678960378,0.0,0.0009540994667157947
crystalline,True,0.225,99.08028146964953,0.8888139262586123,0.0,0.03090460409185217,0.0,0.0009875710291762359
crystalline,True,0.23333333333333334,99.04809899512082,0.9187369204120296,0.0,0.03316408446714575,0.0,0.0010208188004578107
crystalline,True,0.24166666666666667,99.0160419977805,0.9484598802205929,0.0,0.035498121998899276,0.0,0.0010538443113562144
crystalline,True,0.25,98.98410960816246,0.977984173524445,0.0,0.037906218313100336,0.0,0.0010866490816938278
crystalline,True,0.2583333333333333,98.95230096319298,1.0073111583639374,0.0,0.04038787844307131,0.0,0.0011192346204043748
crystalline,True,0.26666666666666666,98.92061520613976,1.0364421830551718,0.0,0.04294261080506451,0.0,0.0011516024256168576
crystalline,True,0.275,98.88905148656106,1.0653785862648908,0.0,0.04556992717404523,0.0,0.0011837539847387676
crystalline,True,0.2833333333333333,98.8576089602556,1.0941216970847272,0.0,0.04826934265966133,0.0,0.0012156907745385858
crystalline,True,0.2916666666666667,98.82628678921277,1.1226728351048207,0.0,0.05104037568239765,0.0,0.0012474142612275787
crystalline,True,0.3,98.79508414156328,1.1510333104868016,0.0,0.05388254794991356,0.0,0.0012789259005408905
crystalline,True,0.30833333333333335,98.76400019153027,1.1792044240361559,0.0,0.056795384433562364,0.0,0.001310227137817951
crystalline,True,0.31666666666666665,98.73303411938093,1.2071874672739693,0.0,0.05977841334509064,0.0,0.0013413194080821882
crystalline,True,0.325,98.70218511137841,1.2349837225080655,0.0,0.06283116611351641,0.0,0.0013722041361200728
crystalline,True,0.3333333333333333,98.67145235973427,1.2625944629035337,0.0,0.06595317736218413,0.0,0.0014028827365594819
crystalline,True,0.3416666666666667,98.64083506256134,1.2900209525526625,0.0,0.06914398488599556,0.0,0.0014333566139474027
crystalline,True,0.35,98.6103324238269,1.3172644465442773,0.0,0.07240312962881437,0.0,0.0014636271628269749
crystalline,True,0.35833333333333334,98.57994365330646,1.3443261910324924,0.0,0.07573015566104373,0.0,0.0014936957678138804
crystalline,True,0.36666666666666664,98.54966796653774,1.3712074233048792,0.0,0.07912461015737471,0.0,0.001523563803672088
crystalline,True,0.375,98.51950458477523,1.3979093718500615,0.0,0.08258604337470468,0.0,0.0015532326353889573
crystalline,True,0.3833333333333333,98.48945273494503,1.4244332564247355,0.0,0.08611400863022363,0.0,0.0015827036182497062
crystalline,True,0.39166666666666666,98.4595116496002,1.4507802881201308,0.0,0.08970806227966784,0.0,0.0016119780979112564
crystalline,True,0.4,98.42968056687636,1.4769516694279052,0.0,0.09336776369573836,0.0,0.0016410574104754503
crystalline,True,0.4083333333333333,98.39995873044782,1.5029485943054914,0.0,0.09709267524668413,0.0,0.0016699428825616572
crystalline,True,0.4166666666666667,98.37034538948406,1.5287722482408912,0.0,0.10088236227504747,0.0,0.001698635831378768
crystalline,True,0.425,98.3408397986065,1.5544238083169248,0.0,0.10473639307657082,0.0,0.001727137564796583
crystalline,True,0.43333333333333335,98.31144121784578,1.5799044432749476,0.0,0.10865433887926372,0.0,0.0017554493814166084
crystalline,True,0.44166666666666665,98.28214891259934,1.6052153135780252,0.0,0.112635773822628,0.0,0.0017835725706422502
crystalline,True,0.45,98.25296215358937,1.6303575714735883,0.0,0.11668027493704075,0.0,0.0018115084127484314
crystalline,True,0.4583333333333333,98.22388021682114,1.6553323610555584,0.0,0.12078742212329271,0.0,0.0018392581789506205
crystalline,True,0.4666666666666667,98.19490238354176,1.6801408183259583,0.0,0.12495679813228197,0.0,0.001866823131473287
crystalline,True,0.475,98.16602794019913,1.7047840712560087,0.0,0.1291879885448603,0.0,0.0018942045236177874
crystalline,True,0.48333333333333334,98.13725617840144,1.7292632398467158,0.0,0.1334805817518323,0.0,0.0019214035998296843
crystalline,True,0.49166666666666664,98.10858639487694,1.753579436188955,0.0,0.13783416893410488,0.0,0.0019484215957655056
crystalline,True,0.5,98.08001789143395,1.7777337645230573,0.0,0.1422483440429867,0.0,0.0019752597383589526
crystalline,True,0.5083333333333333,98.05154997492146,1.801727321297899,0.0,0.14672270378063557,0.0,0.0020019192458865546
crystalline,True,0.5166666666666666,98.02318195718983,1.825561195229505,0.0,0.15125684758065333,0.0,0.0020284013280327832
crystalline,True,0.525,97.994913155052,1.8492364673591637,0.0,0.15585037758882642,0.0,0.0020547071859546265
crystalline,True,0.5333333333333333,97.96674289024493,1.8727542111110633,0.0,0.16050289864401104,0.0,0.002080838012345626
crystalline,True,0.5416666666666666,97.93867048939138,1.8961154923494532,0.0,0.1652140182591622,0.0,0.0021067949914993925
crystalline,True,0.55,97.91069528396216,1.9193213694353322,0.0,0.16998334660250478,0.0,0.0021325792993725913
crystalline,True,0.5583333333333333,97.88281661023848,1.9423728932826692,0.0,0.17481049647884545,0.0,0.0021581921036474103
crystalline,True,0.5666666666666667,97.85503380927481,1.9652711074141642,0.0,0.17969508331102532,0.0,0.0021836345637935156
crystalline,True,0.575,97.82734622686195,1.9880170480165484,0.0,0.1846367251215109,0.0,0.002208907831129498
crystalline,True,0.5833333333333334,97.79975321349045,2.01061174399543,0.0,0.18963504251412258,0.0,0.002234013048883811
crystalline,True,0.5916666666666667,97.7722541243144,2.033056217029692,0.0,0.19468965865590013,0.0,0.0022589513522552136
crystalline,True,0.6,97.74484831911545,2.0553514816254426,0.0,0.19980019925910336,0.0,0.002283723868472714
crystalline,True,0.6083333333333333,97.71753516226713,2.0774985451695245,0.0,0.2049662925633472,0.0,0.002308331716855027
crystalline,True,0.6166666666666667,97.69031402269954,2.09949840798259,0.0,0.21018756931787,0.0,0.0023327760088695444
crystalline,True,0.625,97.66318427386433,2.1213520633717335,0.0,0.2154636627639336,0.0,0.002357057848190815
crystalline,True,0.6333333333333333,97.63614529369994,2.1430604976827072,0.0,0.2207942086173554,0.0,0.0023811783307585636
crystalline,True,0.6416666666666666,97.60919646459713,2.1646246903517015,0.0,0.22617884505116928,0.0,0.002405138544835224
crystalline,True,0.65,97.58233717336488,2.1860456139567064,0.0,0.2316172126784164,0.0,0.002428939571063007
crystalline,True,0.6583333333333333,97.55556681119648,2.207324234268459,0.0,0.23710895453506284,0.0,0.00245258248252051
crystalline,True,0.6666666666666666,97.52888477363598,2.2284615103009715,0.0,0.24265371606304556,0.0,0.002476068344778857
crystalline,True,0.675,97.5022904605449,2.2494583943616537,0.0,0.2482511450934428,0.0,0.002499398215957393
crystalline,True,0.6833333333333333,97.47578327606921,2.2703158321010255,0.0,0.25390089182976966,0.0,0.0025225731467789173
crystalline,True,0.6916666666666667,97.44936262860658,2.29103476256203,0.0,0.2596026088313981,0.0,0.002545594180624478
crystalline,True,0.7,97.42302793077396,2.311616118228947,0.0,0.26535595099709886,0.0,0.0025684623535877187
crystalline,True,0.7083333333333334,97.3967785993754,2.3320608250759083,0.0,0.27116057554870576,0.0,0.002591178694528787
crystalline,True,0.7166666666666667,97.37061405537008,2.3523698026150255,0.0,0.27701614201490005,0.0,0.002613744225127806
crystalline,True,0.725,97.34453372384075,2.3725439639441275,0.0,0.282922312215116,0.0,0.0026361599599379194
crystalline,True,0.7333333333333333,97.31853703396233,2.392584215794114,0.0,0.28887875024356363,0.0,0.0026584269064379045
crystalline,True,0.7416666666666667,97.2926234189707,2.412491458575926,0.0,0.29488512245337073,0.0,0.002680546065084362
crystalline,True,0.75,97.26679231613201,2.432266586427142,0.0,0.3009410974408408,0.0,0.0027025184293634915
crystalline,True,0.7583333333333333,97.24104316671198,2.4519104872581994,0.0,0.30704634602982794,0.0,0.0027243449858424438
crystalline,True,0.7666666666666666,97.21537541594553,2.4714240427982395,0.0,0.3132005412562263,0.0,0.002746026714220266
crystalline,True,0.775,97.18978851300683,2.4908081286405945,0.0,0.31940335835257366,0.0,0.0027675645873784386
crystalline,True,0.7833333333333333,97.16428191097933,2.510063614287903,0.0,0.3256544747327681,0.0,0.0027889595714310034
crystalline,True,0.7916666666666666,97.13885506682624,2.529191363196866,0.0,0.3319535699768979,0.0,0.0028102126257742955
crystalline,True,0.8,97.11350744136118,2.5481922328226476,0.0,0.33830032581618197,0.0,0.002831324703136275
crystalline,True,0.8083333333333333,97.08823849921906,2.567067074662919,0.0,0.34469442611802087,0.0,0.0028522967496254657
crystalline,True,0.8166666666666667,97.0630477088273,2.5858167343015523,0.0,0.35113555687115827,0.0,0.0028731297047795024
crystalline,True,0.825,97.03793454237709,2.604442051451965,0.0,0.3576234061709503,0.0,0.0028938245016132944
crystalline,True,0.8333333333333334,97.01289847579514,2.6229438600001216,0.0,0.3641576642047436,0.0,0.002914382066666802
crystalline,True,0.8416666666666667,96.98793898871546,2.64132298804719,0.0,0.37073802323735955,0.0,0.0029348033200524335
crystalline,True,0.85,96.96305556445147,2.659580257951863,0.0,0.3773641775966859,0.0,0.00295508917550207
crystalline,True,0.8583333333333333,96.93824768996829,2.677716486372341,0.0,0.3840358236593725,0.0,0.002975240540413712
crystalline,True,0.8666666666666667,96.9135148558554,2.695732484307981,0.0,0.39075265983663293,0.0,0.0029952583158977565
crystalline,True,0.875,96.88885655629923,2.7136290571406194,0.0,0.3975143865601482,0.0,0.0030151433968229105
crystalline,True,0.8833333333333333,96.86427228905637,2.7314070046755656,0.0,0.404320706268075,0.0,0.0030348966718617395
crystalline,True,0.8916666666666666,96.83976155542659,2.74906712118227,0.0,0.4111713233911551,0.0,0.003054519023535856
crystalline,True,0.9,96.81532386022641,2.766610195434674,0.0,0.418065944338926,0.0,0.0030740113282607486
crystalline,True,0.9083333333333333,96.79095871176274,2.7840370107512364,0.0,0.42500427748603237,0.0,0.0030933744563902627
crystalline,True,0.9166666666666666,96.76666562180672,2.8013483450346532,0.0,0.4319860331586372,0.0,0.003112609272260726
crystalline,True,0.9249999999999999,96.74244410556783,2.8185449708112547,0.0,0.4390109236209315,0.0,0.0031317166342347273
crystalline,True,0.9333333333333333,96.71829368166817,2.8356276552700974,0.0,0.4460786630617426,0.0,0.0031506973947445526
crystalline,True,0.9416666666666667,96.69421387211703,2.852597160301749,0.0,0.45318896758123883,0.0,0.0031695524003352766
crystalline,True,0.95,96.67020420228552,2.869454242536768,0.0,0.46034155517773245,0.0,0.0031882824917075204
crystalline,True,0.9583333333333334,96.64626420088156,2.8861996533838794,0.0,0.4675361457345768,0.0,0.003206888503759866
crystalline,True,0.9666666666666667,96.622393399925,2.9028341390678536,0.0,0.4747724610071589,0.0,0.0032253712656309485
crystalline,True,0.975,96.59859133472294,2.919358440667088,0.0,0.48205022460998737,0.0,0.003243731600741209
crystalline,True,0.9833333333333333,96.57485754384525,2.935773294150894,0.0,0.48936916200387237,0.0,0.003261970326834327
crystalline,True,0.9916666666666667,96.55119156910033,2.952079430416492,0.0,0.4967290004831999,0.0,0.0032800882560183246
crystalline,True,1.0,96.527592955511,2.9682775753257182,0.0,0.5041294691632967,0.0,0.0032980861948063538
crystalline,True,1.0083333333333333,96.5040612512907,2.984368449741444,0.0,0.5115702989678884,0.0,0.00331596494415716
crystalline,True,1.0166666666666666,96.48059600781966,3.000352769563714,0.0,0.5190512226166463,0.0,0.0033337252995152378
crystalline,True,1.025,96.4571967796216,3.0162312457655975,0.0,0.5265719746128258,0.0,0.003351368050850664
crystalline,True,1.0333333333333332,96.43386312434026,3.032004584428767,0.0,0.5341322912309935,0.0,0.00336889398269863
crystalline,True,1.0416666666666667,96.41059460271639,3.0476734867787942,0.0,0.5417319105048427,0.0,0.0033863038741986603
crystalline,True,1.05,96.38739077856475,3.0632386492201746,0.0,0.5493705722150967,0.0,0.0034035984991335273
crystalline,True,1.0583333333333333,96.36425121875145,3.078700763371082,0.0,0.5570480178775001,0.0,0.003420778625967869
crystalline,True,1.0666666666666667,96.34117549317129,3.094060516097849,0.0,0.5647639907308962,0.0,0.0034378450178864993
crystalline,True,1.075,96.31816317472546,3.1093185895491837,0.0,0.5725182357253898,0.0,0.0034547984328324264
crystalline,True,1.0833333333333333,96.29521383929932,3.1244756611901194,0.0,0.5803104995105959,0.0,0.003471639623544577
crystalline,True,1.0916666666666666,96.27232706574036,3.139532403835703,0.0,0.5881405304239725,0.0,0.0034883693375952255
crystalline,True,1.1,96.24950243583638,3.154489485684423,0.0,0.5960080784792379,0.0,0.0035049883174271363
crystalline,True,1.1083333333333334,96.22673953429378,3.169347570351375,0.0,0.6039128953548697,0.0,0.0035214973003904167
crystalline,True,1.1166666666666667,96.20403794871616,3.1841073169011826,0.0,0.6118547343826892,0.0,0.003537897018779092
crystalline,True,1.125,96.18139726958286,3.198769379880648,0.0,0.6198333505365249,0.0,0.0035541881998673863
crystalline,True,1.1333333333333333,96.1588170902279,3.213334409351165,0.0,0.6278485004209586,0.0,0.003570371565945739
crystalline,True,1.1416666666666666,96.13629700681899,3.227803050920877,0.0,0.6358999422601528,0.0,0.00358644783435653
crystalline,True,1.15,96.11383661833668,3.2421759457765864,0.0,0.6439874358867566,0.0,0.0036024177175295402
crystalline,True,1.1583333333333332,96.09143552655371,3.2564537307154193,0.0,0.6521107427308926,0.0,0.0036182819230171324
crystalline,True,1.1666666666666667,96.06909333601455,3.270637038176252,0.0,0.6602696258092223,0.0,0.003634041153529169
crystalline,True,1.175,96.04680965401505,3.2847264962708875,0.0,0.6684638497140882,0.0,0.0036496961069676526
crystalline,True,1.1833333333333333,96.02458409058228,3.298722728815002,0.0,0.6766931806027364,0.0,0.003665247476461113
crystalline,True,1.1916666666666667,96.00241625845456,3.312626355358846,0.0,0.684957386186614,0.0,0.003680695950398718
crystalline,True,1.2,95.98030577306156,3.32643799121772,0.0,0.6932562357207432,0.0,0.0036960422124641336
crystalline,True,1.2083333333333333,95.95825225250465,3.340158247502206,0.0,0.7015894999931731,0.0,0.003711286941669118
crystalline,True,1.2166666666666666,95.93625531753734,3.353787731148177,0.0,0.709956951314504,0.0,0.0037264308123868637
crystalline,True,1.225,95.91431459154597,3.3673270449465744,0.0,0.7183583635074888,0.0,0.0037414744943850826
crystalline,True,1.2333333333333334,95.89242970053037,3.380776787572954,0.0,0.7267935118967072,0.0,0.003756418652858838
crystalline,True,1.2416666666666667,95.8706002730849,3.3941375536168152,0.0,0.7352621732983141,0.0,0.003771263948463128
crystalline,True,1.25,95.84882594037947,3.4074099336106998,0.0,0.7437641260098614,0.0,0.003786011037345222
crystalline,True,1.2583333333333333,95.82710633614076,3.4205945140590726,0.0,0.7522991498001909,0.0,0.0038006605711767474
crystalline,True,1.2666666666666666,95.80544109663364,3.4336918774669787,0.0,0.7608670258993999,0.0,0.003815213197185532
crystalline,True,1.275,95.78382986064265,3.4467026023684904,0.0,0.7694675369888798,0.0,0.0038296695581872117
crystalline,True,1.2833333333333332,95.76227226945367,3.4596272633549288,0.0,0.7781004671914219,0.0,0.0038440302926165877
crystalline,True,1.2916666666666667,95.74076796683575,3.4724664311028786,0.0,0.7867656020613972,0.0,0.003858296034558754
crystalline,True,1.3,95.71931659902303,3.4852206724019865,0.0,0.795462728575003,0.0,0.003872467413779985
crystalline,True,1.3083333333333333,95.6979178146969,3.497890550182551,0.0,0.8041916351205814,0.0,0.00388654505575839
crystalline,True,1.3166666666666667,95.67657126496812,3.5104766235429024,0.0,0.8129521114890046,0.0,0.003900529581714336
crystalline,True,1.325,95.65527660335933,3.5229794477765743,0.0,0.8217439488641286,0.0,0.003914421608640638
crystalline,True,1.3333333333333333,95.63403348578744,3.5353995743992734,0.0,0.8305669398133159,0.0,0.003928221749332526
crystalline,True,1.3416666666666666,95.61284157054637,3.547737551175642,0.0,0.8394208782780231,0.0,0.0039419306124173804
crystalline,True,1.35,95.59170051828976,3.5599939221458206,0.0,0.8483055595644585,0.0,0.003955548802384245
crystalline,True,1.3583333333333334,95.57060999201391,3.572169227651808,0.0,0.857220780334301,0.0,0.00396907691961312
crystalline,True,1.3666666666666667,95.5495696570409,3.5842640043636265,0.0,0.8661663385954903,0.0,0.0039825155604040294
crystalline,True,1.375,95.52857918100166,3.596278785305286,0.0,0.8751420336930779,0.0,0.003995865317005873
crystalline,True,1.3833333333333333,95.50763823381932,3.608214099880554,0.0,0.8841476663001445,0.0,0.0040091267776450595
crystalline,True,1.3916666666666666,95.4867464876927,3.6200704738985343,0.0,0.893183038408782,0.0,0.004022300526553927
crystalline,True,1.4,95.46590361707983,3.6318484295990494,0.0,0.9022479533211377,0.0,0.0040353871439989435
crystalline,True,1.4083333333333332,95.44510929868166,3.6435484856778357,0.0,0.9113422156405234,0.0,0.004048387206308707
crystalline,True,1.4166666666666667,95.42436321142588,3.655171157311547,0.0,0.9204656312625865,0.0,0.004061301285901719
crystalline,True,1.425,95.40366503645092,3.666716956182572,0.0,0.9296180073665421,0.0,0.004074129951313969
crystalline,True,1.4333333333333333,95.38301445708989,3.6781863905036665,0.0,0.93879915240647,0.0,0.004086873767226296
crystalline,True,1.4416666666666667,95.36241115885495,3.6895799650424,0.0,0.9480088761026702,0.0,0.004099533294491555
crystalline,True,1.45,95.34185482942154,3.7008981811454182,0.0,0.95724698943308,0.0,0.004112109090161576
crystalline,True,1.4583333333333333,95.32134515861274,3.712141536762528,0.0,0.9665133046247526,0.0,0.00412460170751392
crystalline,True,1.4666666666666666,95.30088183838404,3.7233105264705983,0.0,0.9758076351453947,0.0,0.004137011696078443
crystalline,True,1.475,95.28046456280778,3.734405641497284,0.0,0.9851297956949637,0.0,0.004149339601663649
crystalline,True,1.4833333333333334,95.26009302805814,3.745427369744573,0.0,0.9944796021973236,0.0,0.004161585966382859
crystalline,True,1.4916666666666667,95.23976693239592,3.75637619581216,0.0,1.0038568717919611,0.0,0.004173751328680178
crystalline,True,1.5,95.21948597615363,3.767252601020641,0.0,1.0132614228257588,0.0,0.004185836223356268
crystalline,True,1.5083333333333333,95.19924986172067,3.7780570634345394,0.0,1.0226930748448253,0.0,0.0041978411815939325
crystalline,True,1.5166666666666666,95.17905829352848,3.7887900578851585,0.0,1.0321516485863846,0.0,0.004209766730983509
crystalline,True,1.525,95.15891097803605,3.799452055993266,0.0,1.041636965970721,0.0,0.004221613395548073
crystalline,True,1.5333333333333332,95.13880762371524,3.8100435261916084,0.0,1.0511488500931807,0.0,0.004233381695768454
crystalline,True,1.5416666666666667,95.11874794103655,3.820564933747257,0.0,1.0606871252162309,0.0,0.004245072148608063
crystalline,True,1.55,95.09873164245467,3.8310167407837925,0.0,1.0702516167615714,0.0,0.004256685267537547
crystalline,True,1.5583333333333333,95.0787584423944,3.84139940630332,0.0,1.079842151302305,0.0,0.004268221562559244
crystalline,True,1.5666666666666667,95.05882805723655,3.8517133862083237,0.0,1.0894585565551613,0.0,0.004279681540231471
crystalline,True,1.575,95.0389402053039,3.8619591333233605,0.0,1.0991006613727732,0.0,0.0042910657036926226
crystalline,True,1.5833333333333333,95.01909460684743,3.8721370974165903,0.0,1.1087682957360108,0.0,0.0043023745526851
crystalline,True,1.5916666666666666,94.99929098403251,3.8822477252211476,0.0,1.118461290746366,0.0,0.004313608583579053
crystalline,True,1.6,94.97952906092529,3.892291460456358,0.0,1.128179478618392,0.0,0.004324768289395953
crystalline,True,1.6083333333333334,94.95980856347904,3.9022687438487953,0.0,1.1379226926721948,0.0,0.004335854159831995
crystalline,True,1.6166666666666667,94.94012921952087,3.912180013153183,0.0,1.147690767325978,0.0,0.004346866681281315
crystalline,True,1.625,94.92049075873825,3.9220257031731434,0.0,1.1574835380886384,0.0,0.004357806336859048
crystalline,True,1.6333333333333333,94.90089291266582,3.9318062457817917,0.0,1.1673008415524149,0.0,0.004368673606424213
crystalline,True,1.6416666666666666,94.88133541467226,3.9415220699421813,0.0,1.1771425153855872,0.0,0.004379468966602424
crystalline,True,1.65,94.8618179999472,3.951173601727594,0.0,1.1870083983252262,0.0,0.004390192890808438
crystalline,True,1.6583333333333332,94.84234040548834,3.9607612643416847,0.0,1.196898330169995,0.0,0.004400845849268539
crystalline,True,1.6666666666666667,94.82290237008856,3.970285478138479,0.0,1.2068121517729993,0.0,0.004411428309042754
crystalline,True,1.675,94.80350363432312,3.9797466606422183,0.0,1.216749705034688,0.0,0.004421940734046909
crystalline,True,1.6833333333333333,94.78414394053716,3.989145226567064,0.0,1.2267108328958054,0.0,0.0044323835850745156
crystalline,True,1.6916666666666667,94.764823032833,3.998481587836655,0.0,1.2366953793303876,0.0,0.004442757319818505
crystalline,True,1.7,94.7455406570577,4.007756153603523,0.0,1.2467031893388127,0.0,0.004453062392892804
crystalline,True,1.7083333333333333,94.72629656079077,4.016969330268367,0.0,1.256734108940896,0.0,0.004463299255853741
crystalline,True,1.7166666666666666,94.70709049333183,4.026121521499176,0.0,1.266787985169035,0.0,0.004473468357221307
crystalline,True,1.7249999999999999,94.68792220568841,4.0352131282502315,0.0,1.2768646660614003,0.0,0.004483570142500257
crystalline,True,1.7333333333333334,94.66879145056392,4.044244548780951,0.0,1.286964000655177,0.0,0.004493605054201057
crystalline,True,1.7416666666666667,94.64969798234559,4.053216178674606,0.0,1.2970858389798483,0.0,0.004503573531860673
crystalline,True,1.75,94.63064155709262,4.062128410856895,0.0,1.3072300320505306,0.0,0.0045134760120632165
crystalline,True,1.7583333333333333,94.6116219325243,4.070981635614393,0.0,1.3173964318613516,0.0,0.004523312928460437
crystalline,True,1.7666666666666666,94.59263886800832,4.079776240612851,0.0,1.3275848913788757,0.0,0.004533084711792057
crystalline,True,1.775,94.5736921245491,4.088512610915372,0.0,1.3377952645355744,0.0,0.004542791789905969
crystalline,True,1.7833333333333332,94.55478146477624,4.097191129000455,0.0,1.3480274062233426,0.0,0.004552434587778284
crystalline,True,1.7916666666666667,94.53590665293308,4.105812174779898,0.0,1.3582811722870596,0.0,0.00456201352753322
crystalline,True,1.8,94.51706745486527,4.114376125616582,0.0,1.3685564195181936,0.0,0.004571529028462869
crystalline,True,1.8083333333333333,94.49826363800946,4.122883356342121,0.0,1.378853005648453,0.0,0.004580981507046801
crystalline,True,1.8166666666666667,94.47949497138218,4.131334239274378,0.0,1.389170789343479,0.0,0.0045903713769715315
crystalline,True,1.825,94.46076122556859,4.139729144234864,0.0,1.3995096301965837,0.0,0.004599699049149849
crystalline,True,1.8333333333333333,94.4420621727115,4.148068438566004,0.0,1.4098693887225304,0.0,0.004608964931740005
crystalline,True,1.8416666666666666,94.4233975865004,4.156352487148279,0.0,1.4202499263513575,0.0,0.004618169430164755
crystalline,True,1.8499999999999999,94.40476724216056,4.16458165241724,0.0,1.4306511054222448,0.0,0.004627312947130267
crystalline,True,1.8583333333333334,94.38617091644221,4.17275629438041,0.0,1.4410727891774229,0.0,0.0046363958826449005
crystalline,True,1.8666666666666667,94.36760838760988,4.180876770634047,0.0,1.4515148417561223,0.0,0.00464541863403783
crystalline,True,1.875,94.34907943543168,4.188943436379799,0.0,1.4619771281885692,0.0,0.004654381595977555
crystalline,True,1.8833333333333333,94.33058384116879,4.196956644441234,0.0,1.4724595143900165,0.0,0.00466328516049026
crystalline,True,1.8916666666666666,94.31212138756497,4.204916745280247,0.0,1.4829618671548217,0.0,0.004672129716978052
crystalline,True,1.9,94.29369185883613,4.212824087013354,0.0,1.493484054150561,0.0,0.00468091565223706
crystalline,True,1.9083333333333332,94.27529504066,4.220679015427863,0.0,1.5040259439121872,0.0,0.004689643350475403
crystalline,True,1.9166666666666667,94.25693072016588,4.228481873997932,0.0,1.5145874058362272,0.0,0.004698313193331036
crystalline,True,1.925,94.23859868592452,4.23623300390051,0.0,1.5251683101750175,0.0,0.004706925559889455
crystalline,True,1.9333333333333333,94.2202987279379,4.2439327440311585,0.0,1.5357685280309827,0.0,0.0047154808267012875
crystalline,True,1.9416666666666667,94.20203063762932,4.251581431019771,0.0,1.5463879313509505,0.0,0.004723979367799745
crystalline,True,1.95,94.18379420783337,4.259179399246161,0.0,1.5570263929205084,0.0,0.004732421554717957
crystalline,True,1.9583333333333333,94.16558923278609,4.266726980855556,0.0,1.5676837863583954,0.0,0.004740807756506173
crystalline,True,1.9666666666666666,94.14741550811515,4.274224505773968,0.0,1.578359986110938,0.0,0.004749138339748853
crystalline,True,1.9749999999999999,94.12927283083008,4.2816723017234555,0.0,1.5890548674465186,0.0,0.004757413668581617
crystalline,True,1.9833333333333334,94.11116099931269,4.28907069423728,0.0,1.5997683064500863,0.0,0.004765634104708089
crystalline,True,1.9916666666666667,94.0930798133074,4.296420006674948,0.0,1.610500180017702,0.0,0.004773800007416609
crystalline,True,2.0,94.07502907391178,4.303720560237151,0.0,1.6212503658511241,0.0,0.004781911733596835
crystalline,True,2.0083333333333333,94.05700858356703,4.310972673980591,0.0,1.632018742452431,0.0,0.004789969637756212
crystalline,True,2.0166666666666666,94.03901814604868,4.318176664832703,0.0,1.6428051891186763,0.0,0.004797974072036337
crystalline,True,2.025,94.02105756645719,4.325332847606277,0.0,1.6536095859365874,0.0,0.004805925386229197
crystalline,True,2.033333333333333,94.00312665120879,4.332441535013965,0.0,1.6644318137772942,0.0,0.0048138239277932945
crystalline,True,2.0416666666666665,93.98522520802626,4.3395030376826895,0.0,1.6752717542910986,0.0,0.0048216700418696554
crystalline,True,2.05,93.96735304592983,4.346517664167953,0.0,1.6861292899022784,0.0,0.004829464071297726
crystalline,True,2.058333333333333,93.9495099752281,4.353485720968035,0.0,1.6970043038039242,0.0,0.004837206356631149
crystalline,True,2.0666666666666664,93.93169580750914,4.360407512538094,0.0,1.7078966799528166,0.0,0.004844897236153438
crystalline,True,2.075,93.91391035563154,4.36728334130417,0.0,1.7188063030643346,0.0,0.004852537045893522
crystalline,True,2.0833333333333335,93.89615343371557,4.374113507677083,0.0,1.7297330586073991,0.0,0.004860126119641203
crystalline,True,2.091666666666667,93.87842485713438,4.38089831006623,0.0,1.7406768327994553,0.0,0.004867664788962478
crystalline,True,2.1,93.86072444250529,4.387638044893292,0.0,1.7516375126014834,0.0,0.004875153383214768
crystalline,True,2.1083333333333334,93.84305200768118,4.394333006605834,0.0,1.7626149857130473,0.0,0.004882592229562038
crystalline,True,2.1166666666666667,93.82540737174186,4.400983487690815,0.0,1.7736091405673768,0.0,0.004889981652989794
crystalline,True,2.125,93.80779035498558,4.407589778687995,0.0,1.7846198663264818,0.0,0.004897321976319994
crystalline,True,2.1333333333333333,93.79020077892051,4.414152168203253,0.0,1.7956470528763018,0.0,0.004904613520225837
crystalline,True,2.1416666666666666,93.77263846625637,4.420670942921803,0.0,1.806690590821887,0.0,0.004911856603246448
crystalline,True,2.15,93.75510324089612,4.4271463876213275,0.0,1.8177503714826142,0.0,0.004919051541801475
crystalline,True,2.158333333333333,93.73759492792763,4.433578785184998,0.0,1.8288262868874328,0.0,0.004926198650205553
crystalline,True,2.1666666666666665,93.72011335361549,4.439968416614425,0.0,1.8399182297701457,0.0,0.004933298240682694
crystalline,True,2.175,93.70265834539283,4.446315561042502,0.0,1.8510260935647218,0.0,0.004940350623380558
crystalline,True,2.183333333333333,93.68522973185327,4.452620495746159,0.0,1.862149772400639,0.0,0.004947356106384622
crystalline,True,2.1916666666666664,93.66782734274277,4.458883496159031,0.0,1.8732891610982612,0.0,0.004954314995732257
crystalline,True,2.2,93.65045100895179,4.465104835884034,0.0,1.8844441551642455,0.0,0.004961227595426705
crystalline,True,2.2083333333333335,93.63310056250724,4.471284786705847,0.0,1.8956146507869793,0.0,0.004968094207450941
crystalline,True,2.216666666666667,93.6157758365647,4.477423618603315,0.0,1.9068005448320542,0.0,0.0049749151317814615
crystalline,True,2.225,93.59847666540055,4.483521599761755,0.0,1.9180017348377627,0.0,0.00498169066640195
crystalline,True,2.2333333333333334,93.58120288440425,4.489578996585179,0.0,1.9292181190106328,0.0,0.004988421107316865
crystalline,True,2.2416666666666667,93.56395433007064,4.4955960737084295,0.0,1.9404495962209871,0.0,0.004995106748564922
crystalline,True,2.25,93.54673083999229,4.501573094009233,0.0,1.9516960659985378,0.0,0.005001747882232481
crystalline,True,2.2583333333333333,93.5295322528519,4.507510318620158,0.0,1.9629574285280065,0.0,0.005008344798466842
crystalline,True,2.2666666666666666,93.51235840841478,4.513408006940499,0.0,1.9742335846447776,0.0,0.005014897785489443
crystalline,True,2.275,93.49520914752141,4.519266416648072,0.0,1.9855244358305792,0.0,0.005021407129608969
crystalline,True,2.283333333333333,93.47808431207994,4.525085803710922,0.0,1.9968298842091945,0.0,0.005027873115234357
crystalline,True,2.2916666666666665,93.4609837450589,4.530866422398961,0.0,2.0081498325422014,0.0,0.005034296024887734
crystalline,True,2.3,93.44390729047981,4.536608525295509,0.0,2.019484184224743,0.0,0.0050406761392172315
crystalline,True,2.308333333333333,93.42685479340999,4.542312363308759,0.0,2.0308328432813223,0.0,0.005047013737009732
crystalline,True,2.3166666666666664,93.40982609995527,4.547978185683166,0.0,2.0421957143616334,0.0,0.005053309095203518
crystalline,True,2.325,93.39282105725292,4.55360624001075,0.0,2.053572702736412,0.0,0.005059562488900834
crystalline,True,2.3333333333333335,93.37583951346444,4.559196772242319,0.0,2.0649637142933197,0.0,0.005065774191380355
crystalline,True,2.341666666666667,93.3588813177686,4.564750026698615,0.0,2.0763686555328555,0.0,0.005071944474109572
crystalline,True,2.35,93.3419463203544,4.570266246081383,0.0,2.0877874335642956,0.0,0.005078073606757092
crystalline,True,2.3583333333333334,93.32503437241405,4.575745671484358,0.0,2.099219956101657,0.0,0.005084161857204843
crystalline,True,2.3666666666666667,93.3081453261362,4.5811885424041785,0.0,2.110666131459692,0.0,0.005090209491560198
crystalline,True,2.375,93.29127903469895,4.586595096751217,0.0,2.1221258685499107,0.0,0.0050962167741680185
crystalline,True,2.3833333333333333,93.2744353522631,4.591965570860346,0.0,2.1335990768766266,0.0,0.005102183967622607
crystalline,True,2.3916666666666666,93.25761413396543,4.597300199501612,0.0,2.1450856665330322,0.0,0.005108111332779569
crystalline,True,2.4,93.24081523591191,4.602599215890852,0.0,2.156585548197301,0.0,0.005113999128767614
crystalline,True,2.408333333333333,93.22403851517113,4.607862851700223,0.0,2.1680986331287126,0.0,0.005119847613000248
crystalline,True,2.4166666666666665,93.2072838297676,4.613091337068656,0.0,2.1796248331638104,0.0,0.005125657041187396
crystalline,True,2.425,93.19055103867524,4.618284900612254,0.0,2.1911640607125773,0.0,0.0051314276673469494
crystalline,True,2.433333333333333,93.17384000181083,4.623443769434592,0.0,2.2027162287546456,0.0,0.005137159743816213
crystalline,True,2.4416666666666664,93.15715058002758,4.628568169136967,0.0,2.2142812508355254,0.0,0.005142853521263297
crystalline,True,2.45,93.14048263510864,4.633658323828562,0.0,2.225859041062863,0.0,0.005148509248698402
crystalline,True,2.4583333333333335,93.1238360297608,4.638714456136546,0.0,2.2374495141027233,0.0,0.005154127173485051
crystalline,True,2.466666666666667,93.10721062760808,4.643736787216098,0.0,2.2490525851758965,0.0,0.00515970754135122
crystalline,True,2.475,93.09060629318547,4.648725536760367,0.0,2.2606681700542315,0.0,0.005165250596400407
crystalline,True,2.4833333333333334,93.07402289193273,4.653680923010354,0.0,2.2722961850569927,0.0,0.005170756581122616
crystalline,True,2.4916666666666667,93.05746029018809,4.658603162764737,0.0,2.2839365470472432,0.0,0.005176225736405264
crystalline,True,2.5,93.04091835518221,4.6634924713896115,0.0,2.295589173428248,0.0,0.005181658301544012
crystalline,True,2.5083333333333333,93.02439695503199,4.668349062828177,0.0,2.3072539821399083,0.0,0.00518705451425353
crystalline,True,2.5166666666666666,93.00789595873451,4.673173149610348,0.0,2.318930891655214,0.0,0.0051924146106781645
crystalline,True,2.525,92.99141523616106,4.677964942862299,0.0,2.3306198209767235,0.0,0.005197738825402554
crystalline,True,2.533333333333333,92.97495465805106,4.682724652315946,0.0,2.3423206896330653,0.0,0.005203027391462162
crystalline,True,2.5416666666666665,92.95851409600625,4.687452486318357,0.0,2.354033417675465,0.0,0.00520828054035373
crystalline,True,2.55,92.94209342248467,4.6921486518411015,0.0,2.3657579256742953,0.0,0.0052134985020456685
crystalline,True,2.558333333333333,92.92569251079489,4.696813354489532,0.0,2.3774941347156466,0.0,0.005218681504988368
crystalline,True,2.5666666666666664,92.90931123509014,4.701446798511998,0.0,2.3892419663979254,0.0,0.005223829776124442
crystalline,True,2.575,92.8929494703626,4.706049186809006,0.0,2.401001342828473,0.0,0.005228943540898895
crystalline,True,2.5833333333333335,92.87660709243757,4.710620720942301,0.0,2.412772186620205,0.0,0.005234023023269223
crystalline,True,2.591666666666667,92.8602839779679,4.7151616011438975,0.0,2.424554420888278,0.0,0.0052390684457154415
crystalline,True,2.6,92.84398000442825,4.719672026325042,0.0,2.436347969246777,0.0,0.005244080029250047
crystalline,True,2.6083333333333334,92.82769505010954,4.72415219408511,0.0,2.448152755805422,0.0,0.0052490579934278995
crystalline,True,2.6166666666666667,92.81142899411331,4.72860230072045,0.0,2.4599687051663013,0.0,0.005254002556356056
crystalline,True,2.625,92.79518171634629,4.733022541233156,0.0,2.4717957424206243,0.0,0.005258913934703507
crystalline,True,2.6333333333333333,92.77895309751479,4.737413109339786,0.0,2.4836337931454975,0.0,0.005263792343710874
crystalline,True,2.6416666666666666,92.76274301911933,4.741774197480019,0.0,2.49548278340072,0.0,0.005268637997200022
crystalline,True,2.65,92.74655136344921,4.746105996825246,0.0,2.507342639725603,0.0,0.005273451107583607
crystalline,True,2.658333333333333,92.73037801357715,4.75040869728711,0.0,2.519213289135811,0.0,0.005278231885874567
crystalline,True,2.6666666666666665,92.71422285335387,4.75468248752598,0.0,2.5310946591202206,0.0,0.0052829805416955335
crystalline,True,2.675,92.6980857674029,4.758927554959369,0.0,2.542986677637804,0.0,0.005287697283288188
crystalline,True,2.683333333333333,92.68196664111525,4.763144085770293,0.0,2.554889273114533,0.0,0.005292382317522547
crystalline,True,2.6916666666666664,92.6658653606442,4.767332264915572,0.0,2.5668023744403015,0.0,0.005297035849906191
crystalline,True,2.7,92.64978181290012,4.771492276134076,0.0,2.5787259109658724,0.0,0.005301658084593417
crystalline,True,2.7083333333333335,92.63371588554533,4.775624301954908,0.0,2.590659812499841,0.0,0.005306249224394342
crystalline,True,2.716666666666667,92.61766746698892,4.779728523705534,0.0,2.6026040093056215,0.0,0.005310809470783926
crystalline,True,2.725,92.60163644638176,4.783805121519857,0.0,2.6145584320984545,0.0,0.005315339023910953
crystalline,True,2.7333333333333334,92.5856227136114,4.7878542743462384,0.0,2.6265230120424303,0.0,0.005319838082606931
crystalline,True,2.7416666666666667,92.56962615929707,4.791876159955453,0.0,2.638497680747537,0.0,0.005324306844394947
crystalline,True,2.75,92.55364667478473,4.795870954948598,0.0,2.6504823702667264,0.0,0.005328745505498443
crystalline,True,2.7583333333333333,92.5376841521421,4.79983883476495,0.0,2.6624770130929982,0.0,0.005333154260849945
crystalline,True,2.7666666666666666,92.5217384841538,4.803779973689755,0.0,2.6744815421565065,0.0,0.005337533304099728
crystalline,True,2.775,92.5058095643164,4.807694544861978,0.0,2.6864958908216847,0.0,0.0053418828276244204
crystalline,True,2.783333333333333,92.48989728683368,4.811582720281992,0.0,2.6985199928843877,0.0,0.005346203022535546
crystalline,True,2.7916666666666665,92.47400154661179,4.815444670819212,0.0,2.7105537825690567,0.0,0.0053504940786880135
crystalline,True,2.8,92.45812223925448,4.819280566219685,0.0,2.7225971945259007,0.0,0.005354756184688539
crystalline,True,2.808333333333333,92.44225926105834,4.8230905751136195,0.0,2.734650163828097,0.0,0.0053589895279040215
crystalline,True,2.8166666666666664,92.42641250900819,4.826874865022861,0.0,2.7467126259690122,0.0,0.005363194294469845
crystalline,True,2.825,92.4105818807723,4.830633602368328,0.0,2.758784516859439,0.0,0.005367370669298143
crystalline,True,2.8333333333333335,92.39476727469781,4.834366952477387,0.0,2.770865772824854,0.0,0.005371518836085986
crystalline,True,2.841666666666667,92.37896858980619,4.8380750795911736,0.0,2.782956330602693,0.0,0.005375638977323526
crystalline,True,2.85,92.36318572578854,4.841758146871875,0.0,2.7950561273396457,0.0,0.005379731274302083
crystalline,True,2.8583333333333334,92.34741858300114,4.845416316409954,0.0,2.8071651005889633,0.0,0.005383795907122172
crystalline,True,2.8666666666666667,92.33166706246094,4.849049749231322,0.0,2.8192831883077942,0.0,0.005387833054701469
crystalline,True,2.875,92.31593106584107,4.852658605304469,0.0,2.831410328854526,0.0,0.005391842894782743
crystalline,True,2.8833333333333333,92.30021049546637,4.856243043547535,0.0,2.8435464609861536,0.0,0.0053958256039417065
crystalline,True,2.8916666666666666,92.28450525430905,4.85980322183535,0.0,2.855691523855663,0.0,0.005399781357594834
crystalline,True,2.9,92.26881524598423,4.863339297006402,0.0,2.8678454570094285,0.0,0.005403710330007114
crystalline,True,2.908333333333333,92.25314037474566,4.866851424869777,0.0,2.8800082003846335,0.0,0.005407612694299752
crystalline,True,2.9166666666666665,92.23748054548132,4.8703397602120395,0.0,2.8921796943067046,0.0,0.005411488622457821
crystalline,True,2.925,92.22183566370923,4.873804456804073,0.0,2.9043598794867633,0.0,0.005415338285337859
crystalline,True,2.933333333333333,92.2062056355731,4.877245667407868,0.0,2.916548697019096,0.0,0.005419161852675409
crystalline,True,2.9416666666666664,92.19059036783815,4.880663543783266,0.0,2.92874608837864,0.0,0.005422959493092517
crystalline,True,2.95,92.17498976788691,4.884058236694659,0.0,2.940951995418487,0.0,0.005426731374105176
crystalline,True,2.9583333333333335,92.15940374371503,4.887429895917636,0.0,2.9531663603674008,0.0,0.0054304776621307066
crystalline,True,2.966666666666667,92.14383220392712,4.890778670245593,0.0,2.965389125827356,0.0,0.005434198522495104
crystalline,True,2.975,92.12827505773268,4.894104707496293,0.0,2.977620234771091,0.0,0.005437894119440326
crystalline,True,2.9833333333333334,92.112732214942,4.897408154518378,0.0,2.9898596305396734,0.0,0.0054415646161315315
crystalline,True,2.9916666666666667,92.09720358596212,4.900689157197844,0.0,3.00210725684009,0.0,0.005445210174664271
crystalline,True,3.0,92.08168908179275,4.903947860464462,0.0,3.014363057742845,0.0,0.005448830956071625
crystalline,True,3.0083333333333333,92.06618861402231,4.907184408298167,0.0,3.026626977679578,0.0,0.005452427120331296
crystalline,True,3.0166666666666666,92.05070209482396,4.910398943735389,0.0,3.038898961440698,0.0,0.005455998826372654
crystalline,True,3.025,92.03522943695167,4.913591608875355,0.0,3.0511789541730328,0.0,0.005459546232083727
crystalline,True,3.033333333333333,92.01977055373622,4.916762544886334,0.0,3.0634669013774927,0.0,0.005463069494318148
crystalline,True,3.0416666666666665,92.00432535908145,4.919911892011853,0.0,3.075762748906752,0.0,0.005466568768902059
crystalline,True,3.05,91.98889376746024,4.923039789576857,0.0,3.0880664429629436,0.0,0.005470044210640953
crystalline,True,3.058333333333333,91.97347569391083,4.9261463759938415,0.0,3.1003779300953713,0.0,0.005473495973326491
crystalline,True,3.0666666666666664,91.95807105403289,4.9292317887689245,0.0,3.1126971571982365,0.0,0.00547692420974325
crystalline,True,3.075,91.94267976398378,4.932296164507897,0.0,3.125024071508378,0.0,0.0054803290716754416
crystalline,True,3.0833333333333335,91.9273017404748,4.935339638922217,0.0,3.1373586206030306,0.0,0.005483710709913575
crystalline,True,3.091666666666667,91.91193690076749,4.93836234683497,0.0,3.1497007523975955,0.0,0.005487069274261078
crystalline,True,3.1,91.89658516266984,4.941364422186788,0.0,3.1620504151434288,0.0,0.005490404913540876
crystalline,True,3.1083333333333334,91.88124644453269,4.944345998041722,0.0,3.17440755742564,0.0,0.005493717775601914
crystalline,True,3.1166666666666667,91.86592066524605,4.947307206593087,0.0,3.1867721281609085,0.0,0.0054970080073256525
crystalline,True,3.125,91.85060774423549,4.950248179169252,0.0,3.1991440765953163,0.0,0.005500275754632502
crystalline,True,3.1333333333333333,91.83530760145847,4.953169046239403,0.0,3.21152335230219,0.0,0.005503521162488226
crystalline,True,3.1416666666666666,91.82002015740083,4.956069937419261,0.0,3.2239099051799616,0.0,0.0055067443749102895
crystalline,True,3.15,91.80474533307326,4.958950981476755,0.0,3.236303685450041,0.0,0.005509945534974172
crystalline,True,3.158333333333333,91.78948305000768,4.961812306337674,0.0,3.2487046436547047,0.0,0.0055131247848196376
crystalline,True,3.1666666666666665,91.7742332302538,4.964654039091259,0.0,3.2611127306549963,0.0,0.005516282265656954
crystalline,True,3.175,91.75899579637563,4.967476305995773,0.0,3.273527897628643,0.0,0.005519418117773081
crystalline,True,3.183333333333333,91.74377067144803,4.970279232484028,0.0,3.2859500960679844,0.0,0.005522532480537809
crystalline,True,3.1916666666666664,91.72855777905326,4.973062943168867,0.0,3.298379277777916,0.0,0.005525625492409853
crystalline,True,3.2,91.71335704327758,4.975827561848623,0.0,3.3108153948738472,0.0,0.005528697290942915
crystalline,True,3.2083333333333335,91.69816838870784,4.978573211512527,0.0,3.323258399779669,0.0,0.005531748012791697
crystalline,True,3.216666666666667,91.6829917404282,4.981300014346091,0.0,3.33570824522574,0.0,0.005534777793717878
crystalline,True,3.225,91.66782702401672,4.984008091736441,0.0,3.348164884246885,0.0,0.005537786768596046
crystalline,True,3.2333333333333334,91.65267416554201,4.986697564277628,0.0,3.360628270180403,0.0,0.005540775071419586
crystalline,True,3.2416666666666667,91.63753309156004,4.989368551775894,0.0,3.3730983566640926,0.0,0.005543742835306549
crystalline,True,3.25,91.62240372911084,4.992021173254903,0.0,3.385575097634288,0.0,0.005546690192505448
crystalline,True,3.2583333333333333,91.60728600571518,4.9946555469609395,0.0,3.3980584473239106,0.0,0.005549617274401044
crystalline,True,3.2666666666666666,91.59217984937143,4.997271790368068,0.0,3.410548360260531,0.0,0.005552524211520076
crystalline,True,3.275,91.57708518855233,4.9998700201832635,0.0,3.4230447912644455,0.0,0.00555541113353696
crystalline,True,3.283333333333333,91.56200195220178,5.002450352351496,0.0,3.4355476954467625,0.0,0.00555827816927944
crystalline,True,3.2916666666666665,91.54693006973174,5.005012902060796,0.0,3.448057028207508,0.0,0.005561125446734217
crystalline,True,3.3,91.53186947101904,5.0075577837472665,0.0,3.4605727452337347,0.0,0.005563953093052518
crystalline,True,3.308333333333333,91.5168200864023,5.010085111100084,0.0,3.473094802497653,0.0,0.005566761234555649
crystalline,True,3.3166666666666664,91.50178184667882,5.012594997066443,0.0,3.485623156254767,0.0,0.005569549996740492
crystalline,True,3.3249999999999997,91.48675468310154,5.015087553856482,0.0,3.498157763042025,0.0,0.00557231950428498
crystalline,True,3.3333333333333335,91.47173852737589,5.017562892948168,0.0,3.510698579675988,0.0,0.005575069881053519
crystalline,True,3.341666666666667,91.45673331165689,5.020021125092153,0.0,3.523245563250997,0.0,0.005577801250102392
crystalline,True,3.35,91.44173896854606,5.0224623603166,0.0,3.535798671137369,0.0,0.0055805137336851105
crystalline,True,3.3583333333333334,91.42675543108848,5.02488670793196,0.0,3.5483578609795923,0.0,0.005583207453257733
crystalline,True,3.3666666666666667,91.41178263276976,5.027294276535739,0.0,3.5609230906945384,0.0,0.005585882529484154
crystalline,True,3.375,91.39682050751313,5.029685174017218,0.0,3.573494318469688,0.0,0.0055885390822413535
crystalline,True,3.3833333333333333,91.38186898967653,5.032059507562146,0.0,3.586071502761363,0.0,0.005591177230624607
crystalline,True,3.3916666666666666,91.36692801404966,5.034417383657401,0.0,3.5986546022929766,0.0,0.005593797092952668
crystalline,True,3.4,91.35199751585114,5.036758908095615,0.0,3.6112435760532886,0.0,0.005596398786772906
crystalline,True,3.408333333333333,91.33707743072559,5.039084185979777,0.0,3.6238383832946788,0.0,0.0055989824288664196
crystalline,True,3.4166666666666665,91.32216769474081,5.041393321727796,0.0,3.636438983531426,0.0,0.005601548135253106
crystalline,True,3.425,91.307268244385,5.043686419077035,0.0,3.6490453365380042,0.0,0.005604096021196706
crystalline,True,3.433333333333333,91.29237901656383,5.045963581088821,0.0,3.6616574023473825,0.0,0.005606626201209801
crystalline,True,3.4416666666666664,91.27749994859778,5.048224910152915,0.0,3.674275141249344,0.0,0.0056091387890587945
crystalline,True,3.4499999999999997,91.26263097821926,5.050470507991955,0.0,3.6868985137888113,0.0,0.005611633897768839
crystalline,True,3.4583333333333335,91.24777204356998,5.052700475665874,0.0,3.6995274807641847,0.0,0.005614111639628749
crystalline,True,3.466666666666667,91.23292308319806,5.054914913576283,0.0,3.7121620032256897,0.0,0.00561657212619587
crystalline,True,3.475,91.21808403605547,5.0571139214708225,0.0,3.7248020424737374,0.0,0.005619015468300914
crystalline,True,3.4833333333333334,91.20325484149525,5.059297598447491,0.0,3.7374475600572965,0.0,0.005621441776052768
crystalline,True,3.4916666666666667,91.18843543926883,5.061466042958939,0.0,3.7500985177722717,0.0,0.005623851158843266
crystalline,True,3.5,91.1736257695234,5.063619352816737,0.0,3.762754877659898,0.0,0.00562624372535193
crystalline,True,3.5083333333333333,91.15882577279928,5.065757625195613,0.0,3.7754166020051407,0.0,0.005628619583550681
crystalline,True,3.5166666666666666,91.14403539002726,5.067880956637661,0.0,3.7880836533351125,0.0,0.005630978840708512
crystalline,True,3.525,91.12925456252601,5.0699894430565235,0.0,3.800755994417494,0.0,0.005633321603396137
crystalline,True,3.533333333333333,91.11448323199951,5.072083179741545,0.0,3.8134335882589676,0.0,0.0056356479774906055
crystalline,True,3.5416666666666665,91.09972134053447,5.074162261361893,0.0,3.8261163981036646,0.0,0.005637958068179881
crystalline,True,3.55,91.08496883059775,5.076226781970659,0.0,3.838804387431618,0.0,0.005640251979967399
crystalline,True,3.558333333333333,91.07022564503387,5.078276835008927,0.0,3.8514975199572263,0.0,0.005642529816676585
crystalline,True,3.5666666666666664,91.05549172706249,5.080312513309811,0.0,3.8641957596277314,0.0,0.005644791681455345
crystalline,True,3.5749999999999997,91.04076702027585,5.082333909102479,0.0,3.8768990706217017,0.0,0.005647037676780532
crystalline,True,3.5833333333333335,91.02605146863637,5.08434111401613,0.0,3.889607417347529,0.0,0.0056492679044623665
crystalline,True,3.591666666666667,91.01134501647414,5.086334219083963,0.0,3.9023207644419284,0.0,0.005651482465648848
crystalline,True,3.6,90.99664760848447,5.088313314747105,0.0,3.915039076768461,0.0,0.005653681460830117
crystalline,True,3.6083333333333334,90.98195918972546,5.090278490858523,0.0,3.9277623194160536,0.0,0.005655864989842803
crystalline,True,3.6166666666666667,90.9672797056156,5.0922298366869025,0.0,3.9404904576975337,0.0,0.005658033151874336
crystalline,True,3.625,90.95260910193134,5.094167440920504,0.0,3.953223457148175,0.0,0.0056601860454672265
crystalline,True,3.6333333333333333,90.93794732480478,5.096091391670993,0.0,3.9659612835242495,0.0,0.005662323768523325
crystalline,True,3.6416666666666666,90.9232943207212,5.098001776477239,0.0,3.978703902801592,0.0,0.005664446418308044
crystalline,True,3.65,90.90865003651676,5.0998986823090995,0.0,3.991451281174173,0.0,0.005666554091454555
crystalline,True,3.658333333333333,90.89401441937618,5.101782195571167,0.0,4.004203385052678,0.0,0.005668646883967963
crystalline,True,3.6666666666666665,90.87938741683041,5.1036524021065,0.0,4.016960181063105,0.0,0.005670724891229445
crystalline,True,3.675,90.86476897675433,5.105509387200325,0.0,4.029721636045358,0.0,0.005672788208000361
crystalline,True,3.683333333333333,90.85015904736446,5.107353235583707,0.0,4.042487717051863,0.0,0.005674836928426341
crystalline,True,3.6916666666666664,90.83555757721663,5.109184031437212,0.0,4.055258391346183,0.0,0.0056768711460413466
crystalline,True,3.6999999999999997,90.82096451520384,5.111001858394529,0.0,4.06803362640165,0.0,0.005678890953771699
crystalline,True,3.7083333333333335,90.80637981055395,5.112806799546073,0.0,4.080813389899999,0.0,0.005680896443940081
crystalline,True,3.716666666666667,90.79180341282743,5.114598937442569,0.0,4.093597649730016,0.0,0.005682887708269521
crystalline,True,3.725,90.77723527191523,5.116378354098601,0.0,4.106386373986193,0.0,0.005684864837887335
crystalline,True,3.7333333333333334,90.76267533803649,5.11814513099615,0.0,4.119179530967392,0.0,0.005686827923329056
crystalline,True,3.7416666666666667,90.74812356173642,5.119899349088096,0.0,4.131977089175517,0.0,0.00568877705454233
crystalline,True,3.75,90.73357989388413,5.121641088801707,0.0,4.144779017314198,0.0,0.005690712320890785
crystalline,True,3.7583333333333333,90.71904428567046,5.123370430042094,0.0,4.157585284287479,0.0,0.005692633811157882
crystalline,True,3.7666666666666666,90.70451668860586,5.125087452195657,0.0,4.170395859198517,0.0,0.005694541613550729
crystalline,True,3.775,90.68999705451826,5.12679223413349,0.0,4.183210711348291,0.0,0.005696435815703878
crystalline,True,3.783333333333333,90.67548533555095,5.128484854214781,0.0,4.196029810234318,0.0,0.00569831650468309
crystalline,True,3.7916666666666665,90.6609814841605,5.130165390290173,0.0,4.208853125549374,0.0,0.005700183766989082
crystalline,True,3.8,90.64648545311469,5.1318339197051195,0.0,4.221680627180232,0.0,0.005702037688561244
crystalline,True,3.808333333333333,90.63199719549044,5.133490519303199,0.0,4.234512285206399,0.0,0.005703878354781332
crystalline,True,3.8166666666666664,90.61751666467175,5.135135265429421,0.0,4.247348069898869,0.0,0.005705705850477134
crystalline,True,3.8249999999999997,90.60304381434766,5.136768233933508,0.0,4.260187951718875,0.0,0.00570752025992612
crystalline,True,3.8333333333333335,90.58857859851022,5.138389500173149,0.0,4.2730319013166636,0.0,0.005709321666859055
crystalline,True,3.841666666666667,90.57412097145254,5.139999139017236,0.0,4.285879889530259,0.0,0.005711110154463596
crystalline,True,3.85,90.5596708877667,5.141597224849078,0.0,4.298731887384253,0.0,0.005712885805387864
crystalline,True,3.8583333333333334,90.54522830234185,5.143183831569595,0.0,4.311587866088591,0.0,0.005714648701743995
crystalline,True,3.8666666666666667,90.53079317036217,5.144759032600486,0.0,4.324447797037373,0.0,0.0057163989251116515
crystalline,True,3.875,90.516365447305,5.146322900887385,0.0,4.337311651807654,0.0,0.005718136556541539
crystalline,True,3.8833333333333333,90.5019450889388,5.14787550890298,0.0,4.350179402158263,0.0,0.005719861676558867
crystalline,True,3.8916666666666666,90.48753205132128,5.1494169286501315,0.0,4.363051020028624,0.0,0.005721574365166813
crystalline,True,3.9,90.47312629079751,5.150947231664951,0.0,4.375926477537583,0.0,0.005723274701849945
crystalline,True,3.908333333333333,90.45872776399793,5.152466489019873,0.0,4.388805746982245,0.0,0.005724962765577637
crystalline,True,3.9166666666666665,90.44433642783653,5.1539747713266975,0.0,4.401688800836821,0.0,0.005726638634807442
crystalline,True,3.925,90.42995223950895,5.1554721487396185,0.0,4.41457561175148,0.0,0.005728302387488465
crystalline,True,3.933333333333333,90.41557515649062,5.156958690958226,0.0,4.427466152551204,0.0,0.0057299541010646955
crystalline,True,3.9416666666666664,90.4012051365349,5.158434467230494,0.0,4.440360396234661,0.0,0.005731593852478327
crystalline,True,3.9499999999999997,90.38684213767124,5.159899546355745,0.0,4.453258315973079,0.0,0.00573322171817305
crystalline,True,3.9583333333333335,90.37248611820334,5.161353996687594,0.0,4.466159885109124,0.0,0.005734837774097327
crystalline,True,3.966666666666667,90.35813703670739,5.162797886136874,0.0,4.479065077155794,0.0,0.0057364420957076384
crystalline,True,3.975,90.3437948520302,5.1642312821745495,0.0,4.491973865795312,0.0,0.005738034757971721
crystalline,True,3.9833333333333334,90.32945952328744,5.1656542518345905,0.0,4.504886224878031,0.0,0.005739615835371767
crystalline,True,3.9916666666666667,90.31513100986186,5.167066861716851,0.0,4.517802128421348,0.0,0.0057411854019076124
crystalline,True,4.0,90.30080927140153,5.1684691779899135,0.0,4.530721550608619,0.0,0.0057427435310999034
crystalline,True,4.008333333333333,90.28649426781806,5.169861266393917,0.0,4.543644465788084,0.0,0.005744290295993241
crystalline,True,4.016666666666667,90.27218595928488,5.171243192243368,0.0,4.556570848471805,0.0,0.005745825769159298
crystalline,True,4.025,90.25788430623552,5.172615020429937,0.0,4.569500673334595,0.0,0.0057473500226999305
crystalline,True,4.033333333333333,90.24358926936186,5.173976815425225,0.0,4.582433915212973,0.0,0.00574886312825025
crystalline,True,4.041666666666667,90.22930080961243,5.175328641283518,0.0,4.595370549104119,0.0,0.005750365156981687
crystalline,True,4.05,90.2150188881907,5.176670561644533,0.0,4.608310550164822,0.0,0.005751856179605037
crystalline,True,4.058333333333334,90.20074346655348,5.178002639736123,0.0,4.6212538937104615,0.0,0.00575333626637347
crystalline,True,4.066666666666666,90.1864745064091,5.179324938376986,0.0,4.634200555213971,0.0,0.00575480548708554
crystalline,True,4.075,90.17221196971589,5.180637519979345,0.0,4.647150510304826,0.0,0.005756263911088161
crystalline,True,4.083333333333333,90.15795581868043,5.181940446551606,0.0,4.66010373476802,0.0,0.005757711607279563
crystalline,True,4.091666666666667,90.14370601575597,5.183233779701016,0.0,4.673060204543076,0.0,0.0057591486441122405
crystalline,True,4.1,90.12946252364075,5.184517580636281,0.0,4.686019895723025,0.0,0.005760575089595868
crystalline,True,4.108333333333333,90.11522530527645,5.18579191017018,0.0,4.698982784553434,0.0,0.0057619910113002005
crystalline,True,4.116666666666666,90.10099432384649,5.187056828722161,0.0,4.711948847431402,0.0,0.005763396476357957
crystalline,True,4.125,90.08676954277455,5.188312396320919,0.0,4.724918060904594,0.0,0.0057647915514676875
crystalline,True,4.133333333333333,90.07255092572285,5.189558672606948,0.0,4.737890401670256,0.0,0.005766176302896608
crystalline,True,4.141666666666667,90.05833843659072,5.190795716835089,0.0,4.750865846574257,0.0,0.005767550796483432
crystalline,True,4.15,90.04413203951289,5.192023587877055,0.0,4.763844372610121,0.0,0.005768915097641172
crystalline,True,4.158333333333333,90.02993169885805,5.19324234422394,0.0,4.776825956918074,0.0,0.005770269271359933
crystalline,True,4.166666666666667,90.01573737922726,5.194452043988706,0.0,4.7898105767841,0.0,0.005771613382209674
crystalline,True,4.175,90.0015490454524,5.195652744908664,0.0,4.802798209638991,0.0,0.005772947494342959
crystalline,True,4.183333333333334,89.98736666259472,5.196844504347928,0.0,4.815788833057419,0.0,0.005774271671497698
crystalline,True,4.191666666666666,89.9731901959432,5.198027379299865,0.0,4.828782424757001,0.0,0.00577558597699985
crystalline,True,4.2,89.95901961101318,5.199201426389511,0.0,4.841778962597377,0.0,0.005776890473766123
crystalline,True,4.208333333333333,89.94485487354478,5.200366701875988,0.0,4.854778424579289,0.0,0.005778185224306654
crystalline,True,4.216666666666667,89.93069594950148,5.201523261654898,0.0,4.867780788843676,0.0,0.005779470290727664
crystalline,True,4.225,89.9165428050686,5.202671161260696,0.0,4.880786033670762,0.0,0.005780745734734106
crystalline,True,4.233333333333333,89.90239540665183,5.203810455869057,0.0,4.8937941374791585,0.0,0.005782011617632286
crystalline,True,4.241666666666666,89.88825372087587,5.204941200299222,0.0,4.906805078824968,0.0,0.0057832680003324696
crystalline,True,4.25,89.87411771458282,5.206063449016329,0.0,4.9198188364009035,0.0,0.005784514943351477
crystalline,True,4.258333333333333,89.85998735483095,5.2071772561337255,0.0,4.932835389035393,0.0,0.00578575250681525
crystalline,True,4.266666666666667,89.84586260889307,5.208282675415272,0.0,4.945854715691719,0.0,0.005786980750461413
crystalline,True,4.275,89.83174344425531,5.209379760277626,0.0,4.958876795467131,0.0,0.005788199733641807
crystalline,True,4.283333333333333,89.81762982861557,5.210468563792512,0.0,4.9719016075919935,0.0,0.005789409515325013
crystalline,True,4.291666666666667,89.80352172988216,5.211549138688976,0.0,4.984929131428921,0.0,0.005790610154098862
crystalline,True,4.3,89.78941911617252,5.212621537355623,0.0,4.997959346471922,0.0,0.005791801708172914
crystalline,True,4.308333333333334,89.77532195581166,5.213685811842844,0.0,5.010992232345559,0.0,0.005792984235380938
crystalline,True,4.316666666666666,89.76123021733095,5.21474201386503,0.0,5.024027768804092,0.0,0.0057941577931833665
crystalline,True,4.325,89.74714386946665,5.215790194802757,0.0,5.037065935730656,0.0,0.00579532243866973
crystalline,True,4.333333333333333,89.73306288115867,5.216830405704977,0.0,5.050106713136418,0.0,0.005796478228561086
crystalline,True,4.341666666666667,89.71898722154913,5.217862697291178,0.0,5.063150081159759,0.0,0.00579762521921242
crystalline,True,4.35,89.70491685998107,5.21888711995354,0.0,5.076196020065447,0.0,0.0057987634666150445
crystalline,True,4.358333333333333,89.69085176599717,5.21990372375907,0.0,5.089244510243822,0.0,0.005799893026398967
crystalline,True,4.366666666666666,89.67679190933833,5.220912558451727,0.0,5.10229553220999,0.0,0.005801013953835252
crystalline,True,4.375,89.66273725994252,5.221913673454529,0.0,5.115349066603015,0.0,0.005802126303838366
crystalline,True,4.383333333333333,89.64868778794329,5.222907117871655,0.0,5.1284050941851165,0.0,0.0058032301309685055
crystalline,True,4.391666666666667,89.63464346366865,5.223892940490516,0.0,5.141463595840883,0.0,0.0058043254894339065
crystalline,True,4.4,89.62060425763976,5.224871189783834,0.0,5.154524552576475,0.0,0.005805412433093149
crystalline,True,4.408333333333333,89.60657014056953,5.225841913911687,0.0,5.167587945518839,0.0,0.00580649101545743
crystalline,True,4.416666666666667,89.59254108336157,5.226805160723556,0.0,5.180653755914944,0.0,0.00580756128969284
crystalline,True,4.425,89.57851705710873,5.227760977760347,0.0,5.193721965130987,0.0,0.005808623308622608
crystalline,True,4.433333333333334,89.56449803309202,5.228709412256409,0.0,5.206792554651638,0.0,0.005809677124729343
crystalline,True,4.441666666666666,89.55048398277927,5.22965051114153,0.0,5.219865506079268,0.0,0.0058107227901572555
crystalline,True,4.45,89.53647487782393,5.230584321042928,0.0,5.232940801133201,0.0,0.005811760356714364
crystalline,True,4.458333333333333,89.5224706900639,5.231510888287221,0.0,5.246018421648944,0.0,0.00581278987587469
crystalline,True,4.466666666666667,89.50847139152022,5.232430258902389,0.0,5.259098349577454,0.0,0.005813811398780433
crystalline,True,4.475,89.49447695439595,5.233342478619726,0.0,5.272180566984382,0.0,0.00581482497624414
crystalline,True,4.483333333333333,89.48048735107496,5.234247592875766,0.0,5.285265056049343,0.0,0.005815830658750851
crystalline,True,4.491666666666666,89.46650255412068,5.235145646814213,0.0,5.298351799065171,0.0,0.005816828496460237
crystalline,True,4.5,89.45252253627501,5.236036685287848,0.0,5.311440778437201,0.0,0.00581781853920872
crystalline,True,4.508333333333333,89.43854727045711,5.236920752860423,0.0,5.324531976682533,0.0,0.005818800836511581
crystalline,True,4.516666666666667,89.42457672976218,5.237797893808549,0.0,5.337625376429324,0.0,0.005819775437565055
crystalline,True,4.525,89.41061088746044,5.238668152123567,0.0,5.350720960416058,0.0,0.005820742391248407
crystalline,True,4.533333333333333,89.39664971699581,5.239531571513402,0.0,5.363818711490845,0.0,0.0058217017461260024
crystalline,True,4.541666666666667,89.38269319198493,5.240388195404419,0.0,5.376918612610717,0.0,0.005822653550449354
crystalline,True,4.55,89.3687412862159,5.241238066943251,0.0,5.390020646840915,0.0,0.005823597852159168
crystalline,True,4.558333333333334,89.35479397364723,5.242081228998625,0.0,5.403124797354205,0.0,0.005824534698887361
crystalline,True,4.566666666666666,89.34085122840672,5.2429177241631715,0.0,5.4162310474301725,0.0,0.00582546413795908
crystalline,True,4.575,89.32691302479029,5.243747594755222,0.0,5.42933938045455,0.0,0.005826386216394691
crystalline,True,4.583333333333333,89.31297933726094,5.244570882820598,0.0,5.442449779918517,0.0,0.005827300980911776
crystalline,True,4.591666666666667,89.29905014044763,5.245387630134386,0.0,5.455562229418034,0.0,0.005828208477927095
crystalline,True,4.6,89.2851254091442,5.246197878202696,0.0,5.468676712653159,0.0,0.005829108753558551
crystalline,True,4.608333333333333,89.27120511830825,5.247001668264422,0.0,5.481793213427384,0.0,0.005830001853627135
crystalline,True,4.616666666666666,89.25728924306011,5.247799041292973,0.0,5.4949117156469605,0.0,0.005830887823658859
crystalline,True,4.625,89.24337775868179,5.2485900379980075,0.0,5.508032203320253,0.0,0.005831766708886675
crystalline,True,4.633333333333333,89.22947064061584,5.2493746988271495,0.0,5.521154660557062,0.0,0.005832638554252388
crystalline,True,4.641666666666667,89.21556786446438,5.25015306396769,0.0,5.534279071567989,0.0,0.005833503404408544
crystalline,True,4.65,89.201669405988,5.250925173348288,0.0,5.547405420663775,0.0,0.00583436130372032
crystalline,True,4.658333333333333,89.18777524110475,5.251691066640651,0.0,5.560533692254664,0.0,0.00583521229626739
crystalline,True,4.666666666666667,89.17388534588909,5.252450783261206,0.0,5.573663870849759,0.0,0.005836056425845784
crystalline,True,4.675,89.15999969657092,5.253204362372761,0.0,5.586795941056385,0.0,0.005836893735969735
crystalline,True,4.683333333333334,89.14611826953444,5.253951842886158,0.0,5.599929887579464,0.0,0.005837724269873509
crystalline,True,4.691666666666666,89.13224104131727,5.254693263461911,0.0,5.613065695220874,0.0,0.005838548070513234
crystalline,True,4.7,89.11836798860939,5.25542866251183,0.0,5.626203348878842,0.0,0.0058393651805687
crystalline,True,4.708333333333333,89.1044990882521,5.256158078200647,0.0,5.639342833547306,0.0,0.0058401756424451634
crystalline,True,4.716666666666667,89.09063431723712,5.256881548447618,0.0,5.6524841343153165,0.0,0.005840979498275131
crystalline,True,4.725,89.07677365270553,5.257599110928121,0.0,5.6656272363664115,0.0,0.005841776789920134
crystalline,True,4.733333333333333,89.0629170719468,5.258310803075241,0.0,5.678772124978019,0.0,0.00584256755897249
crystalline,True,4.741666666666666,89.04906455239788,5.259016662081344,0.0,5.691918785520843,0.0,0.005843351846757049
crystalline,True,4.75,89.03521607164214,5.25971672489965,0.0,5.705067203458276,0.0,0.005844129694332944
crystalline,True,4.758333333333333,89.0213716074085,5.260411028245777,0.0,5.718217364345788,0.0,0.005844901142495308
crystalline,True,4.766666666666667,89.00753113757042,5.2610996085992925,0.0,5.7313692538303505,0.0,0.005845666231776992
crystalline,True,4.775,88.993694640145,5.261782502205247,0.0,5.7445228576498355,0.0,0.005846425002450275
crystalline,True,4.783333333333333,88.97986209329194,5.262459745075699,0.0,5.757678161632437,0.0,0.005847177494528554
crystalline,True,4.791666666666667,88.96603347531276,5.263131372991224,0.0,5.770835151696091,0.0,0.005847923747768027
crystalline,True,4.8,88.95220876464975,5.263797421502428,0.0,5.7839938138478955,0.0,0.005848663801669364
crystalline,True,4.808333333333334,88.9383879398851,5.264457925931431,0.0,5.797154134183541,0.0,0.005849397695479368
crystalline,True,4.816666666666666,88.92457097973998,5.265112921373362,0.0,5.810316098886736,0.0,0.005850125468192624
crystalline,True,4.825,88.9107578630736,5.265762442697827,0.0,5.8234796942286495,0.0,0.005850847158553141
crystalline,True,4.833333333333333,88.89694856888237,5.266406524550378,0.0,5.836644906567337,0.0,0.005851562805055976
crystalline,True,4.841666666666667,88.88314307629892,5.267045201353964,0.0,5.8498117223472,0.0,0.005852272445948849
crystalline,True,4.85,88.86934136459129,5.267678507310382,0.0,5.862980128098408,0.0,0.005852976119233758
crystalline,True,4.858333333333333,88.855543413162,5.268306476401709,0.0,5.87615011043637,0.0,0.005853673862668565
crystalline,True,4.866666666666666,88.84174920154717,5.268929142391732,0.0,5.889321656061171,0.0,0.005854365713768591
crystalline,True,4.875,88.82795870941568,5.269546538827365,0.0,5.90249475175704,0.0,0.005855051709808184
crystalline,True,4.883333333333333,88.81417191656823,5.2701586990400555,0.0,5.915669384391795,0.0,0.005855731887822284
crystalline,True,4.891666666666667,88.80038880293657,5.270765656147184,0.0,5.928845540916324,0.0,0.005856406284607982
crystalline,True,4.9,88.78660934858259,5.271367443053454,0.0,5.942023208364038,0.0,0.00585707493672606
crystalline,True,4.908333333333333,88.77283353369747,5.271964092452275,0.0,5.955202373850342,0.0,0.005857737880502528
crystalline,True,4.916666666666667,88.75906133860084,5.27255563682713,0.0,5.968383024572118,0.0,0.005858395152030144
crystalline,True,4.925,88.74529274373995,5.273142108452941,0.0,5.981565147807192,0.0,0.005859046787169934
crystalline,True,4.933333333333334,88.73152772968885,5.273723539397419,0.0,5.9947487309138205,0.0,0.0058596928215526875
crystalline,True,4.941666666666666,88.7177662771475,5.274299961522413,0.0,6.007933761330168,0.0,0.005860333290580459
crystalline,True,4.95,88.70400836694104,5.274871406485244,0.0,6.021120226573803,0.0,0.005860968229428049
crystalline,True,4.958333333333333,88.69025398001888,5.27543790574003,0.0,6.034308114241177,0.0,0.005861597673044477
crystalline,True,4.966666666666667,88.67650309745395,5.275999490539006,0.0,6.047497412007129,0.0,0.005862221656154452
crystalline,True,4.975,88.66275570044188,5.276556191933838,0.0,6.060688107624373,0.0,0.00586284021325982
crystalline,True,4.983333333333333,88.64901177030016,5.2771080407769135,0.0,6.0738801889230105,0.0,0.005863453378641015
crystalline,True,4.991666666666666,88.63527128846742,5.277655067722645,0.0,6.087073643810016,0.0,0.005864061186358494
crystalline,True,5.0,88.62153423650257,5.278197303228746,0.0,6.1002684602687625,0.0,0.005864663670254162
crystalline,True,5.008333333333333,88.60780059608405,5.278734777557512,0.0,6.113464626358517,0.0,0.005865260863952791
crystalline,True,5.016666666666667,88.59407034900903,5.279267520777083,0.0,6.1266621302139646,0.0,0.0058658528008634254
crystalline,True,5.025,88.58034347719266,5.2797955627627084,0.0,6.139860960044714,0.0,0.0058664395141807876
crystalline,True,5.033333333333333,88.56661996266726,5.280318933197991,0.0,6.153061104134824,0.0,0.005867021036886657
crystalline,True,5.041666666666667,88.55289978758162,5.280837661576134,0.0,6.166262550842328,0.0,0.00586759740175126
crystalline,True,5.05,88.53918293420016,5.281351777201173,0.0,6.179465288598749,0.0,0.0058681686413346364
crystalline,True,5.058333333333334,88.52546938490224,5.2818613091892015,0.0,6.192669305908641,0.0,0.005868734787988002
crystalline,True,5.066666666666666,88.51175912218137,5.282366286469593,0.0,6.20587459134911,0.0,0.005869295873855103
crystalline,True,5.075,88.49805212864452,5.282866737786205,0.0,6.219081133569357,0.0,0.005869851930873561
crystalline,True,5.083333333333333,88.48434838701128,5.2833626916985885,0.0,6.232288921290209,0.0,0.00587040299077621
crystalline,True,5.091666666666667,88.47064788011323,5.283854176583176,0.0,6.245497943303666,0.0,0.005870949085092418
crystalline,True,5.1,88.45695059089317,5.284341220634469,0.0,6.258708188472435,0.0,0.00587149024514941
crystalline,True,5.108333333333333,88.44325650240437,5.2848238518662205,0.0,6.271919645729493,0.0,0.005872026502073579
crystalline,True,5.116666666666666,88.42956559780986,5.2853020981126,0.0,6.285132304077616,0.0,0.0058725578867917785
crystalline,True,5.125,88.41587786038176,5.285775987029364,0.0,6.298346152588953,0.0,0.0058730844300326265
crystalline,True,5.133333333333333,88.40219327350052,5.286245546095004,0.0,6.311561180404559,0.0,0.005873606162327782
crystalline,True,5.141666666666667,88.3885118206542,5.286710802611901,0.0,6.324777376733975,0.0,0.005874123114013223
crystalline,True,5.15,88.37483348543783,5.28717178370746,0.0,6.337994730854773,0.0,0.0058746353152305105
crystalline,True,5.158333333333333,88.3611582515527,5.287628516335248,0.0,6.351213232112127,0.0,0.005875142795928053
crystalline,True,5.166666666666667,88.34748610280558,5.288081027276119,0.0,6.364432869918382,0.0,0.005875645585862355
crystalline,True,5.175,88.33381702310812,5.288529343139329,0.0,6.377653633752614,0.0,0.005876143714599254
crystalline,True,5.183333333333334,88.3201509964762,5.288973490363649,0.0,6.390875513160218,0.0,0.005876637211515165
crystalline,True,5.191666666666666,88.30648800702915,5.289413495218469,0.0,6.404098497752463,0.0,0.005877126105798299
crystalline,True,5.2,88.29282803898909,5.289849383804894,0.0,6.4173225772060905,0.0,0.0058776104264498825
crystalline,True,5.208333333333333,88.27917107668036,5.290281182056833,0.0,6.43054774126288,0.0,0.00587809020228537
crystalline,True,5.216666666666667,88.26551710452875,5.290708915742082,0.0,6.44377397972924,0.0,0.0058785654619356465
crystalline,True,5.225,88.25186610706089,5.291132610463396,0.0,6.457001282475791,0.0,0.0058790362338482175
crystalline,True,5.233333333333333,88.23821806890356,5.29155229165956,0.0,6.470229639436957,0.0,0.0058795025462884
crystalline,True,5.241666666666666,88.22457297478307,5.291967984606449,0.0,6.483459040610552,0.0,0.0058799644273404995
crystalline,True,5.25,88.21093080952461,5.292379714418085,0.0,6.496689476057382,0.0,0.005880421904908983
crystalline,True,5.258333333333333,88.19729155805157,5.292787506047676,0.0,6.509920935900829,0.0,0.00588087500671964
crystalline,True,5.266666666666667,88.18365520538495,5.293191384288665,0.0,6.523153410326467,0.0,0.005881323760320739
crystalline,True,5.275,88.17002173664268,5.293591373775758,0.0,6.5363868895816495,0.0,0.005881768193084175
crystalline,True,5.283333333333333,88.15639113703901,5.2939874989859526,0.0,6.549621363975119,0.0,0.005882208332206614
crystalline,True,5.291666666666667,88.1427633918839,5.29437978423956,0.0,6.562856823876619,0.0,0.005882644204710622
crystalline,True,5.3,88.12913848658238,5.294768253701212,0.0,6.576093259716494,0.0,0.005883075837445791
crystalline,True,5.308333333333334,88.11551640663389,5.295152931380876,0.0,6.589330661985311,0.0,0.005883503257089862
crystalline,True,5.316666666666666,88.10189713763177,5.295533841134849,0.0,6.602569021233465,0.0,0.005883926490149832
crystalline,True,5.325,88.08828066526252,5.295911006666752,0.0,6.615808328070804,0.0,0.005884345562963057
crystalline,True,5.333333333333333,88.07466697530532,5.296284451528518,0.0,6.629048573166243,0.0,0.005884760501698353
crystalline,True,5.341666666666667,88.0610560536313,5.296654199121375,0.0,6.642289747247394,0.0,0.005885171332357083
crystalline,True,5.35,88.04744788620309,5.297020272696813,0.0,6.655531841100173,0.0,0.005885578080774237
crystalline,True,5.358333333333333,88.03384245907407,5.297382695357563,0.0,6.668774845568453,0.0,0.005885980772619515
crystalline,True,5.366666666666666,88.02023975838787,5.297741490058546,0.0,6.682018751553666,0.0,0.005886379433398385
crystalline,True,5.375,88.00663977037779,5.298096679607837,0.0,6.695263550014457,0.0,0.005886774088453152
crystalline,True,5.383333333333333,87.99304248136617,5.298448286667608,0.0,6.708509231966301,0.0,0.005887164762964009
crystalline,True,5.391666666666667,87.97944787776386,5.298796333755078,0.0,6.721755788481155,0.0,0.005887551481950087
crystalline,True,5.4,87.96585594606957,5.299140843243442,0.0,6.735003210687082,0.0,0.005887934270270491
crystalline,True,5.408333333333333,87.95226667286938,5.299481837362805,0.0,6.748251489767902,0.0,0.005888313152625339
crystalline,True,5.416666666666667,87.93868004483615,5.299819338201108,0.0,6.761500616962833,0.0,0.005888688153556787
crystalline,True,5.425,87.92509604872892,5.300153367705041,0.0,6.774750583566132,0.0,0.005889059297450046
crystalline,True,5.433333333333334,87.91151467139238,5.300483947680963,0.0,6.7880013809267545,0.0,0.005889426608534403
crystalline,True,5.441666666666666,87.89793589975632,5.300811099795798,0.0,6.80125300044799,0.0,0.00588979011088422
crystalline,True,5.45,87.88435972083504,5.301134845577947,0.0,6.814505433587127,0.0,0.005890149828419941
crystalline,True,5.458333333333333,87.87078612172684,5.301455206418172,0.0,6.827758671855098,0.0,0.00589050578490908
crystalline,True,5.466666666666667,87.85721508961346,5.301772203570495,0.0,6.841012706816148,0.0,0.005890858003967217
crystalline,True,5.475,87.84364661175955,5.302085858153072,0.0,6.85426753008748,0.0,0.005891206509058969
crystalline,True,5.483333333333333,87.83008067551211,5.302396191149073,0.0,6.867523133338928,0.0,0.005891551323498971
crystalline,True,5.491666666666666,87.81651726829993,5.3027032234075575,0.0,6.880779508292614,0.0,0.005891892470452842
crystalline,True,5.5,87.80295637763315,5.303006975644332,0.0,6.894036646722618,0.0,0.005892229972938147
crystalline,True,5.508333333333333,87.78939799110265,5.30330746844282,0.0,6.90729454045464,0.0,0.005892563853825355
crystalline,True,5.516666666666667,87.77584209637952,5.3036047222549065,0.0,6.920553181365681,0.0,0.005892894135838785
crystalline,True,5.525,87.76228868121461,5.303898757401795,0.0,6.933812561383699,0.0,0.00589322084155755
crystalline,True,5.533333333333333,87.74873773343796,5.304189594074845,0.0,6.947072672487298,0.0,0.005893543993416495
crystalline,True,5.541666666666667,87.73518924095829,5.304477252336416,0.0,6.960333506705401,0.0,0.005893863613707129
crystalline,True,5.55,87.7216431917625,5.304761752120692,0.0,6.9735950561169195,0.0,0.005894179724578547
crystalline,True,5.558333333333334,87.70809957391513,5.305043113234514,0.0,6.986857312850449,0.0,0.0058944923480383484
crystalline,True,5.566666666666666,87.69455837555797,5.305321355358201,0.0,7.000120269083936,0.0,0.005894801505953557
crystalline,True,5.575,87.68101958490936,5.305596498046365,0.0,7.01338391704438,0.0,0.005895107220051516
crystalline,True,5.583333333333333,87.6674831902639,5.305868560728721,0.0,7.026648249007501,0.0,0.005895409511920801
crystalline,True,5.591666666666667,87.65394917999177,5.306137562710894,0.0,7.039913257297444,0.0,0.005895708403012105
crystalline,True,5.6,87.64041754253843,5.306403523175221,0.0,7.05317893428646,0.0,0.005896003914639135
crystalline,True,5.608333333333333,87.62688826642396,5.306666461181542,0.0,7.066445272394608,0.0,0.005896296067979491
crystalline,True,5.616666666666666,87.61336134024269,5.306926395667991,0.0,7.079712264089438,0.0,0.005896584884075545
crystalline,True,5.625,87.59983675266263,5.307183345451784,0.0,7.092979901885699,0.0,0.005896870383835315
crystalline,True,5.633333333333333,87.58631449242509,5.3074373292299954,0.0,7.106248178345029,0.0,0.005897152588033328
crystalline,True,5.641666666666667,87.5727945483441,5.307688365580335,0.0,7.119517086075663,0.0,0.005897431517311483
crystalline,True,5.65,87.55927690930606,5.307936472961912,0.0,7.132786617732129,0.0,0.0058977071921799025
crystalline,True,5.658333333333333,87.54576156426914,5.308181669716008,0.0,7.146056766014953,0.0,0.005897979633017787
crystalline,True,5.666666666666667,87.5322485022629,5.30842397406683,0.0,7.159327523670376,0.0,0.005898248860074256
crystalline,True,5.675,87.51873771238779,5.308663404122267,0.0,7.1725988834900445,0.0,0.005898514893469186
crystalline,True,5.683333333333334,87.50522918381473,5.308899977874638,0.0,7.185870838310738,0.0,0.005898777753194043
crystalline,True,5.691666666666666,87.4917229057846,5.309133713201442,0.0,7.199143381014066,0.0,0.005899037459112713
crystalline,True,5.7,87.47821886760782,5.309364627866091,0.0,7.212416504526195,0.0,0.005899294030962323
crystalline,True,5.708333333333333,87.4647170586639,5.30959273951865,0.0,7.225690201817556,0.0,0.005899547488354056
crystalline,True,5.716666666666667,87.45121746840098,5.309818065696565,0.0,7.238964465902563,0.0,0.005899797850773961
crystalline,True,5.725,87.43772008633537,5.310040623825387,0.0,7.252239289839334,0.0,0.005900045137583763
crystalline,True,5.733333333333333,87.42422490205118,5.3102604312195005,0.0,7.265514666729414,0.0,0.005900289368021667
crystalline,True,5.741666666666666,87.41073190519978,5.310477505082829,0.0,7.278790589717492,0.0,0.005900530561203143
crystalline,True,5.75,87.39724108549942,5.310691862509552,0.0,7.2920670519911335,0.0,0.005900768736121724
crystalline,True,5.758333333333333,87.3837524327348,5.310903520484815,0.0,7.305344046780499,0.0,0.005901003911649794
crystalline,True,5.766666666666667,87.3702659367566,5.311112495885424,0.0,7.318621567358082,0.0,0.00590123610653936
crystalline,True,5.775,87.35678158748112,5.311318805480548,0.0,7.331899607038426,0.0,0.005901465339422831
crystalline,True,5.783333333333333,87.34329937488982,5.311522465932414,0.0,7.345178159177867,0.0,0.005901691628813793
crystalline,True,5.791666666666667,87.32981928902885,5.311723493796989,0.0,7.3584572171742675,0.0,0.005901914993107766
crystalline,True,5.8,87.3163413200087,5.31192190552467,0.0,7.371736774466741,0.0,0.005902135450582967
crystalline,True,5.808333333333334,87.30286545800375,5.312117717460962,0.0,7.385016824535401,0.0,0.005902353019401069
crystalline,True,5.816666666666666,87.28939169325187,5.312310945847153,0.0,7.398297360901091,0.0,0.005902567717607947
crystalline,True,5.825,87.275920016054,5.312501606820982,0.0,7.41157837712513,0.0,0.005902779563134425
crystalline,True,5.833333333333333,87.26245041677375,5.312689716417312,0.0,7.424859866809051,0.0,0.005902988573797013
crystalline,True,5.841666666666667,87.24898288583698,5.312875290568785,0.0,7.438141823594349,0.0,0.0059031947672986505
crystalline,True,5.85,87.2355174137314,5.3130583451064854,0.0,7.451424241162219,0.0,0.005903398161229428
crystalline,True,5.858333333333333,87.2220539910062,5.313238895760591,0.0,7.464707113233314,0.0,0.005903598773067323
crystalline,True,5.866666666666666,87.2085926082716,5.313416958161021,0.0,7.47799043356748,0.0,0.005903796620178912
crystalline,True,5.875,87.1951332561985,5.313592547838085,0.0,7.491274195963519,0.0,0.005903991719820094
crystalline,True,5.883333333333333,87.18167592551805,5.31376568022312,0.0,7.50455839425893,0.0,0.005904184089136799
crystalline,True,5.891666666666667,87.16822060702131,5.313936370649128,0.0,7.5178430223296715,0.0,0.005904373745165698
crystalline,True,5.9,87.15476729155878,5.314104634351412,0.0,7.53112807408991,0.0,0.005904560704834902
crystalline,True,5.908333333333333,87.14131597004013,5.314270486468199,0.0,7.544413543491777,0.0,0.005904744984964665
crystalline,True,5.916666666666667,87.1278666334337,5.314433942041269,0.0,7.557699424525134,0.0,0.005904926602268077
crystalline,True,5.925,87.1144192727662,5.314595016016572,0.0,7.570985711217321,0.0,0.005905105573351746
crystalline,True,5.933333333333334,87.10097387912232,5.314753723244846,0.0,7.5842723976329305,0.0,0.005905281914716495
crystalline,True,5.941666666666666,87.0875304436443,5.31491007848223,0.0,7.597559477873555,0.0,0.005905455642758033
crystalline,True,5.95,87.07408895753164,5.31506409639087,0.0,7.61084694607757,0.0,0.005905626773767633
crystalline,True,5.958333333333333,87.06064941204068,5.315215791539525,0.0,7.624134796419879,0.0,0.005905795323932805
crystalline,True,5.966666666666667,87.04721179848421,5.315365178404168,0.0,7.6374230231117,0.0,0.0059059613093379645
crystalline,True,5.975,87.03377610823118,5.31551227136858,0.0,7.650711620400319,0.0,0.005906124745965089
crystalline,True,5.983333333333333,87.02034233270626,5.315657084724946,0.0,7.664000582568872,0.0,0.005906285649694384
crystalline,True,5.991666666666666,87.00691046338954,5.31579963267444,0.0,7.677289903936107,0.0,0.005906444036304933
crystalline,True,6.0,86.9934804918161,5.315939929327814,0.0,7.690579578856166,0.0,0.0059065999214753485
amorphous,False,0.0,100.0,0.0,0.0,0.0,0.0,0.0
amorphous,False,0.008333333333333333,97.65020086107216,2.3497991389278203,0.0,0.0,0.0,0.0026108879321420225
amorphous,False,0.016666666666666666,95.39695471645278,4.603045283547205,0.0,0.0,0.0,0.005114494759496895
amorphous,False,0.025,93.23480334179041,6.765196658209568,-7.289373915492739e-92,0.0,-2.38720374104994e-89,0.007516885175788409
amorphous,False,0.03333333333333333,91.15867896304124,8.841321036958744,4.222338571061721e-91,0.0,2.2796453380019518e-89,0.009823690041065272
amorphous,False,0.041666666666666664,89.16387065307417,10.836129346925814,-7.862964995288982e-16,0.0,-8.48651212148605e-14,0.01204014371880646
amorphous,False,0.05,87.24599409336236,12.754005906637607,1.3632140717797471e-14,0.0,2.3545921134109e-13,0.014171117674041786
amorphous,False,0.058333333333333334,85.4009643179545,14.599035682038432,7.04967592012684e-12,0.0,1.555752351023217e-09,0.01622115075782048
amorphous,False,0.06666666666666667,83.62497110531302,16.375028888458033,6.228918866594451e-09,0.0,6.324042645192086e-07,0.01819447654273115
amorphous,False,0.075,81.91445672371381,18.08554296189504,3.143911333172424e-07,0.0,1.604265826727859e-05,0.020095047735438933
amorphous,False,0.08333333333333333,80.26609574973469,19.733900153210776,4.097054519115435e-06,0.0,0.00012245186523737812,0.02192655572578975
amorphous,False,0.09166666666666666,78.67677664404813,21.323197489256042,2.5866695813410422e-05,0.0,0.0005009919993398949,0.023692441654728936
amorphous,False,0.1,77.14358476124204,22.856309688846242,0.00010554991170284198,0.0,0.0014224842286942323,0.025395899654273604
amorphous,False,0.10833333333333334,75.66378656822698,24.335889678436033,0.00032375333696938716,0.0,0.0031995545221827045,0.02703987742048448
amorphous,False,0.11666666666666667,74.23481496810251,25.764370622789073,0.0008144091084164222,0.0,0.006143568900674809,0.028627078469765636
amorphous,False,0.125,72.85425569335482,27.14397095092611,0.0017733557190720902,0.0,0.010538437058587508,0.030159967723251233
amorphous,False,0.13333333333333333,71.51983474786962,28.476702270979462,0.0034629811509263725,0.0,0.01662880963588286,0.031640780301088293
amorphous,False,0.14166666666666666,70.22940686821954,29.764379477917412,0.0062136538630453465,0.0,0.02461726127521932,0.03307153275324157
amorphous,False,0.15,68.98094496171902,31.00863229092331,0.010422747357666278,0.0,0.03466618128427077,0.03445403587880368
amorphous,False,0.15833333333333333,67.77253046776384,32.2109175849833,0.016551947252858724,0.0,0.046901722895824303,0.03578990842775922
amorphous,False,0.16666666666666666,66.60234458218125,33.3725320468016,0.025123371017155553,0.0,0.06141836029738641,0.037080591163112894
amorphous,False,0.175,65.46866028212268,34.494624826614704,0.036714891262622035,0.0,0.07828333447806887,0.038327360918460784
amorphous,False,0.18333333333333332,64.36983508892473,35.57820997102929,0.05195494004599907,0.0,0.09754067496903321,0.03953134441225477
amorphous,False,0.19166666666666665,63.30430450866593,36.624178500656235,0.07151699067784612,0.0,0.11921469644110932,0.04069353166739582
amorphous,False,0.2,62.270576093286145,37.633310052805435,0.09611385390843,0.0,0.14331297246929692,0.0418147889475616
amorphous,False,0.20833333333333334,61.267224069026476,38.60628404642549,0.1264918845480392,0.0,0.16982883400704152,0.04289587116269499
amorphous,False,0.21666666666666667,60.2928844828854,39.54369035101881,0.16342516609579627,0.0,0.198743455778651,0.043937433723354236
amorphous,False,0.225,59.346250821956154,40.446039456047686,0.20770972199616247,0.0,0.23002759500319964,0.044940043840052984
amorphous,False,0.23333333333333334,58.42607006420454,41.31377214659174,0.2601577892037351,0.0,0.2636430416344332,0.04590419127399082
amorphous,False,0.24166666666666667,57.53113912300898,42.14726869527506,0.3215921817159675,0.0,0.2995438317712816,0.04683029855030562
amorphous,False,0.25,56.66030165103793,42.94685758250377,0.3928407664582985,0.0,0.3376772680024949,0.047718730647226405
amorphous,False,0.2583333333333333,55.8124451720993,43.71282375699897,0.4747310709017277,0.0,0.37798478311608225,0.0485698041744433
amorphous,False,0.26666666666666666,54.98649851236906,44.44541644748883,0.5680850401421086,0.0,0.42040267718157126,0.04938379605276537
amorphous,False,0.275,54.18142950480491,45.14485653489236,0.6737139603027255,0.0,0.4648627525267358,0.050160951705435955
amorphous,False,0.2833333333333333,53.39624294281455,45.81134349227925,0.7924135649061945,0.0,0.5112928665698399,0.05090149276919917
amorphous,False,0.2916666666666667,52.62997876113442,46.44506189812365,0.9249593407419321,0.0,0.5596174186797868,0.0516056243312485
amorphous,False,0.3,51.881710423641856,47.04618752654167,1.0721020498164688,0.0,0.6097577841329622,0.052273541696157416
amorphous,False,0.30833333333333335,51.15054349934635,47.614893016756106,1.234563483897542,0.0,0.6616327056904392,0.052905436685284565
amorphous,False,0.31666666666666665,50.43561440914368,48.151353122913385,1.4130324679429267,0.0,0.7151586512293933,0.05350150346990376
amorphous,False,0.325,49.73608932715433,48.655749544569495,1.608161128276175,0.0,0.7702501441613026,0.05406194393841055
amorphous,False,0.3333333333333333,49.05116322149772,49.12827533784372,1.8205614406585622,0.0,0.8268200719632237,0.05458697259760413
amorphous,False,0.3416666666666667,48.38005902034393,49.56913890721457,2.0508020724414977,0.0,0.8847799770044488,0.05507682100801619
amorphous,False,0.35,47.722026889925736,49.97856757835498,2.2994055317192754,0.0,0.9440403329047279,0.055531741753727756
amorphous,False,0.35833333333333334,47.07634361197654,50.35681075314442,2.5668456348790323,0.0,1.0045108088847372,0.055952011947938245
amorphous,False,0.36666666666666664,46.44231204878609,50.704142649059285,2.853545302154619,0.0,1.0661005239348638,0.05633793627673254
amorphous,False,0.375,45.819260684705995,51.02086462650488,3.159874688789125,0.0,1.1287182921027665,0.05668984958500543
amorphous,False,0.3833333333333333,45.206543233583716,51.307307109223764,3.486149657192519,0.0,1.1922728597780388,0.057008119010248624
amorphous,False,0.39166666666666666,44.60353830216951,51.56383110470444,3.8326305931260487,0.0,1.2566731355025942,0.05729314567189382
amorphous,False,0.4,44.00964910012143,51.790829333422394,4.19952156645618,0.0,1.321828412559275,0.05754536592602488
amorphous,False,0.4083333333333333,43.42430318778479,51.988726977752606,4.586969834462598,0.0,1.3876485843705568,0.05776525219750289
amorphous,False,0.4166666666666667,42.84695225345245,52.157982063441956,4.995065683105584,0.0,1.4540443525656714,0.0579533134038244
amorphous,False,0.425,42.27707191237192,52.29908548855582,5.423842599072246,0.0,1.5209274274488405,0.05811009498728424
amorphous,False,0.43333333333333335,41.71416152027708,52.41256071680094,5.873277762921971,0.0,1.5882107205041325,0.058236178574223266
amorphous,False,0.44166666666666665,41.15774399478176,52.4989631539939,6.343292851224333,0.0,1.6558085285143496,0.05833218128221544
amorphous,False,0.45,40.60736563850146,52.558879228184345,6.833755133314179,0.0,1.723636708834481,0.058398754697982606
amorphous,False,0.4583333333333333,40.062595958314425,52.59292519550052,7.344478846185048,0.0,1.7916128453487101,0.058436583550556136
amorphous,False,0.4666666666666667,39.5230274757291,52.60174569512864,7.875226829142252,0.0,1.8596564046495023,0.05844638410569849
amorphous,False,0.475,38.9882755238576,52.58601207796665,8.425712398175735,0.0,1.927688881999009,0.05842890230885183
amorphous,False,0.48333333333333334,38.45797802706087,52.546420534345714,8.995601438593408,0.0,1.9956339366748486,0.05838491170482857
amorphous,False,0.49166666666666664,37.9317952598594,52.483690046826744,9.584514693313844,0.0,2.063417516348805,0.058315211163140826
amorphous,False,0.5,37.409409582252266,52.39856019440213,10.19203022334559,0.0,2.130967970207469,0.05822062243822459
amorphous,False,0.5083333333333333,36.89052514911582,52.29178883448838,10.817686016395788,0.0,2.198216150588946,0.05810198759387598
amorphous,False,0.5166666666666666,36.37486759186435,52.164149688891136,11.4609827192445,0.0,2.265095502978593,0.05796016632099015
amorphous,False,0.525,35.862183671068316,52.0164298594366,12.121386469495079,0.0,2.3315421442822166,0.057796033177151776
amorphous,False,0.5333333333333333,35.352240899194754,51.849427298261205,12.798331802544025,0.0,2.3974949293669283,0.057610474775845785
amorphous,False,0.5416666666666666,34.8448271331051,51.66394825678983,13.491224610105053,0.0,2.4628955059364266,0.0574043869519887
amorphous,False,0.55,34.3397501363728,51.460804736287145,14.199445127340043,0.0,2.5276883578789873,0.05717867192920794
amorphous,False,0.5583333333333333,33.83683711189033,51.240811961529076,14.922350926580581,0.0,2.5918208372969773,0.056934235512810086
amorphous,False,0.5666666666666667,33.33593420561047,51.00478589764236,15.659279896747165,0.0,2.655243185493801,0.05667198433071373
amorphous,False,0.575,32.83690598260452,50.75354082854803,16.40955318884744,0.0,2.7179085432553483,0.056392823142831144
amorphous,False,0.5833333333333334,32.33963487692933,50.48788701370977,17.172478109360892,0.0,2.7797729508210343,0.0560976522374553
amorphous,False,0.5916666666666667,31.844020617061716,50.20862843810343,17.94735094483485,0.0,2.8407953379898387,0.05578736493122603
amorphous,False,0.6,31.349979628893873,49.916560668477665,18.73345970262846,0.0,2.9009375048524997,0.05546284518719741
amorphous,False,0.6083333333333333,30.85744441847789,49.612468827118924,19.53008675440318,0.0,2.9601640936794693,0.05512496536346547
amorphous,False,0.6166666666666667,30.366362936867635,49.29712569248713,20.33651137064523,0.0,3.0184425525266323,0.05477458410276348
amorphous,False,0.625,29.87669792952724,48.97128993426261,21.152012136210143,0.0,3.07574309114635,0.054412544371402895
amorphous,False,0.6333333333333333,29.38842627286522,48.63570448858413,21.975869238550636,0.0,3.1320386298108254,0.054039671653982366
amorphous,False,0.6416666666666666,28.90153830050527,48.291095077555326,22.80736662193939,0.0,3.187304741667522,0.05365677230839481
amorphous,False,0.65,28.416037121927644,47.93816887549002,23.645794002582324,0.0,3.241519589253406,0.0532646320838778
amorphous,False,0.6583333333333333,27.93193793610816,47.577613322855456,24.490448741036378,0.0,3.294663855796074,0.05286401480317273
amorphous,False,0.6666666666666666,27.449267342743703,47.21009508747443,25.340637569781855,0.0,3.346720671925308,0.05245566120830492
amorphous,False,0.675,26.968062653597237,46.83625917126732,26.19567817513543,0.0,3.3976755384101405,0.052040287968074805
amorphous,False,0.6833333333333333,26.48837120640736,46.456728159661246,27.054900633931382,0.0,3.447516245522207,0.05161858684406805
amorphous,False,0.6916666666666667,26.01024968370951,46.07210160976686,27.91764870652362,0.0,3.4962327896093357,0.05119122401085207
amorphous,False,0.7,25.533763438794107,45.68295557252639,28.7832809886795,0.0,3.543817287441869,0.05075883952502932
amorphous,False,0.7083333333333334,25.058985830892944,45.28984224326926,29.651171925837787,0.0,3.5902638888700706,0.05032204693696585
amorphous,False,0.7166666666666667,24.585997571542702,44.89328973446649,30.52071269399079,0.0,3.6355686883049034,0.049881433038296105
amorphous,False,0.725,24.1148860839156,44.4938019639575,31.39131195212689,0.0,3.6797296355048807,0.04943755773773056
amorphous,False,0.7333333333333333,23.64574487675183,44.091858651513526,32.26239647173463,0.0,3.7227464461224233,0.04899095405723725
amorphous,False,0.7416666666666667,23.17867293435913,43.68791541630947,33.13341164933139,0.0,3.764620512430805,0.04854212824034386
amorphous,False,0.75,22.71377412398048,43.28240396767973,34.00382190833979,0.0,3.8053548146210208,0.048091559964088586
amorphous,False,0.7583333333333333,22.25115662166379,42.87573238143294,34.873110996903264,0.0,3.844953833025177,0.0476397026460366
amorphous,False,0.7666666666666666,21.790932357601015,42.46828545398791,35.74078218841106,0.0,3.8834234615899246,0.047186983837764346
amorphous,False,0.775,21.333216481744916,42.060425126650244,36.60635839160482,0.0,3.9207709228915744,0.04673380569627805
amorphous,False,0.7833333333333333,20.878126850352153,41.652490972482845,37.46938217716498,0.0,3.9570046849518143,0.04628054552498094
amorphous,False,0.7916666666666666,20.425783533952977,41.244800738407704,38.3294157276393,0.0,3.992134380082362,0.04582755637600856
amorphous,False,0.8,19.97630834710278,40.8376509354171,39.1860407174801,0.0,4.026170725956208,0.045375167706019
amorphous,False,0.8083333333333333,19.52982440013488,40.43131747005344,40.03885812981166,0.0,4.0591254490739965,0.04492368607783716
amorphous,False,0.8166666666666667,19.086455673007404,40.02605631063066,40.887488016361914,0.0,4.091011210766448,0.04447339590070073
amorphous,False,0.825,18.64632661121741,39.62210418201591,41.73156920676665,0.0,4.121841535846752,0.0440245602022399
amorphous,False,0.8333333333333334,18.209561743647654,39.219679283150846,42.57075897320148,0.0,4.151630744002326,0.04357742142572316
amorphous,False,0.8416666666666667,17.77628532211062,38.81898202187144,43.40473265601791,0.0,4.180393883991373,0.043132202246523824
amorphous,False,0.85,17.346620982265012,38.420195761970994,44.23318325576397,0.0,4.208146670687948,0.042689106402189994
amorphous,False,0.8583333333333333,16.920691425498976,38.02348757784087,45.05582099666013,0.0,4.234905424998757,0.042248319530934296
amorphous,False,0.8666666666666667,16.498618121302982,37.62900901241326,45.87237286628373,0.0,4.26068701665605,0.04181001001379252
amorphous,False,0.875,16.080521029592973,37.23689683451417,46.682582135892844,0.0,4.285508809873758,0.041374329816126855
amorphous,False,0.8833333333333333,15.66651834239094,36.847273792111224,47.486207865497825,0.0,4.309388611838196,0.04094141532456803
amorphous,False,0.8916666666666666,15.256726244224708,36.46024935830659,48.28302439746869,0.0,4.332344623990415,0.04051138817589621
amorphous,False,0.9,14.85125869057141,36.07592046727692,49.07282084215166,0.0,4.354395396044382,0.04008435607475214
amorphous,False,0.9083333333333333,14.450227203639612,35.69437223769905,49.85540055866133,0.0,4.375559782673706,0.039660413597443385
amorphous,False,0.9166666666666666,14.053740684761454,35.315678681520936,50.6305806337176,0.0,4.395856902789359,0.039239642979467707
amorphous,False,0.9249999999999999,13.661905242650938,34.93990339623844,51.398191361110605,0.0,4.415306101321926,0.03882211488470938
amorphous,False,0.9333333333333333,13.274824036772735,34.56710023912393,52.15807572410332,0.0,4.433926913414023,0.038407889154582146
amorphous,False,0.9416666666666667,12.892597135062067,34.197313982115816,52.9100888828221,0.0,4.451739030921795,0.03799701553568424
amorphous,False,0.95,12.51532138523546,33.83058094632483,53.654097668439704,0.0,4.4687622711186465,0.03758953438480537
amorphous,False,0.9583333333333334,12.143090298936634,33.46692961533922,54.38998008572413,0.0,4.485016547489508,0.03718547735037691
amorphous,False,0.9666666666666667,11.775993947970756,33.10638122671745,55.11762482531177,0.0,4.500521842500018,0.03678486802968606
amorphous,False,0.975,11.414118871890883,32.74895034124797,55.83693078686114,0.0,4.515298182221748,0.03638772260138663
amorphous,False,0.9833333333333333,11.05754799621691,32.3946453897241,56.54780661405899,0.0,4.529365612692246,0.035994050433026774
amorphous,False,0.9916666666666667,10.706360560583356,32.04346919713846,57.25017024227817,0.0,4.542744177886788,0.03560385466348717
amorphous,False,1.0,10.36063205613298,31.6954194843367,57.94394845953031,0.0,4.555453899177647,0.03521713276037411
amorphous,False,1.0083333333333333,10.02043417149469,31.35048934729192,58.62907648121338,0.0,4.56751475615606,0.03483387705254658
amorphous,False,1.0166666666666666,9.68583474670681,31.00866771426928,59.305497539023904,0.0,4.578946668691976,0.034454075238076975
amorphous,False,1.025,9.356897734472213,30.66993978123986,59.97316248428792,0.0,4.5897694801072,0.03407771086804429
amorphous,False,1.0333333333333332,9.033683168155857,30.334287425985483,60.63202940585865,0.0,4.600002941338336,0.03370476380665054
amorphous,False,1.0416666666666667,8.716247135962238,30.001689601400603,61.28206326263715,0.0,4.6096666959674,0.03333521066822289
amorphous,False,1.05,8.404641760756293,29.672122708554706,61.92323553068899,0.0,4.618780265999731,0.03296902523172745
amorphous,False,1.0583333333333333,8.098915185017617,29.34556095012378,62.5555238648586,0.0,4.627363038271102,0.03260617883347087
amorphous,False,1.0666666666666667,7.799111560445494,29.0219766648339,63.178911774720596,0.0,4.635434251368715,0.032246640738704334
amorphous,False,1.075,7.505271041757545,28.701340643589194,63.79338831465326,0.0,4.643012982953866,0.03189037849287688
amorphous,False,1.0833333333333333,7.2174297842524435,28.383622427972035,64.39894778777553,0.0,4.650118137377935,0.03153735825330226
amorphous,False,1.0916666666666666,6.93561994473211,28.068790591817905,64.99558946344997,0.0,4.65676843348748,0.031187545102019893
amorphous,False,1.1,6.659869685404766,27.756813006570248,65.58331730802499,0.0,4.66298239251921,0.030840903340633607
amorphous,False,1.1083333333333334,6.390203180415326,27.447657091119854,66.16213972846481,0.0,4.6687783259910764,0.03049739676791095
amorphous,False,1.1166666666666667,6.126640624673171,27.14129004682804,66.73206932849878,0.0,4.674174323501969,0.030156988940920046
amorphous,False,1.125,5.869198244672157,26.837679078419402,67.29312267690842,0.0,4.6791882403596405,0.029819643420466002
amorphous,False,1.1333333333333333,5.617888311019391,26.536791601417104,67.8453200875635,0.0,4.683837684964294,0.02948532400157456
amorphous,False,1.1416666666666666,5.37271915241238,26.238595436772115,68.3886854108155,0.0,4.688140005884276,0.029153994929746796
amorphous,False,1.15,5.133695170825139,25.943058993316566,68.9232458358583,0.0,4.692112278570201,0.028825621103685074
amorphous,False,1.1583333333333332,4.900816857684426,25.650151438646027,69.44903170366953,0.0,4.695771291664931,0.028500168265162253
amorphous,False,1.1666666666666667,4.674080810837423,25.359842859006385,69.96607633015618,0.0,4.699133532879183,0.02817760317667376
amorphous,False,1.175,4.453479752130801,25.07210440873311,70.47441583913607,0.0,4.702215174416074,0.027857893787481235
amorphous,False,1.1833333333333333,4.239002545439727,24.786908449756503,70.97408900480376,0.0,4.70503205794298,0.027541009388618337
amorphous,False,1.1916666666666667,4.030634215002812,24.50422868165559,71.46513710334159,0.0,4.707599679125357,0.0272269207573951
amorphous,False,1.2,3.8283559639356053,24.22404026270793,71.94760377335645,0.0,4.709933171755023,0.026915600291897702
amorphous,False,1.2083333333333333,3.63214519281168,23.94631992234736,72.42153488484094,0.0,4.71204729152458,0.026607022135941513
amorphous,False,1.2166666666666666,3.4419755182154184,23.671046065407687,72.88697841637688,0.0,4.71395639952011,0.02630116229489743
amorphous,False,1.225,3.2578167911855274,23.39819886849257,73.34398434032188,0.0,4.7156744455260915,0.025997998742769524
amorphous,False,1.2333333333333334,3.079635115482534,23.127760368778635,73.79260451573882,0.0,4.717214951259085,0.02569751152086515
amorphous,False,1.2416666666666667,2.907392865626614,22.85971454552217,74.2328925888512,0.0,4.718590993670343,0.025399682828357965
amorphous,False,1.25,2.7410487046656486,22.59404739450648,74.66490390082787,0.0,4.719815188481259,0.025104497105007197
amorphous,False,1.2583333333333333,2.5805576016453133,22.3307469956343,75.08869540272038,0.0,4.720899674139372,0.024811941106260334
amorphous,False,1.2666666666666666,2.4258708487649736,22.069803573837227,75.5043255773978,0.0,4.721856096405808,0.024522003970930253
amorphous,False,1.275,2.2769360782150856,21.811209553446194,75.91185436833871,0.0,4.722695593806713,0.024234677281606883
amorphous,False,1.2833333333333332,2.1336972787015225,21.55495960613874,76.31134311515973,0.0,4.723428784200937,0.023949955117931934
amorphous,False,1.2916666666666667,1.9960948116742723,21.30105069255523,76.70285449577048,0.0,4.7240657527325975,0.023667834102839142
amorphous,False,1.3,1.8640654272865915,21.04948209765536,77.08645247505804,0.0,4.724616041449561,0.023388313441839288
amorphous,False,1.3083333333333333,1.7375422801208655,20.800255459867827,77.4622022600113,0.0,4.725088640875857,0.023111394955408697
amorphous,False,1.3166666666666667,1.6164549447273815,20.553374794074013,77.83017026119859,0.0,4.725491983826561,0.02283708310452668
amorphous,False,1.325,1.5007294310286283,20.308846508456497,78.19042406051486,0.0,4.725833941746523,0.02256538500939611
amorphous,False,1.3333333333333333,1.3902881996536776,20.066679415238937,78.54303238510737,0.0,4.726121823838205,0.022296310461376596
amorphous,False,1.3416666666666666,1.2850501772710805,19.826884735345743,78.88806508738315,0.0,4.72636237921794,0.022029871928161936
amorphous,False,1.35,1.184930771999533,19.589476097013783,79.22559313098665,0.0,4.726561802303173,0.02176608455223754
amorphous,False,1.3583333333333334,1.0898418889812176,19.354469528401232,79.55568858261752,0.0,4.7267257415852075,0.021504966142668034
amorphous,False,1.3666666666666667,0.9996919462077647,19.121883444254156,79.87842460953804,0.0,4.726859311882729,0.021246537160282394
amorphous,False,1.375,0.9143858907000749,18.891738626710552,80.19387548258935,0.0,4.7269671101011195,0.02099082069634506
amorphous,False,1.3833333333333333,0.8338252151402127,18.664058200351707,80.50211658450804,0.0,4.727053234442797,0.02073784244483523
amorphous,False,1.3916666666666666,0.7579079750687412,18.438867601632868,80.80322442329836,0.0,4.727121306926161,0.020487630668480965
amorphous,False,1.4,0.6865288067572596,18.216194542863875,81.09727665037883,0.0,4.727174498978075,0.02024021615873764
amorphous,False,1.4083333333333332,0.6195789458724925,17.99606897094065,81.38435208318683,0.0,4.7272155597707695,0.019995632189934057
amorphous,False,1.4166666666666667,0.5569462470576536,17.77852302105963,81.66453073188269,0.0,4.7272468468827995,0.019753914467844035
amorphous,False,1.425,0.49851520454339365,17.563590965692573,81.93789382976401,0.0,4.7272703587802845,0.019515101072991748
amorphous,False,1.4333333333333333,0.4441669739272856,17.35130915910971,82.20452386696297,0.0,4.727287768544404,0.01927923239901079
amorphous,False,1.4416666666666667,0.3937793952347156,17.14171597779138,82.46450462697388,0.0,4.727300458219153,0.01904635108643487
amorphous,False,1.45,0.347227017397147,16.934851757067555,82.71792122553528,0.0,4.727309553124701,0.018816501952297282
amorphous,False,1.4583333333333333,0.3043811242761115,16.730758724349915,82.96486015137395,0.0,4.727315955480061,0.01858973191594435
amorphous,False,1.4666666666666666,0.26510976234549527,16.529480929339275,83.20540930831521,0.0,4.727320376706655,0.018366089921488082
amorphous,False,1.475,0.2292777701895774,16.331064171547744,83.43965805826265,0.0,4.727323367842031,0.018145626857275273
amorphous,False,1.4833333333333334,0.19674680989538235,16.135555925539833,83.66769726456475,0.0,4.72732534757872,0.017928395472822038
amorphous,False,1.4916666666666667,0.16737540050770022,15.943005264184386,83.88961933530788,0.0,4.727326627552347,0.017714450293538207
amorphous,False,1.5,0.141018953637458,15.753462780262641,84.10551826609986,0.0,4.727327434629241,0.017503847533625157
amorphous,False,1.5083333333333333,0.11752981132634766,15.566980506722377,84.31548968195125,0.0,4.727327930077918,0.01729664500746931
amorphous,False,1.5166666666666666,0.09675728635796384,15.383611835742677,84.51963087789933,0.0,4.727328225641592,0.017092902039714086
amorphous,False,1.525,0.07854770496758691,15.203411436972347,84.71804085806004,0.0,4.7273283966501864,0.01689267937441372
amorphous,False,1.5333333333333332,0.06274445227389908,15.026435174869892,84.91082037285618,0.0,4.727328492411592,0.016696039083188768
amorphous,False,1.5416666666666667,0.04918802029814207,14.85274002551651,85.09807195418531,0.0,4.727328544196593,0.016503044472796123
amorphous,False,1.55,0.03771605880702306,14.682383992827043,85.2798999483659,0.0,4.727328571176274,0.01631375999203005
amorphous,False,1.5583333333333333,0.028163429160461197,14.515426024120758,85.45641054671874,0.0,4.727328584684887,0.016128251137911952
amorphous,False,1.5666666666666667,0.020362260657916853,14.351925925697019,85.62771181364502,0.0,4.727328591168126,0.015946584361885577
amorphous,False,1.575,0.014142010846335262,14.191944276943799,85.79391371220983,0.0,4.727328594142486,0.015768826974382
amorphous,False,1.5833333333333333,0.009329527693207374,14.035542345288267,85.95512812701848,0.0,4.727328595443192,0.015595047050320297
amorphous,False,1.5916666666666666,0.005749116080495127,13.882781999409943,86.11146888450952,0.0,4.727328595983783,0.015425313332677715
amorphous,False,1.6,0.0032226066914368802,13.73372562281884,86.26305177048968,0.0,4.72732859619667,0.015259695136465377
amorphous,False,1.6083333333333334,0.0015694286076630122,13.58843602642308,86.40999454496921,0.0,4.727328596275862,0.0150982622515812
amorphous,False,1.6166666666666667,0.0006066850685891711,13.446976360697422,86.55241695423395,0.0,4.727328596303604,0.014941084845219357
amorphous,False,1.625,0.00014923256848612792,13.309410027288564,86.6904407401429,0.0,4.727328596312727,0.01478823336365396
amorphous,False,1.6333333333333333,9.763324817398274e-06,13.175800590042861,86.82418964663228,0.0,4.727328596315535,0.014639778433380957
amorphous,False,1.6416666666666666,-1.1420132736600982e-10,13.046210579550351,86.9537894205638,0.0,4.727328596316342,0.014495789532833724
amorphous,False,1.65,-1.1420132736600982e-10,12.920632947716172,87.07936705239797,0.0,4.727328596316558,0.014356258830795747
amorphous,False,1.6583333333333332,-1.1420132736600982e-10,12.798952682177934,87.20104731793622,0.0,4.727328596316612,0.01422105853575326
amorphous,False,1.6666666666666667,-1.1420132736600982e-10,12.68104882886153,87.31895117125262,0.0,4.727328596316624,0.014090054254290588
amorphous,False,1.675,-1.1420132736600982e-10,12.566804187315018,87.43319581279913,0.0,4.727328596316626,0.013963115763683353
amorphous,False,1.6833333333333333,-1.1420132736600982e-10,12.456105194231045,87.5438948058831,0.0,4.727328596316627,0.013840116882478938
amorphous,False,1.6916666666666667,-1.1420132736600982e-10,12.348841810583117,87.65115818953103,0.0,4.727328596316627,0.013720935345092352
amorphous,False,1.7,-1.1420132736600982e-10,12.244907412263398,87.75509258785074,0.0,4.727328596316627,0.013605452680292665
amorphous,False,1.7083333333333333,-1.1420132736600982e-10,12.14419868411369,87.85580131600045,0.0,4.727328596316627,0.013493554093459655
amorphous,False,1.7166666666666666,-1.1420132736600982e-10,12.046615517244128,87.95338448287002,0.0,4.727328596316627,0.013385128352493475
amorphous,False,1.7249999999999999,-1.1420132736600982e-10,11.952060909537781,88.04793909057636,0.0,4.727328596316627,0.013280067677264201
amorphous,False,1.7333333333333334,-1.1420132736600982e-10,11.860440869242282,88.13955913087186,0.0,4.727328596316627,0.013178267632491424
amorphous,False,1.7416666666666667,-1.1420132736600982e-10,11.771664321552677,88.22833567856146,0.0,4.727328596316627,0.013079627023947419
amorphous,False,1.75,-1.1420132736600982e-10,11.685643018092856,88.31435698202128,0.0,4.727328596316627,0.01298404779788095
amorphous,False,1.7583333333333333,-1.1420132736600982e-10,11.602291449205474,88.39770855090866,0.0,4.727328596316627,0.012891434943561637
amorphous,False,1.7666666666666666,-1.1420132736600982e-10,11.521526758963432,88.47847324115071,0.0,4.727328596316627,0.012801696398848258
amorphous,False,1.775,-1.1420132736600982e-10,11.443268662818356,88.55673133729579,0.0,4.727328596316627,0.012714742958687063
amorphous,False,1.7833333333333332,-1.1420132736600982e-10,11.367439367804304,88.63256063230983,0.0,4.727328596316627,0.012630488186449226
amorphous,False,1.7916666666666667,-1.1420132736600982e-10,11.29396349521752,88.70603650489662,0.0,4.727328596316627,0.012548848328019467
amorphous,False,1.8,-1.1420132736600982e-10,11.222768005695285,88.77723199441886,0.0,4.727328596316627,0.012469742228550316
amorphous,False,1.8083333333333333,-1.1420132736600982e-10,11.153782126619573,88.84621787349457,0.0,4.727328596316627,0.012393091251799526
amorphous,False,1.8166666666666667,-1.1420132736600982e-10,11.086937281773292,88.91306271834085,0.0,4.727328596316627,0.012318819201970324
amorphous,False,1.825,-1.1420132736600982e-10,11.022167023179291,88.97783297693485,0.0,4.727328596316627,0.01224685224797699
amorphous,False,1.8333333333333333,-1.1420132736600982e-10,10.959406965054411,89.04059303505973,0.0,4.727328596316627,0.012177118850060457
amorphous,False,1.8416666666666666,-1.1420132736600982e-10,10.898594719812895,89.10140528030125,0.0,4.727328596316627,0.012109549688680995
amorphous,False,1.8499999999999999,-1.1420132736600982e-10,10.839669836055696,89.16033016405845,0.0,4.727328596316627,0.012044077595617441
amorphous,False,1.8583333333333334,-1.1420132736600982e-10,10.78257373848395,89.2174262616302,0.0,4.727328596316627,0.01198063748720439
amorphous,False,1.8666666666666667,-1.1420132736600982e-10,10.727249669677022,89.27275033043712,0.0,4.727328596316627,0.011919166299641135
amorphous,False,1.875,-1.1420132736600982e-10,10.673642633677188,89.32635736643695,0.0,4.727328596316627,0.011859602926307987
amorphous,False,1.8833333333333333,-1.1420132736600982e-10,10.621699341324963,89.37830065878917,0.0,4.727328596316627,0.011801888157027736
amorphous,False,1.8916666666666666,-1.1420132736600982e-10,10.57136815729075,89.42863184282339,0.0,4.727328596316627,0.011745964619211945
amorphous,False,1.9,-1.1420132736600982e-10,10.522599048750124,89.47740095136402,0.0,4.727328596316627,0.01169177672083347
amorphous,False,1.9083333333333332,-1.1420132736600982e-10,10.475343535651854,89.52465646446228,0.0,4.727328596316627,0.011639270595168727
amorphous,False,1.9166666666666667,-1.1420132736600982e-10,10.42955464252914,89.570445357585,0.0,4.727328596316627,0.011588394047254601
amorphous,False,1.925,-1.1420132736600982e-10,10.385186851806282,89.61481314830786,0.0,4.727328596316627,0.01153909650200698
amorphous,False,1.9333333333333333,-1.1420132736600982e-10,10.342196058554283,89.65780394155986,0.0,4.727328596316627,0.011491328953949203
amorphous,False,1.9416666666666667,-1.1420132736600982e-10,10.300539526650514,89.69946047346363,0.0,4.727328596316627,0.011445043918500571
amorphous,False,1.95,-1.1420132736600982e-10,10.260175846298841,89.7398241538153,0.0,4.727328596316627,0.01140019538477649
amorphous,False,1.9583333333333333,-1.1420132736600982e-10,10.22106489286797,89.77893510724617,0.0,4.727328596316627,0.011356738769853299
amorphous,False,1.9666666666666666,-1.1420132736600982e-10,10.183167787007173,89.81683221310696,0.0,4.727328596316627,0.011314630874452414
amorphous,False,1.9749999999999999,-1.1420132736600982e-10,10.146446855999717,89.85355314411441,0.0,4.727328596316627,0.011273829839999685
amorphous,False,1.9833333333333334,-1.1420132736600982e-10,10.110865596315575,89.88913440379855,0.0,4.727328596316627,0.011234295107017307
amorphous,False,1.9916666666666667,-1.1420132736600982e-10,10.076388637326286,89.92361136278785,0.0,4.727328596316627,0.011195987374806983
amorphous,False,2.0,-1.1420132736600982e-10,10.042981706145767,89.95701829396836,0.0,4.727328596316627,0.011158868562384185
amorphous,False,2.0083333333333333,-1.1420132736600982e-10,10.010611593562308,89.98938840655183,0.0,4.727328596316627,0.011122901770624785
amorphous,False,2.0166666666666666,-1.1420132736600982e-10,9.979246121027735,90.0207538790864,0.0,4.727328596316627,0.011088051245586372
amorphous,False,2.025,-1.1420132736600982e-10,9.948854108671044,90.0511458914431,0.0,4.727328596316627,0.011054282342967826
amorphous,False,2.033333333333333,-1.1420132736600982e-10,9.919405344304668,90.08059465580948,0.0,4.727328596316627,0.011021561493671853
amorphous,False,2.0416666666666665,-1.1420132736600982e-10,9.890870553392565,90.10912944672158,0.0,4.727328596316627,0.010989856170436183
amorphous,False,2.05,-1.1420132736600982e-10,9.86322136995034,90.1367786301638,0.0,4.727328596316627,0.010959134855500378
amorphous,False,2.058333333333333,-1.1420132736600982e-10,9.8364303083484,90.16356969176574,0.0,4.727328596316627,0.010929367009275999
amorphous,False,2.0666666666666664,-1.1420132736600982e-10,9.810470735990183,90.18952926412395,0.0,4.727328596316627,0.010900523039989092
amorphous,False,2.075,-1.1420132736600982e-10,9.785316846838285,90.21468315327586,0.0,4.727328596316627,0.010872574274264761
amorphous,False,2.0833333333333335,-1.1420132736600982e-10,9.760943635762157,90.23905636435198,0.0,4.727328596316627,0.010845492928624618
amorphous,False,2.091666666666667,-1.1420132736600982e-10,9.737326873681907,90.26267312643223,0.0,4.727328596316627,0.010819252081868786
amorphous,False,2.1,-1.1420132736600982e-10,9.714443083483474,90.28555691663067,0.0,4.727328596316627,0.010793825648314971
amorphous,False,2.1083333333333334,-1.1420132736600982e-10,9.692269516681266,90.30773048343286,0.0,4.727328596316627,0.010769188351868074
amorphous,False,2.1166666666666667,-1.1420132736600982e-10,9.670784130805046,90.3292158693091,0.0,4.727328596316627,0.010745315700894495
amorphous,False,2.125,-1.1420132736600982e-10,9.649965567488591,90.35003443262555,0.0,4.727328596316627,0.010722183963876213
amorphous,False,2.1333333333333333,-1.1420132736600982e-10,9.629793131238365,90.37020686887577,0.0,4.727328596316627,0.010699770145820405
amorphous,False,2.1416666666666666,-1.1420132736600982e-10,9.610246768861074,90.38975323125305,0.0,4.727328596316627,0.010678051965401194
amorphous,False,2.15,-1.1420132736600982e-10,9.5913070495297,90.40869295058444,0.0,4.727328596316627,0.010657007832810778
amorphous,False,2.158333333333333,-1.1420132736600982e-10,9.57295514546814,90.427044854646,0.0,4.727328596316627,0.010636616828297932
amorphous,False,2.1666666666666665,-1.1420132736600982e-10,9.55517281323531,90.44482718687883,0.0,4.727328596316627,0.010616858681372568
amorphous,False,2.175,-1.1420132736600982e-10,9.537942375590093,90.46205762452405,0.0,4.727328596316627,0.010597713750655659
amorphous,False,2.183333333333333,-1.1420132736600982e-10,9.521246703919074,90.47875329619507,0.0,4.727328596316627,0.010579163004354526
amorphous,False,2.1916666666666664,-1.1420132736600982e-10,9.505069201209656,90.49493079890448,0.0,4.727328596316627,0.010561188001344063
amorphous,False,2.2,-1.1420132736600982e-10,9.489393785551561,90.51060621456257,0.0,4.727328596316627,0.010543770872835067
amorphous,False,2.2083333333333335,-1.1420132736600982e-10,9.474204874150407,90.52579512596373,0.0,4.727328596316627,0.010526894304611564
amorphous,False,2.216666666666667,-1.1420132736600982e-10,9.459487367837372,90.54051263227676,0.0,4.727328596316627,0.010510541519819302
amorphous,False,2.225,-1.1420132736600982e-10,9.445226636059628,90.55477336405451,0.0,4.727328596316627,0.010494696262288475
amorphous,False,2.2333333333333334,-1.1420132736600982e-10,9.43140850233658,90.56859149777756,0.0,4.727328596316627,0.010479342780373978
amorphous,False,2.2416666666666667,-1.1420132736600982e-10,9.418019230167483,90.58198076994665,0.0,4.727328596316627,0.010464465811297202
amorphous,False,2.25,-1.1420132736600982e-10,9.405045509376395,90.59495449073775,0.0,4.727328596316627,0.010450050565973772
amorphous,False,2.2583333333333333,-1.1420132736600982e-10,9.392474442880937,90.6075255572332,0.0,4.727328596316627,0.010436082714312152
amorphous,False,2.2666666666666666,-1.1420132736600982e-10,9.38029353387167,90.61970646624246,0.0,4.727328596316627,0.010422548370968523
amorphous,False,2.275,-1.1420132736600982e-10,9.368490673389358,90.63150932672478,0.0,4.727328596316627,0.01040943408154373
amorphous,False,2.283333333333333,-1.1420132736600982e-10,9.35705412828779,90.64294587182634,0.0,4.727328596316627,0.010396726809208657
amorphous,False,2.2916666666666665,-1.1420132736600982e-10,9.345972529570158,90.65402747054398,0.0,4.727328596316627,0.01038441392174462
amorphous,False,2.3,-1.1420132736600982e-10,9.335234861087423,90.66476513902671,0.0,4.727328596316627,0.010372483178986026
amorphous,False,2.308333333333333,-1.1420132736600982e-10,9.324830448587443,90.6751695515267,0.0,4.727328596316627,0.010360922720652714
amorphous,False,2.3166666666666664,-1.1420132736600982e-10,9.314748949103938,90.6852510510102,0.0,4.727328596316627,0.010349721054559932
amorphous,False,2.325,-1.1420132736600982e-10,9.304980340674799,90.69501965943934,0.0,4.727328596316627,0.010338867045194221
amorphous,False,2.3333333333333335,-1.1420132736600982e-10,9.295514912379469,90.70448508773468,0.0,4.727328596316627,0.010328349902643854
amorphous,False,2.341666666666667,-1.1420132736600982e-10,9.28634325468553,90.71365674542862,0.0,4.727328596316627,0.010318159171872811
amorphous,False,2.35,-1.1420132736600982e-10,9.277456250094893,90.72254375001926,0.0,4.727328596316627,0.010308284722327659
amorphous,False,2.3583333333333334,-1.1420132736600982e-10,9.268845064080258,90.73115493603389,0.0,4.727328596316627,0.010298716737866953
amorphous,False,2.3666666666666667,-1.1420132736600982e-10,9.260501136302903,90.73949886381125,0.0,4.727328596316627,0.010289445707003225
amorphous,False,2.375,-1.1420132736600982e-10,9.252416172103008,90.74758382801114,0.0,4.727328596316627,0.010280462413447787
amorphous,False,2.3833333333333333,-1.1420132736600982e-10,9.244582134254083,90.75541786586007,0.0,4.727328596316627,0.01027175792694898
amorphous,False,2.3916666666666666,-1.1420132736600982e-10,9.236991234973313,90.76300876514084,0.0,4.727328596316627,0.010263323594414793
amorphous,False,2.4,-1.1420132736600982e-10,9.229635928179851,90.7703640719343,0.0,4.727328596316627,0.010255151031310946
amorphous,False,2.408333333333333,-1.1420132736600982e-10,9.222508901993391,90.77749109812075,0.0,4.727328596316627,0.010247232113325991
amorphous,False,2.4166666666666665,-1.1420132736600982e-10,9.215603071465539,90.7843969286486,0.0,4.727328596316627,0.010239558968295044
amorphous,False,2.425,-1.1420132736600982e-10,9.20891157153679,90.79108842857735,0.0,4.727328596316627,0.010232123968374212
amorphous,False,2.433333333333333,-1.1420132736600982e-10,9.202427750212067,90.79757224990207,0.0,4.727328596316627,0.010224919722457851
amorphous,False,2.4416666666666664,-1.1420132736600982e-10,9.196145161948074,90.80385483816607,0.0,4.727328596316627,0.010217939068831193
amorphous,False,2.45,-1.1420132736600982e-10,9.190057561245878,90.80994243886826,0.0,4.727328596316627,0.010211175068050976
amorphous,False,2.4583333333333335,-1.1420132736600982e-10,9.184158896442337,90.8158411036718,0.0,4.727328596316627,0.010204620996047041
amorphous,False,2.466666666666667,-1.1420132736600982e-10,9.178443303694232,90.82155669641992,0.0,4.727328596316627,0.010198270337438036
amorphous,False,2.475,-1.1420132736600982e-10,9.172905101149091,90.82709489896506,0.0,4.727328596316627,0.010192116779054546
amorphous,False,2.4833333333333334,-1.1420132736600982e-10,9.167538783296937,90.83246121681721,0.0,4.727328596316627,0.010186154203663263
amorphous,False,2.4916666666666667,-1.1420132736600982e-10,9.162339015497324,90.83766098461682,0.0,4.727328596316627,0.010180376683885915
amorphous,False,2.5,-1.1420132736600982e-10,9.157300628676232,90.8426993714379,0.0,4.727328596316627,0.010174778476306925
amorphous,False,2.5083333333333333,-1.1420132736600982e-10,9.152418614187555,90.84758138592657,0.0,4.727328596316627,0.01016935401576395
amorphous,False,2.5166666666666666,-1.1420132736600982e-10,9.147688118834061,90.85231188128007,0.0,4.727328596316627,0.010164097909815624
amorphous,False,2.525,-1.1420132736600982e-10,9.143104440042881,90.85689556007127,0.0,4.727328596316627,0.01015900493338098
amorphous,False,2.533333333333333,-1.1420132736600982e-10,9.138663021190727,90.86133697892342,0.0,4.727328596316627,0.010154070023545252
amorphous,False,2.5416666666666665,-1.1420132736600982e-10,9.134359447074203,90.86564055303994,0.0,4.727328596316627,0.010149288274526892
amorphous,False,2.55,-1.1420132736600982e-10,9.130189439520695,90.86981056059345,0.0,4.727328596316627,0.010144654932800772
amorphous,False,2.558333333333333,-1.1420132736600982e-10,9.126148853135478,90.87385114697867,0.0,4.727328596316627,0.010140165392372752
amorphous,False,2.5666666666666664,-1.1420132736600982e-10,9.122233671180817,90.87776632893333,0.0,4.727328596316627,0.010135815190200908
amorphous,False,2.575,-1.1420132736600982e-10,9.11844000158297,90.88155999853117,0.0,4.727328596316627,0.010131600001758856
amorphous,False,2.5833333333333335,-1.1420132736600982e-10,9.1147640730631,90.88523592705104,0.0,4.727328596316627,0.010127515636736778
amorphous,False,2.591666666666667,-1.1420132736600982e-10,9.11120223138829,90.88879776872585,0.0,4.727328596316627,0.010123558034875878
amorphous,False,2.6,-1.1420132736600982e-10,9.107750935738897,90.89224906437525,0.0,4.727328596316627,0.010119723261932109
amorphous,False,2.6083333333333334,-1.1420132736600982e-10,9.104406755188647,90.8955932449255,0.0,4.727328596316627,0.010116007505765162
amorphous,False,2.6166666666666667,-1.1420132736600982e-10,9.101166365293974,90.89883363482016,0.0,4.727328596316627,0.01011240707254886
amorphous,False,2.625,-1.1420132736600982e-10,9.098026544789231,90.9019734553249,0.0,4.727328596316627,0.010108918383099146
amorphous,False,2.6333333333333333,-1.1420132736600982e-10,9.094984172384438,90.9050158277297,0.0,4.727328596316627,0.010105537969316042
amorphous,False,2.6416666666666666,-1.1420132736600982e-10,9.092036223662435,90.90796377645171,0.0,4.727328596316627,0.010102262470736038
amorphous,False,2.65,-1.1420132736600982e-10,9.089179768072325,90.91082023204181,0.0,4.727328596316627,0.010099088631191473
amorphous,False,2.658333333333333,-1.1420132736600982e-10,9.086411966016247,90.9135880340979,0.0,4.727328596316627,0.010096013295573608
amorphous,False,2.6666666666666665,-1.1420132736600982e-10,9.083730066026526,90.91626993408761,0.0,4.727328596316627,0.01009303340669614
amorphous,False,2.675,-1.1420132736600982e-10,9.081131402030477,90.91886859808366,0.0,4.727328596316627,0.010090146002256085
amorphous,False,2.683333333333333,-1.1420132736600982e-10,9.07861339070007,90.92138660941407,0.0,4.727328596316627,0.010087348211888968
amorphous,False,2.6916666666666664,-1.1420132736600982e-10,9.076173528883857,90.92382647123029,0.0,4.727328596316627,0.010084637254315396
amorphous,False,2.7,-1.1420132736600982e-10,9.073809391118603,90.92619060899554,0.0,4.727328596316627,0.010082010434576226
amorphous,False,2.7083333333333335,-1.1420132736600982e-10,9.071518627218152,90.92848137289599,0.0,4.727328596316627,0.010079465141353503
amorphous,False,2.716666666666667,-1.1420132736600982e-10,9.069298959937111,90.93070104017704,0.0,4.727328596316627,0.010076998844374567
amorphous,False,2.725,-1.1420132736600982e-10,9.06714818270706,90.93285181740708,0.0,4.727328596316627,0.010074609091896733
amorphous,False,2.7333333333333334,-1.1420132736600982e-10,9.065064157443008,90.93493584267114,0.0,4.727328596316627,0.010072293508270009
amorphous,False,2.7416666666666667,-1.1420132736600982e-10,9.063044812417932,90.93695518769621,0.0,4.727328596316627,0.01007004979157548
amorphous,False,2.75,-1.1420132736600982e-10,9.061088140203289,90.93891185991086,0.0,4.727328596316627,0.010067875711336988
amorphous,False,2.7583333333333333,-1.1420132736600982e-10,9.059192195673436,90.94080780444071,0.0,4.727328596316627,0.010065769106303819
amorphous,False,2.7666666666666666,-1.1420132736600982e-10,9.057355094071985,90.94264490604216,0.0,4.727328596316627,0.010063727882302205
amorphous,False,2.775,-1.1420132736600982e-10,9.055575009138186,90.94442499097596,0.0,4.727328596316627,0.01006175001015354
amorphous,False,2.783333333333333,-1.1420132736600982e-10,9.053850171291439,90.94614982882271,0.0,4.727328596316627,0.010059833523657155
amorphous,False,2.7916666666666665,-1.1420132736600982e-10,9.05217886587216,90.94782113424199,0.0,4.727328596316627,0.010057976517635733
amorphous,False,2.8,-1.1420132736600982e-10,9.050559431437254,90.94944056867689,0.0,4.727328596316627,0.010056177146041394
amorphous,False,2.808333333333333,-1.1420132736600982e-10,9.048990258108475,90.95100974200568,0.0,4.727328596316627,0.010054433620120528
amorphous,False,2.8166666666666664,-1.1420132736600982e-10,9.047469785972046,90.95253021414212,0.0,4.727328596316627,0.010052744206635607
amorphous,False,2.825,-1.1420132736600982e-10,9.045996503527967,90.95400349658618,0.0,4.727328596316627,0.010051107226142185
amorphous,False,2.8333333333333335,-1.1420132736600982e-10,9.044568946187425,90.95543105392673,0.0,4.727328596316627,0.01004952105131936
amorphous,False,2.841666666666667,-1.1420132736600982e-10,9.043185694816863,90.95681430529729,0.0,4.727328596316627,0.01004798410535207
amorphous,False,2.85,-1.1420132736600982e-10,9.041845374327215,90.95815462578693,0.0,4.727328596316627,0.010046494860363572
amorphous,False,2.8583333333333334,-1.1420132736600982e-10,9.040546652306935,90.95945334780721,0.0,4.727328596316627,0.010045051835896594
amorphous,False,2.8666666666666667,-1.1420132736600982e-10,9.039288237697455,90.9607117624167,0.0,4.727328596316627,0.010043653597441617
amorphous,False,2.875,-1.1420132736600982e-10,9.038068879509748,90.9619311206044,0.0,4.727328596316627,0.010042298755010831
amorphous,False,2.8833333333333333,-1.1420132736600982e-10,9.036887365580716,90.96311263453343,0.0,4.727328596316627,0.01004098596175635
amorphous,False,2.8916666666666666,-1.1420132736600982e-10,9.03574252136819,90.96425747874596,0.0,4.727328596316627,0.010039713912631323
amorphous,False,2.9,-1.1420132736600982e-10,9.034633208783315,90.96536679133084,0.0,4.727328596316627,0.010038481343092572
amorphous,False,2.908333333333333,-1.1420132736600982e-10,9.033558325059184,90.96644167505497,0.0,4.727328596316627,0.010037287027843539
amorphous,False,2.9166666666666665,-1.1420132736600982e-10,9.032516801654575,90.96748319845958,0.0,4.727328596316627,0.010036129779616194
amorphous,False,2.925,-1.1420132736600982e-10,9.03150760319172,90.96849239692244,0.0,4.727328596316627,0.0100350084479908
amorphous,False,2.933333333333333,-1.1420132736600982e-10,9.030529726427039,90.96947027368712,0.0,4.727328596316627,0.010033921918252265
amorphous,False,2.9416666666666664,-1.1420132736600982e-10,9.029582199253811,90.97041780086035,0.0,4.727328596316627,0.010032869110282013
amorphous,False,2.95,-1.1420132736600982e-10,9.028664079735815,90.97133592037834,0.0,4.727328596316627,0.010031848977484239
amorphous,False,2.9583333333333335,-1.1420132736600982e-10,9.02777445517095,90.9722255449432,0.0,4.727328596316627,0.0100308605057455
amorphous,False,2.966666666666667,-1.1420132736600982e-10,9.026912441183914,90.97308755893023,0.0,4.727328596316627,0.010029902712426571
amorphous,False,2.975,-1.1420132736600982e-10,9.026077180847054,90.9739228192671,0.0,4.727328596316627,0.010028974645385616
amorphous,False,2.9833333333333334,-1.1420132736600982e-10,9.025267843828493,90.97473215628565,0.0,4.727328596316627,0.010028075382031659
amorphous,False,2.9916666666666667,-1.1420132736600982e-10,9.024483625566702,90.97551637454745,0.0,4.727328596316627,0.010027204028407448
amorphous,False,3.0,-1.1420132736600982e-10,9.023723746470685,90.97627625364346,0.0,4.727328596316627,0.010026359718300761
amorphous,False,3.0083333333333333,-1.1420132736600982e-10,9.022987451144987,90.97701254896917,0.0,4.727328596316627,0.010025541612383318
amorphous,False,3.0166666666666666,-1.1420132736600982e-10,9.02227400763876,90.9777259924754,0.0,4.727328596316627,0.0100247488973764
amorphous,False,3.025,-1.1420132736600982e-10,9.021582706718128,90.97841729339602,0.0,4.727328596316627,0.010023980785242364
amorphous,False,3.033333333333333,-1.1420132736600982e-10,9.020912861161143,90.979087138953,0.0,4.727328596316627,0.01002323651240127
amorphous,False,3.0416666666666665,-1.1420132736600982e-10,9.020263805074618,90.97973619503954,0.0,4.727328596316627,0.010022515338971798
amorphous,False,3.05,-1.1420132736600982e-10,9.019634893232164,90.98036510688199,0.0,4.727328596316627,0.010021816548035738
amorphous,False,3.058333333333333,-1.1420132736600982e-10,9.019025500432761,90.9809744996814,0.0,4.727328596316627,0.01002113944492529
amorphous,False,3.0666666666666664,-1.1420132736600982e-10,9.018435020879265,90.98156497923489,0.0,4.727328596316627,0.010020483356532517
amorphous,False,3.075,-1.1420132736600982e-10,9.017862867576172,90.98213713253799,0.0,4.727328596316627,0.010019847630640191
amorphous,False,3.0833333333333335,-1.1420132736600982e-10,9.017308471746091,90.98269152836806,0.0,4.727328596316627,0.010019231635273435
amorphous,False,3.091666666666667,-1.1420132736600982e-10,9.016771282264326,90.98322871784983,0.0,4.727328596316627,0.010018634758071474
amorphous,False,3.1,-1.1420132736600982e-10,9.016250765110996,90.98374923500316,0.0,4.727328596316627,0.010018056405678885
amorphous,False,3.1083333333333334,-1.1420132736600982e-10,9.015746402840175,90.98425359727398,0.0,4.727328596316627,0.01001749600315575
amorphous,False,3.1166666666666667,-1.1420132736600982e-10,9.015257694065495,90.98474230604866,0.0,4.727328596316627,0.010016952993406105
amorphous,False,3.125,-1.1420132736600982e-10,9.014784152961715,90.98521584715245,0.0,4.727328596316627,0.010016426836624128
amorphous,False,3.1333333333333333,-1.1420132736600982e-10,9.014325308781775,90.98567469133239,0.0,4.727328596316627,0.010015917009757527
amorphous,False,3.1416666666666666,-1.1420132736600982e-10,9.01388070538881,90.98611929472534,0.0,4.727328596316627,0.010015423005987567
amorphous,False,3.15,-1.1420132736600982e-10,9.013449900802721,90.98655009931143,0.0,4.727328596316627,0.010014944334225246
amorphous,False,3.158333333333333,-1.1420132736600982e-10,9.01303246676079,90.98696753335336,0.0,4.727328596316627,0.0100144805186231
amorphous,False,3.1666666666666665,-1.1420132736600982e-10,9.012627988291953,90.9873720118222,0.0,4.727328596316627,0.01001403109810217
amorphous,False,3.175,-1.1420132736600982e-10,9.012236063304275,90.98776393680988,0.0,4.727328596316627,0.01001359562589364
amorphous,False,3.183333333333333,-1.1420132736600982e-10,9.01185630218523,90.98814369792893,0.0,4.727328596316627,0.0100131736690947
amorphous,False,3.1916666666666664,-1.1420132736600982e-10,9.011488327414385,90.98851167269977,0.0,4.727328596316627,0.010012764808238206
amorphous,False,3.2,-1.1420132736600982e-10,9.011131773188113,90.98886822692604,0.0,4.727328596316627,0.010012368636875681
amorphous,False,3.2083333333333335,-1.1420132736600982e-10,9.010786285055948,90.9892137150582,0.0,4.727328596316627,0.010011984761173275
amorphous,False,3.216666666666667,-1.1420132736600982e-10,9.01045151956822,90.98954848054593,0.0,4.727328596316627,0.010011612799520243
amorphous,False,3.225,-1.1420132736600982e-10,9.010127143934632,90.98987285617952,0.0,4.727328596316627,0.010011252382149591
amorphous,False,3.2333333333333334,-1.1420132736600982e-10,9.009812835693445,90.9901871644207,0.0,4.727328596316627,0.010010903150770495
amorphous,False,3.2416666666666667,-1.1420132736600982e-10,9.009508282390904,90.99049171772324,0.0,4.727328596316627,0.010010564758212116
amorphous,False,3.25,-1.1420132736600982e-10,9.009213181270638,90.9907868188435,0.0,4.727328596316627,0.010010236868078486
amorphous,False,3.2583333333333333,-1.1420132736600982e-10,9.008927238972685,90.99107276114147,0.0,4.727328596316627,0.010009919154414095
amorphous,False,3.2666666666666666,-1.1420132736600982e-10,9.008650171241865,90.99134982887229,0.0,4.727328596316627,0.01000961130137985
amorphous,False,3.275,-1.1420132736600982e-10,9.008381702645204,90.99161829746895,0.0,4.727328596316627,0.010009313002939117
amorphous,False,3.283333333333333,-1.1420132736600982e-10,9.008121566298122,90.99187843381604,0.0,4.727328596316627,0.01000902396255347
amorphous,False,3.2916666666666665,-1.1420132736600982e-10,9.007869503599126,90.99213049651503,0.0,4.727328596316627,0.010008743892887919
amorphous,False,3.3,-1.1420132736600982e-10,9.007625263972736,90.99237473614143,0.0,4.727328596316627,0.010008472515525262
amorphous,False,3.308333333333333,-1.1420132736600982e-10,9.007388604620383,90.99261139549378,0.0,4.727328596316627,0.010008209560689315
amorphous,False,3.3166666666666664,-1.1420132736600982e-10,9.007159290279047,90.99284070983512,0.0,4.727328596316627,0.010007954766976718
amorphous,False,3.3249999999999997,-1.1420132736600982e-10,9.00693709298738,90.99306290712678,0.0,4.727328596316627,0.010007707881097089
amorphous,False,3.3333333333333335,-1.1420132736600982e-10,9.006721791859096,90.99327820825508,0.0,4.727328596316627,0.010007468657621218
amorphous,False,3.341666666666667,-1.1420132736600982e-10,9.006513172863377,90.99348682725079,0.0,4.727328596316627,0.010007236858737086
amorphous,False,3.35,-1.1420132736600982e-10,9.006311028612114,90.99368897150207,0.0,4.727328596316627,0.01000701225401346
amorphous,False,3.3583333333333334,-1.1420132736600982e-10,9.00611515815374,90.99388484196044,0.0,4.727328596316627,0.010006794620170822
amorphous,False,3.3666666666666667,-1.1420132736600982e-10,9.005925366773463,90.99407463334072,0.0,4.727328596316627,0.010006583740859403
amorphous,False,3.375,-1.1420132736600982e-10,9.0057414657997,90.99425853431448,0.0,4.727328596316627,0.01000637940644411
amorphous,False,3.3833333333333333,-1.1420132736600982e-10,9.005563272416522,90.99443672769766,0.0,4.727328596316627,0.010006181413796136
amorphous,False,3.3916666666666666,-1.1420132736600982e-10,9.00539060948191,90.99460939063226,0.0,4.727328596316627,0.010005989566091012
amorphous,False,3.4,-1.1420132736600982e-10,9.005223305351668,90.9947766947625,0.0,4.727328596316627,0.010005803672612964
amorphous,False,3.408333333333333,-1.1420132736600982e-10,9.005061193708785,90.9949388064054,0.0,4.727328596316627,0.010005623548565316
amorphous,False,3.4166666666666665,-1.1420132736600982e-10,9.004904113398098,90.99509588671609,0.0,4.727328596316627,0.010005449014886775
amorphous,False,3.425,-1.1420132736600982e-10,9.004751908266089,90.9952480918481,0.0,4.727328596316627,0.010005279898073432
amorphous,False,3.433333333333333,-1.1420132736600982e-10,9.00460442700566,90.99539557310852,0.0,4.727328596316627,0.010005116030006289
amorphous,False,3.4416666666666664,-1.1420132736600982e-10,9.004461523005707,90.99553847710847,0.0,4.727328596316627,0.01000495724778412
amorphous,False,3.4499999999999997,-1.1420132736600982e-10,9.004323054205383,90.9956769459088,0.0,4.727328596316627,0.010004803393561537
amorphous,False,3.4583333333333335,-1.1420132736600982e-10,9.00418888295287,90.9958111171613,0.0,4.727328596316627,0.010004654314392077
amorphous,False,3.466666666666667,-1.1420132736600982e-10,9.004058875868543,90.99594112424563,0.0,4.727328596316627,0.010004509862076159
amorphous,False,3.475,-1.1420132736600982e-10,9.003932903712375,90.9960670964018,0.0,4.727328596316627,0.01000436989301375
amorphous,False,3.4833333333333334,-1.1420132736600982e-10,9.003810841255461,90.99618915885871,0.0,4.727328596316627,0.010004234268061624
amorphous,False,3.4916666666666667,-1.1420132736600982e-10,9.003692567155527,90.99630743295864,0.0,4.727328596316627,0.01000410285239503
amorphous,False,3.5,-1.1420132736600982e-10,9.003577963836303,90.99642203627788,0.0,4.727328596316627,0.01000397551537367
amorphous,False,3.5083333333333333,-1.1420132736600982e-10,9.003466917370641,90.99653308274354,0.0,4.727328596316627,0.010003852130411824
amorphous,False,3.5166666666666666,-1.1420132736600982e-10,9.003359317367265,90.99664068274691,0.0,4.727328596316627,0.010003732574852516
amorphous,False,3.525,-1.1420132736600982e-10,9.00325505686102,90.99674494325315,0.0,4.727328596316627,0.010003616729845578
amorphous,False,3.533333333333333,-1.1420132736600982e-10,9.003154032206549,90.99684596790762,0.0,4.727328596316627,0.010003504480229498
amorphous,False,3.5416666666666665,-1.1420132736600982e-10,9.003056142975256,90.99694385713892,0.0,4.727328596316627,0.010003395714416951
amorphous,False,3.55,-1.1420132736600982e-10,9.00296129185546,90.99703870825871,0.0,4.727328596316627,0.010003290324283844
amorphous,False,3.558333333333333,-1.1420132736600982e-10,9.002869384555678,90.99713061555849,0.0,4.727328596316627,0.010003188205061865
amorphous,False,3.5666666666666664,-1.1420132736600982e-10,9.002780329710871,90.9972196704033,0.0,4.727328596316627,0.010003089255234302
amorphous,False,3.5749999999999997,-1.1420132736600982e-10,9.002694038791626,90.99730596132254,0.0,4.727328596316627,0.01000299337643514
amorphous,False,3.5833333333333335,-1.1420132736600982e-10,9.00261042601615,90.99738957409802,0.0,4.727328596316627,0.010002900473351277
amorphous,False,3.591666666666667,-1.1420132736600982e-10,9.002529408264987,90.99747059184918,0.0,4.727328596316627,0.010002810453627763
amorphous,False,3.6,-1.1420132736600982e-10,9.002450904998403,90.99754909511577,0.0,4.727328596316627,0.010002723227776003
amorphous,False,3.6083333333333334,-1.1420132736600982e-10,9.002374838176305,90.99762516193786,0.0,4.727328596316627,0.010002638709084783
amorphous,False,3.6166666666666667,-1.1420132736600982e-10,9.002301132180673,90.9976988679335,0.0,4.727328596316627,0.010002556813534081
amorphous,False,3.625,-1.1420132736600982e-10,9.002229713740382,90.9977702863738,0.0,4.727328596316627,0.010002477459711535
amorphous,False,3.6333333333333333,-1.1420132736600982e-10,9.002160511858369,90.9978394882558,0.0,4.727328596316627,0.010002400568731522
amorphous,False,3.6416666666666666,-1.1420132736600982e-10,9.002093457741047,90.99790654237312,0.0,4.727328596316627,0.010002326064156719
amorphous,False,3.65,-1.1420132736600982e-10,9.002028484729927,90.99797151538424,0.0,4.727328596316627,0.010002253871922141
amorphous,False,3.658333333333333,-1.1420132736600982e-10,9.00196552823534,90.99803447187882,0.0,4.727328596316627,0.01000218392026149
amorphous,False,3.6666666666666665,-1.1420132736600982e-10,9.001904525672243,90.99809547444193,0.0,4.727328596316627,0.010002116139635826
amorphous,False,3.675,-1.1420132736600982e-10,9.001845416397993,90.99815458371617,0.0,4.727328596316627,0.010002050462664436
amorphous,False,3.683333333333333,-1.1420132736600982e-10,9.001788141652062,90.9982118584621,0.0,4.727328596316627,0.010001986824057847
amorphous,False,3.6916666666666664,-1.1420132736600982e-10,9.001732644497633,90.99826735561653,0.0,4.727328596316627,0.010001925160552925
amorphous,False,3.6999999999999997,-1.1420132736600982e-10,9.001678869764987,90.99832113034917,0.0,4.727328596316627,0.010001865410849986
amorphous,False,3.7083333333333335,-1.1420132736600982e-10,9.001626763996669,90.99837323611749,0.0,4.727328596316627,0.010001807515551854
amorphous,False,3.716666666666667,-1.1420132736600982e-10,9.001576275394337,90.99842372471981,0.0,4.727328596316627,0.010001751417104819
amorphous,False,3.725,-1.1420132736600982e-10,9.001527353767276,90.99847264634687,0.0,4.727328596316627,0.010001697059741419
amorphous,False,3.7333333333333334,-1.1420132736600982e-10,9.0014799504825,90.99852004963165,0.0,4.727328596316627,0.010001644389425
amorphous,False,3.7416666666666667,-1.1420132736600982e-10,9.00143401841641,90.99856598169775,0.0,4.727328596316627,0.010001593353796011
amorphous,False,3.75,-1.1420132736600982e-10,9.001389511907934,90.99861048820622,0.0,4.727328596316627,0.010001543902119927
amorphous,False,3.7583333333333333,-1.1420132736600982e-10,9.001346386713163,90.99865361340099,0.0,4.727328596316627,0.010001495985236848
amorphous,False,3.7666666666666666,-1.1420132736600982e-10,9.001304599961342,90.99869540015281,0.0,4.727328596316627,0.010001449555512602
amorphous,False,3.775,-1.1420132736600982e-10,9.001264110112265,90.9987358900019,0.0,4.727328596316627,0.010001404566791406
amorphous,False,3.783333333333333,-1.1420132736600982e-10,9.001224876914973,90.99877512319918,0.0,4.727328596316627,0.01000136097434997
amorphous,False,3.7916666666666665,-1.1420132736600982e-10,9.001186861367751,90.99881313874641,0.0,4.727328596316627,0.010001318734853057
amorphous,False,3.8,-1.1420132736600982e-10,9.001150025679344,90.99884997443482,0.0,4.727328596316627,0.010001277806310382
amorphous,False,3.808333333333333,-1.1420132736600982e-10,9.001114333231396,90.99888566688277,0.0,4.727328596316627,0.010001238148034884
amorphous,False,3.8166666666666664,-1.1420132736600982e-10,9.001079748542049,90.99892025157212,0.0,4.727328596316627,0.010001199720602276
amorphous,False,3.8249999999999997,-1.1420132736600982e-10,9.001046237230664,90.9989537628835,0.0,4.727328596316627,0.010001162485811848
amorphous,False,3.8333333333333335,-1.1420132736600982e-10,9.001013765983648,90.99898623413053,0.0,4.727328596316627,0.010001126406648499
amorphous,False,3.841666666666667,-1.1420132736600982e-10,9.00098230252134,90.99901769759283,0.0,4.727328596316627,0.010001091447245933
amorphous,False,3.85,-1.1420132736600982e-10,9.000951815565912,90.99904818454826,0.0,4.727328596316627,0.010001057572851014
amorphous,False,3.8583333333333334,-1.1420132736600982e-10,9.000922274810282,90.99907772530389,0.0,4.727328596316627,0.010001024749789202
amorphous,False,3.8666666666666667,-1.1420132736600982e-10,9.00089365088799,90.9991063492262,0.0,4.727328596316627,0.0100009929454311
amorphous,False,3.875,-1.1420132736600982e-10,9.000865915343994,90.99913408477019,0.0,4.727328596316627,0.010000962128159993
amorphous,False,3.8833333333333333,-1.1420132736600982e-10,9.000839040606392,90.99916095950779,0.0,4.727328596316627,0.010000932267340435
amorphous,False,3.8916666666666666,-1.1420132736600982e-10,9.000812999959011,90.99918700015517,0.0,4.727328596316627,0.01000090333328779
amorphous,False,3.9,-1.1420132736600982e-10,9.000787767514844,90.99921223259933,0.0,4.727328596316627,0.010000875297238716
amorphous,False,3.908333333333333,-1.1420132736600982e-10,9.000763318190318,90.99923668192386,0.0,4.727328596316627,0.010000848131322576
amorphous,False,3.9166666666666665,-1.1420132736600982e-10,9.000739627680362,90.99926037243381,0.0,4.727328596316627,0.010000821808533737
amorphous,False,3.925,-1.1420132736600982e-10,9.000716672434244,90.99928332767993,0.0,4.727328596316627,0.010000796302704715
amorphous,False,3.933333333333333,-1.1420132736600982e-10,9.000694429632153,90.99930557048202,0.0,4.727328596316627,0.01000077158848017
amorphous,False,3.9416666666666664,-1.1420132736600982e-10,9.00067287716252,90.99932712295166,0.0,4.727328596316627,0.010000747641291689
amorphous,False,3.9499999999999997,-1.1420132736600982e-10,9.000651993600037,90.99934800651413,0.0,4.727328596316627,0.010000724437333375
amorphous,False,3.9583333333333335,-1.1420132736600982e-10,9.000631758184358,90.99936824192982,0.0,4.727328596316627,0.010000701953538176
amorphous,False,3.966666666666667,-1.1420132736600982e-10,9.000612150799457,90.99938784931472,0.0,4.727328596316627,0.010000680167554952
amorphous,False,3.975,-1.1420132736600982e-10,9.000593151953629,90.99940684816055,0.0,4.727328596316627,0.010000659057726255
amorphous,False,3.9833333333333334,-1.1420132736600982e-10,9.000574742760127,90.99942525735405,0.0,4.727328596316627,0.010000638603066807
amorphous,False,3.9916666666666667,-1.1420132736600982e-10,9.000556904918373,90.9994430951958,0.0,4.727328596316627,0.010000618783242637
amorphous,False,4.0,-1.1420132736600982e-10,9.000539620695767,90.99946037941841,0.0,4.727328596316627,0.010000599578550852
amorphous,False,4.008333333333333,-1.1420132736600982e-10,9.000522872910066,90.9994771272041,0.0,4.727328596316627,0.010000580969900074
amorphous,False,4.016666666666667,-1.1420132736600982e-10,9.000506644912296,90.99949335520188,0.0,4.727328596316627,0.01000056293879144
amorphous,False,4.025,-1.1420132736600982e-10,9.000490920570208,90.99950907954397,0.0,4.727328596316627,0.010000545467300231
amorphous,False,4.033333333333333,-1.1420132736600982e-10,9.000475684252232,90.99952431586195,0.0,4.727328596316627,0.010000528538058035
amorphous,False,4.041666666666667,-1.1420132736600982e-10,9.000460920811946,90.99953907930224,0.0,4.727328596316627,0.010000512134235496
amorphous,False,4.05,-1.1420132736600982e-10,9.000446615573015,90.99955338454117,0.0,4.727328596316627,0.010000496239525572
amorphous,False,4.058333333333334,-1.1420132736600982e-10,9.000432754314602,90.99956724579958,0.0,4.727328596316627,0.010000480838127336
amorphous,False,4.066666666666666,-1.1420132736600982e-10,9.00041932325723,90.99958067685695,0.0,4.727328596316627,0.010000465914730255
amorphous,False,4.075,-1.1420132736600982e-10,9.000406309049085,90.9995936910651,0.0,4.727328596316627,0.010000451454498984
amorphous,False,4.083333333333333,-1.1420132736600982e-10,9.000393698752744,90.99960630136144,0.0,4.727328596316627,0.010000437443058605
amorphous,False,4.091666666666667,-1.1420132736600982e-10,9.000381479832313,90.99961852028187,0.0,4.727328596316627,0.010000423866480349
amorphous,False,4.1,-1.1420132736600982e-10,9.000369640140963,90.99963035997321,0.0,4.727328596316627,0.010000410711267737
amorphous,False,4.108333333333333,-1.1420132736600982e-10,9.000358167908859,90.99964183220531,0.0,4.727328596316627,0.010000397964343176
amorphous,False,4.116666666666666,-1.1420132736600982e-10,9.000347051731454,90.99965294838272,0.0,4.727328596316627,0.01000038561303495
amorphous,False,4.125,-1.1420132736600982e-10,9.000336280558157,90.99966371955601,0.0,4.727328596316627,0.01000037364506462
amorphous,False,4.133333333333333,-1.1420132736600982e-10,9.000325843681345,90.99967415643282,0.0,4.727328596316627,0.010000362048534828
amorphous,False,4.141666666666667,-1.1420132736600982e-10,9.00031573072572,90.99968426938844,0.0,4.727328596316627,0.010000350811917467
amorphous,False,4.15,-1.1420132736600982e-10,9.000305931637994,90.99969406847617,0.0,4.727328596316627,0.010000339924042216
amorphous,False,4.158333333333333,-1.1420132736600982e-10,9.000296436676892,90.99970356343727,0.0,4.727328596316627,0.010000329374085437
amorphous,False,4.166666666666667,-1.1420132736600982e-10,9.000287236403476,90.99971276371069,0.0,4.727328596316627,0.010000319151559418
amorphous,False,4.175,-1.1420132736600982e-10,9.000278321671754,90.99972167844241,0.0,4.727328596316627,0.010000309246301948
amorphous,False,4.183333333333334,-1.1420132736600982e-10,9.000269683619592,90.99973031649456,0.0,4.727328596316627,0.010000299648466214
amorphous,False,4.191666666666666,-1.1420132736600982e-10,9.000261313659902,90.99973868645425,0.0,4.727328596316627,0.010000290348511002
amorphous,False,4.2,-1.1420132736600982e-10,9.000253203472107,90.99974679664204,0.0,4.727328596316627,0.010000281337191231
amorphous,False,4.208333333333333,-1.1420132736600982e-10,9.000245344993873,90.99975465512028,0.0,4.727328596316627,0.010000272605548748
amorphous,False,4.216666666666667,-1.1420132736600982e-10,9.000237730413083,90.99976226970108,0.0,4.727328596316627,0.010000264144903426
amorphous,False,4.225,-1.1420132736600982e-10,9.000230352160086,90.99976964795407,0.0,4.727328596316627,0.01000025594684454
amorphous,False,4.233333333333333,-1.1420132736600982e-10,9.000223202900159,90.999776797214,0.0,4.727328596316627,0.0100002480032224
amorphous,False,4.241666666666666,-1.1420132736600982e-10,9.000216275526222,90.99978372458794,0.0,4.727328596316627,0.010000240306140247
amorphous,False,4.25,-1.1420132736600982e-10,9.000209563151778,90.99979043696239,0.0,4.727328596316627,0.01000023284794642
amorphous,False,4.258333333333333,-1.1420132736600982e-10,9.000203059104049,90.9997969410101,0.0,4.727328596316627,0.01000022562122672
amorphous,False,4.266666666666667,-1.1420132736600982e-10,9.000196756917367,90.9998032431968,0.0,4.727328596316627,0.010000218618797074
amorphous,False,4.275,-1.1420132736600982e-10,9.000190650326726,90.99980934978743,0.0,4.727328596316627,0.010000211833696362
amorphous,False,4.283333333333333,-1.1420132736600982e-10,9.000184733261566,90.9998152668526,0.0,4.727328596316627,0.010000205259179518
amorphous,False,4.291666666666667,-1.1420132736600982e-10,9.000178999839731,90.99982100027442,0.0,4.727328596316627,0.010000198888710812
amorphous,False,4.3,-1.1420132736600982e-10,9.000173444361629,90.99982655575253,0.0,4.727328596316627,0.010000192715957364
amorphous,False,4.308333333333334,-1.1420132736600982e-10,9.000168061304556,90.9998319388096,0.0,4.727328596316627,0.01000018673478284
amorphous,False,4.316666666666666,-1.1420132736600982e-10,9.00016284531722,90.99983715479694,0.0,4.727328596316627,0.010000180939241356
amorphous,False,4.325,-1.1420132736600982e-10,9.000157791214404,90.99984220889976,0.0,4.727328596316627,0.01000017532357156
amorphous,False,4.333333333333333,-1.1420132736600982e-10,9.000152893971826,90.99984710614234,0.0,4.727328596316627,0.010000169882190917
amorphous,False,4.341666666666667,-1.1420132736600982e-10,9.00014814872114,90.99985185139303,0.0,4.727328596316627,0.010000164609690155
amorphous,False,4.35,-1.1420132736600982e-10,9.000143550745086,90.99985644936908,0.0,4.727328596316627,0.010000159500827874
amorphous,False,4.358333333333333,-1.1420132736600982e-10,9.000139095472823,90.99986090464134,0.0,4.727328596316627,0.010000154550525359
amorphous,False,4.366666666666666,-1.1420132736600982e-10,9.000134778475363,90.9998652216388,0.0,4.727328596316627,0.010000149753861515
amorphous,False,4.375,-1.1420132736600982e-10,9.000130595461178,90.99986940465298,0.0,4.727328596316627,0.010000145106067976
amorphous,False,4.383333333333333,-1.1420132736600982e-10,9.000126542271934,90.99987345784223,0.0,4.727328596316627,0.010000140602524372
amorphous,False,4.391666666666667,-1.1420132736600982e-10,9.000122614878356,90.9998773852358,0.0,4.727328596316627,0.010000136238753728
amorphous,False,4.4,-1.1420132736600982e-10,9.000118809376223,90.99988119073794,0.0,4.727328596316627,0.010000132010418026
amorphous,False,4.408333333333333,-1.1420132736600982e-10,9.000115121982486,90.99988487813168,0.0,4.727328596316627,0.010000127913313873
amorphous,False,4.416666666666667,-1.1420132736600982e-10,9.000111549031503,90.99988845108265,0.0,4.727328596316627,0.010000123943368336
amorphous,False,4.425,-1.1420132736600982e-10,9.000108086971409,90.99989191314276,0.0,4.727328596316627,0.0100001200966349
amorphous,False,4.433333333333334,-1.1420132736600982e-10,9.000104732360567,90.99989526775359,0.0,4.727328596316627,0.010000116369289519
amorphous,False,4.441666666666666,-1.1420132736600982e-10,9.00010148186416,90.99989851824999,0.0,4.727328596316627,0.010000112757626845
amorphous,False,4.45,-1.1420132736600982e-10,9.000098332250868,90.99990166786328,0.0,4.727328596316627,0.01000010925805652
amorphous,False,4.458333333333333,-1.1420132736600982e-10,9.000095280389663,90.9999047197245,0.0,4.727328596316627,0.010000105867099625
amorphous,False,4.466666666666667,-1.1420132736600982e-10,9.000092323246689,90.99990767686747,0.0,4.727328596316627,0.01000010258138521
amorphous,False,4.475,-1.1420132736600982e-10,9.000089457882249,90.9999105422319,0.0,4.727328596316627,0.010000099397646943
amorphous,False,4.483333333333333,-1.1420132736600982e-10,9.000086681447884,90.99991331866627,0.0,4.727328596316627,0.01000009631271987
amorphous,False,4.491666666666666,-1.1420132736600982e-10,9.000083991183544,90.99991600893061,0.0,4.727328596316627,0.010000093323537271
amorphous,False,4.5,-1.1420132736600982e-10,9.000081384414836,90.99991861569931,0.0,4.727328596316627,0.010000090427127595
amorphous,False,4.508333333333333,-1.1420132736600982e-10,9.000078858550369,90.99992114156379,0.0,4.727328596316627,0.010000087620611522
amorphous,False,4.516666666666667,-1.1420132736600982e-10,9.000076411079183,90.99992358903498,0.0,4.727328596316627,0.010000084901199092
amorphous,False,4.525,-1.1420132736600982e-10,9.000074039568247,90.99992596054591,0.0,4.727328596316627,0.010000082266186941
amorphous,False,4.533333333333333,-1.1420132736600982e-10,9.000071741660042,90.99992825845412,0.0,4.727328596316627,0.010000079712955603
amorphous,False,4.541666666666667,-1.1420132736600982e-10,9.00006951507022,90.99993048504393,0.0,4.727328596316627,0.01000007723896691
amorphous,False,4.55,-1.1420132736600982e-10,9.000067357585323,90.99993264252883,0.0,4.727328596316627,0.010000074841761469
amorphous,False,4.558333333333334,-1.1420132736600982e-10,9.000065267060599,90.99993473305356,0.0,4.727328596316627,0.01000007251895622
amorphous,False,4.566666666666666,-1.1420132736600982e-10,9.000063241417857,90.9999367586963,0.0,4.727328596316627,0.010000070268242064
amorphous,False,4.575,-1.1420132736600982e-10,9.000061278643406,90.99993872147074,0.0,4.727328596316627,0.010000068087381561
amorphous,False,4.583333333333333,-1.1420132736600982e-10,9.000059376786052,90.9999406233281,0.0,4.727328596316627,0.010000065974206725
amorphous,False,4.591666666666667,-1.1420132736600982e-10,9.000057533955157,90.999942466159,0.0,4.727328596316627,0.010000063926616842
amorphous,False,4.6,-1.1420132736600982e-10,9.000055748318763,90.9999442517954,0.0,4.727328596316627,0.010000061942576403
amorphous,False,4.608333333333333,-1.1420132736600982e-10,9.000054018101771,90.99994598201238,0.0,4.727328596316627,0.01000006002011308
amorphous,False,4.616666666666666,-1.1420132736600982e-10,9.000052341584173,90.99994765852999,0.0,4.727328596316627,0.010000058157315748
amorphous,False,4.625,-1.1420132736600982e-10,9.000050717099338,90.99994928301481,0.0,4.727328596316627,0.010000056352332597
amorphous,False,4.633333333333333,-1.1420132736600982e-10,9.00004914303237,90.99995085708179,0.0,4.727328596316627,0.0100000546033693
amorphous,False,4.641666666666667,-1.1420132736600982e-10,9.00004761781849,90.99995238229566,0.0,4.727328596316627,0.010000052908687211
amorphous,False,4.65,-1.1420132736600982e-10,9.00004613994148,90.99995386017268,0.0,4.727328596316627,0.010000051266601645
amorphous,False,4.658333333333333,-1.1420132736600982e-10,9.000044707932181,90.99995529218198,0.0,4.727328596316627,0.010000049675480202
amorphous,False,4.666666666666667,-1.1420132736600982e-10,9.000043320367038,90.99995667974711,0.0,4.727328596316627,0.010000048133741153
amorphous,False,4.675,-1.1420132736600982e-10,9.000041975866669,90.99995802424749,0.0,4.727328596316627,0.010000046639851854
amorphous,False,4.683333333333334,-1.1420132736600982e-10,9.000040673094507,90.99995932701965,0.0,4.727328596316627,0.01000004519232723
amorphous,False,4.691666666666666,-1.1420132736600982e-10,9.000039410755466,90.9999605893587,0.0,4.727328596316627,0.010000043789728295
amorphous,False,4.7,-1.1420132736600982e-10,9.000038187594656,90.9999618125195,0.0,4.727328596316627,0.01000004243066073
amorphous,False,4.708333333333333,-1.1420132736600982e-10,9.00003700239613,90.99996299771803,0.0,4.727328596316627,0.010000041113773478
amorphous,False,4.716666666666667,-1.1420132736600982e-10,9.000035853981686,90.99996414613248,0.0,4.727328596316627,0.010000039837757428
amorphous,False,4.725,-1.1420132736600982e-10,9.000034741209681,90.99996525890448,0.0,4.727328596316627,0.01000003860134409
amorphous,False,4.733333333333333,-1.1420132736600982e-10,9.000033662973914,90.99996633714025,0.0,4.727328596316627,0.01000003740330435
amorphous,False,4.741666666666666,-1.1420132736600982e-10,9.000032618202505,90.99996738191166,0.0,4.727328596316627,0.010000036242447228
amorphous,False,4.75,-1.1420132736600982e-10,9.00003160585685,90.99996839425731,0.0,4.727328596316627,0.010000035117618723
amorphous,False,4.758333333333333,-1.1420132736600982e-10,9.000030624930579,90.99996937518358,0.0,4.727328596316627,0.010000034027700644
amorphous,False,4.766666666666667,-1.1420132736600982e-10,9.000029674448546,90.99997032566561,0.0,4.727328596316627,0.010000032971609497
amorphous,False,4.775,-1.1420132736600982e-10,9.000028753465884,90.99997124664829,0.0,4.727328596316627,0.010000031948295426
amorphous,False,4.783333333333333,-1.1420132736600982e-10,9.00002786106704,90.99997213904713,0.0,4.727328596316627,0.010000030956741155
amorphous,False,4.791666666666667,-1.1420132736600982e-10,9.00002699636488,90.99997300374929,0.0,4.727328596316627,0.010000029995960977
amorphous,False,4.8,-1.1420132736600982e-10,9.000026158499805,90.99997384161436,0.0,4.727328596316627,0.010000029064999784
amorphous,False,4.808333333333334,-1.1420132736600982e-10,9.000025346638894,90.99997465347528,0.0,4.727328596316627,0.010000028162932105
amorphous,False,4.816666666666666,-1.1420132736600982e-10,9.000024559975076,90.9999754401391,0.0,4.727328596316627,0.010000027288861195
amorphous,False,4.825,-1.1420132736600982e-10,9.000023797726326,90.99997620238784,0.0,4.727328596316627,0.01000002644191814
amorphous,False,4.833333333333333,-1.1420132736600982e-10,9.000023059134897,90.99997694097927,0.0,4.727328596316627,0.010000025621260997
amorphous,False,4.841666666666667,-1.1420132736600982e-10,9.000022343466552,90.99997765664762,0.0,4.727328596316627,0.010000024826073947
amorphous,False,4.85,-1.1420132736600982e-10,9.000021650009845,90.99997835010431,0.0,4.727328596316627,0.010000024055566496
amorphous,False,4.858333333333333,-1.1420132736600982e-10,9.000020978075414,90.99997902203874,0.0,4.727328596316627,0.010000023308972681
amorphous,False,4.866666666666666,-1.1420132736600982e-10,9.000020326995285,90.99997967311887,0.0,4.727328596316627,0.010000022585550317
amorphous,False,4.875,-1.1420132736600982e-10,9.000019696122221,90.99998030399195,0.0,4.727328596316627,0.010000021884580245
amorphous,False,4.883333333333333,-1.1420132736600982e-10,9.00001908482907,90.9999809152851,0.0,4.727328596316627,0.010000021205365634
amorphous,False,4.891666666666667,-1.1420132736600982e-10,9.000018492508149,90.99998150760602,0.0,4.727328596316627,0.010000020547231276
amorphous,False,4.9,-1.1420132736600982e-10,9.000017918570629,90.99998208154354,0.0,4.727328596316627,0.010000019909522921
amorphous,False,4.908333333333333,-1.1420132736600982e-10,9.00001736244596,90.99998263766821,0.0,4.727328596316627,0.010000019291606621
amorphous,False,4.916666666666667,-1.1420132736600982e-10,9.000016823581296,90.99998317653288,0.0,4.727328596316627,0.010000018692868106
amorphous,False,4.925,-1.1420132736600982e-10,9.000016301440956,90.99998369867322,0.0,4.727328596316627,0.010000018112712174
amorphous,False,4.933333333333334,-1.1420132736600982e-10,9.000015795505876,90.99998420460831,0.0,4.727328596316627,0.010000017550562084
amorphous,False,4.941666666666666,-1.1420132736600982e-10,9.000015305273106,90.99998469484107,0.0,4.727328596316627,0.010000017005859006
amorphous,False,4.95,-1.1420132736600982e-10,9.000014830255308,90.99998516985887,0.0,4.727328596316627,0.010000016478061454
amorphous,False,4.958333333333333,-1.1420132736600982e-10,9.000014369980269,90.99998563013392,0.0,4.727328596316627,0.010000015966644743
amorphous,False,4.966666666666667,-1.1420132736600982e-10,9.000013923990425,90.99998607612376,0.0,4.727328596316627,0.010000015471100472
amorphous,False,4.975,-1.1420132736600982e-10,9.000013491842417,90.99998650827177,0.0,4.727328596316627,0.010000014990936019
amorphous,False,4.983333333333333,-1.1420132736600982e-10,9.00001307310665,90.99998692700754,0.0,4.727328596316627,0.010000014525674056
amorphous,False,4.991666666666666,-1.1420132736600982e-10,9.000012667366859,90.99998733274732,0.0,4.727328596316627,0.010000014074852065
amorphous,False,5.0,-1.1420132736600982e-10,9.000012274219694,90.99998772589448,0.0,4.727328596316627,0.010000013638021882
amorphous,False,5.008333333333333,-1.1420132736600982e-10,9.000011893274332,90.99998810683985,0.0,4.727328596316627,0.010000013214749257
amorphous,False,5.016666666666667,-1.1420132736600982e-10,9.000011524152074,90.99998847596211,0.0,4.727328596316627,0.010000012804613415
amorphous,False,5.025,-1.1420132736600982e-10,9.000011166485972,90.99998883362821,0.0,4.727328596316627,0.010000012407206636
amorphous,False,5.033333333333333,-1.1420132736600982e-10,9.000010819920476,90.9999891801937,0.0,4.727328596316627,0.010000012022133862
amorphous,False,5.041666666666667,-1.1420132736600982e-10,9.000010484111064,90.99998951600311,0.0,4.727328596316627,0.010000011649012293
amorphous,False,5.05,-1.1420132736600982e-10,9.000010158723903,90.99998984139027,0.0,4.727328596316627,0.010000011287471003
amorphous,False,5.058333333333334,-1.1420132736600982e-10,9.00000984343553,90.99999015667865,0.0,4.727328596316627,0.010000010937150588
amorphous,False,5.066666666666666,-1.1420132736600982e-10,9.000009537932517,90.99999046218167,0.0,4.727328596316627,0.010000010597702797
amorphous,False,5.075,-1.1420132736600982e-10,9.00000924191116,90.99999075820303,0.0,4.727328596316627,0.010000010268790178
amorphous,False,5.083333333333333,-1.1420132736600982e-10,9.000008955077188,90.99999104503699,0.0,4.727328596316627,0.010000009950085764
amorphous,False,5.091666666666667,-1.1420132736600982e-10,9.000008677145457,90.99999132296873,0.0,4.727328596316627,0.01000000964127273
amorphous,False,5.1,-1.1420132736600982e-10,9.000008407839678,90.99999159227451,0.0,4.727328596316627,0.010000009342044086
amorphous,False,5.108333333333333,-1.1420132736600982e-10,9.00000814689213,90.99999185322206,0.0,4.727328596316627,0.010000009052102366
amorphous,False,5.116666666666666,-1.1420132736600982e-10,9.000007894043407,90.99999210607078,0.0,4.727328596316627,0.01000000877115934
amorphous,False,5.125,-1.1420132736600982e-10,9.000007649042152,90.99999235107204,0.0,4.727328596316627,0.010000008498935724
amorphous,False,5.133333333333333,-1.1420132736600982e-10,9.000007411644809,90.99999258846938,0.0,4.727328596316627,0.010000008235160899
amorphous,False,5.141666666666667,-1.1420132736600982e-10,9.000007181615382,90.99999281849881,0.0,4.727328596316627,0.010000007979572647
amorphous,False,5.15,-1.1420132736600982e-10,9.0000069587252,90.99999304138899,0.0,4.727328596316627,0.010000007731916888
amorphous,False,5.158333333333333,-1.1420132736600982e-10,9.000006742752687,90.99999325736151,0.0,4.727328596316627,0.01000000749194743
amorphous,False,5.166666666666667,-1.1420132736600982e-10,9.000006533483143,90.99999346663105,0.0,4.727328596316627,0.010000007259425714
amorphous,False,5.175,-1.1420132736600982e-10,9.000006330708533,90.99999366940567,0.0,4.727328596316627,0.010000007034120593
amorphous,False,5.183333333333334,-1.1420132736600982e-10,9.00000613422728,90.99999386588692,0.0,4.727328596316627,0.01000000681580809
amorphous,False,5.191666666666666,-1.1420132736600982e-10,9.000005943844064,90.99999405627013,0.0,4.727328596316627,0.010000006604271182
amorphous,False,5.2,-1.1420132736600982e-10,9.000005759369621,90.99999424074457,0.0,4.727328596316627,0.010000006399299578
amorphous,False,5.208333333333333,-1.1420132736600982e-10,9.000005580620568,90.99999441949362,0.0,4.727328596316627,0.010000006200689521
amorphous,False,5.216666666666667,-1.1420132736600982e-10,9.00000540741921,90.99999459269497,0.0,4.727328596316627,0.010000006008243566
amorphous,False,5.225,-1.1420132736600982e-10,9.000005239593367,90.99999476052082,0.0,4.727328596316627,0.010000005821770408
amorphous,False,5.233333333333333,-1.1420132736600982e-10,9.000005076976203,90.99999492313798,0.0,4.727328596316627,0.01000000564108467
amorphous,False,5.241666666666666,-1.1420132736600982e-10,9.000004919406061,90.99999508070812,0.0,4.727328596316627,0.010000005466006734
amorphous,False,5.25,-1.1420132736600982e-10,9.0000047667263,90.99999523338788,0.0,4.727328596316627,0.010000005296362557
amorphous,False,5.258333333333333,-1.1420132736600982e-10,9.000004618785143,90.99999538132903,0.0,4.727328596316627,0.010000005131983491
amorphous,False,5.266666666666667,-1.1420132736600982e-10,9.000004475435519,90.99999552467865,0.0,4.727328596316627,0.010000004972706132
amorphous,False,5.275,-1.1420132736600982e-10,9.000004336534925,90.99999566357926,0.0,4.727328596316627,0.010000004818372139
amorphous,False,5.283333333333333,-1.1420132736600982e-10,9.00000420194528,90.9999957981689,0.0,4.727328596316627,0.01000000466882809
amorphous,False,5.291666666666667,-1.1420132736600982e-10,9.00000407153279,90.99999592858138,0.0,4.727328596316627,0.010000004523925321
amorphous,False,5.3,-1.1420132736600982e-10,9.000003945167808,90.99999605494637,0.0,4.727328596316627,0.010000004383519787
amorphous,False,5.308333333333334,-1.1420132736600982e-10,9.00000382272472,90.99999617738945,0.0,4.727328596316627,0.01000000424747191
amorphous,False,5.316666666666666,-1.1420132736600982e-10,9.0000037040818,90.99999629603236,0.0,4.727328596316627,0.010000004115646445
amorphous,False,5.325,-1.1420132736600982e-10,9.000003589121109,90.99999641099306,0.0,4.727328596316627,0.010000003987912343
amorphous,False,5.333333333333333,-1.1420132736600982e-10,9.000003477728361,90.9999965223858,0.0,4.727328596316627,0.010000003864142624
amorphous,False,5.341666666666667,-1.1420132736600982e-10,9.000003369792825,90.99999663032133,0.0,4.727328596316627,0.01000000374421425
amorphous,False,5.35,-1.1420132736600982e-10,9.0000032652072,90.99999673490696,0.0,4.727328596316627,0.010000003628008
amorphous,False,5.358333333333333,-1.1420132736600982e-10,9.000003163867516,90.99999683624664,0.0,4.727328596316627,0.010000003515408352
amorphous,False,5.366666666666666,-1.1420132736600982e-10,9.000003065673033,90.99999693444113,0.0,4.727328596316627,0.01000000340630337
amorphous,False,5.375,-1.1420132736600982e-10,9.000002970526136,90.99999702958803,0.0,4.727328596316627,0.010000003300584596
amorphous,False,5.383333333333333,-1.1420132736600982e-10,9.000002878332237,90.99999712178193,0.0,4.727328596316627,0.01000000319814693
amorphous,False,5.391666666666667,-1.1420132736600982e-10,9.00000278899969,90.99999721111448,0.0,4.727328596316627,0.010000003098888545
amorphous,False,5.4,-1.1420132736600982e-10,9.000002702439687,90.99999729767447,0.0,4.727328596316627,0.010000003002710764
amorphous,False,5.408333333333333,-1.1420132736600982e-10,9.000002618566178,90.99999738154798,0.0,4.727328596316627,0.010000002909517976
amorphous,False,5.416666666666667,-1.1420132736600982e-10,9.000002537295787,90.99999746281837,0.0,4.727328596316627,0.01000000281921754
amorphous,False,5.425,-1.1420132736600982e-10,9.000002458547721,90.99999754156644,0.0,4.727328596316627,0.01000000273171969
amorphous,False,5.433333333333334,-1.1420132736600982e-10,9.000002382243698,90.99999761787046,0.0,4.727328596316627,0.010000002646937442
amorphous,False,5.441666666666666,-1.1420132736600982e-10,9.000002308307863,90.9999976918063,0.0,4.727328596316627,0.010000002564786515
amorphous,False,5.45,-1.1420132736600982e-10,9.000002236666715,90.99999776344745,0.0,4.727328596316627,0.010000002485185238
amorphous,False,5.458333333333333,-1.1420132736600982e-10,9.000002167249038,90.99999783286512,0.0,4.727328596316627,0.010000002408054487
amorphous,False,5.466666666666667,-1.1420132736600982e-10,9.000002099985824,90.99999790012834,0.0,4.727328596316627,0.010000002333317583
amorphous,False,5.475,-1.1420132736600982e-10,9.000002034810207,90.99999796530396,0.0,4.727328596316627,0.01000000226090023
amorphous,False,5.483333333333333,-1.1420132736600982e-10,9.000001971657392,90.99999802845677,0.0,4.727328596316627,0.010000002190730436
amorphous,False,5.491666666666666,-1.1420132736600982e-10,9.000001910464603,90.99999808964957,0.0,4.727328596316627,0.010000002122738447
amorphous,False,5.5,-1.1420132736600982e-10,9.000001851171005,90.99999814894315,0.0,4.727328596316627,0.010000002056856671
amorphous,False,5.508333333333333,-1.1420132736600982e-10,9.000001793717658,90.9999982063965,0.0,4.727328596316627,0.01000000199301962
amorphous,False,5.516666666666667,-1.1420132736600982e-10,9.000001738047445,90.99999826206671,0.0,4.727328596316627,0.010000001931163828
amorphous,False,5.525,-1.1420132736600982e-10,9.000001684105024,90.99999831600914,0.0,4.727328596316627,0.010000001871227805
amorphous,False,5.533333333333333,-1.1420132736600982e-10,9.000001631836772,90.99999836827739,0.0,4.727328596316627,0.010000001813151969
amorphous,False,5.541666666666667,-1.1420132736600982e-10,9.00000158119073,90.99999841892343,0.0,4.727328596316627,0.010000001756878589
amorphous,False,5.55,-1.1420132736600982e-10,9.000001532116551,90.99999846799761,0.0,4.727328596316627,0.010000001702351723
amorphous,False,5.558333333333334,-1.1420132736600982e-10,9.000001484565447,90.99999851554871,0.0,4.727328596316627,0.010000001649517164
amorphous,False,5.566666666666666,-1.1420132736600982e-10,9.00000143849015,90.99999856162401,0.0,4.727328596316627,0.01000000159832239
amorphous,False,5.575,-1.1420132736600982e-10,9.000001393844855,90.99999860626932,0.0,4.727328596316627,0.010000001548716506
amorphous,False,5.583333333333333,-1.1420132736600982e-10,9.000001350585181,90.99999864952899,0.0,4.727328596316627,0.010000001500650202
amorphous,False,5.591666666666667,-1.1420132736600982e-10,9.000001308668125,90.99999869144604,0.0,4.727328596316627,0.010000001454075695
amorphous,False,5.6,-1.1420132736600982e-10,9.000001268052015,90.99999873206215,0.0,4.727328596316627,0.010000001408946683
amorphous,False,5.608333333333333,-1.1420132736600982e-10,9.000001228696476,90.99999877141768,0.0,4.727328596316627,0.010000001365218307
amorphous,False,5.616666666666666,-1.1420132736600982e-10,9.000001190562385,90.99999880955177,0.0,4.727328596316627,0.010000001322847094
amorphous,False,5.625,-1.1420132736600982e-10,9.00000115361183,90.99999884650232,0.0,4.727328596316627,0.010000001281790922
amorphous,False,5.633333333333333,-1.1420132736600982e-10,9.000001117808083,90.99999888230607,0.0,4.727328596316627,0.01000000124200898
amorphous,False,5.641666666666667,-1.1420132736600982e-10,9.000001083115546,90.9999989169986,0.0,4.727328596316627,0.010000001203461718
amorphous,False,5.65,-1.1420132736600982e-10,9.000001049499735,90.99999895061441,0.0,4.727328596316627,0.010000001166110817
amorphous,False,5.658333333333333,-1.1420132736600982e-10,9.000001016927232,90.99999898318691,0.0,4.727328596316627,0.010000001129919146
amorphous,False,5.666666666666667,-1.1420132736600982e-10,9.000000985365656,90.99999901474848,0.0,4.727328596316627,0.01000000109485073
amorphous,False,5.675,-1.1420132736600982e-10,9.000000954783632,90.99999904533051,0.0,4.727328596316627,0.010000001060870702
amorphous,False,5.683333333333334,-1.1420132736600982e-10,9.000000925150758,90.99999907496338,0.0,4.727328596316627,0.010000001027945286
amorphous,False,5.691666666666666,-1.1420132736600982e-10,9.000000896437578,90.99999910367657,0.0,4.727328596316627,0.010000000996041754
amorphous,False,5.7,-1.1420132736600982e-10,9.000000868615546,90.9999991314986,0.0,4.727328596316627,0.010000000965128384
amorphous,False,5.708333333333333,-1.1420132736600982e-10,9.000000841657004,90.99999915845714,0.0,4.727328596316627,0.010000000935174449
amorphous,False,5.716666666666667,-1.1420132736600982e-10,9.000000815535154,90.999999184579,0.0,4.727328596316627,0.01000000090615017
amorphous,False,5.725,-1.1420132736600982e-10,9.000000790224027,90.99999920989012,0.0,4.727328596316627,0.010000000878026697
amorphous,False,5.733333333333333,-1.1420132736600982e-10,9.000000765698461,90.9999992344157,0.0,4.727328596316627,0.010000000850776068
amorphous,False,5.741666666666666,-1.1420132736600982e-10,9.000000741934077,90.99999925818008,0.0,4.727328596316627,0.010000000824371197
amorphous,False,5.75,-1.1420132736600982e-10,9.000000718907248,90.99999928120691,0.0,4.727328596316627,0.010000000798785831
amorphous,False,5.758333333333333,-1.1420132736600982e-10,9.000000696595086,90.99999930351906,0.0,4.727328596316627,0.010000000773994539
amorphous,False,5.766666666666667,-1.1420132736600982e-10,9.000000674975409,90.99999932513875,0.0,4.727328596316627,0.010000000749972676
amorphous,False,5.775,-1.1420132736600982e-10,9.000000654026724,90.99999934608744,0.0,4.727328596316627,0.01000000072669636
amorphous,False,5.783333333333333,-1.1420132736600982e-10,9.00000063372821,90.99999936638595,0.0,4.727328596316627,0.010000000704142455
amorphous,False,5.791666666666667,-1.1420132736600982e-10,9.000000614059681,90.99999938605448,0.0,4.727328596316627,0.010000000682288535
amorphous,False,5.8,-1.1420132736600982e-10,9.000000595001591,90.99999940511256,0.0,4.727328596316627,0.010000000661112878
amorphous,False,5.808333333333334,-1.1420132736600982e-10,9.000000576534992,90.99999942357917,0.0,4.727328596316627,0.010000000640594435
amorphous,False,5.816666666666666,-1.1420132736600982e-10,9.000000558641526,90.99999944147262,0.0,4.727328596316627,0.010000000620712806
amorphous,False,5.825,-1.1420132736600982e-10,9.000000541303406,90.99999945881075,0.0,4.727328596316627,0.010000000601448228
amorphous,False,5.833333333333333,-1.1420132736600982e-10,9.000000524503395,90.99999947561076,0.0,4.727328596316627,0.01000000058278155
amorphous,False,5.841666666666667,-1.1420132736600982e-10,9.000000508224792,90.99999949188935,0.0,4.727328596316627,0.010000000564694213
amorphous,False,5.85,-1.1420132736600982e-10,9.000000492451417,90.99999950766274,0.0,4.727328596316627,0.01000000054716824
amorphous,False,5.858333333333333,-1.1420132736600982e-10,9.000000477167587,90.99999952294657,0.0,4.727328596316627,0.010000000530186208
amorphous,False,5.866666666666666,-1.1420132736600982e-10,9.00000046235811,90.99999953775604,0.0,4.727328596316627,0.010000000513731233
amorphous,False,5.875,-1.1420132736600982e-10,9.000000448008262,90.99999955210589,0.0,4.727328596316627,0.010000000497786958
amorphous,False,5.883333333333333,-1.1420132736600982e-10,9.00000043410378,90.99999956601037,0.0,4.727328596316627,0.010000000482337535
amorphous,False,5.891666666666667,-1.1420132736600982e-10,9.00000042063084,90.99999957948332,0.0,4.727328596316627,0.0100000004673676
amorphous,False,5.9,-1.1420132736600982e-10,9.000000407576051,90.9999995925381,0.0,4.727328596316627,0.01000000045286228
amorphous,False,5.908333333333333,-1.1420132736600982e-10,9.000000394926431,90.99999960518772,0.0,4.727328596316627,0.010000000438807145
amorphous,False,5.916666666666667,-1.1420132736600982e-10,9.000000382669409,90.99999961744474,0.0,4.727328596316627,0.010000000425188232
amorphous,False,5.925,-1.1420132736600982e-10,9.000000370792797,90.99999962932135,0.0,4.727328596316627,0.010000000411991996
amorphous,False,5.933333333333334,-1.1420132736600982e-10,9.000000359284792,90.99999964082936,0.0,4.727328596316627,0.010000000399205325
amorphous,False,5.941666666666666,-1.1420132736600982e-10,9.000000348133948,90.9999996519802,0.0,4.727328596316627,0.010000000386815498
amorphous,False,5.95,-1.1420132736600982e-10,9.000000337329189,90.99999966278497,0.0,4.727328596316627,0.010000000374810209
amorphous,False,5.958333333333333,-1.1420132736600982e-10,9.000000326859766,90.99999967325438,0.0,4.727328596316627,0.010000000363177518
amorphous,False,5.966666666666667,-1.1420132736600982e-10,9.000000316715274,90.99999968339887,0.0,4.727328596316627,0.01000000035190586
amorphous,False,5.975,-1.1420132736600982e-10,9.00000030688563,90.99999969322852,0.0,4.727328596316627,0.010000000340984033
amorphous,False,5.983333333333333,-1.1420132736600982e-10,9.00000029736106,90.99999970275309,0.0,4.727328596316627,0.010000000330401179
amorphous,False,5.991666666666666,-1.1420132736600982e-10,9.000000288132098,90.99999971198206,0.0,4.727328596316627,0.010000000320146776
amorphous,False,6.0,-1.1420132736600982e-10,9.000000279189567,90.99999972092459,0.0,4.727328596316627,0.01000000031021063
amorphous,True,0.0,100.0,0.0,0.0,0.0,0.0,0.0
amorphous,True,0.008333333333333333,97.65017507697664,2.3468694187448564,0.0,0.0029555042784958417,0.0,0.002607632687494285
amorphous,True,0.016666666666666666,95.39675515295482,4.5915956064883146,0.0,0.011649240556863456,0.0,0.005101772896098127
amorphous,True,0.025,93.2341513512422,6.740015410076403,-7.885751762294212e-100,0.0258332386813901,-2.7096329853604007e-97,0.007488906011196003
amorphous,True,0.03333333333333333,91.15718209775558,8.797544316376536,4.567787880518125e-99,0.045273585867871585,2.586822432157573e-97,0.009775049240418374
amorphous,True,0.041666666666666664,89.16103750837858,10.769213071722096,-2.6556402813021737e-13,0.06974941989958078,-1.695364684366891e-11,0.01196579230191344
amorphous,True,0.05,87.2412473945794,12.659700596282025,-2.746853063159602e-12,0.09905200914132087,-1.9722284965875664e-10,0.014066333995868917
amorphous,True,0.058333333333333334,85.39365247007478,14.473363619263091,4.058707905779578e-13,0.13298391066171494,9.625175546270944e-10,0.016081515132514546
amorphous,True,0.06666666666666667,83.61437839481663,16.214263402452065,3.997251020638933e-09,0.17135819873405198,4.3532425802567436e-07,0.01801584822494674
amorphous,True,0.075,81.89981233738818,17.886189677927998,2.279667897328816e-07,0.21399775671702415,1.2173525530611924e-05,0.019873544086586665
amorphous,True,0.08333333333333333,80.24658175920705,19.492680474954184,3.1416692325899056e-06,0.2607346241695256,9.796863808774704e-05,0.021658533861060206
amorphous,True,0.09166666666666666,78.65153510182719,21.03703498845026,2.052441104660678e-05,0.3114093853114987,0.0004139463975030002,0.023374483320500287
amorphous,True,0.1,77.11172405240774,22.522319707586927,8.56593497869551e-05,0.36587058065553674,0.001200540754427197,0.025024799675096587
amorphous,True,0.10833333333333334,75.62438714778457,23.951371838712095,0.0002668838879807784,0.42397412961533887,0.00274052720789583,0.026612635376346772
amorphous,True,0.11666666666666667,74.18693459232898,25.326803697259724,0.000678948059250685,0.48558276235202014,0.005318789469289891,0.028140892996955248
amorphous,True,0.125,72.79693423227624,26.651009585851767,0.0014907162761041216,0.5505654655958651,0.009196779840899677,0.02961223287316863
amorphous,True,0.13333333333333333,71.45209864824814,27.926175159395672,0.002929243516030021,0.6187969488401458,0.014600411498175727,0.031029083510439637
amorphous,True,0.14166666666666666,70.1502733239074,29.154288670995527,0.005280868615598125,0.6901571364814696,0.021716657994116637,0.03239365407888392
amorphous,True,0.15,68.88942583707357,30.33715340499719,0.008890068271706396,0.7645306896575074,0.030694868347680843,0.033707948227774655
amorphous,True,0.15833333333333333,67.66763601219589,31.476400701779557,0.014156725973745905,0.8418065600507909,0.04165023931695228,0.03497377855753284
amorphous,True,0.16666666666666666,66.48308696686347,32.57350313470171,0.021532321940961514,0.9218775764938459,0.05466800593371338,0.036192781260779676
amorphous,True,0.175,65.33405698443912,33.62978752936742,0.03151542180569789,1.004640064387754,0.06980761571098745,0.03736643058818602
amorphous,True,0.18333333333333332,64.21891214537237,34.646447624559215,0.044646732820710314,1.0899934972476963,0.08710655320808836,0.03849605291617691
amorphous,True,0.19166666666666665,63.13609965278891,35.624556249824906,0.061503918066884794,1.1778401793192874,0.10658369506457312,0.03958284027758323
amorphous,True,0.2,62.08414179156312,36.56507694896969,0.0826963015148354,1.2680849579523388,0.1282421827808901,0.04062786327663299
amorphous,True,0.20833333333333334,61.06163046447965,37.46887501484697,0.10885955636628436,1.3606349643070805,0.15207184937309234,0.04163208334982997
amorphous,True,0.21666666666666667,60.067222253330726,38.336727924907294,0.1406504408677089,1.4553993808942634,0.17805125461788718,0.0425963643610081
amorphous,True,0.225,59.09963395727977,39.16933518168984,0.17874162656960224,1.5522892344607657,0.20614938707157038,0.04352148353521093
amorphous,True,0.23333333333333334,58.157638564888806,39.967327571526745,0.22381665083875696,1.6512172127456723,0.2363270874807868,0.04440814174614083
amorphous,True,0.24166666666666667,57.24006162009047,40.731275859519876,0.27656501671707495,1.7520975036725661,0.2685382418618813,0.04525697317724431
amorphous,True,0.25,56.34577794601207,41.461698940836385,0.3376774575532496,1.8548456555982789,0.3027307855263793,0.04606855437870709
amorphous,True,0.2583333333333333,55.4737086937254,42.15907146892336,0.4078413800726317,1.9593784572785968,0.3388475526203767,0.04684341274324817
amorphous,True,0.26666666666666666,54.6228186860449,42.82383098030713,0.48773649737393593,2.0656138362740144,0.37682699979238005,0.04758203442256348
amorphous,True,0.275,53.79211402906728,43.456384534525036,0.5780306618515058,2.1734707745561574,0.41660382746660884,0.04828487170502782
amorphous,True,0.2833333333333333,52.98063996657656,44.05711488603819,0.6793759072594009,2.2828692401258204,0.4581095178899842,0.04895234987337577
amorphous,True,0.2916666666666667,52.18747895456537,44.62638620336042,0.7924047085814991,2.393730133492691,0.5012728055439788,0.04958487355928935
amorphous,True,0.3,51.411748935003175,45.16454934912817,0.9177264679688444,2.5059752478997823,0.5460200925557249,0.05018283261014241
amorphous,True,0.30833333333333335,50.652601789737076,45.671946733387095,1.0559242346618822,2.619527242213922,0.5922758193315504,0.050746607481541216
amorphous,True,0.31666666666666665,49.90922195688447,46.148916751329885,1.2075516663592523,2.7343096254263655,0.6399627986467658,0.051276574168144316
amorphous,True,0.325,49.18082519349008,46.59579781578558,1.3731302389844542,2.8502467517398604,0.6890025198109458,0.051773108684206204
amorphous,True,0.3333333333333333,48.466657469430025,47.012931994214554,1.5531467111148678,2.967263825240527,0.7393154282002332,0.05223659110468284
amorphous,True,0.3416666666666667,47.76599397865999,47.400668259643055,1.7480508485197315,3.085286913177201,0.7908211843634739,0.05266740917738117
amorphous,True,0.35,47.07813825493116,47.759365364901825,1.9582534132708853,3.2042429668961057,0.8434389060251608,0.05306596151655758
amorphous,True,0.35833333333333334,46.402421379993335,48.089394349743294,2.184124420764111,3.3240598494992306,0.8970873955782134,0.05343266038860366
amorphous,True,0.36666666666666664,45.73820127318182,48.39114069077157,2.4259916667238213,3.444666369322754,0.9516853550712646,0.053767934100857305
amorphous,True,0.375,45.08486205204304,48.66500610471488,2.684139524887821,3.565992318354236,1.0071515902075276,0.05407222900523875
amorphous,True,0.3833333333333333,44.44181345439826,48.911410016268675,2.958808014596761,3.687968514736271,1.0634052044808007,0.05434601112918742
amorphous,True,0.39166666666666666,43.80849031293117,49.13079070256404,3.2501921359714,3.8105268485333563,1.1203657842560772,0.05458976744729338
amorphous,True,0.4,43.184352074020566,49.32360612722523,3.558441468785803,3.9336003299683675,1.1779535753442705,0.054804006808028036
amorphous,True,0.4083333333333333,42.56888235317923,49.490334477906636,3.8836600295427055,4.057123139371399,1.236089651420961,0.054989260531007375
amorphous,True,0.4166666666666667,41.96158852002768,49.63147442216935,4.225906379686461,4.181030678116477,1.2946960744760854,0.055146082691299274
amorphous,True,0.425,41.36200130632168,49.747545097472745,4.585193976342942,4.305259619862597,1.3536960473628903,0.05527505010830305
amorphous,True,0.43333333333333335,40.769674431093804,49.83908585194473,4.961491755506766,4.429747961454666,1.4130140584224788,0.05537676205771637
amorphous,True,0.44166666666666665,40.184184237504844,49.90665575339913,5.354724936213379,4.554435072882615,1.4725760180964318,0.055451839725999034
amorphous,True,0.45,39.605129336530716,49.950832884767586,5.76477603295888,4.679261745742787,1.53230938740029,0.05550092542751954
amorphous,True,0.4583333333333333,39.03213025310319,49.972213444714455,6.191486062492564,4.804170239689757,1.5921432981056436,0.05552468160523828
amorphous,True,0.4666666666666667,38.464829070832565,49.971410672645014,6.634655930105647,4.929104326416737,1.6520086644748526,0.05552378963627224
amorphous,True,0.475,37.902889071906486,49.949053617640494,7.094047979704002,5.054009330748983,1.7118382863962782,0.055498948464044996
amorphous,True,0.48333333333333334,37.345994369232095,49.905785771004844,7.569387691278061,5.178832168484964,1.771566943786435,0.05545087307889427
amorphous,True,0.49166666666666664,36.793849528339194,49.84226358210731,8.060365508884294,5.30352138066917,1.831131482151093,0.05538029286900812
amorphous,True,0.5,36.24617917698886,49.759154877054584,8.56663878192793,5.428027164028591,1.89047088922853,0.055287949863393984
amorphous,True,0.5083333333333333,35.70272760085918,49.65713719939783,9.087833802388017,5.5523013973549435,1.9495263626775288,0.05517459688821981
amorphous,True,0.5166666666666666,35.16325832406416,49.536896091628435,9.623547920646937,5.676297663660436,2.0082413688113894,0.05504099565736493
amorphous,True,0.525,34.62755367364776,49.39912333559485,10.173351722774962,5.799971267982394,2.0665616924241372,0.05488791481732761
amorphous,True,0.5333333333333333,34.09541432754335,49.24451516923682,10.736791252464009,5.923279250755786,2.124435477798278,0.05471612796581869
amorphous,True,0.5416666666666666,33.56665884582046,49.07377049617075,11.313390261293568,6.04618039671518,2.1818132610276884,0.05452641166241195
amorphous,True,0.55,33.041123185348916,48.887589103685464,11.902652471637357,6.168635239328227,2.238647993833026,0.054319543448539405
amorphous,True,0.5583333333333333,32.51866019828668,48.686669903656785,12.50406383725684,6.290606060799663,2.2948950590876662,0.054096299892951984
amorphous,True,0.5666666666666667,31.99913911505613,48.47170920974407,13.117094787479283,6.412056887720485,2.350512278312434,0.05385745467749341
amorphous,True,0.575,31.482445012696957,48.243399063048194,13.74120244178665,6.532953482468167,2.405459911432882,0.05360377673672022
amorphous,True,0.5833333333333334,30.968478269686106,48.002425617170324,14.375832782650395,6.6532633304931466,2.459700649126479,0.05333602846352258
amorphous,True,0.5916666666666667,30.457154008486917,47.749467592352225,15.020422775508376,6.772955623652452,2.5131995981163335,0.053054963991502474
amorphous,True,0.6,29.948401527235667,47.48519480711306,15.674402425877346,6.892001239773898,2.5659242597936096,0.05276132756345896
amorphous,True,0.6083333333333333,29.442163722092957,47.2102667945293,16.33719676472387,7.01037271865384,2.6178445025724715,0.05245585199392145
amorphous,True,0.6166666666666667,28.93839650188107,46.92533150906783,17.00822775434336,7.128044234707708,2.6689325283987597,0.05213925723229759
amorphous,True,0.625,28.43706819669691,46.6310241286673,17.686916108129925,7.244991566505835,2.719162833847054,0.05181224903185255
amorphous,True,0.6333333333333333,27.938158962235207,46.327965955600014,18.372683018727432,7.361192063437318,2.7685121662500847,0.05147551772844446
amorphous,True,0.6416666666666666,27.44166018158024,46.01676341853461,19.064951790132913,7.476624609752207,2.81695947531003,0.05112973713170512
amorphous,True,0.65,26.947573866224584,45.698007177170986,19.763149370367607,7.5912695862367885,2.8644858606427035,0.050775563530189985
amorphous,True,0.6583333333333333,26.4559120580586,45.37227132984134,20.46670778232074,7.705108829779291,2.911074515704204,0.050413634810934825
amorphous,True,0.6666666666666666,25.966696234036753,45.04011272356729,21.175065451313166,7.818125591082762,2.9567106685440203,0.05004456969285254
amorphous,True,0.675,25.47995671517903,44.70207036523997,21.88766842880107,7.930304490779897,3.00138151982084,0.04966896707248886
amorphous,True,0.6833333333333333,24.995732081499998,44.3586649318472,22.603971512452617,8.041631474200148,3.0450761785062266,0.049287405479830224
amorphous,True,0.6916666666666667,24.514068594381172,44.010398377014276,23.32343926357118,8.152093765033337,3.0877855956878726,0.04890044264112697
amorphous,True,0.7,24.035019627817967,43.657753630547326,24.0455469235079,8.261679818126774,3.1295024968690157,0.048508615145052586
amorphous,True,0.7083333333333334,23.558645109874025,43.30119438717707,24.76978123130547,8.370379271643403,3.1702213131426245,0.04811243820797452
amorphous,True,0.7166666666666667,23.085010975577475,42.94116498028449,25.495641145338944,8.478182898799059,3.209938111600711,0.04771240553364944
amorphous,True,0.725,22.61418863238398,42.57809033605505,26.222638472175394,8.585082559385539,3.2486505253184066,0.047308989262283385
amorphous,True,0.7333333333333333,22.146254439222474,42.2123760032444,26.950298406258547,8.69107115127454,3.286357683231484,0.04690264000360489
amorphous,True,0.7416666666666667,21.68128920002725,41.84440825354324,27.678159984344042,8.796142562085423,3.323060140204179,0.04649378694838138
amorphous,True,0.75,21.21937767254541,41.474554247401954,28.405776458865933,8.90029162118666,3.358759807561432,0.046082838052668836
amorphous,True,0.7583333333333333,20.76060809309832,41.10316226010214,29.132715594611092,9.003514052188404,3.393459884337533,0.045670180289002375
amorphous,True,0.7666666666666666,20.305071717862614,40.73056196285,29.8585598932174,9.105806426069947,3.4271647894699075,0.04525617995872222
amorphous,True,0.775,19.852862381129707,40.357064753696584,30.582906750100314,9.207166115073354,3.4598800951447353,0.04484118305966287
amorphous,True,0.7833333333333333,19.404076070897105,39.98296413316824,31.305368548453263,9.307591247481351,3.491612461478607,0.04442551570352026
amorphous,True,0.7916666666666666,18.958810522044175,39.608536119605304,32.0255726949656,9.407080663384878,3.522369572698707,0.044009484577339227
amorphous,True,0.8,18.51716482725013,39.23403969935383,32.74316160186233,9.505633871533654,3.5521600749630537,0.043593377443726475
amorphous,True,0.8083333333333333,18.079239065720426,38.85971730713282,33.457792619795924,9.603251007350787,3.5809935159415622,0.04317746367459202
amorphous,True,0.8166666666666667,17.64513394970408,38.485795332096444,34.16913792601802,9.699932792181418,3.608880286259434,0.04276199481344049
amorphous,True,0.825,17.214950488705263,38.11248464532986,34.87688437213071,9.795680493834126,3.6358315628852953,0.04234720516147762
amorphous,True,0.8333333333333334,16.788789671220073,37.7399811447488,35.58073329556742,9.890495888463663,3.661859254528835,0.04193331238305423
amorphous,True,0.8416666666666667,16.366752163763337,37.36846631361556,36.28040029878734,9.984381223833715,3.686975949095784,0.04152051812623952
amorphous,True,0.85,15.948938026890309,36.99810778913427,36.97561499998612,10.07733918398926,3.711194863232126,0.04110900865459363
amorphous,True,0.8583333333333333,15.535446447864555,36.629059937841205,37.66612075893461,10.169372855359585,3.7345297939746445,0.040698955486490225
amorphous,True,0.8666666666666667,15.126375489575999,36.261464434760676,38.351674381358215,10.260485694305066,3.7569950725109416,0.04029051603862297
amorphous,True,0.875,14.72182185527149,35.89545084354933,39.032045805065515,10.350681496113623,3.7786055200392523,0.03988383427061036
amorphous,True,0.8833333333333333,14.321880668624702,35.53113719510069,39.707017770828415,10.43996436544615,3.799376405706446,0.03947904132788966
amorphous,True,0.8916666666666666,13.926645268642336,35.168630562324815,40.37638548080873,10.52833868822408,3.8193234065916704,0.039076256180360903
amorphous,True,0.9,13.536207018878263,34.80802762905351,41.03995624712119,10.615809104946992,3.838462569693088,0.0386755862545039
amorphous,True,0.9083333333333333,13.150655130408309,34.44941525124822,41.69754913292023,10.7023804854232,3.856810275866016,0.038277128056942465
amorphous,True,0.9166666666666666,12.770076498002338,34.09287100890516,42.34899458820042,10.788057904892044,3.874383205652533,0.0378809677876724
amorphous,True,0.9249999999999999,12.39455554892041,33.73846374725828,42.99413408230841,10.872846621512858,3.891198306935135,0.037487181941398086
amorphous,True,0.9333333333333333,12.024174103752634,33.38625410607585,43.63281973497921,10.956752055192263,3.9072727643403624,0.03709583789563984
amorphous,True,0.9416666666666667,11.659011248719287,33.036295036030225,44.26491394753169,11.03977976771876,3.9226239703123293,0.03670699448447803
amorphous,True,0.95,11.299143218848718,32.688632301290646,44.89028903568941,11.121935444171184,3.9372694977708638,0.036320702556989604
amorphous,True,0.9583333333333334,10.944643291453126,32.34330496764984,45.508826865331315,11.20322487556567,3.9512270742642737,0.03593700551961094
amorphous,True,0.9666666666666667,10.595581689329563,32.00034587564052,46.120418492325584,11.283653942704285,3.964514557522826,0.0355559398618228
amorphous,True,0.975,10.252025493121126,31.65978209823449,46.72496380745709,11.363228601187254,3.977149912315506,0.03517753566470499
amorphous,True,0.9833333333333333,9.914038562284713,31.32163538284005,47.32237118732535,11.44195486754984,3.9891511885097737,0.0348018170920445
amorphous,True,0.9916666666666667,9.581681464124411,30.985922577424855,47.91255715196627,11.519838806484419,4.0005365002316795,0.0344288028638054
amorphous,True,1.0,9.255011410363172,30.652656040693927,48.49544602983496,11.596886519107901,4.011324006021752,0.03405850671188214
amorphous,True,1.0083333333333333,8.93408220074217,30.321844036340455,49.070969630682605,11.673104132234723,4.021531889880817,0.03369093781815606
amorphous,True,1.0166666666666666,8.618944173152906,29.993491111469982,49.63906692676145,11.748497788615618,4.031178343098881,0.03332610123496665
amorphous,True,1.025,8.309644159825666,29.667598459366616,50.199683742704835,11.823073638102843,4.040281546759901,0.03296399828818513
amorphous,True,1.0333333333333332,8.006225449116062,29.344164266832585,50.75277245434831,11.896837829702994,4.048859654815322,0.032604626963147317
amorphous,True,1.0416666666666667,7.708727752450253,29.023184046385023,51.29829169668551,11.969796504479165,4.056930777619851,0.03224798227376113
amorphous,True,1.05,7.417187176009519,28.7046509536372,51.83620608108822,12.041955789265012,4.06451296582417,0.03189405661515244
amorphous,True,1.0583333333333333,7.1316361967535356,28.388556090230118,52.36648592186217,12.113321791154123,4.0716241945209655,0.03154284010025569
amorphous,True,1.0666666666666667,6.85210364240277,28.07488879270803,52.88910697216008,12.183900592729076,4.078282347543145,0.0311943208807867
amorphous,True,1.075,6.578614675019193,27.7636369077562,53.40405016922902,12.253698247995535,4.084505201816133,0.030848485453062447
amorphous,True,1.0833333333333333,6.311190777844871,27.45478705423526,53.91130138893197,12.322720778987854,4.090310411670103,0.03050531894915029
amorphous,True,1.0916666666666666,6.049849745077646,27.148324872457486,54.410851209451096,12.390974173013722,4.095715493022748,0.03016480541384165
amorphous,True,1.1,5.794605674281992,26.844235261157543,54.9026946840539,12.458464380506516,4.100737807348864,0.029826928067952826
amorphous,True,1.1083333333333334,5.545468961153083,26.542502602609254,55.38683112278244,12.525197313455179,4.105394545359931,0.029491669558454725
amorphous,True,1.1166666666666667,5.302446296369849,26.243110976338812,55.863263882908754,12.591178844382538,4.10970271032473,0.029159012195932015
amorphous,True,1.125,5.065540664292036,25.946044361875828,56.33200016798797,12.656414805844115,4.113679100971401,0.02882893817986203
amorphous,True,1.1333333333333333,4.834751343273734,25.651286830973078,56.79305083533257,12.720910990420563,4.117340293922036,0.028501429812192308
amorphous,True,1.1416666666666666,4.610073907383358,25.35882272971181,57.246430211726874,12.784673151177907,4.120702625623119,0.02817646969967979
amorphous,True,1.15,4.3915002293374235,25.068636850890677,57.692155917201,12.847707002570854,4.12378217374914,0.027854040945434085
amorphous,True,1.1583333333333332,4.179018484471576,24.780714597078052,58.13024869668503,12.91001822176529,4.126594738072263,0.027534127330086724
amorphous,True,1.1666666666666667,3.972613155588806,24.49504213468301,58.560732259370994,12.971612450357142,4.129155820808656,0.027216713482981124
amorphous,True,1.175,3.7722650385402545,24.211606539377197,58.983633125616976,13.032495296465523,4.131480606471407,0.02690178504375244
amorphous,True,1.1833333333333333,3.577951248408971,23.93039593317286,59.39898048123918,13.092672337178936,4.133583941281464,0.026589328814636513
amorphous,True,1.1916666666666667,3.389645226182101,23.651399613434325,59.806806039049455,13.152149121334068,4.135480312211315,0.026279332903815917
amorphous,True,1.2,3.2073167458108287,23.374608174072513,60.207143907509376,13.210931172607228,4.137183825761264,0.02597178686008057
amorphous,True,1.2083333333333333,3.0309319215712733,23.100013619141126,60.60003046638823,13.26902399289931,4.138708186594968,0.025666681799045694
amorphous,True,1.2166666666666666,2.8604532156532096,22.82760946902491,60.98550424932643,13.32643306599539,4.140066676188962,0.025364010521138788
amorphous,True,1.225,2.6958394459158654,22.55739085937959,61.363605833223765,13.38316386148072,4.141272131680106,0.025063767621532878
amorphous,True,1.2333333333333334,2.537045793763238,22.28935463295433,61.7343777343872,13.439221838895174,4.142336925124374,0.024765949592171477
amorphous,True,1.2416666666666667,2.38402381210314,22.02349942439964,62.09786431138874,13.494612452108422,4.14327294340977,0.024470554915999598
amorphous,True,1.25,2.236721433365949,21.75982573813624,62.45411167459927,13.549341153898482,4.144091569094455,0.02417758415348471
amorphous,True,1.2583333333333333,2.0950829775712188,21.49833601933636,62.803167602376085,13.603413400716278,4.1448036624672895,0.023887040021484843
amorphous,True,1.2666666666666666,1.9590491604399474,21.23903471804634,63.145081463894535,13.656834657619118,4.145419545151038,0.023598927464495933
amorphous,True,1.275,1.8285571015628994,20.981928346460275,63.47990414862087,13.709610403355892,4.14594898558663,0.023313253718289195
amorphous,True,1.2833333333333332,1.703540332644245,20.727025529339596,63.80768800242921,13.76174613558689,4.146401186749119,0.023030028365932882
amorphous,True,1.2916666666666667,1.5839288058503982,20.474337047561495,64.12848677036693,13.813247376221108,4.146784776450274,0.022749263386179438
amorphous,True,1.3,1.4696489023047612,20.223875874773427,64.44235554606799,13.864119676853765,4.147107800577565,0.022470973194192695
amorphous,True,1.3083333333333333,1.3606234407754028,19.975657207129945,64.74935072780772,13.91436862428687,4.1473777196030746,0.022195174674588827
amorphous,True,1.3166666666666667,1.2567716866162664,19.72969848609168,65.04952998117658,13.96399984611542,4.1476014086667226,0.021921887206768534
amorphous,True,1.325,1.1580093610261586,19.486019414279234,65.34295220833262,14.013019016361936,4.147785161495158,0.021651132682532482
amorphous,True,1.3333333333333333,1.0642486507017412,19.244641964389032,65.62967752376721,14.06143186114195,4.147934698359628,0.021382935515987814
amorphous,True,1.3416666666666666,0.975398217967382,19.00559038120311,65.90976723648632,14.109244164343131,4.14805517820274,0.02111732264578123
amorphous,True,1.35,0.8913632114693677,18.768891176754313,66.18328383847536,14.1564617733009,4.148151214975958,0.020854323529727013
amorphous,True,1.3583333333333334,0.8120452775357758,18.53457311873888,66.45029099927186,14.203090604453429,4.148226898127929,0.02059397013193209
amorphous,True,1.3666666666666667,0.7373425722985969,18.302667212315335,66.71085356642658,14.249136648959432,4.148285817071159,0.020336296902572593
amorphous,True,1.375,0.6671497746926288,18.073206675461485,66.96503757158348,14.29460597826235,4.148331089334729,0.020081340750512763
amorphous,True,1.3833333333333333,0.6013581004413742,17.84622690811473,67.21291024185878,14.339504749585053,4.148365391988395,0.019829141009016366
amorphous,True,1.3916666666666666,0.5398553171466054,17.621765455363242,67.4545400161501,14.383839211339993,4.148390995805184,0.019579739394848045
amorphous,True,1.4,0.4825257606112045,17.399861964992994,67.68999656595565,14.427615708440094,4.148409801521956,0.019333179961103328
amorphous,True,1.4083333333333332,0.4292503525057955,17.18055813975522,67.91935082024199,14.470840687496933,4.148423377468418,0.019089509044172465
amorphous,True,1.4166666666666667,0.3799066195242853,16.963897684724266,68.14267499385805,14.51352070189333,4.148432997772109,0.018848775205249184
amorphous,True,1.425,0.3343687141402887,16.74992625017733,68.3600426189637,14.55566241671861,4.148439680316944,0.0186110291668637
amorphous,True,1.4333333333333333,0.2925074371033286,16.538691370418295,68.57152857892233,14.597272613555992,4.1484442236411505,0.018376323744909218
amorphous,True,1.4416666666666667,0.25419026180879156,16.330242398983703,68.77720914409512,14.638358195112323,4.148447242010059,0.018144713776648558
amorphous,True,1.45,0.2192813606480932,16.124630440688293,68.97716200898171,14.67892618968184,4.148449197989588,0.017916256045209213
amorphous,True,1.4583333333333333,0.1876416335123153,15.92190828088545,69.17146633016566,14.71898375543652,4.148450431973753,0.017691009200983834
amorphous,True,1.4666666666666666,0.15912873851296844,15.722130312400683,69.36020276454983,14.758538184536459,4.148451188276184,0.017469033680445202
amorphous,True,1.475,0.1335971251044756,15.525352460430343,69.54345350740995,14.797596907055167,4.148451637570133,0.01725039162270038
amorphous,True,1.4833333333333334,0.11089806969629801,15.331632105755576,69.72130232983328,14.836167494714779,4.148451895640387,0.017035146784172863
amorphous,True,1.4916666666666667,0.09087971384206028,15.141028006562292,69.89383461516812,14.874257664427466,4.148452038578611,0.01682336445173588
amorphous,True,1.5,0.07338710524849516,14.953600218945073,70.06113739416625,14.91187528164012,4.14845211469758,0.016615111354383413
amorphous,True,1.5083333333333333,0.058262241465869516,14.769410016516959,70.2232993785388,14.949028363478305,4.148452153547959,0.01641045557390773
amorphous,True,1.5166666666666666,0.045344116704049725,14.588519808874903,70.38041099273198,14.985725081689,4.14845217248727,0.016209466454305446
amorphous,True,1.525,0.03446877152961494,14.410993059364962,70.53256440372787,15.021973765377485,4.148452181273154,0.016012214510405513
amorphous,True,1.5333333333333332,0.0254693457037206,14.236894201999341,70.67985354875898,15.057782903537893,4.148452185136064,0.015818771335554822
amorphous,True,1.5416666666666667,0.018176134543599315,14.066288557232165,70.82237416084796,15.093161147376206,4.148452186738826,0.01562920950803574
amorphous,True,1.55,0.01241664760818299,13.89924224794305,70.96022379203136,15.128117312417343,4.148452187363455,0.0154436024977145
amorphous,True,1.5583333333333333,0.008015672641351449,13.735822112569238,71.09350183437985,15.162660380409504,4.148452187590965,0.015262024569521375
amorphous,True,1.5666666666666667,0.004795340661432156,13.576095619818583,71.22230953851926,15.196799501000667,4.148452187667996,0.015084550688687314
amorphous,True,1.575,0.002575196244467411,13.420130780685362,71.34675002986279,15.230543993207311,4.148452187692103,0.014911256422983736
amorphous,True,1.5833333333333333,0.0011722706576510879,13.2679960603083,71.4669283223744,15.263903346659571,4.148452187699034,0.014742217844787001
amorphous,True,1.5916666666666666,0.0004011587010170051,13.119760288786631,71.58295132988701,15.296887222625262,4.148452187700854,0.014577511431985145
amorphous,True,1.6,7.409922966281091e-05,12.97549257101801,71.6949278749424,15.329505454809857,4.148452187701286,0.01441721396779779
amorphous,True,1.6083333333333334,1.059294661801722e-06,12.835262195652279,71.80296869512317,15.361768049929815,4.14845218770138,0.014261402439613644
amorphous,True,1.6166666666666667,-2.5482332839155516e-10,12.699128417296427,71.90718639920654,15.393685183751781,4.148452187701398,0.01411014268588492
amorphous,True,1.625,-2.5482332839155516e-10,12.567038999710732,72.00769393765681,15.425267062887203,4.148452187701401,0.013963376666345258
amorphous,True,1.6333333333333333,-2.5482332839155516e-10,12.438874792825816,72.10460155776889,15.456523649660042,4.148452187701402,0.013820971992028684
amorphous,True,1.6416666666666666,-2.5482332839155516e-10,12.31451915645983,72.19801623323109,15.487464610563833,4.148452187701402,0.013682799062733146
amorphous,True,1.65,-2.5482332839155516e-10,12.193858916304753,72.28804175910422,15.51809932484578,4.148452187701402,0.013548732129227505
amorphous,True,1.6583333333333332,-2.5482332839155516e-10,12.076784260950701,72.37477884626199,15.548436893042064,4.148452187701402,0.013418649178834112
amorphous,True,1.6666666666666667,-2.5482332839155516e-10,11.96318864196905,72.45832521302613,15.578486145259575,4.148452187701402,0.013292431824410054
amorphous,True,1.675,-2.5482332839155516e-10,11.85296867696378,72.5387756740794,15.608255649211568,4.148452187701402,0.013169965196626422
amorphous,True,1.6833333333333333,-2.5482332839155516e-10,11.74602405550272,72.61622222673746,15.63775371801456,4.148452187701402,0.013051137839447467
amorphous,True,1.6916666666666667,-2.5482332839155516e-10,11.642257447843257,72.69075413465791,15.666988417753588,4.148452187701402,0.01293584160871473
amorphous,True,1.7,-2.5482332839155516e-10,11.541574416369546,72.76245800906254,15.695967574822657,4.148452187701402,0.01282397157374394
amorphous,True,1.7083333333333333,-2.5482332839155516e-10,11.443883329660615,72.83141788754702,15.724698783047113,4.148452187701402,0.012715425921845127
amorphous,True,1.7166666666666666,-2.5482332839155516e-10,11.349095279111356,72.897715310549,15.75318941059438,4.148452187701402,0.012610105865679285
amorphous,True,1.7249999999999999,-2.5482332839155516e-10,11.257123998030464,72.96142939554491,15.781446606679362,4.148452187701402,0.012507915553367182
amorphous,True,1.7333333333333334,-2.5482332839155516e-10,11.167885783141838,73.02263690904229,15.809477308070612,4.148452187701402,0.012408761981268708
amorphous,True,1.7416666666666667,-2.5482332839155516e-10,11.081299418418093,73.08141233643347,15.83728824540318,4.148452187701402,0.012312554909353436
amorphous,True,1.75,-2.5482332839155516e-10,10.99728610117677,73.13782794977408,15.864885949303899,4.148452187701402,0.012219206779085301
amorphous,True,1.7583333333333333,-2.5482332839155516e-10,10.915769370372278,73.1919538735478,15.892276756334654,4.148452187701402,0.012128632633746975
amorphous,True,1.7666666666666666,-2.5482332839155516e-10,10.836675037018097,73.24385814847757,15.91946681475907,4.148452187701402,0.01204075004113122
amorphous,True,1.775,-2.5482332839155516e-10,10.759931116676192,73.2936067934407,15.946462090137844,4.148452187701402,0.011955479018529102
amorphous,True,1.7833333333333332,-2.5482332839155516e-10,10.685467763952104,73.34126386554482,15.973268370757822,4.148452187701402,0.011872741959946783
amorphous,True,1.7916666666666667,-2.5482332839155516e-10,10.613217208936163,73.3868915184188,15.999891272899763,4.148452187701402,0.011792463565484626
amorphous,True,1.8,-2.5482332839155516e-10,10.543113695533105,73.43055005877206,16.026336245949576,4.148452187701402,0.011714570772814561
amorphous,True,1.8083333333333333,-2.5482332839155516e-10,10.475093421623852,73.4722980012732,16.05260857735768,4.148452187701402,0.011638992690693168
amorphous,True,1.8166666666666667,-2.5482332839155516e-10,10.409094481005194,73.51219212179853,16.07871339745101,4.148452187701402,0.011565660534450215
amorphous,True,1.825,-2.5482332839155516e-10,10.345056807054451,73.55028750909825,16.10465568410202,4.148452187701402,0.011494507563393834
amorphous,True,1.8333333333333333,-2.5482332839155516e-10,10.282922118067901,73.58663761492785,16.130440267258983,4.148452187701402,0.011425469020075445
amorphous,True,1.8416666666666666,-2.5482332839155516e-10,10.222633864223312,73.62129430268978,16.156071833341638,4.148452187701402,0.011358482071359236
amorphous,True,1.8499999999999999,-2.5482332839155516e-10,10.164137176118222,73.65430789463025,16.18155492950626,4.148452187701402,0.01129348575124247
amorphous,True,1.8583333333333334,-2.5482332839155516e-10,10.107378814837292,73.68572721763347,16.206893967783973,4.148452187701402,0.011230420905374768
amorphous,True,1.8666666666666667,-2.5482332839155516e-10,10.052307123503192,73.71559964765544,16.2320932290961,4.148452187701402,0.01116923013722577
amorphous,True,1.875,-2.5482332839155516e-10,9.998871980267024,73.74397115283752,16.257156867150204,4.148452187701402,0.01110985775585225
amorphous,True,1.8833333333333333,-2.5482332839155516e-10,9.947024752695496,73.77088633533889,16.28208891222035,4.148452187701402,0.011052249725217218
amorphous,True,1.8916666666666666,-2.5482332839155516e-10,9.896718253513335,73.79638847192633,16.306893274815057,4.148452187701402,0.010996353615014815
amorphous,True,1.9,-2.5482332839155516e-10,9.847906697660719,73.82051955335777,16.331573749236235,4.148452187701402,0.010942118552956353
amorphous,True,1.9083333333333332,-2.5482332839155516e-10,9.800545660626618,73.84332032259573,16.356134017032378,4.148452187701402,0.01088949517847402
amorphous,True,1.9166666666666667,-2.5482332839155516e-10,9.754592038020174,73.86483031188541,16.38057765034915,4.148452187701402,0.010838435597800193
amorphous,True,1.925,-2.5482332839155516e-10,9.710004006343334,73.885087878731,16.4049081151804,4.148452187701402,0.010788893340381482
amorphous,True,1.9333333333333333,-2.5482332839155516e-10,9.666740984929007,73.90413024080313,16.429128774522592,4.148452187701402,0.010740823316587786
amorphous,True,1.9416666666666667,-2.5482332839155516e-10,9.624763599010208,73.92199350980906,16.453242891435462,4.148452187701402,0.010694181776678009
amorphous,True,1.95,-2.5482332839155516e-10,9.58403364388648,73.93871272435646,16.477253632011774,4.148452187701402,0.010648926270984977
amorphous,True,1.9583333333333333,-2.5482332839155516e-10,9.544514050155092,73.95432188184084,16.50116406825879,4.148452187701402,0.010605015611283436
amorphous,True,1.9666666666666666,-2.5482332839155516e-10,9.506168849975307,73.96885396938526,16.524977180894155,4.148452187701402,0.010562409833305897
amorphous,True,1.9749999999999999,-2.5482332839155516e-10,9.468963144335069,73.98234099386102,16.548695862058647,4.148452187701402,0.0105210701603723
amorphous,True,1.9833333333333334,-2.5482332839155516e-10,9.432863071290319,73.99481401101603,16.572322917948377,4.148452187701402,0.010480958968100354
amorphous,True,1.9916666666666667,-2.5482332839155516e-10,9.397835775148037,74.00630315373796,16.595861071368734,4.148452187701402,0.010442039750164486
amorphous,True,2.0,-2.5482332839155516e-10,9.363849376564968,74.01683765947732,16.619312964212437,4.148452187701402,0.010404277085072187
amorphous,True,2.0083333333333333,-2.5482332839155516e-10,9.330872943534837,74.0264458968559,16.64268115986399,4.148452187701402,0.010367636603927597
amorphous,True,2.0166666666666666,-2.5482332839155516e-10,9.298876463237649,74.03515539148445,16.66596814553262,4.148452187701402,0.010332084959152943
amorphous,True,2.025,-2.5482332839155516e-10,9.267830814725475,74.0429928510133,16.689176334515963,4.148452187701402,0.010297589794139417
amorphous,True,2.033333333333333,-2.5482332839155516e-10,9.23770774241983,74.04998418943846,16.71230806839643,4.148452187701402,0.010264119713799811
amorphous,True,2.0416666666666665,-2.5482332839155516e-10,9.208479830396605,74.05615455068579,16.735365619172335,4.148452187701402,0.010231644255996227
amorphous,True,2.05,-2.5482332839155516e-10,9.180120477435043,74.061528331494,16.758351191325673,4.148452187701402,0.010200133863816714
amorphous,True,2.058333333333333,-2.5482332839155516e-10,9.152603872808184,74.06612920361806,16.781266923828483,4.148452187701402,0.01016955985867576
amorphous,True,2.0666666666666664,-2.5482332839155516e-10,9.125904972792648,74.06998013537252,16.804114892089554,4.148452187701402,0.010139894414214054
amorphous,True,2.075,-2.5482332839155516e-10,9.099999477876437,74.07310341253498,16.82689710984331,4.148452187701402,0.01011111053097382
amorphous,True,2.0833333333333335,-2.5482332839155516e-10,9.074863810643999,74.07552065862818,16.849615530982547,4.148452187701402,0.010083182011826666
amorphous,True,2.091666666666667,-2.5482332839155516e-10,9.050475094318417,74.07725285459958,16.872272051336736,4.148452187701402,0.010056083438131575
amorphous,True,2.1,-2.5482332839155516e-10,9.026811131941248,74.07832035791604,16.89486851039744,4.148452187701402,0.010029790146601386
amorphous,True,2.1083333333333334,-2.5482332839155516e-10,9.003850400188774,74.07874290704821,16.91740669301775,4.1484521883780205,0.010004278222431972
amorphous,True,2.1166666666666667,-2.5482332839155516e-10,8.981385603689331,74.07872619372141,16.93988820284399,4.148443310870603,0.00997931733743259
amorphous,True,2.125,-2.5482332839155516e-10,8.959057630847852,74.07862863938225,16.96231373002464,4.148408983649376,0.009954508478719835
amorphous,True,2.1333333333333333,-2.5482332839155516e-10,8.936858226467725,74.0784581756485,16.984683598138496,4.148349001829071,0.009929842473853027
amorphous,True,2.1416666666666666,-2.5482332839155516e-10,8.914786649894666,74.07821522268003,17.006998127680035,4.148263514244238,0.009905318499882961
amorphous,True,2.15,-2.5482332839155516e-10,8.892842164600854,74.07790019835662,17.029257637297256,4.148152669338485,0.009880935738445394
amorphous,True,2.158333333333333,-2.5482332839155516e-10,8.871024038163856,74.0775135182889,17.051462443801974,4.148016615160245,0.009856693375737618
amorphous,True,2.1666666666666665,-2.5482332839155516e-10,8.84933154224563,74.07705559582904,17.07361286218006,4.147855499358655,0.009832590602495143
amorphous,True,2.175,-2.5482332839155516e-10,8.827763952571603,74.07652684208149,17.095709205601626,4.147669469179513,0.009808626613968448
amorphous,True,2.183333333333333,-2.5482332839155516e-10,8.806320548909854,74.07592766591372,17.11775178543115,4.147458671461324,0.009784800609899837
amorphous,True,2.1916666666666664,-2.5482332839155516e-10,8.785000615050357,74.0752584739668,17.139740911237567,4.147223252631443,0.009761111794500397
amorphous,True,2.2,-2.5482332839155516e-10,8.763803438784322,74.0745196706661,17.161676890804287,4.146963358702293,0.009737559376427025
amorphous,True,2.2083333333333335,-2.5482332839155516e-10,8.74272831188361,74.07371165823193,17.183560030139184,4.146679135267684,0.009714142568759567
amorphous,True,2.216666666666667,-2.5482332839155516e-10,8.721774530080236,74.07283483668998,17.205390633484512,4.146370727499206,0.009690860588978039
amorphous,True,2.225,-2.5482332839155516e-10,8.70094139304595,74.071889603882,17.227169003326786,4.14603828014271,0.009667712658939944
amorphous,True,2.2333333333333334,-2.5482332839155516e-10,8.680228204371907,74.07087635547622,17.248895440406603,4.145681937514878,0.009644698004857675
amorphous,True,2.2416666666666667,-2.5482332839155516e-10,8.659634271548422,74.06979548497789,17.27057024372841,4.145301843499866,0.009621815857276023
amorphous,True,2.25,-2.5482332839155516e-10,8.639158905944786,74.06864738373969,17.292193710570253,4.144898141546037,0.009599065451049762
amorphous,True,2.2583333333333333,-2.5482332839155516e-10,8.6188014227892,74.06743244097213,17.313766136493403,4.144470974662768,0.009576446025321334
amorphous,True,2.2666666666666666,-2.5482332839155516e-10,8.598561141148762,74.06615104375395,17.33528781535202,4.144020485417348,0.009553956823498624
amorphous,True,2.275,-2.5482332839155516e-10,8.578437383909547,74.06480357704247,17.35675903930271,4.143546815931937,0.00953159709323283
amorphous,True,2.283333333333333,-2.5482332839155516e-10,8.558429477756777,74.06339042368391,17.378180098814035,4.14305010788062,0.009509366086396418
amorphous,True,2.2916666666666665,-2.5482332839155516e-10,8.538536753155057,74.06191196442366,17.39955128267601,4.14253050248653,0.009487263059061175
amorphous,True,2.3,-2.5482332839155516e-10,8.51875854432871,74.0603685779165,17.42087287800952,4.141988140519051,0.009465287271476344
amorphous,True,2.308333333333333,-2.5482332839155516e-10,8.499094189242186,74.05876064073688,17.44214517027567,4.141423162291088,0.009443437988046872
amorphous,True,2.3166666666666664,-2.5482332839155516e-10,8.47954302958055,74.05708852738904,17.463368443285148,4.14083570765642,0.00942171447731172
amorphous,True,2.325,-2.5482332839155516e-10,8.460104410730056,74.0553526103172,17.484542979207482,4.140225916007126,0.009400116011922284
amorphous,True,2.3333333333333335,-2.5482332839155516e-10,8.440777681758814,74.05355325991566,17.505669058580263,4.139593926271078,0.009378641868620904
amorphous,True,2.341666666666667,-2.5482332839155516e-10,8.421562195397517,74.05169084453888,17.52674696031835,4.138939876909511,0.009357291328219462
amorphous,True,2.35,-2.5482332839155516e-10,8.402457308020264,74.04976573051151,17.547776961722974,4.138263905914657,0.009336063675578071
amorphous,True,2.3583333333333334,-2.5482332839155516e-10,8.383462379625467,74.04777828213844,17.56875933849084,4.137566150807461,0.009314958199583853
amorphous,True,2.3666666666666667,-2.5482332839155516e-10,8.36457677381683,74.04572886171476,17.589694364723155,4.136846748635352,0.009293974193129812
amorphous,True,2.375,-2.5482332839155516e-10,8.345799857784415,74.04361782953569,17.610582312934635,4.136105835970091,0.009273110953093794
amorphous,True,2.3833333333333333,-2.5482332839155516e-10,8.32713100228579,74.04144554390653,17.631423454062425,4.135343548905686,0.009252367780317546
amorphous,True,2.3916666666666666,-2.5482332839155516e-10,8.308569581627257,74.03921236115248,17.652218057475,4.134560023056366,0.009231743979585842
amorphous,True,2.4,-2.5482332839155516e-10,8.29011497364516,74.03691863562855,17.672966390981024,4.133755393554635,0.009211238859605734
amorphous,True,2.408333333333333,-2.5482332839155516e-10,8.271766559687283,74.0345647197293,17.693668720838147,4.132929795049374,0.00919085173298587
amorphous,True,2.4166666666666665,-2.5482332839155516e-10,8.25352372459431,74.03215096389867,17.71432531176175,4.132083361704017,0.009170581916215899
amorphous,True,2.425,-2.5482332839155516e-10,8.235385856681383,74.02967771663968,17.734936426933672,4.131216227194792,0.009150428729645981
amorphous,True,2.433333333333333,-2.5482332839155516e-10,8.21735234771974,74.02714532452414,17.755502328010856,4.130328524709016,0.009130391497466377
amorphous,True,2.4416666666666664,-2.5482332839155516e-10,8.199422592918422,74.02455413220234,17.776023275133976,4.129420386943458,0.009110469547687136
amorphous,True,2.45,-2.5482332839155516e-10,8.181595990906073,74.02190448241265,17.79649952693601,4.128491946102762,0.009090662212117859
amorphous,True,2.4583333333333335,-2.5482332839155516e-10,8.16387194371281,74.01919671599117,17.816931340550763,4.127543333897924,0.009070968826347565
amorphous,True,2.466666666666667,-2.5482332839155516e-10,8.146249856752176,74.01643117188122,17.837318971621343,4.126574681544837,0.00905138872972464
amorphous,True,2.475,-2.5482332839155516e-10,8.128729138803186,74.01360818714295,17.857662674308607,4.125586119762893,0.009031921265336872
amorphous,True,2.4833333333333334,-2.5482332839155516e-10,8.11130920199243,74.01072809696277,17.87796270129955,4.124577778773631,0.009012565779991589
amorphous,True,2.4916666666666667,-2.5482332839155516e-10,8.093989461776275,74.00779123466283,17.898219303815637,4.123549788299457,0.00899332162419586
amorphous,True,2.5,-2.5482332839155516e-10,8.076769336923135,74.00479793171047,17.918432731621138,4.122502277562415,0.008974188152136816
amorphous,True,2.5083333333333333,-2.5482332839155516e-10,8.059648249495831,74.00174851772756,17.93860323303135,4.121435375283005,0.008955164721662036
amorphous,True,2.5166666666666666,-2.5482332839155516e-10,8.042625624834013,73.9986433204999,17.95873105492083,4.120349209679067,0.008936250694260014
amorphous,True,2.525,-2.5482332839155516e-10,8.025700891536683,73.99548266598649,17.978816442731567,4.119243908464717,0.00891744543504076
amorphous,True,2.533333333333333,-2.5482332839155516e-10,8.008873481444782,73.99226687832885,17.998859640481093,4.118119598849325,0.008898748312716425
amorphous,True,2.5416666666666665,-2.5482332839155516e-10,7.992142829623861,73.98899627986027,18.01886089077059,4.116976407536562,0.008880158699582067
amorphous,True,2.55,-2.5482332839155516e-10,7.975508374346825,73.98567119111499,18.03882043479291,4.1158144607234854,0.008861675971496473
amorphous,True,2.558333333333333,-2.5482332839155516e-10,7.958969557076767,73.98229193083739,18.058738512340575,4.114633884099678,0.008843299507863073
amorphous,True,2.5666666666666664,-2.5482332839155516e-10,7.942525822449869,73.97885881599112,18.078615361813743,4.113434802846445,0.008825028691610965
amorphous,True,2.575,-2.5482332839155516e-10,7.926176618258384,73.97537216176825,18.098451220228103,4.1122173416360495,0.008806862909175981
amorphous,True,2.5833333333333335,-2.5482332839155516e-10,7.909921395433707,73.97183228159827,18.118246323222756,4.1109816246310045,0.008788801550481897
amorphous,True,2.591666666666667,-2.5482332839155516e-10,7.893759608029498,73.96823948715719,18.138000905068036,4.1097277754834085,0.008770844008921665
amorphous,True,2.6,-2.5482332839155516e-10,7.877690713204913,73.96459408837651,18.1577151986733,4.10845591733433,0.008752989681338792
amorphous,True,2.6083333333333334,-2.5482332839155516e-10,7.861714171207893,73.96089639345217,18.177389435594662,4.107166172813238,0.00873523796800877
amorphous,True,2.6166666666666667,-2.5482332839155516e-10,7.845829445358531,73.95714670885349,18.197023846042708,4.105858664037483,0.00871758827262059
amorphous,True,2.625,-2.5482332839155516e-10,7.830036002032527,73.95334533933206,18.21661865889014,4.104533512611814,0.008700040002258363
amorphous,True,2.6333333333333333,-2.5482332839155516e-10,7.814333310644709,73.94949258793062,18.236174101679403,4.103190839627951,0.00868259256738301
amorphous,True,2.6416666666666666,-2.5482332839155516e-10,7.798720843632636,73.94558875599184,18.25569040063026,4.101830765664188,0.00866524538181404
amorphous,True,2.65,-2.5482332839155516e-10,7.783198076440277,73.94163414316712,18.275167780647333,4.100453410785057,0.008647997862711419
amorphous,True,2.658333333333333,-2.5482332839155516e-10,7.767764487501763,73.93762904742538,18.29460646532759,4.099058894541019,0.008630849430557514
amorphous,True,2.6666666666666665,-2.5482332839155516e-10,7.752419558225219,73.9335737650617,18.31400667696781,4.097647335968203,0.008613799509139132
amorphous,True,2.675,-2.5482332839155516e-10,7.737162772976667,73.92946859070607,18.333368636571993,4.096218853588188,0.00859684752552963
amorphous,True,2.683333333333333,-2.5482332839155516e-10,7.721993619064016,73.92531381733198,18.352692563858728,4.094773565407824,0.00857999291007113
amorphous,True,2.6916666666666664,-2.5482332839155516e-10,7.70691158672111,73.92110973626508,18.37197867726854,4.093311588919093,0.008563235096356788
amorphous,True,2.7,-2.5482332839155516e-10,7.691916169091861,73.91685663719169,18.39122719397118,4.091833041099009,0.008546573521213179
amorphous,True,2.7083333333333335,-2.5482332839155516e-10,7.6770068622144665,73.91255480816739,18.41043832987288,4.090338038409559,0.00853000762468274
amorphous,True,2.716666666666667,-2.5482332839155516e-10,7.662183165005679,73.90820453562549,18.429612299623564,4.088826696797681,0.00851353685000631
amorphous,True,2.725,-2.5482332839155516e-10,7.647444579245169,73.90380610438552,18.448749316624035,4.087299131695275,0.008497160643605743
amorphous,True,2.7333333333333334,-2.5482332839155516e-10,7.632790609559959,73.89935979766167,18.467849593033108,4.085755458019264,0.00848087845506662
amorphous,True,2.7416666666666667,-2.5482332839155516e-10,7.61822076340892,73.89486589707111,18.486913339774702,4.084195790171678,0.008464689737121023
amorphous,True,2.75,-2.5482332839155516e-10,7.603734551067359,73.89032468264246,18.505940766544917,4.082620242039776,0.0084485939456304
amorphous,True,2.7583333333333333,-2.5482332839155516e-10,7.589331485611669,73.88573643282403,18.524932081819035,4.081028926996217,0.00843259053956852
amorphous,True,2.7666666666666666,-2.5482332839155516e-10,7.5750110829040525,73.88110142449217,18.54388749285852,4.0794219578992434,0.008416678981004502
amorphous,True,2.775,-2.5482332839155516e-10,7.560772861577328,73.87641993295945,18.562807205717963,4.07779944709292,0.00840085873508592
amorphous,True,2.783333333333333,-2.5482332839155516e-10,7.546616343019795,73.87169223198298,18.58169142525197,4.076161506407389,0.008385129270021994
amorphous,True,2.7916666666666665,-2.5482332839155516e-10,7.5325410513601865,73.8669185937725,18.600540355122064,4.074508247159175,0.008369490057066874
amorphous,True,2.8,-2.5482332839155516e-10,7.518546513452682,73.86209928899856,18.61935419780349,4.072839780151507,0.00835394057050298
amorphous,True,2.808333333333333,-2.5482332839155516e-10,7.504632258862001,73.85723458680073,18.63813315459202,4.071156215674683,0.008338480287624446
amorphous,True,2.8166666666666664,-2.5482332839155516e-10,7.4907978198485665,73.85232475479546,18.656877425610706,4.0694576635064585,0.00832310868872063
amorphous,True,2.825,-2.5482332839155516e-10,7.477042731353736,73.84737005908438,18.67558720981662,4.067744232912478,0.008307825257059706
amorphous,True,2.8333333333333335,-2.5482332839155516e-10,7.463366530985113,73.84237076426213,18.69426270500751,4.066016032646717,0.008292629478872349
amorphous,True,2.841666666666667,-2.5482332839155516e-10,7.4497687590019215,73.83732713342437,18.71290410782846,4.064273170951978,0.008277520843335467
amorphous,True,2.85,-2.5482332839155516e-10,7.436248958300454,73.83223942817577,18.731511613778515,4.062515755560393,0.00826249884255606
amorphous,True,2.8583333333333334,-2.5482332839155516e-10,7.422806674399597,73.82710790863791,18.750085417217225,4.0607438936939735,0.008247562971555107
amorphous,True,2.8666666666666667,-2.5482332839155516e-10,7.409441455426418,73.82193283345711,18.768625711371214,4.058957692065175,0.008232712728251575
amorphous,True,2.875,-2.5482332839155516e-10,7.396152852101827,73.81671445981226,18.787132688340662,4.057157256877501,0.008217947613446474
amorphous,True,2.8833333333333333,-2.5482332839155516e-10,7.382940417726313,73.81145304342266,18.805606539105778,4.0553426938261214,0.008203267130807015
amorphous,True,2.8916666666666666,-2.5482332839155516e-10,7.369803708165738,73.80614883855577,18.824047453533236,4.0535141080985335,0.00818867078685082
amorphous,True,2.9,-2.5482332839155516e-10,7.356742281837218,73.80080209803496,18.842455620382562,4.051671604375235,0.008174158090930242
amorphous,True,2.908333333333333,-2.5482332839155516e-10,7.343755699695057,73.79541307324718,18.860831227312506,4.049815286830431,0.00815972855521673
amorphous,True,2.9166666666666665,-2.5482332839155516e-10,7.330843525216764,73.78998201415062,18.879174460887352,4.047945259132763,0.008145381694685294
amorphous,True,2.925,-2.5482332839155516e-10,7.318005324389128,73.78450916928239,18.89748550658323,4.046061624446069,0.008131117027099032
amorphous,True,2.933333333333333,-2.5482332839155516e-10,7.305240665694372,73.77899478576603,18.915764548794343,4.044164485430158,0.008116934072993747
amorphous,True,2.9416666666666664,-2.5482332839155516e-10,7.292549120096366,73.77343910931917,18.934011770839213,4.042253944241615,0.008102832355662629
amorphous,True,2.95,-2.5482332839155516e-10,7.279930261026916,73.76784238426097,18.952227354966865,4.040330102534635,0.008088811401141018
amorphous,True,2.9583333333333335,-2.5482332839155516e-10,7.267383664372119,73.76220485351968,18.970411482362962,4.038393061461865,0.008074870738191244
amorphous,True,2.966666666666667,-2.5482332839155516e-10,7.254908908458783,73.75652675864004,18.988564333155942,4.0364429216752855,0.008061009898287537
amorphous,True,2.975,-2.5482332839155516e-10,7.242505574040918,73.75080833979074,19.0066860864231,4.034479783327102,0.00804722841560102
amorphous,True,2.9833333333333334,-2.5482332839155516e-10,7.230173244286295,73.74504983577184,19.024776920196633,4.032503746070663,0.008033525826984772
amorphous,True,2.9916666666666667,-2.5482332839155516e-10,7.217911504763068,73.73925148402203,19.04283701146966,4.030514909061405,0.008019901671958964
amorphous,True,3.0,-2.5482332839155516e-10,7.205719943426469,73.73341352062609,19.060866536202205,4.028513370957806,0.008006355492696076
amorphous,True,3.0083333333333333,-2.5482332839155516e-10,7.193598150605565,73.72753618032205,19.078865669327158,4.026499229922372,0.007992886834006183
amorphous,True,3.0166666666666666,-2.5482332839155516e-10,7.181545718990083,73.72161969650851,19.096834584756174,4.024472583622636,0.007979495243322315
amorphous,True,3.025,-2.5482332839155516e-10,7.1695622436173005,73.71566430125189,19.114773455385578,4.02243352923218,0.00796618027068589
amorphous,True,3.033333333333333,-2.5482332839155516e-10,7.157647321859004,73.70967022529355,19.132682453102205,4.020382163431678,0.007952941468732226
amorphous,True,3.0416666666666665,-2.5482332839155516e-10,7.145800553408515,73.70363769805702,19.150561748789233,4.0183185824099485,0.007939778392676127
amorphous,True,3.05,-2.5482332839155516e-10,7.134021540267771,73.69756694765505,19.168411512331943,4.016242881865045,0.007926690600297524
amorphous,True,3.058333333333333,-2.5482332839155516e-10,7.122309886734489,73.69145820089676,19.186231912623512,4.014155157005343,0.00791367765192721
amorphous,True,3.0666666666666664,-2.5482332839155516e-10,7.110665199389378,73.68531168329467,19.20402311757071,4.012055502550657,0.007900739110432643
amorphous,True,3.075,-2.5482332839155516e-10,7.099087087083424,73.67912761907174,19.221785294099597,4.009944012733376,0.007887874541203804
amorphous,True,3.0833333333333335,-2.5482332839155516e-10,7.087575160925241,73.67290623116833,19.239518608161188,4.00782078129961,0.007875083512139157
amorphous,True,3.091666666666667,-2.5482332839155516e-10,7.076129034268482,73.6666477412492,19.25722322473708,4.005685901510354,0.007862365593631647
amorphous,True,3.1,-2.5482332839155516e-10,7.064748322699314,73.6603523697104,19.274899307845043,4.003539466142676,0.007849720358554793
amorphous,True,3.1083333333333334,-2.5482332839155516e-10,7.053432644023964,73.6540203356862,19.292547020544593,4.001381567490914,0.007837147382248848
amorphous,True,3.1166666666666667,-2.5482332839155516e-10,7.042181618256316,73.64765185705592,19.310166524942524,3.999212297367885,0.007824646242507017
amorphous,True,3.125,-2.5482332839155516e-10,7.0309948676055845,73.64124715045075,19.32775798219841,3.9970317471061216,0.00781221651956176
amorphous,True,3.1333333333333333,-2.5482332839155516e-10,7.019872016464043,73.63480643126063,19.34532155253008,3.9948400075591133,0.007799857796071159
amorphous,True,3.1416666666666666,-2.5482332839155516e-10,7.0088126913948186,73.62832991364088,19.362857395219063,3.9926371691025664,0.007787569657105354
amorphous,True,3.15,-2.5482332839155516e-10,6.997816521119745,73.62181781051903,19.380365668615987,3.990423321635676,0.00777535169013305
amorphous,True,3.158333333333333,-2.5482332839155516e-10,6.986883136507284,73.61527033360149,19.397846530145987,3.9881985545824183,0.007763203485008093
amorphous,True,3.1666666666666665,-2.5482332839155516e-10,6.976012170560507,73.60868769338023,19.41530013631402,3.9859629568928456,0.007751124633956119
amorphous,True,3.175,-2.5482332839155516e-10,6.965203258405133,73.60207009913941,19.43272664271022,3.9837166170444056,0.007739114731561259
amorphous,True,3.183333333333333,-2.5482332839155516e-10,6.954456037277635,73.59541775896194,19.450126204015177,3.9814596230432673,0.007727173374752928
amorphous,True,3.1916666666666664,-2.5482332839155516e-10,6.943770146513407,73.58873087973616,19.46749897400519,3.9791920624256614,0.007715300162792675
amorphous,True,3.2,-2.5482332839155516e-10,6.93314522753499,73.58200966716225,19.484845105557508,3.976914022259234,0.0077034946972610995
amorphous,True,3.2083333333333335,-2.5482332839155516e-10,6.922580923840355,73.57525432575886,19.502164750655542,3.9746255891444093,0.0076917565820448395
amorphous,True,3.216666666666667,-2.5482332839155516e-10,6.9120768809912585,73.56846505886946,19.519458060394022,3.972326849215769,0.007680085423323621
amorphous,True,3.225,-2.5482332839155516e-10,6.901632746601643,73.56164206866895,19.536725184984157,3.9700178881434387,0.007668480829557381
amorphous,True,3.2333333333333334,-2.5482332839155516e-10,6.8912481703261115,73.5547855561699,19.55396627375874,3.9676987911344863,0.007656942411473457
amorphous,True,3.2416666666666667,-2.5482332839155516e-10,6.880922803848452,73.54789572122907,19.57118147517723,3.9653696429343355,0.007645469782053835
amorphous,True,3.25,-2.5482332839155516e-10,6.8706563008702295,73.54097276255368,19.58837093683084,3.963030527828183,0.007634062556522477
amorphous,True,3.2583333333333333,-2.5482332839155516e-10,6.8604483170994275,73.5340168777078,19.605534805447533,3.9606815296424314,0.007622720352332697
amorphous,True,3.2666666666666666,-2.5482332839155516e-10,6.850298510239161,73.52702826311855,19.62267322689704,3.9583227317461303,0.007611442789154623
amorphous,True,3.275,-2.5482332839155516e-10,6.840206539976437,73.52000711408247,19.639786346195837,3.9559542170524264,0.007600229488862708
amorphous,True,3.283333333333333,-2.5482332839155516e-10,6.830172067970982,73.5129536247717,19.65687430751208,3.953576068020026,0.007589080075523313
amorphous,True,3.2916666666666665,-2.5482332839155516e-10,6.820194757844121,73.5058679882401,19.673937254170536,3.9511883666546614,0.007577994175382356
amorphous,True,3.3,-2.5482332839155516e-10,6.810274275167721,73.49875039642959,19.690975328657455,3.9487911945105725,0.007566971416853024
amorphous,True,3.308333333333333,-2.5482332839155516e-10,6.800410287453191,73.49160104017612,19.707988672625454,3.9463846326919922,0.007556011430503546
amorphous,True,3.3166666666666664,-2.5482332839155516e-10,6.790602464140532,73.48442010921589,19.724977426898334,3.9439687618546437,0.007545113849045036
amorphous,True,3.3249999999999997,-2.5482332839155516e-10,6.7808504765874575,73.47720779219141,19.741941731475904,3.9415436622072426,0.0075342783073193975
amorphous,True,3.3333333333333335,-2.5482332839155516e-10,6.771153998058558,73.46996427665746,19.758881725538743,3.9391094135130102,0.007523504442287287
amorphous,True,3.341666666666667,-2.5482332839155516e-10,6.761512703714538,73.46268974908726,19.775797547452964,3.936666095091193,0.007512791893016154
amorphous,True,3.35,-2.5482332839155516e-10,6.751926270601489,73.45538439487834,19.792689334774956,3.9342137858185886,0.007502140300668321
amorphous,True,3.3583333333333334,-2.5482332839155516e-10,6.742394377640238,73.4480483983585,19.80955722425605,3.93175256413108,0.007491549308489154
amorphous,True,3.3666666666666667,-2.5482332839155516e-10,6.732916705615743,73.44068194279181,19.82640135184722,3.929282508025179,0.00748101856179527
amorphous,True,3.375,-2.5482332839155516e-10,6.723492937166546,73.4332852103845,19.843221852703724,3.926803695059571,0.007470547707962829
amorphous,True,3.3833333333333333,-2.5482332839155516e-10,6.714122756774283,73.42585838229077,19.860018861189715,3.9243162023566702,0.00746013639641587
amorphous,True,3.3916666666666666,-2.5482332839155516e-10,6.704805850753244,73.41840163861868,19.876792510882854,3.921820106604183,0.007449784278614716
amorphous,True,3.4,-2.5482332839155516e-10,6.695541907239996,73.41091515843593,19.893542934578853,3.919315484056671,0.0074394910080444404
amorphous,True,3.408333333333333,-2.5482332839155516e-10,6.68633061618306,73.40339911977567,19.91027026429605,3.916802410537124,0.0074292562402034
amorphous,True,3.4166666666666665,-2.5482332839155516e-10,6.677171669332634,73.39585369964226,19.92697463127989,3.9142809614385405,0.007419079632591816
amorphous,True,3.425,-2.5482332839155516e-10,6.668064760230382,73.38827907401695,19.94365616600745,3.9117512117255098,0.007408960844700424
amorphous,True,3.433333333333333,-2.5482332839155516e-10,6.65900958419927,73.38067541786361,19.960314998191887,3.9092132359358,0.007398899537999188
amorphous,True,3.4416666666666664,-2.5482332839155516e-10,6.650005838333457,73.37304290513444,19.97695125678687,3.906667108181953,0.007388895375926063
amorphous,True,3.4499999999999997,-2.5482332839155516e-10,6.641053221488245,73.3653817087755,19.99356506999102,3.904112902152881,0.007378948023875828
amorphous,True,3.4583333333333335,-2.5482332839155516e-10,6.632151434270073,73.35769200073241,20.010156565252284,3.901550691115472,0.007369057149188969
amorphous,True,3.466666666666667,-2.5482332839155516e-10,6.623300179026575,73.34997395195589,20.0267258692723,3.898980547916195,0.007359222421140639
amorphous,True,3.475,-2.5482332839155516e-10,6.614499159836682,73.34222773240735,20.043273108010748,3.8964025449827133,0.0073494435109296465
amorphous,True,3.4833333333333334,-2.5482332839155516e-10,6.6057480825007815,73.33445351106434,20.059798406689648,3.8938167543254982,0.007339720091667535
amorphous,True,3.4916666666666667,-2.5482332839155516e-10,6.597046654530932,73.32665145592617,20.076301889797676,3.89122324753945,0.007330051838367702
amorphous,True,3.5,-2.5482332839155516e-10,6.588394585141122,73.31882173401925,20.092783681094406,3.888622095805519,0.00732043842793458
amorphous,True,3.5083333333333333,-2.5482332839155516e-10,6.579791585237589,73.31096451140262,20.109243903614573,3.8860133698923325,0.007310879539152877
amorphous,True,3.5166666666666666,-2.5482332839155516e-10,6.571237367409185,73.30307995317332,20.125682679672277,3.883397140157826,0.007301374852676872
amorphous,True,3.525,-2.5482332839155516e-10,6.562731645917799,73.29516822347179,20.142100130865185,3.8807734765508743,0.007291924051019776
amorphous,True,3.533333333333333,-2.5482332839155516e-10,6.554274136688824,73.28722948548726,20.158496378078706,3.878142448612925,0.007282526818543138
amorphous,True,3.5416666666666665,-2.5482332839155516e-10,6.545864557301683,73.27926390146298,20.17487154149012,3.8755041254796403,0.007273182841446314
amorphous,True,3.55,-2.5482332839155516e-10,6.537502626980397,73.27127163270166,20.191225740572722,3.872858575882535,0.007263891807755997
amorphous,True,3.558333333333333,-2.5482332839155516e-10,6.529188066584216,73.26325283957065,20.20755909409991,3.8702058681506206,0.0072546534073157955
amorphous,True,3.5666666666666664,-2.5482332839155516e-10,6.520920598598282,73.25520768150723,20.223871720149273,3.8675460702120508,0.007245467331775869
amorphous,True,3.5749999999999997,-2.5482332839155516e-10,6.512699947124368,73.24713631702379,20.240163736106616,3.8648792495957673,0.007236333274582631
amorphous,True,3.5833333333333335,-2.5482332839155516e-10,6.504525837871638,73.23903890371311,20.256435258670034,3.86220547343315,0.0072272509309684865
amorphous,True,3.591666666666667,-2.5482332839155516e-10,6.496397998147481,73.23091559825343,20.272686403853875,3.859524808459668,0.007218219997941646
amorphous,True,3.6,-2.5482332839155516e-10,6.488316156848382,73.22276655641365,20.28891728699275,3.856837321016531,0.0072092401742759795
amorphous,True,3.6083333333333334,-2.5482332839155516e-10,6.480280044450842,73.21459193305846,20.30512802274549,3.8541430770523446,0.0072003111605009355
amorphous,True,3.6166666666666667,-2.5482332839155516e-10,6.472289393002356,73.20639188215334,20.321318725099083,3.851442142124762,0.007191432658891507
amorphous,True,3.625,-2.5482332839155516e-10,6.46434393611243,73.19816655676976,20.33748950737259,3.8487345814021445,0.007182604373458255
amorphous,True,3.6333333333333333,-2.5482332839155516e-10,6.456443408943651,73.18991610909009,20.35364048222104,3.846020459665215,0.00717382600993739
amorphous,True,3.6416666666666666,-2.5482332839155516e-10,6.448587548202807,73.18164069041269,20.369771761639292,3.8432998413087183,0.007165097275780897
amorphous,True,3.65,-2.5482332839155516e-10,6.440776092132053,73.17334045115683,20.385883456965903,3.840572790343077,0.0071564178801467255
amorphous,True,3.658333333333333,-2.5482332839155516e-10,6.433008780500123,73.16501554086771,20.40197567888694,3.8378393703960536,0.007147787533889026
amorphous,True,3.6666666666666665,-2.5482332839155516e-10,6.425285354593596,73.15666610822139,20.418048537439798,3.835099644714408,0.00713920594954844
amorphous,True,3.675,-2.5482332839155516e-10,6.417605557208202,73.14829230102961,20.434102142016968,3.832353676165558,0.007130672841342447
amorphous,True,3.683333333333333,-2.5482332839155516e-10,6.409969132640181,73.1398942662448,20.450136601369813,3.8296015272392374,0.007122187925155756
amorphous,True,3.6916666666666664,-2.5482332839155516e-10,6.4023758266776865,73.1314721499648,20.4661520236123,3.8268432600491584,0.007113750918530763
amorphous,True,3.6999999999999997,-2.5482332839155516e-10,6.394825386592235,73.12302609743783,20.482148516224722,3.8240789363346708,0.0071053615406580384
amorphous,True,3.7083333333333335,-2.5482332839155516e-10,6.387317561130206,73.11455625306718,20.498126186057405,3.8213086174624187,0.007097019512366895
amorphous,True,3.716666666666667,-2.5482332839155516e-10,6.379852100504384,73.10606276041604,20.514085139334366,3.818532364428004,0.0070887245561159825
amorphous,True,3.725,-2.5482332839155516e-10,6.372428756385548,73.09754576221226,20.530025481656978,3.8157502378576407,0.007080476395983942
amorphous,True,3.7333333333333334,-2.5482332839155516e-10,6.3650472818941095,73.08900540035307,20.54594731800761,3.8129622980098166,0.007072274757660122
amorphous,True,3.7416666666666667,-2.5482332839155516e-10,6.357707431591792,73.08044181590977,20.561850752753234,3.8101686047769467,0.0070641193684353246
amorphous,True,3.75,-2.5482332839155516e-10,6.350408961473359,73.07185514913242,20.577735889649013,3.8073692176870333,0.007056009957192621
amorphous,True,3.7583333333333333,-2.5482332839155516e-10,6.343151628958387,73.06324553945451,20.593602831841896,3.8045641959053187,0.0070479462543982085
amorphous,True,3.7666666666666666,-2.5482332839155516e-10,6.335935192883084,73.05461312549757,20.609451681874134,3.8017535982359414,0.007039927992092315
amorphous,True,3.775,-2.5482332839155516e-10,6.328759413492146,73.0459580450758,20.62528254168684,3.7989374831235874,0.0070319549038801625
amorphous,True,3.783333333333333,-2.5482332839155516e-10,6.321624052430675,73.03728043520061,20.641095512623494,3.796115908655143,0.007024026724922972
amorphous,True,3.7916666666666665,-2.5482332839155516e-10,6.314528872736119,73.02858043208525,20.65689069543343,3.793288932561347,0.007016143191929021
amorphous,True,3.8,-2.5482332839155516e-10,6.307473638830276,73.01985817114922,20.672668190275296,3.7904566122184353,0.007008304043144751
amorphous,True,3.808333333333333,-2.5482332839155516e-10,6.300458116511328,73.01111378702294,20.688428096720532,3.787619004649793,0.00700050901834592
amorphous,True,3.8166666666666664,-2.5482332839155516e-10,6.293482072945927,73.0023474135521,20.704170513756775,3.7847761665275965,0.006992757858828807
amorphous,True,3.8249999999999997,-2.5482332839155516e-10,6.286545276661324,72.99355918380218,20.719895539791292,3.78192815417446,0.006985050307401472
amorphous,True,3.8333333333333335,-2.5482332839155516e-10,6.279647497537536,72.98474923006292,20.735603272654345,3.7790750235650754,0.00697738610837504
amorphous,True,3.841666666666667,-2.5482332839155516e-10,6.272788506799562,72.97591768385264,20.751293809602597,3.7762168303278534,0.006969765007555069
amorphous,True,3.85,-2.5482332839155516e-10,6.265968077009635,72.96706467592273,20.76696724732243,3.773353629746561,0.006962186752232928
amorphous,True,3.8583333333333334,-2.5482332839155516e-10,6.259185982059528,72.95819033626196,20.78262368193331,3.770485476761958,0.006954651091177253
amorphous,True,3.8666666666666667,-2.5482332839155516e-10,6.252441997162889,72.94929479410084,20.79826320899107,3.767612425973429,0.006947157774625432
amorphous,True,3.875,-2.5482332839155516e-10,6.245735898847631,72.94037817791593,20.813885923491238,3.7647345316406153,0.006939706554275145
amorphous,True,3.8833333333333333,-2.5482332839155516e-10,6.239067464948351,72.93144061543417,20.829491919872286,3.761851847685045,0.006932297183275946
amorphous,True,3.8916666666666666,-2.5482332839155516e-10,6.232436474598807,72.9224822336371,20.845081292018904,3.758964427691755,0.006924929416220897
amorphous,True,3.9,-2.5482332839155516e-10,6.225842708224419,72.91350315876515,20.860654133265225,3.7560723249109205,0.006917603009138243
amorphous,True,3.908333333333333,-2.5482332839155516e-10,6.219285947534824,72.90450351632192,20.87621053639806,3.7531755922594705,0.006910317719483138
amorphous,True,3.9166666666666665,-2.5482332839155516e-10,6.212765975516469,72.89548343107825,20.89175059366009,3.7502742823227093,0.006903073306129409
amorphous,True,3.925,-2.5482332839155516e-10,6.206282576425242,72.88644302707652,20.907274396753046,3.7473684473559303,0.006895869529361379
amorphous,True,3.933333333333333,-2.5482332839155516e-10,6.199835535779149,72.87738242763477,20.922782036840886,3.7444581392860288,0.0068887061508657215
amorphous,True,3.9416666666666664,-2.5482332839155516e-10,6.193424640351027,72.86830175535086,20.938273604552922,3.741543409713111,0.006881582933723363
amorphous,True,3.9499999999999997,-2.5482332839155516e-10,6.187049678161297,72.85920113210655,20.95374918998697,3.7386243099121015,0.006874499642401441
amorphous,True,3.9583333333333335,-2.5482332839155516e-10,6.180710438470768,72.8500806790716,20.969208882712444,3.735700890834344,0.006867456042745297
amorphous,True,3.966666666666667,-2.5482332839155516e-10,6.174406711773461,72.8409405167079,20.98465277177345,3.7327732031092062,0.006860451901970512
amorphous,True,3.975,-2.5482332839155516e-10,6.168138289789494,72.83178076477344,21.000080945691874,3.7298412970456694,0.006853486988654993
amorphous,True,3.9833333333333334,-2.5482332839155516e-10,6.161904965457991,72.82260154232641,21.015493492470412,3.726905222633929,0.006846561072731101
amorphous,True,3.9916666666666667,-2.5482332839155516e-10,6.15570653293004,72.81340296772915,21.030890499595635,3.7239650295469793,0.006839673925477822
amorphous,True,4.0,-2.5482332839155516e-10,6.149542787561686,72.80418515865213,21.046272054040994,3.721020767142203,0.0068328253195129845
amorphous,True,4.008333333333333,-2.5482332839155516e-10,6.143413525906963,72.79494823207801,21.061638242269836,3.718072484462954,0.006826015028785514
amorphous,True,4.016666666666667,-2.5482332839155516e-10,6.137318545710965,72.78569230430547,21.07698915023838,3.7151202302401343,0.006819242828567738
amorphous,True,4.025,-2.5482332839155516e-10,6.131257645902957,72.77641749095318,21.09232486339868,3.712164052893774,0.00681250849544773
amorphous,True,4.033333333333333,-2.5482332839155516e-10,6.125230626589526,72.76712390696368,21.107645466701605,3.7092040005345983,0.006805811807321696
amorphous,True,4.041666666666667,-2.5482332839155516e-10,6.119237289047765,72.75781166660731,21.122951044599738,3.706240120965601,0.006799152543386406
amorphous,True,4.05,-2.5482332839155516e-10,6.113277435718498,72.748480883486,21.13824168105032,3.703272461683605,0.006792530484131664
amorphous,True,4.058333333333334,-2.5482332839155516e-10,6.107350870199544,72.73913167053713,21.15351745951814,3.700301069880824,0.006785945411332826
amorphous,True,4.066666666666666,-2.5482332839155516e-10,6.101457397239019,72.72976414003737,21.168778462978416,3.6973259924464217,0.006779397108043355
amorphous,True,4.075,-2.5482332839155516e-10,6.0955968227286705,72.72037840360646,21.184024773919678,3.6943472759680605,0.006772885358587412
amorphous,True,4.083333333333333,-2.5482332839155516e-10,6.089768953697257,72.71097457221096,21.199256474346594,3.6913649667334525,0.0067664099485525075
amorphous,True,4.091666666666667,-2.5482332839155516e-10,6.083973598303955,72.70155275616803,21.21447364578283,3.688379110731903,0.006759970664782173
amorphous,True,4.1,-2.5482332839155516e-10,6.078210565831815,72.69211306514914,21.229676369273854,3.685389753655854,0.006753567295368683
amorphous,True,4.108333333333333,-2.5482332839155516e-10,6.0724796666812395,72.68265560818384,21.24486472538973,3.6823969409024144,0.006747199629645821
amorphous,True,4.116666666666666,-2.5482332839155516e-10,6.066780712363517,72.67318049366337,21.260038794227924,3.6794007175748993,0.0067408674581816855
amorphous,True,4.125,-2.5482332839155516e-10,6.061113515494368,72.66368782934438,21.27519865541606,3.676401128484351,0.00673457057277152
amorphous,True,4.133333333333333,-2.5482332839155516e-10,6.05547788978755,72.65417772235259,21.290344388114665,3.6733982181510685,0.006728308766430611
amorphous,True,4.141666666666667,-2.5482332839155516e-10,6.049873650048482,72.64465027918638,21.30547607101994,3.6703920308061213,0.0067220818333872025
amorphous,True,4.15,-2.5482332839155516e-10,6.044300612167918,72.63510560572045,21.32059378236643,3.667382610392868,0.006715889569075465
amorphous,True,4.158333333333333,-2.5482332839155516e-10,6.038758593115642,72.62554380720938,21.33569759992977,3.664370000568466,0.0067097317701284905
amorphous,True,4.166666666666667,-2.5482332839155516e-10,6.03324741093421,72.61596498829122,21.35078760102937,3.6613542447053735,0.006703608234371344
amorphous,True,4.175,-2.5482332839155516e-10,6.027766884732725,72.60636925299102,21.36586386253106,3.6583353858928565,0.006697518760814139
amorphous,True,4.183333333333334,-2.5482332839155516e-10,6.02231683468064,72.59675670472437,21.380926460849796,3.6553134669384812,0.006691463149645156
amorphous,True,4.191666666666666,-2.5482332839155516e-10,6.016897082001607,72.58712744630095,21.395975471952248,3.652288530369609,0.006685441202224007
amorphous,True,4.2,-2.5482332839155516e-10,6.011507448967346,72.57748157992799,21.411010971359477,3.649260618434881,0.006679452721074829
amorphous,True,4.208333333333333,-2.5482332839155516e-10,6.006147758891568,72.56781920721372,21.42603303414952,3.646229773105704,0.006673497509879519
amorphous,True,4.216666666666667,-2.5482332839155516e-10,6.000817836123914,72.55814042917089,21.441041734959995,3.643196036077725,0.006667575373471016
amorphous,True,4.225,-2.5482332839155516e-10,5.995517506043938,72.54844534622018,21.45603714799068,3.6401594487723092,0.006661686117826597
amorphous,True,4.233333333333333,-2.5482332839155516e-10,5.99024659505512,72.53873405819358,21.471019347006095,3.6371200523380045,0.006655829550061244
amorphous,True,4.241666666666666,-2.5482332839155516e-10,5.98500493057892,72.52900666433786,21.485988405338023,3.634077887652008,0.006650005478421022
amorphous,True,4.25,-2.5482332839155516e-10,5.979792341048851,72.51926326331787,21.500944395888084,3.631032995321623,0.006644213712276501
amorphous,True,4.258333333333333,-2.5482332839155516e-10,5.974608655904603,72.50950395321998,21.515887391130228,3.627985415685716,0.0066384540621162265
amorphous,True,4.266666666666667,-2.5482332839155516e-10,5.9694537055861865,72.49972883155534,21.53081746311327,3.6249351888161616,0.006632726339540207
amorphous,True,4.275,-2.5482332839155516e-10,5.964327321528117,72.48993799526333,21.54573468346335,3.6218823545192924,0.006627030357253464
amorphous,True,4.283333333333333,-2.5482332839155516e-10,5.959229336153628,72.48013154071472,21.56063912338645,3.6188269523373333,0.006621365929059587
amorphous,True,4.291666666666667,-2.5482332839155516e-10,5.954159582868919,72.47030956371506,21.575530853670834,3.6157690215498395,0.006615732869854354
amorphous,True,4.3,-2.5482332839155516e-10,5.949117896057438,72.46047215950787,21.590409944689497,3.6127086011751253,0.006610130995619376
amorphous,True,4.308333333333334,-2.5482332839155516e-10,5.9441041110741875,72.450619422778,21.605276466402618,3.6096457299716866,0.0066045601234157635
amorphous,True,4.316666666666666,-2.5482332839155516e-10,5.939118064240079,72.44075144765476,21.62013048835997,3.606580446439623,0.006599020071377865
amorphous,True,4.325,-2.5482332839155516e-10,5.934159592836299,72.43086832771519,21.634972079703317,3.6035127888220515,0.006593510658706999
amorphous,True,4.333333333333333,-2.5482332839155516e-10,5.929228535098727,72.42097015598725,21.649801309168843,3.600442795106515,0.006588031705665252
amorphous,True,4.341666666666667,-2.5482332839155516e-10,5.924324730212369,72.41105702495295,21.664618245089496,3.597370503026387,0.006582583033569299
amorphous,True,4.35,-2.5482332839155516e-10,5.919448018305833,72.40112902655162,21.679422955397364,3.5942959500622713,0.00657716446478426
amorphous,True,4.358333333333333,-2.5482332839155516e-10,5.914598240445832,72.39118625218295,21.694215507626037,3.591219173443395,0.006571775822717591
amorphous,True,4.366666666666666,-2.5482332839155516e-10,5.909775238631718,72.38122879271016,21.708995968912937,3.588140210148999,0.006566416931813019
amorphous,True,4.375,-2.5482332839155516e-10,5.904978855790043,72.37125673846313,21.723764406001646,3.5850590969097205,0.006561087617544492
amorphous,True,4.383333333333333,-2.5482332839155516e-10,5.900208935769169,72.36127017924144,21.738520885244213,3.5819758702089715,0.006555787706410188
amorphous,True,4.391666666666667,-2.5482332839155516e-10,5.895465323333876,72.35126920431749,21.753265472603456,3.578890566284311,0.006550517025926529
amorphous,True,4.4,-2.5482332839155516e-10,5.890747864160037,72.34125390243955,21.76799823365524,3.5758032211288175,0.006545275404622263
amorphous,True,4.408333333333333,-2.5482332839155516e-10,5.886056404829295,72.33122436183476,21.782719233590765,3.5727138704924464,0.00654006267203255
amorphous,True,4.416666666666667,-2.5482332839155516e-10,5.881390792823788,72.32118067021223,21.7974285372188,3.569622549883391,0.0065348786586930975
amorphous,True,4.425,-2.5482332839155516e-10,5.876750876520891,72.31112291476599,21.812126208967943,3.5665292945694347,0.0065297231961343235
amorphous,True,4.433333333333334,-2.5482332839155516e-10,5.872136505188001,72.30105118217797,21.826812312888855,3.5634341395792957,0.006524596116875557
amorphous,True,4.441666666666666,-2.5482332839155516e-10,5.867547528977341,72.29096555862102,21.84148691265646,3.5603371197039713,0.006519497254419268
amorphous,True,4.45,-2.5482332839155516e-10,5.862983798920799,72.28086612976185,21.856150071572177,3.557238269498074,0.006514426443245332
amorphous,True,4.458333333333333,-2.5482332839155516e-10,5.858445166924794,72.27075298076394,21.87080185256609,3.554137623281162,0.0065093835188053265
amorphous,True,4.466666666666667,-2.5482332839155516e-10,5.853931485765173,72.26062619629052,21.885442318199143,3.5510352151390654,0.006504368317516859
amorphous,True,4.475,-2.5482332839155516e-10,5.849442609082139,72.2504858605074,21.90007153066529,3.5479310789252065,0.006499380676757933
amorphous,True,4.483333333333333,-2.5482332839155516e-10,5.844978391375201,72.24033205708595,21.91468955179368,3.5448252482619163,0.006494420434861334
amorphous,True,4.491666666666666,-2.5482332839155516e-10,5.840538687998159,72.23016486920592,21.929296443050752,3.5417177565417424,0.006489487431109066
amorphous,True,4.5,-2.5482332839155516e-10,5.836123355154118,72.21998437955828,21.943892265542424,3.5386086369287546,0.006484581505726798
amorphous,True,4.508333333333333,-2.5482332839155516e-10,5.831732249890528,72.20979067034816,21.95847708001615,3.5354979223598457,0.006479702499878365
amorphous,True,4.516666666666667,-2.5482332839155516e-10,5.827365230094246,72.1995838232975,21.973050946863076,3.5323856455460207,0.006474850255660273
amorphous,True,4.525,-2.5482332839155516e-10,5.823022154486645,72.18936391964809,21.98761392612009,3.5292718389736915,0.006470024616096272
amorphous,True,4.533333333333333,-2.5482332839155516e-10,5.818702882618728,72.17913104016417,22.002166077471934,3.526156534905955,0.006465225425131921
amorphous,True,4.541666666666667,-2.5482332839155516e-10,5.814407274866287,72.16888526513527,22.016707460253258,3.5230397653838716,0.006460452527629208
amorphous,True,4.55,-2.5482332839155516e-10,5.810135192425083,72.15862667437906,22.031238133450668,3.519921562227741,0.006455705769361203
amorphous,True,4.558333333333334,-2.5482332839155516e-10,5.80588649730605,72.14835534724398,22.045758155704796,3.5168019570383633,0.006450984997006722
amorphous,True,4.566666666666666,-2.5482332839155516e-10,5.801661052330537,72.138071362612,22.060267585312296,3.513680981198307,0.006446290058145041
amorphous,True,4.575,-2.5482332839155516e-10,5.797458721125566,72.12777479890136,22.0747664802279,3.5105586658731593,0.006441620801250629
amorphous,True,4.583333333333333,-2.5482332839155516e-10,5.793279368119126,72.1174657340693,22.0892548980664,3.507435042012781,0.006436977075687919
amorphous,True,4.591666666666667,-2.5482332839155516e-10,5.789122858535484,72.10714424561468,22.103732896104656,3.504310140352549,0.006432358731706094
amorphous,True,4.6,-2.5482332839155516e-10,5.784989058390536,72.0968104105807,22.118200531283584,3.5011839914145977,0.006427765620433929
amorphous,True,4.608333333333333,-2.5482332839155516e-10,5.780877834487173,72.08646430555753,22.132657860210124,3.498056625509054,0.006423197593874636
amorphous,True,4.616666666666666,-2.5482332839155516e-10,5.7767890544106795,72.07610600668495,22.14710493915919,3.4949280727352643,0.006418654504900755
amorphous,True,4.625,-2.5482332839155516e-10,5.772722586524158,72.06573558965502,22.161541824075645,3.4917983629830207,0.006414136207249064
amorphous,True,4.633333333333333,-2.5482332839155516e-10,5.768678299963977,72.05535312971462,22.175968570576227,3.4886675259337774,0.0064096425555155295
amorphous,True,4.641666666666667,-2.5482332839155516e-10,5.764656064635248,72.0449587016681,22.19038523395147,3.485535591061864,0.006405173405150275
amorphous,True,4.65,-2.5482332839155516e-10,5.760655751207327,72.03455237987986,22.204791869167632,3.4824025876356934,0.006400728612452586
amorphous,True,4.658333333333333,-2.5482332839155516e-10,5.756677231109345,72.02413423827689,22.219188530868593,3.479268544718965,0.0063963080345659385
amorphous,True,4.666666666666667,-2.5482332839155516e-10,5.7527203765257555,72.0137043503513,22.233575273377753,3.4761334911718578,0.006391911529473062
amorphous,True,4.675,-2.5482332839155516e-10,5.748785060391921,72.00326278916299,22.24795215069991,3.4729974556522256,0.006387538955991023
amorphous,True,4.683333333333334,-2.5482332839155516e-10,5.744871156389708,71.99280962734198,22.262319216523135,3.46986046661678,0.006383190173766342
amorphous,True,4.691666666666666,-2.5482332839155516e-10,5.74097853894313,71.98234493709106,22.276676524220633,3.466722552322274,0.0063788650432701445
amorphous,True,4.7,-2.5482332839155516e-10,5.737107083213988,71.97186879018824,22.291024126852598,3.463583740826673,0.00637456342579332
amorphous,True,4.708333333333333,-2.5482332839155516e-10,5.73325666509756,71.96138125798923,22.305362077168027,3.460444059990328,0.006370285183441733
amorphous,True,4.716666666666667,-2.5482332839155516e-10,5.729427161218303,71.95088241142992,22.319690427606595,3.457303537477138,0.0063660301791314475
amorphous,True,4.725,-2.5482332839155516e-10,5.725618448925583,71.9403723210288,22.33400923030042,3.45416220075571,0.006361798276583981
amorphous,True,4.733333333333333,-2.5482332839155516e-10,5.721830406289425,71.92985105688948,22.348318537075915,3.451020077100512,0.006357589340321584
amorphous,True,4.741666666666666,-2.5482332839155516e-10,5.718062912096299,71.91931868870297,22.362618399455553,3.447877193593021,0.006353403235662554
amorphous,True,4.75,-2.5482332839155516e-10,5.714315845844916,71.90877528575024,22.376908868659662,3.4447335771228667,0.006349239828716573
amorphous,True,4.758333333333333,-2.5482332839155516e-10,5.710589087742059,71.89822091690455,22.39118999560821,3.4415892543889677,0.006345098986380065
amorphous,True,4.766666666666667,-2.5482332839155516e-10,5.706882518698432,71.88765565063382,22.40546183092257,3.4384442519006653,0.006340980576331591
amorphous,True,4.775,-2.5482332839155516e-10,5.703196020324538,71.87707955500304,22.419724424927246,3.4352985959788485,0.006336884467027264
amorphous,True,4.783333333333333,-2.5482332839155516e-10,5.699529474926574,71.86649269767659,22.433977827651653,3.432152312757077,0.006332810527696193
amorphous,True,4.791666666666667,-2.5482332839155516e-10,5.695882765502353,71.85589514592063,22.448222088831837,3.429005428182696,0.006328758628335948
amorphous,True,4.8,-2.5482332839155516e-10,5.692255775737258,71.84528696660537,22.462457257912195,3.425857968017949,0.006324728639708064
amorphous,True,4.808333333333334,-2.5482332839155516e-10,5.6886483900002,71.83466822620743,22.476683384047195,3.4227099578410796,0.006320720433333555
amorphous,True,4.816666666666666,-2.5482332839155516e-10,5.68506049333962,71.82403899081213,22.490900516103075,3.4195614230474365,0.006316733881488466
amorphous,True,4.825,-2.5482332839155516e-10,5.681491971479497,71.81339932611579,22.50510870265954,3.4164123888505635,0.0063127688571994415
amorphous,True,4.833333333333333,-2.5482332839155516e-10,5.677942710815397,71.80274929742798,22.519307992011452,3.413262880283294,0.00630882523423933
amorphous,True,4.841666666666667,-2.5482332839155516e-10,5.674412598410522,71.79208896967381,22.533498432170482,3.41011292219883,0.0063049028871228026
amorphous,True,4.85,-2.5482332839155516e-10,5.670901521991806,71.7814184073962,22.547680070866807,3.4069625392718264,0.006301001691102007
amorphous,True,4.858333333333333,-2.5482332839155516e-10,5.667409369946014,71.77073767475807,22.561852955550734,3.403811755999461,0.006297121522162238
amorphous,True,4.866666666666666,-2.5482332839155516e-10,5.6639360313158775,71.76004683554457,22.576017133394366,3.4006605967025045,0.0062932622570176415
amorphous,True,4.875,-2.5482332839155516e-10,5.660481395796241,71.74934595316536,22.59017265129322,3.3975090855263836,0.006289423773106934
amorphous,True,4.883333333333333,-2.5482332839155516e-10,5.657045353730242,71.7386350906567,22.60431955586787,3.394357246442239,0.006285605948589157
amorphous,True,4.891666666666667,-2.5482332839155516e-10,5.653627796105502,71.72791431068376,22.618457893465557,3.3912051032479775,0.006281808662339446
amorphous,True,4.9,-2.5482332839155516e-10,5.650228614550347,71.71718367554269,22.632587710161776,3.388052679569322,0.00627803179394483
amorphous,True,4.908333333333333,-2.5482332839155516e-10,5.646847701330052,71.70644324716285,22.646709051761903,3.384899998860852,0.006274275223700058
amorphous,True,4.916666666666667,-2.5482332839155516e-10,5.643484949343096,71.69569308710895,22.66082196380277,3.381747084407039,0.006270538832603439
amorphous,True,4.925,-2.5482332839155516e-10,5.6401402521174475,71.68493325658314,22.674926491554235,3.3785939593232825,0.006266822502352719
amorphous,True,4.933333333333334,-2.5482332839155516e-10,5.6368135038068745,71.67416381642717,22.689022680020766,3.3754406465569344,0.006263126115340972
amorphous,True,4.941666666666666,-2.5482332839155516e-10,5.633504599187268,71.66338482712455,22.703110573942993,3.3722871688883216,0.00625944955465252
amorphous,True,4.95,-2.5482332839155516e-10,5.630213433652985,71.65259634880256,22.717190217799256,3.369133548931761,0.0062557927040588724
amorphous,True,4.958333333333333,-2.5482332839155516e-10,5.626939903213228,71.64179844123443,22.731261655807153,3.3659798091365745,0.006252155448014698
amorphous,True,4.966666666666667,-2.5482332839155516e-10,5.623683904488425,71.6309911638413,22.74532493192507,3.3628259717880904,0.006248537671653806
amorphous,True,4.975,-2.5482332839155516e-10,5.620445334706649,71.62017457569445,22.7593800898537,3.359672059008649,0.006244939260785166
amorphous,True,4.983333333333333,-2.5482332839155516e-10,5.6172240917000416,71.60934873551719,22.773427173037565,3.356518092758596,0.006241360101888935
amorphous,True,4.991666666666666,-2.5482332839155516e-10,5.6140200739012736,71.598513701687,22.78746622466652,3.3533640948372745,0.006237800082112526
amorphous,True,5.0,-2.5482332839155516e-10,5.610833180340012,71.58766953223753,22.801497287677254,3.3502100868840117,0.00623425908926668
amorphous,True,5.008333333333333,-2.5482332839155516e-10,5.607663310639416,71.57681628486063,22.815520404754754,3.3470560903790982,0.006230737011821573
amorphous,True,5.016666666666667,-2.5482332839155516e-10,5.604510365012654,71.56595401690831,22.82953561833383,3.3439021266447644,0.006227233738902949
amorphous,True,5.025,-2.5482332839155516e-10,5.601374244259432,71.55508278539483,22.84354297060053,3.340748216846152,0.006223749160288258
amorphous,True,5.033333333333333,-2.5482332839155516e-10,5.598254849762552,71.54420264699858,22.857542503493654,3.3375943819922806,0.006220283166402835
amorphous,True,5.041666666666667,-2.5482332839155516e-10,5.595152083484483,71.53331365806413,22.871534258706177,3.334440642937005,0.006216835648316092
amorphous,True,5.05,-2.5482332839155516e-10,5.592065847963963,71.52241587460414,22.885518277686693,3.331287020379975,0.006213406497737737
amorphous,True,5.058333333333334,-2.5482332839155516e-10,5.588996046312601,71.51150935230132,22.89949460164087,3.3281335348675842,0.006209995607014001
amorphous,True,5.066666666666666,-2.5482332839155516e-10,5.58594258221152,71.5005941465104,22.913463271532866,3.3249802067939163,0.006206602869123911
amorphous,True,5.075,-2.5482332839155516e-10,5.582905359908009,71.48967031226003,22.927424328086744,3.3218270564016854,0.006203228177675566
amorphous,True,5.083333333333333,-2.5482332839155516e-10,5.579884284212194,71.4787379042547,22.941377811787895,3.318674103783174,0.006199871426902438
amorphous,True,5.091666666666667,-2.5482332839155516e-10,5.576879260493728,71.46779697687661,22.955323762884436,3.315521368881162,0.0061965325116596975
amorphous,True,5.1,-2.5482332839155516e-10,5.573890194678506,71.45684758418767,22.9692622213886,3.312368871489854,0.006193211327420562
amorphous,True,5.108333333333333,-2.5482332839155516e-10,5.570916993245394,71.44588977993125,22.983193227078132,3.3092166312557985,0.00618990777027266
amorphous,True,5.116666666666666,-2.5482332839155516e-10,5.5679595632229795,71.43492361753415,22.997116819497656,3.30606466767881,0.006186621736914422
amorphous,True,5.125,-2.5482332839155516e-10,5.565017812186339,71.42394915010838,23.011033037960054,3.302913000112873,0.006183353124651488
amorphous,True,5.133333333333333,-2.5482332839155516e-10,5.5620916482538245,71.41296643045314,23.024941921547825,3.299761647767055,0.006180101831393139
amorphous,True,5.141666666666667,-2.5482332839155516e-10,5.5591809800838705,71.40197551105648,23.038843509114443,3.296610629706404,0.006176867755648745
amorphous,True,5.15,-2.5482332839155516e-10,5.556285716871818,71.39097644409728,23.052737839285694,3.2934599648528495,0.006173650796524242
amorphous,True,5.158333333333333,-2.5482332839155516e-10,5.553405768346759,71.379969281447,23.066624950461026,3.2903096719860914,0.006170450853718621
amorphous,True,5.166666666666667,-2.5482332839155516e-10,5.550541044768394,71.36895407467152,23.080504880814868,3.28715976974449,0.006167267827520438
amorphous,True,5.175,-2.5482332839155516e-10,5.547691456923918,71.3579308750329,23.094377668297962,3.284010276625947,0.006164101618804353
amorphous,True,5.183333333333334,-2.5482332839155516e-10,5.54485691612491,71.3468997334912,23.108243350638677,3.2808612109887854,0.006160952129027678
amorphous,True,5.191666666666666,-2.5482332839155516e-10,5.542037334204259,71.33586070070622,23.122101965344307,3.277712591052621,0.006157819260226954
amorphous,True,5.2,-2.5482332839155516e-10,5.539232623513086,71.32481382703932,23.13595354970238,3.2745644348992315,0.00615470291501454
amorphous,True,5.208333333333333,-2.5482332839155516e-10,5.5364426969177085,71.31375916255514,23.149798140781936,3.271416760473422,0.006151602996575232
amorphous,True,5.216666666666667,-2.5482332839155516e-10,5.533667467796599,71.30269675702334,23.163635775434845,3.268269585583881,0.006148519408662888
amorphous,True,5.225,-2.5482332839155516e-10,5.530906850037381,71.29162665992037,23.17746649029704,3.2651229279040397,0.0061454520555970895
amorphous,True,5.233333333333333,-2.5482332839155516e-10,5.528160758033826,71.28054892043114,23.191290321789815,3.261976804972916,0.006142400842259806
amorphous,True,5.241666666666666,-2.5482332839155516e-10,5.525429106682881,71.26946358745083,23.205107306121075,3.2588312341959655,0.00613936567409209
amorphous,True,5.25,-2.5482332839155516e-10,5.522711811381708,71.25837070958649,23.218917479286592,3.255686232845917,0.006136346457090786
amorphous,True,5.258333333333333,-2.5482332839155516e-10,5.520008788024737,71.24727033515879,23.232720877071255,3.2525418180636136,0.006133343097805263
amorphous,True,5.266666666666667,-2.5482332839155516e-10,5.5173199530007455,71.23616251220372,23.246517535050312,3.2493980068588395,0.006130355503334161
amorphous,True,5.275,-2.5482332839155516e-10,5.514645223189944,71.22504728847424,23.26030748859059,3.24625481611115,0.00612738358132216
amorphous,True,5.283333333333333,-2.5482332839155516e-10,5.511984515961089,71.21392471144196,23.274090772851732,3.243112262570694,0.006124427239956765
amorphous,True,5.291666666666667,-2.5482332839155516e-10,5.509337749168605,71.20279482829876,23.287867422787414,3.239970362859029,0.006121486387965116
amorphous,True,5.3,-2.5482332839155516e-10,5.506704841149727,71.1916576859585,23.301637473146542,3.2368291334699375,0.0061185609346108075
amorphous,True,5.308333333333334,-2.5482332839155516e-10,5.504085710721659,71.18051333105865,23.315400958474473,3.233688590770233,0.006115650789690732
amorphous,True,5.316666666666666,-2.5482332839155516e-10,5.501480277178752,71.16936180996181,23.32915791311421,3.2305487510005686,0.006112755863531947
amorphous,True,5.325,-2.5482332839155516e-10,5.498888460289688,71.15820316875752,23.342908371207567,3.2274096302762314,0.0061098760669885425
amorphous,True,5.333333333333333,-2.5482332839155516e-10,5.4963101802946985,71.14703745326369,23.356652366696387,3.2242712445879422,0.006107011311438554
amorphous,True,5.341666666666667,-2.5482332839155516e-10,5.493745357902778,71.1358647090283,23.370389933323697,3.2211336098026444,0.006104161508780865
amorphous,True,5.35,-2.5482332839155516e-10,5.491193914288935,71.12468498133097,23.384121104634872,3.2179967416642925,0.0061013265714321505
amorphous,True,5.358333333333333,-2.5482332839155516e-10,5.488655771091439,71.11349831518453,23.39784591397881,3.2148606557946304,0.006098506412323821
amorphous,True,5.366666666666666,-2.5482332839155516e-10,5.486130850409101,71.10230475533659,23.411564394509078,3.2117253676939757,0.006095700944899001
amorphous,True,5.375,-2.5482332839155516e-10,5.483619074798555,71.09110434627115,23.42527657918507,3.2085908927419853,0.006092910083109505
amorphous,True,5.383333333333333,-2.5482332839155516e-10,5.481120367271571,71.07989713221008,23.43898250077313,3.205457246198432,0.006090133741412857
amorphous,True,5.391666666666667,-2.5482332839155516e-10,5.478634651292368,71.0686831571147,23.452682191847707,3.2023244432039633,0.006087371834769298
amorphous,True,5.4,-2.5482332839155516e-10,5.476161850774952,71.05746246468735,23.466375684792464,3.199192498780866,0.006084624278638835
amorphous,True,5.408333333333333,-2.5482332839155516e-10,5.473701890080472,71.04623509837288,23.48006301180142,3.1960614278338206,0.0060818909889783015
amorphous,True,5.416666666666667,-2.5482332839155516e-10,5.471254694014577,71.03500110136015,23.49374420488005,3.1929312451506533,0.006079171882238419
amorphous,True,5.425,-2.5482332839155516e-10,5.468820187824813,71.02376051658358,23.50741929584638,3.1898019654030842,0.006076466875360903
amorphous,True,5.433333333333334,-2.5482332839155516e-10,5.466398297198003,71.01251338672463,23.521088316332126,3.1866736031474705,0.006073775885775559
amorphous,True,5.441666666666666,-2.5482332839155516e-10,5.463988948257676,71.00125975421334,23.53475129778376,3.183546172825545,0.0060710988313974175
amorphous,True,5.45,-2.5482332839155516e-10,5.461592067561487,70.98999966122967,23.548408271463607,3.180419688765153,0.006068435630623874
amorphous,True,5.458333333333333,-2.5482332839155516e-10,5.45920758209866,70.97873314970519,23.56205926845092,3.1772941651809816,0.006065786202331845
amorphous,True,5.466666666666667,-2.5482332839155516e-10,5.456835419287452,70.96746026132436,23.575704319642963,3.174169616175286,0.006063150465874946
amorphous,True,5.475,-2.5482332839155516e-10,5.454475506972617,70.95618103752606,23.58934345575609,3.171046055738614,0.006060528341080686
amorphous,True,5.483333333333333,-2.5482332839155516e-10,5.452127773422903,70.9448955195051,23.602976707326786,3.167923497750523,0.00605791974824767
amorphous,True,5.491666666666666,-2.5482332839155516e-10,5.449792147328547,70.93360374821349,23.61660410471274,3.1648019559802942,0.00605532460814283
amorphous,True,5.5,-2.5482332839155516e-10,5.447468557798799,70.9223057643621,23.63022567809389,3.161681444087643,0.006052742841998665
amorphous,True,5.508333333333333,-2.5482332839155516e-10,5.445156934359448,70.91100160842186,23.643841457473464,3.1585619756234258,0.006050174371510498
amorphous,True,5.516666666666667,-2.5482332839155516e-10,5.442857206950373,70.89969132062537,23.657451472679035,3.155443564030341,0.006047619118833748
amorphous,True,5.525,-2.5482332839155516e-10,5.440569305923098,70.88837494096815,23.671055753363525,3.152326222643629,0.00604507700658122
amorphous,True,5.533333333333333,-2.5482332839155516e-10,5.438293162038373,70.87705250921015,23.684654329006257,3.1492099646917624,0.006042547957820414
amorphous,True,5.541666666666667,-2.5482332839155516e-10,5.436028706463759,70.86572406487706,23.698247228913964,3.14609480329714,0.006040031896070843
amorphous,True,5.55,-2.5482332839155516e-10,5.433775870771233,70.85438964726174,23.7118344822218,3.1429807514767716,0.00603752874530137
amorphous,True,5.558333333333334,-2.5482332839155516e-10,5.431534586934803,70.84304929542562,23.725416117894355,3.1398678221429583,0.006035038429927559
amorphous,True,5.566666666666666,-2.5482332839155516e-10,5.429304787328145,70.83170304819997,23.738992164726653,3.1367560281039735,0.00603256087480905
amorphous,True,5.575,-2.5482332839155516e-10,5.427086404722242,70.82035094418738,23.75256265134515,3.133645382064733,0.006030096005246935
amorphous,True,5.583333333333333,-2.5482332839155516e-10,5.424879372283042,70.808993021763,23.766127606208727,3.130535896627471,0.006027643746981158
amorphous,True,5.591666666666667,-2.5482332839155516e-10,5.4226836235691405,70.79762931907597,23.77968705760966,3.1274275842924006,0.006025204026187934
amorphous,True,5.6,-2.5482332839155516e-10,5.4204990925294565,70.78625987405069,23.793241033674622,3.12432045745838,0.0060227767694771735
amorphous,True,5.608333333333333,-2.5482332839155516e-10,5.418325713500936,70.77488472438819,23.80678956236564,3.1212145284235695,0.006020361903889929
amorphous,True,5.616666666666666,-2.5482332839155516e-10,5.416163421206267,70.76350390756744,23.82033267148106,3.1181098093860875,0.006017959356895852
amorphous,True,5.625,-2.5482332839155516e-10,5.414012150751605,70.75211746084663,23.83387038865653,3.115006312444659,0.006015569056390672
amorphous,True,5.633333333333333,-2.5482332839155516e-10,5.411871837624313,70.74072542126453,23.847402741365915,3.1119040495992665,0.006013190930693681
amorphous,True,5.641666666666667,-2.5482332839155516e-10,5.409742417690714,70.72932782564175,23.860929756922303,3.1088030327517897,0.006010824908545237
amorphous,True,5.65,-2.5482332839155516e-10,5.407623827193862,70.71792471058201,23.87445146247889,3.1057032737066463,0.006008470919104291
amorphous,True,5.658333333333333,-2.5482332839155516e-10,5.405516002751317,70.70651611247348,23.887967885029973,3.102604784171429,0.006006128891945908
amorphous,True,5.666666666666667,-2.5482332839155516e-10,5.403418881352938,70.69510206748998,23.90147905141184,3.0995075757575368,0.00600379875705882
amorphous,True,5.675,-2.5482332839155516e-10,5.401332400358693,70.68368261159235,23.91498498830373,3.0964116599808014,0.006001480444842992
amorphous,True,5.683333333333334,-2.5482332839155516e-10,5.399256497496473,70.67225778052955,23.928485722228736,3.0933170482621146,0.005999173886107192
amorphous,True,5.691666666666666,-2.5482332839155516e-10,5.397191110859926,70.66082760984011,23.941981279554724,3.0902237519280487,0.005996879012066585
amorphous,True,5.7,-2.5482332839155516e-10,5.395136178906301,70.6493921348532,23.95547168649526,3.087131782211472,0.005994595754340335
amorphous,True,5.708333333333333,-2.5482332839155516e-10,5.393091640454305,70.63795139068995,23.968956969110497,3.0840411502521645,0.005992324044949228
amorphous,True,5.716666666666667,-2.5482332839155516e-10,5.39105743468197,70.62650541226469,23.98243715330809,3.0809518670974265,0.0059900638163133
amorphous,True,5.725,-2.5482332839155516e-10,5.389033501124539,70.61505423428613,23.995912264844076,3.0778639437026865,0.005987815001249487
amorphous,True,5.733333333333333,-2.5482332839155516e-10,5.3870197796723565,70.60359789125862,24.009382329323792,3.0747773909321015,0.005985577532969285
amorphous,True,5.741666666666666,-2.5482332839155516e-10,5.3850162105687795,70.59213641748326,24.022847372202722,3.0716922195591585,0.005983351345076422
amorphous,True,5.75,-2.5482332839155516e-10,5.383022734408091,70.58066984705927,24.036307418787413,3.0686084402672695,0.005981136371564545
amorphous,True,5.758333333333333,-2.5482332839155516e-10,5.381039292133439,70.569198213885,24.049762494236326,3.065526063650363,0.005978932546814932
amorphous,True,5.766666666666667,-2.5482332839155516e-10,5.379065825034771,70.55772155165928,24.063212623560716,3.062445100213473,0.00597673980559419
amorphous,True,5.775,-2.5482332839155516e-10,5.377102274746798,70.54623989388247,24.076657831625496,3.059365560373323,0.005974558083051997
amorphous,True,5.783333333333333,-2.5482332839155516e-10,5.375148583246955,70.5347532738577,24.090098143150097,3.056287454458911,0.005972387314718839
amorphous,True,5.791666666666667,-2.5482332839155516e-10,5.373204692853387,70.52326172469206,24.10353358270931,3.0532107927120826,0.0059702274365037635
amorphous,True,5.8,-2.5482332839155516e-10,5.371270546222937,70.51176527929768,24.116964174734157,3.0501355852881087,0.005968078384692152
amorphous,True,5.808333333333334,-2.5482332839155516e-10,5.369346086349147,70.50026397039291,24.130389943512714,3.0470618422562565,0.0059659400959434965
amorphous,True,5.816666666666666,-2.5482332839155516e-10,5.367431256560276,70.48875783050353,24.14381091319096,3.0439895736003564,0.005963812507289196
amorphous,True,5.825,-2.5482332839155516e-10,5.365526000517329,70.47724689196382,24.157227107773625,3.040918789219366,0.005961695556130366
amorphous,True,5.833333333333333,-2.5482332839155516e-10,5.363630262212092,70.46573118691768,24.170638551124988,3.0378494989279337,0.0059595891802356575
amorphous,True,5.841666666666667,-2.5482332839155516e-10,5.3617439859651785,70.45421074731985,24.184045266969726,3.034781712456952,0.005957493317739087
amorphous,True,5.85,-2.5482332839155516e-10,5.3598671164241,70.44268560493694,24.197447278893723,3.031715439454115,0.005955407907137889
amorphous,True,5.858333333333333,-2.5482332839155516e-10,5.35799959856133,70.43115579134853,24.2108446103449,3.028650689484468,0.005953332887290367
amorphous,True,5.866666666666666,-2.5482332839155516e-10,5.356141377672393,70.41962133794837,24.224237284634,3.0255874720309563,0.00595126819741377
amorphous,True,5.875,-2.5482332839155516e-10,5.354292399373957,70.40808227594539,24.23762532493541,3.0225257964949663,0.005949213777082175
amorphous,True,5.883333333333333,-2.5482332839155516e-10,5.352452609601942,70.39653863636485,24.251008754287966,3.0194656721968705,0.005947169566224379
amorphous,True,5.891666666666667,-2.5482332839155516e-10,5.350621954609637,70.3849904500494,24.264387595595732,3.016407108376561,0.005945135505121819
amorphous,True,5.9,-2.5482332839155516e-10,5.34880038096583,70.37343774766013,24.277761871628798,3.013350114193989,0.005943111534406478
amorphous,True,5.908333333333333,-2.5482332839155516e-10,5.3469878355529445,70.36188055967774,24.291131605024077,3.01029469872969,0.005941097595058827
amorphous,True,5.916666666666667,-2.5482332839155516e-10,5.3451842655651935,70.3503189164035,24.304496818286076,3.0072408709853167,0.0059390936284057705
amorphous,True,5.925,-2.5482332839155516e-10,5.34338961850674,70.33875284796035,24.31785753378767,3.0041886398841613,0.0059370995761186
amorphous,True,5.933333333333334,-2.5482332839155516e-10,5.341603842189868,70.327182384294,24.331213773770887,3.0011380142716777,0.005935115380210965
amorphous,True,5.941666666666666,-2.5482332839155516e-10,5.33982688473317,70.31560755517393,24.34456556034766,2.9980890029159992,0.005933140983036855
amorphous,True,5.95,-2.5482332839155516e-10,5.3380586945597335,70.30402839019442,24.357912915500613,2.9950416145084544,0.005931176327288593
amorphous,True,5.958333333333333,-2.5482332839155516e-10,5.336299220395354,70.29244491877562,24.371255861083792,2.9919958576640795,0.005929221355994838
amorphous,True,5.966666666666667,-2.5482332839155516e-10,5.334548411266744,70.28085717016458,24.384594418823443,2.9889517409221265,0.005927276012518605
amorphous,True,5.975,-2.5482332839155516e-10,5.332806216499764,70.26926517343625,24.39792861031875,2.9859092727465693,0.005925340240555293
amorphous,True,5.983333333333333,-2.5482332839155516e-10,5.331072585717649,70.25766895749453,24.41125845704259,2.9828684615266066,0.005923413984130721
amorphous,True,5.991666666666666,-2.5482332839155516e-10,5.329347468839268,70.24606855107324,24.424583980342252,2.9798293155771622,0.005921497187599187
amorphous,True,6.0,-2.5482332839155516e-10,5.327630816077372,70.23446398273718,24.43790520144021,2.97679184313938,0.005919589795641524
ASD,False,0.0,100.0,0.0,0.0,0.0,0.0,0.0
ASD,False,0.008333333333333333,98.88360566756572,1.1163943324342682,0.0,0.0,0.0,0.0012404381471491869
ASD,False,0.016666666666666666,97.79903980757872,2.2009601924212774,0.0,0.0,0.0,0.0024455113249125305
ASD,False,0.025,96.74509140624843,3.254908593751563,0.0,0.0,0.0,0.0036165651041684035
ASD,False,0.03333333333333333,95.7206080368842,4.279391963115793,0.0,0.0,0.0,0.004754879959017548
ASD,False,0.041666666666666664,94.72449242799026,5.275507572009742,0.0,0.0,0.0,0.005861675080010825
ASD,False,0.05,93.755699266503,6.244300733496991,0.0,0.0,0.0,0.006938111926107768
ASD,False,0.058333333333333334,92.81323221776728,7.186767782232719,0.0,0.0,0.0,0.007985297535814133
ASD,False,0.06666666666666667,91.89614114547967,8.103858854520317,0.0,0.0,0.0,0.009004287616133685
ASD,False,0.075,91.003519516266,8.996480483733995,0.0,0.0,0.0,0.009996089426371106
ASD,False,0.08333333333333333,90.13450197489223,9.865498025107755,0.0,0.0,0.0,0.01096166447234195
ASD,False,0.09166666666666666,89.28826207729267,10.711737922707325,-1.4904513033489617e-93,0.0,-1.9552567347778849e-115,0.01190193102523036
ASD,False,0.1,88.46401016967921,11.535989830320778,3.5187366169798043e-93,0.0,1.3270044607156056e-115,0.012817766478134198
ASD,False,0.10833333333333334,87.66099140298034,12.339008597019646,-2.4216365648437612e-24,0.0,-8.930437107830568e-54,0.013710009552244051
ASD,False,0.11666666666666667,86.87848387273812,13.121516127261868,-1.9372273355089052e-24,0.0,-9.685697801400914e-53,0.014579462363624299
ASD,False,0.125,86.11579687540909,13.884203124590899,6.530129923620558e-22,0.0,-8.459111273817322e-35,0.015426892360656554
ASD,False,0.13333333333333333,85.37226927274051,14.627730727259479,3.4479252984971836e-20,0.0,-1.807569244944655e-33,0.01625303414139942
ASD,False,0.14166666666666666,84.64726795656682,15.352732043433168,2.07577080833511e-19,0.0,6.871042069521711e-34,0.017058591159370185
ASD,False,0.15,83.94018640697963,16.059813593020348,7.220342514716492e-19,0.0,-5.792429702032185e-26,0.017844237325578164
ASD,False,0.15833333333333333,83.25044333737678,16.749556662623213,1.8722211540039305e-18,0.0,7.171409671828469e-26,0.018610618514025793
ASD,False,0.16666666666666666,82.57748142040815,17.422518579591834,4.0862415266986426e-18,0.0,-1.8535306943615796e-22,0.01935835397732426
ASD,False,0.175,81.92076608929345,18.079233910706535,7.940916565615511e-18,0.0,4.333199502739759e-21,0.020088037678562817
ASD,False,0.18333333333333332,81.27978440941465,18.720215590585344,1.4187738099808155e-17,0.0,4.324632520259514e-19,0.020800239545094825
ASD,False,0.19166666666666665,80.65404401547127,19.345955984528704,2.3843329133687142e-17,0.0,1.3122526607988783e-17,0.02149550664947634
ASD,False,0.2,80.04307210984152,19.95692789015846,3.9293836882892885e-17,0.0,2.3667524588962674e-16,0.02217436432239829
ASD,False,0.20833333333333334,79.4464145181187,20.553585481881274,7.893559157369333e-17,0.0,2.748468161897726e-15,0.022837317202090306
ASD,False,0.21666666666666667,78.86363479808885,21.136365201911122,2.938723018262073e-16,0.0,2.2706896962917405e-14,0.023484850224345693
ASD,False,0.225,78.29431339869144,21.705686601308532,1.6510628135651408e-15,0.0,1.4259885612182526e-13,0.02411742955700948
ASD,False,0.23333333333333334,77.73804686575468,22.261953134245278,9.012199934118407e-15,0.0,7.15420086233037e-13,0.024735503482494755
ASD,False,0.24166666666666667,77.19444709152945,22.805552908470485,4.24376874228745e-14,0.0,2.9807925692235596e-12,0.02533950323163387
ASD,False,0.25,76.66314060525862,23.336859394741186,1.721527220995252e-13,0.0,1.0631696323667046e-11,0.025929843771934653
ASD,False,0.2583333333333333,76.14376790221357,23.856232097785796,6.112813915446743e-13,0.0,3.325528065600523e-11,0.026506924553095328
ASD,False,0.26666666666666666,75.6359828088119,24.36401719118614,1.933080735227902e-12,0.0,9.30130577481167e-11,0.027071130212429045
ASD,False,0.275,75.13945188159494,24.86054811839951,5.527093132133588e-12,0.0,2.3632781959934246e-10,0.027622831242666124
ASD,False,0.2833333333333333,74.65385383799875,25.34614616198675,1.4473143400398418e-11,0.0,5.525975096080366e-10,0.028162384624429722
ASD,False,0.2916666666666667,74.17887901699356,25.82112098297134,3.508831827261106e-11,0.0,1.2019744849199262e-09,0.028690134425523713
ASD,False,0.3,73.71422886779712,26.28577113212338,7.948448888527208e-11,0.0,2.4539948928564108e-09,0.029206412369025977
ASD,False,0.30833333333333335,73.25961546499003,26.7403845348404,1.6955417802747268e-10,0.0,4.738336540829326e-09,0.029711538372044887
ASD,False,0.31666666666666665,72.81476104847118,27.185238951185937,3.4287082460120085e-10,0.0,8.708287064644107e-09,0.030205821056873264
ASD,False,0.325,72.37939758679713,27.62060241254182,6.61038958151535e-10,0.0,1.5316709055166472e-08,0.03068955823615758
ASD,False,0.3333333333333333,71.95326636254408,28.04673363623485,1.221053809365496e-09,0.0,2.5903489690615645e-08,0.031163037373594278
ASD,False,0.3416666666666667,71.53611757842046,28.46388241940931,2.1702257749508077e-09,0.0,4.229274212420056e-08,0.0316265360215659
ASD,False,0.35,71.12770998294117,28.872290013333636,3.725192132346963e-09,0.0,6.689744751684618e-08,0.03208032223703737
ASD,False,0.35833333333333334,70.72781051455046,29.272189479254067,6.195479784112788e-09,0.0,1.0282882353765703e-07,0.032524654976948966
ASD,False,0.36666666666666664,70.33619396315233,29.663806026835676,1.001200000424203e-08,0.0,1.5400749029443817e-07,0.032959784474261865
ASD,False,0.375,69.95264264807282,30.04735733616642,1.5760758602277804e-08,0.0,2.2527346814860805e-07,0.03338595259574047
ASD,False,0.3833333333333333,69.57694611154045,30.423053864237584,2.4221953553796006e-08,0.0,3.2249216151743144e-07,0.03380339318248621
ASD,False,0.39166666666666666,69.2089008268281,30.791099136757374,3.6414517119502486e-08,0.0,4.5265372728248235e-07,0.03421233237417486
ASD,False,0.4,68.84830992025262,31.151690026101342,5.3646043622315874e-08,0.0,6.239635625479417e-07,0.03461298891789038
ASD,False,0.4083333333333333,68.49498290627851,31.505017016153555,7.756793255820357e-08,0.0,8.459220397723418e-07,0.03500557446239284
ASD,False,0.4166666666666667,68.14873543501761,31.85126445474691,1.1023547465128848e-07,0.0,1.1293920391443644e-06,0.03539029383860768
ASD,False,0.425,67.80938905146004,32.190610794367444,1.5417251651383812e-07,0.0,1.4866532521519994e-06,0.035767345327074936
ASD,False,0.43333333333333335,67.47677096581171,32.52322882174803,2.1244026192461747e-07,0.0,1.931442637133051e-06,0.036136920913053365
ASD,False,0.44166666666666665,67.1507138343512,32.849285876939106,2.8870970374109875e-07,0.0,2.4789807831365516e-06,0.03649920652993234
ASD,False,0.45,66.83105555025357,33.1689440624093,3.8733713149279233e-07,0.0,3.145984271843108e-06,0.036854382291565894
ASD,False,0.4583333333333333,66.51763904386165,33.48236044269622,5.134421249904627e-07,0.0,3.950664414480222e-06,0.03720262271410691
ASD,False,0.4666666666666667,66.21031209191537,33.789687235097205,6.729874236658719e-07,0.0,4.912712978349079e-06,0.03754409692788578
ASD,False,0.475,65.90892713527859,34.09107199186136,8.728600527914797e-07,0.0,6.053275706991917e-06,0.03787896887984596
ASD,False,0.48333333333333334,65.61334110472956,34.38665777431735,1.1209530913366072e-06,0.0,7.39491458152029e-06,0.03820739752701928
ASD,False,0.49166666666666664,65.32341525440582,34.676583319346705,1.4262474790866984e-06,0.0,8.961559871665968e-06,0.038529537021496335
ASD,False,0.5,65.03901500251786,34.960983198588856,1.798893282342127e-06,0.0,1.0778453088727887e-05,0.03884553688732095
ASD,False,0.5083333333333333,64.76000977896791,35.23998797074221,2.2502898663840457e-06,0.0,1.2872081983312803e-05,0.03915554218971357
ASD,False,0.5166666666666666,64.4862728795304,35.51372432730513,2.7931644566497586e-06,0.0,1.5270108733826543e-05,0.03945969369700569
ASD,False,0.525,64.21768132627012,35.78231523208126,3.441648609639755e-06,0.0,1.800129245190786e-05,0.039758128035645844
ASD,False,0.5333333333333333,63.95411573389209,36.04588005475575,4.2113521555081675e-06,0.0,2.1095407092829546e-05,0.040050977838617496
ASD,False,0.5416666666666666,63.69546018173383,36.30453469883195,5.119434218106413e-06,0.0,2.458315580660101e-05,0.040338371887591054
ASD,False,0.55,63.44160209112709,36.55839172420195,6.184670962610028e-06,0.0,2.8496082702728102e-05,0.040620435249113275
ASD,False,0.5583333333333333,63.192432107870346,36.80756046460988,7.42751976524412e-06,0.0,3.2866482931419274e-05,0.040897289405122085
ASD,False,0.5666666666666667,62.947843989568014,37.05214714025244,8.870179544044105e-06,0.0,3.772731190944761e-05,0.04116905237805826
ASD,False,0.575,62.70773449760501,37.29225496574795,1.053664703207038e-05,0.0,4.311209444188769e-05,0.041435838850831054
ASD,False,0.5833333333333334,62.47200329353797,37.527984253693205,1.2452768816173909e-05,0.0,4.905483441366427e-05,0.04169776028188134
ASD,False,0.5916666666666667,62.240552839695965,37.759432514015025,1.4646289003579111e-05,0.0,5.5589925648678874e-05,0.04195492501557225
ASD,False,0.6,62.01328830379431,37.98669454931326,1.7146892415735807e-05,0.0,6.275206446034263e-05,0.04220743838812585
ASD,False,0.6083333333333333,61.79011746737588,38.20986254638087,1.998624324365521e-05,0.0,7.057616434674053e-05,0.042455402829312074
ASD,False,0.6166666666666667,61.57095063790338,38.42902616407748,2.3198019131009958e-05,0.0,7.90972732167283e-05,0.04269891796008608
ASD,False,0.625,61.35570056433578,38.64427261772353,2.6817940680896764e-05,0.0,8.835049347080229e-05,0.04293808068635948
ASD,False,0.6333333333333333,61.14428235603027,38.85568676017331,3.088379640900163e-05,0.0,9.837090520253587e-05,0.04317298528908146
ASD,False,0.6416666666666666,60.93661340481953,39.06335115971727,3.54354631902101e-05,0.0,0.00010919349273311879,0.043403723510796965
ASD,False,0.65,60.7326133101216,39.267346174956124,4.0514922267407916e-05,0.0,0.00012085307464296373,0.043630384638840135
ASD,False,0.6583333333333333,60.53220380694685,39.46775002678222,4.6166270910494455e-05,0.0,0.00013338423742037617,0.04385305558531358
ASD,False,0.6666666666666666,60.33530869667355,39.66463886759661,5.2435729830408024e-05,0.0,0.00014682127280789227,0.04407182096399623
ASD,False,0.675,60.14185378046965,39.85808684788387,5.937164646768686e-05,0.0,0.00016119811889173162,0.04428676316431541
ASD,False,0.6833333333333333,59.95176679524491,40.04816618026079,6.702449428743482e-05,0.0,0.00017654830494881235,0.04449796242251199
ASD,False,0.6916666666666667,59.76497735202275,40.234947201109016,7.544686822313104e-05,0.0,0.0001929049000385713,0.04470549689012113
ASD,False,0.7,59.58141687662704,40.41849842989652,8.469347642032609e-05,0.0,0.0002103004653032085,0.044909442699885026
ASD,False,0.7083333333333334,59.401018552584,40.59888662628755,9.482112843810224e-05,0.0,0.00022876700991970294,0.045109874029208394
ASD,False,0.7166666666666667,59.22371726614408,40.776176845135836,0.00010588872007166397,0.0,0.0002483359506296142,0.04530686316126204
ASD,False,0.725,59.049449553333716,40.9504324894513,0.0001179572149631028,0.0,0.00026903807475827025,0.04550048054383478
ASD,False,0.7333333333333333,58.878153548950685,41.121715361426126,0.00013108962317017503,0.0,0.00029090350662285143,0.04569079484602903
ASD,False,0.7416666666666667,58.70976893742121,41.290085711601904,0.00014535097686420108,0.0,0.0003139616772192493,0.04587787301289101
ASD,False,0.75,58.544236905440904,41.45560228625575,0.00016080830332855612,0.0,0.0003382412970698312,0.04606178031806194
ASD,False,0.7583333333333333,58.381500096324956,41.6183223730796,0.00017753059542874306,0.0,0.00036377033210839067,0.046242580414532886
ASD,False,0.7666666666666666,58.221502565996936,41.778301845223325,0.00019558877972337995,0.0,0.00039057598247429137,0.04642033538358147
ASD,False,0.775,58.064189740548564,41.93559520376903,0.00021505568238354655,0.0,0.00041868466408494443,0.046595105781965594
ASD,False,0.7833333333333333,57.909508375306046,42.09025561870085,0.00023600599308488355,0.0,0.0004481219928541785,0.046766950687445394
ASD,False,0.7916666666666666,57.75740651534154,42.2423349684314,0.00025851622703364024,0.0,0.00047891277142351395,0.046935927742701555
ASD,False,0.8,57.60783345737119,42.391883877943506,0.00028266468528400247,0.0,0.000511080978273752,0.04710209319771501
ASD,False,0.8083333333333333,57.46073971298374,42.538951755602746,0.0003085314134997286,0.0,0.0005446497590855244,0.04726550195066972
ASD,False,0.8166666666666667,57.316076973146366,42.68358682869431,0.0003361981593087473,0.0,0.0005796414202193036,0.047426207587438124
ASD,False,0.825,57.1737980739368,42.825836177734786,0.0003657483283943169,0.0,0.0006160774241878847,0.047584262419705314
ASD,False,0.8333333333333334,57.03385696345296,42.96574576960755,0.0003972669394615399,0.0,0.0006539783869972401,0.04773971752178617
ASD,False,0.8416666666666667,56.89620866985371,43.103360489568054,0.00043084057821268627,0.0,0.0006933640772350021,0.04789262276618673
ASD,False,0.85,56.76080927048618,43.238724172163344,0.00046655735045950445,0.0,0.0007342534167894832,0.04804302685795927
ASD,False,0.8583333333333333,56.627615862057304,43.371879631108186,0.0005045068344953923,0.0,0.0007766644830860047,0.048190977367897986
ASD,False,0.8666666666666667,56.49658653180898,43.50286868815816,0.0005447800328447076,0.0,0.0008206145127314024,0.048336520764620174
ASD,False,0.875,56.36768032965789,43.6317322010186,0.0005874693235012747,0.0,0.0008661199064617388,0.04847970244557622
ASD,False,0.8833333333333333,56.24085724126299,43.75851009032624,0.0006326684107625546,0.0,0.0009131962352926426,0.04862056676702915
ASD,False,0.8916666666666666,56.116078161985186,43.883241365739046,0.0006804722757606712,0.0,0.0009618582477758934,0.04875915707304338
ASD,False,0.9,55.993304871705064,44.005964151168136,0.0007309771267861962,0.0,0.00101211987827035,0.048895515723520154
ASD,False,0.9083333333333333,55.87250001046631,44.12671570918418,0.0007842803494952823,0.0,0.0010639942561395822,0.04902968412131576
ASD,False,0.9166666666666666,55.753627054913544,44.24553246462936,0.000840480457085783,0.0,0.0011174937157928853,0.04916170273847707
ASD,False,0.9249999999999999,55.6366502954949,44.36245002746457,0.0008996770405227991,0.0,0.001172629807490587,0.0492916111416273
ASD,False,0.9333333333333333,55.52153481440072,44.477503214880386,0.0009619707188893954,0.0,0.0012294133088386848,0.049419448016533765
ASD,False,0.9416666666666667,55.408246464210954,44.5907260726991,0.0010274630899333793,0.0,0.001287854236901947,0.049545251191887886
ASD,False,0.95,55.29675184722527,44.70215189609383,0.0010962566808764608,0.0,0.001347961860868523,0.04966905766232648
ASD,False,0.9583333333333334,55.18701829545052,44.811813249649916,0.0011684548995477089,0.0,0.0014097447152029668,0.04979090361072213
ASD,False,0.9666666666666667,55.07901385122162,44.919741986792474,0.0012441619858987935,0.0,0.0014732106132282433,0.049910824429769414
ASD,False,0.975,54.97270724843281,45.02596926860323,0.001323482963954541,0.0,0.0015383666610809445,0.050028854742892474
ASD,False,0.9833333333333333,54.86806789435706,45.13052558204868,0.0014065235942481494,0.0,0.0016052192719873113,0.050145028424498535
ASD,False,0.9916666666666667,54.76506585203246,45.23344075764074,0.0014933903267867097,0.0,0.0016737741808110077,0.05025937861960082
ASD,False,1.0,54.66367182319519,45.334743986550215,0.0015841902545889572,0.0,0.0017440364588267728,0.05037193776283357
ASD,False,1.0083333333333333,54.56385713173962,45.43446383719254,0.0016790310678336385,0.0,0.0018160105286771156,0.0504827375968806
ASD,False,1.0166666666666666,54.465593707686686,45.53262827130466,0.0017780210086535762,0.0,0.0018897001794721071,0.05059180919033851
ASD,False,1.025,54.36885407164259,45.6292646595308,0.0018812688266072145,0.0,0.0019651085819950894,0.05069918295503422
ASD,False,1.0333333333333332,54.2736113197306,45.724399796534534,0.0019888837348564664,0.0,0.0020422383039798283,0.05080488866281615
ASD,False,1.0416666666666667,54.17983910897924,45.81805991565367,0.0021009753670767108,0.0,0.00212109132542703,0.050908955461837414
ASD,False,1.05,54.08751164315105,45.91027070311381,0.002217653735122006,0.0,0.0022016690539306207,0.05101141189234868
ASD,False,1.0583333333333333,53.99660365899653,46.00105731181599,0.002339029187466068,0.0,0.002283972339986425,0.051112285902017766
ASD,False,1.0666666666666667,53.90709041291855,46.090444374713,0.0024652123684368987,0.0,0.0023680014922579863,0.05121160486079222
ASD,False,1.075,53.81894766803324,46.178456017788484,0.002596314178260773,0.0,0.0024537562927763263,0.051309395575320535
ASD,False,1.0833333333333333,53.73215168161352,46.26511587265254,0.0027324457339289497,0.0,0.002541236012052376,0.051405684302947265
ASD,False,1.0916666666666666,53.64667919290246,46.35044708876663,0.002873718330898409,0.0,0.0026304394240825256,0.05150049676529626
ASD,False,1.1,53.56250741128372,46.43447234531063,0.003020243405635976,0.0,0.0027213648212295765,0.05159385816145626
ASD,False,1.1083333333333334,53.47961400479713,46.51721386270384,0.0031721324990132234,0.0,0.0028140100289628578,0.05168579318078204
ASD,False,1.1166666666666667,53.397977088987716,46.598693413791715,0.0033294972205579723,0.0,0.002908372420442863,0.05177632601532413
ASD,False,1.125,53.31757521607699,46.67893233470944,0.003492449213566337,0.0,0.0030044489309371193,0.05186548037189937
ASD,False,1.1333333333333333,53.23838736444582,46.757951535433094,0.0036611001210779394,0.0,0.0031022360720553595,0.05195327948381455
ASD,False,1.1416666666666666,53.160392928418474,46.8357715100288,0.003835561552715343,0.0,0.0032017299457933342,0.05203974612225422
ASD,False,1.15,53.08357170833788,46.91241234660973,0.00401594505238745,0.0,0.0033029262583757183,0.05212490260734414
ASD,False,1.1583333333333332,53.00790390092251,46.98789373701062,0.004202362066855388,0.0,0.0034058203338896958,0.05220877081890069
ASD,False,1.1666666666666667,52.93337008989573,47.06223498618909,0.00439492391515817,0.0,0.0035104071277017985,0.05229137220687677
ASD,False,1.175,52.85995123687862,47.13545502136247,0.0045937417588943884,0.0,0.003616681239651611,0.052372727801513856
ASD,False,1.1833333333333333,52.787628672537714,47.20757240088892,0.0047989265733552324,0.0,0.0037246369270166695,0.052452858223209914
ASD,False,1.1916666666666667,52.716384087979506,47.27860532290098,0.005010589119503035,0.0,0.0038342681172439095,0.0525317836921122
ASD,False,1.2,52.64619952638368,47.348571633699514,0.005228839916788906,0.0,0.0039455684204436564,0.05260952403744391
ASD,False,1.2083333333333333,52.577057374867444,47.41748883591574,0.0054537892168020465,0.0,0.0040585311416428994,0.052686098706573044
ASD,False,1.2166666666666666,52.508940356573525,47.48537409644872,0.005685546977742734,0.0,0.004173149292795284,0.05276152677383191
ASD,False,1.225,52.441831522974816,47.55224425418546,0.00592422283971022,0.0,0.004289415604545819,0.05283582694909496
ASD,False,1.2333333333333334,52.37571424638875,47.61811582751044,0.006169926100796202,0.0,0.004407322537748932,0.05290901758612271
ASD,False,1.2416666666666667,52.31057221269478,47.68300502161124,0.0064227656939740896,0.0,0.004526862294738964,0.052981116690679154
ASD,False,1.25,52.246389414248554,47.74692773558666,0.00668285016477352,0.0,0.004648026830352699,0.05305214192842962
ASD,False,1.2583333333333333,52.183150142986776,47.80989956936348,0.00695028764972947,0.0,0.004770807862704051,0.05312211063262609
ASD,False,1.2666666666666666,52.12083898371663,47.87193583042776,0.007225185855594634,0.0,0.0048951968837112406,0.0531910398115864
ASD,False,1.275,52.059440807584174,47.93305154037651,0.007507652039303512,0.0,0.005021185169377476,0.0532589461559739
ASD,False,1.2833333333333332,51.99894076571609,47.993261441295225,0.0077977929886763366,0.0,0.005148763789826157,0.053325846045883585
ASD,False,1.2916666666666667,51.93932428302955,48.05258000196659,0.00809571500385062,0.0,0.00527792361909221,0.05339175555774066
ASD,False,1.3,51.88057705220494,48.11102142391563,0.008401523879427894,0.0,0.005408655344671279,0.053456690471017365
ASD,False,1.3083333333333333,51.82268502781657,48.1685996472961,0.008715324887323116,0.0,0.00554094947682889,0.05352066627477344
ASD,False,1.3166666666666667,51.76563442061652,48.225328356623166,0.009037222760303807,0.0,0.005674796357671799,0.05358369817402574
ASD,False,1.325,51.70941169196697,48.281220986356814,0.009367321676206044,0.0,0.005810186169984034,0.05364580109595202
ASD,False,1.3333333333333333,51.6540035484166,48.33629072634058,0.00970572524281428,0.0,0.005947108945830408,0.053706989695933974
ASD,False,1.3416666666666666,51.59939693641668,48.39055052709992,0.010052536483391763,0.0,0.006085554574930232,0.05376727836344435
ASD,False,1.35,51.545579037172715,48.44401310500443,0.010407857822848421,0.0,0.006225512812804335,0.0538266812277827
ASD,False,1.3583333333333334,51.49253726162756,48.4966909472979,0.010771791074532865,0.0,0.006366973288698499,0.053885212163664334
ASD,False,1.3666666666666667,51.440259245572186,48.548596317000175,0.011144437427635366,0.0,0.006509925513286619,0.05394288479666686
ASD,False,1.375,51.3887328448802,48.5997412576846,0.011525897435188392,0.0,0.006654358886156929,0.053999712508538446
ASD,False,1.3833333333333333,51.33794613086266,48.65013759813468,0.011916271002651536,0.0,0.006800262703084745,0.05405570844237186
ASD,False,1.3916666666666666,51.287887385739445,48.69979695688348,0.01231565737706758,0.0,0.0069476261630953195,0.05411088550764831
ASD,False,1.4,51.23854509822397,48.74873074663924,0.012724155136776553,0.0,0.007096438375320368,0.05416525638515471
ASD,False,1.4083333333333332,51.189907959217855,48.79695017860046,0.01314186218167465,0.0,0.007246688365651961,0.05421883353177829
ASD,False,1.4166666666666667,51.14196485761233,48.84446626666366,0.013568875724005032,0.0,0.00739836508319744,0.054271629185181844
ASD,False,1.425,51.094704876193425,48.8912898315269,0.014005292279667484,0.0,0.007551457406539161,0.05432365536836322
ASD,False,1.4333333333333333,51.04811728764783,48.93743150469213,0.014451207660034299,0.0,0.007705954149802775,0.05437492389410237
ASD,False,1.4416666666666667,51.00219155066662,48.98290173236911,0.014906716964259447,0.0,0.007861844068537856,0.05442544636929901
ASD,False,1.45,50.95691730614406,49.02771077928387,0.015371914572068606,0.0,0.00801911586541465,0.0544752341992043
ASD,False,1.4583333333333333,50.912284373468665,49.071868732394314,0.015846894137017554,0.0,0.008177758195740731,0.05452429859154924
ASD,False,1.4666666666666666,50.868282746904185,49.11538550451561,0.0163317485802066,0.0,0.00833775967280138,0.0545726505605729
ASD,False,1.475,50.82490259205765,49.15827083785791,0.01682657008443896,0.0,0.008499108873027461,0.054620300930953235
ASD,False,1.4833333333333334,50.78213424243222,49.20053430747897,0.01733145008881089,0.0,0.00866179434099448,0.0546672603416433
ASD,False,1.4916666666666667,50.73996819606251,49.24218532465376,0.017846479283722086,0.0,0.00882580459425672,0.05471353924961529
ASD,False,1.5,50.69839511222991,49.283233140163794,0.018371747606294255,0.0,0.008991128128020014,0.05475914793351533
ASD,False,1.5083333333333333,50.65740580825586,49.32368684750795,0.018907344236186625,0.0,0.009157753419656958,0.05480409649723106
ASD,False,1.5166666666666666,50.61699125637085,49.36355538603735,0.01945335759179701,0.0,0.009325668933068108,0.05484839487337483
ASD,False,1.525,50.57714258065702,49.40284754401614,0.020009875326837234,0.0,0.00949486312289295,0.0548920528266846
ASD,False,1.5333333333333332,50.537851054062436,49.44157196161029,0.02057698432727192,0.0,0.009665324438574025,0.05493507995734477
ASD,False,1.5416666666666667,50.49910809548502,49.479737133806374,0.02115477070861,0.0,0.009837041328277916,0.054977485704229306
ASD,False,1.55,50.46090526692421,49.517351413262254,0.021743319813538088,0.0,0.010010002242676475,0.05501927934806917
ASD,False,1.5583333333333333,50.42323427069863,49.55442301309149,0.022342716209885656,0.0,0.010184195638591844,0.055060470014546094
ASD,False,1.5666666666666667,50.38608694672786,49.590960009583235,0.022953043688911403,0.0,0.010359609982508618,0.05510106667731471
ASD,False,1.575,50.34945526987663,49.62697034485947,0.023574385263901064,0.0,0.010536233753956419,0.05514107816095497
ASD,False,1.5833333333333333,50.3133313473598,49.662461829471134,0.024206823169066704,0.0,0.010714055448766411,0.055180513143856816
ASD,False,1.5916666666666666,50.27770741620646,49.697442144934804,0.0248504388587378,0.0,0.010893063582204767,0.055219380161038674
ASD,False,1.6,50.242575840781555,49.73191884621162,0.025505313006834802,0.0,0.011073246691986446,0.0552576876069018
ASD,False,1.6083333333333334,50.20792911036358,49.76589936412981,0.02617152550661567,0.0,0.011254593341172299,0.05529544373792201
ASD,False,1.6166666666666667,50.17375983677682,49.799391007752504,0.026849155470686573,0.0,0.011437092120952804,0.05533265667528056
ASD,False,1.625,50.14006075207668,49.83240096669206,0.027538281231267635,0.0,0.011620731653321122,0.055369334407435626
ASD,False,1.6333333333333333,50.10682470628676,49.864936313372546,0.02823898034070509,0.0,0.011805500593638848,0.05540548479263616
ASD,False,1.6416666666666666,50.074044665186314,49.89700400524147,0.028951329572221428,0.0,0.011991387633097076,0.055441115561379414
ASD,False,1.65,50.04171370814674,49.928610886932375,0.02967540492089506,0.0,0.012178381501075773,0.05547623431881375
ASD,False,1.6583333333333332,50.00982502601585,49.9597636923793,0.030411281604861427,0.0,0.012366470967404276,0.055510848547088106
ASD,False,1.6666666666666667,49.978371919048755,49.99046904688452,0.031159034066727632,0.0,0.012555644844525654,0.05554496560764947
ASD,False,1.675,49.94734779488405,50.02073346914076,0.03191873597519262,0.0,0.012745891989567578,0.05557859274348973
ASD,False,1.6833333333333333,49.91674616656422,50.050563373208924,0.03269046022686571,0.0,0.012937201306322478,0.055611737081343246
ASD,False,1.6916666666666667,49.88656065059906,50.07996507045267,0.03347427894827556,0.0,0.013129561747139402,0.055644405633836304
ASD,False,1.7,49.85678496507118,50.108944771430764,0.03427026349806262,0.0,0.013322962314730234,0.055676605301589736
ASD,False,1.7083333333333333,49.82741292778226,50.13750858774839,0.03507848446934805,0.0,0.01351739206389274,0.05570834287527599
ASD,False,1.7166666666666666,49.79843845443932,50.165662533868414,0.03589901169227191,0.0,0.013712840103152747,0.05573962503763157
ASD,False,1.7249999999999999,49.76985555687971,50.1934125288836,0.03673191423669423,0.0,0.013909295596328029,0.05577045836542622
ASD,False,1.7333333333333334,49.74165834133416,50.22076439825079,0.03757726041505216,0.0,0.014106747764016,0.05580084933138977
ASD,False,1.7416666666666667,49.7138410067266,50.247723875488035,0.0384351177853668,0.0,0.014305185885007623,0.05583080430609782
ASD,False,1.75,49.686397843010155,50.27429660383545,0.03930555315439375,0.0,0.014504599297629704,0.05586032955981717
ASD,False,1.7583333333333333,49.65932322953816,50.30048813788093,0.040188632580910925,0.0,0.014704977401017704,0.055889431264312145
ASD,False,1.7666666666666666,49.63261163346949,50.32630394515137,0.04108442137913791,0.0,0.014906309656321197,0.05591811549461264
ASD,False,1.775,49.6062576082073,50.35174940767042,0.04199298412228115,0.0,0.015108585587844071,0.05594638823074491
ASD,False,1.7833333333333332,49.58025579187037,50.37682982348344,0.04291438464619915,0.0,0.015311794784121396,0.055974255359426045
ASD,False,1.7916666666666667,49.55460090579619,50.40155040815063,0.043848686053182505,0.0,0.015515926898935006,0.05600172267572292
ASD,False,1.8,49.529287753075195,50.42591629620897,0.04479595071584303,0.0,0.01572097165226962,0.05602879588467663
ASD,False,1.8083333333333333,49.50431121711512,50.44993254260378,0.04575624028110739,0.0,0.0159269188312115,0.056055480602893094
ASD,False,1.8166666666666667,49.479666260234985,50.47360412409071,0.04672961567430958,0.0,0.016133758290791295,0.05608178236010079
ASD,False,1.825,49.45534792228794,50.496935940608694,0.047716137103377826,0.0,0.016341479954772975,0.05610770660067633
ASD,False,1.8333333333333333,49.431351319312114,50.51993281662479,0.04871586406311085,0.0,0.016550073816390523,0.05613325868513865
ASD,False,1.8416666666666666,49.40767164220905,50.542599502451424,0.0497288553395391,0.0,0.016759529939034113,0.056158443891612696
ASD,False,1.8499999999999999,49.3843041554489,50.56494067553675,0.0507551690143663,0.0,0.016969838456887387,0.05618326741726305
ASD,False,1.8583333333333334,49.36124419580176,50.58696094172877,0.05179486246948701,0.0,0.017180989575517343,0.05620773437969863
ASD,False,1.8666666666666667,49.338487171094584,50.60866483651385,0.0528479923915758,0.0,0.01739297357241864,0.05623184981834872
ASD,False,1.875,49.316028558993075,50.630056826230195,0.05391461477674443,0.0,0.017605780797513543,0.056255618695811326
ASD,False,1.8833333333333333,49.29386390580783,50.65114130925692,0.054994784935262275,0.0,0.01781940167360921,0.05627904589917436
ASD,False,1.8916666666666666,49.271988825324414,50.67192261717927,0.056088557496336705,0.0,0.0180338266968136,0.0563021362413103
ASD,False,1.9,49.25039899765653,50.69240501593055,0.05719598641294951,0.0,0.018249046436911536,0.05632489446214505
ASD,False,1.9083333333333332,49.22909016812198,50.7125927069113,0.05831712496674554,0.0,0.0184650515377022,0.05634732522990145
ASD,False,1.9166666666666667,49.20805814614073,50.73248982808632,0.05945202577297028,0.0,0.01868183271729937,0.05636943314231813
ASD,False,1.925,49.1872988041547,50.752100455059875,0.06060074078545265,0.0,0.0188993807683958,0.0563912227278443
ASD,False,1.9333333333333333,49.16680807656859,50.7714286021298,0.061763321301630106,0.0,0.019117686558492886,0.05641269844681089
ASD,False,1.9416666666666667,49.1465819587115,50.79047822332092,0.06293981796761233,0.0,0.019336741030096898,0.0564338646925788
ASD,False,1.95,49.12661650581866,50.80925321339809,0.06413028078328076,0.0,0.019556535200882907,0.05645472579266454
ASD,False,1.9583333333333333,49.10690783203296,50.82775740885965,0.06533475910742075,0.0,0.01977706016382766,0.05647528600984405
ASD,False,1.9666666666666666,49.087452109425705,50.84599458891144,0.0665533016628835,0.0,0.019998307087312466,0.05649554954323493
ASD,False,1.9749999999999999,49.068245567036264,50.86396847642198,0.06778595654177494,0.0,0.0202202672151971,0.05651552052935776
ASD,False,1.9833333333333334,49.049284489930145,50.88168273885921,0.06903277121066882,0.0,0.020442931866865993,0.0565352030431769
ASD,False,1.9916666666666667,49.03056521827505,50.89914098920912,0.07029379251584114,0.0,0.020666292437247522,0.05655460109912125
ASD,False,2.0,49.012084146434596,50.9163467868769,0.07156906668852392,0.0,0.020890340396807594,0.05657371865208544
ASD,False,2.0083333333333333,48.99383772207918,50.93330363857067,0.07285863935017506,0.0,0.0211150672915183,0.056592559598411855
ASD,False,2.0166666666666666,48.97582244531371,50.95001499916855,0.07416255551776257,0.0,0.021340464742802753,0.056611127776853946
ASD,False,2.025,48.95803486782186,50.966484272569105,0.07548085960906048,0.0,0.021566524447456957,0.056629426969521224
ASD,False,2.033333333333333,48.94047159202628,50.98271481252579,0.07681359544795426,0.0,0.02179323817754956,0.05664746090280644
ASD,False,2.0416666666666665,48.923129270264695,50.99870992346557,0.07816080626975373,0.0,0.02202059778030047,0.056665233248295074
ASD,False,2.05,48.906004603981316,51.0144728612922,0.07952253472651122,0.0,0.022248595177939028,0.056682747623658
ASD,False,2.058333333333333,48.889094342933305,51.03000683417438,0.080898822892343,0.0,0.02247722236754274,0.056700007593527085
ASD,False,2.0666666666666664,48.872395284412036,51.04531500331924,0.0822897122687521,0.0,0.02270647142085709,0.05671701667035471
ASD,False,2.075,48.85590427247871,51.060400483731364,0.08369524378995077,0.0,0.022936334484097598,0.05673377831525707
ASD,False,2.0833333333333335,48.83961819721412,51.075266344957726,0.08511545782818013,0.0,0.023166803777734356,0.05675029593884192
ASD,False,2.091666666666667,48.82353399398213,51.08991561181887,0.08655039419902659,0.0,0.023397871596260316,0.056766572902020966
ASD,False,2.1,48.80764864270677,51.10435126512652,0.08800009216673185,0.0,0.023629530307943604,0.05678261251680724
ASD,False,2.1083333333333334,48.79195916716245,51.11857624238807,0.08946459044949591,0.0,0.02386177235456472,0.05679841804709786
ASD,False,2.1166666666666667,48.776462634277124,51.13259343849813,0.09094392722477113,0.0,0.024094590251139338,0.05681399270944236
ASD,False,2.125,48.76115615344814,51.14640570641733,0.09243814013454603,0.0,0.024327976585627204,0.05682933967379704
ASD,False,2.1333333333333333,48.74603687587045,51.16001585783895,0.0939472662906172,0.0,0.024561924018627855,0.0568444620642655
ASD,False,2.1416666666666666,48.73110199387695,51.17342666384322,0.09547134227984812,0.0,0.024796425283063726,0.056859362959825806
ASD,False,2.15,48.716348740290655,51.18664085553995,0.09701040416941355,0.0,0.025031473183851266,0.056874045395044384
ASD,False,2.158333333333333,48.70177438778858,51.19966112469941,0.09856448751202809,0.0,0.025267060597560537,0.056888512360777126
ASD,False,2.1666666666666665,48.687376248276905,51.21249012437197,0.10013362735115795,0.0,0.025503180472063958,0.05690276680485774
ASD,False,2.175,48.673151672277314,51.225130469496506,0.1017178582262144,0.0,0.02573982582617465,0.056916811632773893
ASD,False,2.183333333333333,48.65909804832427,51.23758473749803,0.10331721417772825,0.0,0.02597698974927496,0.05693064970833115
ASD,False,2.1916666666666664,48.645212802372946,51.24985546887458,0.10493172875250381,0.0,0.026214665400935547,0.05694428385430509
ASD,False,2.2,48.63149339721759,51.26194516777369,0.1065614350087518,0.0,0.026452846010525652,0.056957716853081874
ASD,False,2.2083333333333335,48.6179373319202,51.27385630255863,0.10820636552119951,0.0,0.026691524876814917,0.056970951447287366
ASD,False,2.216666666666667,48.60454214124919,51.28559130636466,0.10986655238617854,0.0,0.02693069536756731,0.056983990340405175
ASD,False,2.225,48.59130539512789,51.297152577645456,0.11154202722668763,0.0,0.027170350919127458,0.05699683619738384
ASD,False,2.2333333333333334,48.57822469809268,51.30854248070991,0.11323282119743097,0.0,0.027410485035999913,0.05700949164523323
ASD,False,2.2416666666666667,48.565297688760616,51.31976334624957,0.11493896498983076,0.0,0.027651091290421738,0.05702195927361064
ASD,False,2.25,48.552522039306176,51.33081747185683,0.116660488837013,0.0,0.027892163321928783,0.05703424163539648
ASD,False,2.2583333333333333,48.5398954549472,51.341707122534054,0.11839742251876621,0.0,0.028133694836916114,0.05704634124726006
ASD,False,2.2666666666666666,48.52741567343959,51.35243453119395,0.1201497953664723,0.0,0.028375679608192823,0.0570582605902155
ASD,False,2.275,48.51508046458084,51.363001899151165,0.12191763626800844,0.0,0.02861811147453175,0.05707000211016796
ASD,False,2.283333333333333,48.50288762972193,51.37341139660546,0.12370097367262016,0.0,0.028860984340214304,0.057081568218450514
ASD,False,2.2916666666666665,48.490835001287714,51.38366516311654,0.1254998355957642,0.0,0.02910429217457087,0.05709296129235171
ASD,False,2.3,48.47892044230542,51.39376530807068,0.12731424962392124,0.0,0.02934802901151698,0.057104183675634086
ASD,False,2.308333333333333,48.4671418459412,51.40371391113944,0.12914424291937768,0.0,0.029592188949085687,0.05711523767904382
ASD,False,2.3166666666666664,48.45549713504456,51.413513022730484,0.1309898422249758,0.0,0.02983676614895636,0.05712612558081165
ASD,False,2.325,48.44398426170048,51.42316466443071,0.1328510738688324,0.0,0.030081754835980246,0.05713684962714523
ASD,False,2.3333333333333335,48.432601206789116,51.432670829441875,0.13472796376902435,0.0,0.030327149297702995,0.057147412032713195
ASD,False,2.341666666666667,48.42134597955292,51.442033483008856,0.1366205374382426,0.0,0.03057294388388461,0.05715781498112095
ASD,False,2.35,48.410216617171,51.4512545628406,0.138528819988412,0.0,0.030819133006016818,0.05716806062537845
ASD,False,2.3583333333333334,48.39921118434066,51.46033597952408,0.14045283613527798,0.0,0.031065711136838387,0.057178151088360094
ASD,False,2.3666666666666667,48.38832777286587,51.46927961693119,0.1423926102029596,0.0,0.03131267280984836,0.057188088463256875
ASD,False,2.375,48.37756450125268,51.47808733261887,0.14434816612846813,0.0,0.03156001261881775,0.057197874814020964
ASD,False,2.3833333333333333,48.366919514311256,51.48676095822257,0.14631952746619145,0.0,0.03180772521729966,0.057207512175802853
ASD,False,2.3916666666666666,48.35639098276461,51.49530229984306,0.1483067173923436,0.0,0.03205580531813812,0.05721700255538118
ASD,False,2.4,48.34597710286372,51.50371313842692,0.15030975870937946,0.0,0.032304247692976004,0.057226347931585465
ASD,False,2.408333333333333,48.33567609600906,51.511995230140585,0.15232867385037432,0.0,0.03255304717176202,0.05723555025571176
ASD,False,2.4166666666666665,48.325486208378315,51.52015030673833,0.15436348488336796,0.0,0.032802198642257044,0.05724461145193148
ASD,False,2.425,48.31540571056025,51.5281800759241,0.15641421351567328,0.0,0.033051697049540064,0.057253533417693445
ASD,False,2.433333333333333,48.305432897194486,51.53608622170738,0.15848088109814923,0.0,0.03330153739551382,0.05726231802411931
ASD,False,2.4416666666666664,48.29556608661729,51.543870404753285,0.16056350862943775,0.0,0.033551714738410385,0.05727096711639254
ASD,False,2.45,48.285803620513036,51.55153426272682,0.16266211676016504,0.0,0.03380222419229674,0.05727948251414091
ASD,False,2.4583333333333335,48.276143863571306,51.559079410631604,0.16477672579710606,0.0,0.03405306092658065,0.05728786601181289
ASD,False,2.466666666666667,48.266585203149695,51.566507441143,0.16690735570731405,0.0,0.03430422016551699,0.05729611937904778
ASD,False,2.475,48.2571260489419,51.573819924935904,0.16905402612221243,0.0,0.03455569718771446,0.0573042443610399
ASD,False,2.4833333333333334,48.24776483265126,51.5810184110071,0.1712167563416514,0.0,0.03480748732564308,0.05731224267889678
ASD,False,2.4916666666666667,48.238500007669536,51.58810442699255,0.17339556533792755,0.0,0.03505958596514257,0.05732011602999172
ASD,False,2.5,48.22933004876084,51.595079479479395,0.17559047175976744,0.0,0.03531198854493155,0.05732786608831044
ASD,False,2.5083333333333333,48.22025345175065,51.601945054313084,0.17780149393627454,0.0,0.035564690556117884,0.05733549450479231
ASD,False,2.5166666666666666,48.21126873321972,51.60870261689945,0.18002864988083994,0.0,0.03581768754171034,0.05734300290766606
ASD,False,2.525,48.20237443020297,51.61535361250203,0.18227195729501652,0.0,0.03607097509613134,0.05735039290278003
ASD,False,2.533333333333333,48.19356909989313,51.62189946653452,0.18453143357235663,0.0,0.03632454886473139,0.05735766607392725
ASD,False,2.5416666666666665,48.18485131934906,51.62834158484874,0.18680709580221375,0.0,0.036578404543304875,0.05736482398316527
ASD,False,2.55,48.1762196852087,51.6346813540178,0.18909896077350735,0.0,0.03683253787760762,0.05737186817113089
ASD,False,2.558333333333333,48.16767281340662,51.64092014161495,0.19140704497845207,0.0,0.03708694466287606,0.057378800157349946
ASD,False,2.5666666666666664,48.1592093388959,51.64705929648787,0.19373136461625,0.0,0.037341620743348444,0.05738562144054207
ASD,False,2.575,48.15082791537452,51.653100149028745,0.19607193559674765,0.0,0.037596562011787765,0.057392333498920825
ASD,False,2.5833333333333335,48.14252721501597,51.659044011439995,0.19842877354405586,0.0,0.037851764409006804,0.05739893779048889
ASD,False,2.591666666666667,48.13430592820405,51.66489217799583,0.200801893800135,0.0,0.0381072239233953,0.0574054357533287
ASD,False,2.6,48.12616276327193,51.67064592529974,0.20319131142834326,0.0,0.03836293659044921,0.0574118288058886
ASD,False,2.6083333333333334,48.118096446245154,51.676306512537906,0.20559704121694986,0.0,0.03861889849230226,0.05741811834726434
ASD,False,2.6166666666666667,48.110105720588734,51.681875181728664,0.20801909768261223,0.0,0.03887510575725983,0.05742430575747629
ASD,False,2.625,48.10218934695812,51.68735315796807,0.21045749507381806,0.0,0.039131554559335154,0.0574303923977423
ASD,False,2.6333333333333333,48.09434610295406,51.692741649671646,0.2129122473742918,0.0,0.039388241117788055,0.057436379610746276
ASD,False,2.6416666666666666,48.086574782881264,51.69804184881237,0.21538336830636598,0.0,0.03964516169666613,0.057442268720902634
ASD,False,2.65,48.07887419751073,51.70325493115496,0.21787087133431754,0.0,0.03990231260434855,0.057448061034616624
ASD,False,2.658333333333333,48.071243173845794,51.70838205648654,0.22037476966766922,0.0,0.04015969019309238,0.057453757840540604
ASD,False,2.6666666666666665,48.06368055489178,51.71342436884377,0.22289507626445626,0.0,0.0404172908585817,0.05745936040982641
ASD,False,2.675,48.05618519942915,51.718382996736395,0.22543180383445846,0.0,0.04067511103947935,0.05746486999637377
ASD,False,2.683333333333333,48.04875598179012,51.72325905336748,0.2279849648423979,0.0,0.040933147216981505,0.057470287837074974
ASD,False,2.6916666666666664,48.04139179163877,51.72805363685012,0.23055457151110248,0.0,0.04119139591437499,0.05747561515205569
ASD,False,2.7,48.03409153375439,51.73276783042097,0.23314063582463543,0.0,0.04144985369659751,0.057480853144912185
ASD,False,2.7083333333333335,48.02685412781823,51.73740270265038,0.2357431695313905,0.0,0.04170851716980068,0.05748600300294487
ASD,False,2.716666666666667,48.019678508203434,51.74195930764941,0.23836218414715477,0.0,0.04196738298091613,0.057491065897388234
ASD,False,2.725,48.01256362376819,51.74643868527368,0.24099769095813658,0.0,0.0422264478172244,0.057496042983637426
ASD,False,2.7333333333333334,48.00550843765197,51.75084186132407,0.24364970102396105,0.0,0.04248570840592687,0.057500935401471186
ASD,False,2.7416666666666667,47.99851192707492,51.75516984774444,0.2463182251806323,0.0,0.04274516151372081,0.0575057442752716
ASD,False,2.75,47.99157308314023,51.7594236428163,0.24900327404346295,0.0,0.043004803946377325,0.057510470714240335
ASD,False,2.7583333333333333,47.98469091063944,51.763604231350584,0.25170485800997094,0.0,0.04326463254832238,0.05751511581261176
ASD,False,2.7666666666666666,47.97786442786078,51.76771258487647,0.25442298726274404,0.0,0.04352464420222108,0.057519680649862744
ASD,False,2.775,47.97109266640029,51.771749661827435,0.25715767177227195,0.0,0.04378483582856482,0.057524166290919374
ASD,False,2.783333333333333,47.964374670975815,51.77571640772443,0.2599089212997469,0.0,0.044045204385261785,0.057528573786360476
ASD,False,2.7916666666666665,47.957709499243784,51.77961375535638,0.262676745399832,0.0,0.044305746867230406,0.0575329041726182
ASD,False,2.8,47.951096221618684,51.783442624957914,0.26546115342339854,0.0,0.04456646030599609,0.057537158472175456
ASD,False,2.808333333333333,47.94453392109529,51.78720392438448,0.26826215452023183,0.0,0.044827341769291144,0.05754133769376053
ASD,False,2.8166666666666664,47.93802169307348,51.79089854928481,0.27107975764170583,0.0,0.04508838836065777,0.05754544283253868
ASD,False,2.825,47.93155864518568,51.794527383270896,0.2739139715434276,0.0,0.045349597219054356,0.057549474870300994
ASD,False,2.8333333333333335,47.92514389712685,51.7980912980853,0.27676480478785015,0.0,0.045610965518464934,0.057553434775650336
ASD,False,2.841666666666667,47.918776580487034,51.801591153766104,0.2796322657468562,0.0,0.04587249046751188,0.05755732350418456
ASD,False,2.85,47.912455838586325,51.80502779880936,0.2825163626043109,0.0,0.046134169309071806,0.05756114199867707
ASD,False,2.8583333333333334,47.90618082631229,51.80840207032913,0.28541710335858544,0.0,0.04639599931989467,0.05756489118925459
ASD,False,2.8666666666666667,47.899950709959796,51.811714794215156,0.28833449582505016,0.0,0.04665797781022615,0.0575685719935724
ASD,False,2.875,47.8937646670732,51.81496678528826,0.2912685476385394,0.0,0.04692010212343325,0.057572185316986955
ASD,False,2.8833333333333333,47.88762188629084,51.818158847453375,0.2942192662557863,0.0,0.04718236963563305,0.057575732052725974
ASD,False,2.8916666666666666,47.88152156719179,51.82129177385038,0.2971866589578294,0.0,0.04744477775532485,0.057579213082055984
ASD,False,2.9,47.87546292014491,51.8243663470027,0.3001707328523903,0.0,0.0477073239230254,0.05758262927444745
ASD,False,2.908333333333333,47.869445166160055,51.827383338963735,0.303171494876223,0.0,0.047970005610907425,0.057585981487737484
ASD,False,2.9166666666666665,47.86346753674146,51.83034351146111,0.30618895179743516,0.0,0.0482328203224414,0.05758927056829012
ASD,False,2.925,47.857529273743324,51.8332476160389,0.3092231102177816,0.0,0.04849576559204048,0.057592497351154334
ASD,False,2.933333333333333,47.85162962922739,51.83609639419769,0.31227397657492995,0.0,0.04875883898470873,0.057595662660219656
ASD,False,2.9416666666666664,47.845767865322685,51.838890577532624,0.31534155714469914,0.0,0.04902203809569248,0.05759876730836958
ASD,False,2.95,47.839943254087274,51.841630887869464,0.31842585804327095,0.0,0.04928536055013501,0.05760181209763274
ASD,False,2.9583333333333335,47.834155077371975,51.844318037398665,0.3215268852293735,0.0,0.049548804002734224,0.05760479781933185
ASD,False,2.966666666666667,47.828402626686085,51.84695272880749,0.32464464450644037,0.0,0.04981236613740382,0.05760772525423054
ASD,False,2.975,47.822685203065056,51.849535655410214,0.32777914152474114,0.0,0.05007604466693736,0.05761059517267802
ASD,False,2.9833333333333334,47.81700211694007,51.85206750127646,0.33093038178348716,0.0,0.050339837332675656,0.05761340833475162
ASD,False,2.9916666666666667,47.811352688009435,51.85454894135767,0.3340983706329106,0.0,0.05060374190417731,0.057616165490397414
ASD,False,3.0,47.80573624511196,51.85698064161174,0.33728311327631855,0.0,0.05086775617889236,0.0576188673795686
ASD,False,3.0083333333333333,47.800152126102,51.8593632591259,0.34048461477212155,0.0,0.051131877981839075,0.05762151473236211
ASD,False,3.0166666666666666,47.79459967772643,51.861697442237755,0.3437028800358367,0.0,0.051396105165283944,0.05762410826915306
ASD,False,3.025,47.78907825550329,51.86398383065466,0.3469379138420661,0.0,0.05166043560842471,0.0576266487007274
ASD,False,3.033333333333333,47.783587223602204,51.86622305557137,0.35018972082645083,0.0,0.051924867217076516,0.05762913672841263
ASD,False,3.0416666666666665,47.7781259547265,51.868415739785924,0.3534583054876003,0.0,0.05218939792336115,0.05763157304420658
ASD,False,3.05,47.77269382999703,51.87056249781399,0.35674367218899744,0.0,0.05245402568539939,0.057633958330904435
ASD,False,3.058333333333333,47.767290238837624,51.872663936001516,0.36004582516088013,0.0,0.05271874848700634,0.05763629326222391
ASD,False,3.0666666666666664,47.76191457886219,51.87472065263573,0.36336476850209903,0.0,0.05298356433738989,0.05763857850292859
ASD,False,3.075,47.75656625576342,51.876733238054655,0.36670050618195177,0.0,0.053248471270852166,0.05764081470894962
ASD,False,3.0833333333333335,47.75124468320305,51.87870227475498,0.3700530420419937,0.0,0.0535134673464939,0.05764300252750553
ASD,False,3.091666666666667,47.74594928270374,51.88062833749845,0.373422379797827,0.0,0.05377855064792203,0.0576451425972205
ASD,False,3.1,47.74067948354243,51.88251199341673,0.3768085230408653,0.0,0.05404371928296005,0.057647235548240805
ASD,False,3.1083333333333334,47.73543472264521,51.88435380211473,0.38021147524007737,0.0,0.05430897138336142,0.0576492820023497
ASD,False,3.1166666666666667,47.730214444483714,51.8861543157726,0.38363123974370733,0.0,0.05457430510452587,0.057651282573080664
ASD,False,3.125,47.725018100972946,51.8879140792461,0.387067819780974,0.0,0.054839718625218775,0.057653237865829
ASD,False,3.1333333333333333,47.71984515137055,51.88963363016573,0.3905212184637476,0.0,0.055105210147293186,0.05765514847796192
ASD,False,3.1416666666666666,47.71469506217751,51.89131349903431,0.3939914387882057,0.0,0.05537077789541498,0.05765701499892701
ASD,False,3.15,47.70956730704027,51.89295420932329,0.39747848363646726,0.0,0.05563642011679079,0.05765883801035921
ASD,False,3.158333333333333,47.70446136665415,51.89455627756767,0.40098235577820585,0.0,0.055902135080898745,0.057660618086186305
ASD,False,3.1666666666666665,47.69937672866824,51.89612021345955,0.4045030578722422,0.0,0.05616792107922213,0.05766235579273283
ASD,False,3.175,47.69431288759152,51.897646519940395,0.4080405924681159,0.0,0.05643377642498578,0.05766405168882266
ASD,False,3.183333333333333,47.68926934470036,51.899135693292045,0.41159496200763696,0.0,0.05669969945289535,0.05766570632588005
ASD,False,3.1916666666666664,47.684245607947254,51.900588223226364,0.4151661688264168,0.0,0.05696568851887926,0.05766732024802929
ASD,False,3.2,47.67924119187094,51.90200459297371,0.4187542151553804,0.0,0.05723174199983348,0.057668893992193014
ASD,False,3.2083333333333335,47.67425561750767,51.90338527937011,0.4223591031222565,0.0,0.05749785829336898,0.057670428088189014
ASD,False,3.216666666666667,47.66928841230374,51.904730752943244,0.42598083475305143,0.0,0.05776403581756198,0.057671923058825826
ASD,False,3.225,47.6643391100293,51.906041477997235,0.4296194119735012,0.0,0.0580302730107068,0.05767337941999693
ASD,False,3.2333333333333334,47.65940725069329,51.90731791269624,0.4332748366105053,0.0,0.05829656833107143,0.057674797680773604
ASD,False,3.2416666666666667,47.6544923804596,51.908560509146895,0.43694711039354217,0.0,0.05856292025665575,0.05767617834349655
ASD,False,3.25,47.6495940515644,51.90976971347958,0.4406362349560654,0.0,0.05882932728495242,0.0576775219038662
ASD,False,3.2583333333333333,47.6447118222346,51.91094596592856,0.44434221183688183,0.0,0.059095787932710225,0.05767882885103173
ASD,False,3.2666666666666666,47.63984525660743,51.912089700911096,0.44806504248151113,0.0,0.059362300735700264,0.057680099667678994
ASD,False,3.275,47.634993924651205,51.9132013471053,0.4518047282435283,0.0,0.05962886424848446,0.057681334830117
ASD,False,3.283333333333333,47.63015740208709,51.91428132752706,0.4555612703858873,0.0,0.05989547704418677,0.0576825348083634
ASD,False,3.2916666666666665,47.62533527031202,51.915330059605786,0.45933467008222756,0.0,0.06016213771426686,0.05768370006622865
ASD,False,3.3,47.62052711632264,51.916347955259226,0.46312492841816344,0.0,0.06042884486829634,0.05768483106139914
ASD,False,3.308333333333333,47.61573253264036,51.91733542096711,0.4669320463925561,0.0,0.0606955971337374,0.05768592824551901
ASD,False,3.3166666666666664,47.610951117237356,51.91829285784391,0.4707560249187684,0.0,0.06096239315572398,0.05768699206427101
ASD,False,3.3249999999999997,47.60618247346367,51.919220661710455,0.47459686482590346,0.0,0.06122923159684537,0.05768802295745606
ASD,False,3.3333333333333335,47.60142620997528,51.92011922316473,0.4784545668600265,0.0,0.061496111136932194,0.057689021359071925
ASD,False,3.341666666666667,47.59668194066314,51.92098892765152,0.48232913168536945,0.0,0.061763030472844815,0.05768998769739058
ASD,False,3.35,47.59194928458327,51.92183015553124,0.4862205598855212,0.0,0.06202998831826417,0.05769092239503471
ASD,False,3.3583333333333334,47.58722786588772,51.92264328214771,0.49012885196460015,0.0,0.06229698340348491,0.05769182586905301
ASD,False,3.3666666666666667,47.58251731375651,51.9234286778951,0.4940540083484118,0.0,0.0625640144752108,0.05769269853099456
ASD,False,3.375,47.577817262330576,51.92418670828386,0.4979960293855907,0.0,0.06283108029635269,0.05769354078698207
ASD,False,3.3833333333333333,47.5731273506455,51.924917734005795,0.5019549153487268,0.0,0.06309817964582841,0.05769435303778422
ASD,False,3.3916666666666666,47.56844722256629,51.92562211099826,0.5059306664354766,0.0,0.06336531131836533,0.057695135678886955
ASD,False,3.4,47.56377652672294,51.92630019050743,0.5099232827696595,0.0,0.06363247412430482,0.057695889100563814
ASD,False,3.408333333333333,47.55911491644694,51.92695231915075,0.5139327644023387,0.0,0.06389966688940926,0.05769661368794528
ASD,False,3.4166666666666665,47.55446204970864,51.9275788389785,0.5179591113128885,0.0,0.06416688845467099,0.05769730982108722
ASD,False,3.425,47.549817589055436,51.928180087534535,0.5220023234100458,0.0,0.06443413767612359,0.05769797787503837
ASD,False,3.433333333333333,47.54518120155088,51.928756397916196,0.5260624005329484,0.0,0.06470141342465535,0.057698618219906884
ASD,False,3.4416666666666664,47.540552558714495,51.929308098833374,0.5301393424521581,0.0,0.06496871458582486,0.05769923122092597
ASD,False,3.4499999999999997,47.53593133646255,51.929835514666806,0.5342331488706712,0.0,0.06523604005967863,0.05769981723851867
ASD,False,3.4583333333333335,47.53131721504955,51.93033896552557,0.5383438194249137,0.0,0.065503388760571,0.05770037662836175
ASD,False,3.466666666666667,47.526709879010525,51.930818767303776,0.5424713536857239,0.0,0.06577075961698596,0.05770090974144864
ASD,False,3.475,47.522109017104185,51.93127523173652,0.5466157511593208,0.0,0.06603815157136117,0.05770141692415169
ASD,False,3.4833333333333334,47.51751432225675,51.93170866645501,0.5507770112882607,0.0,0.06630556357991402,0.05770189851828334
ASD,False,3.4916666666666667,47.5129254915066,51.93211937504105,0.5549551334523785,0.0,0.06657299461246954,0.05770235486115672
ASD,False,3.5,47.50834222594965,51.93250765708067,0.5591501169697174,0.0,0.06684044365229061,0.05770278628564519
ASD,False,3.5083333333333333,47.50376423068547,51.93287380821711,0.5633619610974457,0.0,0.06710790969590986,0.057703193120241233
ASD,False,3.5166666666666666,47.49919121476421,51.93321812020306,0.5675906650327611,0.0,0.06737539175296378,0.05770357568911451
ASD,False,3.525,47.494622891134085,51.933540880952165,0.5718362279137816,0.0,0.06764288884602862,0.057703934312169074
ASD,False,3.533333333333333,47.49005897658972,51.93384237458988,0.5760986488204249,0.0,0.06791040001045826,0.057704269305099865
ASD,False,3.5416666666666665,47.48549919172115,51.9341228815036,0.5803779267752758,0.0,0.06817792429422405,0.057704580979448444
ASD,False,3.55,47.48094326086346,51.934382678392126,0.5846740607444405,0.0,0.06844546075775647,0.05770486964265792
ASD,False,3.558333333333333,47.47639091204718,51.93462203831447,0.5889870496383907,0.0,0.06871300847378864,0.05770513559812719
ASD,False,3.5666666666666664,47.47184187694927,51.93484123073797,0.5933168923127939,0.0,0.06898056652720176,0.05770537914526441
ASD,False,3.5749999999999997,47.46729589084488,51.935040521585826,0.5976635875693347,0.0,0.06924813401487231,0.05770560057953981
ASD,False,3.5833333333333335,47.46275269255965,51.935220173283874,0.6020271341565218,0.0,0.06951571004552118,0.05770580019253764
ASD,False,3.591666666666667,47.4582120244227,51.93538044480685,0.6064075307704858,0.0,0.06978329373956431,0.057705978272007616
ASD,False,3.6,47.45367363222027,51.935521591724005,0.6108047760557658,0.0,0.07005088422896553,0.05770613510191556
ASD,False,3.6083333333333334,47.449137265149965,51.93564386624399,0.6152188686060838,0.0,0.07031848065709077,0.057706270962493325
ASD,False,3.6166666666666667,47.444602675775585,51.93574751725936,0.6196498069651092,0.0,0.07058608217856426,0.057706386130288174
ASD,False,3.625,47.44006961998264,51.935832790390194,0.6240975896272124,0.0,0.07085368795912624,0.05770648087821133
ASD,False,3.6333333333333333,47.4355378569344,51.93589992802744,0.6285622150382077,0.0,0.0711212971754926,0.05770655547558604
ASD,False,3.6416666666666666,47.431007149028574,51.93594916937539,0.633043681596086,0.0,0.07138890901521605,0.05770661018819488
ASD,False,3.65,47.4264772618545,51.93598075049381,0.6375419876517366,0.0,0.07165652267654894,0.05770664527832646
ASD,False,3.658333333333333,47.421947964151045,51.935994904339346,0.6420571315096604,0.0,0.07192413736830788,0.0577066610048215
ASD,False,3.6666666666666665,47.417419027764915,51.93599186080647,0.6465891114286704,0.0,0.07219175230973976,0.057706657623118295
ASD,False,3.675,47.412890227609644,51.93597184676782,0.6511379256225857,0.0,0.07245936673038965,0.05770663538529758
ASD,False,3.683333333333333,47.408361341625074,51.935935086114064,0.6557035722609124,0.0,0.07272697986997007,0.057706594540126735
ASD,False,3.6916666666666664,47.4038321507374,51.93588179979314,0.6602860494695173,0.0,0.07299459097823192,0.057706535333103486
ASD,False,3.6999999999999997,47.39930243881972,51.93581220584905,0.664885355331291,0.0,0.07326219931483705,0.05770645800649894
ASD,False,3.7083333333333335,47.39477199265315,51.9357265194601,0.6695014878868019,0.0,0.07352980414923217,0.057706362799400106
ASD,False,3.716666666666667,47.39024060188847,51.93562495297664,0.6741344451349399,0.0,0.07379740476052454,0.05770624994775182
ASD,False,3.725,47.38570805900822,51.93550771595827,0.6787842250335536,0.0,0.074065000437359,0.05770611968439808
ASD,False,3.7333333333333334,47.381174159289365,51.9353750152106,0.6834508255000753,0.0,0.07433259047779647,0.05770597223912289
ASD,False,3.7416666666666667,47.376638700766435,51.93522705482147,0.6881342444121396,0.0,0.07460017418919408,0.05770580783869052
ASD,False,3.75,47.372101484195156,51.9350640361967,0.6928344796081912,0.0,0.07486775088808666,0.05770562670688522
ASD,False,3.7583333333333333,47.36756231301658,51.93488615809539,0.6975515288880862,0.0,0.07513531990006962,0.05770542906455043
ASD,False,3.7666666666666666,47.36302099332165,51.934693616664724,0.7022853900136826,0.0,0.07540288055968336,0.05770521512962747
ASD,False,3.775,47.35847733381632,51.934486605474305,0.707036060709424,0.0,0.07567043221029911,0.05770498511719367
ASD,False,3.783333333333333,47.35393114578709,51.93426531555005,0.7118035386629145,0.0,0.07593797420400603,0.05770473923950006
ASD,False,3.7916666666666665,47.34938224306695,51.934029935407615,0.7165878215254846,0.0,0.0762055059014998,0.057704477706008464
ASD,False,3.8,47.34483044200191,51.93378065108539,0.7213889069127509,0.0,0.07647302667197257,0.05770420072342821
ASD,False,3.808333333333333,47.340275561417826,51.93351764617706,0.7262067924051655,0.0,0.07674053589300418,0.057703908495752285
ASD,False,3.8166666666666664,47.33571742258779,51.9332411018637,0.731041475548559,0.0,0.07700803295045486,0.057703601224293
ASD,False,3.8249999999999997,47.331155849199895,51.93295119694548,0.7358929538546753,0.0,0.07727551723835904,0.0577032791077172
ASD,False,3.8333333333333335,47.32659066732542,51.932648107872936,0.7407612248016994,0.0,0.07754298815882071,0.05770294234208104
ASD,False,3.841666666666667,47.32202170538747,51.9323320087778,0.7456462858347749,0.0,0.07781044512190984,0.05770259112086422
ASD,False,3.85,47.317448794130044,51.93200307150349,0.7505481343665189,0.0,0.07807788754556022,0.05770222563500387
ASD,False,3.8583333333333334,47.31287176658744,51.93166146563508,0.7554667677775246,0.0,0.07834531485546851,0.057701846072927866
ASD,False,3.8666666666666667,47.308290458054174,51.93130735852901,0.7604021834168601,0.0,0.07861272648499464,0.05770145262058779
ASD,False,3.875,47.30370470605521,51.93094091534228,0.7653543786025572,0.0,0.07888012187506313,0.05770104546149143
ASD,False,3.8833333333333333,47.299114350316614,51.93056229906134,0.770323350622096,0.0,0.07914750047406603,0.05770062477673483
ASD,False,3.8916666666666666,47.294519232736626,51.93017167053054,0.7753090967328804,0.0,0.07941486173776681,0.057700190745033936
ASD,False,3.9,47.28991919735709,51.92976918848026,0.7803116141627076,0.0,0.07968220512920549,0.057699743542755845
ASD,False,3.908333333333333,47.28531409033524,51.929355009554584,0.7853309001102301,0.0,0.07994953011860498,0.05769928334394954
ASD,False,3.9166666666666665,47.28070375991592,51.92892928833872,0.7903669517454126,0.0,0.0802168361832786,0.05769881032037636
ASD,False,3.925,47.27608805640411,51.928492177385955,0.7954197662099802,0.0,0.08048412280753862,0.05769832464153995
ASD,False,3.933333333333333,47.27146683213789,51.9280438272443,0.8004893406178615,0.0,0.0807513894826061,0.05769782647471589
ASD,False,3.9416666666666664,47.26683994146163,51.92758438648279,0.8055756720556247,0.0,0.08101863570652175,0.05769731598498088
ASD,False,3.9499999999999997,47.262207240699745,51.9271140017174,0.810678757582908,0.0,0.08128586098405796,0.05769679333524155
ASD,False,3.9583333333333335,47.25756858813056,51.926632817636644,0.8157985942328424,0.0,0.08155306482663185,0.057696258686262936
ASD,False,3.966666666666667,47.25292384396072,51.926140977026854,0.8209351790124695,0.0,0.08182024675221944,0.0576957121966965
ASD,False,3.975,47.24827287029982,51.92563862079707,0.8260885089031532,0.0,0.08208740628527092,0.05769515402310786
ASD,False,3.9833333333333334,47.243615531135404,51.925125888003656,0.8312585808609854,0.0,0.08235454295662702,0.057694584320004065
ASD,False,3.9916666666666667,47.238951692308305,51.92460291587456,0.8364453918171839,0.0,0.08262165630343621,0.05769400323986062
ASD,False,4.0,47.23428122148831,51.92406983983325,0.8416489386784881,0.0,0.08288874586907324,0.05769341093314806
ASD,False,4.008333333333333,47.22960398815014,51.92352679352236,0.8468692183275448,0.0,0.08315581120305843,0.057692807548358184
ASD,False,4.016666666666667,47.224919863549744,51.92297390882702,0.8521062276232928,0.0,0.08342285186097816,0.05769219323203002
ASD,False,4.025,47.22022872070091,51.922411315897804,0.8573599634013368,0.0,0.08368986740440618,0.057691568128775336
ASD,False,4.033333333333333,47.21553043435219,51.92183914317354,0.8626304224743194,0.0,0.0839568574008261,0.05769093238130393
ASD,False,4.041666666666667,47.210824880964125,51.92125751740364,0.867917601632289,0.0,0.08422382142355479,0.057690286130448486
ASD,False,4.05,47.20611193868679,51.92066656367021,0.8732214976430558,0.0,0.08449075905166656,0.05768962951518912
ASD,False,4.058333333333334,47.201391487337574,51.92006640540993,0.878542107252551,0.0,0.08475766986991859,0.0576889626726777
ASD,False,4.066666666666666,47.19666340837935,51.919457164435535,0.8838794271851725,0.0,0.08502455346867702,0.05768828573826171
ASD,False,4.075,47.19192758489885,51.918838960957075,0.8892334541441338,0.0,0.08529140944384427,0.05768759884550786
ASD,False,4.083333333333333,47.18718390158535,51.91821191360292,0.8946041848117986,0.0,0.08555823739678686,0.057686902126225466
ASD,False,4.091666666666667,47.182432244709666,51.91757613944037,0.8999916158500202,0.0,0.0858250369342647,0.0576861957104893
ASD,False,4.1,47.177672502103405,51.91693175399619,0.9053957439004666,0.0,0.0860918076683606,0.05768547972666243
ASD,False,4.108333333333333,47.17290456313845,51.91627887127666,0.9108165655849492,0.0,0.0863585492164113,0.05768475430141851
ASD,False,4.116666666666666,47.168128318706806,51.91561760378752,0.9162540775057382,0.0,0.08662526120093895,0.057684019559763905
ASD,False,4.125,47.163343661200614,51.91494806255356,0.921708276245883,0.0,0.08689194324958366,0.05768327562505952
ASD,False,4.133333333333333,47.158550484492515,51.91427035713803,0.927179158369517,0.0,0.08715859499503673,0.057682522619042255
ASD,False,4.141666666666667,47.15374868391619,51.9135845956617,0.932666720422169,0.0,0.08742521607497503,0.05768176066184634
ASD,False,4.15,47.14893815624724,51.91289088482176,0.9381709589310594,0.0,0.0876918061319958,0.057680989872024184
ASD,False,4.158333333333333,47.14411879968424,51.91218932991042,0.9436918704054,0.0,0.08795836481355261,0.05768021036656713
ASD,False,4.166666666666667,47.13929051383012,51.911480034833254,0.9492294513366873,0.0,0.08822489177189201,0.05767942226092584
ASD,False,4.175,47.13445319967371,51.910763102127376,0.9547836981989866,0.0,0.08849138666399084,0.05767862566903042
ASD,False,4.183333333333334,47.12960675957157,51.91003863297928,0.9603546074492206,0.0,0.08875784915149475,0.05767782070331031
ASD,False,4.191666666666666,47.1247510972301,51.90930672724252,0.9659421755274443,0.0,0.08902427890065685,0.057677007474713916
ASD,False,4.2,47.11988611768781,51.90856748345514,0.9715463988571251,0.0,0.08929067558227789,0.05767618609272793
ASD,False,4.208333333333333,47.11501172729786,51.907820998856806,0.9771672738454088,0.0,0.0895570388716465,0.05767535666539645
ASD,False,4.216666666666667,47.11012783371081,51.907067369405866,0.9828047968833923,0.0,0.08982336844848077,0.05767451929933985
ASD,False,4.225,47.10523434585767,51.906306689796025,0.9884589643463815,0.0,0.09008966399687009,0.057673674099773364
ASD,False,4.233333333333333,47.10033117393304,51.90553905347288,0.9941297725941557,0.0,0.09035592520521812,0.05767282117052542
ASD,False,4.241666666666666,47.09541822937861,51.90476455265024,0.999817217971218,0.0,0.0906221517661862,0.05767196061405582
ASD,False,4.25,47.09049542486679,51.90398327832624,1.0055212968070517,0.0,0.0908883433766377,0.057671092531473594
ASD,False,4.258333333333333,47.08556267428455,51.90319532029915,1.011242005416363,0.0,0.09115449973758286,0.05767021702255461
ASD,False,4.266666666666667,47.08061989271759,51.902400767183146,1.016979340099331,0.0,0.09142062055412453,0.05766933418575905
ASD,False,4.275,47.075666996434535,51.901599706423696,1.0227332971418415,0.0,0.09168670553540449,0.05766844411824855
ASD,False,4.283333333333333,47.07070390287147,51.900792224312866,1.0285038728157283,0.0,0.09195275439455043,0.05766754691590319
ASD,False,4.291666666666667,47.065730530616676,51.89997840600438,1.0342910633790066,0.0,0.09221876684862383,0.0576666426733382
ASD,False,4.3,47.060746799395474,51.89915833552849,1.0400948650760988,0.0,0.09248474261856808,0.05766573148392055
ASD,False,4.308333333333334,47.055752630055366,51.89833209580663,1.045915274138066,0.0,0.09275068142915775,0.05766481343978514
ASD,False,4.316666666666666,47.05074794455132,51.89749976866592,1.0517522867828248,0.0,0.09301658300894808,0.05766388863185102
ASD,False,4.325,47.045732665931254,51.896661434853435,1.0576058992153732,0.0,0.09328244709022551,0.05766295714983715
ASD,False,4.333333333333333,47.04070671832172,51.89581717405034,1.0634761076280004,0.0,0.0935482734089584,0.05766201908227816
ASD,False,4.341666666666667,47.03567002691379,51.89496706488577,1.0693629082005056,0.0,0.09381406170474887,0.05766107451653974
ASD,False,4.35,47.03062251794908,51.89411118495058,1.0752662971004021,0.0,0.0940798117207848,0.05766012353883398
ASD,False,4.358333333333333,47.02556411870601,51.893249610810926,1.0811862704831292,0.0,0.0943455232037928,0.057659166234234366
ASD,False,4.366666666666666,47.020494757486205,51.89238241802161,1.0871228244922497,0.0,0.09461119590399149,0.05765820268669068
ASD,False,4.375,47.01541436360111,51.8915096811393,1.0930759552596563,0.0,0.09487682957504572,0.05765723297904366
ASD,False,4.383333333333333,47.010322867358745,51.890631473735546,1.0990456589057624,0.0,0.09514242397402092,0.0576562571930395
ASD,False,4.391666666666667,47.00522020005067,51.889747868409685,1.1050319315397028,0.0,0.09540797886133856,0.05765527540934409
ASD,False,4.4,47.00010629393907,51.88885893680147,1.1110347692595195,0.0,0.09567349400073169,0.057654287707557185
ASD,False,4.408333333333333,46.994981082244074,51.88796474960363,1.117054168152352,0.0,0.09593896915920141,0.057653294166226256
ASD,False,4.416666666666667,46.98984449913119,51.88706537657425,1.1230901242946252,0.0,0.09620440410697376,0.057652294862860276
ASD,False,4.425,46.98469647969892,51.886160886548915,1.1291426337522268,0.0,0.09646979861745703,0.05765128987394324
ASD,False,4.433333333333334,46.97953695996655,51.885251347452815,1.135211692580693,0.0,0.09673515246719996,0.05765027927494757
ASD,False,4.441666666666666,46.9743658768621,51.88433682631258,1.1412972968253798,0.0,0.0970004654358501,0.05764926314034731
ASD,False,4.45,46.96918316821039,51.883417389268025,1.147399442521643,0.0,0.09726573730611297,0.057648241543631136
ASD,False,4.458333333333333,46.963988772721315,51.88249310158374,1.1535181256950047,0.0,0.09753096786371158,0.057647214557315266
ASD,False,4.466666666666667,46.958782629978245,51.88156402766049,1.1596533423613269,0.0,0.09779615689734665,0.0576461822529561
ASD,False,4.475,46.95356468042661,51.88063023104648,1.1658050885269735,0.0,0.0980613041986571,0.057645144701162755
ASD,False,4.483333333333333,46.94833486536257,51.87969177444852,1.1719733601889792,0.0,0.09832640956218133,0.05764410197160946
ASD,False,4.491666666666666,46.943093126921895,51.878748719742966,1.1781581533352055,0.0,0.09859147278531867,0.05764305413304774
ASD,False,4.5,46.937839408068974,51.87780112798658,1.1843594639445048,0.0,0.09885649366829173,0.05764200125331842
ASD,False,4.508333333333333,46.93257365258596,51.87684905942723,1.1905772879868721,0.0,0.09912147201410877,0.05764094339936359
ASD,False,4.516666666666667,46.927295805062045,51.875892573514406,1.1968116214236038,0.0,0.09938640762852705,0.05763988063723823
ASD,False,4.525,46.922005810882915,51.8749317289097,1.203062460207445,0.0,0.09965130032001611,0.05763881303212189
ASD,False,4.533333333333333,46.91670361622029,51.87396658349703,1.2093298002827404,0.0,0.09991614989972208,0.057637740648330035
ASD,False,4.541666666666667,46.911389168021664,51.872997194392816,1.215613637585584,0.0,0.1001809561814321,0.057636663549325354
ASD,False,4.55,46.906062414000104,51.872023617955996,1.2219139680439588,0.0,0.1004457189815391,0.05763558179772888
ASD,False,4.558333333333334,46.90072330262428,51.87104590979789,1.2282307875778842,0.0,0.1007104381190076,0.05763449545533099
ASD,False,4.566666666666666,46.89537178310851,51.870064124791995,1.2345640920995522,0.0,0.10097511341533913,0.05763340458310222
ASD,False,4.575,46.89000780540304,51.869078317083556,1.2409138775134692,0.0,0.10123974469453889,0.05763230924120395
ASD,False,4.583333333333333,46.88463132018437,51.8680885400991,1.2472801397165878,0.0,0.10150433178308227,0.057631209488999004
ASD,False,4.591666666666667,46.87924227884577,51.86709484655584,1.2536628745984457,0.0,0.10176887450988215,0.05763010538506204
ASD,False,4.6,46.87384063348791,51.866097288470854,1.260062078041292,0.0,0.10203337270625634,0.05762899698718984
ASD,False,4.608333333333333,46.86842633690953,51.86509591717031,1.266477745920223,0.0,0.10229782620589581,0.05762788435241145
ASD,False,4.616666666666666,46.862999342598364,51.864090783298394,1.2729098741033025,0.0,0.10256223484483287,0.05762676753699822
ASD,False,4.625,46.85755960472208,51.86308193682628,1.279358458451695,0.0,0.10282659846141023,0.05762564659647365
ASD,False,4.633333333333333,46.8521070781194,51.862069427060874,1.285823494819784,0.0,0.10309091689625005,0.057624521585623194
ASD,False,4.641666666666667,46.84664171829129,51.861053302653474,1.2923049790552972,0.0,0.1033551899922237,0.05762339255850386
ASD,False,4.65,46.84116348139229,51.860033611608344,1.2988029069994238,0.0,0.10361941759442175,0.05762225956845372
ASD,False,4.658333333333333,46.83567232422199,51.859010401291144,1.3053172744869335,0.0,0.10388359955012431,0.05762112266810127
ASD,False,4.666666666666667,46.830168204216506,51.85798371843726,1.3118480773462948,0.0,0.104147735708772,0.057619981909374736
ASD,False,4.675,46.82465107944024,51.856953609160044,1.3183953113997846,0.0,0.10441182592193693,0.05761883734351116
ASD,False,4.683333333333334,46.81912090857756,51.8559201189589,1.3249589724636064,0.0,0.10467587004329446,0.05761768902106544
ASD,False,4.691666666666666,46.813577650924756,51.854883292727315,1.3315390563479956,0.0,0.10493986792859486,0.05761653699191924
ASD,False,4.7,46.80802126638198,51.853843174760755,1.3381355588573336,0.0,0.10520381943563592,0.057615381305289724
ASD,False,4.708333333333333,46.80245171544534,51.85279980876447,1.3447484757902497,0.0,0.10546772442423527,0.05761422200973831
ASD,False,4.716666666666667,46.796868959199124,51.8517532378612,1.3513778029397328,0.0,0.10573158275620363,0.057613059153179116
ASD,False,4.725,46.79127295930807,51.85070350459876,1.3580235360932293,0.0,0.10599539429531797,0.05761189278288752
ASD,False,4.733333333333333,46.78566367800976,51.84965065095755,1.3646856710327508,0.0,0.10625915890729541,0.05761072294550839
ASD,False,4.741666666666666,46.780041078107146,51.848594718357944,1.3713642035349698,0.0,0.106522876459767,0.05760954968706438
ASD,False,4.75,46.77440512296111,51.84753574766762,1.3780591293713236,0.0,0.10678654682225236,0.057608373052964026
ASD,False,4.758333333333333,46.7687557764832,51.84647377920876,1.384770444308107,0.0,0.10705016986613415,0.05760719308800973
ASD,False,4.766666666666667,46.76309300312835,51.84540885276514,1.391498144106573,0.0,0.10731374546463333,0.05760600983640571
ASD,False,4.775,46.75741676788784,51.8443410075892,1.3982422245230233,0.0,0.10757727349278436,0.057604823341765775
ASD,False,4.783333333333333,46.75172703628221,51.843270282408945,1.4050026813089025,0.0,0.10784075382741085,0.05760363364712105
ASD,False,4.791666666666667,46.746023774354384,51.84219671543479,1.4117795102108919,0.0,0.10810418634710181,0.057602440794927545
ASD,False,4.8,46.740306948662756,51.84112034436631,1.4185727069709948,0.0,0.1083675709321876,0.057601244827073676
ASD,False,4.808333333333334,46.7345765262745,51.84004120639893,1.4253822673266308,0.0,0.10863090746471692,0.0576000457848877
ASD,False,4.816666666666666,46.72883247475888,51.83895933823047,1.432208187010716,0.0,0.10889419582843335,0.05759884370914496
ASD,False,4.825,46.72307476218067,51.837874776067636,1.4390504617517563,0.0,0.10915743590875296,0.05759763864007515
ASD,False,4.833333333333333,46.71730335709367,51.83678755563246,1.445909087273925,0.0,0.10942062759274146,0.0575964306173694
ASD,False,4.841666666666667,46.7115182285343,51.8356977121686,1.4527840592971513,0.0,0.10968377076909236,0.05759521968018733
ASD,False,4.85,46.70571934601528,51.834605280447576,1.4596753735371963,0.0,0.10994686532810471,0.057594005867163976
ASD,False,4.858333333333333,46.69990667951937,51.83351029477494,1.4665830257057406,0.0,0.11020991116166189,0.0575927892164166
ASD,False,4.866666666666666,46.69408019949326,51.832412788996336,1.473507011510455,0.0,0.11047290816320984,0.057591569765551485
ASD,False,4.875,46.68823987684142,51.831312796503546,1.480447326655086,0.0,0.11073585622773643,0.057590347551670605
ASD,False,4.883333333333333,46.68238568292017,51.830210350240364,1.4874039668395258,0.0,0.11099875525175033,0.057589122611378184
ASD,False,4.891666666666667,46.67651758953173,51.829105482708435,1.4943769277598942,0.0,0.11126160513326074,0.05758789498078715
ASD,False,4.9,46.67063556891836,51.82799822597309,1.5013662051086056,0.0,0.111524405771757,0.057586664695525654
ASD,False,4.908333333333333,46.66473959375665,51.826888611668956,1.5083717945744468,0.0,0.11178715706818865,0.05758543179074328
ASD,False,4.916666666666667,46.65882963715177,51.82577667100564,1.515393691842648,0.0,0.11204985892494584,0.05758419630111738
ASD,False,4.925,46.65290567263188,51.824662434773224,1.522431892594951,0.0,0.11231251124583964,0.057582958260859136
ASD,False,4.933333333333334,46.64696767414261,51.823545933347766,1.5294863925096815,0.0,0.11257511393608306,0.05758171770371974
ASD,False,4.941666666666666,46.641015616041535,51.82242719669671,1.5365571872618142,0.0,0.11283766690227189,0.057580474662996345
ASD,False,4.95,46.635049473092835,51.82130625438418,1.5436442725230441,0.0,0.1131001700523662,0.05757922917153798
ASD,False,4.958333333333333,46.629069220461915,51.8201831355763,1.550747643961847,0.0,0.11336262329567165,0.05757798126175145
ASD,False,4.966666666666667,46.623074833710206,51.81905786904631,1.5578672972435508,0.0,0.11362502654282153,0.05757673096560701
ASD,False,4.975,46.61706628878991,51.817930483179765,1.5650032280303925,0.0,0.11388737970575848,0.057575478314644185
ASD,False,4.983333333333333,46.61104356203893,51.81680100597955,1.5721554319815882,0.0,0.11414968269771704,0.057574223339977276
ASD,False,4.991666666666666,46.605006630175794,51.815669465070876,1.5793239047533876,0.0,0.11441193543320587,0.057572966072300974
ASD,False,5.0,46.598955470294676,51.81453588770625,1.5865086419991419,0.0,0.11467413782799069,0.057571706541895834
ASD,False,5.008333333333333,46.59289005986045,51.81340030077026,1.5937096393693568,0.0,0.11493628979907697,0.05757044477863362
ASD,False,5.016666666666667,46.58681037670386,51.81226273078445,1.6009268925117577,0.0,0.11519839126469339,0.05756918081198272
ASD,False,5.025,46.58071639901671,51.81112320391201,1.6081603970713423,0.0,0.11546044214427494,0.05756791467101335
ASD,False,5.033333333333333,46.57460810534714,51.80998174596249,1.6154101486904389,0.0,0.11572244235844664,0.057566646384402766
ASD,False,5.041666666666667,46.56848547459494,51.80883838239636,1.622676143008766,0.0,0.11598439182900745,0.0575653759804404
ASD,False,5.05,46.562348486006954,51.80769313832962,1.6299583756634801,0.0,0.11624629047891406,0.05756410348703291
ASD,False,5.058333333333334,46.556197119172545,51.80654603853827,1.6372568422892377,0.0,0.11650813823226541,0.05756282893170919
ASD,False,5.066666666666666,46.55003135401907,51.80539710746275,1.6445715385182416,0.0,0.11676993501428684,0.05756155234162528
ASD,False,5.075,46.54385117080746,51.8042463692123,1.651902459980298,0.0,0.11703168075131498,0.05756027374356922
ASD,False,5.083333333333333,46.53765655012788,51.80309384756932,1.659249602302865,0.0,0.11729337537078241,0.05755899316396591
ASD,False,5.091666666666667,46.53144747289536,51.8019395659936,1.6666129611111051,0.0,0.11755501880120284,0.05755771062888178
ASD,False,5.1,46.52522392034559,51.80078354762654,1.6739925320279323,0.0,0.11781661097215623,0.057556426164029485
ASD,False,5.108333333333333,46.51898587403067,51.79962581529532,1.6813883106740652,0.0,0.11807815181427439,0.05755513979477258
ASD,False,5.116666666666666,46.512733315815,51.79846639151699,1.6888002926680692,0.0,0.11833964125922637,0.057553851546129985
ASD,False,5.125,46.50646622787115,51.79730529850249,1.6962284736264102,0.0,0.1186010792397045,0.05755256144278055
ASD,False,5.133333333333333,46.50018459267586,51.7961425581607,1.7036728491634945,0.0,0.11886246568941022,0.05755126950906745
ASD,False,5.141666666666667,46.493888393005996,51.794978192102334,1.7111334148917205,0.0,0.11912380054304042,0.057549975769002594
ASD,False,5.15,46.48757761193468,51.793812221643854,1.7186101664215192,0.0,0.1193850837362736,0.057548680246270946
ASD,False,5.158333333333333,46.48125223282736,51.792644667811295,1.7261030993613988,0.0,0.11964631520575658,0.05754738296423477
ASD,False,5.166666666666667,46.47491223933798,51.791475551344085,1.733612209317992,0.0,0.11990749488909118,0.057546083945937875
ASD,False,5.175,46.468557615405224,51.790304892698735,1.741137491896092,0.0,0.12016862272482104,0.057544783214109704
ASD,False,5.183333333333334,46.46218834524877,51.789132712052584,1.7486789426987017,0.0,0.12042969865241883,0.05754348079116954
ASD,False,5.191666666666666,46.45580441336557,51.78795902930741,1.7562365573270675,0.0,0.12069072261227325,0.05754217669923045
ASD,False,5.2,46.44940580452628,51.78678386409304,1.7638103313807265,0.0,0.12095169454567674,0.05754087096010338
ASD,False,5.208333333333333,46.44299250377162,51.78560723577088,1.7714002604575405,0.0,0.12121261439481273,0.057539563595300984
ASD,False,5.216666666666667,46.43656449640885,51.78442916343746,1.77900634015374,0.0,0.12147348210274367,0.05753825462604162
ASD,False,5.225,46.430121768008256,51.78324966592784,1.7866285660639578,0.0,0.1217342976133986,0.05753694407325315
ASD,False,5.233333333333333,46.423664304399736,51.78206876181904,1.794266933781272,0.0,0.12199506087156152,0.05753563195757671
ASD,False,5.241666666666666,46.41719209166937,51.78088646943344,1.801921438897237,0.0,0.12225577182285935,0.05753431829937049
ASD,False,5.25,46.41070511615606,51.77970280684206,1.809592077001927,0.0,0.12251643041375047,0.0575330031187134
ASD,False,5.258333333333333,46.40420336444822,51.778517791867856,1.8172788436839635,0.0,0.12277703659151305,0.05753168643540873
ASD,False,5.266666666666667,46.39768682338052,51.77733144208897,1.8249817345305592,0.0,0.12303759030423396,0.05753036826898775
ASD,False,5.275,46.39115548003059,51.776143774841906,1.8327007451275457,0.0,0.12329809150079732,0.05752904863871323
ASD,False,5.283333333333333,46.384609321715935,51.774954807224695,1.8404358710594095,0.0,0.12355854013087361,0.057527727563582993
ASD,False,5.291666666666667,46.378048335990705,51.77376455610001,1.8481871079093286,0.0,0.12381893614490883,0.05752640506233335
ASD,False,5.3,46.37147251064261,51.77257303809822,1.855954451259199,0.0,0.12407927949411357,0.05752508115344247
ASD,False,5.308333333333334,46.36488183368991,51.77138026962046,1.8637378966896743,0.0,0.1243395701304526,0.05752375585513384
ASD,False,5.316666666666666,46.35827629337828,51.77018626684157,1.871537439780189,0.0,0.1245998080066342,0.057522429185379524
ASD,False,5.325,46.35165587817795,51.768991045713086,1.8793530761089983,0.0,0.12485999307610003,0.057521101161903426
ASD,False,5.333333333333333,46.345020576780676,51.76779462196616,1.8871848012532002,0.0,0.12512012529301475,0.05751977180218462
ASD,False,5.341666666666667,46.338370378096855,51.76659701111441,1.8950326107887732,0.0,0.12538020461225613,0.05751844112346046
ASD,False,5.35,46.331705271252666,51.765398228456775,1.9028965002905982,0.0,0.12564023098940497,0.05751710914272975
ASD,False,5.358333333333333,46.325025245587234,51.76419828908031,1.9107764653324948,0.0,0.1259002043807354,0.0575157758767559
ASD,False,5.366666666666666,46.318330290649826,51.762997207862966,1.9186725014872426,0.0,0.12616012474320515,0.05751444134206996
ASD,False,5.375,46.311620396197114,51.76179499947631,1.9265846043266155,0.0,0.12641999203444607,0.05751310555497367
ASD,False,5.383333333333333,46.30489555219044,51.7605916783882,1.9345127694214035,0.0,0.1266798062127546,0.05751176853154245
ASD,False,5.391666666666667,46.29815574879311,51.75938725886549,1.9424569923414448,0.0,0.1269395672370827,0.05751043028762832
ASD,False,5.4,46.29140097636779,51.758181754976604,1.9504172686556467,0.0,0.12719927506702836,0.057509090838862895
ASD,False,5.408333333333333,46.28463122547386,51.75697518059417,1.9583935939320147,0.0,0.12745892966282682,0.057507750200660186
ASD,False,5.416666666666667,46.277846486864824,51.75576754939754,1.9663859637376802,0.0,0.12771853098534153,0.057506408388219486
ASD,False,5.425,46.27104675148579,51.75455887487533,1.9743943736389185,0.0,0.12797807899605534,0.057505065416528146
ASD,False,5.433333333333334,46.26423201047094,51.75334917032792,1.9824188192011813,0.0,0.12823757365706187,0.05750372130036436
ASD,False,5.441666666666666,46.25740225514104,51.75213844886989,1.9904592959891139,0.0,0.12849701493105672,0.05750237605429988
ASD,False,5.45,46.250557477001,51.75092672343246,1.9985157995665845,0.0,0.12875640278132935,0.05750102969270273
ASD,False,5.458333333333333,46.24369766773748,51.74971400676586,2.0065883254967014,0.0,0.12901573717175432,0.05749968222973985
ASD,False,5.466666666666667,46.23682281921644,51.74850031144176,2.014676869341843,0.0,0.1292750180667834,0.05749833367937973
ASD,False,5.475,46.229932923480874,51.7472856498555,2.0227814266636717,0.0,0.12953424543143716,0.057496984055395
ASD,False,5.483333333333333,46.22302797274841,51.746070034228474,2.0309019930231638,0.0,0.12979341923129717,0.05749563337136497
ASD,False,5.491666666666666,46.21610795940906,51.744853476610366,2.039038563980625,0.0,0.13005253943249787,0.057494281640678185
ASD,False,5.5,46.20917287602293,51.7436359888814,2.0471911350957157,0.0,0.13031160600171887,0.05749292887653489
ASD,False,5.508333333333333,46.202222715318044,51.74241758275454,2.055359701927467,0.0,0.13057061890617716,0.05749157509194949
ASD,False,5.516666666666667,46.19525747018804,51.741198269777705,2.063544260034307,0.0,0.13082957811361962,0.05749022029975301
ASD,False,5.525,46.1882771336901,51.73997806133587,2.0717448049740748,0.0,0.1310884835923153,0.05748886451259541
ASD,False,5.533333333333333,46.18128169904274,51.73875696865326,2.079961332304043,0.0,0.1313473353110482,0.05748750774294807
ASD,False,5.541666666666667,46.174271159623714,51.737535002795404,2.0881938375809384,0.0,0.13160613323910983,0.057486150003106
ASD,False,5.55,46.167245508967895,51.7363121746712,2.0964423163609553,0.0,0.13186487734629204,0.05748479130519022
ASD,False,5.558333333333334,46.16020474076527,51.735088495035,2.104706764199782,0.0,0.13212356760287994,0.05748343166115
ASD,False,5.566666666666666,46.15314884885885,51.7338639744886,2.112987176652609,0.0,0.13238220397964462,0.05748207108276511
ASD,False,5.575,46.146077827242685,51.732638623483226,2.1212835492741564,0.0,0.13264078644783667,0.057480709581648026
ASD,False,5.583333333333333,46.13899167005986,51.73141245232152,2.1295958776186836,0.0,0.1328993149791788,0.05747934716924614
ASD,False,5.591666666666667,46.13189037160058,51.73018547115947,2.1379241572400116,0.0,0.13315778954585955,0.057477983856843856
ASD,False,5.6,46.1247739263002,51.72895769000833,2.1462683836915355,0.0,0.1334162101205262,0.05747661965556481
ASD,False,5.608333333333333,46.117642328737325,51.7277291187365,2.1546285525262454,0.0,0.1336745766762786,0.05747525457637389
ASD,False,5.616666666666666,46.11049557363194,51.72649976707139,2.1630046592967367,0.0,0.13393288918666235,0.05747388863007932
ASD,False,5.625,46.10333365584356,51.725269644601276,2.171396699555232,0.0,0.13419114762566256,0.057472521827334755
ASD,False,5.633333333333333,46.09615657036935,51.72403876077711,2.1798046688535906,0.0,0.13444935196769744,0.05747115417864124
ASD,False,5.641666666666667,46.08896431234241,51.72280712491431,2.1882285627433298,0.0,0.1347075021876122,0.05746978569434923
ASD,False,5.65,46.081756877029896,51.721574746194534,2.1966683767756323,0.0,0.1349655982606727,0.057468416384660596
ASD,False,5.658333333333333,46.074534259831296,51.720341633667395,2.2051241065013665,0.0,0.13522364016255947,0.057467046259630436
ASD,False,5.666666666666667,46.06729645627671,51.71910779625225,2.2135957474711,0.0,0.13548162786936177,0.05746567532916917
ASD,False,5.675,46.06004346202511,51.71787324273985,2.2220832952351093,0.0,0.1357395613575716,0.057464303603044276
ASD,False,5.683333333333334,46.05277527286265,51.716637981794015,2.2305867453433996,0.0,0.13599744060407787,0.05746293109088224
ASD,False,5.691666666666666,46.04549188470102,51.71540202195333,2.2391060933457116,0.0,0.13625526558616058,0.05746155780217037
ASD,False,5.7,46.03819329357576,51.71416537163276,2.247641334791541,0.0,0.13651303628148534,0.05746018374625862
ASD,False,5.708333333333333,46.03087949564467,51.71292803912525,2.2561924652301437,0.0,0.1367707526680975,0.05745880893236139
ASD,False,5.716666666666667,46.02355048718617,51.711690032603336,2.264759480210557,0.0,0.1370284147244168,0.05745743336955926
ASD,False,5.725,46.01620626459775,51.710451360120715,2.273342375281604,0.0,0.13728602242923174,0.05745605706680079
ASD,False,5.733333333333333,46.00884682439437,51.70921202961378,2.2819411459919112,0.0,0.1375435757616945,0.0574546800329042
ASD,False,5.741666666666666,46.001472163206955,51.70797204890319,2.290555787889916,0.0,0.13780107470131514,0.0574533022765591
ASD,False,5.75,45.994082277780834,51.70673142569534,2.299186296523882,0.0,0.13805851922795687,0.05745192380632815
ASD,False,5.758333333333333,45.98667716497429,51.70549016758387,2.307832667441906,0.0,0.1383159093218304,0.05745054463064874
ASD,False,5.766666666666667,45.97925682175699,51.70424828205113,2.316494896191934,0.0,0.13857324496348927,0.05744916475783459
ASD,False,5.775,45.97182124520863,51.70300577646966,2.3251729783217665,0.0,0.13883052613382446,0.0574477841960774
ASD,False,5.783333333333333,45.964370432517406,51.70176265810358,2.3338669093790716,0.0,0.1390877528140595,0.057446402953448425
ASD,False,5.791666666666667,45.95690438097862,51.70051893411004,2.342576684911398,0.0,0.13934492498574574,0.05744502103790005
ASD,False,5.8,45.94942308799328,51.699274611540595,2.351302300466178,0.0,0.13960204263075723,0.057443638457267326
ASD,False,5.808333333333334,45.9419265510667,51.69802969734261,2.360043751590747,0.0,0.13985910573128618,0.05744225521926957
ASD,False,5.816666666666666,45.934414767807134,51.69678419836059,2.3688010338323413,0.0,0.14011611426983808,0.05744087133151177
ASD,False,5.825,45.92688773592441,51.695538121337535,2.377574142738119,0.0,0.1403730682292271,0.057439486801486146
ASD,False,5.833333333333333,45.91934545322864,51.69429147291627,2.38636307385516,0.0,0.14062996759257151,0.05743810163657363
ASD,False,5.841666666666667,45.91178791762883,51.69304425964075,2.3951678227304822,0.0,0.14088681234328915,0.05743671584404528
ASD,False,5.85,45.904215127131664,51.691796487957355,2.4039883849110426,0.0,0.14114360246509283,0.05743532943106373
ASD,False,5.858333333333333,45.896627079840165,51.690548164216146,2.4128247559437543,0.0,0.14140033794198623,0.05743394240468461
ASD,False,5.866666666666666,45.88902377395243,51.689299294672146,2.4216769313754867,0.0,0.14165701875825915,0.05743255477185794
ASD,False,5.875,45.88140520776042,51.68804988548656,2.4305449067530804,0.0,0.1419136448984835,0.057431166539429514
ASD,False,5.883333333333333,45.873771379648694,51.68679994272802,2.4394286776233494,0.0,0.14217021634750887,0.05742977771414225
ASD,False,5.891666666666667,45.866122288093194,51.68554947237378,2.448328239533094,0.0,0.14242673309045858,0.05742838830263753
ASD,False,5.9,45.85845793166008,51.684298480310886,2.4572435880291037,0.0,0.1426831951127253,0.05742699831145654
ASD,False,5.908333333333333,45.85077830900448,51.68304697233742,2.4661747186581664,0.0,0.14293960239996706,0.05742560774704158
ASD,False,5.916666666666667,45.8430834188694,51.68179495416359,2.4751216269670793,0.0,0.14319595493810336,0.05742421661573732
ASD,False,5.925,45.835373260084495,51.68054243141293,2.4840843085026467,0.0,0.14345225271331094,0.057422824923792144
ASD,False,5.933333333333334,45.827647831565,51.67928940962337,2.4930627588116976,0.0,0.1437084957120202,0.0574214326773593
ASD,False,5.941666666666666,45.819907132310554,51.67803589424844,2.5020569734410834,0.0,0.14396468392091102,0.05742003988249827
ASD,False,5.95,45.8121511614041,51.67678189065828,2.5110669479376915,0.0,0.14422081732690914,0.05741864654517587
ASD,False,5.958333333333333,45.80437991801083,51.6755274041408,2.520092677848444,0.0,0.1444768959171823,0.05741725267126756
ASD,False,5.966666666666667,45.796593401377045,51.67427243990271,2.5291341587203124,0.0,0.14473291967913662,0.05741585826655857
ASD,False,5.975,45.78879161082916,51.673017003070605,2.538191386100315,0.0,0.14498888860041287,0.05741446333674512
ASD,False,5.983333333333333,45.780974545772565,51.67176109869198,2.5472643555355305,0.0,0.1452448026688829,0.05741306788743553
ASD,False,5.991666666666666,45.773142205690675,51.6705047317363,2.5563530625730966,0.0,0.14550066187264601,0.05741167192415145
ASD,False,6.0,45.76529459014385,51.669247907096,2.5654575027602213,0.0,0.1457564662000255,0.057410275452328886
ASD,True,0.0,100.0,0.0,0.0,0.0,0.0,0.0
ASD,True,0.008333333333333333,98.88359565171108,1.1150032586170706,0.0,0.001401089671853557,0.0,0.0012388925095745229
ASD,True,0.016666666666666666,97.79896130703533,2.195492436449473,0.0,0.0055462565152089765,0.0,0.0024394360404994143
ASD,True,0.025,96.7448317783454,3.2428173048864335,0.0,0.012350916768163854,0.0,0.003603130338762704
ASD,True,0.03333333333333333,95.72000481078845,4.2582614117439235,0.0,0.0217337774676195,0.0,0.0047314015686043594
ASD,True,0.041666666666666664,94.72333730621503,5.243046017914391,0.0,0.033616675870583555,0.0,0.005825606686571546
ASD,True,0.05,93.753741811831,6.198333759799093,0.0,0.047924428369909136,0.0,0.006887037510887881
ASD,True,0.058333333333333334,92.81018325239646,7.125232059357797,0.0,0.06458468824574555,0.0,0.007916924510397553
ASD,True,0.06666666666666667,91.89167588671309,8.024796301638771,0.0,0.08352781164813855,0.0,0.00891644033515419
ASD,True,0.075,90.99728047082745,8.898032797921195,0.0,0.1046867312513664,0.0,0.009886703108801327
ASD,True,0.08333333333333333,90.12610161193713,9.745901550997088,0.0,0.12799683706578835,0.0,0.010828779501107876
ASD,True,0.09166666666666666,89.27728529836847,10.569318837700113,-1.2766560149909873e-104,0.1533958639314203,-2.079583348107876e-128,0.01174368759744457
ASD,True,0.1,88.45001659225339,11.369159622492875,3.013997342377141e-104,0.1808237852537407,1.4113745176498328e-128,0.012632399580547638
ASD,True,0.10833333333333334,87.64351747267736,12.146259814746802,-1.4459809385127754e-24,0.2102227125758368,-4.025963490169534e-58,0.013495844238607557
ASD,True,0.11666666666666667,86.85704481809151,12.901418381298289,1.781391946333663e-25,0.24153680061021576,-4.3664742275471426e-57,0.014334909312553655
ASD,True,0.125,86.08988851772828,13.635399324889182,2.9512012448032046e-22,0.2747121573825361,-3.641570207227523e-37,0.015150443694321314
ASD,True,0.13333333333333333,85.3413697025992,14.348933538236954,2.496924311015294e-20,0.3096967591638683,-7.812557403652167e-36,0.01594325948692995
ASD,True,0.14166666666666666,84.61083908742913,15.042720542678817,1.6048475536391537e-19,0.34644036989207283,2.5937276848830036e-36,0.016714133936309796
ASD,True,0.15,83.89767541558369,15.71743011961206,5.805092398077069e-19,0.3848944648042545,-1.6277018549852615e-27,0.0174638112440134
ASD,True,0.15833333333333333,83.20128399967918,16.373703842299278,1.5340565956883856e-18,0.42501215802156345,1.3880172037059016e-27,0.01819300426922142
ASD,True,0.16666666666666666,82.52109535115379,17.012156514999727,3.3868046336383283e-18,0.46674813384649944,-1.6105978197241835e-23,0.018902396127777474
ASD,True,0.175,81.85656389260167,17.633377525849582,6.630871419036141e-18,0.5100585815487665,6.568716453851296e-23,0.019592641695388425
ASD,True,0.18333333333333332,81.2071667471607,18.237932119407496,1.1905516485749073e-17,0.5549011334318252,2.2176412296900194e-20,0.020264369021563883
ASD,True,0.19166666666666665,80.57240259968486,18.82636259432905,2.0020087629150674e-17,0.6012348059861143,8.466844012579545e-19,0.02091818066036561
ASD,True,0.2,79.9517906248358,19.399189431216122,3.2050311833282296e-17,0.6490199439481089,1.8930230883771246e-17,0.02155465492357347
ASD,True,0.20833333333333334,79.34486947760075,19.956912355302563,5.0672213300301904e-17,0.6982181670967144,2.5921828554613867e-16,0.022174347061447292
ASD,True,0.21666666666666667,78.75119634207896,20.500011338291745,9.26036963206914e-17,0.7487923196293296,2.456970114968817e-15,0.02277779037587972
ASD,True,0.225,78.17034603469354,21.02894754333576,2.739485315979393e-16,0.8007064219707415,1.7329707046151376e-14,0.023365497270373067
ASD,True,0.23333333333333334,77.60191015826683,21.544164216855993,1.2404786067049951e-15,0.8539256248772147,9.598732174685867e-14,0.023937960240951104
ASD,True,0.24166666666666667,77.04549630366105,22.046087530631702,5.87984303829383e-15,0.908416165707285,4.354732939404787e-13,0.024495652811813002
ASD,True,0.25,76.50072729592578,22.53512737733524,2.5055020484041748e-14,0.9641453267389871,1.6721726203680103e-12,0.025039030419261376
ASD,True,0.2583333333333333,75.96724048211362,23.01167812246556,9.39178876669497e-14,1.0210813954207496,5.578348750375569e-12,0.025568531247183956
ASD,True,0.26666666666666666,75.44468705813063,23.476119315418515,3.126292043653979e-13,1.0791936264505853,1.6509697339699835e-11,0.026084577017131683
ASD,True,0.275,74.93273143217264,23.928816362241978,9.367089363242364e-13,1.138452205584474,4.40935805210718e-11,0.02658757373582442
ASD,True,0.2833333333333333,74.4310506224735,24.3701211624427,2.5587918139457377e-12,1.1988282150812677,1.0776538044510097e-10,0.02707791240271411
ASD,True,0.2916666666666667,73.93933368724802,24.800372712048585,6.444362692138555e-12,1.2602936006969847,2.438203576252822e-10,0.02755596968005398
ASD,True,0.3,73.45728118486032,25.219897674977915,1.5107939643708533e-11,1.3228211401467007,5.156265955183487e-10,0.028022108527753237
ASD,True,0.30833333333333335,72.98460466238355,25.629010924625955,3.3240954351032034e-11,1.3863844129573006,1.027533594964287e-09,0.02847667880513995
ASD,True,0.31666666666666665,72.5210261708411,26.02801605745104,6.91250888462436e-11,1.4509577716387785,1.942820325376415e-09,0.02892001784161227
ASD,True,0.325,72.06627780553633,26.417205880220724,1.3668291154440648e-10,1.5165163141063,3.5057797700978305e-09,0.029352450978023026
ASD,True,0.3333333333333333,71.62010126998372,26.79686287246895,2.5832844059177334e-10,1.5830358572890453,6.067764683075115e-09,0.029774292080521056
ASD,True,0.3416666666666667,71.18224746205372,27.16725962561179,4.687826590027622e-10,1.6504929118657372,1.0116752401153281e-08,0.030185844028457545
ASD,True,0.35,70.75247608103582,27.52865926007399,8.200119921968436e-10,1.7188646580702105,1.6309752607649216e-08,0.03058739917785999
ASD,True,0.35833333333333334,70.33055525440791,27.881315821691086,1.3874320322737228e-09,1.7881289225136128,2.550719931564739e-08,0.030979239801878986
ASD,True,0.36666666666666664,69.9162611831807,28.225474658568878,2.277494532379172e-09,1.8582641559729731,3.8808348453162856e-08,0.03136163850952098
ASD,True,0.375,69.50937780475726,28.561372779507398,3.6367456859659757e-09,1.9292494120986292,5.758664744040057e-08,0.03173485864389711
ASD,True,0.3833333333333333,69.10969647231705,28.889239195024803,5.662408359648438e-09,2.0010643269957655,8.35240494185506e-08,0.03209915466113867
ASD,True,0.39166666666666666,68.71701564979585,29.209295241951896,8.614503573795966e-09,2.0736890996377846,1.1864330377784235e-07,0.03245477249105766
ASD,True,0.4,68.33114062159223,29.521754892506763,1.282948828531665e-08,2.1471044730715634,1.65337355483856e-07,0.03280194988056307
ASD,True,0.4083333333333333,67.95188321618562,29.826825048702148,1.873534927449892e-08,2.2212917163769106,2.2639511605813913e-07,0.033140916720780164
ASD,True,0.4166666666666667,67.57906154290147,30.12470582288597,2.6868058648164565e-08,2.296232607344531,3.0502301769166e-07,0.03347189535876219
ASD,True,0.425,67.21249974110646,30.415590805165508,3.7889265455849135e-08,2.3719094158388043,4.048619179997892e-07,0.03379510089462834
ASD,True,0.43333333333333335,66.85202774116077,30.699667318420712,5.2605071879021815e-08,2.448304887813467,5.299990776877977e-07,0.0341107414649119
ASD,True,0.44166666666666665,66.49748103649527,30.97711666156904,7.198572117698194e-08,2.525402229950001,6.84975080197548e-07,0.034419018512854484
ASD,True,0.45,66.1487004662196,31.248114341704262,9.718600869863846e-08,2.6031850948901636,8.747856957945423e-07,0.03472012704633807
ASD,True,0.4583333333333333,65.80553200770319,31.512830295695064,1.2956621655460628e-07,2.6816375670355543,1.1048788098152196e-06,0.03501425588410563
ASD,True,0.4666666666666667,65.46782657860423,31.771429101793824,1.7071336692695183e-07,2.760744148888601,1.3811466336802607e-06,0.03530158789088203
ASD,True,0.475,65.1354398478526,32.02407018177424,2.2246258782283942e-07,2.8404897479106004,1.7099134975182813e-06,0.03558230020197138
ASD,True,0.48333333333333334,64.80823205512222,32.27090799408563,2.869183882896427e-07,2.920859663873796,2.0979195851867043e-06,0.035856564437872926
ASD,True,0.49166666666666664,64.48606783835517,32.51209221848364,3.664756467189213e-07,3.0018395766855797,2.5523010170728566e-06,0.036124546909426264
ASD,True,0.5,64.16881606892517,32.74776793257065,4.6384012561611364e-07,3.083415534664078,3.080566715055485e-06,0.036386408813967396
ASD,True,0.5083333333333333,63.85634969405223,32.97807578065406,5.820483385049305e-07,3.1655739432453993,3.6905724990496033e-06,0.03664230642294895
ASD,True,0.5166666666666666,63.54854558610197,33.20315213530761,7.24486608598497e-07,3.2483015541038314,4.390492867689764e-06,0.036892391261452905
ASD,True,0.525,63.24528439842447,33.42312925199918,8.949091746022924e-07,3.331585454667201,5.188790908875933e-06,0.037136810279999086
ASD,True,0.5333333333333333,62.94645042740661,33.638135417127714,1.0974552152631388e-06,3.4154130580104862,6.094186770944447e-06,0.03737570601903079
ASD,True,0.5416666666666666,62.65193148043032,33.84829508979338,1.3366646813493187e-06,3.499772093111642,7.115625103953651e-06,0.03760921676643709
ASD,True,0.55,62.3616187494464,34.05372903760646,1.6174928407995424e-06,3.5846505954543186,8.26224185455301e-06,0.03783747670845162
ASD,True,0.5583333333333333,62.075406689889455,34.25455446682415,1.9453234595947835e-06,3.6700368979629565,9.543330768503929e-06,0.03806061607424906
ASD,True,0.5666666666666667,61.79319290467471,34.450885147088314,2.325980557471562e-06,3.755919622256434,1.0968309923453668e-05,0.03827876127454257
ASD,True,0.575,61.51487803303176,34.64283153102251,2.765738693218992e-06,3.8422876702070607,1.2546688581934356e-05,0.038492035034469456
ASD,True,0.5833333333333334,61.24036564394328,34.83050086893259,3.271331749354199e-06,3.929130215792409,1.4288034621741205e-05,0.03870055652103621
ASD,True,0.5916666666666667,60.969562133969696,35.01399731884212,3.849960199883539e-06,4.016436697228007,1.6201942768445383e-05,0.038904441465380135
ASD,True,0.6,60.70237662925215,35.19342205208149,4.509296857802048e-06,4.104196809369529,1.8298003823386818e-05,0.03910380228009054
ASD,True,0.6083333333333333,60.43872089149752,35.368873354637785,5.257491110821894e-06,4.19240049637361,2.0585775050531357e-05,0.03929874817181976
ASD,True,0.6166666666666667,60.178509227759264,35.54044672446215,6.103171664490945e-06,4.281037944606946,2.3074751857264886e-05,0.03948938524940239
ASD,True,0.625,59.92165840383818,35.70823496492023,7.055447821429754e-06,4.370099575793794,2.5774340877878612e-05,0.039675816627689146
ASD,True,0.6333333333333333,59.668087561135835,35.87232827456237,8.123909333840032e-06,4.459576040392482,2.8693834544168435e-05,0.03985814252729152
ASD,True,0.6416666666666666,59.41771813680252,36.032814333380735,9.318624873770125e-06,4.549458211191898,3.184238720539633e-05,0.040036460370423035
ASD,True,0.65,59.170473787029536,36.189778385711904,1.0650139171899892e-05,4.639737177119413,3.5228992839796104e-05,0.04021086487301322
ASD,True,0.6583333333333333,58.92628031334352,36.34330331993562,1.2129468880909432e-05,4.7304042372520065,3.886246438181531e-05,0.040381448133261805
ASD,True,0.6666666666666666,58.685065591767525,36.49346974511247,1.3768097223786336e-05,4.821450895022808,4.2751414673362066e-05,0.040548299716791636
ASD,True,0.675,58.44675950472079,36.64035606469622,1.5577967490945618e-05,4.91286885261553,4.690423903328428e-05,0.040711506738551353
ASD,True,0.6833333333333333,58.21129387553523,36.78403854744969,1.7571475452616773e-05,5.004650005539658,5.132909942715733e-05,0.04087115394161077
ASD,True,0.6916666666666667,57.97860240547314,36.924591395686555,1.9761460754890377e-05,5.096786437379582,5.603391020896984e-05,0.04102732377298506
ASD,True,0.7,57.74862061313603,37.06208681095553,2.2161197369025173e-05,5.189270414711096,6.102632539742672e-05,0.04118009645661725
ASD,True,0.7083333333333334,57.52128577616036,37.19659505727747,2.4784383164184858e-05,5.282094382179026,6.631372744217745e-05,0.04132955006364163
ASD,True,0.7166666666666667,57.296536875100635,37.32818452204071,2.7645128673896286e-05,5.375250957730011,7.19032174291835e-05,0.04147576058004523
ASD,True,0.725,57.074314539405584,37.456921774654624,3.075794512599193e-05,5.468732927994695,7.78016066695736e-05,0.041618801971838475
ASD,True,0.7333333333333333,56.85456099539759,37.58287162305678,3.413773180502634e-05,5.562533243813851,8.401540961253944e-05,0.04175874624784087
ASD,True,0.7416666666666667,56.6372200161698,37.706097168164234,3.779976281485977e-05,5.6566450159031865,9.05508380200104e-05,0.04189566352018248
ASD,True,0.75,56.42223687331963,37.8266598563553,4.175967330754997e-05,5.75106151065179,9.741379633888638e-05,0.042029622062617
ASD,True,0.7583333333333333,56.20955829044121,37.94461953006416,4.6033445242907896e-05,5.84577614604942,0.00010460987820540507,0.042160688366737954
ASD,True,0.7666666666666666,55.99913239830292,38.06003447656638,5.063739274092112e-05,5.940782487737991,0.00011214436401569248,0.042288927196184864
ASD,True,0.775,55.79090869163988,38.17296147503022,5.558814708710968e-05,6.036074245182847,0.00012002221949656868,0.04241440163892247
ASD,True,0.7833333333333333,55.58483798749429,38.28345584190473,6.0902641448384474e-05,6.131645267959561,0.0001282480952112219,0.04253717315767192
ASD,True,0.7916666666666666,55.380872385039886,38.39157147471257,6.65980953545231e-05,6.227489542152217,0.00013682632693531448,0.042657301638569525
ASD,True,0.8,55.178965226829646,38.497360894312166,7.269199899776622e-05,6.3236011868592215,0.00014576093684037824,0.042774845438124626
ASD,True,0.8083333333333333,54.979071061408675,38.60087528569101,7.920209740034538e-05,6.419974450802937,0.0001550556354229619,0.04288986142854557
ASD,True,0.8166666666666667,54.78114560723699,38.70216453734902,8.614637449713255e-05,6.516603709039528,0.0001647138241198328,0.04300240504149891
ASD,True,0.825,54.58514571786927,38.80127727932804,9.354303717780624e-05,6.613483459765549,0.00017473859855154827,0.04311253031036449
ASD,True,0.8333333333333334,54.39102934834129,38.89826091994143,0.00010141049933031934,6.710608321217978,0.00018513275233889205,0.04322028991104603
ASD,True,0.8416666666666667,54.198755522714904,38.9931616812547,0.00010976736592472656,6.8079730286645015,0.00019589878143897303,0.04332573520139411
ASD,True,0.85,54.008284302735404,39.086024633366456,0.00011863241717380273,6.905572431480992,0.00020703888895012306,0.04342891625929606
ASD,True,0.8583333333333333,53.81957675755775,39.17689372753624,0.0001280245928043319,7.003401490313234,0.00021855499033715306,0.04352988191948471
ASD,True,0.8666666666666667,53.63259493449937,39.26581182820411,0.00013796297647035682,7.101455274320081,0.00023044871903097933,0.043628679809115674
ASD,True,0.875,53.447301830779715,39.35282074394467,0.0001484667803373005,7.199728958495309,0.00024272143235903851,0.04372535638216074
ASD,True,0.8833333333333333,53.263661366208076,39.4379612573965,0.0001595553298634264,7.298217821065587,0.0002553742177653754,0.04381995695266278
ASD,True,0.8916666666666666,53.08163835678323,39.52127315420599,0.00017124804880284063,7.396917240962003,0.00026840789928164326,0.043912525726895545
ASD,True,0.9,52.90119848916975,39.60279525102304,0.0001835644444520288,7.495822695362785,0.0002818230442126344,0.04400310583447004
ASD,True,0.9083333333333333,52.722308296017545,39.68256542258449,0.0001965240931597666,7.59492975730484,0.0002956199700022423,0.04409173935842721
ASD,True,0.9166666666666666,52.54493513209255,39.760620627919444,0.000210146626118266,7.694234093361914,0.0003097987512479834,0.044178467364354934
ASD,True,0.9249999999999999,52.369047151188,39.83699693570938,0.00022445171545141843,7.793731461387196,0.0003243592268343918,0.04426332992856598
ASD,True,0.9333333333333333,52.19461328378676,39.91172954883436,0.0002394590606142107,7.893417708318295,0.0003393010071576588,0.044346366165371506
ASD,True,0.9416666666666667,52.02160321544675,39.98485282813556,0.0002551883751156053,7.993288768042597,0.00035462348141591666,0.04442761425348395
ASD,True,0.95,51.84998736588252,40.05640031542284,0.00027165937357552766,8.09334065932109,0.0003703258249414868,0.044507111461580935
ASD,True,0.9583333333333334,51.67973686871709,40.126404755755026,0.00028889175912505963,8.19356948376878,0.00038640700655325134,0.04458489417306114
ASD,True,0.9666666666666667,51.5108235518796,40.19489811901935,0.0003069052111574226,8.293971423889927,0.0004028657959090563,0.0446609979100215
ASD,True,0.975,51.34321991862473,40.26191162083547,0.0003257193734360078,8.39454274116639,0.00041970077083976025,0.044735457356483856
ASD,True,0.9833333333333333,51.17689912915166,40.327475742808396,0.00034535384256435857,8.495279774197408,0.0004369103246480654,0.044808306380898215
ASD,True,0.9916666666666667,51.01183498280038,40.39162025215361,0.0003658281568218335,8.596178936889222,0.00045449267335683776,0.044879578057948455
ASD,True,1.0,50.84800190080485,40.454374220716815,0.0003871617853675377,8.697236716692995,0.00047244586289299723,0.04494930468968535
ASD,True,1.0083333333333333,50.685374909582784,40.515766043409876,0.0004093741178140474,8.798449672889554,0.0004907677761944204,0.045017517826010975
ASD,True,1.0166666666666666,50.52392962454297,40.57582345608337,0.0004324844541714987,8.899814434919518,0.0005094561402285505,0.045084248284537075
ASD,True,1.025,50.363642234391726,40.634573552855734,0.0004565119951616801,9.00132770075741,0.000528508532912588,0.04514952616983971
ASD,True,1.0333333333333332,50.204489485920774,40.69204280291792,0.00048147583290096454,9.102986235328443,0.000547922389926273,0.04521338089213102
ASD,True,1.0416666666666667,50.04644866925961,40.7482570668318,0.000507394941950131,9.204786868966677,0.00056769501140927,0.04527584118536866
ASD,True,1.05,49.889497603576125,40.803241612339875,0.0005342881707284208,9.306726495913304,0.0005878235685361714,0.045336935124822085
ASD,True,1.0583333333333333,49.73361462320973,40.85702112970314,0.0005621742332885656,9.408802072853879,0.0006083051099630277,0.045396690144114606
ASD,True,1.0666666666666667,49.57877856422209,40.90961974658319,0.0005910717014488817,9.511010617493307,0.0006291365681401576,0.0454551330517591
ASD,True,1.075,49.42496875135104,40.96106104248424,0.0006209989972780572,9.61334920716748,0.0006503147654867752,0.04551229004720471
ASD,True,1.0833333333333333,49.27216498535368,41.011368062769925,0.0006519743859277427,9.715814977490506,0.0006718364204237021,0.045568186736411026
ASD,True,1.0916666666666666,49.12034753072555,41.06056333226925,0.0006840159688076377,9.818405121036433,0.0006936981532610981,0.04562284814696583
ASD,True,1.1,48.96949710378287,41.10866886848555,0.0007171416770973949,9.921116886054518,0.000715896491938778,0.045676298742761724
ASD,True,1.1083333333333334,48.81959486109573,41.155706194421704,0.0007513692655892997,10.023947575217017,0.0007384278776172385,0.045728562438246335
ASD,True,1.1166666666666667,48.67062238826021,41.20169635103439,0.000786716306855424,10.126894544398576,0.000761288670118076,0.045779662612260436
ASD,True,1.125,48.522561688998245,41.24665990932974,0.0008232001857326458,10.229955201486316,0.0007844751532129136,0.045829622121477495
ASD,True,1.1333333333333333,48.37539517457408,41.29061698211213,0.0008608380941187448,10.333127005219705,0.0008079835397604542,0.04587846331345792
ASD,True,1.1416666666666666,48.229105653516996,41.33358723539757,0.0008996470260725734,10.436407464059396,0.000831809976691638,0.04592620803933064
ASD,True,1.15,48.08367632163996,41.375589899502685,0.000939643773211142,10.539794135084179,0.0008559505498432762,0.0459728776661141
ASD,True,1.1583333333333332,47.93909075234466,41.416643779819715,0.0009808449203963434,10.643284622915264,0.0008804012886408606,0.04601849308868857
ASD,True,1.1666666666666667,47.79533288720331,41.45676726728789,0.0010232668417039202,10.746876578667134,0.0009051581706315528,0.04606307474143099
ASD,True,1.175,47.6523870268084,41.495978348570794,0.0010669256966672085,10.850567698924172,0.0009302171258686228,0.0461066426095231
ASD,True,1.1833333333333333,47.51023782188151,41.534294615949314,0.0011118374267881583,10.95435572474242,0.0009555740411488817,0.04614921623994368
ASD,True,1.1916666666666667,47.36887026463294,41.571733276939106,0.0011580177523080467,11.058238440675687,0.0009812247641048327,0.046190814752154565
ASD,True,1.2,47.228269680363965,41.60831116364146,0.00120548216923035,11.162213673825384,0.0010071651071534948,0.04623145684849051
ASD,True,1.2083333333333333,47.08842171930402,41.644044741836026,0.001254245946588191,11.266279292913401,0.00103339085130401,0.046271160824262254
ASD,True,1.2166666666666666,46.949312348675306,41.67895011982337,0.0013043241239488444,11.370433207377415,0.0010598977498263071,0.04630994457758152
ASD,True,1.225,46.810927844977456,41.71304305702544,0.00135573150914778,11.474673366487991,0.00108668153178322,0.046347825618917156
ASD,True,1.2333333333333334,46.67325478648559,41.74633897235132,0.0014084826762448047,11.578997758486878,0.0011137379054285894,0.046384821080390354
ASD,True,1.2416666666666667,46.53628004595468,41.77885295233568,0.0014625919636949236,11.683404409745973,0.0011410625614739587,0.046420947724817425
ASD,True,1.25,46.39999078352403,41.81059975905697,0.0015180734727265877,11.7878913839463,0.0011686511762265723,0.04645622195450774
ASD,True,1.2583333333333333,46.264374439815505,41.84159383784204,0.0015749410659201218,11.892456781276566,0.0011964994146014404,0.04649065981982449
ASD,True,1.2666666666666666,46.12941872921947,41.8718493247639,0.0016332083659791907,11.99709873765068,0.0012246029330103176,0.046524277027515444
ASD,True,1.275,45.995111633362725,41.90138005393883,0.0016928887546882791,12.101815423943787,0.0012529573821304625,0.04655708894882092
ASD,True,1.2833333333333332,45.86144139475268,41.93019956462899,0.0017539953720492605,12.2066050452463,0.0012815584095560782,0.046589110627365544
ASD,True,1.2916666666666667,45.72839651059252,41.95832110815648,0.0018165411155902605,12.311465840135442,0.0013104016623353867,0.04662035678684054
ASD,True,1.3,45.595965726761975,41.98575765463438,0.0018805386398401205,12.416396079963839,0.0013394827893962674,0.04665084183848264
ASD,True,1.3083333333333333,45.46413803195882,42.01252189952051,0.0019460003559619305,12.521394068164739,0.001368797443863441,0.04668057988835612
ASD,True,1.3166666666666667,45.332902651996086,42.03862626999902,0.002012938431539182,12.626458139573378,0.0013983412852701092,0.04670958474444336
ASD,True,1.325,45.20224904425038,42.06408293119503,0.002081364790508275,12.731586659764108,0.0014281099816670576,0.046737869923550036
ASD,True,1.3333333333333333,45.07216689225669,42.08890379222728,0.0021512911132312127,12.83677802440283,0.0014580992116320873,0.04676544865803031
ASD,True,1.3416666666666666,44.94264610044542,42.1131005121035,0.002222728836702488,12.942030658614401,0.0014883046661827428,0.046792333902337224
ASD,True,1.35,44.813676789017265,42.13668450546333,0.0022956891548842895,13.047343016364552,0.0015187220505951892,0.0468185383394037
ASD,True,1.3583333333333334,44.685249288951916,42.159666948172955,0.0023701830191642874,13.152713579855993,0.0015493470861321127,0.046844074386858836
ASD,True,1.3666666666666667,44.557354137146646,42.182058782776124,0.0024462211389304537,13.258140858938328,0.0015801755116824547,0.04686895420308458
ASD,True,1.375,44.42998207168092,42.20387072380543,0.0025238139822574453,13.363623390531416,0.0016112030853157849,0.04689318969311714
ASD,True,1.3833333333333333,44.30312402720334,42.225113262958146,0.002602971776699278,13.469159738061839,0.0016424255857540374,0.04691679251439794
ASD,True,1.3916666666666666,44.17677113043735,42.245796674140344,0.002683704510183147,13.574748490912143,0.001673838813763326,0.046939774082378156
ASD,True,1.4,44.05091469580229,42.26593101838319,0.002766021931999387,13.680388263882536,0.0017054385934684964,0.04696214557598132
ASD,True,1.4083333333333332,43.92554622114636,42.28552614863506,0.0028499335538827186,13.786077696664716,0.0017372207735930102,0.04698391794292784
ASD,True,1.4166666666666667,43.80065738358837,42.30459171443294,0.0029354486511800706,13.891815453327526,0.001769181228626747,0.04700510190492549
ASD,True,1.425,43.67624003546508,42.3231371664567,0.0030225762641003886,13.997600221814137,0.0018013158599241954,0.047025707962729674
ASD,True,1.4333333333333333,43.55228620038111,42.34117176096937,0.003111325199042031,14.103430713450496,0.0018336205967355269,0.047045746401077074
ASD,True,1.4416666666666667,43.42878806935857,42.358704564146755,0.003201704029993423,14.2093056624647,0.0018660913971729272,0.047065227293496395
ASD,True,1.45,43.30573799708341,42.375744456299515,0.0032937211000028267,14.315223825517089,0.001898724249114548,0.04708416050699946
ASD,True,1.4583333333333333,43.18312849824599,42.39230013599056,0.003387384522713211,14.421183981240748,0.0019315151710483684,0.047102555706656175
ASD,True,1.4666666666666666,43.06095224397296,42.40838012405092,0.003482702183958325,14.527184929792178,0.0019644602128581984,0.04712042236005658
ASD,True,1.475,42.939202058348066,42.42399276749666,0.003579681743416217,14.63322549241188,0.0019975554565540266,0.04713776974166295
ASD,True,1.4833333333333334,42.81787091501934,42.43914624334974,0.003678330636316552,14.73930451099462,0.0020307970169488156,0.04715460693705527
ASD,True,1.4916666666666667,42.69695193389021,42.45384856236549,0.0037786560751982712,14.845420847669114,0.002064181042283828,0.04717094284707277
ASD,True,1.5,42.57643837789229,42.468107572669076,0.0038806650517141487,14.951573384386938,0.0020977037148045066,0.04718678619185453
ASD,True,1.5083333333333333,42.45632364983749,42.481930963303654,0.003984364338479027,15.05776102252039,0.0021313612512888582,0.047202145514781836
ASD,True,1.5166666666666666,42.336601289347406,42.49532626769251,0.004089760490958582,15.163982682469145,0.0021651499035302557,0.04721702918632501
ASD,True,1.525,42.21726496985764,42.50830086701755,0.0041968598493955815,15.270237303275437,0.002199065958776513,0.04723144540779728
ASD,True,1.5333333333333332,42.09830849569526,42.520861993516405,0.004305668540770726,15.376523842247591,0.002233105740127019,0.04724540221501823
ASD,True,1.5416666666666667,41.97972579922717,42.53301673370034,0.004416192480795282,15.482841274591719,0.002267265606889701,0.04725890748188927
ASD,True,1.55,41.861510938077664,42.544772031495114,0.0045284373759327855,15.589188593051313,0.0023015419548994822,0.04727196892388346
ASD,True,1.5583333333333333,41.74365809241309,42.556134691306816,0.004642408725447273,15.695564807554666,0.002335931216799914,0.04728459410145202
ASD,True,1.5666666666666667,41.626161562292026,42.56711138101472,0.0047581118234754916,15.801968944869804,0.0023704298622895265,0.04729679042334969
ASD,True,1.575,41.50901576507898,42.577708634893085,0.004875551761120749,15.908400048266847,0.002405034398334494,0.04730856514988121
ASD,True,1.5833333333333333,41.392215232920115,42.58793285646378,0.004994733428566094,16.01485717718757,0.0024397413693490657,0.04731992539607087
ASD,True,1.5916666666666666,41.27575461027925,42.59779032128156,0.00511566151720463,16.121339406922015,0.002474547357345225,0.04733087813475729
ASD,True,1.6,41.159628651532465,42.60728717965377,0.005238340521784866,16.22784582829201,0.0025094489820529846,0.04734143019961529
ASD,True,1.6083333333333334,41.04383221861991,42.6164294592962,0.005362774742569069,16.334375547341345,0.0025444429010126513,0.047351588288106886
ASD,True,1.6166666666666667,40.92836027875318,42.62522306792677,0.005488968287502736,16.440927685032577,0.0025795258096403813,0.047361358964363075
ASD,True,1.625,40.81320790217682,42.63367379579861,0.005616925074393285,16.54750137695021,0.002614694441268284,0.04737074866199845
ASD,True,1.6333333333333333,40.69837025998261,42.64178731817421,0.005746648833096229,16.654095773010116,0.0026499455671603013,0.047379763686860234
ASD,True,1.6416666666666666,40.58384262197513,42.64956919774206,0.005878143107707166,16.760710037175134,0.0026852759965050295,0.0473884102197134
ASD,True,1.65,40.46962035458738,42.657024886977354,0.006011411258757942,16.867343347176547,0.002720682576386626,0.04739669431886372
ASD,True,1.6583333333333332,40.355698918845036,42.6641597304481,0.006146456465415483,16.973994894241486,0.0027561621917349087,0.04740462192272011
ASD,True,1.6666666666666667,40.24207386837827,42.67097896706813,0.006283281727681826,17.080663882825956,0.002791711765255697,0.04741219885229792
ASD,True,1.675,40.12874084747962,42.67748773229833,0.006421889868593938,17.187349530353483,0.0028273282573423896,0.047419430813664815
ASD,True,1.6833333333333333,40.01569558920703,42.683691060297406,0.0065622835364220556,17.294051066959177,0.0028630086659698325,0.04742632340033045
ASD,True,1.6916666666666667,39.90293391353066,42.689593886023395,0.006704465206865208,17.400767735239107,0.002898750026571339,0.04743288209558155
ASD,True,1.7,39.79045172552253,42.69520104728738,0.0068484371852427905,17.507498790004885,0.00293454941189984,0.04743911227476375
ASD,True,1.7083333333333333,39.67824501358772,42.70051728676032,0.006994201608681025,17.614243498043304,0.0029704039318740006,0.04744501920751147
ASD,True,1.7166666666666666,39.566309847736285,42.70554725393448,0.007141760448293232,17.72100113788097,0.003006310733410185,0.0474506080599272
ASD,True,1.7249999999999999,39.454642377894636,42.710295507040314,0.007291115511352903,17.82777099955374,0.003042267000241045,0.04745588389671146
ASD,True,1.7333333333333334,39.34323883225554,42.71476651492012,0.007442268443458604,17.93455238438092,0.0030782699527215447,0.04746085168324458
ASD,True,1.7416666666666667,39.23209551566572,42.71896465885953,0.007595220730689779,18.041344604744104,0.003114316847623153,0.0474655162876217
ASD,True,1.75,39.12120880805009,42.72289423437766,0.007749973701752638,18.148146983870532,0.0031504049779169417,0.04746988248264185
ASD,True,1.7583333333333333,39.010575162871746,42.72655945297733,0.007906528530115262,18.254958855620846,0.003186531672546278,0.047473954947752584
ASD,True,1.7666666666666666,38.90019110562677,42.72996444385592,0.008064886236131188,18.36177956428122,0.003222694296189761,0.047477738270951024
ASD,True,1.775,38.790053232373026,42.73311325557817,0.008225047689150758,18.46860846435969,0.0032588902490150833,0.04748123695064241
ASD,True,1.7833333333333332,38.680158208292134,42.73600985771168,0.008387013609619536,18.575444920386605,0.0032951169664243787,0.04748445539745742
ASD,True,1.7916666666666667,38.57050276628365,42.73865814242605,0.008550784571163168,18.682288306719173,0.0033313719187916947,0.04748739793602894
ASD,True,1.8,38.46108370559091,42.741061926056574,0.008716361002658088,18.789138007349898,0.003367652611193117,0.04749006880672953
ASD,True,1.8083333333333333,38.351897890457444,42.743224950633376,0.008883743190287533,18.895993415718934,0.003403956583130117,0.04749247216737042
ASD,True,1.8166666666666667,38.242942248813534,42.74515088537674,0.009052931279582309,19.002853934530187,0.0034402814082466135,0.04749461209486304
ASD,True,1.825,38.134213770991934,42.74684332815954,0.009223925277445855,19.109718975571127,0.003476624694040268,0.047496492586843936
ASD,True,1.8333333333333333,38.02570950847214,42.74830580693752,0.009396725054163158,19.216587959536216,0.003512984081568479,0.047498117563263914
ASD,True,1.8416666666666666,37.917426572652545,42.74954178114823,0.009571330345393082,19.323460315853872,0.0035493572451495343,0.04749949086794248
ASD,True,1.8499999999999999,37.80936213364974,42.75055464307927,0.009747740754143742,19.430335482516885,0.003585741892059354,0.04750061627008808
ASD,True,1.8583333333333334,37.70151341912431,42.75134771920677,0.009925955752730586,19.537212905916228,0.0036221357622242324,0.0475014974657853
ASD,True,1.8666666666666667,37.59387771313254,42.751924271504635,0.010105974684716803,19.644092040678153,0.0036585366279100083,0.04750213807944959
ASD,True,1.875,37.48645235500334,42.752287498725295,0.010287796766835859,19.750972349504572,0.003694942293408001,0.04750254166525033
ASD,True,1.8833333333333333,37.379234738239845,42.752440537652745,0.010471421090895775,19.857853303016554,0.0037313505947181107,0.04750271170850305
ASD,True,1.8916666666666666,37.27222230944507,42.75238646432836,0.010656846625664995,19.964734379600948,0.00376775939922941,0.04750265162703151
ASD,True,1.9,37.165412567271005,42.75212829525027,0.010844072218739575,20.071615065260023,0.0038041666053985654,0.047502364772500305
ASD,True,1.9083333333333332,37.0588030613907,42.751668988546854,0.011033096598391521,20.178494853464098,0.003840570142426404,0.047501854431718726
ASD,True,1.9166666666666667,36.95239139149266,42.751011445124924,0.011223918375398097,20.28537324500705,0.0038769679699329233,0.04750112382791658
ASD,True,1.925,36.846175206297175,42.750158509793344,0.011416536044851908,20.392249747864664,0.003913358077631025,0.0475001761219926
ASD,True,1.9333333333333333,36.740152202593876,42.74911297236244,0.011610947987951734,20.499123877055766,0.003949738484999274,0.047499014413736045
ASD,True,1.9416666666666667,36.63432012430023,42.74787756871993,0.011807152473773865,20.6059951545061,0.003986107240953894,0.047497641743022144
ASD,True,1.95,36.5286767615403,42.74645498188391,0.012005147661023941,20.71286310891481,0.004022462423520295,0.04749606109098212
ASD,True,1.9583333333333333,36.42321994974339,42.74484784303329,0.012204931599769186,20.819727275623585,0.00405880213950433,0.0474942753811481
ASD,True,1.9666666666666666,36.317947568762165,42.74305873251642,0.012406502233150983,20.926587196488306,0.004095124524163526,0.0474922874805738
ASD,True,1.9749999999999999,36.21285754200957,42.741090180838164,0.012609857399077721,21.033442419753225,0.004131427740878499,0.04749010020093129
ASD,True,1.9833333333333334,36.107947835614404,42.73894466962618,0.012814994831897946,21.140292499927554,0.004167709980824739,0.04748771629958464
ASD,True,1.9916666666666667,36.00321645759491,42.736624632576614,0.0130219121640537,21.247136997664466,0.004203969462644962,0.04748513848064068
ASD,True,2.0,35.898661457049975,42.73413245637992,0.013230606927714189,21.353975479642425,0.004240204432122231,0.047482369395977685
ASD,True,2.0083333333333333,35.79428092336772,42.731470481627106,0.013441076556389656,21.46080751844882,0.004276413161853972,0.04747941164625234
ASD,True,2.0166666666666666,35.6900729854508,42.7286410036969,0.013653318386525549,21.56763269246581,0.004312593950927084,0.04747626778188545
ASD,True,2.025,35.58603581095826,42.72564627362431,0.013867329659077034,21.674450585758397,0.004348745124594277,0.04747294030402701
ASD,True,2.033333333333333,35.482167605563454,42.7224884989509,0.01408310752106387,21.781260787964616,0.0043848650339517944,0.047469431665501
ASD,True,2.0416666666666665,35.37846661222771,42.71916984455735,0.014300649027105705,21.88806289418788,0.004420952055618632,0.047465744271730385
ASD,True,2.05,35.27493111048931,42.71569243347849,0.01451995114093789,21.994856504891306,0.004457004591417398,0.047461880481642765
ASD,True,2.058333333333333,35.17155941576755,42.71205834770144,0.014741010736907851,22.10164122579414,0.004493021068056956,0.047457842608557156
ASD,True,2.0666666666666664,35.068349878681396,42.70826962894709,0.014963824601452139,22.208416667770095,0.0045289999368168885,0.04745363292105233
ASD,True,2.075,34.965300884382586,42.704328279435245,0.015188389434554235,22.31518244674766,0.004564939673233994,0.04744925364381694
ASD,True,2.0833333333333335,34.86241085190264,42.70023626263396,0.015414701851183177,22.421938183612255,0.004600838776790812,0.04744470695848217
ASD,True,2.091666666666667,34.75967823351365,42.695995503993345,0.015642758382713253,22.52868350411033,0.004636695770606338,0.04743999500443705
ASD,True,2.1,34.6571015141024,42.69160789166414,0.015872555478324685,22.635418038755166,0.004672509201128987,0.04743511987962682
ASD,True,2.1083333333333334,34.554679210557666,42.687075277201444,0.01610408950638556,22.742141422734537,0.004708277637831888,0.04743008364133494
ASD,True,2.1166666666666667,34.452409871170204,42.682399476253934,0.01633735675581513,22.848853295820078,0.004743999672910591,0.04742488830694882
ASD,True,2.125,34.35029207504534,42.67758226923888,0.016572353437428543,22.955553302278375,0.004779673920983243,0.04741953585470987
ASD,True,2.1333333333333333,34.24832443152776,42.6726254020033,0.0168090756852632,23.062241090783697,0.004815299018793318,0.04741402822444811
ASD,True,2.1416666666666666,34.14650557963827,42.66753058647147,0.017047519557886925,23.168916314332403,0.0048508736249149335,0.047408367318301635
ASD,True,2.15,34.0448341875222,42.66229950127923,0.017287681039687964,23.27557863015891,0.004886396419460833,0.04740255500142136
ASD,True,2.158333333333333,33.94330895190935,42.65693379239526,0.017529556042147135,23.382227699653278,0.0049218661037930675,0.047396593102661394
ASD,True,2.1666666666666665,33.84192859758502,42.651435073729644,0.017773140405092126,23.488863188280277,0.004957281400236431,0.04739048341525516
ASD,True,2.175,33.740691876872035,42.645804927730055,0.01801842989793426,23.595484765500004,0.0049926410517946865,0.04738422769747784
ASD,True,2.183333333333333,33.63959756912344,42.64004490596574,0.018265420220887733,23.70209210468996,0.00502794382186962,0.047377827673295264
ASD,True,2.1916666666666664,33.53864448022564,42.63415652969963,0.018514107006171628,23.808684883068572,0.0050631884939829645,0.04737128503299959
ASD,True,2.2,33.43783144211186,42.62814129044885,0.01876448581919482,23.91526278162012,0.005098373871501214,0.04736460143383206
ASD,True,2.2083333333333335,33.337157312285456,42.62200065053378,0.019016552159723865,24.021825485021065,0.005133498777363353,0.047357778500593084
ASD,True,2.216666666666667,33.236620973353176,42.615736043616074,0.01927030146303428,24.128372681567736,0.005168562053811542,0.04735081782624008
ASD,True,2.225,33.13622133256791,42.60934887522572,0.019525729101045095,24.23490406310535,0.005203562562124764,0.047343720972473025
ASD,True,2.2333333333333334,33.03595732138079,42.60284052327748,0.019782830383437085,24.34141932495832,0.005238499182355447,0.04733648947030831
ASD,True,2.2416666666666667,32.935827895002525,42.59621233857689,0.020041600558754754,24.447918165861854,0.005273370813069093,0.04732912482064099
ASD,True,2.25,32.83583203197366,42.589465645316075,0.02030203481549229,24.554400287894797,0.005308176371086912,0.04732162849479564
ASD,True,2.2583333333333333,32.73596873374357,42.582601741559564,0.020564128283163646,24.66086539641373,0.005342914791231474,0.047314001935066186
ASD,True,2.2666666666666666,32.63623702425812,42.575621899720325,0.020827876033356996,24.767313199988223,0.005377585026075398,0.047306246555244805
ASD,True,2.275,32.53663594955566,42.568527367026284,0.021093273080773654,24.873743410337305,0.005412186045693054,0.04729836374114032
ASD,True,2.283333333333333,32.43716457737124,42.56131936597746,0.02136031438425172,24.980155742267065,0.005446716837415316,0.04729035485108607
ASD,True,2.2916666666666665,32.3378219967489,42.553999094793944,0.021628994847774616,25.08654991360941,0.005481176405587343,0.047282221216437714
ASD,True,2.3,32.23860731766178,42.54656772785489,0.021899309321464708,25.19292564516189,0.005515563771329391,0.04727396414206099
ASD,True,2.308333333333333,32.13951967063997,42.53902641612883,0.022171252602562152,25.299282660628666,0.005549877972300655,0.04726558490680981
ASD,True,2.3166666666666664,32.0405582064059,42.53137628759526,0.022444819436389228,25.40562068656249,0.005584118062466146,0.04725708476399473
ASD,True,2.325,31.941722095517015,42.52361844765795,0.022720004517300333,25.51193945230776,0.005618283111866579,0.04724846494184217
ASD,True,2.3333333333333335,31.843010528015835,42.51575397955,0.022996802489617666,25.61823868994458,0.005652372206391261,0.04723972664394444
ASD,True,2.341666666666667,31.7444227130869,42.50778394473073,0.023275207948553145,25.724518134233843,0.005686384447554005,0.047230871049700814
ASD,True,2.35,31.64595787872075,42.49970938327488,0.023555215441116325,25.830777522563285,0.005720318952272017,0.04722189931474987
ASD,True,2.3583333333333334,31.547615271384615,42.49153131425392,0.0238368194670088,25.937016594894487,0.005754174852647754,0.047212812571393245
ASD,True,2.3666666666666667,31.44939415569977,42.48325073610991,0.024120014479505136,26.043235093710848,0.005787951295753767,0.04720361192901101
ASD,True,2.375,31.351293814125345,42.4748686270219,0.024404794886320587,26.149432763966466,0.005821647443420476,0.04719429847446877
ASD,True,2.3833333333333333,31.253313546648492,42.46638594526513,0.024691155050465718,26.255609353035943,0.005855262472026883,0.04718487327251681
ASD,True,2.3916666666666666,31.155452670480777,42.45780362956313,0.02497908929108817,26.361764610665038,0.0058887955722942064,0.04717533736618126
ASD,True,2.4,31.057710519760647,42.449122599432826,0.025268591884301726,26.467898288922257,0.005922245949082409,0.047165691777147585
ASD,True,2.408333333333333,30.960086445261876,42.44034375552292,0.02555965706400283,26.574010142151234,0.0059556128211896014,0.04715593750613657
ASD,True,2.4166666666666665,30.862579814107804,42.431467979945566,0.02585227902267483,26.68009992692399,0.005988895421154322,0.04714607553327285
ASD,True,2.425,30.765190009491334,42.42249613660153,0.026146451912179996,26.786167401994987,0.006022092995060631,0.04713610681844615
ASD,True,2.433333333333333,30.667916430400496,42.41342907149898,0.026442169844539606,26.89221232825602,0.006055204802346055,0.04712603230166554
ASD,True,2.4416666666666664,30.570758491349487,42.404267613066,0.026739426892702214,26.998234468691855,0.006088230115612298,0.04711585290340666
ASD,True,2.45,30.47371562211508,42.39501257245698,0.02703821709130027,27.10423358833668,0.006121168220438751,0.0471055695249522
ASD,True,2.4583333333333335,30.376787267478313,42.385664743853056,0.02733853443739527,27.21020945423128,0.006154018415198729,0.04709518304872562
ASD,True,2.466666666666667,30.279972886971255,42.37622490475658,0.02764037289121175,27.31616183538099,0.006186780010878469,0.04708469433861843
ASD,True,2.475,30.18327195462887,42.366693816279955,0.027943726376859962,27.422090502714354,0.006219452330898799,0.04707410424031106
ASD,True,2.4833333333333334,30.086683958745795,42.35707222342869,0.028248588783047788,27.527995229042514,0.0062520347109395035,0.04706341358158743
ASD,True,2.4916666666666667,29.990208401637933,42.34736085537906,0.02855495396378176,27.633875789019264,0.00628452649876634,0.0470526231726434
ASD,True,2.5,29.893844799408804,42.337560425750326,0.028862815739057537,27.73973195910185,0.006316927054060692,0.04704173380638925
ASD,True,2.5083333333333333,29.79759268172053,42.32767163287158,0.02917216789553992,27.84556351751239,0.006349235748251809,0.047030746258746196
ASD,True,2.5166666666666666,29.701451591569324,42.31769516004349,0.029483004187232556,27.951370244199992,0.006381451964351643,0.04701966128893721
ASD,True,2.525,29.605421085065476,42.30763167579493,0.029795318336137574,28.057151920803495,0.006413575096792223,0.047008479639772144
ASD,True,2.533333333333333,29.509500731217663,42.297481834134615,0.030109104032905214,28.162908330614854,0.006445604551265563,0.04699720203792735
ASD,True,2.5416666666666665,29.413690111721543,42.287246274797866,0.030424354937473686,28.26863925854316,0.0064775397445660625,0.04698582919421985
ASD,True,2.55,29.31798882075251,42.27692562348858,0.030741064679699354,28.37434449107925,0.006509380104435383,0.0469743618038762
ASD,True,2.558333333333333,29.222396464762586,42.266520492116555,0.031059226859977456,28.48002381626093,0.00654112506940977,0.04696280054679617
ASD,True,2.5666666666666664,29.126912662281256,42.25603147903016,0.031378835049853455,28.585677023638773,0.006572774088669784,0.04695114608781129
ASD,True,2.575,29.031537043720316,42.245459169244576,0.03169988279262525,28.69130390424253,0.00660432662189244,0.04693939907693842
ASD,True,2.5833333333333335,28.936269251182523,42.23480413466555,0.03202236360393625,28.79690425054803,0.006635782139105685,0.04692756014962839
ASD,True,2.591666666666667,28.841108938274022,42.22406693430894,0.03234627097235973,28.90247785644473,0.006667140120545234,0.04691562992700993
ASD,True,2.6,28.746055769920467,42.21324811451588,0.03267159835997424,29.008024517203722,0.0066984000565137,0.04690360901612875
ASD,True,2.6083333333333334,28.65110942218681,42.20234820916395,0.03299833920293058,29.11354402944635,0.0067295614472420145,0.046891498010182164
ASD,True,2.6166666666666667,28.556269582100576,42.19136773987419,0.03332648691201017,29.219036191113265,0.006760623802753092,0.0468792974887491
ASD,True,2.625,28.46153594747867,42.180307216214125,0.033656034873175276,29.324500801434073,0.006791586642727728,0.046867008018015695
ASD,True,2.6333333333333333,28.366908226757555,42.169167135896934,0.03398697644811089,29.429937660897444,0.006822449496372692,0.04685463015099659
ASD,True,2.6416666666666666,28.272386138826796,42.157947984976786,0.034319304974758665,29.535346571221705,0.006853211902290992,0.046842164427751985
ASD,True,2.65,28.177969412865874,42.14665023804037,0.03465301376784289,29.64072733532596,0.006883873408354282,0.04682961137560041
ASD,True,2.658333333333333,28.083657788184194,42.135274358394845,0.03498809611938878,29.746079757301626,0.006914433571577393,0.04681697150932761
ASD,True,2.6666666666666665,27.98945101406425,42.123820798252076,0.03532454529923298,29.85140364238449,0.006944891957994942,0.046804245331391194
ASD,True,2.675,27.895348849607892,42.112289998909446,0.03566235455552672,29.956698796927185,0.006975248142540012,0.04679143333212161
ASD,True,2.683333333333333,27.801351063585553,42.10068239092713,0.036001517115231474,30.06196502837213,0.007005501708924863,0.04677853598991904
ASD,True,2.6916666666666664,27.707457434288514,42.088998394302024,0.036342026184607364,30.167202145224906,0.007035652249523659,0.04676555377144669
ASD,True,2.7,27.613667749384,42.077238418638295,0.036683874949694543,30.272409957028064,0.007065699365257172,0.04675248713182033
ASD,True,2.7083333333333335,27.519981805773195,42.06540286331474,0.037027056576787384,30.37758827433533,0.007095642665479427,0.04673933651479415
ASD,True,2.716666666666667,27.426399409451964,42.053492117648894,0.03737156421290199,30.48273690868629,0.007125481767866312,0.046726102352943215
ASD,True,2.725,27.332920375374368,42.041506561058036,0.03771739098623678,30.58785567258141,0.007155216298306058,0.04671278506784226
ASD,True,2.7333333333333334,27.239544527318834,42.02944656321712,0.03806453000662649,30.692944379457472,0.007184845890791608,0.046699385070241246
ASD,True,2.7416666666666667,27.14627169775696,42.01731248421365,0.038412974365989616,30.798002843663454,0.007214370187314838,0.04668590276023739
ASD,True,2.75,27.053101727724886,42.00510467469969,0.03876271713876944,30.903030880436706,0.0072437888377626025,0.046672338527444096
ASD,True,2.7583333333333333,26.9600344666972,41.9928234760409,0.03911375138236881,31.008028305879584,0.0072731014998145774,0.046658692751156555
ASD,True,2.7666666666666666,26.867069772463307,41.98046922046277,0.039466070137578614,31.112994936936392,0.007302307838842886,0.04664496580051419
ASD,True,2.775,26.77420751100623,41.968042231194076,0.03981966642900023,31.217930591370735,0.007331407527813455,0.046631158034660086
ASD,True,2.783333333333333,26.681447556383805,41.955542822607605,0.04017453326546201,31.322835087743172,0.007360400247189118,0.04661726980289734
ASD,True,2.7916666666666665,26.58878979061216,41.94297130035817,0.04053066364042989,31.42770824538929,0.007389285684834405,0.046603301444842406
ASD,True,2.8,26.496234103551544,41.93032796151805,0.040888050532412165,31.532549884398037,0.007418063535922011,0.046589253290575616
ASD,True,2.808333333333333,26.40378039279436,41.91761309470986,0.04124668690535868,31.63735982559047,0.007446733502840914,0.04657512566078873
ASD,True,2.8166666666666664,26.31142856355539,41.90482698023684,0.041606565709054424,31.74213789049876,0.007475295295106124,0.046560918866929826
ASD,True,2.825,26.219178528564193,41.89196989021075,0.041967679879507676,31.84688390134559,0.007503748629270027,0.04654663321134528
ASD,True,2.8333333333333335,26.12703020795965,41.87904208867728,0.04233002233933269,31.951597681023785,0.007532093228835317,0.046532268987419204
ASD,True,2.841666666666667,26.034983529186473,41.866043831739084,0.04269358599812731,32.05627905307635,0.007560328824169482,0.046517826479710096
ASD,True,2.85,25.943038426893885,41.85297536767656,0.04305836375284521,32.16092784167675,0.007588455152420817,0.046503305964085064
ASD,True,2.8583333333333334,25.851194842836176,41.83983693706622,0.04342434848816317,32.26554387160949,0.007616471957435962,0.04648870770785135
ASD,True,2.8666666666666667,25.7594527257753,41.82662877289691,0.04379153307684334,32.37012696825099,0.007644378989678902,0.046474031969885456
ASD,True,2.875,25.66781203138533,41.81335110068382,0.04415991038009054,32.47467695755081,0.007672176006151459,0.046459279000759794
ASD,True,2.8833333333333333,25.576272722158823,41.800004138580285,0.04452947324790487,32.57919366601304,0.007699862770315209,0.04644444904286698
ASD,True,2.8916666666666666,25.484834767315007,41.78658809748753,0.04490021451942952,32.68367692067809,0.00772743905201483,0.0464295423305417
ASD,True,2.9,25.393498142709813,41.7731031811623,0.04527212702329395,32.788126549104646,0.00775490462740284,0.04641455909018033
ASD,True,2.908333333333333,25.30226283074763,41.75954958632248,0.04564520357795256,32.892542379351994,0.007782259278865715,0.04639949954035831
ASD,True,2.9166666666666665,25.211128820294842,41.74592750275069,0.04601943699201885,32.9969242399625,0.007809502794951376,0.04638436389194521
ASD,True,2.925,25.12009610659505,41.73223711339596,0.04639482006459523,33.10127195994445,0.007836634970297985,0.046369152348217736
ASD,True,2.933333333333333,25.029164691185965,41.71847859447347,0.04677134558559849,33.205585368755024,0.007863655605564084,0.04635386510497052
ASD,True,2.9416666666666664,24.938334581817948,41.704652115562354,0.04714900633608113,33.30986429628367,0.007890564507360009,0.04633850235062484
ASD,True,2.95,24.84760579237416,41.690757839701774,0.04752779508854843,33.414108572835566,0.007917361488180582,0.046323064266335305
ASD,True,2.9583333333333335,24.756978342792312,41.67679592348507,0.04790770460727148,33.5183180291154,0.00794404636633906,0.04630755102609452
ASD,True,2.966666666666667,24.666452258987896,41.66276651715216,0.04828872764859635,33.6224924962114,0.00797061896590231,0.04629196279683573
ASD,True,2.975,24.57602757277901,41.64866976468024,0.04867085696124914,33.726631805579544,0.007997079116627216,0.0462762997385336
ASD,True,2.9833333333333334,24.485704321812644,41.63450580387274,0.049054085286637364,33.830735789028026,0.008023426653898253,0.04626056200430305
ASD,True,2.9916666666666667,24.395482549492417,41.62027476644659,0.04943840535914738,33.9348042787019,0.008049661418666261,0.046244749740496215
ASD,True,3.0,24.305362304907757,41.605976778117856,0.049823809906438296,34.038837107068,0.008075783257388365,0.04622886308679762
ASD,True,3.0083333333333333,24.21534364276449,41.59161195868577,0.050210291649732126,34.14283410690006,0.00810179202196903,0.046212902176317516
ASD,True,3.0166666666666666,24.125426623316816,41.57718042211516,0.050597843304100394,34.24679511126397,0.008127687569702243,0.046196867135683516
ASD,True,3.025,24.035611312300613,41.56268227661734,0.0509864575787473,34.35071995350335,0.008153469763214797,0.04618075808513038
ASD,True,3.033333333333333,23.945897780868098,41.548117624729436,0.05137612717728938,34.45460846722522,0.008179138470410643,0.046164575138588265
ASD,True,3.0416666666666665,23.856286105523765,41.5334865633923,0.05176684479803183,34.55846048628594,0.008204693564416332,0.04614831840376923
ASD,True,3.05,23.766776368061635,41.51878918402686,0.05215860313424151,34.662275844777305,0.008230134923527485,0.046131987982252064
ASD,True,3.058333333333333,23.67736865550371,41.504025572609066,0.05255139487441675,34.76605437701284,0.008255462431156302,0.04611558396956563
ASD,True,3.0666666666666664,23.588063060039705,41.48919580974349,0.05294521270255389,34.86979591751429,0.008280675975780081,0.046099106455270544
ASD,True,3.075,23.49885967896796,41.47429997073541,0.05334004929841077,34.97350030099826,0.008305775450890744,0.046082555523039345
ASD,True,3.0833333333333335,23.409758614637557,41.45933812566166,0.05373589733776708,35.077167362363056,0.008330760754945328,0.04606593125073518
ASD,True,3.091666666666667,23.32075997439156,41.44431033944005,0.054132749492681854,35.18079693667575,0.008355631791317446,0.04604923371048895
ASD,True,3.1,23.23186387051144,41.42921667189756,0.054530598431747804,35.28438885915929,0.008380388468249705,0.04603246296877506
ASD,True,3.1083333333333334,23.143070420162584,41.41405717783717,0.05492943682034292,35.38794296517994,0.008405030698807039,0.04601561908648575
ASD,True,3.1166666666666667,23.054379745340928,41.39883190710351,0.05532925732087917,35.49145909023472,0.008429558400830968,0.0459987021190039
ASD,True,3.125,22.96579197282064,41.38354090464719,0.055730052593048425,35.59493706993916,0.008453971496894754,0.04598171211627466
ASD,True,3.1333333333333333,22.877307234102886,41.368184210588,0.05613181529406563,35.698376740015085,0.00847826991425944,0.04596464912287555
ASD,True,3.1416666666666666,22.7889256653656,41.352761860276836,0.056534538078909326,35.80177793627868,0.008502453584830769,0.045947513178085375
ASD,True,3.15,22.700647407414312,41.33727388435657,0.05693821360055951,35.9051404946286,0.008526522445116933,0.04593030431595174
ASD,True,3.158333333333333,22.612472605633926,41.321720308821625,0.057342834510232976,36.00846425103425,0.008550476436187192,0.04591302256535736
ASD,True,3.1666666666666665,22.52440140994152,41.306101155076576,0.057748393457615996,36.11174904152432,0.00857431550363129,0.04589566795008508
ASD,True,3.175,22.436433974740083,41.29041643999354,0.05815488309109466,36.214994702175304,0.008598039597519704,0.045878240488881714
ASD,True,3.183333333333333,22.34857045887319,41.27466617596856,0.05856229605798269,36.31820106910029,0.008621648672364675,0.045860740195520625
ASD,True,3.1916666666666664,22.260811025580622,41.258850370976866,0.05897062500474689,36.42136797843779,0.008645142687082028,0.045843167078863184
ASD,True,3.2,22.173155842454864,41.2429690286271,0.059379862577230276,36.52449526634083,0.00866852160495375,0.045825521142919004
ASD,True,3.2083333333333335,22.085605081398544,41.22702214821461,0.059790001420872756,36.627582768966,0.00869178539359134,0.04580780238690512
ASD,True,3.216666666666667,21.99815891858267,41.2110097247736,0.060201034180929834,36.73063032246283,0.008714934024899881,0.045790010805303996
ASD,True,3.225,21.910817534405798,41.19493174912839,0.06061295350268882,36.83363776296315,0.008737967475042858,0.04577214638792044
ASD,True,3.2333333333333334,21.82358111345398,41.178788207943725,0.06102575203168301,36.93660492657064,0.008760885724407674,0.045754209119937474
ASD,True,3.2416666666666667,21.736449844461593,41.16257908377404,0.06143942241390368,37.039531649350494,0.008783688757571875,0.045736198981971156
ASD,True,3.25,21.64942392027293,41.14630435511188,0.06185395729601002,37.14241776731921,0.008806376563270065,0.04571811595012431
ASD,True,3.2583333333333333,21.562503537804613,41.1299639964354,0.062269349325536974,37.24526311643449,0.0088289491343615,0.04569995999603933
ASD,True,3.2666666666666666,21.47568889800877,41.113557978254924,0.06268559115110109,37.34806753258524,0.008851406467798327,0.045681731086949916
ASD,True,3.275,21.388980205836983,41.09708626715868,0.06310267542260438,37.45083085158177,0.008873748564594502,0.045663429185731866
ASD,True,3.283333333333333,21.302377670204997,41.08054882585763,0.06352059479143628,37.55355290914597,0.008895975429795328,0.04564505425095292
ASD,True,3.2916666666666665,21.215881503958137,41.0639456132295,0.06393934191067359,37.656233540901724,0.008918087072447617,0.04562660623692166
ASD,True,3.3,21.12949192383747,41.04727658436193,0.06435890943527868,37.758872582365356,0.00894008350557049,0.04560808509373548
ASD,True,3.308333333333333,21.043209150446668,41.03054169059485,0.06477929002229572,37.86146986893622,0.008961964746126747,0.045589490767327615
ASD,True,3.3166666666666664,20.957033408219573,41.01374087956204,0.06520047633104531,37.96402523588738,0.00898373081499486,0.04557082319951338
ASD,True,3.3249999999999997,20.870964925388417,40.99687409523192,0.06562246102331706,38.06653851835638,0.009005381736941528,0.04555208232803546
ASD,True,3.3333333333333335,20.785003933952748,40.979941277947546,0.0660452367635607,38.16900955133618,0.009026917540594806,0.04553326808660838
ASD,True,3.341666666666667,20.699150669648994,40.9629423644659,0.06646879621907524,38.271438169666055,0.00904833825841779,0.04551438040496211
ASD,True,3.35,20.613405371920656,40.945877287996396,0.06689313206019674,38.37382420802278,0.009069643926682854,0.045495419208884884
ASD,True,3.3583333333333334,20.52776828388916,40.928745978238666,0.06731823696048418,38.47616750091173,0.009090834585446421,0.045476384420265185
ASD,True,3.3666666666666667,20.4422396523253,40.91154836141965,0.0677441035969038,38.57846788265819,0.009111910278524253,0.04545727595713294
ASD,True,3.375,20.356819727621314,40.89428436033001,0.06817072465001191,38.6807251873987,0.009132871053467264,0.045438093733700016
ASD,True,3.3833333333333333,20.271508763763553,40.876953894359815,0.06859809280413603,38.78293924907253,0.009153716961537833,0.045418837660399794
ASD,True,3.3916666666666666,20.1863070183057,40.85955687953357,0.06902620074755468,38.88510990141321,0.00917444805768661,0.04539950764392619
ASD,True,3.4,20.10121475234261,40.8420932285446,0.0694550411726754,38.98723697794016,0.009195064400529815,0.04538010358727178
ASD,True,3.408333333333333,20.016232230484672,40.824562850788766,0.06988460677621154,39.08932031195039,0.009215566052326993,0.0453606253897653
ASD,True,3.4166666666666665,19.931359720832752,40.8069656523976,0.0703148902593575,39.19135973651032,0.00923595307895925,0.04534107294710844
ASD,True,3.425,19.846597494953663,40.78930153627073,0.0707458843279625,39.29335508444768,0.009256225549907933,0.04532144615141192
ASD,True,3.433333333333333,19.76194582785615,40.771570402107784,0.071177581692703,39.3953061883434,0.009276383538233755,0.04530174489123087
ASD,True,3.4416666666666664,19.67740499796743,40.75377214643964,0.07160997506925375,39.49721288052371,0.009296427120556361,0.0452819690515996
ASD,True,3.4499999999999997,19.592975287110207,40.73590666265912,0.07204305717845745,39.599074993052255,0.009316356377034311,0.04526211851406569
ASD,True,3.4583333333333335,19.508656980480193,40.717973841051105,0.07247682074649314,39.700892357722246,0.009336171391345478,0.04524219315672345
ASD,True,3.466666666666667,19.424450366624168,40.699973568822074,0.07291125850504313,39.802664806048746,0.009355872250667863,0.04522219285424675
ASD,True,3.475,19.34035573741842,40.6819057301291,0.07334636319145883,39.90439216926105,0.009375459045660792,0.04520211747792122
ASD,True,3.4833333333333334,19.25637338804774,40.66377020610833,0.07378212754892526,40.00607427829504,0.009394931870446517,0.045181966895675926
ASD,True,3.4916666666666667,19.17250361698487,40.645566874902855,0.07421854432662414,40.10771096378569,0.009414290822592182,0.045161740972114284
ASD,True,3.5,19.08874672597034,40.62729561169017,0.07465560627989605,40.20930205605963,0.009433536003092168,0.04514143956854463
ASD,True,3.5083333333333333,19.005103019992834,40.60895628870906,0.07509330617040112,40.310847385127744,0.009452667516350795,0.045121062543010064
ASD,True,3.5166666666666666,18.921572807269918,40.59054877528596,0.07553163676627865,40.412346780677886,0.009471685470165374,0.04510060975031773
ASD,True,3.525,18.838156399229238,40.57207293786091,0.0759705908423056,40.51380007206759,0.009490589975709618,0.04508008104206768
ASD,True,3.533333333333333,18.75485411049012,40.553528640012956,0.07641016118005381,40.615207088316915,0.009509381147517369,0.04505947626668106
ASD,True,3.5416666666666665,18.671666258845548,40.53491574248512,0.07685034056804617,40.716567658101326,0.009528059103466659,0.04503879526942791
ASD,True,3.55,18.588593165244614,40.51623410320889,0.07729112180191162,40.817881609744624,0.009546623964764099,0.04501803789245432
ASD,True,3.558333333333333,18.505635153775287,40.49748357732827,0.07773249768453915,40.919148771211944,0.009565075855929571,0.044997203974809184
ASD,True,3.5666666666666664,18.422792551647593,40.478664017223394,0.07817446102623055,41.02036897010282,0.009583414904781215,0.044976293352470435
ASD,True,3.5749999999999997,18.34006568917718,40.45977527253369,0.0786170046448522,41.12154203364432,0.009601641242420729,0.044955305858370764
ASD,True,3.5833333333333335,18.25745489976923,40.440817190180645,0.07906012136598585,41.222667788684184,0.009619755003218933,0.04493424132242294
ASD,True,3.591666666666667,18.174960519902765,40.4217896143901,0.07950380402307813,41.3237460616841,0.00963775632480163,0.04491309957154455
ASD,True,3.6,18.092582889115242,40.40269238671424,0.07994804545758939,41.424776678712966,0.00965564534803574,0.04489188042968249
ASD,True,3.6083333333333334,18.010322349987568,40.38352534605308,0.08039283851914115,41.52575946544025,0.00967342221701567,0.044870583717836754
ASD,True,3.6166666666666667,17.928179248129386,40.36428832867562,0.08083817606566288,41.62669424712937,0.009691087079049969,0.044849209254084026
ASD,True,3.625,17.84615393216473,40.34498116824062,0.08128405096353744,41.727580848631156,0.009708640084648215,0.04482775685360069
ASD,True,3.6333333333333333,17.76424675371799,40.32560369581698,0.08173045608774594,41.828419094377324,0.009726081387508152,0.044806226328685535
ASD,True,3.6416666666666666,17.682458067400212,40.30615573990376,0.08217738432201131,41.92920880837407,0.00974341114450304,0.04478461748878195
ASD,True,3.65,17.600788230795636,40.28663712644984,0.08262482855894109,42.029949814195625,0.009760629515669268,0.04476293014049982
ASD,True,3.658333333333333,17.519237604448644,40.26704767887328,0.08307278170016917,42.13064193497795,0.009777736664194132,0.04474116408763698
ASD,True,3.6666666666666665,17.437806551850894,40.24738721808027,0.08352123665649674,42.23128499341238,0.009794732756403876,0.0447193191312003
ASD,True,3.675,17.35649543942883,40.22765556248377,0.08397018634803216,42.331878811739415,0.009811617961751902,0.04469739506942641
ASD,True,3.683333333333333,17.2753046365314,40.20785252802184,0.08441962370433001,42.432423211742474,0.00982839245280719,0.04467539169780204
ASD,True,3.6916666666666664,17.194234515418103,40.18797792817565,0.08486954166452923,42.53291801474177,0.009845056405242907,0.04465330880908405
ASD,True,3.6999999999999997,17.113285451247265,40.16803157398715,0.08531993317749034,42.63336304158813,0.009861609997825196,0.04463114619331906
ASD,True,3.7083333333333335,17.03245782206461,40.1480132740765,0.08577079120193182,42.73375811265701,0.009878053412402134,0.044608903637862775
ASD,True,3.716666666666667,16.95175200879206,40.12792283465909,0.08622210870656542,42.83410304784233,0.009894386833892873,0.044586580927398985
ASD,True,3.725,16.871168395216763,40.107760059562416,0.08667387867023103,42.93439766655064,0.009910610450276932,0.04456417784395824
ASD,True,3.7333333333333334,16.790707367980435,40.08752475024256,0.08712609408203019,43.03464178769502,0.009926724452583646,0.04454169416693617
ASD,True,3.7416666666666667,16.710369316568862,40.06721670580041,0.08757874794145902,43.134835229689315,0.009942729034881756,0.04451912967311157
ASD,True,3.75,16.630154633301675,40.04683572299771,0.08803183325854029,43.234977810442125,0.009958624394269158,0.04449648413666413
ASD,True,3.7583333333333333,16.550063713322324,40.02638159627268,0.0884853430539546,43.335069347351094,0.009974410730862774,0.044473757329191864
ASD,True,3.7666666666666666,16.470096954588296,40.005854117755526,0.08893927035917065,43.43510965729706,0.00999008824778854,0.04445094901972836
ASD,True,3.775,16.390254757861516,39.98525307728365,0.08939360821657488,43.5350985566383,0.010005657151171549,0.04442805897475961
ASD,True,3.783333333333333,16.31053752669898,39.9645782624166,0.08984834967960004,43.63503586120488,0.01002111765012627,0.04440508695824067
ASD,True,3.7916666666666665,16.23094566744356,39.94382945845077,0.09030348781285306,43.73492138629287,0.010036469956746903,0.04438203273161197
ASD,True,3.8,16.151479589215032,39.923006448433966,0.09075901569224223,43.83475494665882,0.010051714286097826,0.044358896053815516
ASD,True,3.808333333333333,16.072139703901268,39.90210901317961,0.09121492640510329,43.93453635651407,0.01006685085620413,0.04433567668131068
ASD,True,3.8166666666666664,15.992926426149632,39.88113693128086,0.09167121305032486,44.03426542951924,0.010081879888042267,0.04431237436808984
ASD,True,3.8249999999999997,15.913840173358528,39.8600899791244,0.09212786873847316,44.13394197877865,0.010096801605530748,0.04428898886569378
ASD,True,3.8333333333333335,15.834881365669146,39.83896793090412,0.09258488659191576,44.23356581683487,0.010111616235520952,0.0442655199232268
ASD,True,3.841666666666667,15.756050425957365,39.81777055863454,0.0930422597449445,44.3331367556632,0.010126324007787972,0.04424196728737172
ASD,True,3.85,15.677347779825798,39.79649763216408,0.09349998134389788,44.43265460666627,0.010140925155021558,0.04421833070240454
ASD,True,3.8583333333333334,15.598773855596018,39.7751489191881,0.09395804454728235,44.53211918066865,0.01015541991281709,0.044194609910208994
ASD,True,3.8666666666666667,15.52032908430092,39.75372418526176,0.094416442525893,44.63153028791148,0.010169808519666623,0.04417080465029084
ASD,True,3.875,15.442013899677235,39.73222319381279,0.09487516846293333,44.73088773804709,0.010184091216949966,0.044146914659791994
ASD,True,3.8833333333333333,15.363828738158174,39.71064570615398,0.09533421555413431,44.83019134013376,0.010198268248925805,0.044122939673504426
ASD,True,3.8916666666666666,15.285774038866215,39.68899148149554,0.09579357700787265,44.92944090263042,0.010212339862722868,0.044098879423883935
ASD,True,3.9,15.20785024360601,39.66726027695736,0.09625324604528823,45.028636233391396,0.010226306308331096,0.04407473364106373
ASD,True,3.908333333333333,15.130057796857418,39.64545184758101,0.09671321590040079,45.12777713966123,0.010240167838592867,0.044050502052867785
ASD,True,3.9166666666666665,15.052397145768664,39.62356594634169,0.09717347982022574,45.226863428069464,0.0102539247091942,0.0440261843848241
ASD,True,3.925,14.974868740149596,39.60160232416003,0.09763403106488935,45.325894904625535,0.010267577178656007,0.04400178036017781
ASD,True,3.933333333333333,14.897473032465067,39.57956072991363,0.09809486290774296,45.424871374713604,0.010281125508325318,0.04397728969990403
ASD,True,3.9416666666666664,14.820210477828404,39.55744091044868,0.0985559686354765,45.52379264308748,0.010294569962366523,0.04395271212272076
ASD,True,3.9499999999999997,14.743081533994983,39.535242610591254,0.09901734154823123,45.622658513865574,0.010307910807752594,0.0439280473451014
ASD,True,3.9583333333333335,14.666086661355894,39.51296557315859,0.09947897495971168,45.721468790525854,0.010321148314256314,0.04390329508128732
ASD,True,3.966666666666667,14.589226322931703,39.49060953897025,0.0999408621972966,45.8202232759008,0.01033428275444146,0.04387845504330028
ASD,True,3.975,14.51250098436627,39.468174246859135,0.10040299660214953,45.91892177217249,0.010347314403653978,0.043853526940954596
ASD,True,3.9833333333333334,14.435911113920676,39.445659433682444,0.10086537152932815,46.017564080867594,0.010360243540013137,0.04382851048186938
ASD,True,3.9916666666666667,14.359457182467207,39.423064834332465,0.10132798034789306,46.11615000285248,0.010373070444402615,0.04380340537148052
ASD,True,4.0,14.283139663483398,39.40039018174735,0.10179081644101567,46.21467933832828,0.010385795400461584,0.04377821131305261
ASD,True,4.008333333333333,14.206959033046163,39.37763520692173,0.10225387320608535,46.31315188682606,0.010398418694575706,0.04375292800769081
ASD,True,4.016666666666667,14.13091576982594,39.35479963891733,0.10271714405481572,46.41156744720196,0.01041094061586812,0.04372755515435259
ASD,True,4.025,14.055010355080958,39.33188320487339,0.10318062241335003,46.50992581763234,0.01042336145619033,0.04370209244985933
ASD,True,4.033333333333333,13.979243272651482,39.30888563001716,0.10364430172236588,46.608226795609035,0.010435681510113051,0.04367653958890795
ASD,True,4.041666666666667,13.903615008954109,39.28580663767418,0.10410817543717923,46.70647017793457,0.010447901074916994,0.04365089626408242
ASD,True,4.05,13.82812605297618,39.2626459492786,0.10457223702784707,46.80465576071741,0.01046002045058354,0.04362516216586511
ASD,True,4.058333333333334,13.75277689627009,39.239403284383414,0.10503647997926999,46.90278333936727,0.010472039939785384,0.043599336982648236
ASD,True,4.066666666666666,13.677568032947779,39.21607836067061,0.10550089779129308,47.000852708590365,0.010483959847877042,0.04357342040074512
ASD,True,4.075,13.602499959675093,39.1926708939613,0.10596548397880697,47.098863662384844,0.010495780482885308,0.043547412104401446
ASD,True,4.083333333333333,13.527573175666307,39.16918059822585,0.10643023207184692,47.19681599403604,0.010507502155499587,0.0435213117758065
ASD,True,4.091666666666667,13.452788182678526,39.14560718559388,0.10689513561569217,47.29470949611194,0.010519125179062144,0.04349511909510431
ASD,True,4.1,13.378145485006225,39.121950366364295,0.10736018817096338,47.39254396045855,0.010530649869558224,0.04346883374040477
ASD,True,4.108333333333333,13.303645589475659,39.09820984901528,0.10782538331372021,47.49031917819538,0.010542076545606087,0.04344245538779475
ASD,True,4.116666666666666,13.229289005439405,39.07438534021427,0.10829071463555712,47.5880349397108,0.010553405528446901,0.043415983711349186
ASD,True,4.125,13.155076244770765,39.050476544827895,0.10875617574369906,47.68569103465768,0.010564637141934521,0.04338941838314211
ASD,True,4.133333333333333,13.081007821858293,39.026483165931914,0.1092217602610956,47.783287251948735,0.010575771712525146,0.043362759073257685
ASD,True,4.141666666666667,13.00708425360016,39.002404904821155,0.1096874618265149,47.88082337975221,0.010586809569266824,0.04333600544980128
ASD,True,4.15,12.933306059398637,38.97824146101944,0.11015327409463603,47.978299205487325,0.010597751043788836,0.043309157178910485
ASD,True,4.158333333333333,12.859673761154454,38.953992532289526,0.11061919073614092,48.07571451581991,0.01060859647029092,0.04328221392476614
ASD,True,4.166666666666667,12.78618788326114,38.92965781464303,0.11108520543780535,48.173069096658054,0.010619346185532369,0.04325517534960337
ASD,True,4.175,12.712848952599407,38.905237002350404,0.11155131190258866,48.270362733147635,0.010630000528820932,0.04322804111372267
ASD,True,4.183333333333334,12.639657498531344,38.88072978795087,0.11201750384972303,48.3675952096681,0.010640559842001606,0.04320081087550097
ASD,True,4.191666666666666,12.566614052894735,38.85613586226246,0.11248377501480138,48.464766309828036,0.010651024469445223,0.04317348429140273
ASD,True,4.2,12.493719149997172,38.83145491439202,0.11295011914986476,48.561875816460976,0.010661394758036884,0.04314606101599113
ASD,True,4.208333333333333,12.42097332661023,38.80668663174525,0.11341653002348834,48.65892351162106,0.010671671057164218,0.04311854070193917
ASD,True,4.216666666666667,12.348377121963473,38.78183070003683,0.11388300142086692,48.75590917657886,0.01068185371870546,0.04309092300004092
ASD,True,4.225,12.275931077738507,38.756886803300524,0.114349527143899,48.852832591817105,0.010691943097017329,0.043063207559222806
ASD,True,4.233333333333333,12.203635738062836,38.731854623899395,0.11481610101127036,48.949693537026526,0.010701939548922741,0.04303539402655488
ASD,True,4.241666666666666,12.131491649503763,38.70673384253605,0.11528271685853617,49.04649179110167,0.010711843433698305,0.043007482047262284
ASD,True,4.25,12.059499361062093,38.68152413826291,0.11574936853820261,49.14322713213683,0.010721655113061635,0.042979471264736564
ASD,True,4.258333333333333,11.987659424165852,38.656225188492584,0.116216049919807,49.23989933742179,0.010731374951158437,0.04295136132054732
ASD,True,4.266666666666667,11.915972392663807,38.63083666900832,0.11668275488999741,49.33650818343791,0.010741003314549405,0.04292315185445369
ASD,True,4.275,11.844438822818999,38.605358253974494,0.11714947735261078,49.43305344585393,0.010750540572196895,0.0428948425044161
ASD,True,4.283333333333333,11.773059273302078,38.579789615947206,0.11761621122875032,49.529534899522,0.010759987095451376,0.04286643290660801
ASD,True,4.291666666666667,11.701834305184551,38.55413042588494,0.11808295045686203,49.62595231847368,0.01076934325803766,0.042837922695427716
ASD,True,4.3,11.63076448193197,38.52838035315934,0.11854968899280949,49.72230547591592,0.010778609436040896,0.04280931150351038
ASD,True,4.308333333333334,11.559850369396903,38.502539065566054,0.11901642080994856,49.818594144227134,0.010787786007892345,0.04278059896174006
ASD,True,4.316666666666666,11.489092535811883,38.476606229335694,0.11948313989920006,49.914818094953255,0.010796873354354898,0.042751784699261886
ASD,True,4.325,11.418491551782108,38.45058150914492,0.11994984026912221,50.010977098803885,0.010805871858508368,0.042722868343494355
ASD,True,4.333333333333333,11.34804799027814,38.424464568127576,0.12041651594598127,50.10707092564834,0.010814781905734509,0.04269384952014175
ASD,True,4.341666666666667,11.27776242662831,38.39825506788602,0.12088316097382173,50.20309934451188,0.010823603883701816,0.042664727853206685
ASD,True,4.35,11.207635438511126,38.371952668502516,0.12134976941453479,50.29906212357185,0.010832338182350035,0.0426355029650028
ASD,True,4.358333333333333,11.137667605947371,38.34555702855078,0.12181633534792638,50.394959030153956,0.010840985193874438,0.04260617447616753
ASD,True,4.366666666666666,11.067859511292195,38.31906780510765,0.12228285287178324,50.4907898307284,0.01084954531270981,0.04257674200567517
ASD,True,4.375,10.998211739226896,38.29248465376491,0.12274931610193886,50.586554290906285,0.010858018935514177,0.0425472051708499
ASD,True,4.383333333333333,10.928724876750653,38.26580722864126,0.1232157191723372,50.682252175435785,0.010866406461152259,0.042517563587379174
ASD,True,4.391666666666667,10.85939951317197,38.23903518239437,0.1236820562350963,50.7778832481986,0.010874708290678645,0.04248781686932707
ASD,True,4.4,10.790236240100034,38.21216816623321,0.12414832146056987,50.87344727220621,0.010882924827320664,0.04245796462914801
ASD,True,4.408333333333333,10.721235651435816,38.18520582993045,0.1246145090374081,50.96894400959635,0.010891056476461004,0.0424280064777005
ASD,True,4.416666666666667,10.652398343362973,38.15814782183503,0.1250806131726175,51.0643732216294,0.010899103645620009,0.04239794202426114
ASD,True,4.425,10.583724914338625,38.13099378888493,0.12554662809161893,51.15973466868484,0.01090706674443769,0.04236777087653881
ASD,True,4.433333333333334,10.515215965083794,38.10374337662015,0.126012548038305,51.25502811025777,0.010914946184655437,0.042337492640689055
ASD,True,4.441666666666666,10.446872098573772,38.0763962291958,0.1264783672750959,51.35025330495535,0.010922742380097423,0.04230710692132867
ASD,True,4.45,10.378693920028132,38.04895198939543,0.12694408008299427,51.445410010493475,0.010930455746651701,0.04227661332155047
ASD,True,4.458333333333333,10.310682036900621,38.021410298644525,0.12740968076163842,51.54049798369324,0.010938086702250991,0.04224601144293836
ASD,True,4.466666666666667,10.242837058868725,37.99377079702427,0.1278751636293549,51.635516980477675,0.010945635666853148,0.04221530088558252
ASD,True,4.475,10.17515959782309,37.96603312328543,0.12834052302320909,51.7304667558683,0.010953103062421301,0.04218448124809492
ASD,True,4.483333333333333,10.107650267856576,37.93819691486249,0.12880575329905528,51.8253470639819,0.010960489312903691,0.042153552127624984
ASD,True,4.491666666666666,10.040309685253192,37.910261807888055,0.12927084883158463,51.920157658027186,0.010967794844213157,0.04212251311987562
ASD,True,4.5,9.973138468476629,37.8822274372074,0.1297358040143728,52.01489829030162,0.010975020084206305,0.04209136381911933
ASD,True,4.508333333333333,9.906137238158662,37.854093436393285,0.1302006132599252,52.10956871218815,0.010982165462662338,0.04206010381821476
ASD,True,4.516666666666667,9.839306617087141,37.82585943776105,0.13066527099972206,52.20416867415211,0.010989231411261544,0.042028732708623395
ASD,True,4.525,9.772647230193822,37.7975250723839,0.13112977168426093,52.29869792573805,0.010996218363563452,0.041997250080426554
ASD,True,4.533333333333333,9.706159704541836,37.769089970108446,0.13159410978309904,52.39315621556665,0.01100312675498463,0.041965655522342715
ASD,True,4.541666666666667,9.639844669312843,37.74055375957055,0.13205827978489362,52.48754329133173,0.011009957022776148,0.04193394862174506
ASD,True,4.55,9.57370275579399,37.711916068211416,0.13252227619744075,52.581858899797176,0.011016709606000675,0.041902128964679354
ASD,True,4.558333333333334,9.507734597364403,37.68317652229389,0.1329860935477136,52.676102786794026,0.01102338494550924,0.0418701961358821
ASD,True,4.566666666666666,9.441940829481513,37.65433474691915,0.1334497263818982,52.77027469721747,0.011029983483917608,0.04183814971879905
ASD,True,4.575,9.376322089666937,37.6253903660436,0.13391316926542893,52.86437437502406,0.011036505665582333,0.041805989295603994
ASD,True,4.583333333333333,9.310879017492107,37.59634300249608,0.13437641678302165,52.958401563228826,0.011042951936576404,0.04177371444721786
ASD,True,4.591666666666667,9.24561225456349,37.56719227799538,0.13483946353870624,53.05235600390245,0.011049322744664561,0.0417413247533282
ASD,True,4.6,9.180522444507538,37.53793781316808,0.13530230415585695,53.146237438168555,0.011055618539278224,0.04170881979240897
ASD,True,4.608333333333333,9.115610232955186,37.508579227566614,0.13576493327722208,53.24004560620101,0.011061839771490056,0.04167619914174068
ASD,True,4.616666666666666,9.050876267526087,37.479116139687804,0.13622734556495142,53.333780247221185,0.01106798689398814,0.04164346237743089
ASD,True,4.625,8.986321197812371,37.449548166991576,0.13668953570062312,53.42744109949546,0.011074060361049808,0.04161060907443508
ASD,True,4.633333333333333,8.92194567536213,37.419874925920105,0.1371514983852681,53.52102790033253,0.011080060628515053,0.041577638806577895
ASD,True,4.641666666666667,8.857750353662402,37.39009603191725,0.13761322833939404,53.614540386080975,0.011085988153759597,0.041544551146574724
ASD,True,4.65,8.79373588812187,37.36021109944839,0.13807472030300696,53.70797829212676,0.011091843395667546,0.041511345666053766
ASD,True,4.658333333333333,8.729902936053069,37.330219742020546,0.13853596903563187,53.80134135289078,0.011097626814603684,0.04147802193557838
ASD,True,4.666666666666667,8.666252156654204,37.30012157220293,0.138996969316332,53.89462930182656,0.011103338872385363,0.04144457952466993
ASD,True,4.675,8.602784210990585,37.269916201647845,0.13945771594372572,53.98784187141787,0.011108980032254015,0.04141101800183094
ASD,True,4.683333333333334,8.539499761975554,37.239603241111965,0.13991820373600325,54.08097879317651,0.011114550758846266,0.04137733693456885
ASD,True,4.691666666666666,8.476399474351062,37.20918230047799,0.14037842753094043,54.17403979764004,0.011120051518164668,0.04134353588941999
ASD,True,4.7,8.413484014667704,37.17865298877672,0.14083838218591216,54.2670246143697,0.011125482777548032,0.04130961443197413
ASD,True,4.708333333333333,8.350754051264389,37.14801491420952,0.14129806257790337,54.359932971948226,0.011130845005641361,0.04127557212689947
ASD,True,4.716666666666667,8.288210254247446,37.117267684171196,0.14175746360351923,54.452764597977875,0.011136138672365407,0.041241408537968
ASD,True,4.725,8.22585329546936,37.0864109052733,0.14221658017899308,54.54551921907838,0.011141364248885809,0.04120712322808144
ASD,True,4.733333333333333,8.16368384850691,37.05544418336784,0.14267540724019345,54.638196560885085,0.011146522207581852,0.0411727157592976
ASD,True,4.741666666666666,8.10170258863892,37.02436712357149,0.1431339397426289,54.730796348046994,0.01115161302201482,0.04113818569285721
ASD,True,4.75,8.03991019282341,36.99317933029011,0.14359217266145188,54.823318304225054,0.011156637166895952,0.041103532589211234
ASD,True,4.758333333333333,7.9783073396743145,36.961880407243925,0.14405010099146048,54.91576215209032,0.011161595118054,0.0410687560080488
ASD,True,4.766666666666667,7.916894709437604,36.93046995749295,0.14450771974709906,55.00812761332237,0.011166487352402386,0.0410338555083255
ASD,True,4.775,7.855672983966942,36.89894758346305,0.14496502396245675,55.100414408607584,0.011171314347905968,0.040998830648292274
ASD,True,4.783333333333333,7.794642846698749,36.867312886972364,0.14542200869126487,55.19262225763765,0.011176076583547403,0.04096368098552485
ASD,True,4.791666666666667,7.733804982626709,36.83556546925832,0.14587866900689253,55.28475087910811,0.01118077453929311,0.04092840607695369
ASD,True,4.8,7.6731600782757745,36.80370493100507,0.14633500000234045,55.37679999071684,0.011185408696058828,0.040893005478894524
ASD,True,4.808333333333334,7.6127088216755014,36.771730872371464,0.14679099679023358,55.46876930916283,0.011189979535674802,0.0408574787470794
ASD,True,4.816666666666666,7.552451902332906,36.739642893019536,0.1472466545028115,55.56065855014478,0.011194487540850541,0.04082182543668837
ASD,True,4.825,7.4923900112046145,36.70744059214349,0.14770196829191795,55.65246742836,0.011198933195139208,0.04078604510238166
ASD,True,4.833333333333333,7.432523840668515,36.67512356849932,0.148156933328988,55.7441956575032,0.011203316982901588,0.04075013729833258
ASD,True,4.841666666666667,7.372854084494692,36.642691420434815,0.1486115448050342,55.83584295026549,0.011207639389269693,0.04071410157826091
ASD,True,4.85,7.313381437815828,36.61014374592023,0.14906579793063046,55.92740901833334,0.011211900900109954,0.04067793749546693
ASD,True,4.858333333333333,7.254106597096867,36.577480142579525,0.14951968793589518,56.018893572387746,0.011216102001986028,0.04064164460286614
ASD,True,4.866666666666666,7.19503026010413,36.544700207722116,0.14997321007047165,56.110296322103316,0.011220243182121222,0.04060522245302457
ASD,True,4.875,7.136153125873669,36.51180353837524,0.15042635960350786,56.20161697614762,0.011224324928360532,0.04056867059819471
ASD,True,4.883333333333333,7.077475894679038,36.47878973131692,0.15087913182363394,56.29285524218044,0.011228347729132284,0.04053198859035213
ASD,True,4.891666666666667,7.018999267998295,36.44565838310955,0.1513315220389383,56.38401082685325,0.011232312073409415,0.04049517598123284
ASD,True,4.9,6.96072394848038,36.41240909013402,0.15178352557694205,56.47508343580869,0.011236218450670361,0.040458232322371133
ASD,True,4.908333333333333,6.902650639910744,36.37904144862457,0.1522351377845718,56.56607277368015,0.011240067350859575,0.04042115716513841
ASD,True,4.916666666666667,6.844780047176238,36.34555505470419,0.15268635402813086,56.65697854409147,0.01124385926434767,0.040383950060782436
ASD,True,4.925,6.787112876229339,36.311949504420724,0.15313716969326863,56.747800449656694,0.011247594681891198,0.04034661056046747
ASD,True,4.933333333333334,6.729649834051539,36.278224393783596,0.1535875801849487,56.83853819197994,0.011251274094592058,0.04030913821531511
ASD,True,4.941666666666666,6.672391628616069,36.244379318801215,0.1540375809274149,56.92919147165532,0.011254897993856547,0.04027153257644579
ASD,True,4.95,6.615338968849752,36.21041387551909,0.1544871673641561,57.01975998826703,0.011258466871354048,0.04023379319502121
ASD,True,4.958333333333333,6.558492564594186,36.17632766005853,0.15493633495786913,57.11024344038943,0.011261981218975377,0.04019591962228726
ASD,True,4.966666666666667,6.501853126566006,36.14212026865623,0.1553850791904203,57.20064152558737,0.011265441528790764,0.04015791140961803
ASD,True,4.975,6.445421366316458,36.107791297704345,0.15583339556280498,57.290953940416415,0.011268848293007498,0.04011976810856038
ASD,True,4.983333333333333,6.389197996190037,36.073340343791465,0.15628127959510613,57.38118038042341,0.01127220200392725,0.04008148927087941
ASD,True,4.991666666666666,6.333183729282392,36.03876700374426,0.15672872682645045,57.47132054014692,0.01127550315390302,0.040043074448604735
ASD,True,5.0,6.27737927939728,36.00407087466984,0.15717573281496386,57.561374113117935,0.011278752235295808,0.0400045231940776
ASD,True,5.008333333333333,6.221785361002755,35.96925155399895,0.15762229313772444,57.65134079186059,0.01128194974043092,0.03996583505999884
ASD,True,5.016666666666667,6.166402689186387,35.93430863952983,0.1580684033907147,57.741220267893084,0.011285096161553976,0.03992700959947759
ASD,True,5.025,6.111231979609663,35.899241729473005,0.15851405918877157,57.83101223172858,0.011288191990786617,0.03988804636608111
ASD,True,5.033333333333333,6.056273948461442,35.86405042249671,0.15895925616553513,57.920716372876335,0.01129123772008188,0.039848944913885236
ASD,True,5.041666666666667,6.001529312410477,35.828734317773225,0.159403989973396,58.01033237984293,0.011294233841179308,0.039809704797525804
ASD,True,5.05,5.946998788557059,35.79329301502602,0.1598482562834407,58.0998599401335,0.011297180845559748,0.03977032557225114
ASD,True,5.058333333333334,5.892683094383634,35.75772611457771,0.16029205078539605,58.189298740253285,0.011300079224399871,0.03973080679397523
ASD,True,5.066666666666666,5.838582947704537,35.722033217398824,0.1607353691875714,58.2786484657091,0.011302929468526427,0.039691148019332025
ASD,True,5.075,5.784699066614658,35.686213925157524,0.16117820721680018,58.36790880101105,0.011305732068370225,0.03965134880573058
ASD,True,5.083333333333333,5.731032169437205,35.65026784027012,0.16162056061837907,58.45707942967432,0.011308487513919843,0.03961140871141124
ASD,True,5.091666666666667,5.677582974670365,35.614194565952474,0.16206242515600663,58.54616003422118,0.01131119629467511,0.03957132729550275
ASD,True,5.1,5.624352200933031,35.57799370627235,0.16250379661171957,58.63515029618292,0.011313858899600335,0.03953110411808039
ASD,True,5.108333333333333,5.571340566909387,35.541664866202616,0.16294467078582833,58.72404989610219,0.011316475817077294,0.03949073874022513
ASD,True,5.116666666666666,5.518548791292543,35.50520765167544,0.1633850434968507,58.8128585135352,0.01131904753485801,0.039450230724083823
ASD,True,5.125,5.465977592726988,35.468621669637315,0.1638249105814446,58.90157582705428,0.011321574540017315,0.03940957963293035
ASD,True,5.133333333333333,5.413627689750056,35.431906528105195,0.1642642678943387,58.99020151425044,0.011324057318905185,0.039368785031227996
ASD,True,5.141666666666667,5.3614998007321875,35.395061836223434,0.16470311130826262,59.07873525173615,0.011326496357098923,0.0393278464846927
ASD,True,5.15,5.309594643816154,35.35808720432182,0.1651414367138749,59.16717671514818,0.01132889213935512,0.039286763560357575
ASD,True,5.158333333333333,5.257912936855092,35.32098224397456,0.1655792400196903,59.25552557915068,0.01133124514956146,0.0392455358266384
ASD,True,5.166666666666667,5.20645539734937,35.28374656806027,0.16601651715200558,59.34378151743837,0.011333555870688372,0.0392041628534003
ASD,True,5.175,5.155222742382348,35.24637979082301,0.16645326405482377,59.431944202739835,0.011335824784740501,0.03916264421202557
ASD,True,5.183333333333334,5.104215688554851,35.208881527934324,0.16688947668977777,59.52001330682107,0.011338052372708074,0.039120979475482584
ASD,True,5.191666666666666,5.053434951918539,35.17125139655637,0.16732515103605197,59.60798850048906,0.011340239114518121,0.039079168218395965
ASD,True,5.2,5.002881247907938,35.13348901540612,0.1677602830903035,59.69586945359566,0.011342385488985578,0.039037210017117914
ASD,True,5.208333333333333,4.952555291271342,35.09559400482058,0.16819486886658158,59.78365583504151,0.011344491973764297,0.03899510444980065
ASD,True,5.216666666666667,4.902457796000346,35.05756598682322,0.16862890439624628,59.87134731278021,0.011346559045297966,0.038952851096470245
ASD,True,5.225,4.852589475258189,35.019404585191396,0.1690623857278857,59.95894355382255,0.011348587178770943,0.03891044953910155
ASD,True,5.233333333333333,4.802951041306723,34.981109425524984,0.16949530892723272,60.04644422424108,0.011350576848059034,0.03886789936169443
ASD,True,5.241666666666666,4.753543205432135,34.94268013531614,0.16992767007707973,60.133848989174666,0.011352528525680215,0.03882520015035126
ASD,True,5.25,4.704366677869262,34.9041163440202,0.17035946527719356,60.221157512833365,0.011354442682745335,0.03878235149335578
ASD,True,5.258333333333333,4.6554221677246215,34.865417683127795,0.17079069064422822,60.30836945850338,0.01135631978890877,0.038739352981253104
ASD,True,5.266666666666667,4.606710382898,34.8265837862381,0.17122134231163771,60.39548448855228,0.011358160312319095,0.03869620420693123
ASD,True,5.275,4.558232030002713,34.78761428913339,0.17165141642958714,60.48250226443434,0.011359964719569746,0.038652904765703766
ASD,True,5.283333333333333,4.509987814284408,34.74850882985468,0.17208090916486346,60.56942244669607,0.01136173347564972,0.03860945425539409
ASD,True,5.291666666666667,4.461978439538434,34.70926704877876,0.17250981670078533,60.65624469498205,0.011363467043894297,0.03856585227642085
ASD,True,5.3,4.4142046080258135,34.669888588696374,0.17293813523711174,60.74296866804073,0.011365165885935832,0.03852209843188486
ASD,True,5.308333333333334,4.366667020387656,34.63037309489173,0.17336586098995058,60.82959402373069,0.011366830461654603,0.03847819232765748
ASD,True,5.316666666666666,4.319366375558173,34.5907202152233,0.17379299019166572,60.91612041902689,0.011368461229129751,0.03843413357247033
ASD,True,5.325,4.272303370676096,34.550929600205876,0.17421951909078429,61.00254751002727,0.011370058644590326,0.03838992177800653
ASD,True,5.333333333333333,4.225478700994636,34.511000903094065,0.17464544395190226,61.088874951959426,0.011371623162366442,0.0383455565589934
ASD,True,5.341666666666667,4.1788930597898215,34.47093377996697,0.17507076105559066,61.175102399187644,0.011373155234840577,0.03830103753329663
ASD,True,5.35,4.132547138267331,34.430727889814406,0.17549546669830005,61.26122950521999,0.011374655312399019,0.038256364322016005
ASD,True,5.358333333333333,4.086441625467656,34.39038289462434,0.17591955719226549,61.34725592271576,0.011376123843383495,0.0382115365495826
ASD,True,5.366666666666666,4.040577208169729,34.34989845947183,0.1763430288654103,61.43318130349305,0.011377561274042967,0.03816655384385759
ASD,True,5.375,3.9949545707928324,34.309274252609335,0.17676587806125024,61.519005298536605,0.011378968048485654,0.038121415836232596
ASD,True,5.383333333333333,3.9495743952969256,34.268509945558456,0.1771881011387962,61.60472755800585,0.011380344608631271,0.03807612216173162
ASD,True,5.391666666666667,3.904437361081217,34.227605213203134,0.17760969447245792,61.690347731243214,0.011381691394163508,0.038030672459114595
ASD,True,5.4,3.859544144881105,34.18655973388434,0.17803065445194632,61.77586546678264,0.011383008842482775,0.0379850663709826
ASD,True,5.408333333333333,3.814895420663345,34.1453731894962,0.17845097748217634,61.86128041235831,0.011384297388659217,0.03793930354388467
ASD,True,5.416666666666667,3.7704918595194696,34.10404526558364,0.17887065998316948,61.94659221491374,0.011385557465386054,0.03789338362842627
ASD,True,5.425,3.726334129557493,34.06257565144164,0.17928969838995593,62.031800520610936,0.011386789502933198,0.0378473062793796
ASD,True,5.433333333333334,3.682422895791746,34.02096404021586,0.17970808915247732,62.11690497483994,0.01138799392910125,0.037801071155795396
ASD,True,5.441666666666666,3.6387588200309753,33.97921012900498,0.1801258287354888,62.201905222228575,0.011389171169175821,0.03775467792111665
ASD,True,5.45,3.5953425607645344,33.93731361896454,0.18054291361846175,62.28680090665249,0.011390321645882254,0.03770812624329393
ASD,True,5.458333333333333,3.5521747730467834,33.8952742154124,0.18095934029548627,62.371591671245355,0.011391445779340724,0.03766141579490267
ASD,True,5.466666666666667,3.5092561083795393,33.85309162793581,0.18137510527517423,62.45627715840949,0.011392543987021766,0.037614546253262014
ASD,True,5.475,3.466587214592688,33.810765570500166,0.1817902050805622,62.54085700982661,0.01139361668370224,0.03756751730055574
ASD,True,5.483333333333333,3.424168735722796,33.768295761559266,0.18220463624901523,62.62533086646895,0.011394664281421742,0.03752032862395474
ASD,True,5.491666666666666,3.382001311889847,33.72568192416748,0.18261839533213026,62.70969836861057,0.011395687189439509,0.037472979915741646
ASD,True,5.5,3.3400855791719213,33.68292378609338,0.1830314788956411,62.79395915583908,0.011396685814191803,0.03742547087343709
ASD,True,5.508333333333333,3.298422169477957,33.64002107993525,0.18344388351932261,62.87811286706749,0.011397660559249822,0.037377801199928055
ASD,True,5.516666666666667,3.257011710418407,33.59697354323822,0.18385560579689691,62.9621591405465,0.011398611825278166,0.03732997060359802
ASD,True,5.525,3.215854825173923,33.55378091861322,0.18426664233593903,63.04609761387694,0.011399540009993828,0.03728197879845913
ASD,True,5.533333333333333,3.174952132361919,33.51044295385768,0.1846769897577839,63.12992792402264,0.011400445508125792,0.037233825504286305
ASD,True,5.541666666666667,3.1343042459010393,33.46695940207799,0.18508664469743444,63.213649707323555,0.011401328711375225,0.03718551044675332
ASD,True,5.55,3.0939117748735527,33.42333002181386,0.18549560380346958,63.29726259950914,0.011402190008376285,0.03713703335757096
ASD,True,5.558333333333334,3.0537753233855343,33.379554577164384,0.18590386373795442,63.380766235712144,0.011403029784657579,0.03708839397462709
ASD,True,5.566666666666666,3.0138954904249484,33.33563283791609,0.18631142117635038,63.464160250482635,0.011403848422604276,0.037039592042128984
ASD,True,5.575,2.9742728697174714,33.29156457967272,0.18671827280742725,63.5474442778024,0.011404646301420908,0.03699062731074747
ASD,True,5.583333333333333,2.934908049580159,33.24734958398706,0.18712441533317584,63.63061795109963,0.011405423797094881,0.0369414995377634
ASD,True,5.591666666666667,2.89580161277281,33.2029876384945,0.1875298454687223,63.71368090326399,0.01140618128236069,0.03689220848721611
ASD,True,5.6,2.8569541363471225,33.158478537048694,0.18793455994224362,63.79663276666196,0.011406919126664907,0.0368427539300541
ASD,True,5.608333333333333,2.8183661914934963,33.11382207985904,0.18833855549488446,63.8794731731526,0.011407637696131913,0.03679313564428782
ASD,True,5.616666666666666,2.7800383433855815,33.069018073630225,0.18874182888067567,63.96220175410354,0.011408337353530418,0.036743353415144696
ASD,True,5.625,2.7419711510224163,33.02406633170367,0.18914437686645438,64.04481814040747,0.011409018458240803,0.036693407035226305
ASD,True,5.633333333333333,2.704165167068269,32.97896667420108,0.18954619623178537,64.12732196249888,0.011409681366223265,0.036643296304667866
ASD,True,5.641666666666667,2.666620937690015,32.93371892816994,0.189947283768885,64.20971285037118,0.011410326429986817,0.03659302103129993
ASD,True,5.65,2.6293390023921606,32.88832292773111,0.190347636282546,64.2919904335942,0.011410953998559162,0.03654258103081234
ASD,True,5.658333333333333,2.5923198938493814,32.8427785142285,0.1907472505900648,64.37415434133207,0.011411564417457425,0.03649197612692055
ASD,True,5.666666666666667,2.555564137736596,32.79708553638074,0.19114612352117097,64.4562042023615,0.011412158028659821,0.03644120615153416
ASD,True,5.675,2.519072252556582,32.75124385043513,0.191544251917958,64.53813964509034,0.011412735170578215,0.03639027094492792
ASD,True,5.683333333333334,2.4828447494650145,32.70525332032352,0.19194163263481726,64.61996029757665,0.011413296178031638,0.036339170355915024
ASD,True,5.691666666666666,2.4468821320930276,32.65911381782053,0.19233826253837324,64.70166578754808,0.01141384138222076,0.036287904242022814
ASD,True,5.7,2.4111848963671396,32.61282522270376,0.19273413850742202,64.78325574242169,0.011414371110703326,0.03623647246967085
ASD,True,5.708333333333333,2.3757535303266493,32.56638742291635,0.19312925743287146,64.86472978932414,0.011414885687370611,0.0361848749143515
ASD,True,5.716666666666667,2.340588513938349,32.51980031473161,0.19352361621768444,64.94608755511237,0.011415385432424855,0.036133111460812904
ASD,True,5.725,2.305690318908659,32.473063802919995,0.19391721177682436,65.02732866639454,0.011415870662357738,0.036081182003244436
ASD,True,5.733333333333333,2.2710594084930245,32.42617780091822,0.19431004103720376,65.10845274955157,0.011416341689929917,0.03602908644546469
ASD,True,5.741666666666666,2.236696237302688,32.37914223100074,0.19470210093763504,65.18945943075896,0.011416798824151586,0.03597682470111194
ASD,True,5.75,2.2026012511086757,32.33195702445343,0.19509338842878512,65.27034833600914,0.011417242370264136,0.035924396693837145
ASD,True,5.758333333333333,2.1687748866431025,32.28462212174962,0.19548390047313194,65.35111909113417,0.0114176726297229,0.03587180235749958
ASD,True,5.766666666666667,2.1352175713976496,32.237137472728435,0.19587363404492508,65.43177132182902,0.011418089900180993,0.03581904163636493
ASD,True,5.775,2.1019297234193037,32.18950303677547,0.19626258613014874,65.5123046536751,0.01141849447547428,0.035766114485306075
ASD,True,5.783333333333333,2.068911751103244,32.14171878300586,0.19665075372648844,65.59271871216444,0.011418886645607461,0.03571302087000651
ASD,True,5.791666666666667,2.0361640529828855,32.093784690449645,0.1970381338433011,65.6730131227242,0.011419266696741322,0.035659760767166274
ASD,True,5.8,2.003687017517094,32.04570074823965,0.19742472350158824,65.75318751074168,0.011419634911181111,0.03560633416471073
ASD,True,5.808333333333334,1.9714810228744593,31.99746695580168,0.1978105197339732,65.83324150158991,0.011419991567366112,0.03555274106200187
ASD,True,5.816666666666666,1.9395464367147093,31.949083323047166,0.1981955195846815,65.91317472065347,0.01142033693986037,0.035498981470052406
ASD,True,5.825,1.9078836159671335,31.90054987056829,0.19857972010952551,65.99298679335507,0.011420671299344617,0.035445055411742546
ASD,True,5.833333333333333,1.8764929066061014,31.851866629835577,0.1989631183758923,66.07267734518246,0.011420994912609398,0.03539096292203953
ASD,True,5.841666666666667,1.845374643423542,31.803033643397896,0.19934571146273616,66.15224600171585,0.011421308042549394,0.03533670404821988
ASD,True,5.85,1.814529149798474,31.75405096508508,0.19972749646057444,66.2316923886559,0.011421610948158962,0.03528227885009454
ASD,True,5.858333333333333,1.7839567374634506,31.704918660212936,0.20010847047148822,66.31101613185216,0.011421903884528895,0.035227687400236594
ASD,True,5.866666666666666,1.7536577062680108,31.655636805790884,0.20048863060912647,66.390216857332,0.011422187102844416,0.0351729297842121
ASD,True,5.875,1.7236323439390016,31.60620549073207,0.20086797399871523,66.46929419133023,0.011422460850384389,0.03511800610081341
ASD,True,5.883333333333333,1.6938809258378602,31.55662481606611,0.20124649777707063,66.54824776031899,0.011422725370521785,0.035062916462295673
ASD,True,5.891666666666667,1.6644037147147297,31.50689489515433,0.2016241990926169,66.62707719103835,0.011422980902725387,0.03500766099461592
ASD,True,5.9,1.6352009604594828,31.45701585390767,0.20200107510540852,66.70578211052747,0.011423227682562717,0.03495223983767519
ASD,True,5.908333333333333,1.6062728998495606,31.406987831007157,0.20237712298715746,66.78436214615614,0.011423465941704252,0.034896653145563505
ASD,True,5.916666666666667,1.5776197562946312,31.35681097812698,0.20275233992126518,66.86281692565714,0.01142369590792884,0.034840901086807756
ASD,True,5.925,1.549241739578085,31.306485460160246,0.20312672310285904,66.94114607715883,0.011423917805130407,0.034784983844622495
ASD,True,5.933333333333334,1.5211390455952645,31.256011455447315,0.20350026973883453,67.0193492292186,0.01142413185332588,0.03472890161716368
ASD,True,5.941666666666666,1.4933118560885084,31.20538915600687,0.20387297704790175,67.09742601085674,0.011424338268664376,0.03467265461778541
ASD,True,5.95,1.4657603383788966,31.15461876776957,0.2042448422606376,67.17537605159092,0.011424537263437633,0.03461624307529952
ASD,True,5.958333333333333,1.4384846450947668,31.103700510814456,0.20461586261954304,67.25319898147126,0.011424729046091667,0.034559667234238284
ASD,True,5.966666666666667,1.4114849138968995,31.052634619607975,0.2049860353791057,67.33089443111604,0.011424913821239687,0.03450292735511997
ASD,True,5.975,1.3847612672004403,31.00142134324579,0.20535535780586792,67.40846203174792,0.011425091789676222,0.03444602371471755
ASD,True,5.983333333333333,1.3583138118934568,30.950060945697203,0.2057238271785006,67.48590141523086,0.01142526314839248,0.03438895660633023
ASD,True,5.991666666666666,1.3321426390522026,30.898553706052372,0.20609144078788205,67.56321221410755,0.011425428090592936,0.03433172634005819
ASD,True,6.0,1.3062478236529835,30.846899918772195,0.20645819593718348,67.64039406163765,0.0114255868057131,0.03427433324308022
