permeability_scenario,time_h,external_adc_molecules_per_cell,free_surface_receptor_molecules_per_cell,bound_adc_molecules_per_cell,endosome_adc_molecules_per_cell,lysosome_adc_molecules_per_cell,recycling_receptor_molecules_per_cell,degraded_adc_molecules_per_cell,cytoplasm_payload_molecules_per_cell,exported_payload_molecules_per_cell,metabolized_payload_molecules_per_cell
High permeability,0.0,6022140.760000001,1000000.0,0.0,0.0,0.0,0.0,0.0,0.0,0.0,0.0
High permeability,0.1,5928162.476450246,906022.9219853178,93738.84808938006,238.22992530306823,1.1757791807238098,238.22992530306823,0.029755890955528226,0.11845354667698219,0.0004780635656751427,7.170953485127141e-05
High permeability,0.2,5845101.354207945,822969.903100498,176120.92839123838,909.1685082664593,8.85529094766877,909.1685082664593,0.4536016041349659,1.7972664622252226,0.014635958427921088,0.0021953937641881627
High permeability,0.30000000000000004,5771480.456610998,749370.0450228613,248676.02343457882,1953.9315425643865,28.15941866943777,1953.9315425643865,2.1889931920281396,8.632154270595176,0.10637325534388255,0.01595598830158238
High permeability,0.4,5706060.79792244,683989.5775479664,312688.950445506,3321.472006534271,62.941803866498496,3321.472006534271,6.597821656856294,25.89324903657382,0.4291729097525816,0.06437593646288722
High permeability,0.5,5647795.618842243,625786.2422612669,369246.3885787711,4967.36915996985,116.01538998504296,4967.36915996985,15.368029036193441,60.019134792688455,1.2543703544554563,0.18815555316831845
High permeability,0.6000000000000001,5595794.865473857,573873.8632453957,419273.29587024567,6852.840884367202,189.34316011487707,6852.840884367202,30.414611421687475,118.19901275594798,2.9902093339547133,0.44853140009320697
High permeability,0.7000000000000001,5549297.304202828,527494.5402512541,463561.5286145989,8943.93113415579,284.19884463481714,8943.93113415579,53.797203789608474,208.02990809909198,6.193310270595633,0.9289965405893449
High permeability,0.8,5507648.418545494,485996.61272901733,502792.5511003412,11210.836170649982,401.30214895961115,11210.836170649982,87.65203456147191,337.2384684157039,11.573945109118979,1.7360917663678463
High permeability,0.9,5470282.730043383,448817.0386624459,537555.6195688256,13627.341768735389,540.9322105665871,13627.341768735389,134.13640849352043,513.4586083491964,19.99631966388374,2.9994479495825597
High permeability,1.0,5436709.539144268,415467.18564229866,568362.4643819324,16170.349975773035,703.0223790608699,16170.349975773035,195.3841189669734,744.0574095825788,32.47490362401222,4.871235543601832
High permeability,1.1,5406501.333560464,385521.28288533667,595659.2384301233,18819.47868454068,887.2389667308262,18819.47868454068,273.4703581402667,1036.0025218710034,50.16770311803915,7.525155467705872
High permeability,1.2000000000000002,5379284.296591299,358606.96767099696,619836.3114112344,21556.720917766237,1093.0462588894936,21556.720917766237,370.38482080667814,1395.764963686814,74.3672460042639,11.155086900639587
High permeability,1.3,5354730.481486731,334397.4930864341,641236.3535113315,24366.153402228825,1319.7597923475919,24366.153402228825,488.0118073539564,1829.2517944475937,106.48993243350446,15.97348986502567
High permeability,1.4000000000000001,5332551.315747538,312605.26166133455,660161.0523354186,27233.686003235718,1566.5896681449392,27233.686003235718,628.1162456489014,2341.7637162952374,148.06429160482347,22.209643740723518
High permeability,1.5,5312492.178792661,292976.42886909656,676876.725694602,30146.845436282794,1832.6754349005962,30146.845436282794,792.3346415323547,2937.973115123908,200.7186053383264,30.107790800748962
High permeability,1.6,5294327.848385313,275286.3723661034,691619.0398964877,33094.5877373832,2117.1138992573337,33094.5877373832,982.170081531465,3621.9186167993735,266.1682628834856,39.92523943252284
High permeability,1.7000000000000002,5277858.656142136,259335.86768896255,704596.9972515703,36067.13505943476,2418.981036783192,36067.13505943476,1198.9905100417009,4397.012708078158,346.2031426417412,51.93047139626116
High permeability,1.8,5262907.225267133,244947.84388737357,715996.3229649358,39055.83314765187,2737.3490180787094,39055.83314765187,1444.0296021604886,5266.059441660549,442.67525189496,66.40128778424399
High permeability,1.9000000000000001,5249315.688999335,231964.6178687753,725982.3556597973,42053.02647138286,3071.29922074593,42053.02647138286,1718.3896486914637,6231.279690096371,557.4867999780023,83.62301999670034
High permeability,2.0,5236943.308250923,220245.52617671064,734702.5253195115,45051.948503727894,3419.931968364968,45051.948503727894,2023.0459574216895,7294.341816851447,692.5788339726921,103.88682509590382
High permeability,2.1,5225664.422226628,209664.88820635588,742288.4867562355,48046.62503734807,3782.3736219471466,48046.62503734807,2358.8523577785145,8456.396009881897,849.920526801819,127.48807902027285
High permeability,2.2,5215366.679425091,200110.2484333513,748857.9627372248,51031.78882935108,4157.781551796694,51031.78882935108,2726.5474564625365,9718.110800233255,1031.4991769480898,154.72487654221348
High permeability,2.3000000000000003,5205949.5027968595,191480.8516033318,754516.3444353237,54002.80396126166,4545.347420340436,54002.80396126166,3126.7613861301793,11079.710699630023,1239.3109498014176,185.89664247021264
High permeability,2.4000000000000004,5197322.755896592,183686.31783847656,759358.0833552019,56955.59880623062,4944.2991444805175,56955.59880623062,3560.022797402584,12541.013940658928,1475.3523760027265,221.30285640040898
High permeability,2.5,5189405.578887436,176645.48664760185,763467.9068949666,59886.60645733222,5353.901832235707,59886.60645733222,4026.7659279276254,14101.469664627746,1741.6125980351667,261.241889705275
High permeability,2.6,5182125.368254105,170285.40380939087,766921.8845719512,62792.71161854994,5773.457926803442,62792.71161854994,4527.337628480392,15760.194090818872,2040.0663531530172,306.00995297295253
High permeability,2.7,5175416.882060734,164540.43304157237,769788.3636557657,65671.20330254784,6202.306763505328,65671.20330254784,5062.004217331019,17516.005183961814,2372.66766497781,355.90014974667145
High permeability,2.8000000000000003,5169221.45276975,159351.47455810086,772128.7928254297,68519.73261634244,6639.82369541085,68519.73261634244,5630.958092938723,19367.455581882306,2741.3442075228127,411.2016311284218
High permeability,2.9000000000000004,5163486.290902159,154665.273878042,773998.4511971542,71336.27492466262,7085.418898476523,71336.27492466262,6234.32407740553,21312.863699437545,3147.992318726966,472.1988478090448
High permeability,3.0,5158163.871241861,150433.81262974176,775447.0912711328,74119.09609897321,7538.535978570666,74119.09609897321,6872.1654093099505,23350.34275338757,3594.472602529773,539.170890379466
High permeability,3.1,5153211.38706244,146613.76690715906,776519.510912396,76866.72218028012,7998.650432355007,76866.72218028012,7544.489412363344,25477.827832858067,4082.606103050493,612.3909154575738
High permeability,3.2,5148590.265993207,143166.02683093373,777256.0609652557,79577.91220363398,8465.268036871135,79577.91220363398,8251.252800855338,27693.100921821086,4614.170996493792,692.1256494740687
High permeability,3.3000000000000003,5144265.73927793,140055.26911550437,777693.0970773702,82251.6338069401,8937.923209560277,82251.6338069401,8992.366628013258,29993.813940714994,5190.899763715959,778.6349645573937
High permeability,3.4000000000000004,5140206.458332709,137249.5765869441,777863.3820663558,84887.04134650649,9416.1773769395,84887.04134650649,9767.700877294234,32377.509862890187,5814.4767950937285,872.171519264059
High permeability,3.5,5136384.151428665,134720.09751818803,777796.4463116075,87483.45617000198,9899.61736425665,87483.45617000198,10577.088725264712,34841.642034572695,6486.536415440989,972.9804623161481
High permeability,3.6,5132773.317276021,132440.74158260538,777518.9095147041,90040.34890247864,10387.853837093147,90040.34890247864,11420.33046948917,37383.59173757571,7208.6612719836085,1081.299190797541
High permeability,3.7,5129350.951276325,130387.90822251444,777054.7682413762,92557.32353588,10880.519808584084,92557.32353588,12297.197137603915,40000.68410788064,7982.381043280076,1197.357156492011
High permeability,3.8000000000000003,5126096.2988655735,128540.24188484425,776425.6550776493,95034.10303726415,11377.269202595755,95034.10303726415,13207.433816673132,42690.20254976974,8809.17148359239,1321.3757225388583
High permeability,3.9000000000000004,5122990.636069159,126878.41426064404,775651.0692518138,97470.51648728666,11877.775509088882,97470.51648728666,14150.762682393408,45449.401692539555,9690.453690750157,1453.568053612523
High permeability,4.0,5120017.0705296835,125384.9268169255,774748.5857857637,99866.48739703983,12381.730496253254,99866.48739703983,15126.885790986524,48275.51905430413,10627.593672992825,1594.1390509489236
High permeability,4.1000000000000005,5117160.363636636,124043.93426229987,773734.042501835,102222.02323558372,12888.843009288903,102222.02323558372,16135.487616372215,51165.78546401661,11621.902109789953,1743.2853164684925
High permeability,4.2,5114406.770487811,122841.0856956251,772621.7083109478,104537.2059931369,13398.837844704445,104537.2059931369,17176.237363106648,54117.43436242288,12674.634307690469,1901.1951461535698
High permeability,4.3,5111743.895796625,121763.3815669337,771424.4347559215,106812.18367684465,13911.454698442736,106812.18367684465,18248.79107186294,57127.710075914736,13786.990327832711,2068.0485491749064
High permeability,4.4,5109160.563518318,120799.04423460738,770153.7931433822,109047.1626216999,14426.447178278064,109047.1626216999,19352.7935380071,60193.87513392534,14960.115295164353,2244.017294274653
High permeability,4.5,5106646.699617228,119937.4015537118,768820.1978672921,111242.40057866805,14943.581887282155,111242.40057866805,20487.880049198706,63313.21671525965,16195.099835738274,2429.264975360741
High permeability,4.6000000000000005,5104193.22704728,119168.78258380397,767433.0168970692,113398.20051878407,15462.637581185938,113398.20051878407,21653.6779553345,66483.05233884735,17492.980587976257,2623.9470881964385
High permeability,4.7,5101791.969575369,118484.42204407394,766000.672966145,115514.9049894234,15983.404368126174,115514.9049894234,22849.80810057539,69700.73478695813,18854.740901728597,2828.211135259289
High permeability,4.800000000000001,5099435.565989394,117876.3750784412,764530.7338426993,117592.89107848716,16505.68297926349,117592.89107848716,24075.886109780302,72963.65641237203,20281.311566700046,3042.1967350050063
High permeability,4.9,5097117.392162534,117337.43980268324,763029.9943361512,119632.5658607795,17029.284086773885,119632.5658607795,25331.52355337139,76269.25283710983,21773.571647178396,3266.0357470767585
High permeability,5.0,5094831.4907065425,116861.08737625886,761504.5503203098,121634.36230303228,17554.02767268682,121634.36230303228,26616.328997026463,79615.00611795165,23332.3493798928,3499.852406983919
High permeability,5.1000000000000005,5092572.507372405,116441.39876321529,759959.8656571365,123598.73557923736,18079.742443918876,123598.73557923736,27929.9089468871,82998.44742696216,24958.423130243442,3743.763469536515
High permeability,5.2,5090335.6335333865,116073.00752302693,758400.832719826,125526.15975672545,18606.265290221927,125526.15975672545,29271.868699415045,86417.15929414937,26652.522397682977,3997.8783596524454
High permeability,5.300000000000001,5088116.554116436,115751.04800193157,756831.8271813276,127417.1248163147,19133.44078128887,127417.1248163147,30641.813104202418,89868.77745001273,28415.328866302378,4262.2993299453565
High permeability,5.4,5085911.400656293,115471.1086078123,755256.7574118685,129272.13397989306,19661.12070361282,129272.13397989306,32039.347247902686,93350.99233658997,30247.477469362857,4537.121620404428
High permeability,5.5,5083716.708655712,115229.18935093695,753679.1093424162,131091.7013062208,20189.16362889207,131091.7013062208,33464.07706632811,96861.55028290114,32149.557495843248,4822.433624376485
High permeability,5.6000000000000005,5081529.378608423,115021.66300315954,752101.9874684646,132876.34952794973,20717.43450685568,132876.34952794973,34915.60988787602,100398.25432054345,34122.11377108376,5118.317065662561
High permeability,5.7,5079346.641781663,114845.24101214213,750528.1508517901,134626.60813564167,21245.80430725362,134626.60813564167,36393.55492322137,103958.96493261518,36165.64770853664,5424.847156280493
High permeability,5.800000000000001,5077166.028159837,114696.9415237525,748960.0468371952,136343.01163862634,21774.149668436392,136343.01163862634,37897.523695474214,107541.60038769359,38280.61851529615,5742.092777294419
High permeability,5.9,5074985.337608974,114574.06060176539,747399.8413783838,138026.0980194248,22302.35257385638,138026.0980194248,39427.13041893067,111144.13687855598,40467.44438864185,6070.116658296274
High permeability,6.0,5072802.614745349,114474.14716577459,745849.4454751937,139676.40735860576,22830.300072936054,139676.40735860576,40981.992347485655,114764.60873649619,42726.50354134104,6408.975531201152
High permeability,6.1000000000000005,5070616.124244757,114394.97827867625,744310.5411223613,141294.48059853644,23357.883980250073,141294.48059853644,42561.73005366445,118401.10797363259,45058.135570020975,6758.7203355031415
High permeability,6.2,5068424.33083945,114334.53919782628,742784.6023531018,142880.85844864586,23885.00064844249,142880.85844864586,44165.9677099292,122051.78434822618,47462.64237666184,7119.396356499272
High permeability,6.300000000000001,5066225.879163934,114291.00317548196,741272.9164134271,144436.080410665,24411.55071117778,144436.080410665,45794.33330036526,125714.84470622474,49940.28947734178,7491.043421601264
High permeability,6.4,5064019.576381703,114262.71405982852,739776.6020191049,145960.68392064061,24937.438863101997,145960.68392064061,47446.45881501913,129388.55245256149,52491.30713782061,7873.696070673088
High permeability,6.5,5061804.376960903,114248.17106879897,738296.625360765,147455.20357001005,25462.57367051311,147455.20357001005,49121.98043737801,133071.22717357727,55115.89135386001,8267.383703078998
High permeability,6.6000000000000005,5059579.367579873,114246.013604836,736833.815947007,148920.170447731,25986.86735948153,148920.170447731,50820.53866547653,136761.24363252835,57814.20514586413,8672.130771879616
High permeability,6.7,5057343.754537179,114255.0086287115,735388.8798305325,150356.11154033014,26510.235647608297,150356.11154033014,52541.778443918374,140457.03113818596,60586.37956705124,9087.956935057684
High permeability,6.800000000000001,5055096.852071944,114274.0389242361,733962.4118718412,151763.5492034968,27032.597581025897,151763.5492034968,54285.34927126131,144157.07277013635,63432.51475055537,9514.877212583302
High permeability,6.9,5052838.071421368,114302.09206101924,732554.907216627,153143.0007219279,27553.87536995298,153143.0007219279,56050.90526969316,147859.9043352904,66352.68105911904,9952.902158867853
High permeability,7.0,5050566.91135428,114338.25086399625,731166.77123042,154494.97790515798,28073.994249646283,154494.97790515798,57838.105260065095,151564.1135310056,69346.92007375453,10402.038011063178
High permeability,7.1000000000000005,5048282.94926139,114381.68440130125,729798.328836827,155819.9867614459,28592.88233827695,155819.9867614459,59646.61280162991,155268.33885092707,72415.24568338304,10862.286852507452
High permeability,7.2,5045985.833476567,114431.6402431407,728449.832573225,157118.52718320838,29110.47051964107,157118.52718320838,61476.09624692793,158971.26875501563,75557.64499742417,11333.646749613621
High permeability,7.300000000000001,5043675.275940885,114487.43701648741,727121.4702724378,158391.09271064884,29626.69231828842,158391.09271064884,63326.22875730988,162671.64053039002,78774.07939035157,11816.111908552733
High permeability,7.4,5041351.045711114,114548.45781673714,725813.3718602336,159638.1703226034,30141.48378816571,159638.1703226034,65196.688317452485,166368.2392391753,82064.48546708783,12309.672820063171
High permeability,7.5,5039012.963080682,114614.14422895657,724525.6155080687,160860.24026254896,30654.78340814683,160860.24026254896,67087.1577401234,170059.89665169732,85428.77600723214,12814.316401084816
High permeability,7.6000000000000005,5036660.8942560535,114683.9909022022,723258.2332011613,162057.77589621078,31166.531983936668,162057.77589621078,68997.32466220733,173745.49016935652,88866.84088787202,13330.026133180798
High permeability,7.7,5034294.746562182,114757.54065656912,722011.2157513855,163231.24359161957,31676.672557530135,163231.24359161957,70926.88153685223,177423.94177558462,92378.547968482,13856.782195272295
High permeability,7.800000000000001,5031914.463976407,114834.37988880617,720784.517456076,164381.102654692,32185.150313761365,164381.102654692,72875.52559863294,181094.21680852683,95963.74403700716,14394.561605551069
High permeability,7.9,5029520.023392098,114914.13477785078,719578.060010075,165507.8052116485,32691.912512859755,165507.8052116485,74842.95887288885,184755.32317341652,99622.25552722793,14943.338329084187
High permeability,8.0,5027111.430819655,114996.46732813421,718391.7364545082,166611.79621693183,33196.90839866253,166611.79621693183,76828.88810981228,188406.3099487438,103353.88950156856,15503.083425235282
High permeability,8.1,5024688.718265703,115081.07216586552,717225.4144343479,167693.5133993608,33700.08913337901,167693.5133993608,78833.02476677934,192046.26646246336,107158.4343929474,16073.765158942104
High permeability,8.200000000000001,5022251.940784509,115167.67347633999,716078.9392657405,168753.38725749383,34201.40772729958,168753.38725749383,80855.08496452782,195674.32118503042,111035.6608149555,16655.34912224332
High permeability,8.3,5019801.173835739,115256.02225326831,714952.1366828856,169791.84106342026,34700.81897395346,169791.84106342026,82894.78944357295,199289.64066720047,114985.32233393716,17247.798350090572
High permeability,8.4,5017336.5108963605,115345.89380240995,713844.8153177195,170809.29087944477,35198.279388748204,170809.29087944477,84951.86351729752,202891.42848882606,119007.1562199431,17851.07343299146
High permeability,8.5,5014858.061303,115437.08547599222,712756.7689373703,171806.1455862116,35693.7471508434,171806.1455862116,87026.03702214514,206478.92422009504,123100.88417678977,18465.13262651846
High permeability,8.6,5012365.948303236,115529.41461657689,711687.7784620426,172782.8069209547,36187.18204803076,172782.8069209547,89117.04426530647,210051.40239646923,127266.21305148714,19089.931957723067
High permeability,8.700000000000001,5009860.307296348,115622.71669101239,710637.6137838754,173739.6695246864,36678.54542440971,173739.6695246864,91224.62397025173,213608.17150840862,131502.8355233197,19725.425328497946
High permeability,8.8,5007341.284258668,115716.84362014376,709606.0353949373,174677.1209844931,37167.80013315431,174677.1209844931,93348.51922831793,217148.57306347432,135810.43075104523,20371.56461265678
High permeability,8.9,5004809.03423839,115811.66210829031,708592.795921756,175595.54196952784,37654.91047477132,175595.54196952784,95488.4773951258,220671.98028024068,140188.6651483959,21028.299772259383
High permeability,9.0,5002263.7202196615,115907.0525294996,707597.6413264804,176495.30614359406,38139.84218228085,176495.30614359406,97644.25012755363,224177.79781673427,144637.1927488011,21695.578912320165
High permeability,9.1,4999705.511825157,116002.90742177899,706620.3122103065,177376.7803674887,38622.56235332467,177376.7803674887,99815.59324329384,227665.4602494616,149155.65603955596,22373.34840593339
High permeability,9.200000000000001,4997134.5842987625,116099.13039367436,705660.5448611086,178240.32474479114,39103.03941496432,178240.32474479114,102002.26667994377,231134.43128952914,153743.68650118774,23061.552975178158
High permeability,9.3,4994551.117549202,116195.63502497319,704718.072217389,179086.29275721192,39581.24307480322,179086.29275721192,104204.03440096357,234584.20266369413,158400.90525340757,23760.13578801113
High permeability,9.4,4991955.2953706095,116292.34408309031,703792.6246868344,179915.03122964938,40057.144305982525,179915.03122964938,106420.66440649414,238014.29372386268,163126.9234322987,24469.0385148448
High permeability,9.5,4989347.304641011,116389.1885889504,702883.930950431,180726.88046019265,40530.71530332412,180726.88046019265,108651.928644612,241424.25038884114,167921.34280190626,25188.201420285935
High permeability,9.600000000000001,4986727.334624127,116486.10698720542,701991.718658223,181522.17435414568,41001.92944076966,181522.17435414568,110897.60292230558,244813.64411877547,172783.75633643437,25917.56345046515
High permeability,9.700000000000001,4984095.57636604,116583.04443231915,701115.7150314659,182301.2405357891,41470.761235035636,182301.2405357891,113157.46683124085,248182.07101827467,177713.74874197593,26657.062311296388
High permeability,9.8,4981452.222167049,116679.9522068542,700255.6474024232,183064.4003902967,41937.186323346206,183064.4003902967,115431.3037164567,251529.15123262774,182710.89687267446,27406.634530901167
High permeability,9.9,4978797.4650829,116776.7871807768,699411.2437266959,183811.9690921014,42401.181444351656,183811.9690921014,117718.90065352213,254854.5283896504,187774.770136635,28166.215520495243
High permeability,10.0,4976131.498478864,116873.5111858553,698582.2329995467,184544.25581417204,42862.72438912337,184544.25581417204,120020.04831786465,258157.8683991196,192904.93108546123,28935.73966281918
High permeability,10.100000000000001,4973454.515644285,116970.09056560314,697768.3456423883,185261.56379158254,43321.79397825101,185261.56379158254,122334.54094306387,261438.8588225916,198100.93581719912,29715.140372579866
High permeability,10.200000000000001,4970766.709478155,117066.49567752921,696969.313779729,185964.19054231586,43778.37001457836,185964.19054231586,124662.1761847932,264697.2077182495,203362.33450765128,30504.35017614769
High permeability,10.3,4968068.272098786,117162.7007570448,696184.8717243697,186652.4275181595,44232.43333056543,186652.4275181595,127002.75532768952,267932.64446446305,208688.6714136622,31303.300712049328
High permeability,10.4,4965359.394670824,117258.68320780416,695414.7560018923,187326.56078987767,44683.96566609726,187326.56078987767,129356.08287088005,271144.9170128216,214079.48582038513,32111.922873057767
High permeability,10.5,4962640.267124241,117354.42347058225,694658.7056902375,187986.87083875437,45132.949692755195,187986.87083875437,131721.96665358252,274333.79229083366,219534.31212790395,32930.14681918559
High permeability,10.600000000000001,4959911.07787361,117449.90479694113,693916.4627309914,188633.63247164153,45579.36902174335,188633.63247164153,134100.2179015846,277499.056102387,225052.6800994299,33757.902014914485
High permeability,10.700000000000001,4957172.013797229,117545.1127443016,693187.7718092963,189267.11544597617,46023.208093666784,189267.11544597617,136490.6508534018,280640.51076029916,230634.11561985457,34595.11734297818
High permeability,10.8,4954423.259895787,117640.03517821197,692472.3808137741,189887.58400758807,46464.452245543645,189887.58400758807,138893.08303687823,283757.9762716038,236278.14062699114,35441.72109404867
High permeability,10.9,4951664.99922387,117734.66194263301,691770.0408319138,190495.29722502726,46903.08765274275,190495.29722502726,141307.33506601557,286851.2889288651,241984.27362995743,36297.64104449361
High permeability,11.0,4948897.412884412,117828.98458668566,691080.5060773892,191090.5093354992,47339.10126606061,191090.5093354992,143733.23043620845,289920.2999720792,247752.0301606362,37162.80452409543
High permeability,11.100000000000001,4946120.679666368,117922.99637217619,690403.5343797442,191673.4692476537,47772.48088498211,191673.4692476537,146170.5958208214,292964.8767975422,253580.92275388195,38037.13841308229
High permeability,11.200000000000001,4943334.976176948,118016.69194867638,689738.8869111582,192244.42113973954,48203.21505937033,192244.42113973954,148619.2607123541,295984.9008562438,259470.4615270958,38920.56922906437
High permeability,11.3,4940540.47674991,118110.06723939121,689086.3282763499,192803.60448383295,48631.29307895,192803.60448383295,151079.0574105272,298980.26734992967,265420.1544030865,39813.02316046298
High permeability,11.4,4937737.353174128,118203.11939529509,688445.626864337,193351.25373994192,49056.70501716846,193351.25373994192,153549.82120399448,301950.88580737833,271429.507240894,40714.4260861341
High permeability,11.5,4934925.774943191,118295.84654218926,687816.5544383997,193887.59901898509,49479.4416242812,193887.59901898509,156031.38997471338,304896.6779507054,277498.02431530866,41624.7036472963
High permeability,11.600000000000001,4932105.908988531,118388.24776529837,687198.8864906414,194412.86574363432,49899.49437358807,194412.86574363432,158523.6044031757,307817.5783988058,283625.20841890725,42543.781262836084
High permeability,11.700000000000001,4929277.919686181,118480.32298719646,686592.4021970928,194927.2748152848,50316.855433868506,194927.2748152848,161026.307867143,310713.5339340346,289810.5611475567,43471.58417213351
High permeability,11.8,4926441.969003015,118572.07283276117,685996.8841813379,195431.04298547495,50731.51760769461,195431.04298547495,163539.3462220473,313584.5022941713,296053.58318718674,44408.03747807801
High permeability,11.9,4923598.216196934,118663.49862125247,685412.1189156009,195924.38246272053,51143.47438614551,195924.38246272053,166062.56803816927,316430.4529559667,302353.77445727144,45353.06616859072
High permeability,12.0,4920746.818033379,118754.60223670497,684837.8963914096,196407.5013714595,51552.719879929144,196407.5013714595,168595.82432339314,319251.3657125254,308710.6343837213,46306.5951575582
High permeability,12.100000000000001,4917887.928704057,118845.38607744651,684274.0102141614,196880.60370796613,51959.24881566717,196880.60370796613,171138.96855771833,322047.2305837396,315123.66209678724,47268.54931451808
High permeability,12.200000000000001,4915021.699759262,118935.85300926826,683720.2576804559,197343.88930984985,52363.05654464621,197343.88930984985,173691.85670535587,324818.0476439597,321592.3566229794,48238.8534934469
High permeability,12.3,4912148.280334263,119026.006275528,683176.4394471257,197797.55427692042,52764.138970618544,197797.55427692042,176254.3469706417,327563.8258323262,328116.2170707083,49217.43256060624
High permeability,12.4,4909267.816750703,119115.84950311328,682642.3600693302,198241.79042713056,53162.49263135182,198241.79042713056,178826.30012105405,330284.58397795254,334694.7428621693,50204.21142932539
High permeability,12.5,4906380.453132251,119205.3865857973,682117.8271379664,198676.78627581027,53558.114549052574,198676.78627581027,181407.57890448972,332980.34839480114,341327.4337982341,51199.11506973511
High permeability,12.600000000000001,4903486.330668145,119294.62172334497,681602.6522820896,199102.7259941395,53951.002379988524,199102.7259941395,183998.04867520768,335651.1549766442,348013.7904135706,52202.06856203559
High permeability,12.700000000000001,4900585.588443092,119383.55930918992,681096.650019309,199519.79067107502,54341.15422918995,199519.79067107502,186597.57663690406,338297.0462673254,354753.313891907,53212.997083786046
High permeability,12.8,4897678.362690953,119472.20396097164,680599.6387689664,199928.157269636,54728.56879575029,199928.157269636,189206.0324742647,340918.0734892367,361545.506498469,54231.82597477034
High permeability,12.9,4894764.787470079,119560.56044384422,680111.439920947,200327.9996347829,55113.24522856247,200327.9996347829,191823.28774519885,343514.2942553205,368389.8714559336,55258.480718390034
High permeability,13.0,4891844.994202117,119648.63367445195,679631.8784574287,200719.4878676935,55495.18320847721,200719.4878676935,194449.21626385298,346085.77367295447,375285.9133165245,56292.886997478665
High permeability,13.100000000000001,4888919.111999368,119736.42868056805,679160.7825005763,201102.78881842963,55874.382880189536,201102.78881842963,197083.69380100566,348632.5831718184,382233.1379393305,57334.970690899565
High permeability,13.200000000000001,4885987.26757878,119823.95058500378,678697.9834235612,201478.06599100903,56250.84485773959,201478.06599100903,199726.5981484798,351154.80053722294,389231.05268532893,58384.657902799336
High permeability,13.3,4883049.585224833,119911.2045879972,678243.3158953511,201845.4795162257,56624.57023025986,201845.4795162257,202377.80913289925,353652.50976679294,396279.1665898494,59441.87498847741
High permeability,13.4,4880106.187088597,119998.195943523,677796.6174713742,202205.18658467676,56995.560494834055,202205.18658467676,205037.20836008718,356125.800148608,403376.99027529266,60506.548541293894
High permeability,13.5,4877157.192717472,120084.92995203438,677357.7292241772,202557.34082336247,57363.81764209603,202557.34082336247,207704.6795924619,358574.7671635136,410524.03647897055,61578.605471845585
High permeability,13.600000000000001,4874202.71988517,120171.41193852494,676926.4946201808,202902.09344086825,57729.34399638565,202902.09344086825,210380.10805696415,360999.5104161909,417719.81944537547,62657.97291680632
High permeability,13.700000000000001,4871242.883509908,120257.64724586699,676502.7609734384,203239.5917802686,58092.142408833766,203239.5917802686,213063.38132712053,363400.13583211537,424963.85608330637,63744.57841249596
High permeability,13.8,4868277.796942628,120343.64122070289,676086.3777080532,203569.98107081786,58452.216016240476,203569.98107081786,215754.38826182968,365776.75271656935,432255.66483269876,64838.349724904816
High permeability,13.9,4865307.570901785,120429.39920340672,675677.1977886304,203893.40300753686,58809.56843461149,203893.40300753686,218453.0198670062,368129.47581810516,439594.7668668209,65939.21503002314
High permeability,14.0,4862332.314268963,120514.92652092707,675275.0766475818,204209.99683106513,59164.20360340518,204209.99683106513,221159.16864855375,370458.4235491634,446980.68538941763,67047.10280841266
High permeability,14.100000000000001,4859352.13374349,120600.22847826891,674879.8726474163,204519.89887388874,59516.12585356306,204519.89887388874,223872.7288812107,372763.71851901425,454412.9461062385,68161.94191593578
High permeability,14.200000000000001,4856367.133896334,120685.31034901574,674491.44700544,204823.2426451183,59865.33988216784,204823.2426451183,226593.5965705092,375045.487267943,461891.0773238876,69283.66159858316
High permeability,14.3,4853377.417510613,120770.17737662465,674109.6633359473,205120.159287002,60211.85070093308,205120.159287002,229321.6691650742,377303.85952070035,469414.60959846823,70412.19143977025
High permeability,14.4,4850383.085000361,120854.8347548978,673734.3884266535,205410.77681802274,60555.66372155398,205410.77681802274,232056.84603297862,379538.9690386145,476983.07665122126,71547.4614976832
High permeability,14.5,4847384.235344593,120939.28764517131,673365.4909868089,205695.22136759383,60896.78460261425,205695.22136759383,234799.0276979593,381750.95194602344,484596.0141676133,72689.40212514199
High permeability,14.600000000000001,4844380.964996273,121023.54114258701,673002.8431055017,205973.6157514852,61235.21942178251,205973.6157514852,237548.11672452767,383939.9483197202,492252.96149333287,73837.94422399993
High permeability,14.700000000000001,4841373.369174867,121107.60030810378,672646.3185216855,206246.0811697846,61570.97446270085,206246.0811697846,240304.01667053174,386106.10010555346,499953.4598032989,74993.01897049484
High permeability,14.8,4838361.540627529,121191.47012704135,672295.7942791088,206512.7355934238,61904.056412632475,206512.7355934238,243066.63308687546,388249.5527870019,507697.0541274193,76154.5581191129
High permeability,14.9,4835345.570801247,121275.15554253137,671951.1491587783,206773.69529826436,62234.47216770741,206773.69529826436,245835.87257357227,390370.45363650634,515483.2915884389,77322.49373826585
High permeability,15.0,4832325.548993111,121358.66142411843,671612.2648132601,207029.07376219542,62562.228970308126,207029.07376219542,248611.6434606953,392468.95272813755,523311.7228894781,78496.75843342172
High permeability,15.100000000000001,4829301.562960341,121441.99258543357,671279.0249509494,207278.9824631909,62887.33430200279,207278.9824631909,251393.85532308594,394545.2020466887,531181.9014010514,79677.2852101577
High permeability,15.200000000000001,4826273.698682273,121525.15377362893,670951.3156532951,207523.53057264985,63209.795926229024,207523.53057264985,254182.4191651232,396599.35567013925,539093.3836449706,80864.00754674559
High permeability,15.3,4823242.040371947,121608.14966628779,670629.0253583103,207762.8249749758,63529.62187404357,207762.8249749758,256977.24742029302,398631.5696397629,547045.7294057969,82056.85941086953
High permeability,15.4,4820206.670795413,121690.98488281867,670312.0444342303,207996.97068252493,63846.82040106691,207996.97068252493,259778.253686335,400642.00151976285,555038.501192693,83255.77517890395
High permeability,15.5,4817167.670762388,121773.66396053568,670000.2658579563,208226.07018108194,64161.400053020196,208226.07018108194,262585.3531451232,402630.81079934485,563071.2653500033,84460.68980250049
High permeability,15.600000000000001,4814125.119924146,121856.19138737931,669693.5841509051,208450.22446128947,64473.36955075287,208450.22446128947,265398.46191247634,404598.1580478271,571143.5905307938,85671.53857961905
High permeability,15.700000000000001,4811079.095862479,121938.57155990785,669391.8965927488,208669.53184691732,64782.73791555384,208669.53184691732,268217.49778187013,406544.2056105948,579255.0496780609,86888.25745170914
High permeability,15.8,4808029.675155867,122020.80882974713,669095.1018002261,208884.08936960076,65089.51431508396,208884.08936960076,271042.37935879105,408469.1166488283,587405.2178493188,88110.78267739782
High permeability,15.9,4804976.932378518,122102.90745633181,668803.1010603792,209093.99148286297,65393.70820210413,209093.99148286297,273873.0268757045,410373.0557990761,595593.6744772478,89339.05117158715
High permeability,16.0,4801920.941030595,122184.87164880695,668515.7970909565,209299.33125981054,65695.32917892661,209299.33125981054,276709.36143927975,412256.18843303126,603820.0013954628,90573.00020931942
High permeability,16.1,4798861.772891127,122266.70553452485,668233.0949020545,209500.19956299456,65994.38708828685,209500.19956299456,279551.3055551063,414118.68098660925,612083.7843771514,91812.5676565727
High permeability,16.2,4795799.498469324,122348.41317930311,667954.9011946761,209696.68562559478,66290.89194265082,209696.68562559478,282398.7827673235,415960.70060722105,620384.6121885412,93057.69182828118
High permeability,16.3,4792734.186850019,122429.99857934746,667681.1245663963,209888.8768538302,66584.85394905966,209888.8768538302,285251.7177802646,417782.41515543486,628722.0770104945,94308.31155157418
High permeability,16.400000000000002,4789665.905673382,122511.46565896101,667411.6755380011,210076.85880261185,66876.28350149789,210076.85880261185,288110.0364840771,419583.9931265019,637095.7745958446,95564.36618937668
High permeability,16.5,4786594.721424791,122592.81828462506,667146.4661675113,210260.7155474376,67165.19114717517,210260.7155474376,290973.66571265436,421365.60345895984,645505.3035939941,96825.79553909913
High permeability,16.6,4783520.6989946,122674.06024168088,666885.4106358561,210440.52912203697,67451.58763359793,210440.52912203697,293842.5336134783,423127.4156004787,653950.2667798494,98092.54001697741
High permeability,16.7,4780443.902348687,122755.19526821662,666628.4243543438,210616.3803770136,67735.48382663744,210616.3803770136,296716.56909288716,424869.59924901504,662430.2693497266,99364.540402459
High permeability,16.8,4777364.393747695,122836.2270139327,666375.4250034405,210788.34798220082,68016.89079935287,210788.34798220082,299595.7024668805,426592.32443874894,670944.9211099099,100641.7381664865
High permeability,16.900000000000002,4774282.23476,122917.15909262092,666126.3311848025,210956.50972215057,68295.8197106558,210956.50972215057,302479.8646219604,428295.7613292757,679493.8337416461,101924.07506124694
High permeability,17.0,4771197.485196781,122997.99502561528,665881.0638380351,211120.9411359236,68572.28192737531,211120.9411359236,305368.9879014539,429980.0802167146,688076.6238738208,103211.49358107313
High permeability,17.1,4768110.203921256,123078.73828387148,665639.5451638676,211281.71655183486,68846.28892149068,211281.71655183486,308263.0054411211,431645.45141899807,696692.9108721707,104503.93663082563
High permeability,17.2,4765020.448898689,123159.39229083656,665401.6985576875,211438.90915104997,69117.85227365413,211438.90915104997,311161.8511184894,433292.0452558157,705342.3166805278,105801.3475020792
High permeability,17.3,4761928.2763551995,123239.96037653432,665167.4497283219,211592.58989471782,69386.98375323972,211592.58989471782,314065.4602680905,434920.0318823366,714024.4684527626,107103.67026791441
High permeability,17.400000000000002,4758833.741895468,123320.44583741085,664936.7252111976,211742.82895096554,69653.69519509765,211742.82895096554,316973.76874684135,436529.5813585322,722738.9952422108,108410.84928633164
High permeability,17.5,4755736.899917512,123400.85190480284,664709.453146798,211889.69494797324,69917.99856813498,211889.69494797324,319886.7134191518,438120.86352319346,731485.529798265,109722.82946973977
High permeability,17.6,4752637.803448854,123481.1817352055,664485.5634983642,212033.25476600428,70179.90597606423,212033.25476600428,322804.23231028335,439694.04784584674,740263.7092284759,111039.55638427142
High permeability,17.7,4749536.505003787,123561.43845720009,664264.9869117647,212173.5746306092,70439.42957778013,212173.5746306092,325726.2638756292,441249.30365214206,749073.1722613605,112360.97583920408
High permeability,17.8,4746433.055532363,123641.62511351577,664047.6561132197,212310.7187728386,70696.58168568967,212310.7187728386,328652.7478954587,442786.79968004994,757913.5627439409,113687.03441159116
High permeability,17.900000000000002,4743327.505184394,123721.74470265981,663833.5048931543,212444.75040375994,70951.374683861,212444.75040375994,331583.62483440095,444306.70431755844,766784.5272075506,115017.67908113262
High permeability,18.0,4740219.903355034,123801.80018162057,663622.4680456277,212575.73177232573,71203.82103192504,212575.73177232573,334518.8357946573,445809.1856101079,775685.7146986548,116352.85720479825
High permeability,18.1,4737110.297951786,123881.7944247798,663414.4823429891,212703.72323180514,71453.93331896601,212703.72323180514,337458.32315402385,447294.4107866618,784616.7794097958,117692.51691146939
High permeability,18.2,4733998.73635167,123961.73027696498,663209.4852630045,212828.78445960453,71701.7241782632,212828.78445960453,340402.0297470285,448762.5467545804,793577.3774015326,119036.60661022991
High permeability,18.3,4730885.264910402,124041.61052621111,663007.4156415752,212950.97383178762,71947.20633404622,212950.97383178762,343349.89928175946,450213.7597723658,802567.1683366033,120385.07525049052
High permeability,18.400000000000002,4727769.928808348,124121.43789468952,662808.2138774764,213070.3482274081,72190.39259957359,213070.3482274081,346301.87648676394,451648.2152520862,811585.8161625933,121737.87242438902
High permeability,18.5,4724652.7727903705,124201.21508024915,662611.8209486011,213186.96397072377,72431.29582491465,213186.96397072377,349257.90646496,453066.0782872225,820632.9864060595,123094.94796090895
High permeability,18.6,4721533.840276307,124280.94470634048,662418.1795947351,213300.8756984984,72669.92895935079,213300.8756984984,352217.9354706784,454467.5128793442,829708.3495472786,124456.25243209182
High permeability,18.7,4718413.173993521,124360.62935735364,662227.2334764164,213412.13716580402,72906.30499767586,213412.13716580402,355181.9103661522,455852.68241716176,838811.5787135322,125821.73680702985
High permeability,18.8,4715290.816035914,124440.27158209258,662038.927096512,213520.80132096948,73140.43698302435,213520.80132096948,358149.77856315044,457221.74971883843,847942.3494393338,127191.35241590008
High permeability,18.900000000000002,4712166.807226227,124519.8738575059,661853.2066480897,213626.91949397844,73372.33803798555,213626.91949397844,361121.4885932897,458574.8763382802,857100.3422530101,128565.05133795155
High permeability,19.0,4709041.187934464,124599.43863489782,661670.0189261985,213730.5424384777,73602.02131149342,213730.5424384777,364096.98938893725,459912.22335354314,866285.2394903499,129942.78592355251
High permeability,19.1,4705913.9976671245,124678.96831676876,661489.311874073,213831.71980873225,73829.50000771138,213831.71980873225,367076.23064192943,461233.95091076876,875496.7269386832,131324.5090408025
High permeability,19.200000000000003,4702785.274923492,124758.46524837881,661311.0347741727,213930.49997702258,74054.78738115619,213930.49997702258,370059.16294372693,462540.2179844967,884734.4945327216,132710.17417990827
High permeability,19.3,4699655.057833286,124837.93175404935,661135.1374003567,214026.93084516804,74277.89670791762,214026.93084516804,373045.7372128418,463831.1831149959,893998.2337221786,134099.73505832683
High permeability,19.400000000000002,4696523.383404963,124917.37009435671,660961.5710173822,214121.05888783518,74498.8413183939,214121.05888783518,376035.9053709966,465107.00342388893,903287.6406792089,135493.14610188137
High permeability,19.5,4693390.288047996,124996.78249570717,660790.2876864258,214212.92981744107,74717.63456613579,214212.92981744107,379029.6198815714,466367.83523867355,912602.4141502149,136890.36212253224
High permeability,19.6,4690255.807640523,125076.17115431516,660621.2401751842,214302.58867007465,74934.28983087755,214302.58867007465,382026.8336829112,467613.834174578,921942.2551527356,138291.33827291036
High permeability,19.700000000000003,4687119.976975257,125155.53820443242,660454.3826945908,214390.0791005508,75148.82053001274,214390.0791005508,385027.50069915893,468845.15429050464,931306.8694859159,139696.0304228874
High permeability,19.8,4683982.830458468,125234.88575821884,660289.6699694212,214475.44427193401,75361.24009242137,214475.44427193401,388031.57520732627,470061.94906970963,940695.9646766229,141104.39470149347
High permeability,19.900000000000002,4680844.401766853,125314.21588622873,660127.0576945641,214558.7264187812,75571.56197291377,214558.7264187812,391039.0121464582,471264.370888711,950109.2515164383,142516.38772746577
High permeability,20.0,4677704.7237143805,125393.53060960109,659966.5027120616,214639.9666779113,75779.7996442751,214639.9666779113,394049.7672509424,472452.5707432329,959546.4447635728,143931.96671453596
High permeability,20.1,4674563.828801291,125472.83193155669,659807.9622811212,214719.2057868962,75985.96658832353,214719.2057868962,397063.7965419393,473626.6991229932,969007.2606135426,145351.08909203144
High permeability,20.200000000000003,4671421.748579693,125552.1218010378,659651.3949217075,214796.48327682875,76190.07630447083,214796.48327682875,400081.05691687047,474786.9049049596,978491.4197116027,146773.71295674046
High permeability,20.3,4668278.514083677,125631.40213724572,659496.7598426011,214871.83801972712,76392.14229631309,214871.83801972712,403101.5057572525,475933.3360536358,987998.6451799774,148199.79677699666
High permeability,20.400000000000002,4665134.155901865,125710.67483390697,659344.0168449506,214945.3083207165,76592.17807580662,214945.3083207165,406125.10085623234,477066.13974273665,997528.6622600467,149629.29933900706
High permeability,20.5,4661988.703696504,125789.94173156831,659193.1269617628,215016.93130624288,76790.19715799476,215016.93130624288,409151.80087706645,478185.46141512814,1007081.2007242312,151062.18010863473
High permeability,20.6,4658842.186799869,125869.20465181308,659044.0516648305,215086.7436829304,76986.21305714786,215086.7436829304,412181.564794793,479291.44587894366,1016655.9919811653,152498.39879717483
High permeability,20.700000000000003,4655694.63392814,125948.4653809107,658896.7532452447,215154.7813734186,77180.23928971995,215154.7813734186,415214.3521630481,480384.2367407571,1026252.7704964906,153937.91557447362
High permeability,20.8,4652546.073058749,126027.7256626248,658751.194976485,215221.0793604642,77372.28936331619,215221.0793604642,418250.12324055703,481463.9761047583,1035871.2744943365,155380.6911741505
High permeability,20.900000000000002,4649396.531902657,126106.98722542865,658607.3404864005,215285.67228774488,77562.37678434754,215285.67228774488,421288.83853842184,482530.80552975397,1045511.2435507614,156826.68653261423
High permeability,21.0,4646246.037369576,126186.25175174118,658465.1544683978,215348.59377943506,77750.51504719662,215348.59377943506,424330.4593349656,483584.8648654956,1055172.4213960997,158275.863209415
High permeability,21.1,4643094.615888498,126265.52089626875,658324.6022551814,215409.87684812388,77936.71763281676,215409.87684812388,427374.94737495185,484626.292902093,1064854.554304239,159728.1831456359
High permeability,21.200000000000003,4639942.293649139,126344.79630003576,658185.6494976736,215469.55420186472,78120.99802249913,215469.55420186472,430422.26462839585,485655.2279217969,1074557.3897740352,161183.6084661053
High permeability,21.3,4636789.095871852,126424.07954822594,658048.263135992,215527.65731535607,78303.36966542913,215527.65731535607,433472.3740109433,486671.80596590217,1084280.6805415899,162642.1020812385
High permeability,21.400000000000002,4633635.047487627,126503.37220931391,657912.4104950877,215584.21729517233,78483.84599795075,215584.21729517233,436525.2387237344,487676.1623892486,1094024.1809327789,164103.62713991685
High permeability,21.5,4630480.173175317,126582.67583731617,657778.059235255,215639.2649270029,78662.4404517105,215639.2649270029,439580.82221028645,488668.4319656052,1103787.6466216638,165568.1469932496
High permeability,21.6,4627324.496763445,126661.99193726837,657645.1781477501,215692.82991455562,78839.16642084628,215692.82991455562,442639.0887529746,489648.747373707,1113570.838021345,167035.62570320177
High permeability,21.700000000000003,4624168.041680493,126741.32199108922,657513.7365558917,215744.9414525932,79014.03727640485,215744.9414525932,445700.00303418946,490617.24028266285,1123373.51781398,168506.02767209706
High permeability,21.8,4621010.831119265,126820.66746712683,657383.7040964658,215795.62843598143,79187.06637811581,215795.62843598143,448763.5299697444,491574.0417632568,1133195.4500137772,169979.3175020666
High permeability,21.900000000000002,4617852.887671161,126900.02979912817,657255.051206203,215844.918994243,79358.26705492077,215844.918994243,451829.63507304434,492519.2813245408,1143036.402071197,171455.4603106796
High permeability,22.0,4614694.233333218,126979.4103864803,657127.7491124072,215892.84050068658,79527.65259301999,215892.84050068658,454898.28446024045,493453.08687962964,1152896.144920624,172934.42173809363
High permeability,22.1,4611534.889915083,127058.81061775044,657001.7692916433,215939.42009018033,79695.23626471685,215939.42009018033,457969.4444379499,494375.58582465665,1162774.45060837,174416.16759125548
High permeability,22.200000000000003,4608374.878807699,127138.23185744724,656877.0837774415,215984.68436468526,79861.03131833396,215984.68436468526,461043.0817314129,495286.9044183683,1172671.0936256107,175900.66404384162
High permeability,22.3,4605214.220685215,127217.67542863693,656753.6655568386,216028.65901409852,80025.05094001004,216028.65901409852,464119.16380341124,496187.16687520046,1182585.8528061092,177387.8779209164
High permeability,22.400000000000002,4602052.936073105,127297.14264578444,656631.4878146414,216071.36953914823,80187.30830168523,216071.36953914823,467197.65827099304,497076.4969734855,1192518.5078993365,178877.7761849005
High permeability,22.5,4598891.045182869,127376.63480531503,656510.5241533471,216112.8410409119,80347.81655371163,216112.8410409119,470278.5330687329,497955.01759559655,1202468.8405381106,180370.3260807166
High permeability,22.6,4595728.567491058,127456.15316117137,656390.7491531866,216153.09768521614,80506.58877220709,216153.09768521614,473361.7568979042,498822.849409623,1212436.6369470384,181865.49554205575
High permeability,22.700000000000003,4592565.5222964855,127535.69895699999,656272.1376308497,216192.16341172438,80663.63801309369,216192.16341172438,476447.29864741926,499680.1125354194,1222421.684479998,183363.2526719997
High permeability,22.8,4589401.92867772,127615.27342378907,656154.6646960382,216230.06187974673,80818.97731412298,216230.06187974673,479535.1274319441,500526.9264329838,1232423.7718497543,184863.56577746317
High permeability,22.900000000000002,4586237.805023096,127694.87775264536,656038.3063767966,216266.81587013212,80972.619633657,216266.81587013212,482625.21309589146,501363.40837498923,1242442.6922089101,186366.40383133656
High permeability,23.0,4583073.169473437,127774.51312033401,655923.0390304709,216302.44784876908,81124.57789811968,216302.44784876908,485717.5257487758,502189.6748344818,1252478.240327333,187871.7360491
High permeability,23.1,4579908.039996817,127854.18069366821,655808.8392442606,216336.9800616452,81274.86501536748,216336.9800616452,488812.03568148153,503005.8417339572,1262530.2120843744,189379.53181265618
High permeability,23.200000000000003,4576742.4340033205,127933.88160725059,655695.6843478275,216370.43404449592,81423.49382217767,216370.43404449592,491908.71378175064,503812.0231459601,1272598.407043712,190889.76105655683
High permeability,23.3,4573576.368548486,128013.6169751408,655583.5521425906,216402.83088184253,81570.477104064,216402.83088184253,495007.5313225882,504608.33194414014,1282682.6271513582,192402.39407270376
High permeability,23.400000000000002,4570409.860505791,128093.38790086943,655472.4206722402,216434.1914264643,81715.8276200753,216434.1914264643,498108.45977500017,505394.88037519046,1292782.6755870874,193917.40133806315
High permeability,23.5,4567242.926404022,128173.19546811975,655362.2684391567,216464.53609229755,81859.55808369128,216464.53609229755,501211.4709804042,506171.77950431965,1302898.3578462207,195434.75367693315
High permeability,23.6,4564075.582255951,128253.04073067584,655253.0746324068,216493.88463649133,82001.68112424061,216493.88463649133,504316.53735048155,506939.13856416114,1313029.4830008112,196954.42245012172
High permeability,23.700000000000003,4560907.843960885,128332.9247357507,655144.8185920672,216522.25667175604,82142.20935173512,216522.25667175604,507423.63142312836,507697.06637502875,1323175.8609203843,198476.37913805764
High permeability,23.8,4557739.727142584,128412.8485146966,655037.4800249236,216549.67145995382,82281.15533586816,216549.67145995382,510532.726036242,508445.670774571,1333337.3033722618,200000.59550583927
High permeability,23.900000000000002,4554571.246880384,128492.81306733478,654931.0393623484,216576.14756989083,82418.53154799553,216576.14756989083,513643.7946389524,509185.0575768773,1343513.6260090473,201527.0439013571
High permeability,24.0,4551402.418136808,128572.81938671057,654825.477191191,216601.7034216724,82554.350436849,216601.7034216724,516756.8108130511,509915.33215275756,1353704.6453301578,203055.69679952366
High permeability,24.1,4548233.255676656,128652.86845449108,654720.7743614635,216626.35718361946,82688.62441931003,216626.35718361946,519871.7483585224,510636.59914065804,1363910.1792306502,204586.52688459752
High permeability,24.200000000000003,4545063.773726391,128732.96122118366,654616.912439756,216650.1263386344,82821.3658056728,216650.1263386344,522988.581689118,511348.96109161555,1374130.0495552006,206119.5074332801
High permeability,24.3,4541893.9863588875,128813.09862838272,654513.8731970994,216673.02817409195,82952.58687349701,216673.02817409195,526107.2853959961,512052.51995081897,1384364.0792922704,207654.6118938405
High permeability,24.400000000000002,4538723.907505537,128893.2816095335,654411.6385928609,216695.07979717964,83082.2998745835,216695.07979717964,529227.8342294109,512747.37711690494,1394612.0924588668,209191.81386882998
High permeability,24.5,4535553.550621784,128973.51107055735,654310.191220016,216716.2977090007,83210.5169585692,216716.2977090007,532350.203490202,513433.6320692822,1404873.916655645,210731.08749834672
High permeability,24.6,4532382.928945111,129053.7879047291,654209.513961711,216736.69813313393,83337.25022467482,216736.69813313393,535474.3687349412,514111.38339490554,1415149.3811486594,212272.40717229887
High permeability,24.700000000000003,4529212.055583272,129134.11299782633,654109.5898738046,216756.29712794317,83462.51174349384,216756.29712794317,538600.3056710585,514780.7291490052,1425438.3161909678,213815.74742864515
High permeability,24.8,4526040.943302282,129214.48721589982,654010.402467158,216775.1103165162,83586.31350798398,216775.1103165162,541727.9904056313,515441.76596197597,1435740.554664457,215361.0831996685
High permeability,24.900000000000002,4522869.604545195,129294.91140626628,653911.9356826514,216793.15291065635,83708.66742976005,216793.15291065635,544857.399431309,516094.5890887159,1446055.9319879906,216908.38979819856
High permeability,25.0,4519698.051648656,129375.38641007882,653814.1736028537,216810.43998664152,83829.58539306719,216810.43998664152,547988.5093683534,516739.2933233815,1456384.2844248705,218457.6426637305
High permeability,25.1,4516526.296714781,129455.9130549798,653717.1006226328,216826.98632196145,83949.07922647806,216826.98632196145,551121.2971137187,517375.9724541892,1466725.4500753721,220008.81751130577
High permeability,25.200000000000003,4513354.3514496265,129536.49214564872,653620.7016642857,216842.80618963958,84067.16065017361,216842.80618963958,554255.7400458461,518004.718514246,1477079.270240408,221561.89053606114
High permeability,25.3,4510182.227477019,129617.12448199457,653524.9617596266,216857.9137579528,84183.84136078425,216857.9137579528,557391.81564419,518625.6231655079,1487445.586894919,223116.83803423776
High permeability,25.400000000000002,4507009.936243988,129697.8108537473,653429.8661759146,216872.32296991206,84299.13300991028,216872.32296991206,560529.5015998472,519238.7772869109,1497824.2434307574,224673.63651461355
High permeability,25.5,4503837.4887902485,129778.55202704052,653335.4007229244,216886.04724960902,84413.04712910451,216886.04724960902,563668.7761076852,519844.26988434984,1508215.0866204526,226232.26299306782
High permeability,25.6,4500664.896058388,129859.34876236832,653241.5513398036,216899.0998974021,84525.59521968127,216899.0998974021,566809.6174842975,520442.18950984214,1518617.9640545347,227792.6946081801
High permeability,25.700000000000003,4497492.168866929,129940.20181308243,653148.3041309437,216911.49405554787,84636.78874889093,216911.49405554787,569952.0041972613,521032.62414793536,1529032.7243420559,229354.90865130827
High permeability,25.8,4494319.317649852,130021.11191027991,653055.6457130064,216923.2423762877,84746.63906265778,216923.2423762877,573095.9151977692,521615.65995224967,1539459.2193660336,230918.88290490495
High permeability,25.900000000000002,4491146.352693296,130102.07977647355,652963.5628996101,216934.35732349032,84855.15745717108,216934.35732349032,576241.3296260046,522191.3823602615,1549897.3022894673,232484.59534342005
High permeability,26.0,4487973.284220617,130183.10613056332,652872.0425880055,216944.85128100516,84962.35521098626,216944.85128100516,579388.2266989578,522759.8765186863,1560346.8267953014,234052.02401929515
High permeability,26.1,4484800.122154084,130264.19167407292,652781.0720766059,216954.7362488952,85068.24350312953,216954.7362488952,582536.5860168574,523321.22609525715,1570807.649185326,235621.14737779883
High permeability,26.200000000000003,4481626.876118764,130345.33709127354,652690.639059834,216964.02384846655,85172.8334059726,216964.02384846655,585686.387566535,523875.5132721886,1581279.6283975656,237191.94425963477
High permeability,26.3,4478453.555699876,130426.54306412357,652600.7312852205,216972.72565023004,85276.13597647879,216972.72565023004,588837.6113877668,524422.8200253447,1591762.6237336032,238764.3935600404
High permeability,26.400000000000002,4475280.170374835,130507.81026839091,652511.3366439363,216980.85308724677,85378.1622374851,216980.85308724677,591990.2376560691,524963.2278018448,1602256.4954268588,240338.47431402875
High permeability,26.5,4472106.729272174,130589.13935966816,652422.4434921227,216988.4171477832,85478.92308150516,216988.4171477832,595144.2470059872,525496.8162494705,1612761.1068717458,241914.1660307618
High permeability,26.6,4468933.241349295,130670.53098361315,652334.0404140062,216995.42860195466,85578.42933351995,216995.42860195466,598299.6203007962,526023.6641215195,1623276.3230359345,243491.44845539008
High permeability,26.700000000000003,4465759.715491933,130751.9857817308,652246.1160893494,217001.89812849383,85676.69178919974,217001.89812849383,601456.3385005959,526543.8497883577,1633802.0095568052,245070.3014335207
High permeability,26.8,4462586.160471817,130833.50438899586,652158.659349857,217007.83626072115,85773.7212051594,217007.83626072115,604614.3827120177,527057.4510370711,1644338.033088527,246650.704963279
High permeability,26.900000000000002,4459412.584697886,130915.08741936923,652071.6595108821,217013.25306932267,85869.52818615215,217013.25306932267,607773.7345353283,527564.543691675,1654884.2637089854,248232.63955634774
High permeability,27.0,4456238.996520815,130996.73548342883,651985.1059654607,217018.15855068454,85964.1233118729,217018.15855068454,610934.3756507382,528065.2032589427,1665440.5720499477,249816.08580749205
High permeability,27.1,4453065.40417623,131078.44918510108,651898.9882600246,217022.5625544483,86057.51711247666,217022.5625544483,614096.2878963931,528559.504611877,1676006.8298435328,251401.02447652983
High permeability,27.200000000000003,4449891.8157587135,131160.22912022076,651813.2961290501,217026.4747503031,86149.72006195402,217026.4747503031,617259.4532995513,529047.5218571422,1686582.9101459112,252987.43652188656
High permeability,27.3,4446718.239058413,131242.07586697233,651728.0197130025,217029.90441959922,86240.7424941948,217029.90441959922,620423.8543143625,529529.3273826379,1697168.688992419,254575.30334886277
High permeability,27.400000000000002,4443544.681833515,131323.99000168746,651643.1491949742,217032.86080291236,86330.59472736555,217032.86080291236,623589.4734408043,530004.9933900604,1707764.0427396824,256164.60641095226
High permeability,27.5,4440371.151768323,131405.97209646407,651558.6748565782,217035.3530465317,86419.28704944414,217035.3530465317,626756.2932786949,530474.5916738093,1718368.8484457107,257755.32726685653
High permeability,27.6,4437197.656266726,131488.02270720655,651474.5873534647,217037.38993890278,86506.82961441053,217037.38993890278,629924.296826068,530938.1924009278,1728982.9859684685,259347.4478952702
High permeability,27.700000000000003,4434024.202597256,131570.14238197188,651390.8775218517,217038.9800957505,86593.23250865152,217038.9800957505,633093.4672760621,531395.8649436751,1739606.3365355458,260940.9504803318
High permeability,27.8,4430850.797970066,131652.33166543962,651307.5362758513,217040.13205828302,86678.5057884072,217040.13205828302,636263.7879069651,531847.6783244166,1750238.7819749105,262535.8172962365
High permeability,27.900000000000002,4427677.44950313,131734.59109701982,651224.5546525246,217040.85425002952,86762.65946887831,217040.85425002952,639435.2421250094,532293.7010348651,1760880.2050209157,264132.03075313725
High permeability,28.0,4424504.164024426,131816.9211993527,651141.924075915,217041.15472430634,86845.70341211277,217041.15472430634,642607.8137628126,532733.9998074351,1771530.491420566,265729.5737130848
High permeability,28.1,4421330.948316222,131899.3224924295,651059.6360310555,217041.0414760891,86927.6474554322,217041.0414760891,645781.4867207737,533168.6410954866,1782189.5273992429,267328.42910988635
High permeability,28.200000000000003,4418157.809070878,131981.79549105454,650977.68212298,217040.5223855395,87008.50138760652,217040.5223855395,648956.2450325687,533597.6907985216,1792857.2001274375,268928.5800191156
High permeability,28.3,4414984.752862039,132064.34070323408,650896.0541151493,217039.60518119062,87088.27493673704,217039.60518119062,652132.072904456,534021.2140920596,1803533.3980053752,270530.00970080623
High permeability,28.400000000000002,4411811.786024648,132146.95862316413,650814.7440896808,217038.29728672904,87166.97769375265,217038.29728672904,655308.9549047619,534439.2746450985,1814218.012002452,272132.70180036774
High permeability,28.5,4408638.914867422,132229.6497435239,650733.7441637105,217036.60609233956,87244.61923358441,217036.60609233956,658486.8756425163,534851.935956203,1824910.9333778215,273736.6400066732
High permeability,28.6,4405466.145639812,132312.4145536065,650653.0465334752,217034.5389124923,87321.20910046247,217034.5389124923,661665.8198133302,535259.2611586342,1835612.0540093929,275341.8081014089
High permeability,28.700000000000003,4402293.484365112,132395.25352967868,650572.6436972155,217032.10277267985,87396.75670382835,217032.10277267985,664845.7724607363,535661.3119208688,1846321.2682587563,276948.1902388134
High permeability,28.8,4399120.936961136,132478.16714190756,650492.5282940391,217029.30456362732,87471.27138784865,217029.30456362732,668026.7187929217,536058.1492207001,1857038.4716607106,278555.77074910654
High permeability,28.900000000000002,4395948.509298156,132561.15585771832,650412.6930265579,217026.15111529775,87544.76246636303,217026.15111529775,671208.6440931979,536449.833718677,1867763.5602871769,280164.5340430765
High permeability,29.0,4392776.207171956,132644.22014029179,650333.1306968518,217022.6491624304,87617.23921138045,217022.6491624304,674391.5337569539,536836.425596742,1878496.4310160251,281774.4646524037
High permeability,29.1,4389604.036146614,132727.36043945208,650253.8344165639,217018.80514355793,87688.71074382676,217018.80514355793,677575.3735490103,537217.9834722107,1889236.9833704294,283385.54750556435
High permeability,29.200000000000003,4386432.001750371,132810.5772029525,650174.7973452192,217014.62545140224,87759.1861607354,217014.62545140224,680760.1492918443,537594.5657187556,1899985.11728594,284997.767592891
High permeability,29.3,4383260.109441189,132893.87087450727,650096.0127362591,217010.1163888075,87828.674512503,217010.1163888075,683945.8469208137,537966.2302292051,1910740.7335087925,286611.1100263189
High permeability,29.400000000000002,4380088.364577502,132977.24189215124,650017.4739761099,217005.28413131277,87897.18478598213,217005.28413131277,687132.4525286652,538333.0342201585,1921503.7339205954,288225.56008808926
High permeability,29.5,4376916.772330676,133060.690683136,649939.1747012566,217000.13461518136,87964.72583630164,217000.13461518136,690319.9525161565,538695.033596799,1932274.0226144784,289841.10339217173
High permeability,29.6,4373745.337850578,133144.21767347495,649861.1085769314,216994.6737491675,88031.30650260724,216994.6737491675,693508.333320288,539052.2841093782,1943051.5039443346,291457.7255916501
High permeability,29.700000000000003,4370574.066239521,133227.82328647675,649783.2693319158,216988.90738118134,88096.93559351943,216988.90738118134,696697.5814534344,539404.8411825753,1953836.0828092913,293075.4124213936
High permeability,29.8,4367402.962417566,133311.5079349989,649705.650938705,216982.84112587004,88161.62178468947,216982.84112587004,699887.6837327413,539752.7589315161,1964627.6663071096,294694.1499460664
High permeability,29.900000000000002,4364232.031222633,133395.27202716927,649628.2474796512,216976.48049275338,88225.37368983815,216976.48049275338,703078.6271146961,540096.090874935,1975426.1625387366,296313.92438081047
High permeability,30.0,4361061.27743437,133479.11596776242,649551.053115074,216969.83091673744,88288.19987649951,216969.83091673744,706270.3986568912,540434.8900976453,1986231.480334052,297934.7220501077
High permeability,30.1,4357890.705842555,133563.04016219522,649474.0619916633,216962.8978457154,88350.10892815051,216962.8978457154,709462.9853914888,540769.2097869518,1997043.5283453737,299556.529251806
High permeability,30.200000000000003,4354720.320982059,133647.04500126073,649397.2685972136,216955.6864010996,88411.10922495753,216955.6864010996,712656.3747942419,541099.1012184158,2007862.2184300693,301179.3327645103
High permeability,30.3,4351550.127343543,133731.13087320756,649320.6674786927,216948.2016476736,88471.20911124824,216948.2016476736,715850.554418415,541424.6153346215,2018687.4630046089,302803.1194506913
High permeability,30.400000000000002,4348380.129393577,133815.29816490156,649244.253215319,216940.44861935332,88530.4169104895,216940.44861935332,719045.5118608337,541745.8028901926,2029519.1748003997,304427.8762200599
High permeability,30.5,4345210.331557215,133899.54726086062,649168.0204418405,216932.43229687275,88588.74091651078,216932.43229687275,722241.2347871328,542062.7143388819,2040357.2670497694,306053.59005746536
High permeability,30.6,4342040.738125,133983.87853795168,649091.9639730932,216924.15748852896,88646.18931246187,216924.15748852896,725437.711100488,542375.3990998038,2051201.654710821,307680.24820662313
High permeability,30.700000000000003,4338871.353244945,134068.29236486592,649016.0788147973,216915.6288199106,88702.77015706625,216915.6288199106,728634.9289628527,542683.9054740958,2062052.2546137548,309307.83819206315
High permeability,30.8,4335702.181065065,134152.78911029446,648940.359972673,216906.8509166064,88758.49150904742,216906.8509166064,731832.8765361804,542988.2817628959,2072908.9835887707,310936.3475383156
High permeability,30.900000000000002,4332533.225668133,134237.36913920208,648864.8025398552,216897.82832051654,88813.3613681513,216897.82832051654,735031.5421029158,543288.575744309,2083771.7593399081,312565.7639009862
High permeability,31.0,4329364.491121506,134322.0328157399,648789.4016300462,216888.56555378786,88867.3877288001,216888.56555378786,738230.9139654319,543584.8351011787,2094640.4997233471,314196.074958502
High permeability,31.1,4326195.981281925,134406.78049203497,648714.152639243,216879.0668682958,88920.57838923112,216879.0668682958,741430.9808208769,543877.1058013929,2105515.125459431,315827.26881891466
High permeability,31.200000000000003,4323027.699984547,134491.61251897895,648639.0509923766,216869.33648821828,88972.94112738715,216869.33648821828,744631.7314070434,544165.4336367111,2116395.5575630064,317459.33363445086
High permeability,31.3,4319859.651037495,134576.52924592196,648564.0921506383,216859.37860301364,89024.4836942998,216859.37860301364,747833.1545141254,544449.864171065,2127281.717429264,319092.2576143895
High permeability,31.400000000000002,4316691.838223444,134661.53102079922,648489.2716092755,216849.19736949922,89075.21382219107,216849.19736949922,751035.2389751623,544730.4427770887,2138173.5267687435,320726.02901531145
High permeability,31.5,4313524.265186025,134746.61818367545,648414.5850500291,216838.79676586928,89125.13910834388,216838.79676586928,754237.9738893049,545007.2136627283,2149070.909230206,322360.6363845308
High permeability,31.6,4310356.935474762,134831.79106925294,648340.0282808983,216828.18064942263,89174.26705516544,216828.18064942263,757441.3485393246,545280.2202371496,2159973.789795573,323996.06846933585
High permeability,31.700000000000003,4307189.852639178,134917.050012234,648265.5971098819,216817.352877458,89222.60516506298,216817.352877458,760645.352207992,545549.5059095182,2170882.0934467646,325632.3140170146
High permeability,31.8,4304023.020165507,135002.39534373552,648191.2874299359,216806.3172259025,89270.1608748775,216806.3172259025,763849.9743033499,545815.1135416671,2181795.7460772977,327269.3619115946
High permeability,31.900000000000002,4300856.441528367,135087.82739427744,648117.0951495153,216795.07745578105,89316.94161694057,216795.07745578105,767055.2042489685,546077.0859190283,2192714.6737011247,328907.20105516864
High permeability,32.0,4297690.120024237,135173.34648428526,648043.0164163131,216783.63709897545,89362.95463204091,216783.63709897545,770261.031828006,546335.4642575267,2203638.804947513,330545.82074212696
High permeability,32.1,4294524.058941896,135258.9529337471,647969.0473883619,216771.99967746486,89408.2071526495,216771.99967746486,773467.4468392007,546590.2897052143,2214568.068558934,332185.2102838401
High permeability,32.2,4291358.261541933,135344.6470610584,647895.1842615866,216760.1686769288,89452.70637917783,216760.1686769288,776674.4391399468,546841.6031539978,2225502.39370458,333825.3590556869
High permeability,32.300000000000004,4288192.7310684435,135430.429183719,647821.4232539876,216748.14756186726,89496.45949981436,216748.14756186726,779881.99861546,547089.4453685925,2236441.7097609965,335466.2564641494
High permeability,32.4,4285027.470632697,135516.2996117701,647747.760762112,216735.93962569177,89539.47355298568,216735.93962569177,783090.1154260858,547333.8559068928,2247385.948110952,337107.8922166427
High permeability,32.5,4281862.483285478,135602.25865183727,647674.1932638317,216723.54808390487,89581.75550711919,216723.54808390487,786298.7798592389,547574.87377204,2258335.041061511,338750.2561592265
High permeability,32.6,4278697.772076564,135688.3066104895,647600.717238372,216710.97615071238,89623.31232940142,216710.97615071238,789507.9822045227,547812.5379576134,2269288.920935665,340393.3381403496
High permeability,32.7,4275533.339998448,135774.44379108644,647527.3292420203,216698.2269664671,89664.15091953255,216698.2269664671,792717.7128731041,548046.8869241172,2280247.520942708,342037.1281414061
High permeability,32.800000000000004,4272369.190030104,135860.6704962844,647454.0258491699,216685.30365411943,89704.27816727383,216685.30365411943,795927.962298906,548277.95902466,2291210.7744644573,343681.6161696685
High permeability,32.9,4269205.325005114,135946.98702058467,647380.8038299339,216672.2091490552,89743.70078314016,216672.2091490552,799138.7212323294,548505.7912284615,2302178.6171867205,345326.79257800797
High permeability,33.0,4266041.747757064,136033.3936584885,647307.6599544251,216658.94638666022,89782.42547764644,216658.94638666022,802349.9804237764,548730.420504741,2313150.9847953077,346972.647719296
High permeability,33.1,4262878.461091236,136119.8907029175,647234.5910308963,216645.51826575998,89820.45892471669,216645.51826575998,805561.7306869633,548951.8835457524,2324127.8134370535,348619.1720155579
High permeability,33.2,4259715.467801319,136206.47844618186,647161.5938831165,216631.92767027547,89857.8077896364,216631.92767027547,808773.962855225,549170.2169519302,2335109.039406865,350266.35591102956
High permeability,33.300000000000004,4256552.770560146,136293.15717388238,647088.6654977442,216618.17732794717,89894.47858081543,216618.17732794717,811986.6680329196,549385.4561351261,2346094.6009757263,351914.1901463588
High permeability,33.4,4253390.372003113,136379.92716953086,647015.8029119079,216604.26991813508,89930.47775717663,216604.26991813508,815199.8374092402,549597.6361365053,2357084.4370319857,353562.66555479774
High permeability,33.5,4250228.274759364,136466.78871629256,646943.0031711729,216590.20811210832,89965.81176887058,216590.20811210832,818413.4621880556,549806.7919331427,2368078.4865707625,355211.7729856143
High permeability,33.6,4247066.481423702,136553.7420954403,646870.2633674054,216575.9945367281,90000.48702142377,216575.9945367281,821627.5336503126,550012.9581627717,2379076.6891503036,356861.5033725454
High permeability,33.7,4243904.99455057,136640.78758606027,646797.5806468681,216561.63176664544,90034.50986907442,216561.63176664544,824842.0431664141,550216.1690655969,2390078.984985634,358511.847747845
High permeability,33.800000000000004,4240743.816594553,136727.92546171477,646724.9522906473,216547.12224721172,90067.88652561879,216547.12224721172,828056.9823415413,550416.4578555902,2401085.3160006353,360162.7974000952
High permeability,33.9,4237582.950010236,136815.15599596608,646652.3755798294,216532.4684237783,90100.62320485305,216532.4684237783,831272.3427808749,550613.8577467238,2412095.6241191872,361814.343617878
High permeability,34.0,4234422.397224361,136902.47946084724,646579.8478331347,216517.67270559192,90132.72607981302,216517.67270559192,834488.1161566712,550808.4016596902,2423109.8517534626,363466.47776301927
High permeability,34.1,4231262.160654866,136989.89612794243,646507.36638107,216502.73749056135,90164.20131662904,216502.73749056135,837704.2941564451,551000.1224425321,2434127.9414318716,365119.1912147807
High permeability,34.2,4228102.242613288,137077.4062630192,646434.9286980204,216487.66503853418,90195.05492343123,216487.66503853418,840920.8687262982,551189.0518117443,2445149.8375660595,366772.4756349088
High permeability,34.300000000000004,4224942.645389287,137165.01013064355,646362.5322879556,216472.45758097465,90225.29287545996,216472.45758097465,844137.8318658953,551375.2212500962,2456175.4849571846,368426.3227435776
High permeability,34.4,4221783.371263291,137252.70799487887,646290.1746673522,216457.11733734273,90254.92113328027,216457.11733734273,847355.1755983059,551558.6621383392,2467204.828576511,370080.7242864765
High permeability,34.5,4218624.422495249,137340.5001186859,646217.8533803513,216441.6465005366,90283.94562876098,216441.6465005366,850572.8919946747,551739.4056445443,2478237.813747431,371735.6720621146
High permeability,34.6,4215465.801291943,137428.38676217585,646145.5660430514,216426.04719434658,90312.37221316321,216426.04719434658,853790.9732570688,551917.4823606581,2489274.386749622,373391.15801244316
High permeability,34.7,4212307.5097926315,137516.36818179238,646073.3103630423,216410.32145473917,90340.20662981237,216410.32145473917,857009.4117593466,552092.9221295142,2500314.4951115944,375047.17426673905
High permeability,34.800000000000004,4209149.550136577,137604.44463397903,646001.084047914,216394.4713176808,90367.45462203391,216394.4713176808,860228.1998753665,552265.7547939457,2511358.08636186,376703.71295427886
High permeability,34.9,4205991.924435942,137692.61637372192,645928.8848420135,216378.4987838384,90394.1218883721,216378.4987838384,863447.3300494058,552436.0098895801,2522405.10854096,378360.7662811439
High permeability,35.0,4202834.634795944,137780.8836556672,645856.7104989991,216362.40584490757,90420.21412135311,216362.40584490757,866666.794738368,552603.7168914066,2533455.509786075,380018.32646791113
High permeability,35.1,4199677.683230273,137869.24672955874,645784.5588967847,216346.19437323048,90445.73685875958,216346.19437323048,869886.5866405239,552768.9042222498,2544509.239988705,381676.38599830563
High permeability,35.2,4196521.071741066,137957.70584451887,645712.4279289731,216329.8662260819,90470.69561868145,216329.8662260819,873106.6984847699,552931.6001717107,2555566.249262704,383334.9373894055
High permeability,35.300000000000004,4193364.802319686,138046.26124909692,645640.3155038209,216313.42324665614,90495.09589988156,216313.42324665614,876327.1230295282,553091.8329011307,2566626.4879361363,384993.9731904203
High permeability,35.4,4190208.876945108,138134.91319119683,645568.2195463438,216296.86726203328,90518.9431829295,216296.86726203328,879547.8530631576,553249.6304384366,2577689.906557189,386653.4859835782
High permeability,35.5,4187053.297539262,138223.66191572906,645496.1380591232,216280.20002472165,90542.24284849012,216280.20002472165,882768.8815279757,553405.0201388046,2588756.456794466,388313.4685191697
High permeability,35.6,4183898.0659792963,138312.5076652291,645424.0691056814,216263.42322866345,90565.00019610801,216263.42322866345,885990.2014898233,553558.028820908,2599826.0912126703,389973.9136819004
High permeability,35.7,4180743.1841423614,138401.45068223242,645352.0107495406,216246.5385678009,90587.22052532784,216246.5385678009,889211.8060145418,553708.6833034205,2610898.762376506,391634.8143564757
High permeability,35.800000000000004,4177588.6538793864,138490.49120790203,645279.9610899519,216229.54770172006,90608.90908687512,216229.54770172006,892433.688241639,553857.0100848384,2621974.4233852793,393296.16350779176
High permeability,35.9,4174434.4770359397,138579.62948315285,645207.9182333591,216212.45228306198,90630.07112633134,216212.45228306198,895655.8413208803,554003.035614114,2633053.02741705,394957.9541125574
High permeability,36.0,4171280.655380144,138668.8657448619,645135.88039186,216195.25386285203,90650.71174073832,216195.25386285203,898878.2586239786,554146.7853775892,2644134.5292587928,396620.1793888188
High permeability,36.1,4168127.1906752586,138758.20022965156,645063.8457841858,216177.95398573656,90670.83601777154,216177.95398573656,902100.9335366202,554288.2848010879,2655218.883798699,398282.8325698047
High permeability,36.2,4164974.0846652216,138847.63317314512,644991.812655504,216160.55417092497,90690.44900554832,216160.55417092497,905323.8595023737,554427.5590606019,2666306.0463435026,399945.9069515252
High permeability,36.300000000000004,4161821.339107391,138937.1648116679,644919.7792324868,216143.05595541923,90709.55578457401,216143.05595541923,908547.0299197014,554564.6335231934,2677395.971876923,401609.3957815382
High permeability,36.4,4158668.9556973577,139026.79537841157,644847.7438262638,216125.46079489865,90728.1613115898,216125.46079489865,911770.438369463,554699.5327639257,2688488.616705693,403273.29250585375
High permeability,36.5,4155516.9360823594,139116.5251040801,644775.7048141377,216107.77008135628,90746.2704437066,216107.77008135628,914994.0785780125,554832.2807297007,2699583.938188755,404937.590728313
High permeability,36.6,4152365.2819096367,139206.35421937733,644703.6605734115,216089.9852067852,90763.88803803532,216089.9852067852,918217.944271704,554962.9013674202,2710681.8936850484,406602.2840527571
High permeability,36.7,4149213.994824226,139296.28295489616,644631.609484413,216072.1075602647,90781.01894680918,216072.1075602647,921442.0291838595,555091.4185940205,2721782.440603806,408267.36609057063
High permeability,36.800000000000004,4146063.076435167,139386.31153941507,644559.5499768155,216054.1384833434,90797.6679461459,216054.1384833434,924666.3271581011,555217.8558496644,2732885.5371524305,409932.8305728643
High permeability,36.9,4142912.5283678807,139476.44020258705,644487.4804576259,216036.07933936105,90813.83985450384,216036.07933936105,927890.8319802011,555342.2368172003,2743991.141126111,411598.6711689164
High permeability,37.0,4139762.352157716,139566.66916954285,644415.3994576106,216017.9313724205,90829.53929045022,216017.9313724205,931115.5377213752,555464.5839513276,2755099.212380672,413264.8818571006
High permeability,37.1,4136612.549340021,139656.99866541318,644343.305507536,215999.69582662478,90844.7708725523,215999.69582662478,934340.4384528387,555584.9197067458,2766209.710771935,414931.45661579
High permeability,37.2,4133463.1214501434,139747.42891532878,644271.1971381685,215981.3739460767,90859.53921937729,215981.3739460767,937565.5282458068,555703.2665381542,2777322.596155722,416598.3894233581
High permeability,37.300000000000004,4130314.069999135,139837.96014322623,644199.0729137609,215962.9669425869,90873.8488927241,215962.9669425869,940790.8012513655,555819.6465573994,2788437.828963752,418265.6743445626
High permeability,37.4,4127165.396510451,139928.59257367614,644126.9313812472,215944.47604465063,90887.70449077096,215944.47604465063,944016.2515724527,555934.0820771347,2799555.369285686,419933.30539285264
High permeability,37.5,4124017.102438494,140019.32642790143,644054.7711828192,215925.90238885337,90901.11044821011,215925.90238885337,947241.8735411958,556046.5944258516,2810675.1788640227,421601.2768296032
High permeability,37.6,4120869.189218777,140110.16192619983,643982.590986739,215907.24708663506,90914.071154562,215907.24708663506,950467.661552859,556157.2046615754,2821797.2198960194,423269.5829844027
High permeability,37.7,4117721.6582868136,140201.099288869,643910.3894612693,215888.5112494357,90926.59099934704,215888.5112494357,953693.610002707,556265.9338423318,2832921.4545789333,424938.2181868397
High permeability,37.800000000000004,4114574.5110681755,140292.13873573398,643838.1652884493,215869.69597539073,90938.67434675808,215869.69597539073,956919.7133207987,556372.8028775915,2844047.845360202,426607.17680403
High permeability,37.9,4111427.748980742,140383.28048625862,643765.9171608242,215850.80235249118,90950.3255461934,215850.80235249118,960145.9659593218,556477.832579053,2855176.3548492407,428276.4532273859
High permeability,38.0,4108281.3734172294,140474.5247587596,643693.6438057212,215831.8314350932,90961.54888625102,215831.8314350932,963372.3624552777,556581.0433924622,2866306.9462686377,429946.0419402955
High permeability,38.1,4105135.3857241333,140565.87176936882,643621.3440145764,215812.7842156288,90972.34853673964,215812.7842156288,966598.8975084941,556682.4550685624,2877439.5840115873,431615.9376017379
High permeability,38.2,4101989.7872479497,140657.3217342183,643549.0165788255,215793.66168653016,90982.72866746789,215793.66168653016,969825.5658187991,556782.0873580973,2888574.232471285,433286.1348706925
High permeability,38.300000000000004,4098844.579335173,140748.87486944,643476.6602899048,215774.46484022925,90992.69344824449,215774.46484022925,973052.3620860206,556879.9600118102,2899710.856040925,434956.6284061385
High permeability,38.400000000000006,4095699.7633059095,140840.53138995767,643404.2739759701,215755.1946336463,91002.24697831502,215755.1946336463,976279.2811057317,556976.0923722413,2910849.419801632,436627.41297024465
High permeability,38.5,4092555.340496677,140932.2915114772,643331.8564420901,215735.85204600674,91011.39340802896,215735.85204600674,979506.3176067697,557070.5040608663,2921989.8883598926,438298.4832539838
High permeability,38.6,4089411.312178686,141024.15544675017,643259.4065844144,215716.43796840947,91020.13670774073,215716.43796840947,982733.466560322,557163.2136682927,2933132.2280614143,439969.834209212
High permeability,38.7,4086267.6796191223,141116.12340834446,643186.9233047058,215696.95328652384,91028.48083669564,215696.95328652384,985960.7229525251,557254.2397215923,2944276.4053591415,441641.46080387104
High permeability,38.800000000000004,4083124.444085171,141208.19560882804,643114.4055047268,215677.39888601916,91036.42975413907,215677.39888601916,989188.0817695166,557343.600747837,2955422.3867060198,443313.35800590285
High permeability,38.900000000000006,4079981.606830454,141300.37226017585,643041.8521052535,215657.77563414472,91043.98737966688,215657.77563414472,992415.5380500534,557431.3150511027,2966570.138931901,444985.520839785
High permeability,39.0,4076839.1691127764,141392.65357455515,642969.2620209829,215638.08440403597,91051.15765077935,215638.08440403597,995643.0868109982,557517.4010245047,2977719.628713066,446657.94430695975
High permeability,39.1,4073697.1321498975,141485.0397624306,642896.6342227585,215618.326014385,91057.9443880516,215618.326014385,998870.7232244803,557601.8764017811,2988870.823839138,448330.6235758705
High permeability,39.2,4070555.497138405,141577.53103334887,642823.9677111459,215598.50125507923,91064.35134910734,215598.50125507923,1002098.442545835,557684.758564505,3000023.6926953294,450003.5539042992
High permeability,39.300000000000004,4067414.265274887,141670.12759685668,642751.2614867113,215578.61091600606,91070.38229157028,215578.61091600606,1005326.2400303979,557766.0648942493,3011178.2036668546,451676.73055002803
High permeability,39.400000000000006,4064273.437752468,141762.82966235804,642678.5145549148,215558.65578230115,91076.04096204981,215558.65578230115,1008554.1109478388,557845.8127121573,3022334.325241328,453350.148786199
High permeability,39.5,4061133.0157502135,141855.63743867498,642605.7259409494,215538.63661994963,91081.33106574383,215538.63661994963,1011782.0506227162,557924.0191061264,3033492.0263000675,455023.8039450099
High permeability,39.6,4057993.0004453636,141948.55113459297,642532.8946724357,215518.55419254536,91086.25630609324,215518.55419254536,1015010.0543831349,558000.7011458063,3044651.2757525938,456697.6913628889
High permeability,39.7,4054853.3929717266,142041.57095712732,642460.0198384061,215498.40920404062,91090.82024781873,215498.40920404062,1018238.1177375808,558075.8751403367,3055812.0437970455,458371.8065695566
High permeability,39.800000000000004,4051714.194463112,142134.69711329334,642387.100527893,215478.20235838767,91095.02645564098,215478.20235838767,1021466.2361945395,558149.5573988572,3066974.30063156,460046.1450947338
High permeability,39.900000000000006,4048575.406053328,142227.92981010632,642314.1358299289,215457.93435953878,91098.87849428068,215457.93435953878,1024694.4052624967,558221.7642305074,3078138.0164542766,461720.7024681413
High permeability,40.0,4045437.028860906,142321.2692539922,642241.1248552671,215437.60589031462,91102.37987726656,215437.60589031462,1027922.6205158181,558292.5116673203,3089303.1619334044,463395.47429001046
High permeability,40.1,4042299.064012962,142414.71565172286,642168.0667022003,215417.21764565076,91105.53415287893,215417.21764565076,1031150.8774858807,558361.8159184563,3100469.7074336275,465070.4561150439
High permeability,40.2,4039161.512595024,142508.26920851,642094.960528289,215396.77026277504,91108.34472715114,215396.77026277504,1034379.1718863336,558429.6924270922,3111637.624619586,466745.64369293774
High permeability,40.300000000000004,4036024.3756851405,142601.93012927988,642021.8055017596,215376.2643685345,91110.81498038355,215376.2643685345,1037607.4994637545,558496.1564982104,3122806.885390604,468421.03280859045
High permeability,40.400000000000006,4032887.65436136,142695.69861895873,641948.6007908391,215355.70058977618,91112.94829287652,215355.70058977618,1040835.8559647208,558561.2234367927,3133977.461646005,470096.61924690055
High permeability,40.5,4029751.3496947377,142789.57488222636,641875.3455738052,215335.07954354252,91114.74801931607,215335.07954354252,1044064.2371681712,558624.9084124648,3145149.325515354,471772.3988273029
High permeability,40.6,4026615.462755024,142883.55912371536,641802.0390306134,215314.40184524524,91116.21751384312,215314.40184524524,1047292.638854847,558687.2265851075,3156322.44914296,473448.3673714438
High permeability,40.7,4023479.9945921637,142977.6515474031,641728.6803696229,215293.668082548,91117.36005972543,215293.668082548,1050521.0568955129,558748.1927363761,3167496.8053150936,475124.52079726383
High permeability,40.800000000000004,4020344.9462347445,143071.8523565264,641655.268829937,215272.87881311064,91118.17886107994,215272.87881311064,1053749.4872607007,558807.8212308836,3178672.367527632,476800.8551291446
High permeability,40.900000000000006,4017210.318711354,143166.16175432195,641581.8036506592,215252.03459459293,91118.6771220236,215252.03459459293,1056977.9259209428,558866.126433243,3189849.1092764507,478477.3663914674
High permeability,41.0,4014076.11305058,143260.57994402648,641508.284070893,215231.13598465463,91118.85804667334,215231.13598465463,1060206.3688467715,558923.1227080675,3201027.0040574246,480154.05060861347
High permeability,41.1,4010942.3302647937,143355.10712836304,641434.7093532177,215210.18351799322,91118.72477673957,215210.18351799322,1063434.8120868285,558978.8240938492,3212206.025921652,481830.9038882476
High permeability,41.2,4007808.971376718,143449.74351040332,641361.078744953,215189.17774421768,91118.28049943436,215189.17774421768,1066663.2516342497,559033.2448576473,3223386.1485284483,483507.922279267
High permeability,41.300000000000004,4004676.0373715376,143544.48929206826,641287.3915480323,215168.11915947337,91117.52825227806,215168.11915947337,1069891.6836682511,559086.3984915904,3234567.3468581024,485185.10202871513
High permeability,41.400000000000006,4001543.529234036,143639.34467526633,641213.6470649748,215147.00825933286,91116.47107118803,215147.00825933286,1073120.104370041,559138.2984795107,3245749.5959050483,486862.4393857571
High permeability,41.5,3998411.447948996,143734.3098619059,641139.8445982992,215125.8455393688,91115.11199208164,215125.8455393688,1076348.509920827,559188.9583052406,3256932.8706637197,488539.93059955776
High permeability,41.6,3995279.794492647,143829.3850536623,641065.9834630833,215104.63148282844,91113.45401475615,215104.63148282844,1079576.8965462577,559238.3912680983,3268117.146443543,490217.5719665313
High permeability,41.7,3992148.5698449197,143924.57045231343,640992.0629687175,215083.36657854306,91111.50015948772,215083.36657854306,1082805.2604479042,559286.610765119,3279302.3983852467,491895.3597577868
High permeability,41.800000000000004,3989017.774960918,144019.86625900588,640918.082461112,215062.05127945624,91109.25334074469,215062.05127945624,1086033.5979573417,559333.6296533474,3290488.6025512195,493573.2903826827
High permeability,41.900000000000006,3985887.4107866976,144115.27267464637,640844.0412995075,215040.68602542012,91106.71643397067,215040.68602542012,1089261.9054539765,559379.4605914963,3301675.735342661,495251.3603013989
High permeability,42.0,3982757.478268315,144210.78990014165,640769.9388431455,215019.27125628683,91103.89231460926,215019.27125628683,1092490.1793172157,559424.1162382781,3312863.7731607687,496929.5659741151
High permeability,42.1,3979627.9783488233,144306.4181363328,640695.7744557486,214997.80740749268,91100.78384421261,214997.80740749268,1095718.4159432952,559467.6091828647,3324052.692525739,498607.9038788606
High permeability,42.2,3976498.9119664147,144402.1575839465,640621.5475081182,214976.29490750935,91097.39386493822,214976.29490750935,1098946.611752592,559509.9519134952,3335242.4701294852,500286.37051942263
High permeability,42.300000000000004,3973370.2800530614,144498.00844360632,640547.2573802001,214954.7341757677,91093.72519280373,214954.7341757677,1102174.7631977394,559551.1567836185,3346433.082893312,501964.9624339966
High permeability,42.400000000000006,3970242.0835206537,144593.97091551288,640472.9034819528,214933.12560210828,91089.78055024389,214933.12560210828,1105402.8668446133,559591.2356788188,3357624.5085391817,503643.676280877
High permeability,42.5,3967114.3232810814,144690.04519986693,640398.4852233356,214911.46957637157,91085.56265969347,214911.46957637157,1108630.9192590904,559630.2004846799,3368816.724789056,505322.5087183582
High permeability,42.6,3963987.0002462333,144786.2314968691,640324.0020143068,214889.76648839813,91081.07424358725,214889.76648839813,1111858.917007047,559668.0630867861,3380009.7093649004,507001.4564047348
High permeability,42.7,3960860.1153187817,144882.530006569,640249.4532787388,214868.0167142662,91076.31797928529,214868.0167142662,1115086.8567085003,559704.8351474463,3391203.4403711134,508680.5160556668
High permeability,42.800000000000004,3957733.669406825,144978.94092911112,640174.8384320177,214846.2206384452,91071.29657569228,214846.2206384452,1118314.7349465918,559740.5284790742,3402397.8956533265,510359.6843479988
High permeability,42.900000000000006,3954607.6633947236,145075.46446429702,640100.1569255744,214824.37860970263,91066.01262225224,214824.37860970263,1121542.5484473195,559775.1543057339,3413593.05406559,512038.9581098383
High permeability,43.0,3951482.098164295,145172.10081188913,640025.4082146985,214802.4909729864,91060.46869559375,214802.4909729864,1124770.293951999,559808.7237884448,3424788.8945700396,513718.3341855058
High permeability,43.1,3948356.974597357,145268.85017164983,639950.5917546797,214780.5580732445,91054.66737234543,214780.5580732445,1127997.9682019453,559841.248088227,3435985.396128815,515397.8094193221
High permeability,43.2,3945232.2935680393,145365.71274327082,639875.7070127118,214758.58024359134,91048.61118700214,214758.58024359134,1131225.5679882276,559872.7381620419,3447182.538054523,517077.3807081782
High permeability,43.300000000000004,3942108.055958751,145462.68872649554,639800.7534428718,214736.55783020658,91042.302724047,214736.55783020658,1134453.0900436954,559903.2052043295,3458380.299250798,518757.04488761944
High permeability,43.400000000000006,3938984.2626376287,145559.77832100313,639725.730521245,214714.49115732586,91035.74449136145,214714.49115732586,1137680.531192011,559932.6600360323,3469578.659261872,520436.7988892806
High permeability,43.5,3935860.9144569994,145656.98172634823,639650.6377484368,214692.38052478895,91028.93890947176,214692.38052478895,1140907.8883598752,559961.1130555723,3480777.5983577226,522116.6397536582
High permeability,43.6,3932738.0122691896,145754.29914208554,639575.4746250527,214670.22623243573,91021.8883989042,214670.22623243573,1144135.1584739902,559988.5746613712,3491977.096808329,523796.5645212492
High permeability,43.7,3929615.556926526,145851.73076776974,639500.2406516982,214648.02858010607,91014.59538018497,214648.02858010607,1147362.3384610566,560015.0552518511,3503177.1348836687,525476.5702325501
High permeability,43.800000000000004,3926493.5492813373,145949.27680295552,639424.9353289787,214625.7878676398,91007.06227384036,214625.7878676398,1150589.425247776,560040.5652254337,3514377.6928537185,527156.6539280576
High permeability,43.900000000000006,3923371.9901725897,146046.9374472058,639349.5581786056,214603.50437376252,90999.29142122527,214603.50437376252,1153816.4158533888,560065.1146019377,3525578.7516394956,528836.8127459242
High permeability,44.0,3920250.8804549812,146144.7129000634,639274.1086968431,214581.17840266737,90991.2852657658,214581.17840266737,1157043.3071793146,560088.7138807754,3536780.29133524,530517.0437002858
High permeability,44.1,3917130.2209552834,146242.6033611679,639198.5864245024,214558.81021390355,90983.04607920126,214558.81021390355,1160270.0963266813,560111.3727454859,3547982.2934391648,532197.3440158746
High permeability,44.2,3914010.01249867,146340.60903016225,639122.9909049447,214536.4000644669,90974.5761234593,214536.4000644669,1163496.780408031,560133.1008329826,3559184.739529722,533877.710929458
High permeability,44.300000000000004,3910890.255910313,146438.73010668956,639047.3216815311,214513.94821135318,90965.87766046752,214513.94821135318,1166723.356535907,560153.9077801792,3570387.6111853635,535558.1416778043
High permeability,44.400000000000006,3907770.952015387,146536.96679039288,638971.5782976229,214491.45491155822,90956.95295215354,214491.45491155822,1169949.8218228505,560173.8032239892,3581590.8899845425,537238.6334976812
High permeability,44.5,3904652.101634065,146635.3192809875,638895.7603047874,214468.92041379903,90947.80422661903,214468.92041379903,1173176.1734203012,560192.7966429042,3592794.5577787394,538919.1836668106
High permeability,44.6,3901533.705588024,146733.78777813725,638819.8672517099,214446.34496972678,90938.43372788205,214446.34496972678,1176402.4084622292,560210.8975854212,3603998.596297809,540599.7894446711
High permeability,44.7,3898415.764692256,146832.37248165254,638743.8986979445,214423.72881997694,90928.84365626065,214423.72881997694,1179628.5241331332,560228.1153935745,3615202.9876268627,542280.4481440291
High permeability,44.800000000000004,3895298.2797490037,146931.07359155026,638667.8542240812,214401.07218394254,90919.03612441795,214401.07218394254,1182854.5177181265,560244.4589997919,3626407.7145570912,543961.1571835635
High permeability,44.900000000000006,3892181.2515605064,147029.8913078473,638591.73341071,214378.37528101658,90909.01324501705,214378.37528101658,1186080.3865023216,560259.9373365017,3637612.7598796864,545641.9139819527
High permeability,45.0,3889064.680929007,147128.8258305606,638515.5358384213,214355.63833059205,90898.77713072105,214355.63833059205,1189306.1277708306,560274.5593361319,3648818.106385838,547322.7159578755
High permeability,45.1,3885948.568656745,147227.87735970702,638439.2610878049,214332.86155206195,90888.32989419303,214332.86155206195,1192531.738808767,560288.3339311107,3660023.7368667377,549003.5605300105
High permeability,45.2,3882832.9155372344,147327.04609556153,638362.9087542458,214310.04514976655,90877.67358313972,214310.04514976655,1195757.216975185,560301.2697533645,3671229.63463203,550684.4451948042
High permeability,45.300000000000004,3879717.722373908,147426.3322380765,638286.4784156742,214287.18934582322,90866.81032742624,214287.18934582322,1198982.55953674,560313.3758089297,3682435.7823447064,552365.3673517057
High permeability,45.400000000000006,3876602.9899518685,147525.73598783003,638209.9696814887,214264.29433025522,90855.74211539909,214264.29433025522,1202207.76392056,560324.6604522235,3693642.16379246,554046.3245688687
High permeability,45.5,3873488.719054136,147625.25754546738,638133.3821646628,214241.36028944363,90844.47091933998,214241.36028944363,1205432.8275719893,560335.1319637133,3704848.7628906374,555727.3144335953
High permeability,45.6,3870374.9104637285,147724.8971116338,638056.7154781704,214218.3874097697,90832.99871153054,214218.3874097697,1208657.7479363726,560344.7986238659,3716055.5635545854,557408.3345331876
High permeability,45.7,3867261.564963666,147824.65488697452,637979.9692349848,214195.3758776145,90821.32746425248,214195.3758776145,1211882.522459054,560353.6687131486,3727262.5496996497,559089.3824549472
High permeability,45.800000000000004,3864148.683334071,147924.5310722859,637903.1430532756,214172.32587401234,90809.45912472926,214172.32587401234,1215107.1486134827,560361.7503981644,3738469.7054379294,560770.4558156892
High permeability,45.900000000000006,3861036.266354638,148024.52586834625,637826.2365515531,214149.2375796745,90797.3956417437,214149.2375796745,1218331.6238719618,560369.0518495904,3749677.014873992,562451.5522310985
High permeability,46.0,3857924.314802576,148124.63947610036,637749.2493526045,214126.11117086906,90785.1389448202,214126.11117086906,1221555.9457287015,560375.5811489145,3760884.46226615,564132.6693399223
High permeability,46.1,3854812.8294449435,148224.87209704914,637672.1810975382,214102.94680498654,90772.69087430107,214102.94680498654,1224780.111777802,560381.3459730382,3772092.0325719127,565813.8048857866
High permeability,46.2,3851701.8110487997,148325.22393269348,637595.031427463,214079.74463941742,90760.05327052865,214079.74463941742,1228004.1196133627,560386.3539988624,3783299.7107487875,567494.9566123179
High permeability,46.300000000000004,3848591.260381203,148425.69518453433,637517.7999834875,214056.50483155216,90747.22797384525,214056.50483155216,1231227.9668294836,560390.6129032882,3794507.481754283,569176.1222631423
High permeability,46.400000000000006,3845481.1782092126,148526.28605407255,637440.48640672,214033.2275387813,90734.2168245932,214033.2275387813,1234451.651020264,560394.1303632167,3805715.3305459074,570857.2995818858
High permeability,46.5,3842371.565294432,148626.99674323152,637363.090348554,214009.9129077884,90721.02161016324,214009.9129077884,1237675.1698386334,560396.9138175623,3816923.2424927037,572538.4863739053
High permeability,46.6,3839262.42240433,148727.8274534273,637285.6114486207,213986.56109752585,90707.6441830854,213986.56109752585,1240898.5208660092,560398.970993894,3828131.2024640166,574219.6803696023
High permeability,46.7,3836153.750294969,148828.7783870477,637208.0493684205,213963.17224410572,90694.08628090644,213963.17224410572,1244121.7018111697,560400.3091047561,3839339.196219958,575900.8794329934
High permeability,46.800000000000004,3833045.5497203153,148929.84974665273,637130.4037734712,213939.74647944985,90680.3496200421,213939.74647944985,1247344.7104062925,560400.935268088,3850547.209684277,577582.0814526413
High permeability,46.900000000000006,3829937.8214343367,149031.04173480245,637052.6743292913,213916.28393548005,90666.43591690811,213916.28393548005,1250567.5443835547,560400.8566018294,3861755.2287807246,579263.2843171085
High permeability,47.0,3826830.5661910004,149132.35455405692,636974.8607013988,213892.78474411814,90652.34688792021,213892.78474411814,1253790.2014751337,560400.0802239198,3872963.2394330497,580944.4859149572
High permeability,47.1,3823723.7847427563,149233.7884071551,636896.9625584332,213869.24903398554,90638.08423182812,213869.24903398554,1257012.679432568,560398.6131741061,3884171.2277003294,582625.684155049
High permeability,47.2,3820617.4778406997,149335.34349694094,636818.9795713641,213845.67693126877,90623.64963672387,213845.67693126877,1260234.9760195145,560396.4624430032,3895379.1797265066,584306.8769589756
High permeability,47.300000000000004,3817511.646235802,149437.02002629018,636740.9114111364,213822.0685621473,90609.04479233778,213822.0685621473,1263457.0889981478,560393.6350270456,3906587.0816453057,585988.0622467955
High permeability,47.400000000000006,3814406.290671462,149538.8181990045,636662.7577644105,213798.42403615892,90594.27129875528,213798.42403615892,1266679.016228784,560390.1375263365,3917794.9202763974,587669.2380414592
High permeability,47.5,3811301.4118910804,149640.73821888567,636584.5183178467,213774.74346284143,90579.3307560618,213774.74346284143,1269900.7555717407,560385.9765409785,3929002.6824394506,589350.4023659172
High permeability,47.6,3808197.0106380554,149742.78028973538,636506.1927581058,213751.02695173264,90564.22476434277,213751.02695173264,1273122.3048873346,560381.1586710749,3940210.354954138,591031.5532431203
High permeability,47.7,3805093.087655786,149844.94461535537,636427.7807718482,213727.27461237033,90548.95492368362,213727.27461237033,1276343.662035883,560375.6905167284,3951417.9246401275,592712.6886960188
High permeability,47.800000000000004,3801989.64368451,149947.23140007193,636349.2820528023,213703.48654669977,90533.5227913222,213703.48654669977,1279564.8249242369,560369.5784902179,3962625.3786422466,594393.8067963367
High permeability,47.900000000000006,3798886.679467554,150049.64084760915,636270.6962869704,213679.66286499435,90517.9299751117,213679.66286499435,1282785.7914049404,560362.8292229319,3973832.703725929,596074.9055588889
High permeability,48.0,3795784.1957417475,150152.17316286298,636192.0231752214,213655.80366148957,90502.17799114725,213655.80366148957,1286006.5594299657,560355.4489449738,3985039.8873513294,597755.983102699
High permeability,48.1,3792682.1932421434,150254.82855104105,636113.2624224923,213631.90902604064,90486.26833037751,213631.90902604064,1289227.1269785175,560347.4437765413,3996246.9171688794,599437.0375753315
High permeability,48.2,3789580.672703797,150357.60721735095,636034.4137337202,213607.9790485028,90470.20248375119,213607.9790485028,1292447.4920298,560338.8198378318,4007453.78082901,601118.0671243512
High permeability,48.300000000000004,3786479.634861762,150460.5093670002,635955.4768138424,213584.0138187313,90453.98194221694,213584.0138187313,1295667.6525630183,560329.5832490427,4018660.4659821508,602799.0698973222
High permeability,48.400000000000006,3783379.080450433,150563.53520536344,635876.4513695143,213560.01342469617,90437.60818525038,213560.01342469617,1298887.6065696776,560319.7400807234,4029866.960364686,604480.0440547025
High permeability,48.5,3780279.010202671,150666.6849381202,635797.3371108249,213535.9779506289,90421.08267138591,213535.9779506289,1302107.3520640605,560309.2963115578,4041073.25187209,606160.9877808131
High permeability,48.6,3777179.424852194,150769.95877071645,635718.1337452052,213511.90748365223,90404.40687843166,213511.90748365223,1305326.8870400882,560298.2580024976,4052279.328257492,607841.8992386233
High permeability,48.7,3774080.3251276696,150873.3569099137,635638.8409933556,213487.80209630463,90387.58219500474,213487.80209630463,1308546.2095872366,560286.6308288341,4063485.1779416837,609522.7766912521
High permeability,48.800000000000004,3770981.711757767,150976.87956247348,635559.458575976,213463.66186112445,90370.61000972227,213463.66186112445,1311765.3177949816,560274.4204658588,4074690.78934546,611203.6184018186
High permeability,48.900000000000006,3767883.5854711537,151080.5269351573,635479.9862137664,213439.4868506502,90353.49171120138,213439.4868506502,1314984.2097527997,560261.6325888627,4085896.150889615,612884.4226334419
High permeability,49.0,3764785.9469964984,151184.2992347267,635400.423627427,213415.27713742023,90336.22868805919,213415.27713742023,1318202.8835501666,560248.2728731371,4097101.250994942,614565.187649241
High permeability,49.1,3761688.797060893,151288.19666852345,635320.7705424397,213391.0327886109,90318.82229454508,213391.0327886109,1321421.3373130828,560234.3468464981,4108306.078337493,616245.9117506236
High permeability,49.2,3758592.136392684,151392.2194432639,635241.0266793965,213366.7538769135,90301.2739231484,213366.7538769135,1324639.5691274288,560219.8601990443,4119510.6213126825,617926.5931969021
High permeability,49.300000000000004,3755495.9657170977,151496.36776691693,635161.1917686947,213342.44046396238,90283.58489482469,213342.44046396238,1327857.5771549921,560204.8183143758,4130714.8688464244,619607.2303269634
High permeability,49.400000000000006,3752400.2857581424,151600.6418479319,635081.2655445914,213318.09260705067,90265.75650229111,213318.09260705067,1331075.3595874957,560189.2264551847,4141918.810073874,621287.8215110808
High permeability,49.5,3749305.0972398287,151705.04189475824,635001.247741344,213293.71036347168,90247.79003826485,213293.71036347168,1334292.914616662,560173.0898841632,4153122.434130187,622968.3651195277
High permeability,49.6,3746210.400886165,151809.56811584532,634921.1380932101,213269.29379051866,90229.6867954631,213269.29379051866,1337510.2404342147,560156.4138640034,4164325.7301505203,624648.8595225777
High permeability,49.7,3743116.1974209696,151914.22071976532,634840.936335242,213244.84294456668,90211.44806028152,213244.84294456668,1340727.3352385114,560139.2036305601,4175528.687316443,626329.3030974661
High permeability,49.800000000000004,3740022.4875669284,152018.9999156652,634760.6422063975,213220.35787751136,90193.07508963288,213220.35787751136,1343944.1972591013,560121.4642937531,4186731.2950275033,628009.6942541251
High permeability,49.900000000000006,3736929.2720475104,152123.90591207813,634680.2554415511,213195.83864594484,90174.5691743656,213195.83864594484,1347160.8246901995,560103.2011067295,4197933.542435824,629690.0313653733
High permeability,50.0,3733836.5515835914,152228.9389192629,634599.7757865819,213171.28529372916,90155.93151736999,213171.28529372916,1350377.215818299,560084.4189494168,4209135.419338979,631370.3129008465
High permeability,50.1,3730744.3268960468,152334.09914747838,634519.2029873693,213146.69786472636,90137.16332153631,213146.69786472636,1353593.3689298928,560065.122701743,4220336.915534543,633050.5373301811
High permeability,50.2,3727652.598705752,152439.38680698338,634438.5367897921,213122.07640279847,90118.26578975486,213122.07640279847,1356809.282311474,560045.3172436358,4231538.02082009,634730.7031230131
High permeability,50.300000000000004,3724561.3677335824,152544.80210803673,634357.7769397298,213097.4209518075,90099.24012491593,213097.4209518075,1360024.9542495357,560025.007455023,4242738.7249931935,636410.8087489787
High permeability,50.400000000000006,3721470.634699636,152650.3452619079,634276.9231884334,213072.73154923276,90080.08748316232,213072.73154923276,1363240.3830791072,560004.1980190212,4253939.018191362,638090.852728704
High permeability,50.5,3718380.400324784,152756.01647823982,634195.9752788732,213048.008242461,90060.80909584394,213048.008242461,1366455.5670576093,559982.8939340267,4265138.890008048,639770.833501207
High permeability,50.6,3715290.6653287816,152861.8159682942,634114.9329619905,213023.2510692893,90041.40612433727,213023.2510692893,1369670.5045151727,559961.0999039141,4276338.330545675,641450.749581851
High permeability,50.7,3712201.4304305864,152967.74394449062,634033.7959947209,212998.4600603625,90021.87967727933,212998.4600603625,1372885.1938366226,559938.820410735,4287537.330289762,643130.5995434639
High permeability,50.800000000000004,3709112.6963491547,153073.80061924868,633952.5641340001,212973.6352463253,90002.23086330715,212973.6352463253,1376099.6334067846,559916.0599365411,4298735.879725829,644810.3819588741
High permeability,50.900000000000006,3706024.4638034436,153179.98620498797,633871.2371367635,212948.77665782254,89982.4607910578,212948.77665782254,1379313.821610484,559892.8229633843,4309933.969339398,646490.0954009093
High permeability,51.0,3702936.7335124114,153286.30091412814,633789.8147599469,212923.88432549898,89962.57056916831,212923.88432549898,1382527.756832546,559869.1139733164,4321131.589615988,648169.7384423979
High permeability,51.1,3699849.506195014,153392.7449590887,633708.296760486,212898.95827999935,89942.56130627572,212898.95827999935,1385741.4374577967,559844.9374483891,4332328.731041122,649849.309656168
High permeability,51.2,3696762.782570162,153499.3185535971,633626.6829006182,212873.99854535877,89922.43405941698,212873.99854535877,1388954.8619240157,559820.2976552509,4343525.384471786,651528.8076707677
High permeability,51.300000000000004,3693676.5633561877,153606.02190954392,633544.9729354093,212849.00515462083,89902.18995963014,212849.00515462083,1392168.0285937237,559795.1991678867,4354721.540235989,653208.2310353981
High permeability,51.400000000000006,3690590.849271572,153712.85524090275,633463.1666279762,212823.97813069506,89881.83005787608,212823.97813069506,1395380.935911452,559769.6462265692,4365917.189237132,654887.5783855696
High permeability,51.5,3687505.641034858,153819.81876256596,633381.2637450832,212798.91749192483,89861.35536897328,212798.91749192483,1398593.5823587324,559743.6429209271,4377112.322638286,656566.8483957427
High permeability,51.6,3684420.939364586,153926.91268942598,633299.2640534946,212773.82325665353,89840.7669077402,212773.82325665353,1401805.966417097,559717.1933405898,4388306.931602525,658246.0397403785
High permeability,51.7,3681336.744979299,154034.1372363752,633217.1673199744,212748.6954432245,89820.06568899534,212748.6954432245,1405018.086568078,559690.3015751862,4399501.007292917,659925.1510939373
High permeability,51.800000000000004,3678253.0585975386,154141.49261830593,633134.973311287,212723.53406998113,89799.25272755718,212723.53406998113,1408229.9412932072,559662.9717143456,4410694.540872534,661604.1811308799
High permeability,51.900000000000006,3675169.8809378473,154248.9790501106,633052.6817941967,212698.3391552668,89778.32903824418,212698.3391552668,1411441.5290740165,559635.207847697,4421887.523504447,663283.1285256668
High permeability,52.0,3672087.212719599,154356.59674823613,632970.2925403037,212673.11071103418,89757.29558261979,212673.11071103418,1414652.848446015,559607.0138442966,4433079.946731245,664961.9920096864
High permeability,52.1,3669005.0546602593,154464.34592679964,632887.8053141723,212647.84875860214,89736.15340381437,212647.84875860214,1417863.8978627233,559578.3939097695,4444271.8015177185,666640.7702276574
High permeability,52.2,3665923.407479011,154572.2268026135,632805.2198884622,212622.55330849835,89714.9034536413,212622.55330849835,1421074.6758699585,559549.3518721797,4455463.079477948,668319.4619216919
High permeability,52.300000000000004,3662842.271895469,154680.2395931756,632722.5360379267,212597.2243684717,89693.54666040775,212597.2243684717,1424285.1810372963,559519.8914623723,4466653.772393179,669998.0658589766
High permeability,52.400000000000006,3659761.648629248,154788.38451598393,632639.753537319,212571.86194627106,89672.08395242094,212571.86194627106,1427495.411934312,559490.0164111926,4477843.872044654,671676.5808066978
High permeability,52.5,3656681.5383999646,154896.66178853638,632556.8721613924,212546.4660496453,89650.51625798806,212546.4660496453,1430705.3671305813,559459.7304494857,4489033.370213617,673355.0055320421
High permeability,52.6,3653601.941927232,155005.07162833092,632473.8916848998,212521.0366863433,89628.84450541629,212521.0366863433,1433915.04519568,559429.037308097,4500222.258681311,675033.3388021964
High permeability,52.7,3650522.8599306666,155113.6142528655,632390.8118825946,212495.5738641139,89607.06962301284,212495.5738641139,1437124.4446991836,559397.9407178714,4511410.5292289825,676711.5793843471
High permeability,52.800000000000004,3647444.2931316467,155222.28988144474,632307.632533545,212470.07758458427,89585.19248477063,212470.07758458427,1440333.5642650246,559366.4441862295,4522598.174021191,678389.7261031783
High permeability,52.900000000000006,3644366.242248109,155331.09873054628,632224.3534102336,212444.5478587941,89563.21405150992,212444.5478587941,1443542.4024309246,559334.5515767919,4533785.184612946,680067.7776919416
High permeability,53.0,3641288.7080015587,155440.04101995405,632140.9742927991,212418.98468682077,89541.13518507098,212418.98468682077,1446750.9578333218,559302.2663466944,4544971.553256025,681745.7329884034
High permeability,53.1,3638211.691113972,155549.1169698917,632057.4949624111,212393.38806727115,89518.95673403873,212393.38806727115,1449959.229121878,559269.5918986176,4556157.272295547,683423.5908443318
High permeability,53.2,3635135.192307327,155658.3268005828,631973.915200239,212367.75799875217,89496.6795469982,212367.75799875217,1453167.2149462549,559236.5316352412,4567342.334076628,685101.350111494
High permeability,53.300000000000004,3632059.2123036,155767.6707322509,631890.2347874523,212342.0944798708,89474.30447253434,212342.0944798708,1456374.9139561139,559203.088959246,4578526.730944387,686779.0096416577
High permeability,53.400000000000006,3628983.751824768,155877.14898511957,631806.4535052205,212316.39750923394,89451.83235923211,212316.39750923394,1459582.3248011167,559169.2672733119,4589710.4552439395,688456.5682865906
High permeability,53.5,3625908.8115928085,155986.7617794124,631722.5711347131,212290.6670854485,89429.2640556765,212290.6670854485,1462789.4461309249,559135.0699801191,4600893.499320404,690134.0248980602
High permeability,53.6,3622834.3923324384,156096.509337424,631638.5874608577,212264.90320129224,89406.60035554231,212264.90320129224,1465996.2766494406,559100.5002578094,4612075.855902778,691811.3783854163
High permeability,53.7,3619760.494763254,156206.39187811385,631554.5022626579,212239.10585880224,89383.84214280054,212239.10585880224,1469202.8149720563,559065.5616530763,4623257.517091774,693488.6275637659
High permeability,53.800000000000004,3616687.119610447,156316.409624353,631470.3153260192,212213.27504920177,89360.99019761974,212213.27504920177,1472409.0598162836,559030.2572887645,4634438.475711804,695165.7713567703
High permeability,53.900000000000006,3613614.2675994746,156426.56279920033,631386.0264371819,212187.41076319167,89338.04529516405,212187.41076319167,1475615.009904559,558994.5902672771,4645618.724622184,696842.8086933274
High permeability,54.0,3610541.9394557946,156536.85162571468,631301.6353823865,212161.51299147276,89315.00821059759,212161.51299147276,1478820.6639593195,558958.5636910175,4656798.256682229,698519.7385023341
High permeability,54.1,3607470.1359048653,156647.27632695498,631217.141947873,212135.58172474586,89291.8797190845,212135.58172474586,1482026.0207030026,558922.1806623888,4667977.064751257,700196.5597126883
High permeability,54.2,3604398.8576721437,156757.8371259801,631132.5459198821,212109.61695371172,89268.66059578893,212109.61695371172,1485231.0788580445,558885.4442837944,4679155.141688583,701873.2712532873
High permeability,54.300000000000004,3601328.105483202,156868.53424591568,631047.8470847426,212083.6186689156,89245.35161429644,212083.6186689156,1488435.8371484142,558848.3576512209,4690332.480364433,703549.8720546645
High permeability,54.400000000000006,3598257.8800669136,156979.3679119696,630963.0452316104,212057.58685599387,89221.9534993573,212057.58685599387,1491640.2943456958,558810.9236619462,4701509.073987404,705226.3610981103
High permeability,54.5,3595188.1821459327,157090.33834589322,630878.1401450456,212031.52150863505,89198.46705864524,212031.52150863505,1494844.4491413122,558773.145550228,4712684.915194306,706902.7372791455
High permeability,54.6,3592119.012450173,157201.44577368157,630793.1316152073,212005.42261068503,89174.89299974692,212005.42261068503,1498048.3003237587,558735.0261436084,4723859.99731319,708578.9995969782
High permeability,54.7,3589050.3717095475,157312.69042132958,630708.0194322547,211979.2901459896,89151.23203024904,211979.2901459896,1501251.84668153,558696.5682696301,4735034.31367211,710255.1470508162
High permeability,54.800000000000004,3585982.2606539703,157424.07251483222,630622.803386347,211953.12409839468,89127.4848577383,211953.12409839468,1504455.0870031207,558657.7747558355,4746207.85759912,711931.1786398677
High permeability,54.900000000000006,3582914.6800133544,157535.59228018447,630537.4832676434,211926.9244517461,89103.65218980136,211926.9244517461,1507658.0200770258,558618.648429767,4757380.6224222705,713607.0933633402
High permeability,55.0,3579847.6305176136,157647.24994338123,630452.058866303,211900.69118988977,89079.73473402495,211900.69118988977,1510860.6446917395,558579.192118967,4768552.6014696155,715282.8902204421
High permeability,55.1,3576781.1128972806,157759.04573073983,630366.5299727961,211874.4242960379,89055.73319121751,211874.4242960379,1514062.9596422387,558539.408623534,4779723.788115613,716958.5682173417
High permeability,55.2,3573715.12788522,157870.97986993202,630280.8963789453,211848.12375069654,89031.64823418211,211848.12375069654,1517264.963750527,558499.3006300449,4790894.175927429,718634.126389114
High permeability,55.300000000000004,3570649.6762092565,157983.05258616622,630195.1578741887,211821.7895392189,89007.48058851797,211821.7895392189,1520466.655788389,558458.8710388703,4802063.758111673,720309.5637167506
High permeability,55.400000000000006,3567584.7586046113,158095.26410846668,630109.3142516174,211795.42163948977,88983.23089964839,211795.42163948977,1523668.0346042041,558418.122425869,4813232.528423514,721984.8792635268
High permeability,55.5,3564520.375806506,158207.61466585766,630023.3653043224,211769.0200293938,88958.89981299663,211769.0200293938,1526869.099046352,558377.0573668996,4824400.480618119,723660.0720927175
High permeability,55.6,3561456.5285501615,158320.10448736348,629937.3108253946,211742.5846868158,88934.48797398598,211742.5846868158,1530069.8479632132,558335.6784378203,4835567.6084506605,725335.1412675987
High permeability,55.7,3558393.217570799,158432.73380200838,629851.150607925,211716.1155896404,88909.9960280397,211716.1155896404,1533270.2802031667,558293.9882144899,4846733.905676304,727010.0858514452
High permeability,55.800000000000004,3555330.4436036404,158545.5028388167,629764.8844450047,211689.6127157524,88885.42462058109,211689.6127157524,1536470.3946145924,558251.989272767,4857899.36605022,728684.9049075326
High permeability,55.900000000000006,3552268.20738512,158658.4118273906,629678.5121301111,211663.07604207218,88860.77438619616,211663.07604207218,1539670.1900560712,558209.6841447694,4869063.983401087,730359.5975101626
High permeability,56.0,3549206.5096527184,158771.4609979774,629592.0334571846,211636.50554441192,88836.04594793494,211636.50554441192,1542869.6653973209,558167.0753159926,4880227.751636857,732034.162745528
High permeability,56.1,3546145.351140521,158884.65057933083,629505.448219158,211609.901201085,88811.23995760796,211609.901201085,1546068.8194811987,558124.1653881308,4891390.664471027,733708.5996706537
High permeability,56.2,3543084.7325898046,158997.9808035913,629418.7562112077,211583.26298477483,88786.35700348724,211583.26298477483,1549267.6512102962,558080.9567065059,4902552.716047766,735382.9074071643
High permeability,56.300000000000004,3540024.654741846,159111.45190289916,629331.9572285101,211556.59086816467,88761.39767384477,211556.59086816467,1552466.159487205,558037.4516164394,4913713.900511237,737057.0850766851
High permeability,56.400000000000006,3536965.1183379223,159225.06410939485,629245.0510662411,211529.8848239379,88736.36255695253,211529.8848239379,1555664.3432145168,557993.6524632528,4924874.212005607,738731.1318008406
High permeability,56.5,3533906.12411931,159338.8176552188,629158.0375195772,211503.14482477782,88711.25224108252,211503.14482477782,1558862.2012948229,557949.561592268,4936033.644675043,740405.0467012561
High permeability,56.6,3530847.6728272866,159452.71277251138,629070.9163836947,211476.3708433678,88686.06731450671,211476.3708433678,1562059.732630715,557905.1813488061,4947192.192663713,742078.8288995567
High permeability,56.7,3527789.7652049996,159566.74969424657,628983.687454124,211449.56285120329,88660.80835153552,211449.56285120329,1565256.9361377084,557860.5140219715,4958349.8502096115,743752.4775314411
High permeability,56.800000000000004,3524732.401995147,159680.92865335557,628896.3505263982,211422.72081982007,88635.47592782213,211422.72081982007,1568453.810730383,557815.5619062871,4969506.611542767,745425.9917314146
High permeability,56.900000000000006,3521675.583938987,159795.24988221514,628808.9053958047,211395.84472155405,88610.07062881954,211395.84472155405,1571650.3553144056,557770.3273359024,4980662.470827756,747099.370624163
High permeability,57.0,3518619.3117845105,159909.7136161631,628721.351858878,211368.93452453267,88584.59299028492,211368.93452453267,1574846.5688413645,557724.812444907,4991817.422562823,748772.6133844228
High permeability,57.1,3515563.586279709,160024.3200905373,628633.6897121532,211341.99019688333,88559.04354797541,211341.99019688333,1578042.45026285,557679.019367391,5002971.46124621,750445.7191869309
High permeability,57.2,3512508.4081725734,160139.06954067573,628545.9187521646,211315.01170673355,88533.42283764819,211315.01170673355,1581237.9985304507,557632.9502374439,5014124.581376162,752118.6872064238
High permeability,57.300000000000004,3509453.7782110963,160253.96220191618,628458.0387754469,211287.99902221072,88507.73139506041,211287.99902221072,1584433.2125957562,557586.6071891555,5025276.777450923,753791.516617638
High permeability,57.400000000000006,3506399.697143269,160368.99830959656,628370.0495785349,211260.9521114423,88481.96975596924,211260.9521114423,1587628.0914103554,557539.9923566157,5036428.043968737,755464.20659531
High permeability,57.5,3503346.165721586,160484.17810090168,628281.9509584189,211233.87094025337,88456.13842780379,211233.87094025337,1590822.6339515087,557493.107759977,5047578.3756161975,757136.7563424292
High permeability,57.6,3500293.1846932853,160599.50181101254,628193.7427116545,211206.75547690687,88430.2379488372,211206.75547690687,1594016.839168887,557445.9555434673,5058727.766876062,758809.1650314088
High permeability,57.7,3497240.7548041353,160714.9696746561,628105.4246345662,211179.6056903516,88404.2688661486,211179.6056903516,1597210.7060043688,557398.5378870621,5069876.212172905,760481.4318259353
High permeability,57.800000000000004,3494188.8768103654,160830.58193084176,628016.9965244853,211152.4215442468,88378.23166157785,211152.4215442468,1600404.2334588955,557350.8567084188,5081023.7063648,762153.5559547195
High permeability,57.900000000000006,3491137.5514682042,160946.3388185789,627928.4581787431,211125.20300225186,88352.1268169648,211125.20300225186,1603597.4205334068,557302.913925195,5092170.244309819,763825.5366464723
High permeability,58.0,3488086.7795338817,161062.24057687685,627839.8093946711,211097.95002802595,88325.95481414929,211097.95002802595,1606790.2662288428,557254.7114550484,5103315.820866033,765497.3731299045
High permeability,58.1,3485036.5617636265,161178.28744474502,627751.0499696004,211070.66258522842,88299.71613497117,211070.66258522842,1609982.7695461444,557206.2512156366,5114460.430891518,767169.0646337271
High permeability,58.2,3481986.8989136675,161294.47966119274,627662.1797008626,211043.34063751853,88273.41126127027,211043.34063751853,1613174.9294862517,557157.535124617,5125604.069244343,768840.6103866509
High permeability,58.300000000000004,3478937.791740235,161410.81746522945,627573.198385789,211015.98414855555,88247.04067488649,211015.98414855555,1616366.7450501048,557108.5650996475,5136746.7307825815,770512.0096173867
High permeability,58.400000000000006,3475889.2409995575,161527.30109586444,627484.1058217107,210988.59308199878,88220.60485765962,210988.59308199878,1619558.215238644,557059.3430583854,5147888.4103643065,772183.2615546455
High permeability,58.5,3472841.2474576845,161643.93079606627,627394.9018060667,210961.16739744088,88194.10423958796,210961.16739744088,1622749.339098791,557009.8707102286,5159029.103188592,773854.3654782883
High permeability,58.6,3469793.81186247,161760.70680189095,627305.5861360972,210933.70706158574,88167.53934283002,210933.70706158574,1625940.1155965878,556960.1501352437,5170168.803850924,775525.320577638
High permeability,58.7,3466746.934977035,161877.6293553551,627216.1586092091,210906.21203500964,88140.91061068555,210906.21203500964,1629130.5437676318,556910.1830967349,5181307.507464116,777196.1261196169
High permeability,58.800000000000004,3463700.6175671862,161994.69869952992,627126.6190228392,210878.68227720476,88114.21847253053,210878.68227720476,1632320.6226598101,556859.971302056,5192445.209232384,778866.7813848571
High permeability,58.900000000000006,3460654.860398731,162111.91507748657,627036.9671744239,210851.11774766343,88087.46335774093,210851.11774766343,1635510.3513210115,556809.5164585605,5203581.904359942,780537.2856539908
High permeability,59.0,3457609.6642374774,162229.2787322962,626947.2028613999,210823.51840587784,88060.64569569268,210823.51840587784,1638699.728799123,556758.8202736019,5214717.588051002,782207.6382076498
High permeability,59.1,3454565.0298492312,162346.78990702998,626857.3258812036,210795.88421134028,88033.7659157618,210795.88421134028,1641888.7541420336,556707.8844545339,5225852.25550978,783877.8383264665
High permeability,59.2,3451520.957999801,162464.4488447591,626767.3360312718,210768.21512354296,88006.82444732421,210768.21512354296,1645077.426397631,556656.7107087102,5236985.901940489,785547.8852910729
High permeability,59.300000000000004,3448477.449454993,162582.25578855476,626677.233109041,210740.51110197816,87979.8217197559,210740.51110197816,1648265.744613803,556605.3007434843,5248118.522547344,787217.778382101
High permeability,59.400000000000006,3445434.5049844673,162700.21098296557,626587.016911749,210712.77210485926,87952.75814551303,210712.77210485926,1651453.7078529825,556553.6561982066,5259250.112644273,788887.5168966404
High permeability,59.5,3442392.1253579003,162818.31467277903,626496.6872365675,210684.99809022734,87925.63413534807,210684.99809022734,1654641.3151795277,556501.7787056332,5270380.667557636,790557.100133645
High permeability,59.6,3439350.3113366636,162936.5670996786,626406.2438811127,210657.18901878258,87898.45013543307,210657.18901878258,1657828.5656275789,556449.6700411903,5281510.182384645,792226.5273576961
High permeability,59.7,3436309.063696801,163054.96851089856,626315.6866422791,210629.34484639612,87871.20652787667,210629.34484639612,1661015.4582862176,556397.331722814,5292638.65263748,793895.7978956215
High permeability,59.800000000000004,3433268.3832143564,163173.51915367335,626225.0153169612,210601.4655289392,87843.9036947875,210601.4655289392,1664201.9922445263,556344.7652684398,5303766.073828328,795564.9110742487
High permeability,59.900000000000006,3430228.270665373,163292.21927523732,626134.2297020535,210573.55102228303,87816.5420182742,210573.55102228303,1667388.166591587,556291.9721960037,5314892.441469373,797233.8662204054
High permeability,60.0,3427188.726825895,163411.0691228248,626043.3295944502,210545.6012822988,87789.1218804454,210545.6012822988,1670573.9804164816,556238.9540234413,5326017.7510728,798902.6626609195
High permeability,60.1,3424149.752471965,163530.06894367017,625952.314791046,210517.6162648577,87761.64366340973,210517.6162648577,1673759.4328082926,556185.7122686886,5337141.998150794,800571.2997226185
High permeability,60.2,3421111.3483796273,163649.2189850078,625861.1850887351,210489.59592583097,87734.10774927583,210489.59592583097,1676944.5228561019,556132.2484496812,5348265.178215539,802239.7767323303
High permeability,60.300000000000004,3418073.5153249255,163768.51949407207,625769.940284412,210461.54022108976,87706.51452015234,210461.54022108976,1680129.2496489915,556078.5640843551,5359387.28677922,803908.0930168825
High permeability,60.400000000000006,3415036.2540936302,163887.97072177732,625678.5801740127,210433.44910378385,87678.8643214142,210433.44910378385,1683313.6123067301,556024.6605428752,5370508.319589236,805576.2479383849
High permeability,60.5,3411999.565454799,164007.5729130898,625587.1045549621,210405.32253152193,87651.15755918923,210405.32253152193,1686497.6098990985,555970.5394403549,5381628.272006145,807244.2408009212
High permeability,60.6,3408963.4501900487,164127.32631756598,625495.5132235624,210377.16045844546,87623.39459259817,210377.16045844546,1689681.241534916,555916.2022028218,5392747.13969069,808912.070953603
High permeability,60.7,3405927.909086241,164247.2311866986,625403.8059756239,210348.96283725134,87595.57576119482,210348.96283725134,1692864.5063392597,555861.650177547,5403864.918428641,810579.7377642958
High permeability,60.800000000000004,3402892.942930237,164367.28777198034,625311.982606957,210320.7296206365,87567.70140453306,210320.7296206365,1696047.4034372075,555806.8847118013,5414981.604005767,812247.2406008646
High permeability,60.900000000000006,3399858.5525088976,164487.496324904,625220.042913372,210292.46076129787,87539.77186216672,210292.46076129787,1699229.9319538367,555751.9071528559,5426097.1922078375,813914.5788311751
High permeability,61.0,3396824.7386090844,164607.85709696225,625127.9866906793,210264.1562119323,87511.78747364962,210264.1562119323,1702412.091014225,555696.7188479815,5437211.67882062,815581.7518230926
High permeability,61.1,3393791.5020176587,164728.3703396479,625035.8137346891,210235.8159252368,87483.7485785356,210235.8159252368,1705593.8797434506,555641.3211444493,5448325.059629887,817248.7589444827
High permeability,61.2,3390758.8435214814,164849.03630445362,624943.523841212,210207.4398539082,87455.6555163785,210207.4398539082,1708775.2972665904,555585.7153895302,5459437.330421407,818915.5995632106
High permeability,61.300000000000004,3387726.763909896,164969.85524377585,624851.116805738,210179.02795006012,87427.5086187492,210179.02795006012,1711956.3427151276,555529.9028982935,5470548.487031224,820582.2730546832
High permeability,61.400000000000006,3384695.2639779374,165090.82741228305,624758.5924229008,210150.58016438998,87399.30819796602,210150.58016438998,1715137.0152363763,555473.884908417,5481658.5254177395,822248.7788126605
High permeability,61.5,3381664.3445042474,165211.95305877982,624665.9504894281,210122.09645136597,87371.05461803141,210122.09645136597,1718317.313936498,555417.6628664318,5492767.441214624,823915.1161821932
High permeability,61.6,3378634.006287023,165333.2324391085,624573.1907995897,210093.57676087567,87342.74818021421,210093.57676087567,1721497.2379718681,555361.2379657902,5503875.2304502465,825581.2845675366
High permeability,61.7,3375604.2501244633,165454.66580911147,624480.3131476558,210065.02104280665,87314.38918578331,210065.02104280665,1724676.7864988619,555304.6113999449,5514981.889152974,827247.2833729456
High permeability,61.800000000000004,3372575.076814766,165576.2534246311,624387.3173278962,210036.42924704653,87285.97793600756,210036.42924704653,1727855.9586738544,555247.7843623481,5526087.413351174,828913.1120026757
High permeability,61.900000000000006,3369546.4871561294,165697.99554150976,624294.2031345812,210007.8013234829,87257.51473215586,210007.8013234829,1731034.7536532213,555190.7580464523,5537191.799073214,830578.7698609817
High permeability,62.0,3366518.4819467524,165819.89241558977,624200.9703619807,209979.13722200337,87228.99987549706,209979.13722200337,1734213.1705933374,555133.5336457101,5548295.042347461,832244.2563521187
High permeability,62.1,3363491.061984832,165941.9443027136,624107.6188043648,209950.43689249552,87200.43366730004,209950.43689249552,1737391.2086505783,555076.1123535737,5559397.139202283,833909.570880342
High permeability,62.2,3360464.2280685673,166064.1514587235,624014.1482560034,209921.70028484697,87171.81640883366,209921.70028484697,1740568.8669813194,555018.4953634957,5570498.085666048,835574.7128499068
High permeability,62.300000000000004,3357437.9810052235,166186.51414274986,623920.5585097298,209892.9273470943,87143.14837602725,209892.9273470943,1743746.1447614955,554960.6837664295,5581597.877924276,837239.681688641
High permeability,62.400000000000006,3354412.321588236,166309.03260924542,623826.8493603392,209864.11802998933,87114.4298819525,209864.11802998933,1746923.0411390534,554902.6788041195,5592696.511934027,838904.4767901037
High permeability,62.5,3351387.250619292,166431.70711553958,623733.0206014425,209835.27228259185,87085.66121650829,209835.27228259185,1750099.555279736,554844.4816246405,5603793.983795706,840569.0975693556
High permeability,62.6,3348362.768908395,166554.53792191236,623639.0720253838,209806.39005227774,87056.84264654407,209806.39005227774,1753275.6863669702,554786.0932827666,5614890.289752349,842233.543462852
High permeability,62.7,3345338.877265549,166677.52528864378,623545.0034245073,209777.47128642283,87027.97443890925,209777.47128642283,1756451.4335841825,554727.514833272,5625985.426046987,843897.8139070477
High permeability,62.800000000000004,3342315.5765007576,166800.66947601392,623450.814591157,209748.51593240298,86999.05686045325,209748.51593240298,1759626.7961148,554668.7473309303,5637079.388922654,845561.9083383977
High permeability,62.900000000000006,3339292.867424025,166923.9707443028,623356.505317677,209719.52393759403,86970.09017802551,209719.52393759403,1762801.7731422489,554609.7918305158,5648172.174622384,847225.8261933571
High permeability,63.0,3336270.750845356,167047.42935379045,623262.0753964117,209690.49524937183,86941.07465847544,209690.49524937183,1765976.3638499558,554550.6493868025,5659263.779389207,848889.5669083807
High permeability,63.1,3333249.227574753,167171.04556475687,623167.5246197048,209661.42981511226,86912.01056865246,209661.42981511226,1769150.5674213478,554491.3210545641,5670354.1994661605,850553.1299199237
High permeability,63.2,3330228.298422857,167294.8196377064,623072.8527797896,209632.32758207797,86882.89817387426,209632.32758207797,1772324.3830409714,554431.807882349,5681443.431105584,852216.5146658372
High permeability,63.300000000000004,3327207.964213075,167418.75183781766,622978.0596665285,209603.1884952278,86853.73770817487,209603.1884952278,1775497.8099165643,554372.1107917912,5692531.470750831,853879.7206126242
High permeability,63.400000000000006,3324188.225742652,167542.8424211791,622883.1450742804,209574.01250411436,86824.52946762012,209574.01250411436,1778670.8472109037,554312.230957059,5703618.314469301,855542.7471703948
High permeability,63.5,3321169.083833826,167667.09165259378,622788.1087931364,209544.79955384377,86795.27368813673,209544.79955384377,1781843.4941306282,554252.1693078596,5714703.958693505,857205.5938040253
High permeability,63.6,3318150.5393088325,167791.49979686475,622692.950613187,209515.54958952218,86765.97060565141,209515.54958952218,1785015.7498823775,554191.9267739006,5725788.399855957,858868.2599783932
High permeability,63.7,3315132.59298991,167916.06711879504,622597.6703245232,209486.26255625568,86736.62045609088,209486.26255625568,1788187.6136727908,554131.5042848891,5736871.63438917,860530.7451583751
High permeability,63.800000000000004,3312115.245699296,168040.79388318773,622502.2677172358,209456.93839915041,86707.22347538185,209456.93839915041,1791359.084708507,554070.9027705325,5747953.658725655,862193.0488088478
High permeability,63.900000000000006,3309098.498259226,168165.6803548458,622406.7425814156,209427.57706331252,86677.77989945104,209427.57706331252,1794530.1621961654,554010.1231605381,5759034.469297923,863855.170394688
High permeability,64.0,3306082.351491939,168290.72679857232,622311.0947071535,209398.17849384813,86648.28996422517,209398.17849384813,1797700.845342405,553949.1663846134,5770114.062538487,865517.1093807727
High permeability,64.10000000000001,3303066.806219671,168415.93347917037,622215.3238845402,209368.74263586334,86618.75390563095,209368.74263586334,1800871.1333538652,553888.0333724655,5781192.434879862,867178.8652319788
High permeability,64.2,3300051.8632726544,168541.30066426407,622119.4299021144,209339.2694331954,86589.17194278342,209339.2694331954,1804041.0254488229,553826.7249851513,5792269.582854725,868840.4374282084
High permeability,64.3,3297037.5234713336,168666.82861833385,622023.4125500524,209309.75883118765,86559.54431440782,209309.75883118765,1807210.5208325891,553765.2421642949,5803345.50288061,870501.825432091
High permeability,64.4,3294023.7876386717,168792.51760667338,621927.2716181437,209280.21077475682,86529.87125355907,209280.21077475682,1810379.618714439,553703.5858284967,5814420.191408851,872163.0287113272
High permeability,64.5,3291010.656609535,168918.3678986918,621831.0068939466,209250.62520693557,86500.152968402,209250.62520693557,1813548.3183207512,553641.7567946388,5825493.64503872,873824.0467558076
High permeability,64.60000000000001,3287998.1312187864,169044.37976379818,621734.6181650192,209221.0020707565,86470.3896671014,209221.0020707565,1816716.618877907,553579.7558796034,5836565.860369493,875484.8790554235
High permeability,64.7,3284986.2123012906,169170.55347140162,621638.1052189199,209191.3413092523,86440.581557822,209191.3413092523,1819884.5196122855,553517.583900273,5847636.83400044,877145.5251000656
High permeability,64.8,3281974.900691912,169296.8892909113,621541.467843207,209161.64286545565,86410.72884872864,209161.64286545565,1823052.0197502673,553455.2416735296,5858706.562530837,878805.9843796251
High permeability,64.9,3278964.1972255143,169423.38749173627,621444.7058254385,209131.90668239916,86380.83174798609,209131.90668239916,1826219.1185182324,553392.7300162554,5869775.042559957,880466.2563839931
High permeability,65.0,3275954.1027369625,169550.04834328569,621347.8189531728,209102.1327031155,86350.8904637591,209102.1327031155,1829385.8151425605,553330.0497453328,5880842.270687071,882126.3406030601
High permeability,65.10000000000001,3272944.6180611206,169676.87211496866,621250.807013968,209072.32087063728,86320.90520421251,209072.32087063728,1832552.108849632,553267.2016776439,5891908.243511454,883786.2365267177
High permeability,65.2,3269935.744058884,169803.85908504075,621153.6697902736,209042.47112425943,86290.87612984685,209042.47112425943,1835717.9988963064,553204.1864339733,5902972.957908896,885445.943686334
High permeability,65.3,3266927.4815341854,169931.00951284586,621056.4070753467,209012.5834113813,86260.80350368324,209012.5834113813,1838883.4844749742,553141.0050577065,5914036.410163508,887105.4615245258
High permeability,65.4,3263919.831333668,170058.32367210707,620959.0186541653,208982.6576733015,86230.68751129003,208982.6576733015,1842048.5648271458,553077.658273447,5925098.597007423,888764.789551113
High permeability,65.5,3260912.7943070047,170185.80183756468,620861.5043111228,208952.6938508864,86200.52833274493,208952.6938508864,1845213.2391978118,553014.1467831917,5936159.515204536,890423.9272806799
High permeability,65.60000000000001,3257906.371303865,170313.44428395914,620763.8638306124,208922.6918850023,86170.32614812562,208922.6918850023,1848377.5068319652,552950.471288938,5947219.161518749,892082.874227812
High permeability,65.7,3254900.5631739213,170441.2512860308,620666.0969970275,208892.65171651554,86140.08113750983,208892.65171651554,1851541.3669745966,552886.6324926829,5958277.532713959,893741.6299070935
High permeability,65.8,3251895.370766843,170569.22311852005,620568.2035947614,208862.5732862924,86109.79348097525,208862.5732862924,1854704.8188706983,552822.6310964237,5969334.625554066,895400.1938331095
High permeability,65.9,3248890.7949323016,170697.36005616732,620470.1834082074,208832.4565351992,86079.46335859956,208832.4565351992,1857867.861765263,552758.4678021576,5980390.436802969,897058.565520445
High permeability,66.0,3245886.836519968,170825.66237371293,620372.0362217586,208802.3014041023,86049.09095046048,208802.3014041023,1861030.494903281,552694.1433118818,5991444.963224566,898716.7444836844
High permeability,66.10000000000001,3242883.496379513,170954.1303458973,620273.7618198086,208772.10783386795,86018.67643663571,208772.10783386795,1864192.7175297453,552629.6583275935,6002498.201582757,900374.7302374131
High permeability,66.2,3239880.7753606075,171082.76424746081,620175.3599867505,208741.87576536255,85988.21999720295,208741.87576536255,1867354.5288896468,552565.0135512898,6013550.148641438,902032.5222962153
High permeability,66.3,3236878.6743172947,171211.56435458397,620076.8305061074,208711.60513888247,85957.72180538383,208711.60513888247,1870515.928231902,552500.2096565147,6024600.8012029,903690.1201804345
High permeability,66.4,3233877.194112745,171340.53094667537,619978.1731594058,208681.29589349267,85927.18201894539,208681.29589349267,1873676.9148149816,552435.2472532138,6035650.156157961,905347.5234236937
High permeability,66.5,3230876.335583269,171469.6642945467,619879.3877332688,208650.94797175837,85896.60083745017,208650.94797175837,1876837.4878738238,552370.127125148,6046698.210164458,907004.7315246682
High permeability,66.60000000000001,3227876.0995940785,171598.96467849266,619780.4740085788,208620.56131250234,85865.9784156985,208620.56131250234,1879997.6466687121,552304.8498701229,6057744.960130069,908661.7440195101
High permeability,66.7,3224876.4870103854,171728.4323788079,619681.4317662186,208590.13585454732,85835.31490849069,208590.13585454732,1883157.3904599282,552239.4160859439,6068790.402962471,910318.5604443703
High permeability,66.8,3221877.498697401,171858.06767578702,619582.2607870707,208559.67153671608,85804.61047062703,208559.67153671608,1886316.7185077555,552173.8263704168,6079834.535569341,911975.1803354007
High permeability,66.9,3218879.1355203367,171987.87084972474,619482.9608520177,208529.16829783135,85773.86525690785,208529.16829783135,1889475.6300724768,552108.0813213469,6090877.354858356,913631.6032287531
High permeability,67.0,3215881.398344405,172117.8421809157,619383.5317419423,208498.6260767159,85743.07942213347,208498.6260767159,1892634.124414374,552042.1815365398,6101918.857737192,915287.8286605784
High permeability,67.10000000000001,3212884.2880348163,172247.98194965455,619283.9732377267,208468.04481219253,85712.25312110418,208468.04481219253,1895792.2007937306,551976.1276138012,6112959.0411135275,916943.8561670287
High permeability,67.2,3209887.805456784,172378.29043623595,619184.2851202539,208437.42444308393,85681.3865086203,208437.42444308393,1898949.8584708283,551909.9201509365,6123997.901895036,918599.6852842551
High permeability,67.3,3206891.9514755188,172508.76792095456,619084.4671704064,208406.76490821288,85650.47973948215,208406.76490821288,1902107.0967059503,551843.5597457511,6135035.436989398,920255.3155484092
High permeability,67.4,3203896.726969736,172639.41468853215,618984.5191662653,208376.06614477639,85619.53295010755,208376.06614477639,1905263.9147686847,551777.0469190875,6146071.643403573,921910.7465105356
High permeability,67.5,3200902.132797993,172770.23101736273,618884.4408898487,208345.32809236232,85588.54630307287,208345.32809236232,1908420.3119162933,551710.3823019731,6157106.518005845,923565.9777008765
High permeability,67.60000000000001,3197908.169826572,172901.21718851023,618784.2321214068,208314.55068965675,85557.51995088125,208314.55068965675,1911576.2874110534,551643.5664832544,6168140.05771862,925221.0086577926
High permeability,67.7,3194914.8389359815,173032.37348767894,618683.8926382505,208283.73387364447,85526.45402696247,208283.73387364447,1914731.8405247314,551576.5999718135,6179172.259566833,926875.8389350247
High permeability,67.8,3191922.1410067277,173163.7002005732,618583.4222176904,208252.87758131025,85495.34866474629,208252.87758131025,1917886.9705290955,551509.4832765326,6190203.120575431,928530.4680863143
High permeability,67.9,3188930.0769193177,173295.19761289735,618482.8206370376,208221.98174963894,85464.20399766245,208221.98174963894,1921041.6766959133,551442.2169062939,6201232.6377693545,930184.8956654029
High permeability,68.0,3185938.6475542597,173426.8660103557,618382.0876736029,208191.0463156153,85433.02015914072,208191.0463156153,1924195.9582969518,551374.8013699794,6212260.808173545,931839.1212260313
High permeability,68.10000000000001,3182947.8537920592,173558.70567865265,618281.2231046971,208160.0712162241,85401.79728261086,208160.0712162241,1927349.814603979,551307.2371764714,6223287.628812945,933493.1443219414
High permeability,68.2,3179957.6965132244,173690.7169034925,618180.2267076311,208129.0563884502,85370.53550150263,208129.0563884502,1930503.2448887618,551239.5248346521,6234313.096712496,935146.964506874
High permeability,68.3,3176968.176598262,173822.89997057954,618079.098259716,208098.00176927834,85339.23494924577,208098.00176927834,1933656.248423068,551171.6648534033,6245337.20889714,936800.5813345707
High permeability,68.4,3173979.294927679,173955.25516561817,617977.8375382624,208066.90729569335,85307.89575927008,208066.90729569335,1936808.8244786658,551103.6577416076,6256359.962391821,938453.9943587728
High permeability,68.5,3170991.0524198976,174087.78278640547,617876.4443127468,208035.77290042167,85276.5180208136,208035.77290042167,1939960.972345691,551035.5038208188,6267381.354448254,940107.2031672378
High permeability,68.60000000000001,3168003.4499093336,174220.48310431317,617774.9183696837,208004.59852557702,85245.1019190658,208004.59852557702,1943112.6912759105,550967.2038203442,6278401.381830153,941760.2072745226
High permeability,68.7,3165016.4882912403,174353.35641029337,617673.2594827734,207973.38410650706,85213.64756971286,207973.38410650706,1946263.9805493369,550898.7581745047,6289420.041655968,943413.006248395
High permeability,68.8,3162030.168463787,174486.40299622822,617571.467425112,207942.12957823358,85182.15508508863,207942.12957823358,1949414.839447349,550830.1673033931,6300437.331061276,945065.5996591911
High permeability,68.9,3159044.4913251433,174619.62315399983,617469.5419697957,207910.83487577832,85150.6245775269,207910.83487577832,1952565.2672513262,550761.431627102,6311453.247181651,946717.9870772475
High permeability,69.0,3156059.457773479,174753.0171754903,617367.4828899205,207879.4999341631,85119.05615936153,207879.4999341631,1955715.263242646,550692.5515657241,6322467.787152667,948370.1680728997
High permeability,69.10000000000001,3153075.068706964,174886.58535258175,617265.2899585825,207848.12468840962,85087.4499429263,207848.12468840962,1958864.8267026877,550623.527539352,6333480.948109899,950022.1422164845
High permeability,69.2,3150091.3250237685,175020.32797715627,617162.9629488778,207816.70907353974,85055.80604055505,207816.70907353974,1962013.9569128293,550554.3599680782,6344492.72718892,951673.9090783376
High permeability,69.3,3147108.2276220615,175154.245341096,617060.5016339027,207785.25302457518,85024.12456458161,207785.25302457518,1965162.6531544495,550485.0492719957,6355503.121525304,953325.4682287953
High permeability,69.4,3144125.777400012,175288.33773628305,616957.905786753,207753.75647653773,84992.40562733976,207753.75647653773,1968310.9147089275,550415.595871197,6366512.12825463,954976.8192381941
High permeability,69.5,3141143.9752557916,175422.6054545995,616855.1751805252,207722.21936444915,84960.64934116336,207722.21936444915,1971458.7408576412,550346.0001857745,6377519.744512467,956627.9616768697
High permeability,69.60000000000001,3138162.822087568,175557.04878792755,616752.3095883151,207690.64162333123,84928.8558183862,207690.64162333123,1974606.1308819696,550276.2626358212,6388525.967434392,958278.8951151586
High permeability,69.7,3135182.318797963,175691.668029559,616649.3087822738,207659.0231877411,84897.0251670561,207659.0231877411,1977753.0840645363,550206.3836229634,6399530.794176368,959929.6191264548
High permeability,69.8,3132202.466318194,175826.46348204362,616546.1725282941,207627.36398923607,84865.15746672878,207627.36398923607,1980899.5996971177,550136.3634266326,6410534.222032442,961580.1333048659
High permeability,69.9,3129223.2655057884,175961.43542498603,616442.9006075042,207595.66396708362,84833.25286749534,207595.66396708362,1984045.677051699,550066.2026306187,6421536.247963177,963230.4371944761
High permeability,70.0,3126244.7172784475,176096.58415707198,616339.4927882147,207563.9230542872,84801.3114620422,207563.9230542872,1987191.315416579,549995.9015711524,6432536.869201136,964880.53038017
High permeability,70.10000000000001,3123266.82255387,176231.90997698728,616235.9488387362,207532.1411838504,84769.33334305578,207532.1411838504,1990336.514080058,549925.4605844644,6443536.082978889,966530.4124468331
High permeability,70.2,3120289.5822497564,176367.41318341772,616132.2685273795,207500.31828877667,84737.31860322249,207500.31828877667,1993481.2723304352,549854.8800067854,6454533.886529002,968180.0829793499
High permeability,70.3,3117312.9972838066,176503.0940750491,616028.4516224553,207468.45430206953,84705.26733522874,207468.45430206953,1996625.5894560101,549784.1601743461,6465530.27708404,969829.5415626058
High permeability,70.4,3114337.06857372,176638.9529505672,615924.4978922742,207436.54915673245,84673.17963176094,207436.54915673245,1999769.4647450834,549713.3014233771,6476525.251876575,971478.7877814858
High permeability,70.5,3111361.797037196,176774.9901086578,615820.4071051471,207404.60278576898,84641.05558550553,207404.60278576898,2002912.897485953,549642.3040901093,6487518.808139168,973127.8212208748
High permeability,70.60000000000001,3108387.183591935,176911.20584800676,615716.1790293845,207372.61512218256,84608.89528914889,207372.61512218256,2006055.8869669198,549571.1685107731,6498510.94310439,974776.6414656581
High permeability,70.7,3105413.2291556364,177047.60046729978,615611.8134332973,207340.58609897672,84576.69883537747,207340.58609897672,2009198.4324762826,549499.8950215995,6509501.654004805,976425.2481007203
High permeability,70.8,3102439.934646,177184.1742652227,615507.3100851962,207308.515649155,84544.46631687765,207308.515649155,2012340.5333023414,549428.483958819,6520490.93807298,978073.6407109466
High permeability,70.9,3099467.300980726,177320.92754046133,615402.6687533917,207276.40370572082,84512.19782633586,207276.40370572082,2015482.1887333961,549356.9356586622,6531478.792541486,979721.8188812225
High permeability,71.0,3096495.3290835195,177457.86059364202,615297.8892048461,207244.25020108567,84479.89345151787,207244.25020108567,2018623.3980586012,549285.2504358527,6542465.214664563,981369.7821996841
High permeability,71.10000000000001,3093524.0198845402,177594.97372782906,615192.9712047116,207212.05506703324,84447.55327408205,207212.05506703324,2021764.1605692033,549213.4285790446,6553450.201726397,983017.5302589592
High permeability,71.2,3090553.374293638,177732.2672397116,615087.914522501,207179.8182373612,84415.17739222173,207179.8182373612,2024904.475553848,549141.4704493118,6564433.750939156,984665.062640873
High permeability,71.3,3087583.393246107,177869.74143409106,614982.7189221244,207147.5396433584,84382.76588365178,207147.5396433584,2028044.342304329,549069.3763179607,6575415.859604014,986312.3789406017
High permeability,71.4,3084614.077677239,178007.3966157689,614877.3841674912,207115.21921631368,84350.31882608707,207115.21921631368,2031183.760112439,548997.1464562981,6586396.525022142,987959.4787533209
High permeability,71.5,3081645.4285223302,178145.23308954644,614771.9100225115,207082.85688751584,84317.83629724244,207082.85688751584,2034322.7282699703,548924.7811356304,6597375.744494707,989606.3616742057
High permeability,71.60000000000001,3078677.4467166727,178283.2511602252,614666.2962510949,207050.45258825377,84285.31837483277,207050.45258825377,2037461.2460687163,548852.2806272645,6608353.515322885,991253.0272984323
High permeability,71.7,3075710.1331955614,178421.45113260645,614560.542617151,207018.0062498163,84252.76513657293,207018.0062498163,2040599.3128004689,548779.6452025069,6619329.834807841,992899.4752211757
High permeability,71.8,3072743.4888942894,178559.8333114917,614454.6488845899,206985.5178034923,84220.17666017778,206985.5178034923,2043736.9277570213,548706.8751326642,6630304.700250749,994545.7050376119
High permeability,71.9,3069777.51474815,178698.39800168236,614348.614817321,206952.9871805705,84187.55302336217,206952.9871805705,2046874.0902301667,548633.9706890432,6641278.108952779,996191.7163429165
High permeability,72.0,3066812.2116924385,178837.14550797976,614242.4401792543,206920.41431233985,84154.89430384098,206920.41431233985,2050010.799511697,548560.9321429504,6652250.058215101,997837.5087322647
Low permeability,0.0,6022140.760000001,1000000.0,0.0,0.0,0.0,0.0,0.0,0.0,0.0,0.0
Low permeability,0.1,5928162.476450257,906022.9219853266,93738.84808937085,238.2299253033508,1.1757791806772273,238.2299253033508,0.029755890973278815,0.11892657576434879,4.796505259382535e-06,7.194757889073802e-05
Low permeability,0.2,5845101.354208061,822969.9031006111,176120.92839112133,909.1685082702285,8.855290947058872,909.1685082702285,0.453601604348598,1.8117404237076207,0.00014733697275591632,0.002210054591338745
Low permeability,0.30000000000000004,5771480.45661134,749370.0450232,248676.023434228,1953.9315425761458,28.159418667594892,1953.9315425761458,2.1889931925987236,8.73729232247413,0.001074449628028527,0.016116744420427903
Low permeability,0.4,5706060.7979218755,683989.5775474025,312688.9504460901,3321.472006513667,62.941803869590075,3321.472006513667,6.597821656048271,26.317202494040373,0.004349711594836119,0.06524567392254177
Low permeability,0.5,5647795.618844669,625786.2422636794,369246.38857626746,4967.369160060787,116.01538997212606,4967.369160060787,15.368029038819948,61.25755279883176,0.012756744499045253,0.19135116748567876
Low permeability,0.6000000000000001,5595794.865466612,573873.863238182,419273.29587774246,6852.840884084028,189.3431601524271,6852.840884084028,30.414611416766498,121.14951411810372,0.030514959513224433,0.45772439269836646
Low permeability,0.7000000000000001,5549297.304222544,527494.5402708743,463561.5285941812,8943.93113495353,284.1988445380798,8943.93113495353,53.79720379287791,214.1374574740295,0.06342234058268711,0.9513351087403067
Low permeability,0.8,5507648.418548882,485996.61273238633,502792.5510968306,11210.836170791834,401.3021489439115,11210.836170791834,87.65203456035155,348.6454999785925,0.11893783175734664,1.7840674763601998
Low permeability,0.9,5470282.730042748,448817.03866181214,537555.6195694867,13627.34176870826,540.9322105692839,13627.34176870826,134.1364084940742,533.1549480716727,0.20621424332529906,3.0932136498794867
Low permeability,1.0,5436709.539149432,415467.18564743304,568362.4643765694,16170.34997600174,703.0223790417035,16170.34997600174,195.38411895841816,776.0260898401837,0.33609117973711783,5.041367696056767
Low permeability,1.1,5406501.333558758,385521.2828836385,595659.2384318982,18819.47868446404,887.238966736197,18819.47868446404,273.4703581442513,1085.3584803306398,0.5210562588777486,7.81584388316623
Low permeability,1.2000000000000002,5379284.296580207,358606.9676599653,619836.3114227835,21556.720917248967,1093.0462589193219,21556.720917248967,370.38482084029965,1468.8843878947341,0.7751818019653807,11.627727029480711
Low permeability,1.3,5354730.481491096,334397.4930907715,641236.3535067876,24366.153402435684,1319.759792338694,24366.153402435684,488.0118073373847,1933.8905264349742,1.1140431403046032,16.710647104569052
Low permeability,1.4000000000000001,5332551.315721413,312605.2616353663,660161.0523626673,27233.68600195448,1566.589668183595,27233.68600195448,628.1162457681935,2487.163673417569,1.5546236687688375,23.319355031532563
Low permeability,1.5,5312492.178822216,292976.42889846984,676876.7256637696,30146.8454377403,1832.6754348786517,30146.8454377403,792.3346413747063,3134.9561325780473,2.115211128403028,31.72816692604543
Low permeability,1.6,5294327.848466299,275286.3724465879,691619.03981192,33094.587741464355,2117.1138992481474,33094.587741464355,982.170081039096,3882.9674990936946,2.815288628284045,42.22932942426069
Low permeability,1.7000000000000002,5277858.65625908,259335.8678051734,704596.9971293658,36067.13506542606,2418.9810368455505,36067.13506542606,1198.990509246508,4736.339544416706,3.6754234074514627,55.13135111177195
Low permeability,1.8,5262907.2253955705,244947.8440149995,715996.3228306319,39055.833154327345,2737.3490182291985,39055.833154327345,1444.0296011990824,5699.661487212611,4.717155642635645,70.75733463953468
Low permeability,1.9000000000000001,5249315.689108118,231964.6179768685,725982.3555459749,42053.02647710921,3071.299220940738,42053.02647710921,1718.3896478073325,6776.983280125388,5.9628891506101835,89.44333725915277
Low permeability,2.0,5236943.308303643,220245.52622909573,734702.5252643086,45051.94850654283,3419.931968486818,45051.94850654283,2023.0459569645752,7971.834908000758,7.435785380696093,111.53678071044142
Low permeability,2.1,5225664.42237591,209664.8883546971,742288.4865998842,48046.62504535489,3782.3736223923584,48046.62504535489,2358.852356393475,9287.250022574406,9.15966172439776,137.3949258659664
Low permeability,2.2,5215366.67936245,200110.24837110387,748857.9628028637,51031.78882595838,4157.781551582771,51031.78882595838,2726.547457069164,10725.792538388934,11.15889486004464,167.38342290066961
Low permeability,2.3000000000000003,5205949.50268731,191480.8514944561,754516.3445501563,54002.8039553029,4545.347419891469,54002.8039553029,3126.7613872533807,12289.585022016394,13.45832964858072,201.8749447287108
Low permeability,2.4000000000000004,5197322.756002273,183686.31794351657,759358.0832443686,56955.598812019176,4944.299144962668,56955.598812019176,3560.0227962801164,13980.338068418607,16.08319375964646,241.2479063946969
Low permeability,2.5,5189405.578944984,176645.4867048079,763467.9068345971,59886.6064604913,5353.901832530378,59886.6064604913,4026.7659272930764,15799.37985789356,19.059018246053675,285.88527369080515
Low permeability,2.6,5182125.368151007,170285.40370688503,766921.8846801342,62792.71161286963,5773.457926233957,62792.71161286963,4527.337629642961,17747.68537752856,22.41156400410988,336.1734600616482
Low permeability,2.7,5175416.882038914,164540.43301987104,769788.3636786622,65671.20330134823,6202.3067633719875,65671.20330134823,5062.004217584944,19825.90493583218,26.166753991851852,392.50130987777777
Low permeability,2.8000000000000003,5169221.452665932,159351.4744548317,772128.7929344225,68519.73261061896,6639.8236947368205,68519.73261061896,5630.958094162933,22034.391648509416,30.350611057507823,455.2591658626173
Low permeability,2.9000000000000004,5163486.290832148,154665.2738083893,773998.4512706739,71336.2749207966,7085.4188980088375,71336.2749207966,6234.32407823154,24373.22765086155,34.98920115096714,524.8380172645071
Low permeability,3.0,5158163.871340708,150433.8127281172,775447.0911673177,74119.09610440956,7538.535979285452,74119.09610440956,6872.1654081234465,26842.24893548147,40.10858162938238,601.6287244407357
Low permeability,3.1,5153211.387096803,146613.76694136695,776519.510876294,76866.72218216982,7998.650432609122,76866.72218216982,7544.4894119549135,29441.068779220423,45.734754407016496,686.0213161052474
Low permeability,3.2,5148590.265877471,143166.0267156696,777256.0610868323,79577.91219731969,8465.268035950261,79577.91219731969,8251.252802247589,32169.099595594656,51.89362361014623,778.4043541521935
Low permeability,3.3000000000000003,5144265.739280093,140055.26911766228,777693.097075094,82251.63380705436,8937.923209584253,82251.63380705436,8992.366627983249,35025.57334939461,58.610957467106886,879.1643620066034
Low permeability,3.4000000000000004,5140206.458429903,137249.5766838261,777863.3819642325,84887.04135174135,9416.177377780177,84887.04135174135,9767.700876141102,38009.56050614311,65.91235415581902,988.6853123372854
Low permeability,3.5,5136384.151398619,134720.097488223,777796.4463431682,87483.45616840158,9899.61736398264,87483.45616840158,10577.088725620017,41119.98753326808,73.82321128016943,1107.3481692025416
Low permeability,3.6,5132773.31726659,132440.7415731996,777518.9095246126,90040.3489019725,10387.853837017248,90040.3489019725,11420.330469590577,44355.65302223591,82.3686986579056,1235.5304798685838
Low permeability,3.7,5129350.951131611,130387.90807802962,777054.7683934112,92557.32352832874,10880.519807180655,92557.32352832874,12297.197139235954,47715.24256506311,91.57373431978972,1373.6060147968458
Low permeability,3.8000000000000003,5126096.298884862,128540.24190410912,776425.655057375,95034.10303826688,11377.269202779,95034.10303826688,13207.433816466802,51197.34234349965,101.46296322350796,1521.9444483526192
Low permeability,3.9000000000000004,5122990.636182204,126878.41437366375,775651.0691330568,97470.51649301512,11877.775510265134,97470.51649301512,14150.762681193337,54800.45161288424,112.0607387011572,1680.9110805173577
Low permeability,4.0,5120017.070503846,125384.92679107751,774748.5858128987,99866.48739574784,12381.730495984035,99866.48739574784,15126.885791246013,58522.99407962077,123.39110622892986,1850.8665934339476
Low permeability,4.1000000000000005,5117160.363561225,124043.93418678458,773734.0425810241,102222.023231904,12888.843008450378,102222.023231904,16135.4876171078,62363.32826501637,135.47778926253287,2032.1668389379927
Low permeability,4.2,5114406.770517413,122841.08572528779,772621.708279853,104537.2059945593,13398.837845036776,104537.2059945593,17176.23736283676,66319.7569788248,148.3441772726726,2225.1626590900883
Low permeability,4.3,5111743.895859054,121763.38162957029,771424.4346903733,106812.1836797461,13911.45469918593,106812.1836797461,18248.791071328324,70390.53590338897,162.01331546220374,2430.1997319330553
Low permeability,4.4,5109160.563461345,120799.04417737981,770153.7932031725,109047.1626191289,14426.44717758488,109047.1626191289,19352.7935384493,74573.88138697627,176.5078961347849,2647.618442021773
Low permeability,4.5,5106646.699670881,119937.4016076716,768820.1978110035,111242.40058099742,14943.58188797479,111242.40058099742,20487.88004881532,78867.9775017397,191.8502514428545,2877.753771642817
Low permeability,4.6000000000000005,5104193.227119025,119168.78265604106,767433.0168218373,113398.20052179412,15462.637582138275,113398.20052179412,21653.67795487697,83270.98244919733,208.06234774955678,3120.935216243351
Low permeability,4.7,5101791.969664811,118484.42213424442,766000.6728723969,115514.9049930311,15983.40436934942,115514.9049930311,22849.808100082624,87781.03432738667,225.16578091178948,3377.4867136768416
Low permeability,4.800000000000001,5099435.566080114,117876.37517002922,764530.7337476648,117592.89108197833,16505.68298054701,117592.89108197833,24075.886109368064,92396.25634690766,243.18177284504628,3647.7265926756936
Low permeability,4.9,5097117.392234019,117337.43987496379,763029.9942613267,119632.56586338185,17029.284087824355,119632.56586338185,25331.52355311948,97114.76152614018,262.13116901358217,3931.9675352037316
Low permeability,5.0,5094831.490757007,116861.08742737724,761504.550267552,121634.36230474313,17554.027673463563,121634.36230474313,26616.328996905628,101934.65691537214,282.03443681080745,4230.51655216211
Low permeability,5.1000000000000005,5092572.5073045725,116441.3986943791,759959.8657282622,123598.73557703116,18079.742442883646,123598.73557703116,27929.908946922103,106854.04738926888,302.9116648508246,4543.674972762367
Low permeability,5.2,5090335.633550156,116073.00754008396,758400.8327024108,125526.15975717777,18606.265290524418,125526.15975717777,29271.868699403658,111871.0390516301,324.78256248806906,4871.738437321033
Low permeability,5.300000000000001,5088116.554109975,115751.04799533769,756831.8271882156,127417.12481611922,19133.440781203033,127417.12481611922,30641.81310415929,116983.74226704064,347.6664611904535,5214.996917856799
Low permeability,5.4,5085911.400663026,115471.10861467721,755256.7574049628,129272.13398003245,19661.120703752502,129272.13398003245,32039.347247898462,122190.27439101749,371.58231470767555,5573.73472061513
Low permeability,5.5,5083716.708672696,115229.18936832495,753679.1093248131,131091.7013065343,20189.163629222832,131091.7013065343,33464.077066405844,127488.76218376079,396.54870122942987,5948.230518441445
Low permeability,5.6000000000000005,5081529.37858768,115021.66298185517,752101.9874902423,132876.34952757484,20717.43450648242,132876.34952757484,34915.609887692306,132877.34394352578,422.58382581432267,6338.757387214837
Low permeability,5.7,5079346.641809041,114845.24104032957,750528.1508233768,134626.60813596594,21245.804307815444,134626.60813596594,36393.55492347359,138354.17144831855,449.7055218826494,6745.582828239738
Low permeability,5.800000000000001,5077166.028149413,114696.94151296004,748960.0468481794,136343.0116385329,21774.14966823211,136343.0116385329,37897.52369531424,143917.4115974633,477.93125513630866,7168.968827044627
Low permeability,5.9,5074985.337669137,114574.06066415558,747399.841315913,138026.09801960376,22302.35257518285,138026.09801960376,39427.13041983541,149565.24790987524,507.2781262023188,7609.171893034779
Low permeability,6.0,5072802.614643182,114474.14705936766,745849.4455815037,139676.40735880102,22830.300070611906,139676.40735880102,40981.99234557293,155295.88181400887,537.7628742112342,8066.44311316851
Low permeability,6.1000000000000005,5070616.124302687,114394.97833923489,744310.5410623513,141294.48059808617,23357.883981647537,141294.48059808617,42561.73005489955,161107.53380349325,569.4018800376788,8541.028200565179
Low permeability,6.2,5068424.330857157,114334.53921642478,742784.6023348763,142880.85844837126,23885.000648899553,142880.85844837126,44165.96771036769,166998.4443390347,602.2111715066297,9033.167572599441
Low permeability,6.300000000000001,5066225.879090817,114291.00309827313,741272.9164892402,144436.08041215915,24411.550709245676,144436.08041215915,45794.333298210004,172966.8747826769,636.2064258669496,9543.096388004242
Low permeability,6.4,5064019.5764489975,114262.71413123357,739776.6019496775,145960.68391876132,24937.438864986627,145960.68391876132,47446.458817247985,179011.1080732899,671.402974792437,10071.044621886553
Low permeability,6.5,5061804.376954399,114248.17106188052,738296.625367611,147455.20357018083,25462.573670331592,147455.20357018083,49121.980437147904,185129.44927721788,707.8158095236209,10617.23714285431
Low permeability,6.6000000000000005,5059579.367545324,114246.01356770445,736833.8159827063,148920.1704492616,25986.86735841109,148920.1704492616,50820.5386639672,191320.22620569382,745.4595836588608,11181.893754882907
Low permeability,6.7,5057343.754554707,114255.00864760746,735388.8798126314,150356.1115394334,26510.235648176345,150356.1115394334,52541.77844472322,197581.78973861446,784.3486190561933,11765.229285842895
Low permeability,6.800000000000001,5055096.85212403,114274.03898102185,733962.4118185753,151763.5492000751,27032.59758284763,151763.5492000751,54285.34927414313,203912.51418425582,824.4969100340202,12367.453650510295
Low permeability,6.9,5052838.071475566,114302.09212070466,732554.9071613697,153143.0007175979,27553.875371981267,153143.0007175979,56050.9052731554,210310.79751346086,865.9181283539257,12988.77192530888
Low permeability,7.0,5050566.911340298,114338.2508484566,731166.7712447937,154494.97790642208,28073.99424907443,154494.97790642208,57838.10525908311,216775.0615688891,908.6256276879232,13629.38441531884
Low permeability,7.1000000000000005,5048282.949232187,114381.68436857672,729798.3288666293,155819.98676446633,28592.882337032675,155819.98676446633,59646.612799355535,223303.7522057224,952.6324482499373,14289.48672374905
Low permeability,7.2,5045985.833455356,114431.6402191393,728449.8325948386,157118.52718569455,29110.470518681283,157118.52718569455,61476.096245101326,229895.33934484926,997.9513218686722,14969.269828030074
Low permeability,7.300000000000001,5043675.275933101,114487.43700757467,727121.4702804169,158391.0927116808,29626.69231790666,158391.0927116808,63326.2287565659,236548.3169974855,1044.594676802077,15668.920152031144
Low permeability,7.4,5041351.045713096,114548.45781900025,725813.3718583556,159638.1703223165,30141.483788250614,159638.1703223165,65196.688317651766,243261.20324628652,1092.5746425522866,16388.61963828429
Low permeability,7.5,5039012.963085729,114614.14423482606,724525.6155031257,160860.24026172055,30654.783408398966,160860.24026172055,67087.15774069684,250032.5401875422,1141.9030546728313,17128.545820092462
Low permeability,7.6000000000000005,5036660.894229156,114683.99087031672,723258.2332281086,162057.77590124705,31166.531982356788,162057.77590124705,68997.32465880249,256860.89382034075,1192.5914597782144,17888.87189667321
Low permeability,7.7,5034294.7465015445,114757.54058309266,722011.2158115125,163231.2436050671,31676.672553630964,163231.2436050671,70926.88152791557,263744.8539916551,1244.6511194964453,18669.76679244667
Low permeability,7.800000000000001,5031914.463942227,114834.37984687413,720784.5174898722,164381.10266292607,32185.15031139695,164381.10266292607,72875.52559324914,270683.0341720219,1298.09301609572,19471.395241435792
Low permeability,7.9,5029520.023373651,114914.13475477675,719578.0600282393,165507.8052166564,32691.91251143608,165507.8052166564,74842.95886968759,277674.0713070067,1352.9278568699315,20293.917853048966
Low permeability,8.0,5027111.430822656,114996.46733203648,718391.7364517396,166611.79621589632,33196.90839882694,166611.79621589632,76828.88811055297,284716.62561686366,1409.1660788528875,21137.4911827933
Low permeability,8.1,5024688.718288653,115081.07219613179,717225.4144124795,167693.5133910611,33700.089135319286,167693.5133910611,78833.0247721586,291809.38038065843,1466.8178534504852,22002.267801757265
Low permeability,8.200000000000001,5022251.94082088,115167.67352567089,716078.9392314103,168753.38724259118,34201.407730745515,168753.38724259118,80855.08497404392,298951.041703838,1525.893091028066,22888.396365420977
Low permeability,8.3,5019801.173875897,115256.02230948862,714952.1366454818,169791.8410447019,34700.81897818086,169791.8410447019,82894.78945540998,306140.3382713707,1586.4014454498451,23796.021681747665
Low permeability,8.4,5017336.51092923,115345.89385004353,713844.8152876006,170809.2908620282,35198.27939258467,170809.2908620282,84951.86352822829,313376.0210883921,1648.352318567753,24725.284778516285
Low permeability,8.5,5014858.061323168,115437.0855064355,712756.768919293,171806.14557394385,35693.74715346746,171806.14557394385,87026.0370298,320656.8632215091,1711.7548645317706,25676.32296797655
Low permeability,8.6,5012365.948284815,115529.41458796887,711687.7784785464,172782.806933157,36187.182045367874,172782.806933157,89117.04425778563,327981.6594579384,1776.617994853921,26649.269922808802
Low permeability,8.700000000000001,5009860.307272157,115622.71665154233,710637.6138049541,173739.669543176,36678.545420401206,173739.669543176,91224.62395898426,335349.22622862196,1842.9503804088763,27644.25570613313
Low permeability,8.8,5007341.284249724,115716.84360419444,709606.0354024064,174677.12099307153,37167.80013129029,174677.12099307153,93348.51922317961,342758.4010724786,1910.7604583842449,28661.406875763663
Low permeability,8.9,5004809.034252785,115811.662135894,708592.7959106076,175595.54195317088,37654.910477825266,175595.54195317088,95488.47740528257,350208.0422409067,1980.0564375380911,29700.846563071354
Low permeability,9.0,5002263.720223788,115907.05253732257,707597.6413233405,176495.30613900934,38139.84218308505,176495.30613900934,97644.25013044836,357697.02870659146,2050.846298927559,30762.694483913376
Low permeability,9.1,4999705.5118220765,116002.90741496993,706620.3122125687,177376.78037213374,38622.5623523153,177376.78037213374,99815.59324057793,365224.2598896196,2123.137799654346,31847.066994815174
Low permeability,9.200000000000001,4997134.584294925,116099.13038399522,705660.5448635462,178240.32475213098,39103.03941342645,178240.32475213098,102002.26667564284,372788.65506968723,2196.938479937932,32954.07719906896
Low permeability,9.3,4994551.117553003,116195.63503596245,704718.0722156161,179086.29274809372,39581.243076292754,179086.29274809372,104204.03440666558,380389.15305018186,2272.255667358444,34083.83501037664
Low permeability,9.4,4991955.295372097,116292.34408723822,703792.6246861662,179915.031226268,40057.14430646332,179915.031226268,106420.66440867752,388024.71201716986,2349.0964789105187,35236.447183657765
Low permeability,9.5,4989347.304640617,116389.18858716254,702883.9309505497,180726.88046196022,40530.71530285261,180726.88046196022,108651.92864369186,395694.309447687,2427.467822479153,36412.017337187266
Low permeability,9.600000000000001,4986727.334623423,116486.10698292415,701991.7186580261,181522.17435872214,41001.929439776606,181522.17435872214,110897.60291972323,403396.94142007123,2507.3764047047557,37610.64607057131
Low permeability,9.700000000000001,4984095.576366306,116583.04443431344,701115.7150318053,182301.24053355356,41470.76123522608,182301.24053355356,113157.46683278072,411131.62232622085,2588.828734467781,38832.43101701669
Low permeability,9.8,4981452.2221672665,116679.9522082913,700255.6474026632,183064.4003887177,41937.18632344342,183064.4003887177,115431.3037175807,418897.3846271586,2671.8311258462472,40077.46688769368
Low permeability,9.9,4978797.465082753,116776.7871716334,699411.2437243223,183811.9691037166,42401.181441963294,183811.9691037166,117718.90064691611,426693.27884396643,2756.3896985246574,41345.845477869836
Low permeability,10.0,4976131.498475485,116873.51120767878,698582.2330106094,184544.25578138413,42862.724394472425,184544.25578138413,120020.04833772118,434518.37310014176,2842.5103829169266,42637.65574375387
Low permeability,10.100000000000001,4973454.515652311,116970.0905350673,697768.3456227401,185261.56384186493,43321.79396982251,185261.56384186493,122334.54091293327,442371.75196603284,2930.198932864738,43952.983992971036
Low permeability,10.200000000000001,4970766.709477395,117066.49568076432,696969.3137818112,185964.19053709676,43778.37001522948,185964.19053709676,124662.17618813935,450252.5178393339,3019.460911006055,45291.913665090804
Low permeability,10.3,4968068.272091283,117162.70077396392,696184.8717395392,186652.4274861692,44232.43333592103,186652.4274861692,127002.75534675867,458159.78937471454,3110.3017057327347,46654.52558599099
Low permeability,10.4,4965359.394678539,117258.6831948321,695414.7559878156,187326.5608170246,44683.965661638336,187326.5608170246,129356.08285465447,466092.7010678707,3202.726535843906,48040.89803765857
Low permeability,10.5,4962640.267120615,117354.42347636315,694658.7056969216,187986.87082638755,45132.94969473388,187986.87082638755,131721.96666101317,474050.40422231785,3296.7404403326814,49451.10660499019
Low permeability,10.600000000000001,4959911.077870306,117449.90480096625,693916.4627367265,188633.63246197955,45579.3690234686,188633.63246197955,134100.21790719093,482032.0655435886,3392.3482934727754,50885.224402091604
Low permeability,10.700000000000001,4957172.013800004,117545.11274137993,693187.7718048145,189267.1154534779,46023.20809250434,189267.1154534779,136490.6508488704,490036.8667608226,3489.554809011671,52343.32213517504
Low permeability,10.8,4954423.259892058,117640.03518161293,692472.3808198972,189887.58399816227,46464.452247174886,189887.58399816227,138893.08304237935,498064.0055240172,3588.3645306641956,53825.46795996291
Low permeability,10.9,4951664.999226198,117734.6619412484,691770.0408284857,190495.29722993833,46903.0876521848,190495.29722993833,141307.33506286534,506112.6940444253,3688.7818466432527,55331.72769964876
Low permeability,11.0,4948897.412883144,117828.98458761479,691080.5060794766,191090.50933258102,47339.101266698715,191090.50933258102,143733.23043777092,514182.15877157985,3790.8109932174884,56862.1648982623
Low permeability,11.100000000000001,4946120.679667681,117922.99637160433,690403.5343779176,191673.4692501504,47772.48088485235,191673.4692501504,146170.5958190695,522271.64122317673,3894.456045895204,58416.840688428034
Low permeability,11.200000000000001,4943334.976162424,118016.69195478766,689738.8869325994,192244.4211122854,48203.215063670315,192244.4211122854,148619.26072869153,530380.396757493,3999.7209325155955,59995.813987733905
Low permeability,11.3,4940540.476759662,118110.06723506324,689086.3282620658,192803.60450254337,48631.293076151545,192803.60450254337,151079.05739924844,538507.6938043698,4106.609441500128,61599.14162250189
Low permeability,11.4,4937737.353153227,118203.11940235419,688445.6268946368,193351.25370268148,49056.705022989656,193351.25370268148,153549.82122613632,546652.8160440549,4215.125198681489,63226.8779802223
Low permeability,11.5,4934925.774958603,118295.84653688985,687816.554416214,193887.5990465686,49479.441620262085,193887.5990465686,156031.38995802373,554815.0585054606,4325.271708818905,64879.07563228353
Low permeability,11.600000000000001,4932105.908965355,118388.24777164272,687198.8865237916,194412.8657042382,49899.49437960768,194412.8657042382,158523.60442667923,562993.7310821479,4437.052318274951,66555.78477412423
Low permeability,11.700000000000001,4929277.919706316,118480.32298241957,686592.4021687057,194927.27484854727,50316.855429417694,194927.27484854727,161026.30784668555,571188.155159557,4550.470250772002,68257.05376158
Low permeability,11.8,4926441.969006064,118572.07283189808,685996.8841770885,195431.04299068594,50731.51760690822,195431.04299068594,163539.34621892535,579397.6655557216,4665.528586951801,69982.92880427698
Low permeability,11.9,4923598.216192368,118663.49862265529,685412.1189222604,195924.38245475682,51143.47438835183,195924.38245475682,166062.56804193495,587621.609134716,4782.230278885812,71733.45418328715
Low permeability,12.0,4920746.818050166,118754.60223363667,684837.8963680271,196407.50139800875,51552.719876049385,196407.50139800875,168595.82430742108,595859.3447798342,4900.578150630832,73508.67225946244
Low permeability,12.100000000000001,4917887.928662796,118845.38608360269,684274.01027159,196880.60364447976,51959.248825620605,196880.60364447976,171138.9685951862,604110.2438562867,5020.574893037754,75308.62339556628
Low permeability,12.200000000000001,4915021.699796369,118935.85300432742,683720.2576291816,197343.88936616338,52363.05653659728,197343.88936616338,173691.8566713604,612373.6882704002,5142.223084626689,77133.34626940031
Low permeability,12.3,4912148.280283652,119026.00628135871,683176.4395170382,197797.5542012755,52764.1389820152,197797.5542012755,176254.34701569023,620649.0730141869,5265.525164351073,78982.87746526606
Low permeability,12.4,4909267.81679987,119115.84949830467,682642.3600018664,198241.79049950137,53162.49262132604,198241.79049950137,178826.30007710797,628935.8025758509,5390.483469865111,80857.25204797664
Low permeability,12.5,4906380.453094503,119205.3865891453,682117.8271898413,198676.7862206858,53558.11455720307,198676.7862206858,181407.5789374377,637233.2941389473,5517.100203474521,82756.50305211777
Low permeability,12.600000000000001,4903486.330703575,119294.6217208486,681602.6522337848,199102.72604503902,53951.002373323296,199102.72604503902,183998.04864394906,645540.9743666861,5645.377466284438,84680.66199426653
Low permeability,12.700000000000001,4900585.588428354,119383.55931017181,681096.6500395283,199519.79064997233,54341.15423229178,199519.79064997233,186597.57664952477,653858.2815212158,5775.317235767295,86629.75853650938
Low permeability,12.8,4897678.3627044065,119472.20396040964,680599.6387507982,199928.1572884646,54728.56879377691,199928.1572884646,189206.03246222477,662184.6637779181,5906.92138352539,88603.82075288081
Low permeability,12.9,4894764.787477741,119560.56044346192,680111.4399106241,200327.99964558642,55113.2452270823,200327.99964558642,191823.2877386371,670519.5796714752,6040.191670745384,90602.87506118072
Low permeability,13.0,4891844.994178307,119648.63367535453,679631.8784898317,200719.4878344862,55495.1832136553,200719.4878344862,194449.21628339097,678862.4980977928,6175.129747956445,92626.94621934663
Low permeability,13.100000000000001,4888919.112019636,119736.42867988574,679160.7824732041,201102.78884658258,55874.382876324205,201102.78884658258,197083.69378392454,687212.8970316132,6311.737168882636,94676.0575332395
Low permeability,13.200000000000001,4885987.267536165,119823.95058596497,678697.9834812839,201478.0659324235,56250.84486617884,201478.0659324235,199726.59818361962,695570.2653283024,6450.015371099003,96750.230566485
Low permeability,13.3,4883049.5852625985,119911.20458739567,678243.3158444571,201845.4795678196,56624.570223411385,201845.4795678196,202377.8091013848,703934.0999239499,6589.965705945829,98849.48558918739
Low permeability,13.4,4880106.18705035,119998.19594395054,677796.6175230633,202205.1865326586,56995.56050213354,202205.1865326586,205037.20839146568,712303.9085347056,6731.589409748837,100973.8411462325
Low permeability,13.5,4877157.192785004,120084.92995189932,677357.7291333628,202557.3409144103,57363.8176304869,202557.3409144103,207704.6795364069,720679.2067308308,6874.887634957304,103123.3145243595
Low permeability,13.600000000000001,4874202.719842203,120171.41193866376,676926.4946781365,202902.09338287206,57729.34400474787,202902.09338287206,210380.10809171153,729059.5200786917,7019.861427415427,105297.92141123136
Low permeability,13.700000000000001,4871242.883538991,120257.64724608719,676502.7609344649,203239.59181912028,58092.14240404267,203239.59181912028,213063.38130305213,737444.3822976475,7166.511745875804,107497.676188137
Low permeability,13.8,4868277.796918256,120343.64122051369,676086.3777408898,203569.98103826892,58452.216020720676,203569.98103826892,215754.38828153553,745833.336101453,7314.839453220606,109722.59179830902
Low permeability,13.9,4865307.570915339,120429.39920352436,675677.1977705217,203893.40302562632,58809.568432327695,203893.40302562632,218453.0198558566,754225.9324904645,7464.845323743364,111972.67985615041
Low permeability,14.0,4862332.314243011,120514.92652052117,675275.0766824817,204209.99679666953,59164.203608104304,204209.99679666953,221159.16866940487,762621.7312124021,7616.5300386238605,114247.95057935784
Low permeability,14.100000000000001,4859352.133757171,120600.22847849486,674879.8726291686,204519.89889200896,59516.125851260236,204519.89889200896,223872.72887006233,771020.2992745264,7769.894201379764,116548.41302069639
Low permeability,14.200000000000001,4856367.1338770855,120685.31034859123,674491.4470313129,204823.24261976834,59865.33988567539,204823.24261976834,226593.5965858294,779421.2132290661,7924.938313913623,118874.07470870428
Low permeability,14.3,4853377.417517644,120770.17737679047,674109.6633266286,205120.1592962533,60211.850699784925,205120.1592962533,229321.66915936038,787824.0554886258,8081.662815466352,121224.94223199523
Low permeability,14.4,4850383.0849968055,120854.83475480913,673734.388431506,205410.7768133573,60555.663722443605,205410.7768133573,232056.84603555917,796228.4186002577,8240.068037348845,123601.02056023263
Low permeability,14.5,4847384.235342475,120939.2876451191,673365.4909897392,205695.22136481412,60896.784602999986,205695.22136481412,234799.0276996443,804633.9001285841,8400.154257308335,126002.31385962496
Low permeability,14.600000000000001,4844380.965017405,121023.54114329064,673002.8430773641,205973.61577901756,61235.21941873256,205973.61577901756,237548.11670715283,813040.1076195878,8561.921646748599,128428.82470122895
Low permeability,14.700000000000001,4841373.369164325,121107.60030776671,672646.318535866,206246.08115603964,61570.974464443636,206246.08115603964,240304.01667899755,821446.6537548099,8725.370322399665,130880.55483599493
Low permeability,14.8,4838361.540648223,121191.47012780076,672295.7942515773,206512.73562029426,61904.05640959463,206512.73562029426,243066.6330699835,829853.1600583793,8890.500306724904,133357.5046008735
Low permeability,14.9,4835345.570785307,121275.15554195645,671951.1491801535,206773.69527756236,62234.47217027366,206773.69527756236,245835.8725863755,838259.2540841402,9057.311558142204,135859.67337213302
Low permeability,15.0,4832325.549001935,121358.66142444972,671612.2648015749,207029.0737736477,62562.22896897163,207029.0737736477,248611.64345354328,846664.5707113334,9225.803956943793,138387.05935415684
Low permeability,15.100000000000001,4829301.562943506,121441.99258477171,671279.0249735025,207278.98244139805,62887.334304664895,207278.98244139805,251393.85533660097,855068.751754536,9395.977309838288,140939.65964757427
Low permeability,15.200000000000001,4826273.698691144,121525.15377399077,670951.3156415554,207523.5305841262,63209.795924885504,207523.5305841262,254182.41915796223,863471.4450906474,9567.831358910571,143517.4703836585
Low permeability,15.3,4823242.0403595045,121608.14966576759,670629.025374995,207762.82495890974,63529.62187601007,207762.82495890974,256977.2474302541,871872.3062558784,9741.365765024268,146120.48647536398
Low permeability,15.4,4820206.670799964,121690.98488302092,670312.0444282558,207996.97068839564,63846.82040038445,207996.97068839564,259778.25368267295,880270.9956868605,9916.580136865849,148748.70205298768
Low permeability,15.5,4817167.670759817,121773.6639604311,670000.2658614772,208226.07017776402,64161.40005353682,208226.07017776402,262585.35314707813,888667.1820203055,10093.473996210096,151402.1099431514
Low permeability,15.600000000000001,4814125.11992291,121856.1913873323,669693.5841526461,208450.22445969394,64473.36955092005,208450.22445969394,265398.46191350353,897060.5380279139,10272.046820902126,154080.70231353183
Low permeability,15.700000000000001,4811079.095874972,121938.57156050554,669391.8965762028,208669.53186296404,64782.737913978985,208669.53186296404,268217.4977715557,905450.7446657178,10452.298002087266,156784.4700313089
Low permeability,15.8,4808029.675149459,122020.80882945558,669095.1018088552,208884.08936136166,65089.514315972796,208884.08936136166,271042.3793640241,913837.4869977516,10634.226887420133,159513.40331130195
Low permeability,15.9,4804976.932391822,122102.90745698707,668803.101042757,209093.99149992832,65393.708200397276,209093.99149992832,273873.0268647683,922220.4574603661,10817.832746487973,162267.49119731953
Low permeability,16.0,4801920.941021018,122184.87164835136,668515.7971038044,209299.33124751665,65695.32918022464,209299.33124751665,276709.3614471106,930599.3532988398,11003.114798143244,165046.72197214863
Low permeability,16.1,4798861.772896363,122266.70553478852,668233.0948951752,209500.19956970876,65994.3870875709,209500.19956970876,279551.3055508559,938973.8778562073,11190.072196695455,167851.0829504318
Low permeability,16.2,4795799.498459368,122348.41317881581,667954.9012080231,209696.68561283353,66290.89194396554,209696.68561283353,282398.7827754841,947343.7400527416,11378.70403774619,170680.56056619284
Low permeability,16.3,4792734.186855224,122429.99857961686,667681.1245595589,209888.87686049665,66584.85394835133,209888.87686049665,285251.71777604305,955708.6538894813,11569.009363196186,173535.14044794277
Low permeability,16.400000000000002,4789665.905666136,122511.46565860114,667411.6755477366,210076.85879333463,66876.28350243683,210076.85879333463,288110.0364900303,964068.3395330991,11760.987150152045,176414.80725228068
Low permeability,16.5,4786594.72142741,122592.81828476847,667146.4661641172,210260.71555078673,67165.19114680677,210260.71555078673,290973.66571055347,972422.5212668116,11954.636332302463,179319.54498453694
Low permeability,16.6,4783520.69895949,122674.0602398452,666885.4106826608,210440.52907716643,67451.5876374653,210440.52907716643,293842.5336428914,980770.9301604808,12149.955772153566,182249.33658230345
Low permeability,16.7,4780443.902358776,122755.19526873682,666628.4243410059,210616.3803899297,67735.48382479,210616.3803899297,296716.56908517284,989113.300135845,12346.944302156473,185204.1645323471
Low permeability,16.8,4777364.393818852,122836.22701772142,666375.4249088669,210788.34807308405,68016.89079155498,210788.34807308405,299595.70240731677,997449.3726661917,12545.600675671212,188184.01013506818
Low permeability,16.900000000000002,4774282.2346936995,122917.15908911054,666126.3312730966,210956.5096374652,68295.81971821263,210956.5096374652,302479.86467719986,1005778.8925749182,12745.923611135688,191188.85416703532
Low permeability,17.0,4771197.485220504,122997.99502688229,665881.0638065626,211120.9411662276,68572.28192429132,211120.9411662276,305368.98788208794,1014101.6091056934,12947.911780529023,194218.67670793532
Low permeability,17.1,4768110.203956921,123078.73828582384,665639.5451165206,211281.71659732788,68846.28891829145,211281.71659732788,308263.00541061274,1022417.2782260147,13151.563785872946,197273.45678809416
Low permeability,17.2,4765020.448856533,123159.3922885699,665401.6986138489,211438.9090972536,69117.85227793013,211438.9090972536,311161.8511541087,1030725.6583165713,13356.878204019024,200353.17306028533
Low permeability,17.3,4761928.276384683,123239.96037813455,665167.4496891904,211592.5899323474,69386.98374982015,211592.5899323474,314065.4602436321,1039026.5137090139,13563.853549761421,203457.8032464213
Low permeability,17.400000000000002,4758833.741858162,123320.44583539004,664936.7252609031,211742.82890337915,69653.69519902492,211742.82890337915,316973.7687782045,1047319.6133732457,13772.48828995377,206587.3243493065
Low permeability,17.5,4755736.899911204,123400.851904465,664709.4531552722,211889.69493993514,69917.99856842255,211889.69493993514,319886.7134248398,1055604.7290065482,13982.780862962378,209741.71294443563
Low permeability,17.6,4752637.803503278,123481.18173822522,664485.563426076,212033.25483537116,70179.90597121803,212033.25483537116,322804.2322637314,1063881.6390778113,14194.729637162918,212920.94455744373
Low permeability,17.7,4749536.504957289,123561.43845464563,664264.9869736854,212173.57457134122,70439.42958201087,212173.57457134122,325726.2639153464,1072150.1246425747,14408.332954310828,216124.99431466236
Low permeability,17.8,4746433.055550976,123641.62511455048,664047.6560885516,212310.7187965703,70696.58168362585,212310.7187965703,328652.74787995056,1080409.9709744467,14623.58911244458,219353.83668666863
Low permeability,17.900000000000002,4743327.50519907,123721.74470349753,663833.5048737263,212444.75042244856,70951.37468291412,212444.75042244856,331583.624821515,1088660.9689141996,14840.496352531689,222607.44528797525
Low permeability,18.0,4740219.903328206,123801.8001801367,663622.4680813864,212575.7317381492,71203.82103396967,212575.7317381492,334518.83581796207,1096902.9112851648,15059.052895099976,225885.79342649956
Low permeability,18.1,4737110.2979714535,123881.79442588378,663414.4823169191,212703.7232568694,71453.93331704702,212703.7232568694,337458.32313738513,1105135.5966050655,15279.256902269884,229188.8535340482
Low permeability,18.2,4733998.736323427,123961.73027539799,663209.4853006431,212828.78442363124,71701.72418047911,212828.78442363124,340402.02977149293,1113358.8268482122,15501.10650099826,232516.59751497384
Low permeability,18.3,4730885.264908353,124041.61052610457,663007.4156443815,212950.97382918626,71947.20633390342,212950.97382918626,343349.8992838499,1121572.4067258332,15724.59979012421,235868.99685186308
Low permeability,18.400000000000002,4727769.92885043,124121.43789707772,662808.2138216066,213070.34828098802,72190.39259680445,213070.34828098802,346301.8764498453,1129776.1467359273,15949.734809718271,239246.022145774
Low permeability,18.5,4724652.772759995,124201.21507854985,662611.8209890736,213186.96393204897,72431.29582687361,213186.96393204897,349257.9064916831,1137969.8595087056,16176.50957827247,242647.64367408698
Low permeability,18.6,4721533.840289547,124280.94470709504,662418.1795772121,213300.87571536523,72669.92895815025,213300.87571536523,352217.93545939977,1146153.3616288644,16404.922074046484,246073.83111069718
Low permeability,18.7,4718413.173997693,124360.62935760703,662227.2334709546,213412.1371711107,72906.30499752238,213412.1371711107,355181.91036239424,1154326.4742534072,16634.97022933045,249524.55343995668
Low permeability,18.8,4715290.81602008,124440.2715812067,662038.9271176467,213520.80130081903,73140.43698375337,213520.80130081903,358149.7785773754,1162489.0202927506,16866.651958638246,252999.77937957365
Low permeability,18.900000000000002,4712166.807238048,124519.87385818514,661853.2066324528,213626.9195090344,73372.33803705098,213626.9195090344,361121.4885830887,1170640.8279085162,17099.965123745536,256499.476856183
Low permeability,19.0,4709041.187915552,124599.43863383782,661670.0189514238,213730.54241441068,73602.02131240371,213730.54241441068,364096.9894058831,1178781.7278677537,17334.907560466498,260023.6134069974
Low permeability,19.1,4705913.99766698,124678.96831677025,661489.3118743439,213831.71980855815,73829.50000746391,213831.71980855815,367076.2306423283,1186911.5536551513,17571.477077293668,263572.156159405
Low permeability,19.200000000000003,4702785.274957053,124758.46525030825,661311.0347296288,213930.5000197352,74054.78737982271,213930.5000197352,370059.162913434,1195030.143626177,17809.671434362404,267145.071515436
Low permeability,19.3,4699655.057815489,124837.93175304761,661135.1374240986,214026.93082252613,74277.89670850983,214026.93082252613,373045.73722904973,1203137.3379841472,18049.48837351095,270742.32560266426
Low permeability,19.400000000000002,4696523.383413083,124917.37009482953,660961.571006662,214121.05889818075,74498.84131781387,214121.05889818075,376035.9053639342,1211232.9805696388,18290.92560044347,274363.88400665205
Low permeability,19.5,4693390.288048111,124996.78249572896,660790.2876863531,214212.92981759025,74717.63456610513,214212.92981759025,379029.61988151516,1219316.9189644535,18533.980784171403,278009.71176257107
Low permeability,19.6,4690255.8076322,125076.17115385106,660621.240186327,214302.58865949424,74934.28983094705,214302.58865949424,382026.8336907051,1227389.0023923488,18778.65157744035,281679.77366160526
Low permeability,19.700000000000003,4687119.97698119,125155.53820478256,660454.3826867794,214390.0791081103,75148.8205296256,214390.0791081103,385027.5006939692,1235449.0847877574,19024.935586924694,285374.03380387044
Low permeability,19.8,4683982.830408636,125234.88575536605,660289.670035756,214475.44420855027,75361.24009267635,214475.44420855027,388031.57525405596,1243497.022263591,19272.830398195136,289092.455972927
Low permeability,19.900000000000002,4680844.401784586,125314.21588724064,660127.057671057,214558.72644137478,75571.56197160938,214558.72644137478,391039.0121310476,1251532.672820362,19522.333578163853,292835.00367245777
Low permeability,20.0,4677704.723764724,125393.5306125017,659966.5026451946,214639.96674197595,75779.79964339279,214639.96674197595,394049.7672043863,1259555.8997510523,19773.442642756043,296601.63964134065
Low permeability,20.1,4674563.828723473,125472.83192710103,659807.9623846728,214719.2056878985,75985.96658845108,214719.2056878985,397063.7966151792,1267566.5675838704,20026.15509610044,300392.32644150656
Low permeability,20.200000000000003,4671421.748594555,125552.12180188594,659651.394902015,214796.4832957714,76190.0763032354,214796.4832957714,400081.05690409767,1275564.5427413697,20280.46842380317,304207.02635704755
Low permeability,20.3,4668278.514147812,125631.40214094757,659496.7597573944,214871.83810133036,76392.14229607586,214871.83810133036,403101.50569706224,1283549.6967668282,20536.380062691365,308045.70094037044
Low permeability,20.400000000000002,4665134.155817508,125710.67482907504,659344.0169572022,214945.30821339507,76592.1780751329,214945.30821339507,406125.100936436,1291521.9026937673,20793.887435548968,311908.31153323455
Low permeability,20.5,4661988.703706632,125789.94173214617,659193.1269483624,215016.9313191638,76790.19715681698,215016.9313191638,409151.8008686985,1299481.0349944055,21052.987951257677,315794.81926886516
Low permeability,20.6,4658842.186852449,125869.20465485692,659044.0515949858,215086.74374982965,76986.21305752767,215086.74374982965,412181.5647448828,1307426.972871397,21313.678974142516,319705.1846121378
Low permeability,20.700000000000003,4655694.633863475,125948.46537721052,658896.7533313142,215154.78129114764,77180.23928846358,215154.78129114764,415214.3522252741,1315359.5974503928,21575.9578506369,323639.36775955354
Low permeability,20.8,4652546.0730759045,126027.72566361428,658751.1949537391,215221.079382319,77372.28936269946,215221.079382319,418250.12322501244,1323278.7910585352,21839.821915783905,327597.3287367586
Low permeability,20.900000000000002,4649396.531938057,126106.98722748604,658607.340439396,215285.6723327904,77562.37678490592,215285.6723327904,421288.83850452484,1331184.4399957252,22105.26846761499,331579.0270142249
Low permeability,21.0,4646246.037348272,126186.25175053919,658465.1544968052,215348.593752328,77750.51504660015,215348.593752328,424330.4593556689,1339076.4330531121,22372.2947812936,335584.421719404
Low permeability,21.1,4643094.615926367,126265.52089846879,658324.6022048886,215409.87689631493,77936.71763395969,215409.87689631493,427374.94733814406,1346954.6602782393,22640.89812040768,339613.47180611524
Low permeability,21.200000000000003,4639942.293669047,126344.79630121321,658185.6494712722,215469.5542271868,78120.9980235224,215469.5542271868,430422.26460864645,1354819.014520667,22911.0757226429,343666.13583964354
Low permeability,21.3,4636789.095842307,126424.07954655265,658048.2631753589,215527.65727776082,78303.36966458941,215527.65727776082,433472.37403965805,1362669.3919763453,23182.824795451557,347742.3719317734
Low permeability,21.400000000000002,4633635.0475016525,126503.37221013477,657912.4104765008,215584.2173130368,78483.84599828624,215584.2173130368,436525.2387101979,1370505.6898062786,23456.1425375956,351842.138063934
Low permeability,21.5,4630480.173210643,126582.67583938032,657778.0591883429,215639.26497194904,78662.44045377076,215639.26497194904,439580.8221749687,1378327.807399857,23731.026127463443,355965.39191195165
Low permeability,21.6,4627324.49673301,126661.9919355423,657645.1781883041,215692.82987582588,78839.16641959535,215692.82987582588,442639.0887829393,1386135.6478493155,24007.472710548558,360112.0906582284
Low permeability,21.700000000000003,4624168.041654578,126741.32198959924,657513.7365904273,215744.94141964582,79014.03727409692,215744.94141964582,445700.0030609266,1393929.115074827,24285.479425052752,364282.1913757913
Low permeability,21.8,4621010.83116672,126820.66746988843,657383.7040334139,215795.62849637002,79187.06638147612,215795.62849637002,448763.5299216947,1401708.1148001724,24565.04339292267,368475.65089384007
Low permeability,21.900000000000002,4617852.887647239,126900.02979777621,657255.0512380956,215844.91896380048,79358.26705367882,215844.91896380048,451829.6350968614,1409472.5565556053,24846.161702879046,372692.42554318573
Low permeability,22.0,4614694.233284825,126979.41038369092,657127.7491768453,215892.84043913605,79527.65258848749,215892.84043913605,454898.2845103809,1417222.3507636087,25128.831435954176,376932.4715393126
Low permeability,22.1,4611534.889968757,127058.81062086862,657001.7692203107,215939.420158493,79695.23626929012,215939.420158493,457969.44438282476,1424957.4092292015,25413.04966091362,381195.7449137043
Low permeability,22.200000000000003,4608374.8787957905,127138.2318567873,656877.0837933535,215984.68434953145,79861.03131773112,215984.68434953145,461043.0817432688,1432677.6475045304,25698.813414419143,385482.20121628715
Low permeability,22.3,4605214.220633556,127217.6754256622,656753.6656256261,216028.65894838405,80025.05093469558,216028.65894838405,464119.16385741386,1440382.9822358112,25986.119723899315,389791.7958584897
Low permeability,22.400000000000002,4602052.936124566,127297.14264877193,656631.4877462443,216071.36960465615,80187.30830684793,216071.36960465615,467197.658217361,1448073.3311211441,26274.965607630464,394124.4841144569
Low permeability,22.5,4598891.045186257,127376.6348055371,656510.524148909,216112.84104522626,80347.81655445507,216112.84104522626,470278.5330648281,1455748.615322217,26565.348054786908,398480.2208218036
Low permeability,22.6,4595728.56744328,127456.15315842562,656390.749216819,216153.09762442773,80506.58876685992,216153.09762442773,473361.7569482894,1463408.7574144357,26857.264042861763,402858.96064292645
Low permeability,22.700000000000003,4592565.522334958,127535.69895923336,656272.1375797243,216192.16346071468,80663.63801749873,216192.16346071468,476447.29860677914,1471053.6808543978,27150.71054190545,407260.6581285817
Low permeability,22.8,4589401.9286973085,127615.2734249457,656154.6646700441,216230.06190468254,80818.97731684167,216230.06190468254,479535.1274107989,1478683.312007739,27445.68449799354,411685.26746990305
Low permeability,22.900000000000002,4586237.804990833,127694.87775080247,656038.3064197891,216266.81582908065,80972.61962994825,216266.81582908065,482625.2131300248,1486297.579073493,27742.182842390866,416132.74263586296
Low permeability,23.0,4583073.169486039,127774.51312106737,655923.0390137617,216302.4478648432,81124.5778995141,216302.4478648432,485717.52573551686,1493896.4111758084,28040.202498880022,420603.0374832003
Low permeability,23.1,4579908.040031093,127854.18069567211,655808.839198718,216336.98010528221,81274.86502044306,216336.98010528221,488812.0356441393,1501479.7394878934,28339.74037460947,425096.105619142
Low permeability,23.200000000000003,4576742.433975111,127933.88160564394,655695.6843854306,216370.4340085977,81423.49381865446,216370.4340085977,491908.71381188196,1509047.4976495572,28640.79335732356,429611.90035985335
Low permeability,23.3,4573576.3685244145,128013.61697374865,655583.5521746831,216402.83085124055,81570.47709976861,216402.83085124055,495007.5313495683,1516599.620008152,28943.35832924704,434150.3749387055
Low permeability,23.400000000000002,4570409.860550887,128093.38790349686,655472.4206122919,216434.1914838835,81715.82762746666,216434.1914838835,498108.4597251462,1524136.0425477144,29247.43215957783,438711.4823936674
Low permeability,23.5,4567242.926381515,128173.19546684313,655362.2684691737,216464.53606365537,81859.55808058736,216464.53606365537,501211.4710047435,1531656.7039780854,29553.011696670583,443295.1754500587
Low permeability,23.6,4564075.582179604,128253.04072624476,655253.0747340736,216493.88453935378,82001.68110961544,216493.88453935378,504316.5374370286,1539161.5438378854,29860.093782708656,447901.4067406298
Low permeability,23.700000000000003,4560907.844007212,128332.92473842418,655144.8185304645,216522.25673078347,82142.20935912752,216522.25673078347,507423.631372088,1546650.5021369315,30168.675255775805,452530.128836637
Low permeability,23.8,4557739.727173023,128412.84851646973,655037.4799844723,216549.67149873017,82281.15534113764,216549.67149873017,510532.7260023125,1554123.5227054397,30478.75292572111,457181.29388581665
Low permeability,23.900000000000002,4554571.246872103,128492.81306687421,654931.0393734332,216576.14755936476,82418.53154667755,216576.14755936476,513643.7946480974,1561580.549953359,30790.32359815607,461854.85397234093
Low permeability,24.0,4551402.418122307,128572.81938587324,654825.47721055,216601.70340324892,82554.35043341346,216601.70340324892,516756.8108301555,1569021.5291964568,31103.384072149292,466550.7610822394
Low permeability,24.1,4548233.2556910245,128652.8684553282,654720.7743423948,216626.3572019491,82688.62442184906,216626.3572019491,519871.74834245787,1576446.4069955093,31417.931137259366,471268.96705889044
Low permeability,24.200000000000003,4545063.773739983,128732.96122198275,654616.9124217205,216650.12635596888,82821.3658083774,216650.12635596888,522988.5816736253,1583855.133041679,31733.961561028587,476009.42341542884
Low permeability,24.3,4541893.986357293,128813.09862830538,654513.8731992809,216673.0281720858,82952.58687316152,216673.0281720858,526107.285397854,1591247.6574105064,32051.47210836592,480772.08162548876
Low permeability,24.400000000000002,4538723.90748171,128893.28160815756,654411.6386246379,216695.07976687676,83082.29986871242,216695.07976687676,529227.8342577383,1598623.9309388804,32370.459538688294,485556.89308032434
Low permeability,24.5,4535553.550637787,128973.51107148695,654310.1911987646,216716.29772942056,83210.51696182409,216716.29772942056,532350.203471879,1605983.9066054493,32690.920596534146,490363.8089480121
Low permeability,24.6,4532382.9289701665,129053.78790619333,654209.5139284084,216736.6981650704,83337.25023066573,216736.6981650704,535474.3687053648,1613327.5393880259,33012.852013097065,495192.78019645595
Low permeability,24.700000000000003,4529212.055544565,129134.11299559743,654109.5899254018,216756.29707867288,83462.51173358358,216756.29707867288,538600.3057174523,1620654.7846842406,33336.25051687014,500043.7577530521
Low permeability,24.8,4526040.9432840925,129214.48721484547,654010.4024914317,216775.110293395,83586.31350281103,216775.110293395,541727.9904279459,1627965.598617245,33661.1128311313,504916.69246696954
Low permeability,24.900000000000002,4522869.604579337,129294.91140824484,653911.9356372419,216793.15295418535,83708.66743803266,216793.15295418535,544857.3993908792,1635259.9401378464,33987.43566096053,509811.5349144079
Low permeability,25.0,4519698.051668884,129375.38641127582,653814.1735759734,216810.44001242294,83829.58539910665,216810.44001242294,547988.5093432886,1642537.7690108377,34315.215706306466,514728.23559459695
Low permeability,25.1,4516526.29665747,129455.91305166506,653717.1006990115,216826.9862489956,83949.07921003414,216826.9862489956,551121.2971841643,1649799.045719859,34644.44966267146,519666.7449400719
Low permeability,25.200000000000003,4513354.35146621,129536.49214660336,653620.7016422497,216842.80621081905,84067.16065410298,216842.80621081905,554255.7400262944,1657043.7317059503,34975.134219160725,524627.0132874108
Low permeability,25.3,4510182.227525565,129617.12448482198,653524.9616950213,216857.9138198289,84183.8413750572,216857.9138198289,557391.8155842033,1664271.7910714967,35307.26604895394,529608.9907343091
Low permeability,25.400000000000002,4507009.9362069275,129697.81085162058,653429.8662253337,216872.32292271784,84299.13299879963,216872.32292271784,560529.5016458961,1671483.1882426313,35640.84182336348,534612.6273504522
Low permeability,25.5,4503837.488762251,129778.55202541407,653335.4007602669,216886.04721399106,84413.04711967327,216886.04721399106,563668.7761434929,1678677.8882849875,35975.858209755614,539637.8731463343
Low permeability,25.6,4500664.896111826,129859.34876546667,653241.5512686643,216899.09996554116,84525.5952362654,216899.09996554116,566809.6174173782,1685855.8580657775,36312.31186494677,544684.6779742016
Low permeability,25.700000000000003,4497492.168872258,129940.20181341332,653148.3041238977,216911.49406236102,84636.78875086253,216911.49406236102,569952.0041902965,1693017.0661304726,36650.199436435796,549752.991546537
Low permeability,25.8,4494319.317596958,130021.11190722232,653055.6457835268,216923.24230892284,84746.63904442207,216923.24230892284,573095.9152658456,1700161.481377623,36989.51756986405,554842.7635479608
Low permeability,25.900000000000002,4491146.3527251985,130102.07977832039,652963.5628571479,216934.35736420378,84855.15746780725,216934.35736420378,576241.3295853182,1707289.0733162009,37330.26290713944,559953.9436070916
Low permeability,26.0,4487973.284270172,130183.10613346043,652872.0425220277,216944.85134418387,84962.35522889117,216944.85134418387,579388.2266344002,1714399.8138323086,37672.43207767424,565086.4811651136
Low permeability,26.1,4484800.122123617,130264.19167234159,652781.0721172575,216954.73621007294,85068.24349307797,216954.73621007294,582536.5860556501,1721493.675495294,38016.02170738957,570240.3256108435
Low permeability,26.200000000000003,4481626.876070114,130345.3370884568,652690.6391247127,216964.0237865025,85172.8333875137,216964.0237865025,585686.3876308321,1728570.6314792184,38361.02841920724,575415.4262881087
Low permeability,26.3,4478453.555747308,130426.54306687212,652600.7312220494,216972.7257107505,85276.13599417827,216972.7257107505,588837.6113253894,1735630.6557638317,38707.44883160561,580611.7324740841
Low permeability,26.400000000000002,4475280.170400379,130507.81026989495,652511.3366099411,216980.853119836,85378.16224767893,216980.853119836,591990.2376218397,1742673.7245658815,39055.279552497355,585829.1932874602
Low permeability,26.5,4472106.729212497,130589.1393562289,652422.4435717183,216988.41707172483,85478.9230576319,216988.41707172483,595144.247086103,1749699.814460727,39404.51718822875,591067.7578234312
Low permeability,26.6,4468933.241297034,130670.53098056055,652334.0404837136,216995.4285353979,85578.42931033812,216995.4285353979,598299.6203731918,1756708.9024124527,39755.15834312032,596327.3751468047
Low permeability,26.700000000000003,4465759.7155547775,130751.98578535553,652246.1160056099,217001.89820870658,85676.69181420132,217001.89820870658,601456.3384163802,1763700.9665887677,40107.19961581945,601607.9942372917
Low permeability,26.8,4462586.160508304,130833.50439112268,652158.659301262,217007.83630728736,85773.72122009899,217007.83630728736,604614.382662723,1770675.9873587473,40460.63759581154,606909.5639371731
Low permeability,26.900000000000002,4459412.58468019,130915.08741837082,652071.6595345247,217013.25304677658,85869.52817890866,217013.25304677658,607773.7345592752,1777633.9450914683,40815.46887258199,612232.0330887297
Low permeability,27.0,4456238.99646033,130996.73547991786,651985.1060461638,217018.15847359027,85964.12328324739,217018.15847359027,610934.3757363446,1784574.820936425,41171.69003264535,617575.3504896802
Low permeability,27.1,4453065.404197665,131078.44918633488,651898.9882314808,217022.56258185624,86057.51712119841,217022.56258185624,614096.2878674753,1791498.5962429196,41529.297660835575,622939.4649125336
Low permeability,27.200000000000003,4449891.815786687,131160.2291218469,651813.2960917898,217026.4747860352,86149.72007415004,217026.4747860352,617259.4532610134,1798405.2550536213,41888.28833232463,628324.3249848695
Low permeability,27.3,4446718.239064882,131242.0758673671,651728.019704423,217029.9044278819,86240.74249710233,217029.9044278819,620423.8543053869,1805294.7817505198,42248.65862109402,633729.8793164104
Low permeability,27.400000000000002,4443544.681810576,131323.9900003755,651643.1492256225,217032.86077367392,86330.59471562323,217032.86077367392,623589.4734741796,1812167.161073219,42610.40510005971,639156.0765008955
Low permeability,27.5,4440371.15174555,131405.97209514843,651558.6748870008,217035.35301752272,86419.28703725361,217035.35301752272,626756.2933123476,1819022.378073481,42973.52434046779,644602.8651070169
Low permeability,27.6,4437197.656280569,131488.02270800772,651474.5873350385,217037.38995662573,86506.82962055302,217037.38995662573,629924.2968068896,1825860.4196651324,43338.01290767713,650070.193615157
Low permeability,27.700000000000003,4434024.202626664,131570.14238368464,651390.8774826607,217038.98013332658,86593.23252302746,217038.98013332658,633093.467233996,1832681.2739740373,43703.86736358004,655558.0104537006
Low permeability,27.8,4430850.7979948735,131652.33166691047,651307.5362427927,217040.1320899688,86678.50580218292,217040.1320899688,636263.7878698575,1839484.9291260585,44071.0842700688,661066.2640510319
Low permeability,27.900000000000002,4427677.449448474,131734.5910938721,651224.5547255118,217040.85418028804,86762.65943874582,217040.85418028804,639435.2422066559,1846271.3741482075,44439.6601867026,666594.9028005389
Low permeability,28.0,4424504.164020916,131816.92119914616,651141.9240806359,217041.15471988995,86845.70340932431,217041.15471988995,642607.8137689088,1853040.5982162482,44809.59167182617,672143.8750773926
Low permeability,28.1,4421330.948356894,131899.32249478475,651059.6359768104,217041.04152807686,86927.64747708074,217041.04152807686,645781.4866608127,1859792.5929085726,45180.875278515035,677713.1291777255
Low permeability,28.200000000000003,4418157.809094641,131981.7954924652,650977.6820913022,217040.52241590453,87008.50140161095,217040.52241590453,648956.2449962156,1866527.3498435619,45553.50755975782,683302.6133963673
Low permeability,28.3,4414984.752799807,132064.34069966283,650896.0541982824,217039.60510172677,87088.27490010142,217039.60510172677,652132.0729997576,1873244.8610946436,45927.48506779619,688912.2760169428
Low permeability,28.400000000000002,4411811.786003939,132146.95862196432,650814.7441173684,217038.29726033928,87166.97768056062,217038.29726033928,655308.9549374679,1879945.1189191318,46302.804353724285,694542.0653058643
Low permeability,28.5,4408638.91492064,132229.64974660022,650733.7440926837,217036.60616038815,87244.61926496269,217036.60616038815,658486.8755610012,1886628.117567118,46679.46196547346,700191.929482102
Low permeability,28.6,4405466.145664423,132312.41455506,650653.0465006537,217034.5389439583,87321.2091156429,217034.5389439583,661665.8197749975,1893293.8519145283,47057.45445010021,705861.8167515032
Low permeability,28.700000000000003,4402293.484328651,132395.2535276089,650572.6437459603,217032.10272610292,87396.75668122008,217032.10272610292,664845.7725177407,1899942.3169732876,47436.778354570655,711551.6753185599
Low permeability,28.8,4399120.936927097,132478.16713994485,650492.5283395487,217029.3045201785,87471.27136509708,217029.3045201785,668026.718847754,1906573.5082500728,47817.43022498356,717261.4533747535
Low permeability,28.900000000000002,4395948.509337296,132561.15585997998,650412.6929743029,217026.1511653892,87544.76249125515,217026.1511653892,671208.6440314322,1913187.4221027691,48199.40660619633,722991.0990929451
Low permeability,29.0,4392776.207194948,132644.22014164255,650333.1306661748,217022.6491918547,87617.2392263607,217022.6491918547,674391.5337203371,1919784.056445058,48582.70404210447,728740.5606315671
Low permeability,29.1,4389604.036135753,132727.36043886087,650253.8344311165,217018.8051296947,87688.71073708017,217018.8051296947,677575.3735660312,1926363.409190621,48967.31907660353,734509.786149053
Low permeability,29.200000000000003,4386432.001712917,132810.57720080545,650174.7973953186,217014.62540354804,87759.18613411226,217014.62540354804,680760.1493537783,1932925.4787889575,49353.248253520236,740298.7238028035
Low permeability,29.3,4383260.109453366,132893.87087521638,650096.0127200166,217010.11640443912,87828.67452056284,217010.11640443912,683945.8469012898,1939470.2638335272,49740.48811579424,746107.3217369136
Low permeability,29.400000000000002,4380088.364594921,132977.2418931709,650017.4739528631,217005.28415363803,87897.18479802273,217005.28415363803,687132.4525002305,1945997.764808353,50129.035206673216,751935.5281000984
Low permeability,29.5,4376916.772335547,133060.69068344313,649939.174694783,217000.13462144596,87964.72583991049,217000.13462144596,690319.9525079885,1952507.982459172,50518.88606947573,757783.291042136
Low permeability,29.6,4373745.337837071,133144.21767272314,649861.1085950345,216994.67373191455,88031.30649246174,216994.67373191455,693508.3333431929,1959000.917772663,50910.03724776907,763650.558716536
Low permeability,29.700000000000003,4370574.066223511,133227.82328556987,649783.2693533665,216988.90736073582,88096.93558111078,216988.90736073582,696697.5814809519,1965476.5719686616,51302.48528466565,769537.2792699848
Low permeability,29.8,4367402.962425861,133311.50793548542,649705.6509276448,216982.84113654186,88161.62179066507,216982.84113654186,699887.6837189631,1971934.947541512,51696.22672425483,775443.4008638225
Low permeability,29.900000000000002,4364232.031241941,133395.272028296,649628.2474538588,216976.48051751734,88225.37370444257,216976.48051751734,703078.6270819148,1978376.0478763892,52091.25811168691,781368.8716753037
Low permeability,30.0,4361061.2774695745,133479.1159698278,649551.0530679974,216969.8309618469,88288.19990576112,216969.8309618469,706270.3985944948,1984799.8763584683,52487.57599211214,787313.6398816822
Low permeability,30.1,4357890.705814712,133563.0401606356,649474.0620289646,216962.8978100719,88350.1089060902,216962.8978100719,709462.9854398366,1991206.43699075,52885.176911671326,793277.6536750698
Low permeability,30.200000000000003,4354720.320963705,133647.0450002294,649397.2686218119,216955.68637763092,88411.10921030071,216955.68637763092,712656.3748262272,1997595.733886753,53284.057415885196,799260.8612382779
Low permeability,30.3,4351550.127354909,133731.13087387208,649320.6674635092,216948.20166229087,88471.20912055834,216948.20166229087,715850.5543984079,2003967.7728477176,53684.21405388691,805263.2108083037
Low permeability,30.400000000000002,4348380.129420386,133815.2981664641,649244.2531794523,216940.4486537558,88530.41693385983,216940.4486537558,719045.5118122221,2010322.5597177937,54085.643374902866,811284.650623543
Low permeability,30.5,4345210.331547291,133899.54726033082,649168.0204551689,216932.43228417248,88588.74090841966,216932.43228417248,722241.234804623,2016660.1006509254,54488.3419290713,817325.1289360696
Low permeability,30.6,4342040.738100598,133983.8785365806,649091.9640058094,216924.15745728224,88646.1892914778,216924.15745728224,725437.7111445081,2022980.4019354384,54892.30626611631,823384.5939917448
Low permeability,30.700000000000003,4338871.353244887,134068.2923648752,649016.0788149037,216915.62881989326,88702.77015714793,216915.62881989326,728634.9289628441,2029283.4712412835,55297.53293991232,829462.9940986849
Low permeability,30.8,4335702.181077919,134152.78911104315,648940.3599554838,216906.85093314527,88758.4915204319,216906.85093314527,731832.8765126956,2035569.3167024245,55704.018505852226,835560.2775877834
Low permeability,30.900000000000002,4332533.225685395,134237.3691402227,648864.8025167491,216897.82834270038,88813.36138493792,216897.82834270038,735031.5420698924,2041837.9465379699,56111.759519697735,841676.392795466
Low permeability,31.0,4329364.491099244,134322.03281449844,648789.4016599196,216888.5655252541,88867.38770830235,216888.5655252541,738230.9140069546,2048089.3693363292,56520.75253829771,847811.2880744656
Low permeability,31.1,4326195.981271626,134406.78049146314,648714.1526530758,216879.0668551333,88920.57837976373,216879.0668551333,741430.9808400762,2054323.5942333215,56930.99412020018,853964.9118030027
Low permeability,31.200000000000003,4323027.699994788,134491.61251957272,648639.0509786721,216869.3365014274,88972.94113712446,216869.3365014274,744631.7313876632,2060540.6314940893,57342.48082891078,860137.2124336618
Low permeability,31.3,4319859.651060977,134576.52924728303,648564.0921191636,216859.37863322557,89024.48371818702,216859.37863322557,747833.1544681219,2066740.4913837742,57755.209227935164,866328.1384190274
Low permeability,31.400000000000002,4316691.838211254,134661.53102013658,648489.2716256626,216849.19735387308,89075.21381035064,216849.19735387308,751035.2389985356,2072923.1845322892,58169.17588264581,872537.6382396871
Low permeability,31.5,4313524.265169828,134746.61818277452,648414.5850717878,216838.79674510992,89125.13909229421,216838.79674510992,754237.9739206553,2079088.721673285,58584.37735809761,878765.6603714641
Low permeability,31.6,4310356.935477433,134831.7910694149,648340.0282773367,216828.1806529206,89174.26705800025,216828.1806529206,757441.3485339851,2085237.11485524,59000.81022659156,885012.1533988733
Low permeability,31.700000000000003,4307189.852647135,134917.05001269918,648265.597099228,216817.35288774507,89222.6051732659,216817.35288774507,760645.3521923013,2091368.376325637,59418.47106155684,891277.0659233525
Low permeability,31.8,4304023.020170017,135002.39534402062,648191.2874239056,216806.317231746,89270.1608801957,216806.317231746,763849.9742938105,2097482.51849225,59837.356437510025,897560.3465626503
Low permeability,31.900000000000002,4300856.441511876,135087.82739336745,648117.0951716899,216795.07743461488,89316.9415994569,216795.07743461488,767055.2042820372,2103579.553936076,60257.46292946871,903861.9439420307
Low permeability,32.0,4297690.120019242,135173.34648401567,648043.0164230439,216783.6370926126,89362.95462683514,216783.6370926126,770261.0318379418,2109659.4960998865,60678.78711793862,910181.8067690792
Low permeability,32.1,4294524.058950096,135258.95293422078,647969.0473773675,216771.9996880839,89408.20716165146,216771.9996880839,773467.4468224762,2115722.3590738024,61101.32558795634,916519.883819345
Low permeability,32.2,4291358.261562422,135344.64706223828,647895.1842340606,216760.1687033734,89452.70640322682,216760.1687033734,776674.4390965921,2121768.156947942,61525.07492455842,922876.1238683762
Low permeability,32.300000000000004,4288192.731031504,135430.42918164816,647821.4233036926,216748.1475143314,89496.45945635984,216748.1475143314,779881.9986937875,2127796.9044238827,61950.03171769462,929250.4757654192
Low permeability,32.4,4285027.470609345,135516.29961044187,647747.7607935386,216735.9395956917,89539.47352498329,216735.9395956917,783090.115476117,2133808.615615211,62376.192551210544,935642.8882681581
Low permeability,32.5,4281862.483302311,135602.2586527612,647674.1932412089,216723.54810570207,89581.75552596975,216723.54810570207,786298.7798244834,2139803.3064614497,62803.55402452069,942053.3103678102
Low permeability,32.6,4278697.772107188,135688.3066122061,647600.7171972012,216710.97619026486,89623.31236492861,216710.97619026486,789507.982140093,2145780.9929734943,63232.11273765374,948481.6910648061
Low permeability,32.7,4275533.340020759,135774.44379237655,647527.3292120132,216698.22699528246,89664.15094746926,216698.22699528246,792717.7128241515,2151741.6911622407,63661.86529063842,954927.9793595762
Low permeability,32.800000000000004,4272369.189985922,135860.67049384664,647454.025908699,216685.3035971265,89704.27811194469,216685.3035971265,795927.9623959827,2157685.417445255,64092.808287610824,961392.1243141623
Low permeability,32.9,4269205.3249675445,135946.98701848008,647380.803880554,216672.20910063802,89743.70073521575,216672.20910063802,799138.7213157223,2163612.1880561667,64524.93832940876,967874.0749411313
Low permeability,33.0,4266041.747770933,136033.39365923862,647307.6599357619,216658.94640467167,89782.42549412046,216658.94640467167,802349.9803941874,2169522.020433094,64958.25202924475,974373.7804386711
Low permeability,33.1,4262878.461139816,136119.89070562724,647234.5909654563,216645.51832858857,89820.45898688452,216645.51832858857,805561.7305789299,2175414.932481579,65392.74600529539,980891.1900794307
Low permeability,33.2,4259715.4678179175,136206.47844715102,647161.5938607713,216631.92769174988,89857.80781173366,216631.92769174988,808773.9628175026,2181290.942107165,65828.41687573728,987426.2531360592
Low permeability,33.300000000000004,4256552.770527475,136293.15717211695,647088.6655418355,216618.17728571963,89894.47853747761,216618.17728571963,811986.6681071678,2187150.067380975,66265.26126082371,993978.9189123557
Low permeability,33.4,4253390.3719632495,136379.9271673243,647015.8029657118,216604.269866636,89930.47770236884,216604.269866636,815199.8375017089,2192992.3265755796,66703.2757823452,1000549.1367351778
Low permeability,33.5,4250228.274769582,136466.78871683948,646943.0031574051,216590.2081254276,89965.81178195424,216590.2081254276,818413.4621653066,2198817.7383419657,67142.45706603593,1007136.8559905387
Low permeability,33.6,4247066.481463539,136553.74209765007,646870.2633136562,216575.99458836587,90000.48707630145,216575.99458836587,821627.5335578119,2204626.322313187,67582.80175015594,1013742.026252339
Low permeability,33.7,4243904.994562193,136640.78758674362,646797.5806312063,216561.6317817222,90034.50988547808,216561.6317817222,824842.0431390757,2210418.0981222973,68024.30647296533,1020364.5970944798
Low permeability,33.800000000000004,4240743.816582609,136727.92546110772,646724.9523067964,216547.12223176795,90067.88650955175,216547.12223176795,828056.9823689497,2216193.08540235,68466.96787272416,1027004.5180908623
Low permeability,33.9,4237582.949975711,136815.15599408356,646652.3756265271,216532.4683790614,90100.6231535453,216532.4683790614,831272.34286483,2221951.304300498,68910.78259494097,1033661.7389241144
Low permeability,34.0,4234422.397232097,136902.4794612677,646579.8478226933,216517.67271571112,90132.72609082158,216517.67271571112,834488.1161383528,2227692.7746405336,69355.74727889869,1040336.2091834802
Low permeability,34.1,4231262.16067671,136989.89612914875,646507.3663515529,216502.73751897048,90164.20134885759,216502.73751897048,837704.294103584,2233417.517543043,69801.85858342095,1047027.8787513141
Low permeability,34.2,4228102.2426236635,137077.40626361742,646434.9286840123,216487.66505204237,90195.05493900288,216487.66505204237,840920.868700954,2239125.5542135206,70249.11316861467,1053736.6975292198
Low permeability,34.300000000000004,4224942.645387067,137165.01013056454,646362.5322909778,216472.45757812978,90225.29287260695,216472.45757812978,844137.8318708932,2244816.9058574606,70697.50769458675,1060462.6154188013
Low permeability,34.4,4221783.371244754,137252.7079939005,646290.1746924899,216457.11731328178,90254.92110379472,216457.11731328178,847355.1756453548,2250491.5939674624,71147.03882637681,1067205.582395652
Low permeability,34.5,4218624.422487192,137340.50011826263,646217.8533912894,216441.64649012015,90283.94561563166,216441.64649012015,850572.8920154419,2256149.6399260256,71597.70322569505,1073965.5483854255
Low permeability,34.6,4215465.801296451,137428.3867624298,646145.5660369592,216426.04720028315,90312.37222016478,216426.04720028315,853790.9732458169,2261791.065972728,72049.49756906228,1080742.4635359342
Low permeability,34.7,4212307.509804961,137516.36818247556,646073.3103463488,216410.32147084788,90340.2066496027,216410.32147084788,857009.4117279147,2267415.8947415687,72502.41854003588,1087536.278100538
Low permeability,34.800000000000004,4209149.550145152,137604.44463447345,646001.0840363074,216394.4713288913,90367.45463615401,216394.4713288913,860228.1998531703,2273024.148866545,72956.46282217318,1094346.9423325977
Low permeability,34.9,4205991.92443641,137692.6163737942,645928.8848414011,216378.49878447692,90394.12188957777,216378.49878447692,863447.3300478092,2278615.851086376,73411.62710118276,1101174.4065177413
Low permeability,35.0,4202834.634772756,137780.88365445437,645856.7105305162,216362.4058147016,90420.21408156882,216362.4058147016,866666.7948001318,2284191.024338294,73867.90806588209,1108018.6209882312
Low permeability,35.1,4199677.683222605,137869.24672915615,645784.558907215,216346.194363301,90445.73684546718,216346.194363301,869886.5866610868,2289749.691759214,74325.30240826786,1114879.5361240178
Low permeability,35.2,4196521.071755807,137957.70584530855,645712.4279089578,216329.8662454058,90470.69564398793,216329.8662454058,873106.6984455166,2295291.8772779857,74783.80683680308,1121757.1025520463
Low permeability,35.300000000000004,4193364.802342213,138046.26125032062,645640.315473205,216313.42327614667,90495.09593984611,216313.42327614667,876327.1229682639,2300817.604823461,75243.41805995077,1128651.2708992616
Low permeability,35.4,4190208.8769516763,138134.91319160137,645568.2195374166,216296.86727065424,90518.9431957568,216296.86727065424,879547.8530441709,2306326.8983244887,75704.13278617388,1135561.9917926083
Low permeability,35.5,4187053.2975089788,138223.66191417092,645496.1381003832,216280.1999851181,90542.24279304766,216280.1999851181,882768.881612147,2311819.7820736216,76165.94773221549,1142489.2159832323
Low permeability,35.6,4183898.0659653605,138312.50766450076,645424.069124675,216263.42321049643,90565.00017026335,216263.42321049643,885990.2015288798,2317296.280142715,76628.85960806027,1149432.8941209042
Low permeability,35.7,4180743.184156003,138401.45068294418,645352.0107309668,216246.53858576118,90587.22055034415,216246.53858576118,889211.8059765998,2322756.417544055,77092.8651462879,1156392.9771943185
Low permeability,35.800000000000004,4177588.65390533,138490.4912092844,645279.9610545913,216229.54773579646,90608.90913617118,216229.54773579646,892433.6881677858,2328200.2193771955,77557.9610815845,1163369.4162237674
Low permeability,35.9,4174434.4770377656,138579.62948330466,645207.9182308813,216212.45228548627,90630.07113062555,216212.45228548627,895655.8413149163,2333627.7107416927,78024.14414863614,1170362.162229542
Low permeability,36.0,4171280.655353482,138668.86574352448,645135.8804282912,216195.25382785662,90650.7116887027,216195.25382785662,898878.2587013427,2339038.9169347063,78491.41108749373,1177371.1663124058
Low permeability,36.1,4168127.190659272,138758.20022883153,645063.8458060441,216177.95396479667,90670.83598581312,216177.95396479667,902100.9335837491,2344433.863195465,78959.75863516323,1184396.3795274484
Low permeability,36.2,4164974.084689124,138847.6331743758,644991.8126228151,216160.5542024813,90690.44905415508,216160.5542024813,905323.8594310994,2349812.5753556136,79429.18354468551,1191437.7531702826
Low permeability,36.300000000000004,4161821.3391374317,138937.16481325077,644919.7791913993,216143.05599502206,90709.55584639766,216143.05599502206,908547.0298294243,2355175.079570061,79899.68257815923,1198495.2386723885
Low permeability,36.4,4158668.955698588,139026.7953785498,644847.7438245917,216125.46079653065,90728.16131520997,216125.46079653065,911770.4383647549,2360521.401993715,80371.25249768309,1205568.7874652464
Low permeability,36.5,4155516.93605941,139116.5251029803,644775.7048455763,216107.7700511157,90746.27039699406,216107.7700511157,914994.0786465786,2365851.5688435193,80843.89006734177,1212658.3510101265
Low permeability,36.6,4152365.2818842037,139206.35421810648,644703.660608285,216089.98517328082,90763.88798425937,216089.98517328082,918217.944349646,2371165.6065193466,81317.59205609975,1219763.880841496
Low permeability,36.7,4149213.9948270204,139296.2829550245,644631.609480584,216072.1075640637,90781.0189526648,216072.1075640637,921442.0291753418,2376463.541502939,81792.35523446217,1226885.3285169324
Low permeability,36.800000000000004,4146063.07646605,139386.3115409819,644559.5499344101,216054.13852428028,90797.66801420867,216054.13852428028,924666.3270607259,2381745.4008973516,82268.17639301087,1234022.6458951628
Low permeability,36.9,4142912.5283794818,139476.44020322614,644487.4804416997,216036.07935474638,90813.83988088937,216036.07935474638,927890.8319428578,2387011.2118056393,82745.0523223276,1241175.7848349137
Low permeability,37.0,4139762.3521455047,139566.6691690048,644415.3994743895,216017.93135627796,90829.53926470522,216017.93135627796,931115.5377587978,2392261.001330858,83222.97981299422,1248344.6971949132
Low permeability,37.1,4136612.5493117496,139656.99866404606,644343.3055464446,215999.69578918163,90844.77080878404,215999.69578918163,934340.4385435152,2397494.796826126,83701.95566443689,1255529.3349665531
Low permeability,37.2,4133463.1214433163,139747.42891498085,644271.1971475742,215981.3739371173,90859.53920352967,215981.3739371173,937565.5282681375,2402712.625500528,84181.97666912596,1262729.6500368891
Low permeability,37.300000000000004,4130314.070024521,139837.96014446355,644199.072878752,215962.9669764567,90873.84895270356,215962.9669764567,940790.8011672415,2407914.5152244032,84663.03964405459,1269945.5946608188
Low permeability,37.4,4127165.3965297644,139928.59257465665,644126.9313546116,215944.476070404,90887.70453705765,215944.476070404,944016.2515078377,2413100.4939492964,85145.14140924763,1277177.1211387145
Low permeability,37.5,4124017.102433445,140019.32642772276,644054.771189786,215925.90238216353,90901.11043734387,215925.90238216353,947241.873556937,2418270.589626753,85628.27878473004,1284424.1817709503
Low permeability,37.6,4120869.189193907,140110.16192504927,643982.5910211089,215907.24705351403,90914.07109483796,215907.24705351403,950467.6616363073,2423424.8303392776,86112.44859602861,1291686.7289404292
Low permeability,37.7,4117721.6582723353,140201.09928817346,643910.3894812933,215888.5112302055,90926.59096381752,215888.5112302055,953693.6100520237,2428563.2441467885,86597.64766615942,1298964.7149923912
Low permeability,37.800000000000004,4114574.511081727,140292.13873635867,643838.1652696701,215869.6959936435,90938.67438104034,215869.6959936435,956919.713273594,2433685.8595020394,87083.87283443744,1306258.0925165615
Low permeability,37.9,4111427.7490038415,140383.2804873688,643765.9171288076,215850.8023834959,90950.32560528835,215850.8023834959,960145.9658782417,2438792.7051124116,87571.12095118777,1313566.8142678163
Low permeability,38.0,4108281.3734204364,140474.5247589676,643693.643801274,215831.83143943065,90961.54889534351,215831.83143943065,963372.3624431908,2443883.8096852885,88059.3888667356,1320890.8330010339
Low permeability,38.1,4105135.3857091675,140565.87176872825,643621.3440353423,215812.78419560165,90972.34849904124,215812.78419560165,966598.8975605222,2448959.201961179,88548.67343304922,1328230.1014957381
Low permeability,38.2,4101989.787228311,140657.3217333218,643549.0166061175,215793.66166023305,90982.72861605615,215793.66166023305,969825.5658889576,2454018.9108383246,89038.97150889611,1335584.5726334413
Low permeability,38.300000000000004,4098844.5793349417,140748.87486940806,643476.6602902252,215774.46484003906,90992.69344752416,215774.46484003906,973052.3620869449,2459062.9652260053,89530.2799522854,1342954.1992842809
Low permeability,38.400000000000006,4095699.763328188,140840.5313909714,643404.2739449183,215755.19466378255,91002.24703936013,215755.19466378255,976279.2810234261,2464091.394501287,90022.59564460411,1350338.9346690616
Low permeability,38.5,4092555.340507177,140932.29151199624,643331.8564274496,215735.85206022646,91011.39343747888,215735.85206022646,979506.317567343,2469104.2280412368,90515.91546723923,1357738.7320085883
Low permeability,38.6,4089411.3121710364,141024.15544646693,643259.4065950717,215716.4379581337,91020.13668779525,215716.4379581337,982733.4665876382,2474101.4952229215,91010.23630157784,1365153.5445236673
Low permeability,38.7,4086267.679598315,141116.1234074489,643186.9233337798,215696.95325844357,91028.48077852151,215696.95325844357,985960.7230306151,2479083.2255878095,91505.55503806897,1372583.3255710343
Low permeability,38.800000000000004,4083124.444078935,141208.19560853794,643114.4055134439,215677.39887769055,91036.42973642505,215677.39887769055,989188.0817931808,2484049.4485901897,92001.86856026328,1380028.028403949
Low permeability,38.900000000000006,4079981.6068470795,141300.37226088397,643041.8520819338,215657.77565685456,91043.9874285167,215657.77565685456,992415.5379852907,2489000.1941276076,92499.17377726096,1387487.6066589141
Low permeability,39.0,4076839.169128236,141392.65357525085,642969.2619992925,215638.08442512894,91051.15769675214,215638.08442512894,995643.0867502658,2493935.492166706,92997.46760218365,1394962.0140327546
Low permeability,39.1,4073697.1321478905,141485.03976240242,642896.6342255628,215618.3260117071,91057.94438308702,215618.3260117071,998870.7232314276,2498855.3726741257,93496.7469481531,1402451.2042222964
Low permeability,39.2,4070555.4971210365,141577.53103265783,642823.9677355611,215598.5012314535,91064.35129739315,215598.5012314535,1002098.442614231,2503759.8656983054,93997.00873371042,1409955.1310056562
Low permeability,39.300000000000004,4067414.265263228,141670.12759636485,642751.2615031146,215578.61090019287,91070.3822562348,215578.61090019287,1005326.240076905,2508649.0012872526,94498.24987561736,1417473.7481342603
Low permeability,39.400000000000006,4064273.437758733,141762.82966259308,642678.514546062,215558.65579101729,91076.04098175214,215558.65579101729,1008554.1109221107,2513522.8097337508,95000.46730643997,1425007.0095965995
Low permeability,39.5,4061133.0157674737,141855.63743939053,642605.7259165588,215538.63664372306,91081.33112063732,215538.63664372306,1011782.0505512824,2518381.3215195225,95503.65797162474,1432554.869574371
Low permeability,39.6,4057993.000449371,141948.55113480522,642532.8946667606,215518.5541981065,91086.25631958246,215518.5541981065,1015010.0543658548,2523224.56712629,96007.81881661821,1440117.282249273
Low permeability,39.7,4054853.3929610057,142041.5709567526,642460.0198535711,215498.4091893486,91090.82021409301,215498.4091893486,1018238.1177816573,2528052.5770607926,96512.94678890145,1447694.2018335215
Low permeability,39.800000000000004,4051714.1944379136,142134.6971122971,642387.1005636649,215478.20232371037,91095.02637224026,215478.20232371037,1021466.2363021463,2532865.381990524,97019.03884781142,1455285.5827171712
Low permeability,39.900000000000006,4048575.406045148,142227.9298097242,642314.1358415592,215457.93434838898,91098.8784662768,215457.93434838898,1024694.4052983026,2537663.012367752,97526.09193302339,1462891.3789953506
Low permeability,40.0,4045437.028877815,142321.26925457735,642241.1248311877,215437.6059139073,91102.37993422154,215437.6059139073,1027922.6204425436,2542445.4991685525,98034.10302682097,1470511.5454023145
Low permeability,40.1,4042299.064031022,142414.71565239993,642168.0666764843,215417.21767078806,91105.53421409336,215417.21767078806,1031150.8774072876,2547212.873369003,98543.06911148792,1478146.0366723186
Low permeability,40.2,4039161.512599875,142508.2692087353,642094.9605213829,215396.77026955414,91108.34474391118,215396.77026955414,1034379.171864952,2551965.1659451798,99052.98716930783,1485794.8075396174
Low permeability,40.300000000000004,4036024.375679482,142601.93012912685,642021.8055098172,215376.26436072827,91110.81496169386,215376.26436072827,1037607.4994879544,2556702.4078731593,99563.85418256439,1493457.8127384656
Low permeability,40.400000000000006,4032887.654344003,142695.69861835756,641948.6008157487,215355.70056556608,91112.9482302205,215355.70056556608,1040835.8560441372,2561424.6302790563,100075.66714801587,1501135.007220238
Low permeability,40.5,4029751.3496883097,142789.57488196745,641875.3455830342,215335.07953467072,91114.74799574439,215335.07953467072,1044064.2371979164,2566131.864152885,100588.42304507484,1508826.3456761225
Low permeability,40.6,4026615.462762708,142883.55912394772,641802.0390195526,215314.40185617193,91116.21754204367,215314.40185617193,1047292.6388191995,2570824.1408009827,101102.1188847477,1516531.7832712154
Low permeability,40.7,4023479.9946016856,142977.65154772374,641728.6803559212,215293.66809602745,91117.36009481069,215293.66809602745,1050521.0568512308,2575501.49164133,101616.75168939415,1524251.2753409122
Low permeability,40.800000000000004,4020344.9462397317,143071.85235672086,641655.2688227566,215272.87882019492,91118.1788797378,215272.87882019492,1053749.4872372546,2580163.9480919098,102132.31848137398,1531984.7772206094
Low permeability,40.900000000000006,4017210.3187113344,143166.16175436447,641581.8036506758,215252.03459463207,91118.67712251731,215252.03459463207,1056977.925920516,2584811.541570703,102648.81628304695,1539732.244245704
Low permeability,41.0,4014076.1130438093,143260.5799438524,641508.2840807285,215231.13597509143,91118.85802027072,215231.13597509143,1060206.3688797757,2589444.3035427188,103166.2421227113,1547493.631840669
Low permeability,41.1,4010942.330257878,143355.10712816127,641434.7093632799,215210.18350823122,91118.72474927366,215210.18350823122,1063434.8121210125,2594062.2655250635,103684.59303221239,1555268.8954831855
Low permeability,41.2,4007808.971373938,143449.74351031097,641361.078748994,215189.17774036742,91118.28048840992,215189.17774036742,1066663.2516479662,2598665.4590437664,104203.86604227827,1563057.9906341739
Low permeability,41.300000000000004,4004676.0373740206,143544.48929212952,641287.3915444023,215168.1191631405,91117.52826245097,215168.1191631405,1069891.6836556613,2603253.915874337,104724.05821585745,1570860.8732378616
Low permeability,41.400000000000006,4001543.529240158,143639.3446754449,641213.6470560364,215147.00826819113,91116.47109616832,215147.00826819113,1073120.1043391218,2607827.667792286,105245.16661589843,1578677.4992384762
Low permeability,41.5,3998411.4479543827,143734.30986208512,641139.8445904275,215125.84554715976,91115.11201433344,215125.84554715976,1076348.5098933722,2612386.746573122,105767.18830534964,1586507.8245802445
Low permeability,41.6,3995279.7944987267,143829.38505387816,641065.9834541072,215104.63149168697,91113.45404171782,215104.63149168697,1079576.896513437,2616931.1839923575,106290.1203471597,1594351.8052073952
Low permeability,41.7,3992148.56983607,143924.57045213872,640992.0629817856,215083.3665657481,91111.50012125229,215083.3665657481,1082805.2604948196,2621461.011940829,106813.95982218454,1602209.3973327677
Low permeability,41.800000000000004,3989017.7749504745,144019.86625875378,640918.0824765242,215062.05126439445,91109.25329549305,215062.05126439445,1086033.5980127892,2625976.2621998033,107338.70378807496,1610080.556821124
Low permeability,41.900000000000006,3985887.410784618,144115.2726745703,640844.0413025538,215040.68602254824,91106.71642529253,215040.68602254824,1089261.905464663,2630476.966790762,107864.34934297086,1617965.2401445627
Low permeability,42.0,3982757.478275253,144210.7899002807,640769.9388328608,215019.27126653094,91103.89234547013,215019.27126653094,1092490.1792795605,2634963.1577694747,108390.89359081829,1625863.4038622743
Low permeability,42.1,3979627.978359134,144306.41813657762,640695.7744404308,214997.807422664,91100.78389084528,214997.807422664,1095718.4158866017,2639434.8671917133,108918.33363556342,1633775.004533451
Low permeability,42.2,3976498.9119730135,144402.1575841535,640621.54749825,214976.29491726888,91097.3938962374,214976.29491726888,1098946.6117149058,2643892.127113247,109446.6665811523,1641699.9987172843
Low permeability,42.300000000000004,3973370.280045192,144498.00844353045,640547.2573919946,214954.73416414746,91093.72515615204,214954.73416414746,1102174.7632421895,2648334.969631992,109975.88954104412,1649638.3431156615
Low permeability,42.400000000000006,3970242.0835069097,144593.97091527472,640472.9035025738,214933.1255818238,91089.78048522337,214933.1255818238,1105402.866923145,2652763.426845023,110505.99962299546,1657589.9943449313
Low permeability,42.5,3967114.3232766604,144690.04519975238,640398.4852299512,214911.4695699689,91085.56263896436,214911.4695699689,1108630.9192841304,2657177.5309173623,111036.99394842972,1665554.9092264455
Low permeability,42.6,3963987.000252233,144786.23149693056,640324.0020052562,214889.76649748557,91081.07427276779,214889.76649748557,1111858.916971933,2661577.314114317,111568.86966260457,1673533.0449390684
Low permeability,42.7,3960860.1153314146,144882.5300067765,640249.4532596193,214868.01673327666,91076.31804202643,214868.01673327666,1115086.8566333386,2665962.808701191,112101.62391077752,1681524.3586616623
Low permeability,42.800000000000004,3957733.669411994,144978.94092925743,640174.8384241699,214846.22064624503,91071.29660213305,214846.22064624503,1118314.7349151336,2670334.0469432916,112635.2538382061,1689528.8075730912
Low permeability,42.900000000000006,3954607.663391759,145075.46446434053,640100.1569300384,214824.37860529352,91066.01260848047,214824.37860529352,1121542.5484641043,2674691.0611059237,113169.75659014788,1697546.348852218
Low permeability,43.0,3951482.0981515707,145172.10081177292,640025.4082341628,214802.49095373662,91060.46862970147,214802.49095373662,1124770.2940305038,2679033.8835247606,113705.12933332483,1705576.9399998721
Low permeability,43.1,3948356.9745918876,145268.85017155934,639950.5917630546,214780.55806505846,91054.66734381353,214780.55806505846,1127997.968235861,2683362.546477369,114241.3692059148,1713620.5380887217
Low permeability,43.2,3945232.2935777437,145365.71274331416,639875.7069976776,214758.58025868062,91048.6112403472,214758.58025868062,1131225.567925226,2687677.082371459,114778.47339383257,1721677.1009074883
Low permeability,43.300000000000004,3942108.055973516,145462.6887266438,639800.7534200046,214736.55785302393,91042.30280534901,214736.55785302393,1134453.089947782,2691977.523617172,115316.43908387412,1729746.5862581115
Low permeability,43.400000000000006,3938984.2626435803,145559.77832115482,639725.7305120084,214714.4911665092,91035.7445248655,214714.4911665092,1137680.5311527122,2696263.902624649,115855.26346283547,1737828.9519425319
Low permeability,43.5,3935860.914452314,145656.98172645364,639650.6377556615,214692.38051755723,91028.9388849432,214692.38051755723,1140907.8883891995,2700536.2518040305,116394.94371751255,1745924.155762688
Low permeability,43.6,3932738.012255746,145754.29914211985,639575.4746460285,214670.22621152402,91021.88832345296,214670.22621152402,1144135.1585629238,2704794.603586045,116935.4770475362,1754032.1557130427
Low permeability,43.7,3929615.5569166704,145851.73076773537,639500.2406671197,214648.0285648173,91014.5953240437,214648.0285648173,1147362.3385270238,2709038.9904042045,117476.86063923061,1762152.909588459
Low permeability,43.800000000000004,3926493.549281231,145949.27680288954,639424.9353291119,214625.78786767094,91007.06227367418,214625.78786767094,1150589.4252479868,2713269.4447323247,118019.091704733,1770286.3755709948
Low permeability,43.900000000000006,3923371.990185281,146046.93744715265,639349.5581584057,214603.50439411396,90999.2914986818,214603.50439411396,1153816.4157631928,2717485.999066231,118562.16747252527,1778432.5120878788
Low permeability,44.0,3920250.880464672,146144.71290009498,639274.108681402,214581.1784181753,90991.28532540388,214581.1784181753,1157043.3071100216,2721688.685901749,119106.0851710893,1786591.2775663391
Low permeability,44.1,3917130.220955258,146242.6033612868,639198.5864245016,214558.81021388393,90983.04608017778,214558.81021388393,1160270.096325854,2725877.537734705,119650.84202890705,1794762.6304336055
Low permeability,44.2,3914010.012491041,146340.60903031536,639122.990917103,214536.40005225394,90974.57607732083,214536.40005225394,1163496.7804619563,2730052.5870615714,120196.43527789095,1802946.5291683641
Low permeability,44.300000000000004,3910890.255898872,146438.73010680926,639047.3216999292,214513.94819293387,90965.87758851383,214513.94819293387,1166723.356619426,2734213.8663934553,120742.86216149453,1811142.9324224177
Low permeability,44.400000000000006,3907770.9520116956,146536.96679036872,638971.5783035436,214491.45490575998,90956.95292910883,214491.45490575998,1169949.8218495671,2738361.4082530458,121290.11991000098,1819351.7986500147
Low permeability,44.5,3904652.1016411423,146635.31928081703,638895.7602931389,214468.9204257164,90947.80427493222,214468.9204257164,1173176.1733647452,2742495.245167821,121838.20579365296,1827573.0869047942
Low permeability,44.6,3901533.705598843,146733.78777797744,638819.8672339077,214446.34498778716,90938.43380181046,214446.34498778716,1176402.4083773268,2746615.4096652595,122387.11708269318,1835806.7562403975
Low permeability,44.7,3898415.7646964286,146832.3724816733,638743.8986910427,214423.72882695636,90928.84368556998,214423.72882695636,1179628.5240996776,2750721.9342728383,122936.85104736427,1844052.765710464
Low permeability,44.800000000000004,3895298.27974553,146931.07359172782,638667.8542297364,214401.07217820807,90919.03610203724,214401.07217820807,1182854.5177441635,2754814.851518035,123487.40495790889,1852311.0743686333
Low permeability,44.900000000000006,3892181.2515502633,147029.89130813326,638591.7334277213,214378.37526381778,90909.0131735951,214378.37526381778,1186080.3865842775,2758894.193916715,124038.77610057463,1860581.6415086193
Low permeability,45.0,3889064.680922313,147128.82583068422,638515.5358495521,214355.6383194359,90898.77708378976,214355.6383194359,1189306.127824584,2762959.99402208,124590.96174204646,1868864.4261306967
Low permeability,45.1,3885948.5686572846,147227.87735960627,638439.2610868338,214332.86155323221,90888.32989898058,214332.86155323221,1192531.7388033436,2767012.28435383,125143.95918452131,1877159.3877678197
Low permeability,45.2,3882832.915546376,147327.04609523388,638362.9087385982,214310.0451658402,90877.67365324951,214310.0451658402,1195757.2168956113,2771051.0974217807,125697.7657400111,1885466.4861001663
Low permeability,45.300000000000004,3879717.7223807834,147426.33223790157,638286.4784038775,214287.18935789322,90866.81038067851,214287.18935789322,1198982.5594764424,2775076.465735749,126252.37872052773,1893785.680807916
Low permeability,45.400000000000006,3876602.9899517046,147525.73598794383,638209.9696817036,214264.2943300248,90855.74211534947,214264.2943300248,1202207.7639208923,2779088.421805551,126807.79543808315,1902116.931571247
Low permeability,45.5,3873488.719047587,147625.25754581086,638133.3821759297,214241.36027793173,90844.47086890285,214241.36027793173,1205432.8276293236,2783086.998127038,127364.0132118879,1910460.1981783186
Low permeability,45.6,3870374.9104557442,147724.89711196607,638056.7154920087,214218.38739569756,90832.9986485691,214218.38739569756,1208657.7480076556,2787072.2272081887,127921.02936178337,1918815.4404267503
Low permeability,45.7,3867261.5649615014,147824.65488698916,637979.9692386864,214195.3758739968,90821.32744784914,214195.3758739968,1211882.5224776412,2791044.141557392,128478.84121154316,1927182.6181731476
Low permeability,45.800000000000004,3864148.6833389592,147924.53107195665,637903.1430444823,214172.32588323328,90809.45916742369,214172.32588323328,1215107.1485655764,2795002.7736218455,129037.4461148965,1935561.6917234475
Low permeability,45.900000000000006,3861036.2663622187,148024.5258679452,637826.2365379161,214149.237593811,90797.3957079735,214149.237593811,1218331.623797756,2798948.155848747,129596.84142557258,1943952.6213835888
Low permeability,46.0,3857924.314805379,148124.6394760313,637749.2493475071,214126.11117613388,90785.1389701793,214126.11117613388,1221555.9457004757,2802880.3206852935,130157.02449730058,1952355.3674595086
Low permeability,46.1,3854812.8294425416,148224.8720972916,637672.1811017748,214102.9468006059,90772.69085472182,214102.9468006059,1224780.1118000313,2806799.300578683,130717.99268380976,1960769.8902571464
Low permeability,46.2,3851701.8110414855,148325.2239332042,637595.031440782,214079.74462568611,90760.0532052184,214079.74462568611,1228004.119686503,2810705.127924895,131279.74335797393,1969196.150369609
Low permeability,46.300000000000004,3848591.260376867,148425.6951847686,637517.7999913646,214056.5048235391,90747.22793537709,214056.5048235391,1231227.9668725275,2814597.835207967,131842.27386780578,1977634.1080170865
Low permeability,46.400000000000006,3845481.1782099428,148526.28605392153,637440.4864052642,214033.22754048658,90734.21683275815,214033.22754048658,1234451.6510112234,2818477.4547840767,132405.58160442355,1986083.7240663534
Low permeability,46.5,3842371.565300658,148626.99674268844,637363.0903366631,214009.91292032084,90721.02167257166,214009.91292032084,1237675.1697694617,2822344.0189968655,132969.66396316665,1994544.9594474998
Low permeability,46.6,3839262.422408956,148727.8274530949,637285.6114397433,213986.56110683415,90707.64423002774,213986.56110683415,1240898.520814114,2826197.560189976,133534.51833937448,2003017.7750906171
Low permeability,46.7,3836153.7502947813,148828.7783871664,637208.0493686871,213963.1722438188,90694.0862803365,213963.1722438188,1244121.7018120515,2830038.1107070507,134100.1421283864,2011502.1319257957
Low permeability,46.800000000000004,3833045.549715331,148929.8497471951,637130.4037830887,213939.74646938863,90680.34956940361,213939.74646938863,1247344.7104624636,2833865.7028524913,134666.53273607255,2019997.9910410882
Low permeability,46.900000000000006,3829937.8214290873,149031.04173529474,637052.6743394719,213916.2839249058,90666.43586294142,213916.2839249058,1250567.5444432686,2837680.368974522,135233.6875602472,2028505.313403708
Low permeability,47.0,3826830.566189809,149132.35455408064,636974.8607036123,213892.7847419794,90652.34687691294,213892.7847419794,1253790.2014873617,2841482.1413581255,135801.60401641906,2037024.0602462855
Low permeability,47.1,3823723.784745875,149233.78840671293,636896.9625519934,213869.24904096604,90638.08426858693,213869.24904096604,1257012.6793922535,2845271.0522061675,136370.27954138044,2045554.1931207066
Low permeability,47.2,3820617.4778456674,149335.34349635185,636818.9795610983,213845.6769422222,90623.64969523222,213845.6769422222,1260234.9759554549,2849047.1337215113,136939.7115719236,2054095.673578854
Low permeability,47.300000000000004,3817511.646237567,149437.02002615755,636740.9114074104,213822.06856610443,90609.04481411759,213822.06856610443,1263457.0889744756,2852810.418107022,137509.89754484076,2062648.4631726113
Low permeability,47.400000000000006,3814406.2906698477,149538.81819930553,636662.7577676425,213798.42403272432,90594.27128115475,213798.42403272432,1266679.0162483053,2856560.9375631595,138080.83489744406,2071212.5234616606
Low permeability,47.5,3811301.411886263,149640.7382195775,636584.5183279645,213774.74345213044,90579.33069798208,213774.74345213044,1269900.7556353349,2860298.724203114,138652.52108734788,2079787.8163102178
Low permeability,47.6,3808197.010635422,149742.78029003672,636506.1927635713,213751.02694606435,90564.224733414,213751.02694606435,1273122.304921203,2864023.8102734066,139224.95354564858,2088374.3031847284
Low permeability,47.7,3805093.08765643,149844.9446151452,636427.7807702925,213727.2746142346,90548.95493391853,213727.2746142346,1276343.6620247993,2867736.2278023325,139798.12975038838,2096971.9462558257
Low permeability,47.800000000000004,3801989.6436883914,149947.23139936491,636349.2820439576,213703.48655634985,90533.52284596371,213703.48655634985,1279564.824865012,2871436.008818188,140372.04717960965,2105580.7076941445
Low permeability,47.900000000000006,3798886.679470412,150049.64084715783,636270.696280396,213679.6628721186,90517.9300160176,213679.6628721186,1282785.7913607308,2875123.185349268,140946.7033113546,2114200.549670319
Low permeability,48.0,3795784.1957415957,150152.1731629859,636192.0231754369,213655.80366124952,90502.17799054823,213655.80366124952,1286006.5594308444,2878797.789423868,141522.09562366552,2122831.434354983
Low permeability,48.1,3792682.1932373233,150254.8285520681,636113.2624339226,213631.90901368164,90486.26825832609,213631.90901368164,1289227.1270564215,2882459.852943924,142098.2216180245,2131473.3242703676
Low permeability,48.2,3789580.6726984233,150357.60721837406,636034.4137465515,213607.97903474688,90470.20240258277,213607.97903474688,1292447.4921173707,2886109.4080408844,142675.07875628318,2140126.1813442474
Low permeability,48.300000000000004,3786479.6348596984,150460.50936721245,635955.4768186767,213584.01381378333,90453.98191232116,213584.01381378333,1295667.6525951957,2889746.4866418648,143252.6645384587,2148789.9680768806
Low permeability,48.400000000000006,3783379.080452227,150563.53520468532,635876.451364801,213560.01343018602,90437.6082173724,213560.01343018602,1298887.6065350885,2893371.1205416163,143830.97648876018,2157464.6473314026
Low permeability,48.5,3780279.0102070887,150666.68493689486,635797.3370994276,213535.97796335,90421.08274756759,213535.97796335,1302107.351982241,2896983.341534892,144410.01213139668,2166150.18197095
Low permeability,48.6,3777179.424855362,150769.95876994322,635718.133737059,213511.90749267023,90404.40693273787,213511.90749267023,1305326.8869818458,2900583.181416444,144989.76899057737,2174846.534858661
Low permeability,48.7,3774080.3251281264,150873.3569099325,635638.8409921981,213487.80209754177,90387.58220271434,213487.80209754177,1308546.2095790943,2904170.6719810246,145570.24459051137,2183553.6688576704
Low permeability,48.800000000000004,3770981.7117564604,150976.87956296492,635559.4585793478,213463.66185735966,90370.60998732812,213463.66185735966,1311765.317819179,2907745.845023386,146151.43645540773,2192271.546831116
Low permeability,48.900000000000006,3767883.5854680883,151080.52693618348,635479.9862224752,213439.48684101377,90353.49165057868,213439.48684101377,1314984.209817519,2911308.7321668537,146733.34213774372,2201000.1320661553
Low permeability,49.0,3764785.9469945403,151184.29923530732,635400.4236330761,213415.27713128895,90336.22864868355,213415.27713128895,1318202.883592086,2914859.3653106424,147315.95914839543,2209739.387225931
Low permeability,49.1,3761688.797061742,151288.19666804367,635320.7705395335,213391.03279209518,90318.82231680503,213391.03279209518,1321421.3372894994,2918397.7760204053,147899.2850512433,2218489.275768649
Low permeability,49.2,3758592.136394749,151392.21944239512,635241.0266728213,213366.753884456,90301.27397163343,213366.753884456,1324639.5690760151,2921923.995811084,148483.31741824537,2227249.7612736803
Low permeability,49.300000000000004,3755495.9657186186,151496.36776636416,635161.1917639133,213342.44046939502,90283.58492985906,213342.44046939502,1327857.5771178887,2925438.056197619,149068.05382135982,2236020.807320397
Low permeability,49.400000000000006,3752400.285758407,151600.6418479534,635081.2655437832,213318.09260793575,90265.75650817223,213318.09260793575,1331075.3595813764,2928939.988694952,149653.4918325447,2244802.3774881703
Low permeability,49.5,3749305.0972391707,151705.04189516534,635001.2477434053,213293.71036110178,90247.79002326324,213293.71036110178,1334292.9146327337,2932429.8248180235,150239.62902375814,2253594.435356372
Low permeability,49.6,3746210.4008848267,151809.56811663214,634921.1380981198,213269.29378492045,90229.68675788135,213269.29378492045,1337510.2404739265,2935907.5959732523,150826.4629826669,2262396.944740003
Low permeability,49.7,3743116.1974197314,151914.2207204485,634840.9363399643,213244.84293925963,90211.44802391066,213244.84293925963,1340727.335276809,2939373.333682659,151413.991282186,2271209.8692327896
Low permeability,49.800000000000004,3740022.4875671305,152018.99991541018,634760.6422051956,213220.3578790666,90193.07510028292,213220.3578790666,1343944.1972479993,2942827.069367287,152002.21151023087,2280033.1726534623
Low permeability,49.900000000000006,3736929.272048223,152123.90591153965,634680.2554383243,213195.83864980843,90174.56920087142,213195.83864980843,1347160.824662448,2946268.83423553,152591.1212850881,2288866.8192763207
Low permeability,50.0,3733836.5515842065,152228.93891885938,634599.7757838608,213171.28529695212,90155.93153954945,213171.28529695212,1350377.2157951058,2949698.659495778,153180.71822504426,2297710.773375663
Low permeability,50.1,3730744.326896279,152334.09914739188,634519.2029863157,213146.6978659648,90137.16333019026,213146.6978659648,1353593.3689209248,2953116.576356425,153770.99994838607,2306564.99922579
Low permeability,50.2,3727652.598705639,152439.3868071596,634438.5367901992,213122.07640231348,90118.26578666715,213122.07640231348,1356809.2823148556,2956522.6160258623,154361.9640734001,2315429.4611010007
Low permeability,50.300000000000004,3724561.3677334134,152544.8021082753,634357.7769405044,213097.42095089264,90099.24011866738,213097.42095089264,1360024.9542561972,2959916.8096966376,154953.60822045,2324304.1233067494
Low permeability,50.400000000000006,3721470.634699531,152650.3452619848,634276.9231885581,213072.73154912953,90080.08748285982,213072.73154912953,1363240.3830795966,2963299.188372966,155545.93003550492,2333188.9505325733
Low permeability,50.5,3718380.400325067,152756.01647778827,634195.9752761745,213048.00824570967,90060.80912024631,213048.00824570967,1366455.5670324776,2966669.783395104,156138.9271217293,2342083.906825939
Low permeability,50.6,3715290.66532911,152861.81596787125,634114.9329591932,213023.25107260793,90041.40614925782,213023.25107260793,1369670.5044895064,2970028.6256365655,156732.59714326417,2350988.957148962
Low permeability,50.7,3712201.430430749,152967.74394441926,634033.7959934539,212998.46006179918,90021.8796883253,212998.46006179918,1372885.1938253476,2973375.7459708615,157326.93776425044,2359904.0664637564
Low permeability,50.800000000000004,3709112.696349073,153073.8006196178,633952.5641347963,212973.6352452583,90002.2308558797,212973.6352452583,1376099.6334146673,2976711.175271505,157921.94664882906,2368829.1997324354
Low permeability,50.900000000000006,3706024.4638031726,153179.98620565236,633871.2371390599,212948.77665496015,89982.46077035199,212948.77665496015,1379313.8216321305,2980034.9444120075,158517.621461141,2377764.321917115
Low permeability,51.0,3702936.733512135,153286.3009147084,633789.8147620844,212923.88432287963,89962.57055017311,212923.88432287963,1382527.7568524026,2983347.084265881,159113.95986532714,2386709.3979799068
Low permeability,51.1,3699849.5061948835,153392.74496000962,633708.2967641575,212898.95827550525,89942.56127144345,212898.95827550525,1385741.4374936854,2986647.625526268,159710.95954768392,2395664.3932152577
Low permeability,51.2,3696762.782570009,153499.3185534022,633626.6828999473,212873.99854632292,89922.43406736263,212873.99854632292,1388954.8619160329,2989936.5991569962,160308.61816305522,2404629.2724458277
Low permeability,51.300000000000004,3693676.563356049,153606.0219086224,633544.9729316402,212849.00515940975,89902.18999769668,212849.00515940975,1392168.0285548794,2993214.035802612,160906.93340508197,2413604.001076229
Low permeability,51.400000000000006,3690590.849271506,153712.85524014797,633463.1666244998,212823.97813502458,89881.83009233352,212823.97813502458,1395380.935876311,2996479.965976796,161505.902983246,2422588.5447486895
Low permeability,51.5,3687505.641034884,153819.8187624567,633381.2637437894,212798.91749342627,89861.35538116103,212798.91749342627,1398593.5823464144,2999734.42019323,162105.52460702905,2431582.869105435
Low permeability,51.6,3684420.939364685,153926.91269002637,633299.2640547723,212773.82325487366,89840.76689406714,212773.82325487366,1401805.9664312766,3002977.4289655946,162705.79598591302,2440586.9397886945
Low permeability,51.7,3681336.744979413,154034.1372373347,633217.167322712,212748.69543962565,89820.06566093974,212748.69543962565,1405018.0865969842,3006209.022807571,163306.7148293797,2449600.7224406945
Low permeability,51.800000000000004,3678253.058597811,154141.49261936732,633134.9733145578,212723.53406574723,89799.25269349327,212723.53406574723,1408229.941328066,3009429.2321432373,163908.27885712087,2458624.1828568126
Low permeability,51.900000000000006,3675169.8809382925,154248.97905114797,633052.6817976069,212698.33915091745,89778.32900205615,212698.33915091745,1411441.529110802,3012638.087407003,164510.4857886204,2467657.2868293053
Low permeability,52.0,3672087.2127190516,154356.59674753828,632970.2925383521,212673.110713782,89757.29560592155,212673.110713782,1414652.8484225678,3015835.619087498,165113.33333774738,2476700.00006621
Low permeability,52.1,3669005.054659334,154464.34592542556,632887.8053098351,212647.8487644117,89736.15345288256,212647.8487644117,1417863.8978132117,3019021.857316709,165716.81925877652,2485752.2888816474
Low permeability,52.2,3665923.4074783856,154572.2268016972,632805.2198850977,212622.55331287746,89714.90349073228,212622.55331287746,1421074.675832582,3022196.832226621,166320.94130598244,2494814.119589736
Low permeability,52.300000000000004,3662842.2718954524,154680.23959324046,632722.5360371817,212597.22436925015,89693.54666726381,212597.22436925015,1424285.181030527,3025360.57394922,166925.6972336398,2503885.4585045963
Low permeability,52.400000000000006,3659761.64862978,154788.38451694278,632639.7535391289,212571.86194360067,89672.08393027028,212571.86194360067,1427495.4119568951,3028513.1126164915,167531.0847960232,2512966.2719403477
Low permeability,52.5,3656681.5384006146,154896.66178969142,632556.872163981,212546.4660459999,89650.51622754475,212546.4660459999,1430705.3671615347,3031654.478360421,168137.10174740732,2522056.526211109
Low permeability,52.6,3653601.9419284547,155005.07162986853,632473.8916887533,212521.03668105058,89628.84445936019,212521.03668105058,1433915.045242056,3034784.7010549493,168743.74587013313,2531156.1880519963
Low permeability,52.7,3650522.859931346,155113.61425363162,632390.8118847096,212495.57386133104,89607.06959822045,212495.57386133104,1437124.4447240676,3037903.810997623,169351.01490206865,2540265.223531029
Low permeability,52.800000000000004,3647444.293130218,155222.28988015244,632307.6325306526,212470.0775888674,89585.19252317325,212470.0775888674,1440333.5642267638,3041011.837960796,169958.90663729917,2549383.599559487
Low permeability,52.900000000000006,3644366.24224622,155331.09872883488,632224.3534059806,212444.54786485687,89563.21410593814,212444.54786485687,1443542.4023766797,3044108.8116757134,170567.418874314,2558511.2831147094
Low permeability,53.0,3641288.708000501,155440.04101908288,632140.9742900927,212418.98469049679,89541.13521823466,212418.98469049679,1446750.9578003495,3047194.76187362,171176.54941160235,2567648.2411740343
Low permeability,53.1,3638211.691114212,155549.11697030033,632057.4949623876,212393.38806698445,89518.95673178235,212393.38806698445,1449959.229124309,3050269.7182857622,171786.29604765357,2576794.440714803
Low permeability,53.2,3635135.1923085004,155658.32680189118,631973.9152022641,212367.75799551714,89496.6795183008,212367.75799551714,1453167.2149750926,3053333.7106433846,172396.65658095694,2585949.8487143535
Low permeability,53.300000000000004,3632059.212305702,155767.67073419917,631890.2347910395,212342.0944744337,89474.3044229355,212342.0944744337,1456374.9140055643,3056386.768513152,173007.62882686924,2595114.4324030383
Low permeability,53.400000000000006,3628983.7518264917,155877.1489865765,631806.4535081653,212316.39750493056,89451.83231928556,212316.39750493056,1459582.3248408018,3059428.9216600256,173619.21058140817,2604288.1587211224
Low permeability,53.5,3625908.811593178,155986.76177970038,631722.5711355162,212290.66708445587,89429.26404611039,212290.66708445587,1462789.4461404143,3062460.199634313,174231.3996626389,2613470.9949395834
Low permeability,53.6,3622834.3923298307,156096.50933558945,631638.5874576191,212264.9032064637,89406.60040467368,212264.9032064637,1465996.2766010873,3065480.6317500486,174844.19391266102,2622662.908689915
Low permeability,53.7,3619760.4947605203,156206.39187626238,631554.5022590018,212239.10586440813,89383.84219623916,212239.10586440813,1469202.8149195053,3068490.2473212657,175457.59117357398,2631863.8676036093
Low permeability,53.800000000000004,3616687.119609317,156316.4096237378,631470.3153241914,212213.2750517432,89360.99022207053,212213.2750517432,1472409.0597923528,3071489.075661998,176071.58928747728,2641073.839312159
Low permeability,53.900000000000006,3613614.2676002905,156426.56280003436,631386.026437715,212187.41076192298,89338.0452834315,212187.41076192298,1475615.009916315,3074477.146086279,176686.18609647042,2650292.7914470565
Low permeability,54.0,3610541.9394582594,156536.85162762835,631301.6353848086,212161.51298723544,89315.00816997915,212161.51298723544,1478820.6639993927,3077454.4878260563,177301.37945061194,2659520.691759179
Low permeability,54.1,3607470.135909945,156647.27633028704,631217.1419529082,212135.58171647709,89291.8796376393,212135.58171647709,1482026.0207827059,3080421.129887558,177917.1672223461,2668757.508335191
Low permeability,54.2,3604398.8576756706,156757.83712810162,631132.5459235787,212109.61694799204,89268.66053866367,212109.61694799204,1485231.0789137702,3083377.1019764245,178533.54721700668,2678003.2082551
Low permeability,54.300000000000004,3601328.1054838435,156868.53424612244,631047.8470858473,212083.6186677027,89245.35160149916,212083.6186677027,1488435.8371607824,3086322.4329213435,179150.51732490247,2687257.759873537
Low permeability,54.400000000000006,3598257.8800628697,156979.36790939982,630963.045228741,212057.5868615316,89221.95355459272,212057.5868615316,1491640.29429194,3089257.1515510012,179768.07543634216,2696521.131545132
Low permeability,54.5,3595188.1821411555,157090.33834298412,630878.1401412871,212031.52151540117,89198.46712639126,212031.52151540117,1494844.44907544,3092181.2866940848,180386.2194416344,2705793.291624516
Low permeability,54.6,3592119.012447107,157201.44577192573,630793.1316125129,212005.42261523384,89174.89304534171,212005.42261523384,1498048.3002794795,3095094.867179281,181004.94723108807,2715074.2084663203
Low permeability,54.7,3589050.371709131,157312.69042127498,630708.0194314453,211979.2901469521,89151.23203989101,211979.2901469521,1501251.8466722553,3097997.921835277,181624.25669501175,2724363.850425176
Low permeability,54.800000000000004,3585982.2606556336,157424.07251608217,630622.8033871119,211953.12409647836,89127.48483848607,211953.12409647836,1504455.087021965,3100890.47949076,182244.14572371423,2733662.185855713
Low permeability,54.900000000000006,3582914.680016643,157535.5922822493,630537.4832694782,211926.92444794497,89103.65215064416,211926.92444794497,1507658.020114965,3103772.568823521,182864.61222147432,2742969.1833221144
Low permeability,55.0,3579847.6305228234,157647.2499462239,630452.0588692809,211900.6911841676,89079.73467356313,211900.6911841676,1510860.6447498403,3106644.2184369094,183485.65410027996,2752284.811504199
Low permeability,55.1,3576781.1129002245,157759.0457322265,630366.5299746208,211874.4242928251,89055.73315679008,211874.4242928251,1514062.959675215,3109505.457366974,184107.2692325874,2761609.0384888104
Low permeability,55.2,3573715.1278829887,157870.979868689,630280.8963780924,211848.12375289103,89031.64825733348,211848.12375289103,1517264.9637283697,3112356.3139055027,184729.45555952948,2770941.833392942
Low permeability,55.300000000000004,3570649.676205259,157983.05258404327,630195.1578722902,211821.78954333885,89007.4806322018,211821.78954333885,1520466.6557465857,3115196.816344282,185352.21102223924,2780283.165333588
Low permeability,55.400000000000006,3567584.7586011766,158095.2641067212,630109.3142498091,211795.4216431421,88983.2309384035,211795.4216431421,1523668.034567144,3118026.992975101,185975.5335618496,2789633.0034277434
Low permeability,55.5,3564520.3758048853,158207.6146651547,630023.3653032434,211769.02003127427,88958.89983294708,211769.02003127427,1526869.0990273252,3120846.8720897464,186599.4211194935,2798991.316792402
Low permeability,55.6,3561456.528550527,158320.10448777568,629937.3108251878,211742.58468670887,88934.48797284097,211742.58468670887,1530069.8479644107,3123656.4819800057,187223.871636304,2808358.0745445592
Low permeability,55.7,3558393.217572244,158432.733803016,629851.150608237,211716.1155884194,88909.99601509367,211716.1155884194,1533270.2802156813,3126455.850937667,187848.88305341397,2817733.2458012095
Low permeability,55.800000000000004,3555330.443606817,158545.50284055207,629764.8844459178,211689.61271320246,88885.42459236714,211689.61271320246,1536470.3946413707,3129245.007036825,188474.45333129933,2827116.799969489
Low permeability,55.900000000000006,3552268.207389442,158658.41182952575,629678.5121314954,211663.07603865117,88860.77434776194,211663.07603865117,1539670.190092325,3132023.9784717923,189100.580420576,2836508.70630864
Low permeability,56.0,3549206.509653217,158771.46099824063,629592.0334574193,211636.5055440125,88836.04594337105,211636.5055440125,1542869.6654016557,3134792.793617158,189727.26225615965,2845908.9338423945
Low permeability,56.1,3546145.351138991,158884.6505786215,629505.4482187473,211609.9012023036,88811.23997120216,211609.9012023036,1546068.8194684314,3137551.480214119,190354.4968290395,2855317.452435592
Low permeability,56.2,3543084.732587613,158997.98080259326,629418.7562105375,211583.26298654155,88786.35702326293,211583.26298654155,1549267.65119172,3140300.066003869,190982.28213020467,2864734.2319530696
Low permeability,56.300000000000004,3540024.6547399326,159111.45190208068,629331.9572278481,211556.59086974352,88761.39769156105,211556.59086974352,1552466.1594705898,3143038.5787276025,191610.6161506443,2874159.2422596635
Low permeability,56.400000000000006,3536965.1183367986,159225.0641090086,629245.0510657371,211529.8848249266,88736.36256810422,211529.8848249266,1555664.3432041088,3145767.0461265147,192239.49688134753,2883592.453220213
Low permeability,56.5,3533906.12411906,159338.81765530183,629158.0375192625,211503.14482510794,88711.25224490007,211503.14482510794,1558862.2012913446,3148485.4959418005,192868.92231330354,2893033.834699553
Low permeability,56.6,3530847.672827566,159452.71277288522,629070.9163834824,211476.37084330467,88686.06731395632,211476.37084330467,1562059.732631366,3151193.9559146543,193498.89043750157,2902483.356562523
Low permeability,56.7,3527789.7652069223,159566.74969532338,628983.6874542215,211449.56285012746,88660.80833897549,211449.56285012746,1565256.9361494286,3153892.4535037805,194129.39926913218,2911940.9890369824
Low permeability,56.800000000000004,3524732.401997577,159680.92865458826,628896.3505266687,211422.72081841534,88635.47591127922,211422.72081841534,1568453.8107457352,3156581.0164735457,194760.44679802004,2921406.7019703
Low permeability,56.900000000000006,3521675.5839409065,159795.2498831685,628808.9053960693,211395.8447204345,88610.07061560513,211395.8447204345,1571650.35532666,3159259.672527659,195392.03101932327,2930880.4652898484
Low permeability,57.0,3518619.3117853086,159909.71361658524,628721.351859015,211368.9345240721,88584.59298485833,211368.9345240721,1574846.5688464215,3161928.4488460165,196024.14997289746,2940362.249593461
Low permeability,57.1,3515563.58627918,160024.32009035966,628633.6897120974,211341.99019721526,88559.0435519439,211341.99019721526,1578042.450259239,3164587.3726085154,196656.80169859834,2949852.025478975
Low permeability,57.2,3512508.408170918,160139.0695400129,628545.9187519083,211315.01170775114,88533.42284976695,211315.01170775114,1581237.998519331,3167236.4709950523,197289.98423628157,2959349.7635442233
Low permeability,57.300000000000004,3509453.7782089203,160253.96220106605,628458.0387750394,211287.9990235669,88507.73141123255,211287.9990235669,1584433.2125809165,3169875.771185523,197923.6956258028,2968855.4343870413
Low permeability,57.400000000000006,3506399.697141583,160368.99830904033,628370.0495780824,211260.95211254965,88481.96976924583,211260.95211254965,1587628.0913982142,3172505.3003598237,198557.9339070176,2978369.0086052637
Low permeability,57.5,3503346.165717305,160484.17809945683,628281.9509576289,211233.8709425866,88456.13845671187,211233.8709425866,1590822.633925443,3175125.0856978516,199192.69711978166,2987890.4567967243
Low permeability,57.6,3500293.184689429,160599.50180987513,628193.7427107623,211206.75547903494,88430.23797543277,211206.75547903494,1594016.8391450164,3177735.154034466,199827.9833325629,2997419.7499884423
Low permeability,57.7,3497240.7548043528,160714.96967522867,628105.4246340123,211179.6056904314,88404.2688675433,211179.6056904314,1597210.706003336,3180335.5326850754,200463.79057479344,3006956.858621901
Low permeability,57.800000000000004,3494188.8768127346,160830.58193227946,628016.9965241748,211152.42154321814,88378.2316493304,211152.42154321814,1600404.2334702173,3182926.248677601,201100.11689972604,3016501.7534958897
Low permeability,57.900000000000006,3491137.5514712553,160946.33882024177,627928.4581785908,211125.20300083992,88352.12679999547,211125.20300083992,1603597.4205489943,3185507.328622603,201736.96039507643,3026054.405926145
Low permeability,58.0,3488086.779536593,161062.24057832977,627839.809394601,211097.9500267415,88325.95479873996,211097.9500267415,1606790.266243,3188078.7991306386,202374.31914856037,3035614.787228405
Low permeability,58.1,3485036.5617654277,161178.28744575777,627751.0499695468,211070.66258436773,88299.71612476527,211070.66258436773,1609982.769555568,3190640.6868122676,203012.19124789382,3045182.868718406
Low permeability,58.2,3481986.8989144387,161294.47966173996,627662.179700769,211043.34063716338,88273.41125727283,211043.34063716338,1613174.9294900317,3193193.018278048,203650.57478079246,3054758.621711886
Low permeability,58.300000000000004,3478937.7917403053,161410.81746549057,627573.1983856086,211015.9841485732,88247.04067546407,211015.9841485732,1616366.7450497244,3195735.8201385387,204289.46783497217,3064342.0175245814
Low permeability,58.400000000000006,3475889.2409997075,161527.30109622388,627484.1058214065,210988.59308204203,88220.6048585404,210988.59308204203,1619558.215237979,3198269.1190042985,204928.8684981487,3073933.027472229
Low permeability,58.5,3472841.247455515,161643.93079559627,627394.9018056459,210961.16739843017,88194.10425271823,210961.16739843017,1622749.3390873664,3200792.941080591,205568.77489067666,3083531.623360149
Low permeability,58.6,3469793.811860734,161760.7068016275,627305.5861356499,210933.707062395,88167.539353714,210933.707062395,1625940.1155871826,3203307.313217041,206209.18508182175,3093137.7762273257
Low permeability,58.7,3466746.934976133,161877.6293554317,627216.1586087636,210906.2120354771,88140.91061721451,210906.2120354771,1629130.5437620874,3205812.2617645683,206850.09718085782,3102751.457712867
Low permeability,58.800000000000004,3463700.617567318,161994.69870000743,627126.6190224144,210878.6822772506,88114.21847365497,210878.6822772506,1632320.6226590376,3208307.8127587284,207491.50932234238,3112372.639835135
Low permeability,58.900000000000006,3460654.860399896,162111.91507835325,627036.9671740296,210851.11774728962,88087.46335347065,210851.11774728962,1635510.3513249902,3210793.9922350785,208133.41964083287,3122001.2946124924
Low permeability,59.0,3457609.6642394722,162229.27873346774,626947.2028610364,210823.51840516832,88060.64568709681,210823.51840516832,1638699.7288069017,3213270.8262291746,208775.82627088673,3131637.3940633
Low permeability,59.1,3454565.0298516545,162346.78990834946,626857.3258808622,210795.88421046082,88033.76590496868,210795.88421046082,1641888.7541517296,3215738.340776573,209418.72734706145,3141280.910205921
Low permeability,59.2,3451520.9580020485,162464.448845997,626767.3360309342,210768.21512274124,88006.82443752151,210768.21512274124,1645077.4264064303,3218196.56191283,210062.1210039145,3150931.815058717
Low permeability,59.300000000000004,3448477.449456261,162582.25578940887,626677.2331086798,210740.51110158372,87979.82171519056,210740.51110158372,1648265.7446179606,3220645.5156735023,210706.00537600336,3160590.0806400497
Low permeability,59.400000000000006,3445434.5049873763,162700.21098443764,626587.016911269,210712.77210396575,87952.75813425927,210712.77210396575,1651453.7078628056,3223085.2276307554,211350.37863422805,3170255.67951342
Low permeability,59.5,3442392.125355629,162818.3146723065,626496.6872363136,210684.99809105237,87925.63414689129,210684.99809105237,1654641.3151697896,3225515.724153981,211995.23888774918,3179928.5833162367
Low permeability,59.6,3439350.311332582,162936.5670985534,626406.2438809001,210657.18902021888,87898.45015509424,210657.18902021888,1657828.5656108805,3227937.0309188697,212640.5842998674,3189608.76449801
Low permeability,59.7,3436309.0636933395,163054.96851004794,626315.6866419809,210629.34484764363,87871.20654504895,210629.34484764363,1661015.4582716627,3230349.173382423,213286.4130509551,3199296.1957643256
Low permeability,59.800000000000004,3433268.383213006,163173.51915365964,626225.0153165078,210601.465529505,87843.90370293622,210601.465529505,1664201.9922377209,3232752.1770016416,213932.72332138478,3208990.8498207713
Low permeability,59.900000000000006,3430228.270666685,163292.21927625802,626134.2297014331,210573.55102198131,87816.54201493686,210573.55102198131,1667388.1665946397,3235146.067233527,214579.5132915289,3218692.6993729332
Low permeability,60.0,3427188.726829481,163411.06912471264,626043.3295937089,210545.60128125097,87789.1218672317,210545.60128125097,1670573.9804280035,3237530.86953508,215226.78114175992,3228401.717126398
Low permeability,60.1,3424149.7524764976,163530.06894589306,625952.314790287,210517.61626349232,87761.64364600154,210517.61626349232,1673759.4328233972,3239906.609363303,215874.52505245034,3238117.8757867543
Low permeability,60.2,3421111.348382839,163649.2189866688,625861.1850881199,210489.59592488373,87734.1077374272,210489.59592488373,1676944.5228664058,3242273.3121751966,216522.7432039726,3247841.1480595884
Low permeability,60.300000000000004,3418073.5153324166,163768.51949718627,625769.9402834681,210461.54021901797,87706.5144929234,210461.54021901797,1680129.2496718492,3244631.00290819,217171.43381648016,3257571.5072472016
Low permeability,60.400000000000006,3415036.2540932624,163887.9707219813,625678.5801737746,210433.44910391638,87678.8643239984,210433.44910391638,1683313.6123047236,3246979.7074394785,217820.59503893694,3267308.9255840536
Low permeability,60.5,3411999.565448315,164007.5729110825,625587.1045552132,210405.3225333766,87651.15758508325,210405.3225333766,1686497.6098776874,3249319.450773691,218470.2250867562,3277053.376301342
Low permeability,60.6,3408963.450182684,164127.32631531317,625495.5132237839,210377.16046057522,87623.3946222237,210377.16046057522,1689681.2415104085,3251650.2577875936,219120.32218509418,3286804.832776412
Low permeability,60.7,3405927.909081481,164247.23118549664,625403.8059754869,210348.9628386889,87595.57578146554,210348.9628386889,1692864.5063225534,3253972.1533579556,219770.88455910707,3296563.2683866057
Low permeability,60.800000000000004,3402892.942929816,164367.28777245618,625311.982606322,210320.72962089418,87567.70140885455,210320.72962089418,1696047.403433789,3256285.1623615436,220421.91043395107,3306328.6565092653
Low permeability,60.900000000000006,3399858.5525127994,164487.4963270152,625220.0429122895,210292.46076036774,87539.7718504365,210292.46076036774,1699229.9319637825,3258589.309675126,221073.39803478235,3316100.9705217346
Low permeability,61.0,3396824.738615542,164607.8570999969,625127.9866893892,210264.15621028622,87511.78745225718,210264.15621028622,1702412.0910322005,3260884.62017547,221725.34558675706,3325880.1838013553
Low permeability,61.1,3393791.502023155,164728.37034222472,625035.8137336215,210235.8159238262,87483.74856036235,210235.8159238262,1705593.8797587105,3263171.1187393437,222377.7513150315,3335666.2697254717
Low permeability,61.2,3390758.843530929,164849.03630823674,624943.5238398359,210207.43985159975,87455.65548583861,210207.43985159975,1708775.297291472,3265448.8296693373,223030.61348776994,3345459.202316548
Low permeability,61.300000000000004,3387726.7639152147,164969.8552459819,624851.1168048965,210179.02794879396,87427.50860241688,210179.02794879396,1711956.3427283536,3267717.778341018,223683.93029350473,3355258.95440257
Low permeability,61.400000000000006,3384695.263970821,165090.82741004275,624758.5924235316,210150.58016609808,87399.3082223338,210150.58016609808,1715137.015216891,3269977.989094008,224337.6999979299,3365065.499968948
Low permeability,61.5,3381664.344493324,165211.9530552761,624665.9504903828,210122.09645401343,87371.05465525841,210122.09645401343,1718317.313906697,3272229.4862248222,224991.9208699526,3374878.813049288
Low permeability,61.6,3378634.0062782965,165333.2324365386,624573.1908000924,210093.57676304143,87342.74821085979,210093.57676304143,1721497.2379473853,3274472.2940299762,225646.59117848007,3384698.8676772
Low permeability,61.7,3375604.250121315,165454.66580868687,624480.3131473021,210065.02104368343,87314.389198807,210065.02104368343,1724676.7864885682,3276706.4368059845,226301.70919241942,3394525.6378862904
Low permeability,61.800000000000004,3372575.076817953,165576.25342657766,624387.317326654,210036.42924644076,87285.9779287691,210036.42924644076,1727855.9586798586,3278931.9388493635,226957.27318067785,3404359.0977101666
Low permeability,61.900000000000006,3369546.4871637863,165697.99554506765,624294.2031327899,210007.8013218148,87257.51471041517,210007.8013218148,1731034.7536708694,3281148.8244566275,227613.28141216247,3414199.221182436
Low permeability,62.0,3366518.4819550468,165819.89241924506,624200.9703602612,209979.13722016625,87228.99985148659,209979.13722016625,1734213.1706127147,3283357.1178887277,228269.73215837855,3424045.982375677
Low permeability,62.1,3363491.061996943,165941.9443074441,624107.6188023528,209950.43688987556,87200.43363259958,209950.43688987556,1737391.2086779044,3285556.84292127,228926.62372651332,3433899.355897699
Low permeability,62.2,3360464.228076588,166064.1514618124,624014.1482547146,209921.70028314547,87171.81638674269,209921.70028314547,1740568.866998485,3287748.024314583,229583.95435209482,3443759.3152814214
Low permeability,62.300000000000004,3357437.981000435,166186.51414131696,623920.5585102832,209892.9273480722,87143.14839063468,209892.9273480722,1743746.14475025,3289930.685786375,230241.72234674968,3453625.8352012443
Low permeability,62.400000000000006,3354412.32157494,166309.0326049247,623826.8493619958,209864.11803275193,87114.42992099434,209864.11803275193,1746923.0411089936,3292104.851054356,230899.92602210457,3463498.8903315677
Low permeability,62.5,3351387.2506065564,166431.7071116025,623733.0206027891,209835.27228528084,87085.66125454045,209835.27228528084,1750099.555250509,3294270.5438362346,231558.56368978613,3473378.455346791
Low permeability,62.6,3348362.768901738,166554.53792031735,623639.0720255999,209806.39005375514,87056.84266799179,209806.39005375514,1753275.6863505905,3296427.7878497206,232217.63366142113,3483264.504921316
Low permeability,62.7,3345338.87726694,166677.52529003617,623545.0034233653,209777.47128627103,87027.97443806715,209777.47128627103,1756451.4335850321,3298576.606812523,232877.13424863623,3493157.0137295425
Low permeability,62.800000000000004,3342315.576508616,166800.6694797259,623450.8145890218,209748.51593092465,86999.05684148529,209748.51593092465,1759626.7961296274,3300717.0244423514,233537.06376305807,3503055.95644587
Low permeability,62.900000000000006,3339292.867436873,166923.9707495981,623356.5053149464,209719.52393512792,86970.09014566871,209719.52393512792,1762801.7731670595,3302849.0642663436,234197.4205299461,3512961.30794919
Low permeability,63.0,3336270.750868747,167047.42936228678,623262.0753924588,209690.49524492674,86941.0745993883,209690.49524492674,1765976.3638941548,3304972.749446789,234858.20290089783,3522873.043513466
Low permeability,63.1,3333249.2275943276,167171.0455714915,623167.5246167918,209661.4298113892,86912.01051953537,209661.4298113892,1769150.5674576315,3307088.104563008,235519.40912642176,3532791.1368963253
Low permeability,63.2,3330228.298432737,167294.81964086855,623072.8527786297,209632.32758017408,86882.8981495382,209632.32758017408,1772324.3830585966,3309195.1526853554,236181.03756493132,3542715.5634739688
Low permeability,63.300000000000004,3327207.964203096,167418.75183407418,622978.059668658,209603.18849694027,86853.7377328251,209603.18849694027,1775497.8098981562,3311293.9168841843,236843.08657483998,3552646.2986225984
Low permeability,63.400000000000006,3324188.225724526,167542.8424147647,622883.1450775611,209574.01250734658,86824.52951282437,209574.01250734658,1778670.847177417,3313384.4202298503,237505.5545145612,3562583.317718417
Low permeability,63.5,3321169.0838161497,167667.09164659635,622788.1087960242,209544.79955705188,86795.27373296431,209544.79955705188,1781843.4940974854,3315466.685792706,238168.43974250837,3572526.5961376242
Low permeability,63.6,3318150.539297087,167791.49979322546,622692.950614732,209515.54959171495,86765.97063667318,209515.54959171495,1785015.7498594683,3317540.736643107,238831.74061709506,3582476.109256425
Low permeability,63.7,3315132.5929864603,167916.0671183083,622597.6703243695,209486.26255699468,86736.62046737931,209486.26255699468,1788187.6136644718,3319606.5958514074,239495.4554967347,3592431.8324510194
Low permeability,63.800000000000004,3312115.2457033903,168040.79388550116,622502.2677156214,209456.9383985499,86707.22346851097,209456.9383985499,1791359.084713603,3321664.2864879603,240159.5827398408,3602393.7410976104
Low permeability,63.900000000000006,3309098.4982669996,168165.68035846032,622406.7425791727,209427.5770620394,86677.77988349646,209427.5770620394,1794530.1622079676,3323713.831623121,240824.1207048267,3612361.8105723993
Low permeability,64.0,3306082.3515061922,168290.72680415626,622311.0947040019,209398.1784915143,86648.28993439552,209398.1784915143,1797700.8453635715,3325755.253840117,241489.06778427545,3622336.0167641304
Low permeability,64.10000000000001,3303066.806239947,168415.93348645704,622215.3238806514,209368.74263256404,86618.7538632876,209368.74263256404,1800871.1333832252,3327788.5762189482,242154.4223364235,3632316.3350463514
Low permeability,64.2,3300051.8632827974,168541.3006678779,622119.4299002724,209339.2694315221,86589.17192209551,209339.2694315221,1804041.0254629883,3329813.822069909,242820.1827034266,3642302.740551398
Low permeability,64.3,3297037.523467969,168666.82861723303,622023.4125507611,209309.75883167825,86559.54432239957,209309.75883167825,1807210.5208268673,3331831.013773927,243486.34729251143,3652295.2093876703
Low permeability,64.4,3294023.7876286902,168792.51760333657,621927.2716200136,209280.2107763223,86529.87127578002,209280.2107763223,1810379.6186988694,3333840.173711931,244152.91451090467,3662293.717663569
Low permeability,64.5,3291010.656598189,168918.36789500265,621831.0068959257,209250.62520874405,86500.15299381713,209250.62520874405,1813548.3183029997,3335841.3242648477,244819.8827658327,3672298.2414874895
Low permeability,64.60000000000001,3287998.1312096915,169044.37976104545,621734.6181663936,209221.00207223333,86470.38968809118,209221.00207223333,1816716.6188632657,3337834.4878136055,245487.2504645224,3682308.7569678347
Low permeability,64.7,3284986.212296427,169170.55347027912,621638.1052193134,209191.34131007997,86440.58157018245,209191.34131007997,1819884.519603673,3339819.6867391313,246155.01601420005,3692325.2402129997
Low permeability,64.8,3281974.900691622,169296.88929151776,621541.467842581,209161.6428655737,86410.72885167117,209161.6428655737,1823052.0197482277,3341796.943422354,246823.17782209246,3702347.667331386
Low permeability,64.9,3278964.197228504,169423.38749357557,621444.7058240925,209131.9066820044,86380.83174413766,209131.9066820044,1826219.1185209372,3343766.2802442005,247491.73429542626,3712376.014431393
Low permeability,65.0,3275954.102740301,169550.04834526667,621347.8189517439,209102.13270266185,86350.89045916215,209102.13270266185,1829385.8151458069,3345727.7195855984,248160.68384142788,3722410.257621417
Low permeability,65.10000000000001,3272944.61807589,169676.87212068413,621250.8070104452,209072.3208685432,86320.90517890066,209072.3208685432,1832552.1088658965,3347681.2830827814,248830.02491862996,3732450.373779448
Low permeability,65.2,3269935.7440572735,169803.85908523,621153.669789944,209042.47112449858,86290.87613418276,209042.47112449858,1835717.9988937771,3349626.9936563107,249499.75589767352,3742496.3384651016
Low permeability,65.3,3266927.481522303,169931.00950965993,621056.407076914,209012.58341309865,86260.80352681865,209012.58341309865,1838883.4844605415,3351564.8734783796,250169.8752006024,3752548.1280090353
Low permeability,65.4,3263919.83131878,170058.32366804918,620959.0186561531,208982.65767547014,86230.68754019366,208982.65767547014,1842048.5648090788,3353494.944247992,250840.3812819834,3762605.71922975
Low permeability,65.5,3260912.7942945063,170185.80183447304,620861.5043124595,208952.6938527399,86200.52835769315,208952.6938527399,1845213.239182277,3355417.2276641508,251511.27259638294,3772669.0889457427
Low permeability,65.60000000000001,3257906.371297282,170313.4442830068,620763.863830631,208922.69188603468,86170.32616270246,208922.69188603468,1848377.5068230254,3357331.745425861,252182.54759836782,3782738.213975516
Low permeability,65.7,3254900.56317491,170441.2512877257,620666.0969954656,208892.65171648122,86140.08113860694,208892.65171648122,1851541.366974212,3359238.519232125,252854.2047425045,3792813.071137566
Low permeability,65.8,3251895.3707751906,170569.22312270504,620568.2035917611,208862.57328520637,86109.79346879192,208862.57328520637,1854704.8188787256,3361137.570781947,253526.24248335967,3802893.6372503936
Low permeability,65.9,3248890.794945925,170697.36006202013,620470.1834043155,208832.4565333369,86079.46333664276,208832.4565333369,1857867.8617794558,3363028.9217743315,254198.6592755001,3812979.8891325
Low permeability,66.0,3245886.8365349146,170825.66237974618,620372.0362179268,208802.30140199955,86049.09092554479,208802.30140199955,1861030.49491929,3364912.5939082806,254871.4535734922,3823071.803602382
Low permeability,66.10000000000001,3242883.4963899604,170954.13034995852,620273.7618173929,208772.1078323211,86018.67641888338,208772.1078323211,1864192.717541118,3366788.6088827997,255544.62383190283,3833169.3574785413
Low permeability,66.2,3239880.775380308,171082.76425395012,620175.3599831382,208741.87576258412,85988.21996521924,208741.87576258412,1867354.5289084264,3368656.987420614,256218.16857146466,3843272.5285719684
Low permeability,66.3,3236878.67433256,171211.56435915938,620076.8305038555,208711.60513665766,85957.7217803613,208711.60513665766,1870515.9282462415,3370517.7521940256,256892.08618144816,3853381.2927217213
Low permeability,66.4,3233877.1941075237,171340.5309443594,619978.1731613829,208681.2958939302,85927.18202595082,208681.2958939302,1873676.9148108885,3372370.9243203104,257566.37515613667,3863495.627342049
Low permeability,66.5,3230876.3355680094,171469.6642889869,619879.3877371588,208650.94797352678,85896.60086043453,208650.94797352678,1876837.4878605462,3374216.524825471,258241.03399598124,3873615.5099397176
Low permeability,66.60000000000001,3227876.0995768276,171598.96467247864,619780.4740126213,208620.56131457246,85865.9784422591,208620.56131457246,1879997.6466533954,3376054.574735512,258916.06120143333,3883740.9180214987
Low permeability,66.7,3224876.486996788,171728.4323742713,619681.4317692089,208590.1358561923,85835.31492987127,208590.1358561923,1883157.3904476152,3377885.0950764366,259591.45527294395,3893871.829094158
Low permeability,66.8,3221877.498690702,171858.06767380162,619582.2607883596,208559.6715375113,85804.61048171774,208559.6715375113,1886316.7185013855,3379708.1068742494,260267.21471096447,3904008.220664466
Low permeability,66.9,3218879.135521378,171987.8708505063,619482.9608515116,208529.16829765454,85773.86525624523,208529.16829765454,1889475.6300728866,3381523.6311549544,260943.33801594624,3914150.0702391923
Low permeability,67.0,3215881.3983516274,172117.84218382207,619383.5317401034,208498.62607574704,85743.07941190046,208498.62607574704,1892634.1244202976,3383331.6889445544,261619.8236883403,3924297.3553251033
Low permeability,67.10000000000001,3212884.2880442603,172247.9819531857,619283.9732355729,208468.0448109138,85712.25310713012,208468.0448109138,1895792.2008017986,3385132.301269054,262296.67022859806,3934450.05342897
Low permeability,67.2,3209887.8054673285,172378.29043976194,619184.2851182641,208437.42444164635,85681.38649317023,208437.42444164635,1898949.8584792668,3386925.4889257224,262973.8761523908,3944608.1422858606
Low permeability,67.3,3206891.9514953103,172508.76792703144,619084.4671670041,208406.76490563687,85650.47971159487,208406.76490563687,1902107.0967201297,3388711.272433348,263651.4399941823,3954771.5999127333
Low permeability,67.4,3203896.726976334,172639.41468999832,618984.5191659131,208376.06614376098,85619.53293988838,208376.06614376098,1905263.9147737792,3390489.6734673185,264329.3602116407,3964940.4031746094
Low permeability,67.5,3200902.13278863,172770.23101355886,618884.4408928463,208345.32809326725,85588.54631445903,208345.32809326725,1908420.3119104733,3392260.7123907506,265007.6353496667,3975114.530244999
Low permeability,67.60000000000001,3197908.1698104264,172901.21718260946,618784.2321256587,208314.55069140432,85557.51997171513,208314.55069140432,1911576.287400471,3394024.409566761,265686.2639531614,3985293.95929742
Low permeability,67.7,3194914.838919954,173032.37348204642,618683.8926422052,208283.73387542076,85526.45404806494,208283.73387542076,1914731.8405140308,3395780.7853584653,266365.2445670256,3995478.6685053827
Low permeability,67.8,3191922.1409954415,173163.70019676612,618583.4222203412,208252.8775825652,85495.34867991682,208252.8775825652,1917886.9705214114,3397529.8601289806,267044.5757361603,4005668.636042403
Low permeability,67.9,3188930.0769151174,173295.19761166492,618482.8206379212,208221.9817500863,85464.20400367898,208221.9817500863,1921041.676692872,3399271.654241423,267724.2560054665,4015863.8400819963
Low permeability,68.0,3185938.647557212,173426.8660116391,618382.0876728008,208191.04631523258,85433.02015575978,208191.04631523258,1924195.9582986706,3401006.1880589086,268404.283919845,4026064.2587976735
Low permeability,68.10000000000001,3182947.853799954,173558.7056815851,618281.2231028347,208160.0712152527,85401.79727256745,208160.0712152527,1927349.8146090668,3402733.481944555,269084.65802419686,4036269.870362952
Low permeability,68.2,3179957.696521574,173690.7169063992,618180.226705878,208129.05638739528,85370.53549051034,208129.05638739528,1930503.2448943183,3404453.556261477,269765.37686342286,4046480.6529513416
Low permeability,68.3,3176968.1766122486,173822.89997490981,618079.0982571979,208098.00176756483,85339.23493179018,208098.00176756483,1933656.2484308747,3406166.4308733735,270446.43901518505,4056696.585227774
Low permeability,68.4,3173979.2949481197,173955.2551716255,617977.8375348179,208066.9072932291,85307.89573430951,208066.9072932291,1936808.8244891998,3407872.126234351,271127.8430187487,4066917.6452812287
Low permeability,68.5,3170991.0524039725,174087.78278071046,617876.4443169449,208035.7729020171,85276.51803766045,208035.7729020171,1939960.972339081,3409570.6628603353,271809.5874093463,4077143.811140193
Low permeability,68.60000000000001,3168003.4498738446,174220.48309261692,617774.9183776581,208004.59852939742,85245.10195879401,208004.59852939742,1943112.6912599818,3411262.0604626494,272491.67077491665,4087375.061623748
Low permeability,68.7,3165016.4882517764,174353.35639779712,617673.2594910368,207973.38411083858,85213.64761466117,207973.38411083858,1946263.980531363,3412946.3387526176,273174.091703398,4097611.375550968
Low permeability,68.8,3162030.168431806,174486.4029867033,617571.4674311599,207942.12958180922,85182.15512221292,207942.12958180922,1949414.839432688,3414623.5174415633,273856.84878272895,4107852.731740932
Low permeability,68.9,3159044.4913079715,174619.6231497877,617469.5419721069,207910.83487777784,85150.62459840026,207910.83487777784,1952565.2672434193,3416293.61624081,274539.94060084806,4118099.1090127192
Low permeability,69.0,3156059.457774313,174753.01717750248,617367.4828879569,207879.4999342131,85119.05616017416,207879.4999342131,1955715.2632430184,3417956.6548616816,275223.3657456937,4128350.4861854035
Low permeability,69.10000000000001,3153075.0687248693,174886.58536029997,617265.289952789,207848.1246865835,85087.44992448564,207848.1246865835,1958864.8267109487,3419612.6530155023,275907.1228052045,4138606.8420780655
Low permeability,69.2,3150091.325053679,175020.32798863234,617162.9629406824,207816.70907035767,85055.80600828568,207816.70907035767,1962013.9569266713,3421261.6304135947,276591.21036731877,4148868.1555097797
Low permeability,69.3,3147108.2276547807,175154.24535295187,617060.5016257165,207785.25302100414,85024.12452852528,207785.25302100414,1965162.6531696492,3422903.6067672824,277275.6270199751,4159134.4052996254
Low permeability,69.4,3144125.7774405344,175288.33774974346,616957.9057778758,207753.75647205312,84992.40558330287,207753.75647205312,1968310.9147259095,3424538.6010546484,277960.37139858055,4169405.5709787062
Low permeability,69.5,3141143.9752908456,175422.60546522413,616855.1751739843,207722.21936046402,84960.64930299028,207722.21936046402,1971458.7408713915,3426166.6335584004,278645.4420544814,4179681.63081722
Low permeability,69.60000000000001,3138162.822106359,175557.04879238273,616752.3095862792,207690.6416210105,84928.85579709087,207690.6416210105,1974606.1308889359,3427787.723733482,279330.83759248443,4189962.563887265
Low permeability,69.7,3135182.3187972996,175691.6680273218,616649.3087848964,207659.02318745424,84897.02516539389,207659.02318745424,1977753.0840646315,3429401.8906513187,280016.55664217804,4200248.349632668
Low permeability,69.8,3132202.46627389,175826.46346614393,616546.1725399715,207627.36399355697,84865.15750768853,207627.36399355697,1980899.5996845686,3431009.153383338,280702.59783315094,4210538.967497262
Low permeability,69.9,3129223.2654463532,175961.4354049517,616442.9006216404,207595.6639730803,84833.25292376401,207595.6639730803,1984045.6770348377,3432609.5310009667,281388.95979499194,4220834.396924878
Low permeability,70.0,3126244.7172249136,176096.58413984766,616339.4928000388,207563.92305978603,84801.31151340954,207563.92305978603,1987191.3154015276,3434203.0425756304,282075.64115728956,4231134.617359341
Low permeability,70.10000000000001,3123266.822519794,176231.90996693439,616235.9488453022,207532.14118743577,84769.33337641436,207532.14118743577,1990336.514070729,3435789.7071787566,282762.64054963255,4241439.608244486
Low permeability,70.2,3120289.582241219,176367.41318231443,616132.2685275667,207500.31828979126,84737.31861256764,207500.31828979126,1993481.2723285311,3437369.5438817716,283449.9566016095,4251749.34902414
Low permeability,70.3,3117312.997299411,176503.0940820904,616028.4516169678,207468.45430061416,84705.26732165864,207468.45430061416,1996625.5894610242,3438942.571756101,284137.587942809,4262063.819142133
Low permeability,70.4,3114337.068604593,176638.95296236483,615924.4978836414,207436.5491536662,84673.17960347654,207436.5491536662,1999769.4647542983,3440508.809873173,284825.53320282,4272382.998042298
Low permeability,70.5,3111361.7970915893,176774.9901273623,615820.4070920707,207404.60278023934,84641.05553588284,207404.60278023934,2002912.8974998936,3442068.276362165,285513.79107148375,4282706.866072255
Low permeability,70.60000000000001,3108387.183645749,176911.20586552276,615716.1790175474,207372.6151166022,84608.89523961907,207372.6151166022,2006055.886980158,3443620.991254857,286202.36011743173,4293035.401761475
Low permeability,70.7,3105413.229192924,177047.60047839332,615611.8134263225,207340.5860949565,84576.69880015861,207340.5860949565,2009198.4324853136,3445166.973030613,286891.2390082893,4303368.585124339
Low permeability,70.8,3102439.934659886,177184.17426781962,615507.3100844412,207308.51564741155,84544.46630216906,207308.51564741155,2012340.5333057677,3446706.2401334993,287580.4264139343,4313706.396209015
Low permeability,70.9,3099467.3009734047,177320.92753564726,615402.6687579484,207276.40370607667,84512.19783031807,207276.40370607667,2015482.1887319277,3448238.8110075835,288269.9210042446,4324048.815063668
Low permeability,71.0,3096495.3290602523,177457.86058372183,615297.8892128894,207244.25020306115,84479.89346927329,207244.25020306115,2018623.3980541993,3449764.7040969324,288959.7214490976,4334395.821736463
Low permeability,71.10000000000001,3093524.0198471993,177594.97371388896,615192.9712153091,207212.05507047428,84447.55330370231,207212.05507047428,2021764.1605629905,3451283.937845613,289649.8264183713,4344747.396275568
Low permeability,71.2,3090553.3742610174,177732.2672279942,615087.9145312528,207179.8182404254,84415.17741827281,207179.8182404254,2024904.4755487072,3452796.5306976913,290340.2345819431,4355103.518729145
Low permeability,71.3,3087583.393228478,177869.74142788316,614982.7189267654,207147.53964502376,84382.76589765241,207147.53964502376,2028044.3423017564,3454302.5010972344,291030.9446096908,4365464.169145361
Low permeability,71.4,3084614.0776763503,178007.39661540143,614877.3841678922,207115.21921637873,84350.31882650874,207115.21921637873,2031183.7601125457,3455801.86748831,291721.95517149224,4375829.327572383
Low permeability,71.5,3081645.4285324183,178145.23309277665,614771.9100203876,207082.85688650806,84317.83628875329,207082.85688650806,2034322.7282716082,3457294.648280119,292413.2649394359,4386198.974091537
Low permeability,71.60000000000001,3078677.446731103,178283.25116474784,614666.2962481129,207050.4525868116,84285.31836284444,207050.4525868116,2037461.2460708036,3458780.8616462313,293104.87260066863,4396573.089010028
Low permeability,71.7,3075710.133207827,178421.4511361798,614560.5426149323,207018.00624856027,84252.76512617881,207018.00624856027,2040599.3128021774,3460260.5257112426,293796.7768454446,4406951.652681667
Low permeability,71.8,3072743.4889010782,178559.83331300816,614454.6488839213,206985.5178027428,84220.17665399174,206985.5178027428,2043736.9277579414,3461733.6584922574,294488.9763707779,4417334.645561667
Low permeability,71.9,3069777.514749346,178698.3980011687,614348.6148181558,206952.98718034787,84187.5530215186,206952.98718034787,2046874.0902303075,3463200.2780063786,295181.46987368265,4427722.048105239
Low permeability,72.0,3066812.2116911192,178837.14550659712,614242.4401807111,206920.41431236413,84154.89430399469,206920.41431236413,2050010.7995114864,3464660.402270709,295874.25605117274,4438113.84076759
