ligand,site,total_l_M,free_l_M,free_u_M,target_U1_occupancy,inclusion_proxy_percent,offtarget_inclusion_proxy_percent,target_ligand_occupancy,ligand_mass_error_M,u1_mass_error_M
Risdiplam-like model,WT scenario,0.0,0.0,9.917965623891151e-08,0.047246864242487537,4.724686424248754,2.4195001087098253,0.0,0.0,9.43647642800494e-21
Risdiplam-like model,WT scenario,1e-10,9.987344287159627e-11,9.917955609663765e-08,0.04729667027744154,4.729667027744154,2.4195018760563505,5.61236214479646e-05,0.0,9.449711317805788e-21
Risdiplam-like model,WT scenario,1.165914401179831e-10,1.1644388657749066e-10,9.917953948268264e-08,0.04730493326698699,4.730493326698699,2.419502169309433,6.543472014294042e-05,0.0,9.449711317805788e-21
Risdiplam-like model,WT scenario,1.3593563908785242e-10,1.3576360597301166e-10,9.917952011262503e-08,0.04731456700825271,4.731456700825271,2.4195025112263515,7.629044201178422e-05,0.0,9.449711317805788e-21
Risdiplam-like model,WT scenario,1.584893192461111e-10,1.5828874564773158e-10,9.917949752932851e-08,0.04732579885781842,4.732579885781842,2.4195029098843452,8.894698244808794e-05,-2.5849394142282115e-26,9.449711317805788e-21
Risdiplam-like model,WT scenario,1.8478497974222944e-10,1.8455113120508502e-10,9.917947119986181e-08,0.047338893868531864,4.733889386853186,2.4195033747019337,0.00010370301466738157,0.0,9.462946207606637e-21
Risdiplam-like model,WT scenario,2.1544346900318867e-10,2.1517082585309248e-10,9.917944050294147e-08,0.047354161034715576,4.735416103471557,2.419503916661874,0.00012090672708545712,0.0,9.462946207606637e-21
Risdiplam-like model,WT scenario,2.511886431509582e-10,2.508707703217325e-10,9.917940471429758e-08,0.04737196057025787,4.737196057025788,2.4195045485712474,0.00014096402459831616,0.0,9.476181097407485e-21
Risdiplam-like model,WT scenario,2.928644564625237e-10,2.924938517635009e-10,9.917936298962044e-08,0.04739271238977949,4.739271238977949,2.4195052853649104,0.0001643480855430646,0.0,9.476181097407485e-21
Risdiplam-like model,WT scenario,3.414548873833601e-10,3.4102280464407335e-10,9.917931434468986e-08,0.0474169059908801,4.7416905990880105,2.419506144459556,0.00019161049746125846,0.0,9.489415987208333e-21
Risdiplam-like model,WT scenario,3.9810717055349694e-10,3.9760341349592277e-10,9.917925763222392e-08,0.04744511196774675,4.744511196774675,2.4195071461669078,0.00022339423115756073,0.0,9.489415987208333e-21
Risdiplam-like model,WT scenario,4.6415888336127727e-10,4.635715653681788e-10,9.917919151490905e-08,0.047477995423831555,4.747799542383156,2.4195083141759564,0.000260448754720345,0.0,9.502650877009182e-21
Risdiplam-like model,WT scenario,5.411695265464626e-10,5.404847907018437e-10,9.917911443398541e-08,0.047516331594662245,4.751633159466224,2.419509676115917,0.0003036476380267557,0.0,9.51588576681003e-21
Risdiplam-like model,WT scenario,6.309573444801942e-10,6.301590373370874e-10,9.917902457266144e-08,0.0475610240420181,4.75610240420181,2.419511264213499,0.0003540090547886878,0.0,9.529120656610879e-21
Risdiplam-like model,WT scenario,7.356422544596422e-10,7.347115459213077e-10,9.917891981351403e-08,0.04761312583868203,4.761312583868203,2.4195131160605277,0.0004127196545293172,0.0,9.555590436212576e-21
Risdiplam-like model,WT scenario,8.576958985908946e-10,8.566108390509659e-10,9.917879768889662e-08,0.04767386422987656,4.767386422987656,2.419515275510626,0.00048116235226498426,0.0,9.555590436212576e-21
Risdiplam-like model,WT scenario,1e-09,9.98735004448871e-10,9.91786553232224e-08,0.0477446693345415,4.77446693345415,2.419517793727032,0.000560948670491398,0.0,9.595295105615121e-21
Risdiplam-like model,WT scenario,1.1659144011798312e-09,1.1644396483187447e-09,9.917848936581107e-08,0.04782720753815555,4.782720753815555,2.419520730407447,0.0006539563678541119,0.0,9.621764885216818e-21
Risdiplam-like model,WT scenario,1.3593563908785241e-09,1.3576371233555633e-09,9.917829591278412e-08,0.04792342033030021,4.792342033030021,2.419524155216421,0.0007623732032559769,0.0,9.648234664818515e-21
Risdiplam-like model,WT scenario,1.584893192461111e-09,1.5828889021165548e-09,9.917807041625903e-08,0.0480355694561361,4.80355694561361,2.4195281494612795,0.0008887478148437324,0.0,9.701174224021909e-21
Risdiplam-like model,WT scenario,1.847849797422287e-09,1.8455132768621039e-09,9.917780757882755e-08,0.048166289382981356,4.816628938298136,2.4195328080540692,0.0010360488420883616,0.0,9.740878893424454e-21
Risdiplam-like model,WT scenario,2.1544346900318866e-09,2.1517109288905105e-09,9.917750123100127e-08,0.04831864823278018,4.831864823278019,2.4195382418098483,0.0012077335877592771,0.0,9.793818452627848e-21
Risdiplam-like model,WT scenario,2.511886431509582e-09,2.5087113323652055e-09,9.917714418896791e-08,0.048496218499824724,4.849621849982473,2.419544580140958,0.0014078277065647637,0.0,9.846758011831241e-21
Risdiplam-like model,WT scenario,2.9286445646252374e-09,2.924943449637412e-09,9.917672808962096e-08,0.048703159061745036,4.870315906174503,2.419551974218223,0.0016410176198316537,-4.1359030627651384e-25,9.926167350636332e-21
Risdiplam-like model,WT scenario,3.414548873833601e-09,3.4102347487257642e-09,9.917624319940276e-08,0.048944310201085715,4.894431020108572,2.4195606006836083,0.0019127575914771285,0.0,1.0018811579242271e-20
Risdiplam-like model,WT scenario,3.981071705534969e-09,3.976043242484096e-09,9.917567819303653e-08,0.049225303584475744,4.922530358447574,2.4195706660154106,0.0022293936593834308,0.0,1.011145580784821e-20
Risdiplam-like model,WT scenario,4.641588833612773e-09,4.6357280288764635e-09,9.917501989772026e-08,0.04955268939489895,4.955268939489895,2.419582411667191,0.0025983068963569577,0.0,1.0217334926254998e-20
Risdiplam-like model,WT scenario,5.411695265464648e-09,5.404864721119621e-09,9.917425299781969e-08,0.04993408307639702,4.993408307639702,2.4195961201262985,0.0030280787722072058,8.271806125530277e-25,1.0376153603865179e-20
Risdiplam-like model,WT scenario,6.309573444801943e-09,6.301613216745265e-09,9.917335969454325e-08,0.05037833442342132,5.037833442342132,2.419612122068172,0.00352868169606642,0.0,1.0548207171276209e-20
Risdiplam-like model,WT scenario,7.356422544596422e-09,7.34714649094932e-09,9.917231931452709e-08,0.05089572201881671,5.089572201881671,2.419630804820006,0.004111698124425624,0.0,1.0733495628488087e-20
Risdiplam-like model,WT scenario,8.576958985908947e-09,8.56615054117135e-09,9.917110786073393e-08,0.05149817627945184,5.149817627945184,2.419652622393838,0.0047905719078999865,0.0,1.0984958534704208e-20
Risdiplam-like model,WT scenario,1e-08,9.987407290787813e-09,9.916969749862166e-08,0.05219953458376384,5.219953458376384,2.4196781074069236,0.0055808957924981745,0.0,1.1276126110322873e-20
Risdiplam-like model,WT scenario,1.165914401179831e-08,1.1644474219879503e-08,9.916805597023194e-08,0.05301583209789064,5.301583209789064,2.4197078852796587,0.006500739151912713,0.0,1.1620233245144933e-20
Risdiplam-like model,WT scenario,1.3593563908785241e-08,1.3576476776637964e-08,9.91661459287739e-08,0.05396563194026015,5.396563194026014,2.4197426911920266,0.007571020053845629,0.0,1.2030514828971235e-20
Risdiplam-like model,WT scenario,1.5848931924611143e-08,1.582903228821622e-08,9.916392418656491e-08,0.055070398164735565,5.507039816473556,2.4197833903938837,0.008815925583816287,0.0,1.2546675531204324e-20
Risdiplam-like model,WT scenario,1.8478497974222906e-08,1.845532719781854e-08,9.916134087000351e-08,0.056354914613568334,5.635491461356834,2.4198310026084675,0.010263383867264445,0.0,1.3195185131445897e-20
Risdiplam-like model,WT scenario,2.1544346900318866e-08,2.151737307917917e-08,9.915833847682033e-08,0.057847751879227506,5.784775187922751,2.4198867314506587,0.011945590316341253,0.0,1.3976043629695956e-20
Risdiplam-like model,WT scenario,2.511886431509582e-08,2.508747110616259e-08,9.91548508334719e-08,0.059581783269794616,5.9581783269794615,2.419952000011621,0.013899589113874235,0.0,1.4981895254560437e-20
Risdiplam-like model,WT scenario,2.9286445646252374e-08,2.9249919584181926e-08,9.915080195458853e-08,0.06159474860602263,6.159474860602264,2.4200284940521612,0.016167908619519236,0.0,1.622597489584019e-20
Risdiplam-like model,WT scenario,3.4145488738336004e-08,3.41030048982693e-08,9.914610481232886e-08,0.06392986165244591,6.392986165244591,2.4201182146135958,0.018799245975155296,-6.617444900424222e-24,1.7827396561742852e-20
Risdiplam-like model,WT scenario,3.981071705534969e-08,3.9761322936152306e-08,9.914066003189889e-08,0.06663645271322295,6.663645271322295,2.420223542315275,0.021849191374900368,0.0,1.9918509150276906e-20
Risdiplam-like model,WT scenario,4.641588833612773e-08,4.6358485862388314e-08,9.913435454102527e-08,0.06977063207120032,6.9770632071200325,2.420347316183338,0.02538097587280418,6.617444900424222e-24,2.2671366228853383e-20
Risdiplam-like model,WT scenario,5.411695265464637e-08,5.4050278236591046e-08,9.91270602165138e-08,0.07339595214609358,7.339595214609358,2.4204929305679306,0.029466217811453824,0.0,-2.362427829451447e-20
Risdiplam-like model,WT scenario,6.30957344480193e-08,6.301833710073987e-08,9.911863259136758e-08,0.07758403611816968,7.758403611816968,2.420664454591564,0.03418563154276174,0.0,-1.860825505999291e-20
Risdiplam-like model,WT scenario,7.356422544596421e-08,7.347444305873308e-08,9.910890971015384e-08,0.08241512797571976,8.241512797571977,2.420866779610413,0.0396296477050118,1.3234889800848443e-23,-1.1593763465543236e-20
Risdiplam-like model,WT scenario,8.576958985908945e-08,8.566552382820991e-08,9.909771125294261e-08,0.0879785033057475,8.79785033057475,2.42110580148084,0.04589887669863231,2.6469779601696886e-23,-1.641126335305207e-21
Risdiplam-like model,WT scenario,1e-07,9.987948860057752e-08,9.908483808277897e-08,0.09437266173104505,9.437266173104506,2.421388645863157,0.05310432625231217,2.6469779601696886e-23,1.3234889800848443e-23
Risdiplam-like model,WT scenario,1.1659144011798311e-07,1.164520311958858e-07,9.907007241354235e-08,0.10170520125364868,10.170520125364868,2.421723946501146,0.06136726070686895,3.970466940254533e-23,0.0
Risdiplam-like model,WT scenario,1.3593563908785243e-07,1.3577456290473101e-07,9.905317883719641e-08,0.11009225316622454,11.009225316622453,2.4221221882371293,0.07081856530042852,7.940933880509066e-23,0.0
Risdiplam-like model,WT scenario,1.584893192461114e-07,1.5830346260417682e-07,9.903390648955995e-08,0.11965733595686187,11.965733595686187,2.4225961284210484,0.08159745592338231,1.3234889800848443e-22,0.0
Risdiplam-like model,WT scenario,1.8478497974222906e-07,1.8457086283969414e-07,9.901199266346347e-08,0.13052947144300303,13.052947144300303,2.423161312168353,0.09384935767468355,2.3822801641527197e-22,-1.3234889800848443e-23
Risdiplam-like model,WT scenario,2.1544346900318867e-07,2.151972268020059e-07,9.898716818740407e-08,0.14284040153837035,14.284040153837035,2.4238366983972788,0.10772277007501209,3.441071348220595e-22,0.0
Risdiplam-like model,WT scenario,2.5118864315095823e-07,2.5090601333607933e-07,9.895916486254651e-08,0.1567207565635494,15.67207565635494,2.4246454144212852,0.12336495084180736,6.352747104407253e-22,0.0
Risdiplam-like model,WT scenario,2.928644564625237e-07,2.9254077627804217e-07,9.892772517473741e-08,0.1722950641231404,17.22950641231404,2.425615656720994,0.14091629302152042,9.529120656610879e-22,0.0
Risdiplam-like model,WT scenario,3.414548873833601e-07,3.4108510166808465e-07,9.889261435425814e-08,0.18967555977203715,18.967555977203716,2.426781753992598,0.16050335156679152,1.5352472168984194e-21,0.0
Risdiplam-like model,WT scenario,3.981071705534969e-07,3.976858530741037e-07,9.88536346310261e-08,0.2089548736823302,20.89548736823302,2.4281854053641156,0.18223060270095962,2.329340604949326e-21,0.0
Risdiplam-like model,WT scenario,4.6415888336127725e-07,4.6368027295821345e-07,9.881064122304691e-08,0.23019782322212315,23.019782322212315,2.4298771016961154,0.20617119480956983,3.546950466627383e-21,0.0
Risdiplam-like model,WT scenario,5.411695265464637e-07,5.406275785840759e-07,9.876355921420715e-08,0.2534327331822739,25.34327331822739,2.431917731427655,0.23235716573880286,5.1880768019325896e-21,0.0
Risdiplam-like model,WT scenario,6.30957344480193e-07,6.303457965881883e-07,9.871240006113321e-08,0.27864291463578117,27.864291463578116,2.4343803653174003,0.26076983721728764,7.411538288475128e-21,0.0
Risdiplam-like model,WT scenario,7.356422544596422e-07,7.349547036020797e-07,9.865727608298009e-08,0.30575912729317195,30.575912729317196,2.437352208111901,0.29133131572173593,1.0376153603865179e-20,1.3234889800848443e-23
Risdiplam-like model,WT scenario,8.576958985908945e-07,8.569258842378963e-07,9.859841102260595e-08,0.3346539834523245,33.46539834523245,2.4409367016313204,0.32389817947574284,1.376428539288238e-20,0.0
Risdiplam-like model,WT scenario,1e-06,9.991410858577788e-07,9.853614472360253e-08,0.3651392734211754,36.51392734211754,2.4452557651837226,0.3582584561384066,1.7999450129153882e-20,0.0
Risdiplam-like model,WT scenario,1.1659144011798312e-06,1.1649602459072436e-06,9.847093023192849e-08,0.3969670589272625,39.69670589272625,2.4504521673899164,0.39413284583054065,2.244637310223896e-20,0.0
Risdiplam-like model,WT scenario,1.3593563908785242e-06,1.3583007968809824e-06,9.840332224384729e-08,0.4298350722205289,42.98350722205289,2.4566920390389146,0.4311807965095309,2.710505431213761e-20,2.6469779601696886e-23
Risdiplam-like model,WT scenario,1.584893192461114e-06,1.5837301215644008e-06,9.833395674800622e-08,0.4633964922621197,46.33964922621197,2.4641675582319076,0.4690115134509814,3.155197728522269e-20,3.970466940254533e-23
Risdiplam-like model,WT scenario,1.8478497974222906e-06,1.8465733432095197e-06,9.826352282431371e-08,0.49727360834561324,49.727360834561324,2.4730998633171177,0.5071993523682446,3.5575383784680614e-20,7.940933880509066e-23
Risdiplam-like model,WT scenario,2.1544346900318822e-06,2.1530389988734788e-06,9.81927286669576e-08,0.5310743259401202,53.10743259401202,2.4837422705411294,0.5453024193833313,3.8116482626443515e-20,1.852884572118782e-22
Risdiplam-like model,WT scenario,2.5118864315095823e-06,2.510365567569837e-06,9.81222647650344e-08,0.5644100346487372,56.44100346487372,2.4963838855615963,0.582882710457639,3.9810548520952116e-20,3.5734202462290796e-22
Risdiplam-like model,WT scenario,2.9286445646252375e-06,2.926992317914322e-06,9.805276760729153e-08,0.5969131420971631,59.6913142097163,2.511353695049452,0.6195258787079504,4.0234064994579266e-20,7.014491594449675e-22
Risdiplam-like model,WT scenario,3.414548873833601e-06,3.4127585141068374e-06,9.798478717686034e-08,0.6282526312103053,62.82526312103053,2.5290252024010815,0.654858777792194,3.8963515573697816e-20,1.283784310682299e-21
Risdiplam-like model,WT scenario,3.981071705534969e-06,3.979135687973992e-06,9.791876089372488e-08,0.658146308878066,65.8146308878066,2.549821628404116,0.6885632789673801,3.7269449679189215e-20,2.2499312661442353e-21
Risdiplam-like model,WT scenario,4.641588833612782e-06,4.639498464380904e-06,9.785499569151187e-08,0.6863689091267885,68.63689091267885,2.574221634127589,0.7203854171117617,3.4728350837426314e-20,3.732238923839261e-21
Risdiplam-like model,WT scenario,5.411695265464638e-06,5.409440336292401e-06,9.779365879793327e-08,0.712755784868381,71.2755784868381,2.6027654411194754,0.7501395644715635,3.218725199566341e-20,5.8762910715767086e-21
Risdiplam-like model,WT scenario,6.30957344480193e-06,6.307141845876638e-06,9.773477674982639e-08,0.7372024563703844,73.72024563703845,2.636061124805711,0.7777079330592412,2.710505431213761e-20,8.880611056369305e-21
Risdiplam-like model,WT scenario,7.356422544596406e-06,7.353799864559895e-06,9.767824138891832e-08,0.7596606943730531,75.96606943730531,2.6747907411614777,0.8030361688874352,2.371692252312041e-20,1.2877547776225535e-20
Risdiplam-like model,WT scenario,8.576958985908945e-06,8.574128107183759e-06,9.762382114403586e-08,0.7801320560228623,78.01320560228623,2.7197158131211845,0.8261260724472066,2.202285662861181e-20,1.7946510569950488e-20
Risdiplam-like model,WT scenario,1e-05,9.996940697450212e-06,9.757117581335172e-08,0.7986598608462594,79.86598608462594,2.7716815499331324,0.8470265580641723,1.8634724839594607e-20,2.4180143666150105e-20
Risdiplam-like model,WT scenario,1.165914401179831e-05,1.1655832563301012e-05,9.751987325392894e-08,0.815320523184251,81.5320523184251,2.831618998949382,0.8658238852367748,1.5246593050577406e-20,-1.7734752333136913e-20
Risdiplam-like model,WT scenario,1.359356390878524e-05,1.3589972727931643e-05,9.746940676848257e-08,0.830214995039209,83.02149950392091,2.900544138099631,0.8826320120707908,1.1858461261560205e-20,-9.118839072784577e-21
Risdiplam-like model,WT scenario,1.584893192461114e-05,1.5845029228609904e-05,9.741921244663949e-08,0.8434608689290888,84.34608689290887,2.979552718341076,0.8975836905953375,1.0164395367051604e-20,0.0
Risdiplam-like model,WT scenario,1.8478497974222908e-05,1.847424750411413e-05,9.736868618629366e-08,0.8551854849764136,85.51854849764136,3.0698094791783497,0.9108226921836755,6.776263578034403e-21,0.0
Risdiplam-like model,WT scenario,2.1544346900318823e-05,2.1539707715614287e-05,9.731720051905783e-08,0.8655202073105417,86.55202073105417,3.172530221070273,0.9224973492491895,6.776263578034403e-21,0.0
Risdiplam-like model,WT scenario,2.5118864315095822e-05,2.5113790690520804e-05,9.726412165567899e-08,0.8745958955675424,87.45958955675424,3.2889551772864305,0.93275544225271,6.776263578034403e-21,0.0
Risdiplam-like model,WT scenario,2.9286445646252374e-05,2.928088710371445e-05,9.720882732294946e-08,0.8825395006549888,88.25395006549887,3.420312252468529,0.9417403520642363,3.3881317890172014e-21,0.0
Risdiplam-like model,WT scenario,3.414548873833601e-05,3.413939025164582e-05,9.715072596818014e-08,0.8894716558283694,88.94716558283694,3.567769067210343,0.9495883321885015,0.0,-1.3234889800848443e-23
Risdiplam-like model,WT scenario,3.9810717055349695e-05,3.9804019467340094e-05,9.708927775086897e-08,0.8955051068118588,89.55051068118588,3.732373451691031,0.9564267246462729,6.776263578034403e-21,0.0
Risdiplam-like model,WT scenario,4.641588833612782e-05,4.640852902619557e-05,9.702401742049763e-08,0.9007438196101082,90.07438196101081,3.9149831342738195,0.9623729377479199,6.776263578034403e-21,-1.3234889800848443e-23
Risdiplam-like model,WT scenario,5.411695265464637e-05,5.410886648782139e-05,9.695457870395662e-08,0.9052826139512139,90.52826139512139,4.116186893803207,0.967534014759719,6.776263578034403e-21,1.3234889800848443e-23
Risdiplam-like model,WT scenario,6.309573444801929e-05,6.308685502308703e-05,9.688071922766317e-08,0.909207187635711,90.9207187635711,4.336221323551335,0.9720066423874142,0.0,-1.3234889800848443e-23
Risdiplam-like model,WT scenario,7.356422544596406e-05,7.355448663917235e-05,9.680234434272115e-08,0.9125944178112753,91.25944178112752,4.574889405520981,0.975877471825617,0.0,0.0
Risdiplam-like model,WT scenario,8.576958985908945e-05,8.575892763191672e-05,9.671952761075368e-08,0.9155128462816607,91.55128462816607,4.831488988943322,0.9792236493194921,0.0,0.0
Risdiplam-like model,WT scenario,0.0001,9.998835440628807e-05,9.663252528314678e-08,0.9180232755915004,91.80232755915004,5.10476055223406,0.9821134756299159,0.0,0.0
Risdiplam-like model,WT scenario,0.00011659144011798311,0.0001165787574112234,9.654178202230685e-08,0.9201794199339076,92.01794199339076,5.392863792751156,0.9846071333888702,1.3552527156068805e-20,1.3234889800848443e-23
Risdiplam-like model,WT scenario,0.00013593563908785241,0.00013592187379898754,9.644792550179816e-08,0.9220285696455001,92.20285696455001,5.693391196369464,0.9867574376837549,2.710505431213761e-20,0.0
Risdiplam-like model,WT scenario,0.00015848931924611142,0.00015847443608217612,9.635174844127628e-08,0.9236122402723969,92.36122402723969,6.003423593929762,0.9886105783634227,0.0,0.0
Risdiplam-like model,WT scenario,0.00018478497974222906,0.00018476895515231773,9.625417802156889e-08,0.9249667871487344,92.49667871487344,6.319628013778774,0.9902068328109598,0.0,0.0
Risdiplam-like model,WT scenario,0.00021544346900318823,0.00021542629227427537,9.615623428661994e-08,0.9261239743814587,92.61239743814586,6.638392548723789,0.9915812356943001,0.0,0.0
Risdiplam-like model,WT scenario,0.0002511886431509582,0.00025117031693210886,9.605898076110641e-08,0.9271114932901853,92.71114932901853,6.9559875077107005,0.9927641979365401,0.0,0.0
Risdiplam-like model,WT scenario,0.00029286445646252375,0.0002928449966678926,9.59634717443307e-08,0.9279534298658384,92.79534298658383,7.268737986458727,0.9937820712757005,0.0,0.0
Risdiplam-like model,WT scenario,0.0003414548873833601,0.00034143432248430423,9.587070129279344e-08,0.9286706838277132,92.86706838277132,7.573191131837122,0.9946576576905685,0.0,1.3234889800848443e-23
Risdiplam-like model,WT scenario,0.0003981071705534969,0.00039808554032837726,9.57815586397669e-08,0.9292813435482812,92.92813435482812,7.866262243788452,0.9954106649698717,0.0,0.0
Risdiplam-like model,WT scenario,0.0004641588833612782,0.0004641362372187667,9.569679378350263e-08,0.9298010217145746,92.98010217145746,8.145347243560733,0.9960581110396319,0.0,1.3234889800848443e-23
Risdiplam-like model,WT scenario,0.0005411695265464637,0.0005411459215677074,9.56169954473627e-08,0.930243156402227,93.0243156402227,8.408394132776145,0.9966146805158659,0.0,0.0
Risdiplam-like model,WT scenario,0.000630957344480193,0.0006309328433343036,9.55425819148157e-08,0.9306192815778486,93.06192815778486,8.653931740095318,0.9970930374417684,0.0,0.0
Risdiplam-like model,WT scenario,0.0007356422544596406,0.0007356169233370949,9.547380370548743e-08,0.9309392702171848,93.09392702171849,8.881059180260648,0.9975040983881358,0.0,0.0
Risdiplam-like model,WT scenario,0.0008576958985908946,0.0008576698052751118,9.541075593013666e-08,0.9312115524588013,93.12115524588013,9.089403216485763,0.9978572701083973,0.0,0.0
Risdiplam-like model,WT scenario,0.001,0.000999973212164772,9.535339755303776e-08,0.9314433106388672,93.14433106388672,9.279052752281668,0.9981606557983519,0.0,0.0
Risdiplam-like model,WT scenario,0.0011659144011798312,0.001165886984965529,9.530157468051246e-08,0.9316406527126126,93.16406527126126,9.45048004687438,0.9984212337617506,0.0,0.0
Risdiplam-like model,WT scenario,0.0013593563908785241,0.0013593284097680371,9.52550452739439e-08,0.9318087654342276,93.18087654342277,9.604457317292137,0.9986450119668987,2.168404344971009e-19,0.0
Risdiplam-like model,WT scenario,0.001584893192461114,0.0015848647064504325,9.521350320421788e-08,0.9319520486747401,93.19520486747402,9.741975661442122,0.9988371616309667,0.0,0.0
Risdiplam-like model,WT scenario,0.0018478497974222907,0.001847820862461887,9.517660017634972e-08,0.9320742323345501,93.20742323345502,9.864171196603916,0.9990021326147606,0.0,0.0
Risdiplam-like model,WT scenario,0.002154434690031882,0.0021544053577035064,9.514396464461257e-08,0.932178477393541,93.2178477393541,9.972261335334487,0.9991437530706347,0.0,0.0
Risdiplam-like model,WT scenario,0.002511886431509577,0.0025118567488977587,9.511521733886114e-08,0.9322674626974398,93.22674626974397,10.067492452479938,0.9992653154720255,0.0,0.0
Risdiplam-like model,WT scenario,0.0029286445646252374,0.0029286145743422282,9.508998340054341e-08,0.9323434590856314,93.23434590856314,10.151098937617729,0.9993696508707234,0.0,0.0
Risdiplam-like model,WT scenario,0.003414548873833601,0.003414518614159192,9.506790138027757e-08,0.932408392420657,93.2408392420657,10.224272782937025,0.999459192979073,-4.336808689942018e-19,0.0
Risdiplam-like model,WT scenario,0.003981071705534969,0.003981041210637238,9.504862949397941e-08,0.9324638969910715,93.24638969910714,10.288142373461461,0.9995360334575277,0.0,0.0
Risdiplam-like model,WT scenario,0.004641588833612782,0.0046415581338213035,9.503184959549612e-08,0.932511360639824,93.2511360639824,10.343758944080774,0.9996019696005463,0.0,0.0
Risdiplam-like model,WT scenario,0.0054116952654646375,0.005411664387573272,9.501726932566587e-08,0.9325519628331707,93.25519628331706,10.392089162225924,0.9996585454522968,0.0,0.0
Risdiplam-like model,WT scenario,0.00630957344480193,0.006309542412383543,9.500462286276312e-08,0.9325867067419297,93.25867067419297,10.43401241251006,0.9997070872444869,0.0,0.0
Risdiplam-like model,WT scenario,0.007356422544596406,0.0073563913783164,9.499367064472599e-08,0.932616446266474,93.2616446266474,10.470321542470215,0.9997487339286838,0.0,0.0
Risdiplam-like model,WT scenario,0.008576958985908946,0.008576927703828398,9.498419837176088e-08,0.9326419088052395,93.26419088052394,10.501726035428794,0.9997844634718822,0.0,0.0
Risdiplam-like model,WT scenario,0.01,0.00999996861786222,9.497601553691149e-08,0.9326637144471478,93.26637144471478,10.528856780647361,0.9998151154944418,0.0,0.0
Risdiplam-like model,mutant scenario,0.0,0.0,9.924116854969482e-08,0.01627106812260923,1.6271068122609231,2.420964380214942,0.0,0.0,4.5263323118901674e-21
Risdiplam-like model,mutant scenario,1e-10,9.998559814892009e-11,9.924116730712579e-08,0.016271070092837153,1.6271070092837152,2.420968508976883,3.7560731159241815e-08,9.822769774067204e-25,4.5263323118901674e-21
Risdiplam-like model,mutant scenario,1.165914401179831e-10,1.165746487937325e-10,9.92411671009658e-08,0.01627107041972634,1.627107041972634,2.4209691939975575,4.379259709973562e-08,1.34416849539867e-24,4.5263323118901674e-21
Risdiplam-like model,mutant scenario,1.3593563908785242e-10,1.3591606184289772e-10,9.924116686060095e-08,0.01627107080085114,1.6271070800851142,2.4209699926728856,5.105841924619752e-08,1.83530698410203e-24,4.5263323118901674e-21
Risdiplam-like model,mutant scenario,1.584893192461111e-10,1.584664938567352e-10,9.924116658035618e-08,0.016271071245210048,1.627107124521005,2.4209709238597625,5.952974578752965e-08,2.481541837659083e-24,4.5263323118901674e-21
Risdiplam-like model,mutant scenario,1.8478497974222944e-10,1.8475836729537703e-10,9.924116625361483e-08,0.016271071763294485,1.6271071763294485,2.4209720095436937,6.940658721478398e-08,3.386270632638957e-24,4.539567201691016e-21
Risdiplam-like model,mutant scenario,2.1544346900318867e-10,2.1541244117268415e-10,9.92411658726625e-08,0.01627107236733659,1.627107236733659,2.42097327535787,8.092213862234826e-08,4.575342763183934e-24,4.539567201691016e-21
Risdiplam-like model,mutant scenario,2.511886431509582e-10,2.511524673626954e-10,9.924116542850482e-08,0.016271073071597985,1.6271073071597986,2.4209747511883677,9.434828550524398e-08,6.255553382432272e-24,4.5263323118901674e-21
Risdiplam-like model,mutant scenario,2.928644564625237e-10,2.9282227859838733e-10,9.924116491065519e-08,0.01627107389270647,1.6271073892706471,2.420976471879747,1.1000202304522122e-07,8.478601278668534e-24,4.5263323118901674e-21
Risdiplam-like model,mutant scenario,3.414548873833601e-10,3.4140571161553474e-10,9.924116430688711e-08,0.016271074850048684,1.6271074850048683,2.4209784780577204,1.2825294044578889e-07,1.1528829787457823e-23,4.5263323118901674e-21
Risdiplam-like model,mutant scenario,3.9810717055349694e-10,3.980498358330728e-10,9.924116360294557e-08,0.01627107596622775,1.627107596622775,2.420980817088305,1.4953194702202911e-07,1.5664732850222962e-23,4.5263323118901674e-21
Risdiplam-like model,mutant scenario,4.6415888336127727e-10,4.6409203600607984e-10,9.92411627822105e-08,0.016271077267596988,1.6271077267596987,2.420983544196111,1.743414460686968e-07,2.1299900773240463e-23,4.5263323118901674e-21
Risdiplam-like model,mutant scenario,5.411695265464626e-10,5.41091588280948e-10,9.924116182530431e-08,0.01627107878488212,1.6271078784882118,2.4209867237681504,2.032671967118278e-07,2.884792386278684e-23,4.5263323118901674e-21
Risdiplam-like model,mutant scenario,6.309573444801942e-10,6.308664751728931e-10,9.924116070963453e-08,0.01627108055390668,1.627108055390668,2.4209904308739536,2.3699214380185713e-07,3.9394476672837943e-23,4.539567201691016e-21
Risdiplam-like model,mutant scenario,7.356422544596422e-10,7.35536308678466e-10,9.924115940886028e-08,0.016271082616437876,1.6271082616437875,2.420994753037882,2.763125423708936e-07,5.345654708623941e-23,4.5263323118901674e-21
Risdiplam-like model,mutant scenario,8.576958985908946e-10,8.575723749506938e-10,9.924115789227054e-08,0.016271085021172676,1.6271085021172675,2.4209997923054596,3.2215675735027794e-07,7.258509875152818e-23,4.5263323118901674e-21
Risdiplam-like model,mutant scenario,1e-09,9.998559821066284e-10,9.9241156124059e-08,0.016271087824887568,1.627108782488757,2.4210056676524974,3.756071824056387e-07,9.864128804694855e-23,4.539567201691016e-21
Risdiplam-like model,mutant scenario,1.1659144011798312e-09,1.1657464887766283e-09,9.92411540624788e-08,0.016271091093779083,1.6271091093779084,2.421012517793888,4.3792579538649695e-07,1.34416849539867e-22,4.5263323118901674e-21
Risdiplam-like model,mutant scenario,1.3593563908785241e-09,1.359160619569888e-09,9.924115165885697e-08,0.016271094905026717,1.6271094905026717,2.4210205044583377,5.10583953744255e-07,1.8260012022108086e-22,4.5263323118901674e-21
Risdiplam-like model,mutant scenario,1.584893192461111e-09,1.5846649401182548e-09,9.924114885644539e-08,0.01627109934861512,1.6271099348615121,2.421029816206344,5.952971333728751e-07,2.481541837659083e-22,4.5263323118901674e-21
Risdiplam-like model,mutant scenario,1.847849797422287e-09,1.8475836750619894e-09,9.924114558908116e-08,0.016271104529458704,1.6271104529458704,2.4210406728814893,6.940654310334562e-07,3.3728289476849703e-22,4.539567201691016e-21
Risdiplam-like model,mutant scenario,2.1544346900318866e-09,2.1541244145926685e-09,9.924114177962473e-08,0.016271110569878677,1.6271110569878677,2.421053330800106,8.092207865919243e-07,4.586716496606538e-22,4.5263323118901674e-21
Risdiplam-like model,mutant scenario,2.511886431509582e-09,2.5115246775226265e-09,9.924113733813901e-08,0.016271117612491077,1.6271117612491077,2.4210680888017486,9.434820399395982e-07,6.232805915587064e-22,4.5263323118901674e-21
Risdiplam-like model,mutant scenario,2.9286445646252374e-09,2.9282227912780005e-09,9.924113215976643e-08,0.016271125823573974,1.6271125823573973,2.421085295303201,1.1000191224230465e-06,-6.220398206398768e-22,4.539567201691016e-21
Risdiplam-like model,mutant scenario,3.414548873833601e-09,3.4140571233522194e-09,9.924112612225382e-08,0.016271135396993337,1.6271135396993337,2.421105356522413,1.2825278982518434e-06,-5.600012746983997e-22,4.5263323118901674e-21
Risdiplam-like model,mutant scenario,3.981071705534969e-09,3.980498368114145e-09,9.924111908306707e-08,0.016271146558780248,1.6271146558780247,2.4211287460663247,1.4953174227501967e-06,-4.284795573024683e-22,4.5263323118901674e-21
Risdiplam-like model,mutant scenario,4.641588833612773e-09,4.64092037336029e-09,9.9241110876027e-08,0.016271159572467546,1.6271159572467546,2.421156016108646,1.7434116774464956e-06,-1.9686898578762059e-22,4.539567201691016e-21
Risdiplam-like model,mutant scenario,5.411695265464648e-09,5.410915900888445e-09,9.924110130738757e-08,0.016271174745311884,1.6271174745311885,2.4211878104210984,2.0326681837041575e-06,8.271806125530277e-25,4.5263323118901674e-21
Risdiplam-like model,mutant scenario,6.309573444801943e-09,6.30866477630454e-09,9.924109015126386e-08,0.016271192435548112,1.6271192435548112,2.4212248795652593,2.36991629501276e-06,0.0,4.539567201691016e-21
Risdiplam-like model,mutant scenario,7.356422544596422e-09,7.3553631201914865e-09,9.924107714430195e-08,0.01627121306084726,1.627121306084726,2.421268098602936,2.7631184325348685e-06,0.0,4.5263323118901674e-21
Risdiplam-like model,mutant scenario,8.576958985908947e-09,8.575723794918432e-09,9.924106197946551e-08,0.01627123710817783,1.627123710817783,2.421318487742218,3.221558070011575e-06,1.6543612251060553e-24,4.539567201691016e-21
Risdiplam-like model,mutant scenario,1e-08,9.998559882796223e-09,9.924104429879234e-08,0.0162712651453031,1.62712651453031,2.4213772364053012,3.7560589054342994e-06,0.0,4.539567201691016e-21
Risdiplam-like model,mutant scenario,1.165914401179831e-08,1.1657464971678531e-08,9.924102368495082e-08,0.016271297834186127,1.6271297834186127,2.421445731284457,4.3792403928684005e-06,0.0,4.539567201691016e-21
Risdiplam-like model,mutant scenario,1.3593563908785241e-08,1.3591606309764373e-08,9.924099965139748e-08,0.016271335946618698,1.6271335946618697,2.4215255890460434,5.105815665813295e-06,1.6543612251060553e-24,4.539567201691016e-21
Risdiplam-like model,mutant scenario,1.5848931924611143e-08,1.5846649556236392e-08,9.924097163090428e-08,0.016271380382443284,1.6271380382443283,2.4216186944512557,5.95293888371447e-06,0.0,4.552802091491864e-21
Risdiplam-like model,mutant scenario,1.8478497974222906e-08,1.8475836961390396e-08,9.924093896218624e-08,0.016271432190798314,1.6271432190798314,2.421727244789006,6.940610199259683e-06,-3.308722450212111e-24,4.539567201691016e-21
Risdiplam-like model,mutant scenario,2.1544346900318866e-08,2.1541244432434234e-08,9.924090087431566e-08,0.016271492594888155,1.6271492594888155,2.4218538016636306,8.092147903341865e-06,0.0,4.5263323118901674e-21
Risdiplam-like model,mutant scenario,2.511886431509582e-08,2.5115247164684794e-08,9.924085646855736e-08,0.016271563020862755,1.6271563020862756,2.4220013513515344,9.43473888903247e-06,3.308722450212111e-24,4.552802091491864e-21
Risdiplam-like model,mutant scenario,2.9286445646252374e-08,2.9282228442196e-08,9.924080469719954e-08,0.016271645131488606,1.6271645131488606,2.4221733751400647,1.1000080422838995e-05,0.0,4.539567201691016e-21
Risdiplam-like model,mutant scenario,3.4145488738336004e-08,3.414057195316591e-08,9.92407443388857e-08,0.016271740865406056,1.6271740865406055,2.4223739312934223,1.2825128364312679e-05,0.0,4.539567201691016e-21
Risdiplam-like model,mutant scenario,3.981071705534969e-08,3.980498465936119e-08,9.9240673969871e-08,0.016271852482899647,1.6271852482899647,2.4226077505591452,1.4952969484274368e-05,-6.617444900424222e-24,4.552802091491864e-21
Risdiplam-like model,mutant scenario,4.641588833612773e-08,4.6409205063301986e-08,9.924059193053382e-08,0.016271982619261983,1.6271982619261982,2.4228803474407097,1.743383845639035e-05,0.0,4.566036981292713e-21
Risdiplam-like model,mutant scenario,5.411695265464637e-08,5.410916081634322e-08,9.924049628636352e-08,0.016272134347010966,1.6272134347010965,2.423198149823396,2.0326303505079675e-05,0.0,4.566036981292713e-21
Risdiplam-like model,mutant scenario,6.30957344480193e-08,6.308665021990974e-08,9.924038478251982e-08,0.016272311248428928,1.6272311248428928,2.4235686499596176,2.3698648664522845e-05,0.0,4.566036981292713e-21
Risdiplam-like model,mutant scenario,7.356422544596421e-08,7.355363454148497e-08,9.924025479091289e-08,0.01627251750013616,1.6272517500136159,2.4240005803046727,2.763048523167416e-05,0.0,4.566036981292713e-21
Risdiplam-like model,mutant scenario,8.576958985908945e-08,8.575724248855817e-08,9.924010324858491e-08,0.016272757971694904,1.6272757971694904,2.4245041182542066,3.2214630388603e-05,0.0,4.566036981292713e-21
Risdiplam-like model,mutant scenario,1e-07,9.998560499812621e-08,9.92399265859791e-08,0.01627303834057136,1.627303834057136,2.4250911244811,3.7559297251731195e-05,0.0,4.579271871093561e-21
Risdiplam-like model,mutant scenario,1.1659144011798311e-07,1.1657465810350365e-07,9.923972064345804e-08,0.016273365226168974,1.6273365226168974,2.425775420314027,4.3790647923471236e-05,0.0,4.59250676089441e-21
Risdiplam-like model,mutant scenario,1.3593563908785243e-07,1.3591607449702055e-07,9.923948057417572e-08,0.016273746346096213,1.6273746346096214,2.4265731104555908,5.105576964487529e-05,0.0,4.59250676089441e-21
Risdiplam-like model,mutant scenario,1.584893192461114e-07,1.584665110563378e-07,9.923920073111232e-08,0.016274190698356644,1.6274190698356645,2.4275029583185823,5.9526144072899545e-05,-2.6469779601696886e-23,4.6189765404961065e-21
Risdiplam-like model,mutant scenario,1.8478497974222906e-07,1.84758390672818e-07,9.923887453574324e-08,0.01627470877376042,1.627470877376042,2.4285868223795384,6.94016912609841e-05,0.0,4.632211430296955e-21
Risdiplam-like model,mutant scenario,2.1544346900318867e-07,2.1541247294628762e-07,9.923849432543023e-08,0.016275312803568726,1.6275312803568727,2.4298501632242417,8.091548337134913e-05,0.0,4.6454463200978034e-21
Risdiplam-like model,mutant scenario,2.5118864315095823e-07,2.5115251054694587e-07,9.923805117618667e-08,0.01627601704821376,1.627601704821376,2.4313226324051787,9.433923879795625e-05,0.0,4.658681209898652e-21
Risdiplam-like model,mutant scenario,2.928644564625237e-07,2.928223372894496e-07,9.923753469697904e-08,0.016276838133904317,1.6276838133904317,2.433038755859412,0.00010998972558465769,0.0,4.685150989500349e-21
Risdiplam-like model,mutant scenario,3.414548873833601e-07,3.414057913790311e-07,9.92369327911773e-08,0.016277795445055664,1.6277795445055663,2.435038726457662,0.00012823622419261445,0.0,4.711620769102046e-21
Risdiplam-like model,mutant scenario,3.981071705534969e-07,3.9804994423066814e-07,9.923623138015808e-08,0.016278911581796653,1.6278911581796653,2.4373693222768527,0.00014950922427613896,-5.293955920339377e-23,4.7380905487037425e-21
Risdiplam-like model,mutant scenario,4.6415888336127725e-07,4.6409218331043863e-07,9.923541408339617e-08,0.016280212893339037,1.6280212893339037,2.440084969406395,0.0001743105587091489,0.0,4.777795218106288e-21
Risdiplam-like model,mutant scenario,5.411695265464637e-07,5.410917884462571e-07,9.9234461848656e-08,0.01628173009977803,1.6281730099778031,2.443248970497538,0.0002032252112880621,0.0,4.817499887508833e-21
Risdiplam-like model,mutant scenario,6.30957344480193e-07,6.308667471519892e-07,9.923335252512752e-08,0.01628349901697204,1.628349901697204,2.446934922811337,0.00023693507303379328,1.0587911840678754e-22,4.870439446712227e-21
Risdiplam-like model,mutant scenario,7.356422544596422e-07,7.355366782098996e-07,9.923206037155589e-08,0.016285561401569466,1.6285561401569466,2.45122835215301,0.00027623496663826654,0.0,4.936613895716469e-21
Risdiplam-like model,mutant scenario,8.576958985908945e-07,8.575728769825792e-07,9.923055549062287e-08,0.016287965936068512,1.6287965936068511,2.4562285916999502,0.00032205131027252036,0.0,4.989553454919863e-21
Risdiplam-like model,mutant scenario,1e-06,9.998566640830453e-07,9.922880318009529e-08,0.01629076937707503,1.6290769377075032,2.4620509371854498,0.0003754638517370495,0.0,5.082197683525802e-21
Risdiplam-like model,mutant scenario,1.1659144011798312e-06,1.1657474150915832e-06,9.922676319062778e-08,0.01629403789373782,1.629403789373782,2.4688291119663903,0.0004377309729613945,0.0,5.174841912131741e-21
Risdiplam-like model,mutant scenario,1.3593563908785242e-06,1.3591618776006545e-06,9.92243888796919e-08,0.016297848627775238,1.6297848627775238,2.476718076859458,0.000510319144453603,0.0,5.293955920339377e-21
Risdiplam-like model,mutant scenario,1.584893192461114e-06,1.5846666483934235e-06,9.92216262510343e-08,0.016302291511657914,1.6302291511657914,2.4858972198260103,0.000594937200899463,0.0,5.4263048183478615e-21
Risdiplam-like model,mutant scenario,1.8478497974222906e-06,1.8475859943120888e-06,9.921841286953032e-08,0.016307471387490294,1.6307471387490293,2.496573959000928,0.0006935762142822998,0.0,5.585123495958043e-21
Risdiplam-like model,mutant scenario,2.1544346900318822e-06,2.1541275626889877e-06,9.921467664254631e-08,0.0163135104760617,1.6313510476061701,2.5089877883578073,0.0008085558613123913,0.0,5.7836468429707695e-21
Risdiplam-like model,mutant scenario,2.5118864315095823e-06,2.5115289496540012e-06,9.92103344612879e-08,0.016320551253553667,1.6320551253553668,2.5234147873699517,0.0009425783193720999,0.0,5.9954050797843446e-21
Risdiplam-like model,mutant scenario,2.9286445646252375e-06,2.9282285871747452e-06,9.920529069952674e-08,0.016328759802644983,1.6328759802644983,2.5401726029141742,0.0010987908813687006,0.0,6.28657265540301e-21
Risdiplam-like model,mutant scenario,3.414548873833601e-06,3.4140649839656313e-06,9.919943557311965e-08,0.016338329715409175,1.6338329715409174,2.5596258915204935,0.0012808586565394018,0.0,6.6174449004242214e-21
Risdiplam-like model,mutant scenario,3.981071705534969e-06,3.980509024983203e-06,9.919264337255649e-08,0.01634948663761641,1.634948663761641,2.58219218058433,0.0014930489228611853,-8.470329472543003e-22,7.027726484250523e-21
Risdiplam-like model,mutant scenario,4.641588833612782e-06,4.640934814925116e-06,9.918477059323362e-08,0.016362493557991593,1.6362493557991593,2.6083480655264313,0.001740328918361641,0.0,7.530652296682764e-21
Risdiplam-like model,mutant scenario,5.411695265464638e-06,5.410935461408647e-06,9.917565400523353e-08,0.016377656961778973,1.6377656961778972,2.638635602836879,0.0020284791036882218,0.0,8.152692117322641e-21
Risdiplam-like model,mutant scenario,6.30957344480193e-06,6.3086912548221514e-06,9.916510872718363e-08,0.01639533398570711,1.6395333985707112,2.6736686828462215,0.0023642241960522502,0.0,8.92031572577185e-21
Risdiplam-like model,mutant scenario,7.356422544596406e-06,7.355398939283513e-06,9.915292639838098e-08,0.016415940731131222,1.6415940731131222,2.7141390672221153,0.0027553845627334957,0.0,9.886462681233787e-21
Risdiplam-like model,mutant scenario,8.576958985908945e-06,8.575772211924972e-06,9.913887358078655e-08,0.016439961913595605,1.6439961913595604,2.7608216513245356,0.0032110508658857208,1.6940658945086007e-21,1.1104072542911844e-20
Risdiplam-like model,mutant scenario,1e-05,9.998625269914883e-06,9.912269056830162e-08,0.01646796204990521,1.6467962049905212,2.814578358704142,0.0037417851611096288,0.0,1.2679024429212808e-20
Risdiplam-like model,mutant scenario,1.165914401179831e-05,1.1657553185929156e-05,9.910409083473438e-08,0.01650059840725385,1.650059840725385,2.8763598948860927,0.004359851956953075,0.0,1.4717197458543468e-20
Risdiplam-like model,mutant scenario,1.359356390878524e-05,1.3591725179473075e-05,9.908276141246815e-08,0.016538635961715134,1.6538635961715134,2.9472043854193073,0.005079483021202934,0.0,1.7377410308514005e-20
Risdiplam-like model,mutant scenario,1.584893192461114e-05,1.5846809517462995e-05,9.905836455732687e-08,0.016582964633380055,1.6582964633380055,3.028231711424344,0.005917179943408199,3.3881317890172014e-21,2.0937595664942237e-20
Risdiplam-like model,mutant scenario,1.8478497974222908e-05,1.8476051885657924e-05,9.903054111463773e-08,0.016634619079477556,1.6634619079477557,3.1206321572635587,0.006892058590052061,0.0,-2.4246318115154347e-20
Risdiplam-like model,mutant scenario,2.1544346900318823e-05,2.154153269613266e-05,9.899891604657561e-08,0.016694801330480846,1.6694801330480846,3.225647835819259,0.008026239561394958,-3.3881317890172014e-21,-1.7642108104530974e-20
Risdiplam-like model,mutant scenario,2.5118864315095822e-05,2.5115633020367294e-05,9.8963106593991e-08,0.016764906540885034,1.6764906540885034,3.344545309729126,0.009345288498179557,0.0,-8.483564362343852e-21
Risdiplam-like model,mutant scenario,2.9286445646252374e-05,2.9282743762191933e-05,9.892273351041858e-08,0.016846552088295365,1.6846552088295366,3.47857795134943,0.0108787094857995,0.0,0.0
Risdiplam-like model,mutant scenario,3.414548873833601e-05,3.414125842576129e-05,9.887743569085025e-08,0.016941610179835868,1.6941610179835869,3.628936962633623,0.012660493722508041,0.0,1.3234889800848443e-23
Risdiplam-like model,mutant scenario,3.9810717055349695e-05,3.9805896526209014e-05,9.882688830380542e-08,0.017052244001414852,1.7052244001414851,3.7966906939724736,0.014729723874050154,0.0,0.0
Risdiplam-like model,mutant scenario,4.641588833612782e-05,4.641041249246312e-05,9.877082419765363e-08,0.01718094725687304,1.7180947256873038,3.982713026108738,0.01713123189700037,0.0,0.0
Risdiplam-like model,mutant scenario,5.411695265464637e-05,5.4110754007074424e-05,9.870905788715047e-08,0.017330586673846102,1.7330586673846102,4.187603131672724,0.01991630428772329,0.0,-1.3234889800848443e-23
Risdiplam-like model,mutant scenario,6.309573444801929e-05,6.308874433187671e-05,9.864151085262086e-08,0.017504446683806445,1.7504446683806445,4.411600846705062,0.02314342335415487,1.3552527156068805e-20,0.0
Risdiplam-like model,mutant scenario,7.356422544596406e-05,7.355637553197326e-05,9.85682362595221e-08,0.017706274999184205,1.7706274999184206,4.654503968265066,0.02687902580902782,0.0,0.0
Risdiplam-like model,mutant scenario,8.576958985908945e-05,8.576081392713484e-05,9.84894406302799e-08,0.017940327197516155,1.7940327197516155,4.9155957177501906,0.031198250303407338,0.0,0.0
Risdiplam-like model,mutant scenario,0.0001,9.999023591131713e-05,9.840549961217657e-08,0.018211407672698632,1.8211407672698632,5.1935919082601245,0.036185633017587114,0.0,1.3234889800848443e-23
Risdiplam-like model,mutant scenario,0.00011659144011798311,0.00011658063188655659,9.831696494038743e-08,0.018524903424222406,1.8524903424222405,5.486617509213744,0.04193569473528095,-1.3552527156068805e-20,0.0
Risdiplam-like model,mutant scenario,0.00013593563908785241,0.00013592373892153397,9.822456012677962e-08,0.018886806132509787,1.8886806132509788,5.792220869851183,0.04855334377168863,0.0,0.0
Risdiplam-like model,mutant scenario,0.00015848931924611142,0.00015847628940820894,9.812916337129295e-08,0.01930371683022092,1.9303716830220918,6.1074306501553215,0.056153996903433354,0.0,-1.3234889800848443e-23
Risdiplam-like model,mutant scenario,0.00018478497974222906,0.0001847707940808791,9.803177763126985e-08,0.019782826264796435,1.9782826264796434,6.4288557206685155,0.06486329587983687,0.0,0.0
Risdiplam-like model,mutant scenario,0.00021544346900318823,0.00021542811401234604,9.793348949230772e-08,0.020331862832964245,2.0331862832964247,6.752822606754514,0.07481627195325481,0.0,1.3234889800848443e-23
Risdiplam-like model,mutant scenario,0.0002511886431509582,0.00025117211846336545,9.783542014512054e-08,0.020958998891784143,2.095899889178414,7.07553952365297,0.0861557882588002,5.421010862427522e-20,1.3234889800848443e-23
Risdiplam-like model,mutant scenario,0.00029286445646252375,0.0002928467747273619,9.773867302972592e-08,0.021672705543562237,2.167270554356224,7.393271863956505,0.09903007462663066,0.0,0.0
Risdiplam-like model,mutant scenario,0.0003414548873833601,0.0003414360735416239,9.764428326735056e-08,0.022481546003482365,2.2481546003482364,7.702512135474919,0.11358916833628331,0.0,1.3234889800848443e-23
Risdiplam-like model,mutant scenario,0.0003981071705534969,0.00039808726058262615,9.755317372495174e-08,0.02339389886687606,2.339389886687606,8.000128257715069,0.1299800961848475,0.0,1.3234889800848443e-23
Risdiplam-like model,mutant scenario,0.0004641588833612782,0.00046413792260789383,9.746612151285088e-08,0.024417605573562304,2.4417605573562304,8.283477586673332,0.1483406881303613,0.0,0.0
Risdiplam-like model,mutant scenario,0.0005411695265464637,0.0005411475677954105,9.738373714844429e-08,0.025559541704477797,2.5559541704477797,8.550479227155806,0.16879201057951707,-1.0842021724855044e-19,-1.3234889800848443e-23
Risdiplam-like model,mutant scenario,0.000630957344480193,0.000630934445916735,9.730645687376965e-08,0.026825119872090582,2.6825119872090584,8.79964295495389,0.19142955509097168,0.0,0.0
Risdiplam-like model,mutant scenario,0.0007356422544596406,0.0007356184776709375,9.723454703293007e-08,0.02821774292437245,2.821774292437245,9.030058270737259,0.21631351598880713,0.0,0.0
Risdiplam-like model,mutant scenario,0.0008576958985908946,0.0008576713067273256,9.716811824630292e-08,0.029738239354379782,2.973823935437978,9.241350916627729,0.24345872671754265,0.0,0.0
Risdiplam-like model,mutant scenario,0.001,0.0009999746561826308,9.710714647623691e-08,0.031384326674018755,3.1384326674018754,9.433616234716814,0.27282507259093947,-2.168404344971009e-19,0.0
Risdiplam-like model,mutant scenario,0.0011659144011798312,0.0011658883672035255,9.70514979478067e-08,0.03315016056173334,3.315016056173334,9.607339103566105,0.30430941243609,0.0,0.0
Risdiplam-like model,mutant scenario,0.0013593563908785241,0.0013593297262259726,9.700095516171716e-08,0.035026034535745536,3.5026034535745536,9.763309230704447,0.33774016525962713,0.0,-1.3234889800848443e-23
Risdiplam-like model,mutant scenario,0.001584893192461114,0.001584865953614838,9.695524176831976e-08,0.036998293266423066,3.6998293266423063,9.902538817157971,0.3728756890561026,0.0,0.0
Risdiplam-like model,mutant scenario,0.0018478497974222907,0.0018478220374412058,9.691404471891939e-08,0.03904950977308799,3.904950977308799,10.026187538448097,0.4094073502690699,0.0,0.0
Risdiplam-like model,mutant scenario,0.002154434690031882,0.002154406458346626,9.687703275934164e-08,0.04115895199666612,4.115895199666611,10.13549778888347,0.4469677424880165,0.0,1.3234889800848443e-23
Risdiplam-like model,mutant scenario,0.002511886431509577,0.002511857773885847,9.684387090494384e-08,0.04330332987056357,4.330332987056357,10.23174145105012,0.4851439018501553,4.336808689942018e-19,1.3234889800848443e-23
Risdiplam-like model,mutant scenario,0.0029286445646252374,0.002928615523245546,9.681423099385401e-08,0.045457775406657415,4.545777540665742,10.316178184442256,0.5234946796513869,0.0,0.0
Risdiplam-like model,mutant scenario,0.003414548873833601,0.0034145194874535332,9.678779873988349e-08,0.04759697304560434,4.759697304560434,10.390024380084329,0.561570804336119,0.0,0.0
Risdiplam-like model,mutant scenario,0.003981071705534969,0.003981042009678443,9.676427789963057e-08,0.04969633342902606,4.969633342902606,10.454431445037917,0.5989357347377022,0.0,0.0
Risdiplam-like model,mutant scenario,0.004641588833612782,0.004641558860780367,9.674339224323881e-08,0.051733096576715196,5.17330965767152,10.5104718786925,0.6351852765653039,0.0,0.0
Risdiplam-like model,mutant scenario,0.0054116952654646375,0.005411665045338217,9.672488599723285e-08,0.05368726195954314,5.368726195954314,10.559131596160196,0.669964136536946,0.0,0.0
Risdiplam-like model,mutant scenario,0.00630957344480193,0.0063095430044368996,9.670852333869672e-08,0.055542270338870985,5.5542270338870985,10.601307068751776,0.7029780737751551,0.0,0.0
Risdiplam-like model,mutant scenario,0.007356422544596406,0.0073563919085985145,9.66940873928332e-08,0.05728539906110973,5.7285399061109725,10.637806030148614,0.7340009620129619,0.0,0.0
Risdiplam-like model,mutant scenario,0.008576958985908946,0.008576928176596771,9.668137904865401e-08,0.05890787076790829,5.890787076790828,10.669350699367275,0.7628767569006619,0.0,1.3234889800848443e-23
Risdiplam-like model,mutant scenario,0.01,0.009999969037555961,9.667021578228839e-08,0.060404708010225405,6.040470801022541,10.69658267230389,0.7895169420730808,0.0,1.3234889800848443e-23
Aminoglycoside-like model,WT scenario,0.0,0.0,9.917965623891151e-08,0.04724686424248754,4.7246864242487545,2.4195001087098253,0.0,0.0,9.43647642800494e-21
Aminoglycoside-like model,WT scenario,1e-10,9.990846583335723e-11,9.917962314213253e-08,0.04724721866170164,4.724721866170164,2.41960806851164,7.404987300209738e-07,0.0,9.423241538204091e-21
Aminoglycoside-like model,WT scenario,1.165914401179831e-10,1.164847191695011e-10,9.917961765092119e-08,0.04724727746488844,4.724727746488844,2.41962598052824,8.633580038716423e-07,-2.5849394142282115e-26,9.43647642800494e-21
Aminoglycoside-like model,WT scenario,1.3593563908785242e-10,1.3581121167133974e-10,9.91796112486463e-08,0.047247346024347464,4.724734602434746,2.4196468643814537,1.006601354030616e-06,0.0,9.423241538204091e-21
Aminoglycoside-like model,WT scenario,1.584893192461111e-10,1.583442476302023e-10,9.917960378415202e-08,0.04724742595877639,4.724742595877639,2.41967121313283,1.173610775587074e-06,0.0,9.423241538204091e-21
Aminoglycoside-like model,WT scenario,1.8478497974222944e-10,1.8461583879320452e-10,9.917959508120454e-08,0.04724751915543513,4.724751915543513,2.4196996016467134,1.368329379309969e-06,0.0,9.423241538204091e-21
Aminoglycoside-like model,WT scenario,2.1544346900318867e-10,2.1524626532134784e-10,9.917958493433162e-08,0.04724762781470318,4.724762781470318,2.419732700161351,1.595354486660206e-06,0.0,9.43647642800494e-21
Aminoglycoside-like model,WT scenario,2.511886431509582e-10,2.5095872079179467e-10,9.9179573103972e-08,0.047247754502029005,4.7247754502029,2.4197712901112274,1.860046169829945e-06,5.169878828456423e-26,9.43647642800494e-21
Aminoglycoside-like model,WT scenario,2.928644564625237e-10,2.925963870173638e-10,9.917955931082024e-08,0.04724790220849844,4.724790220849844,2.419816282573989,2.16865379908245e-06,0.0,9.43647642800494e-21
Aminoglycoside-like model,WT scenario,3.414548873833601e-10,3.4114234182508593e-10,9.917954322923338e-08,0.047248074421451215,4.724807442145122,2.419868739777208,2.5284635846839237e-06,0.0,9.449711317805788e-21
Aminoglycoside-like model,WT scenario,3.9810717055349694e-10,3.9774276982273835e-10,9.917952447954409e-08,0.04724827520681299,4.724827520681299,2.419929900172388,2.9479705962171022e-06,0.0,9.43647642800494e-21
Aminoglycoside-like model,WT scenario,4.6415888336127727e-10,4.6373402416692707e-10,9.917950261909896e-08,0.04724850930508607,4.724850930508607,2.4200012076676916,3.43707931972622e-06,0.0,9.449711317805788e-21
Aminoglycoside-like model,WT scenario,5.411695265464626e-10,5.406741782697344e-10,9.917947713181025e-08,0.04724878224326448,4.724878224326448,2.420084345708868,4.007337486578253e-06,0.0,9.449711317805788e-21
Aminoglycoside-like model,WT scenario,6.309573444801942e-10,6.303798123899474e-10,9.917944741597518e-08,0.047249100465315136,4.724910046531513,2.4201812770120883,4.672208693002924e-06,0.0,9.43647642800494e-21
Aminoglycoside-like model,WT scenario,7.356422544596422e-10,7.349689036523357e-10,9.917941277007519e-08,0.04724947148430408,4.724947148430408,2.420294289885458,5.44739024448397e-06,-1.0339757656912846e-25,9.43647642800494e-21
Aminoglycoside-like model,WT scenario,8.576958985908946e-10,8.569108321426333e-10,9.917937237622059e-08,0.04724990405975843,4.724990405975843,2.420426052231106,6.351183726064277e-06,1.0339757656912846e-25,9.449711317805788e-21
Aminoglycoside-like model,WT scenario,1e-09,9.990846837389846e-10,9.917932528085043e-08,0.0472504084044488,4.72504084044488,2.4205796745004156,7.4049270433015945e-06,2.0679515313825692e-25,9.449711317805788e-21
Aminoglycoside-like model,WT scenario,1.1659144011798312e-09,1.164847226229817e-09,9.917927037223285e-08,0.047250996425471696,4.725099642547169,2.420758783085498,8.633498128321859e-06,0.0,9.449711317805788e-21
Aminoglycoside-like model,WT scenario,1.3593563908785241e-09,1.3581121636581836e-09,9.917920635423626e-08,0.04725168200531955,4.725168200531955,2.420967605875222,1.0065902195234305e-05,0.0,9.462946207606637e-21
Aminoglycoside-like model,WT scenario,1.584893192461111e-09,1.5834425401162069e-09,9.917913171575342e-08,0.04725248132956875,4.725248132956875,2.4212110719896827,1.1735956398784843e-05,0.0,9.462946207606637e-21
Aminoglycoside-like model,WT scenario,1.847849797422287e-09,1.846158474677446e-09,9.917904469505974e-08,0.047253413268914954,4.725341326891495,2.421494928039632,1.3683088045747906e-05,0.0,9.462946207606637e-21
Aminoglycoside-like model,WT scenario,2.1544346900318866e-09,2.152462771130119e-09,9.9178943238267e-08,0.047254499824564825,4.725449982456483,2.421825873644482,1.5953265184003874e-05,0.0,9.476181097407485e-21
Aminoglycoside-like model,WT scenario,2.511886431509582e-09,2.5095873682066496e-09,9.917882495089655e-08,0.04725576664748593,4.725576664748593,2.422211719393236,1.8600081512158193e-05,0.0,9.502650877009182e-21
Aminoglycoside-like model,WT scenario,2.9286445646252374e-09,2.925964088059885e-09,9.917868704143487e-08,0.047257243643754776,4.725724364375478,2.4226615709570303,2.168602118582818e-05,0.0,9.502650877009182e-21
Aminoglycoside-like model,WT scenario,3.414548873833601e-09,3.411423714430809e-09,9.917852625554737e-08,0.047258965680269056,4.725896568026906,2.423186043671976,2.5283933330155412e-05,4.1359030627651384e-25,9.502650877009182e-21
Aminoglycoside-like model,WT scenario,3.981071705534969e-09,3.977428100833387e-09,9.917833879940854e-08,0.047260973407450065,4.726097340745007,2.4237975126202573,2.9478751000329197e-05,0.0,9.529120656610879e-21
Aminoglycoside-like model,WT scenario,4.641588833612773e-09,4.637340788941473e-09,9.917812025035439e-08,0.04726331421831079,4.726331421831079,2.424510404061751,3.4369495077570854e-05,8.271806125530277e-25,9.542355546411727e-21
Aminoglycoside-like model,WT scenario,5.411695265464648e-09,5.406742526614976e-09,9.917786545276881e-08,0.04726604336646674,4.726604336646674,2.42534153502602,4.0071610280341205e-05,-8.271806125530277e-25,9.555590436212576e-21
Aminoglycoside-like model,WT scenario,6.309573444801943e-09,6.303799135116378e-09,9.917756839677494e-08,0.047269225269396,4.7269225269396,2.426310508986142,4.671968826417181e-05,0.0,9.582060215814273e-21
Aminoglycoside-like model,WT scenario,7.356422544596422e-09,7.3496904110763994e-09,9.91772220769068e-08,0.0472729350275957,4.7272935027595695,2.427440176825347,5.447064185797436e-05,0.0,9.60852999541597e-21
Aminoglycoside-like model,WT scenario,8.576958985908947e-09,8.569110189852784e-09,9.917681832747835e-08,0.047277260195335895,4.7277260195335895,2.4287571738020577,6.350740504805114e-05,0.0,9.634999775017666e-21
Aminoglycoside-like model,WT scenario,1e-08,9.990849377118899e-09,9.917634763083565e-08,0.04728230284459185,4.728230284459185,2.430292544949444,7.404324561438321e-05,0.0,9.674704444420212e-21
Aminoglycoside-like model,WT scenario,1.165914401179831e-08,1.164847571449164e-08,9.917579889406447e-08,0.04728818197057621,4.72881819705762,2.4320824733469135,8.632679162601359e-05,0.0,9.701174224021909e-21
Aminoglycoside-like model,WT scenario,1.3593563908785241e-08,1.3581126329020685e-08,9.917515918901561e-08,0.04729503629524781,4.729503629524781,2.43416912801213,0.00010064788963576191,0.0,9.740878893424454e-21
Aminoglycoside-like model,WT scenario,1.5848931924611143e-08,1.583443177934793e-08,9.917441344969297e-08,0.04730302753441884,4.730302753441884,2.4366016508266792,0.00011734443175091736,0.0,9.820288232229545e-21
Aminoglycoside-like model,WT scenario,1.8478497974222906e-08,1.846159341619256e-08,9.917354412010793e-08,0.04731234420482435,4.731234420482435,2.439437304974313,0.00013681031122411575,0.0,9.886462681233787e-21
Aminoglycoside-like model,WT scenario,2.1544346900318866e-08,2.1524639494847146e-08,9.917253074462301e-08,0.04732320605998938,4.732320605998938,2.442742810889887,0.00015950469229926456,0.0,9.965872020038877e-21
Aminoglycoside-like model,WT scenario,2.511886431509582e-08,2.5095889698072214e-08,9.91713494915701e-08,0.04733586925819751,4.7335869258197505,2.4465958997451698,0.00018596281032484994,0.0,1.0045281358843968e-20
Aminoglycoside-like model,WT scenario,2.9286445646252374e-08,2.9259662648837663e-08,9.916997259951707e-08,0.04735063238263922,4.735063238263923,2.4510871190926737,0.00021680855325522942,0.0,1.0151160477250756e-20
Aminoglycoside-like model,WT scenario,3.4145488738336004e-08,3.4114266729999387e-08,9.916836773395119e-08,0.04736784345324376,4.736784345324376,2.4563219305086355,0.0002527691163322697,-6.617444900424222e-24,1.0270274485458392e-20
Aminoglycoside-like model,WT scenario,3.981071705534969e-08,3.9774321217747206e-08,9.91664972403331e-08,0.04738790809216923,4.738790809216923,2.4624231449765928,0.0002946920688049004,0.0,1.0415858273267724e-20
Aminoglycoside-like model,WT scenario,4.641588833612773e-08,4.6373462535528815e-08,9.916431727743438e-08,0.0474112990308854,4.74112990308854,2.469533748381463,0.00034356522593734077,-6.617444900424222e-24,1.0587911840678754e-20
Aminoglycoside-like model,WT scenario,5.411695265464637e-08,5.406749952940317e-08,9.916177681259527e-08,0.04743856717672336,4.743856717672336,2.4778201768735424,0.00040053978232296986,0.0,1.0786435187691481e-20
Aminoglycoside-like model,WT scenario,6.30957344480193e-08,6.303809226925108e-08,9.915881645802224e-08,0.047470354491232644,4.747035449123264,2.487476110021057,0.0004669572348181755,0.0,1.1024663204106753e-20
Aminoglycoside-like model,WT scenario,7.356422544596421e-08,7.349704124350472e-08,9.915536712449628e-08,0.0475074089722737,4.75074089722737,2.498726858568341,0.0005443807065081633,0.0,1.1329065669526267e-20
Aminoglycoside-like model,WT scenario,8.576958985908945e-08,8.569128823017587e-08,9.915134846590762e-08,0.04755060207712122,4.7550602077121225,2.5118344331659976,0.0006346313783848049,1.3234889800848443e-23,1.1659937914547478e-20
Aminoglycoside-like model,WT scenario,1e-07,9.990874693464617e-08,9.914666708492108e-08,0.04760094897563338,4.760094897563338,2.527103390465769,0.000739830844305853,0.0,1.2083454388174628e-20
Aminoglycoside-like model,WT scenario,1.1659144011798311e-07,1.164851010821635e-07,9.914121446689538e-08,0.04765963208143816,4.765963208143816,2.5448875631810384,0.0008624503288089231,0.0,1.257314531080602e-20
Aminoglycoside-like model,WT scenario,1.3593563908785243e-07,1.3581173050355645e-07,9.913486460606993e-08,0.04772802837576966,4.7728028375769656,2.565597790639023,0.0010053678479502361,0.0,1.3181950241645049e-20
Aminoglycoside-like model,WT scenario,1.584893192461114e-07,1.5834495239656748e-07,9.912747128519869e-08,0.047807741113653754,4.780774111365376,2.589710775293021,0.0011719345518967318,-2.6469779601696886e-23,1.3909869180691713e-20
Aminoglycoside-like model,WT scenario,1.8478497974222906e-07,1.8461679601247321e-07,9.911886496756096e-08,0.04790063658606822,4.7900636586068215,2.6177791976056852,0.0013660516656478958,0.0,1.479660679734856e-20
Aminoglycoside-like model,WT scenario,2.1544346900318867e-07,2.1524756524310765e-07,9.910884925904205e-08,0.04800888670471953,4.800888670471953,2.6504432252147456,0.0015922596416908684,0.0,1.5921572430420677e-20
Aminoglycoside-like model,WT scenario,2.5118864315095823e-07,2.50960485823972e-07,9.909719689835646e-08,0.04813501827806397,4.813501827806397,2.688443550348992,0.001855841355579956,0.0,1.7284766079908066e-20
Aminoglycoside-like model,WT scenario,2.928644564625237e-07,2.925987831243249e-07,9.908364523629993e-08,0.048281969957464706,4.82819699574647,2.732636079347229,0.0021629414112742636,5.293955920339377e-23,1.903177153362006e-20
Aminoglycoside-like model,WT scenario,3.414548873833601e-07,3.411455939306203e-07,9.906789117126354e-08,0.04845315794942666,4.845315794942666,2.7840083761961902,0.002520703874859112,0.0,2.12552330201626e-20
Aminoglycoside-like model,WT scenario,3.981071705534969e-07,3.9774718260502586e-07,9.90495855195676e-08,0.048652551711042345,4.865255171104234,2.843697923448084,0.002937431018026269,5.293955920339377e-23,2.4113969217145863e-20
Aminoglycoside-like model,WT scenario,4.6415888336127725e-07,4.6374001010157935e-07,9.902832681728851e-08,0.048884760966854554,4.888476096685455,2.9130122025187335,0.003422765918205707,0.0,-2.2155205526620293e-20
Aminoglycoside-like model,WT scenario,5.411695265464637e-07,5.406822953981061e-07,9.90036545779573e-08,0.049155135500101296,4.91551355001013,2.9934505034177183,0.003987902017972439,0.0,-1.717888696150128e-20
Aminoglycoside-like model,WT scenario,6.30957344480193e-07,6.303908151088404e-07,9.897504206891267e-08,0.049469879269619585,4.946987926961959,3.0867272417921128,0.004645822973818879,1.0587911840678754e-22,-1.045556294267027e-20
Aminoglycoside-like model,WT scenario,7.356422544596422e-07,7.349838108954519e-07,9.894188872579672e-08,0.04983618047440539,4.983618047440539,3.1947963775110058,0.005411576297430583,0.0,-1.164670302474663e-21
Aminoglycoside-like model,WT scenario,8.576958985908945e-07,8.569310187245777e-07,9.890351239734928e-08,0.05026235921004355,5.026235921004355,3.3198762807687596,0.006302584374808495,0.0,0.0
Aminoglycoside-like model,WT scenario,1e-06,9.991120024456221e-07,9.885914171179561e-08,0.05075803431374294,5.075803431374294,3.4644740652563497,0.007338996390850975,0.0,0.0
Aminoglycoside-like model,WT scenario,1.1659144011798312e-06,1.164884170565795e-06,9.880790898128831e-08,0.051334310843675526,5.133431084367553,3.6314079900810885,0.008544084423993247,0.0,-1.3234889800848443e-23
Aminoglycoside-like model,WT scenario,1.3593563908785242e-06,1.3581620841198847e-06,9.874884421743752e-08,0.05200398934385062,5.2003989343850625,3.8238260129159034,0.00994468642232874,2.117582368135751e-22,0.0
Aminoglycoside-like model,WT scenario,1.584893192461114e-06,1.5835099305726902e-06,9.868087101881521e-08,0.052781797555682256,5.2781797555682255,4.045217953578067,0.011571697821014304,2.117582368135751e-22,0.0
Aminoglycoside-like model,WT scenario,1.8478497974222906e-06,1.8462493500414668e-06,9.86028053079082e-08,0.05368464448820682,5.368464448820682,4.299418010384613,0.013460612075532575,0.0,0.0
Aminoglycoside-like model,WT scenario,2.1544346900318822e-06,2.1525851631015872e-06,9.851335813071991e-08,0.05473189567380638,5.473189567380638,4.590593593108228,0.01565210820159905,0.0,0.0
Aminoglycoside-like model,WT scenario,2.5118864315095823e-06,2.509751972551346e-06,9.841114396821441e-08,0.055945666925623486,5.594566692562348,4.923215659781115,0.018192680333940003,0.0,0.0
Aminoglycoside-like model,WT scenario,2.9286445646252375e-06,2.9261851046579614e-06,9.829469621319805e-08,0.05735113187517209,5.735113187517209,5.302005076838697,0.02113530011618519,4.235164736271502e-22,1.3234889800848443e-23
Aminoglycoside-like model,WT scenario,3.414548873833601e-06,3.4117199300936433e-06,9.816249159104135e-08,0.05897683589374568,5.897683589374568,5.731849123903821,0.024540097160040096,1.6940658945086007e-21,-1.3234889800848443e-23
Aminoglycoside-like model,WT scenario,3.981071705534969e-06,3.977824274384115e-06,9.801298528200514e-08,0.060855005575499055,6.0855005575499055,6.2176823561461525,0.028475035594565844,2.541098841762901e-21,-1.3234889800848443e-23
Aminoglycoside-like model,WT scenario,4.641588833612782e-06,4.637869407818314e-06,9.78446582548214e-08,0.06302183867500187,6.302183867500187,6.764326892762022,0.03301655559701816,4.235164736271502e-21,1.3234889800848443e-23
Aminoglycoside-like model,WT scenario,5.411695265464638e-06,5.407446013578932e-06,9.76560777549216e-08,0.06551775415674768,6.5517754156747685,7.376289122549726,0.03825013751429965,5.929230630780102e-21,1.3234889800848443e-23
Aminoglycoside-like model,WT scenario,6.30957344480193e-06,6.304732591580378e-06,9.74459709230012e-08,0.06838757577396659,6.83875757739666,8.057513084836252,0.044270732578905805,9.317362419797304e-21,1.3234889800848443e-23
Aminoglycoside-like model,WT scenario,7.356422544596406e-06,7.35092498900205e-06,9.721331010069701e-08,0.07168061535907151,7.168061535907151,8.811095561949458,0.05118298826507792,1.4399560103323106e-20,-1.3234889800848443e-23
Aminoglycoside-like model,WT scenario,8.576958985908945e-06,8.570737185953565e-06,9.695740652912976e-08,0.07545061389674176,7.545061389674176,9.638974143589172,0.05910117823660585,2.202285662861181e-20,0.0
Aminoglycoside-like model,WT scenario,1e-05,9.992985140386727e-06,9.667800698955689e-08,0.07975548975982641,7.975548975982641,10.541606769744881,0.06814872723809536,3.049318610115481e-20,1.3234889800848443e-23
Aminoglycoside-like model,WT scenario,1.165914401179831e-05,1.1651267450576726e-05,9.637538573751665e-08,0.08465683480011252,8.465683480011252,11.51766864294375,0.0784572014697489,4.404571325722362e-20,0.0
Aminoglycoside-like model,WT scenario,1.359356390878524e-05,1.3584758873529206e-05,9.605042224767795e-08,0.09021909132211074,9.021909132211075,12.563798565592926,0.09016461726179678,5.929230630780102e-20,5.293955920339377e-23
Aminoglycoside-like model,WT scenario,1.584893192461114e-05,1.583913539886204e-05,9.570465432008834e-08,0.09650833798613308,9.650833798613307,13.67443001313183,0.10341290895790584,7.792703114739563e-20,1.5881867761018131e-22
Aminoglycoside-like model,WT scenario,1.8478497974222908e-05,1.8467652684480906e-05,9.534029650376886e-08,0.10359061288516841,10.359061288516841,14.841740901537515,0.1183443964016901,1.0164395367051604e-19,4.499862532288471e-22
Aminoglycoside-like model,WT scenario,2.1544346900318823e-05,2.1532403287351755e-05,9.496021592748465e-08,0.11152971088062807,11.152971088062808,16.05574883585106,0.1350971109353811,1.2197274440461925e-19,1.2308447514789052e-21
Aminoglycoside-like model,WT scenario,2.5118864315095822e-05,2.5105782355987097e-05,9.456786153821167e-08,0.12038441408239492,12.038441408239493,17.304565445422497,0.15379888577005543,1.4568966692773966e-19,3.2160782216061716e-21
Aminoglycoside-like model,WT scenario,2.9286445646252374e-05,2.927219639012622e-05,9.416714805819024e-08,0.13020515374655262,13.020515374655261,18.574805447748982,0.17456020191748906,1.6263032587282567e-19,8.046812998915853e-21
Aminoglycoside-like model,WT scenario,3.414548873833601e-05,3.413005543198756e-05,9.376230187077015e-08,0.1410301626034486,14.10301626034486,19.852126013473338,0.19746591252875334,1.7618285302889447e-19,1.9058241313221758e-20
Aminoglycoside-like model,WT scenario,3.9810717055349695e-05,3.979409576510512e-05,9.335768142701716e-08,0.15288125974944936,15.288125974944936,21.121853511590828,0.2225661484383069,1.8973538018496328e-19,-6.696854239229312e-21
Aminoglycoside-like model,WT scenario,4.641588833612782e-05,4.639808801586135e-05,9.295758849547934e-08,0.1657595116880582,16.57595116880582,22.36964160381511,0.2498669270401353,1.8973538018496328e-19,-1.3234889800848443e-23
Aminoglycoside-like model,WT scenario,5.411695265464637e-05,5.4097994660749355e-05,9.256608781408235e-08,0.17964112156854525,17.964112156854526,23.58209980926849,0.27932122093393175,1.8295911660692887e-19,0.0
Aminoglycoside-like model,WT scenario,6.309573444801929e-05,6.307565155235568e-05,9.218685116068851e-08,0.19447399458987463,19.447399458987462,24.747336167105775,0.31082145022670915,1.7618285302889447e-19,0.0
Aminoglycoside-like model,WT scenario,7.356422544596406e-05,7.354306043970455e-05,9.182303789431065e-08,0.21017548462075503,21.017548462075503,25.855370454826122,0.3441944868349841,1.6263032587282567e-19,0.0
Aminoglycoside-like model,WT scenario,8.576958985908945e-05,8.574739386796398e-05,9.147721854116033e-08,0.22663181722342973,22.663181722342973,26.898392747976,0.3792002405474387,1.4907779871675686e-19,-1.3234889800848443e-23
Aminoglycoside-like model,WT scenario,0.0001,9.997683064224003e-05,9.115134218133963e-08,0.24369958565820024,24.369958565820024,27.870862157813225,0.4155346881780707,1.0842021724855044e-19,0.0
Aminoglycoside-like model,WT scenario,0.00011659144011798311,0.00011656735963074953,9.084674334927576e-08,0.26120952318421986,26.120952318421985,28.769458681186,0.45283779566175597,9.486769009248164e-20,0.0
Aminoglycoside-like model,WT scenario,0.00013593563908785241,0.00013591071252975684,9.056418066994076e-08,0.2789724845807869,27.89724845807869,29.59291453632553,0.4907062049885972,8.131516293641283e-20,0.0
Aminoglycoside-like model,WT scenario,0.00015848931924611142,0.00015846361285759187,9.03038978133662e-08,0.2967872646940115,29.678726469401152,30.3417588574859,0.5287099032224919,5.421010862427522e-20,0.0
Aminoglycoside-like model,WT scenario,0.00018478497974222906,0.00018475855951726274,9.006569740633e-08,0.3144496019542436,31.44496019542436,31.018011299205018,0.5664114873743551,2.710505431213761e-20,0.0
Aminoglycoside-like model,WT scenario,0.00021544346900318823,0.00021541639949940801,8.984901982421419e-08,0.3317615224447616,33.17615224447616,31.6248571029876,0.603386220143664,2.710505431213761e-20,0.0
Aminoglycoside-like model,WT scenario,0.0002511886431509582,0.0002511609865434397,8.965302071101781e-08,0.34854012104244736,34.85401210424474,32.16633015632432,0.6392409368389603,0.0,0.0
Aminoglycoside-like model,WT scenario,0.00029286445646252375,0.0002928362718304819,8.947664310958146e-08,0.36462496492688956,36.462496492688956,32.64702320188248,0.6736300461230825,5.421010862427522e-20,-1.3234889800848443e-23
Aminoglycoside-like model,WT scenario,0.0003414548873833601,0.00034142623020861046,8.931868185839228e-08,0.3798835198078421,37.98835198078421,33.071837006640074,0.7062673222952343,0.0,0.0
Aminoglycoside-like model,WT scenario,0.0003981071705534969,0.00039807809240390024,8.917783924961315e-08,0.39421429020952203,39.4214290209522,33.44577389989271,0.7369328080021215,5.421010862427522e-20,1.3234889800848443e-23
Aminoglycoside-like model,WT scenario,0.0004641588833612782,0.0004641294317302936,8.905277182948355e-08,0.4075476691389345,40.75476691389345,33.77377610746194,0.7654747989437843,0.0,0.0
Aminoglycoside-like model,WT scenario,0.0005411695265464637,0.0005411397448202442,8.894212873899021e-08,0.41984475227101486,41.984475227101484,34.060605854892586,0.7918074430239768,1.0842021724855044e-19,1.3234889800848443e-23
Aminoglycoside-like model,WT scenario,0.000630957344480193,0.0006309272720054348,8.88445822560161e-08,0.4310945496918341,43.10945496918341,34.310762148667465,0.8159048733238782,0.0,0.0
Aminoglycoside-like model,WT scenario,0.0007356422544596406,0.0007356119266879982,8.875885131561472e-08,0.4413101113128342,44.13101113128342,34.52842820586539,0.8377929780844814,0.0,0.0
Aminoglycoside-like model,WT scenario,0.0008576958985908946,0.0008576653472787527,8.868371882637026e-08,0.45052407924440585,45.05240792444059,34.71744338380307,0.8575399096160561,0.0,0.0
Aminoglycoside-like model,WT scenario,0.001,0.0009999692534454986,8.86180436082695e-08,0.4587841145344281,45.87841145344281,34.881293875538795,0.8752462960726723,0.0,0.0
Aminoglycoside-like model,WT scenario,0.0011659144011798312,0.0011658834844820842,8.856076776686128e-08,0.4661485443383521,46.61485443383521,35.02311714820674,0.8910359044130922,-2.168404344971009e-19,0.0
Aminoglycoside-like model,WT scenario,0.0013593563908785241,0.0013593253262068564,8.851092029239755e-08,0.4726824638704208,47.268246387042076,35.145715932872044,0.9050472636402703,0.0,1.3234889800848443e-23
Aminoglycoside-like model,WT scenario,0.001584893192461114,0.0015848619993247754,8.846761762985585e-08,0.4784544238343354,47.84544238343354,35.251578408251575,0.9174265345374316,0.0,0.0
Aminoglycoside-like model,WT scenario,0.0018478497974222907,0.001847818492933456,8.843006190609227e-08,0.48353374917245384,48.35337491724538,35.3429019852094,0.9283217290320387,0.0,0.0
Aminoglycoside-like model,WT scenario,0.002154434690031882,0.0021544032891567676,8.839753742646197e-08,0.4879884729055529,48.798847290555294,35.42161875908973,0.9378782479488039,0.0,0.0
Aminoglycoside-like model,WT scenario,0.002511886431509577,0.002511854947304199,8.836940596990471e-08,0.4918838287890299,49.18838287890299,35.489421241724116,0.9462356188407255,0.0,1.3234889800848443e-23
Aminoglycoside-like model,WT scenario,0.0029286445646252374,0.0029286130084537195,8.834510132449062e-08,0.4952812249991533,49.52812249991533,35.54778741837028,0.9535252684610949,0.0,1.3234889800848443e-23
Aminoglycoside-like model,WT scenario,0.003414548873833601,0.0034145172555680166,8.832412342020553e-08,0.4982376135500636,49.823761355006354,35.59800450898115,0.9598691475777433,0.0,0.0
Aminoglycoside-like model,WT scenario,0.003981071705534969,0.003981040033736539,8.830603233664043e-08,0.5008051721630755,50.080517216307555,35.64119106344478,0.9653790296463275,0.0,1.3234889800848443e-23
Aminoglycoside-like model,WT scenario,0.004641588833612782,0.004641557115694832,8.82904423930924e-08,0.5030312230719106,50.30312230719106,35.67831720254596,0.9701563211814588,0.0,0.0
Aminoglycoside-like model,WT scenario,0.0054116952654646375,0.00541166350783816,8.827701646882441e-08,0.5049583238538282,50.49583238538282,35.71022294489315,0.9742922442339204,0.0,1.3234889800848443e-23
Aminoglycoside-like model,WT scenario,0.00630957344480193,0.006309541653004844,8.826546065214312e-08,0.5066244768099392,50.662447680993914,35.737634647456645,0.9778682758288327,0.0,0.0
Aminoglycoside-like model,WT scenario,0.007356422544596406,0.007356390723407763,8.825551927798697e-08,0.5080634144044043,50.80634144044043,35.761179644014064,0.9809567527747667,0.0,0.0
Aminoglycoside-like model,WT scenario,0.008576958985908946,0.008576927139449424,8.82469703838056e-08,0.5093049281051394,50.93049281051394,35.78139919994706,0.9836215713742111,0.0,0.0
Aminoglycoside-like model,WT scenario,0.01,0.009999968131819996,8.82396215913525e-08,0.5103752163391726,51.03752163391726,35.79875991989719,0.985918929569404,0.0,0.0
Aminoglycoside-like model,mutant scenario,0.0,0.0,9.924116854969482e-08,0.01627106812260923,1.6271068122609231,2.420964380214942,0.0,0.0,4.5263323118901674e-21
Aminoglycoside-like model,mutant scenario,1e-10,9.990987913178968e-11,9.92411361471451e-08,0.016271063086708313,1.6271063086708313,2.421072422286676,2.3095519811352402e-08,1.2924697071141057e-26,4.5263323118901674e-21
Aminoglycoside-like model,mutant scenario,1.165914401179831e-10,1.1648636695421887e-10,9.924113077111622e-08,0.016271062251183153,1.6271062251183153,2.421090347953123,2.692739904815253e-08,0.0,4.5263323118901674e-21
Aminoglycoside-like model,mutant scenario,1.3593563908785242e-10,1.3581313284689454e-10,9.924112450313418e-08,0.01627106127703354,1.6271061277033538,2.4211112477209205,3.139504219703641e-08,0.0,4.5263323118901674e-21
Aminoglycoside-like model,mutant scenario,1.584893192461111e-10,1.583464875559355e-10,9.924111719521379e-08,0.016271060141260094,1.6271060141260094,2.42113561502738,3.660393163351489e-08,0.0,4.5263323118901674e-21
Aminoglycoside-like model,mutant scenario,1.8478497974222944e-10,1.8461845035417659e-10,9.924110867481794e-08,0.0162710588170477,1.6271058817047699,2.421164025174956,4.267705077350385e-08,-2.5849394142282115e-26,4.5263323118901674e-21
Aminoglycoside-like model,mutant scenario,2.1544346900318867e-10,2.1524931017694614e-10,9.924109874078445e-08,0.01627105727313239,1.627105727313239,2.4211971489127038,4.9757787746250866e-08,0.0,4.5263323118901674e-21
Aminoglycoside-like model,mutant scenario,2.511886431509582e-10,2.5096227083149675e-10,9.92410871585772e-08,0.01627105547306339,1.627105547306339,2.4212357682706696,5.8013320827802984e-08,0.0,4.5263323118901674e-21
Aminoglycoside-like model,mutant scenario,2.928644564625237e-10,2.9260052605802435e-10,9.924107365474957e-08,0.01627105337434256,1.6271053374342561,2.421280795020884,6.763856556580363e-08,0.0,4.5263323118901674e-21
Aminoglycoside-like model,mutant scenario,3.414548873833601e-10,3.4114716758981646e-10,9.924105791048952e-08,0.01627105092742128,1.627105092742128,2.4213332922005266,7.886077678800063e-08,5.169878828456423e-26,4.5263323118901674e-21
Aminoglycoside-like model,mutant scenario,3.9810717055349694e-10,3.9774839624809527e-10,9.924103955409395e-08,0.016271048074530788,1.6271048074530787,2.421394499205052,9.194491414869483e-08,-5.169878828456423e-26,4.539567201691016e-21
Aminoglycoside-like model,mutant scenario,4.6415888336127727e-10,4.6374058409287493e-10,9.924101815219494e-08,0.016271044748318617,1.6271044748318617,2.4214658610432087,1.0719989789451472e-07,-5.169878828456423e-26,4.539567201691016e-21
Aminoglycoside-like model,mutant scenario,5.411695265464626e-10,5.406818265758825e-10,9.924099319953081e-08,0.0162710408702589,1.62710408702589,2.421549062443974,1.2498590254896835e-07,0.0,4.5263323118901674e-21
Aminoglycoside-like model,mutant scenario,6.309573444801942e-10,6.303887296520942e-10,9.924096410702102e-08,0.016271036348799003,1.6271036348799002,2.4216460676196965,1.4572286072041974e-07,0.0,4.5263323118901674e-21
Aminoglycoside-like model,mutant scenario,7.356422544596422e-10,7.349793004056322e-10,9.924093018786326e-08,0.01627103107719883,1.627103107719883,2.421759166622953,1.699003778089954e-07,0.0,4.539567201691016e-21
Aminoglycoside-like model,mutant scenario,8.576958985908946e-10,8.569229538519932e-10,9.924089064132556e-08,0.016271024931011888,1.6271024931011888,2.421891029389866,1.980892916989838e-07,0.0,4.552802091491864e-21
Aminoglycoside-like model,mutant scenario,1e-09,9.990988165940577e-10,9.924084453385122e-08,0.016271017765148752,1.6271017765148752,2.42204476874339,2.3095515036092416e-07,0.0,4.539567201691016e-21
Aminoglycoside-like model,mutant scenario,1.1659144011798312e-09,1.1648637039012968e-09,9.924079077703138e-08,0.016271009410453716,1.6271009410453716,2.4222240138408417,2.6927392556872516e-07,0.0,4.539567201691016e-21
Aminoglycoside-like model,mutant scenario,1.3593563908785241e-09,1.358131375174897e-09,9.924072810192653e-08,0.01627099966971407,1.627099966971407,2.422432995795287,3.139503337307368e-07,0.0,4.552802091491864e-21
Aminoglycoside-like model,mutant scenario,1.584893192461111e-09,1.5834649390488791e-09,9.924065502913265e-08,0.016270988313008036,1.6270988313008037,2.4226766474862482,3.6603919638605174e-07,0.0,4.552802091491864e-21
Aminoglycoside-like model,mutant scenario,1.847849797422287e-09,1.846184589845841e-09,9.924056983388757e-08,0.016270975072281934,1.6270975072281935,2.422960719908028,4.2677034468147144e-07,-2.0679515313825692e-25,4.552802091491864e-21
Aminoglycoside-like model,mutant scenario,2.1544346900318866e-09,2.152493219086187e-09,9.924047050539708e-08,0.016270959635029125,1.6270959635029125,2.423291917791411,4.975776558146124e-07,-4.1359030627651384e-25,4.566036981292713e-21
Aminoglycoside-like model,mutant scenario,2.511886431509582e-09,2.5096228677881795e-09,9.924035469942506e-08,0.01627094163692214,1.627094163692214,2.423678057685533,5.801329069795617e-07,0.0,4.566036981292713e-21
Aminoglycoside-like model,mutant scenario,2.9286445646252374e-09,2.9260054773579583e-09,9.924021968303466e-08,0.016270920653225125,1.6270920653225125,2.424128252211502,6.763852460860637e-07,0.0,4.566036981292713e-21
Aminoglycoside-like model,mutant scenario,3.414548873833601e-09,3.4114719705712397e-09,9.924006227018405e-08,0.016270896188785158,1.6270896188785158,2.42465312480982,7.886072111257682e-07,4.1359030627651384e-25,4.566036981292713e-21
Aminoglycoside-like model,mutant scenario,3.981071705534969e-09,3.977484363038604e-09,9.92398787466678e-08,0.016270867666367955,1.6270867666367956,2.425265060013481,9.194483846595802e-07,8.271806125530277e-25,4.59250676089441e-21
Aminoglycoside-like model,mutant scenario,4.641588833612773e-09,4.637406385416552e-09,9.923966478264737e-08,0.01627083441306516,1.627083441306516,2.4259784951036285,1.0719979501471284e-06,0.0,4.59250676089441e-21
Aminoglycoside-like model,mutant scenario,5.411695265464648e-09,5.406819005891535e-09,9.92394153307268e-08,0.016270795644455605,1.6270795644455605,2.4268102599629837,1.249857626986687e-06,0.0,4.605741650695258e-21
Aminoglycoside-like model,mutant scenario,6.309573444801943e-09,6.3038883025928925e-09,9.923912450719587e-08,0.016270750446151245,1.6270750446151245,2.4277799730547898,1.4572267061404591e-06,8.271806125530277e-25,4.6189765404961065e-21
Aminoglycoside-like model,mutant scenario,7.356422544596422e-09,7.349794371615705e-09,9.923878545367635e-08,0.01627069775229847,1.627069775229847,2.4289105027456266,1.6990011938672143e-06,0.0,4.632211430296955e-21
Aminoglycoside-like model,mutant scenario,8.576958985908947e-09,8.569231397439775e-09,9.923839017595768e-08,0.01627063632053549,1.6270636320535488,2.430228504686292,1.980889404110781e-06,0.0,4.6454463200978034e-21
Aminoglycoside-like model,mutant scenario,1e-08,9.990990692747185e-09,9.923792935628992e-08,0.01627056470282648,1.627056470282648,2.4317650476969788,2.309546728355656e-06,-1.6543612251060553e-24,4.6719160996995e-21
Aminoglycoside-like model,mutant scenario,1.165914401179831e-08,1.1648640473640896e-08,9.923739213479988e-08,0.016270481211499353,1.6270481211499352,2.433556342606026,2.6927327644173762e-06,0.0,4.685150989500349e-21
Aminoglycoside-like model,mutant scenario,1.3593563908785241e-08,1.3581318420311046e-08,9.923676585500387e-08,0.016270383879707036,1.6270383879707035,2.435644590804754,3.139494513360722e-06,0.0,4.711620769102046e-21
Aminoglycoside-like model,mutant scenario,1.5848931924611143e-08,1.5834655736219285e-08,9.923603576758957e-08,0.016270270415407483,1.6270270415407482,2.4380789719478884,3.6603799689762863e-06,0.0,4.751325438504591e-21
Aminoglycoside-like model,mutant scenario,1.8478497974222906e-08,1.8461854523760755e-08,9.923518468571982e-08,0.016270138147815826,1.6270138147815825,2.440916793297774,4.267687141498562e-06,0.0,4.791030107907136e-21
Aminoglycoside-like model,mutant scenario,2.1544346900318866e-08,2.152494391444301e-08,9.923419258405464e-08,0.016269983965117685,1.6269983965117685,2.4442248267331976,4.975754393420519e-06,0.0,4.8307347773096816e-21
Aminoglycoside-like model,mutant scenario,2.511886431509582e-08,2.5096244612380624e-08,9.923303613247804e-08,0.01626980424204617,1.626980424204617,2.448080863475845,5.801298940050255e-06,0.0,4.896909226313924e-21
Aminoglycoside-like model,mutant scenario,2.9286445646252374e-08,2.9260076431032064e-08,9.923168815413734e-08,0.016269594755711294,1.6269594755711294,2.4525755211872737,6.763811503824154e-06,0.0,4.9498487855173176e-21
Aminoglycoside-like model,mutant scenario,3.4145488738336004e-08,3.4114749140822345e-08,9.923011699583482e-08,0.016269350587828756,1.6269350587828757,2.45781434331513,7.886016436088691e-06,0.0,5.01602323452156e-21
Aminoglycoside-like model,mutant scenario,3.981071705534969e-08,3.97748836351322e-08,9.922828579704022e-08,0.016269066011221533,1.6269066011221534,2.463920236474768,9.194408164262912e-06,6.617444900424222e-24,5.108667463127499e-21
Aminoglycoside-like model,mutant scenario,4.641588833612773e-08,4.6374118222106035e-08,9.922615164180206e-08,0.01626873435816102,1.626873435816102,2.471036298289395,1.0719876622309658e-05,0.0,5.201311691733438e-21
Aminoglycoside-like model,mutant scenario,5.411695265464637e-08,5.4068263944098317e-08,9.922366457561626e-08,0.016268347867773408,1.6268347867773407,2.479329095511737,1.2498436420581502e-05,0.0,5.3336605897419224e-21
Aminoglycoside-like model,mutant scenario,6.30957344480193e-08,6.303898343018927e-08,9.922076646686014e-08,0.016267897509360873,1.6267897509360874,2.4889924604219997,1.4572076956639192e-05,0.0,5.466009487750407e-21
Aminoglycoside-like model,mutant scenario,7.356422544596421e-08,7.349808015059093e-08,9.921738968972625e-08,0.01626737277807842,1.626737277807842,2.500251882410736,1.6989753518947694e-05,0.0,5.638063055161437e-21
Aminoglycoside-like model,mutant scenario,8.576958985908945e-08,8.569249935706251e-08,9.92134556027209e-08,0.016266761458970325,1.6266761458970325,2.5133695812233015,1.9808542757243128e-05,0.0,5.836586402174163e-21
Aminoglycoside-like model,mutant scenario,1e-07,9.991015880134158e-08,9.920887279377861e-08,0.016266049354914026,1.6266049354914027,2.5286503583921514,2.3094989764603524e-05,1.3234889800848443e-23,6.088049308390284e-21
Aminoglycoside-like model,mutant scenario,1.1659144011798311e-07,1.1648674692131039e-07,9.920353505997323e-08,0.01626521997355844,1.626521997355844,2.546448333620102,2.692667852733975e-05,0.0,6.3792168840089494e-21
Aminoglycoside-like model,mutant scenario,1.3593563908785243e-07,1.3581364903544767e-07,9.919731908681946e-08,0.016264254167901847,1.6264254167901848,2.567174682838237,3.139406275503743e-05,2.6469779601696886e-23,6.749793798432706e-21
Aminoglycoside-like model,mutant scenario,1.584893192461114e-07,1.5834718873029804e-07,9.919008178946306e-08,0.01626312972476539,1.626312972476539,2.5913065036486636,3.6602600226852846e-05,0.0,7.199780051661553e-21
Aminoglycoside-like model,mutant scenario,1.8478497974222906e-07,1.8461940269328887e-07,9.918165727595952e-08,0.016261820895132204,1.6261820895132204,2.619396940859864,4.26752409238156e-05,0.0,7.742410533496339e-21
Aminoglycoside-like model,mutant scenario,2.1544346900318867e-07,2.1525060346903395e-07,9.917185339177056e-08,0.01626029786020951,1.6260297860209512,2.6520867083915163,4.975532752576459e-05,0.0,8.430624803140458e-21
Aminoglycoside-like model,mutant scenario,2.5118864315095823e-07,2.5096402685822745e-07,9.91604478051645e-08,0.016258526127229368,1.625852612722937,2.6901171419677343,5.800997652762186e-05,-5.293955920339377e-23,9.277657750394758e-21
Aminoglycoside-like model,mutant scenario,2.928644564625237e-07,2.9260290993386915e-07,9.91471835962084e-08,0.016256465849565954,1.6256465849565953,2.734344907009476,6.763401949576551e-05,0.0,1.0376153603865179e-20
Aminoglycoside-like model,mutant scenario,3.414548873833601e-07,3.4115040308548467e-07,9.9131764318578e-08,0.016254071066890127,1.6254071066890128,2.785758464333316,7.885459709953856e-05,0.0,1.1792286812555963e-20
Aminoglycoside-like model,mutant scenario,3.981071705534969e-07,3.977527864778341e-07,9.911384851492553e-08,0.016251288863039545,1.6251288863039546,2.8454963578733907,9.193651381456312e-05,-5.293955920339377e-23,1.3631936494873896e-20
Aminoglycoside-like model,mutant scenario,4.6415888336127725e-07,4.637465394118862e-07,9.909304368488482e-08,0.016248058442353448,1.6248058442353448,2.9148673274884835,0.00010718847894954477,0.0,1.6080391108030858e-20
Aminoglycoside-like model,mutant scenario,5.411695265464637e-07,5.406899021518277e-07,9.906889973229834e-08,0.016244310129784785,1.6244310129784785,2.995372158204853,0.0001249703802964468,0.0,1.937587866844212e-20
Aminoglycoside-like model,mutant scenario,6.30957344480193e-07,6.30399675989065e-07,9.90409019577894e-08,0.016239964306622723,1.6239964306622723,3.0887270454042244,0.00014570176070641312,0.0,2.3928680759933985e-20
Aminoglycoside-like model,mutant scenario,7.356422544596422e-07,7.349941311671784e-07,9.900846371774035e-08,0.01623493030267994,1.6234930302679942,3.196888072115314,0.0001698716957814905,0.0,-1.9693516023662483e-20
Aminoglycoside-like model,mutant scenario,8.576958985908945e-07,8.569430367222535e-07,9.897091894539745e-08,0.01622910527802228,1.622910527802228,3.322076146786551,0.00019805030325478038,0.0,-1.053497228147536e-20
Aminoglycoside-like model,mutant scenario,1e-06,9.991259947184779e-07,9.892751482654966e-08,0.0162223731431235,1.62223731431235,3.466801423880275,0.00023090215220756836,2.117582368135751e-22,0.0
Aminoglycoside-like model,mutant scenario,1.1659144011798312e-06,1.1649004577615012e-06,9.887740504913397e-08,0.01621460358703078,1.6214603587030778,3.6338858123065663,0.0002692018838385879,0.0,0.0
Aminoglycoside-like model,mutant scenario,1.3593563908785242e-06,1.358181037691473e-06,9.881964420000777e-08,0.016205651308217203,1.6205651308217204,3.8264816579192953,0.0003138524059644949,0.0,0.0
Aminoglycoside-like model,mutant scenario,1.584893192461114e-06,1.583531980396274e-06,9.875318406982846e-08,0.016195355573391496,1.6195355573391494,4.04808406341584,0.00036590608181773893,0.0,0.0
Aminoglycoside-like model,mutant scenario,1.8478497974222906e-06,1.8462749930321392e-06,9.867687284178435e-08,0.016183540264565973,1.6183540264565972,4.302533592288389,0.00042658940117206015,2.117582368135751e-22,0.0
Aminoglycoside-like model,mutant scenario,2.1544346900318822e-06,2.1526149729107925e-06,9.858945837335482e-08,0.016170014612811468,1.6170014612811467,4.594005324731844,0.0004973316996546924,0.0,0.0
Aminoglycoside-like model,mutant scenario,2.5118864315095823e-06,2.5097866104195096e-06,9.848959701348737e-08,0.016154574855345476,1.6154574855345476,4.926979456006466,0.0005797985817218408,8.470329472543003e-22,0.0
Aminoglycoside-like model,mutant scenario,2.9286445646252375e-06,2.9262253314793738e-06,9.837586959835692e-08,0.016137007085758284,1.6137007085758284,5.306187958238542,0.0006759308057352594,8.470329472543003e-22,0.0
Aminoglycoside-like model,mutant scenario,3.414548873833601e-06,3.4117666197242354e-06,9.824680638920522e-08,0.01611709158759568,1.611709158759568,5.736531425398586,0.0007879895075538205,1.2705494208814505e-21,0.0
Aminoglycoside-like model,mutant scenario,3.981071705534969e-06,3.977878428184018e-06,9.810092268969395e-08,0.016094608938612334,1.6094608938612334,6.2229603080960985,0.0009186087738013814,1.6940658945086007e-21,1.3234889800848443e-23
Aminoglycoside-like model,mutant scenario,4.641588833612782e-06,4.637932170366534e-06,9.793676662562465e-08,0.01606934813360958,1.606934813360958,6.7703155936937724,0.001070856729280732,4.235164736271502e-21,0.0
Aminoglycoside-like model,mutant scenario,5.411695265464638e-06,5.407518689422944e-06,9.775297999600326e-08,0.01604111688328286,1.6041116883282862,7.383125900767233,0.0012483064766114764,5.082197683525802e-21,0.0
Aminoglycoside-like model,mutant scenario,6.30957344480193e-06,6.304816662783807e-06,9.754837212780906e-08,0.0160097540914831,1.60097540914831,8.065361213359918,0.001455118421637535,9.317362419797304e-21,0.0
Aminoglycoside-like model,mutant scenario,7.356422544596406e-06,7.3510221331229385e-06,9.732200523751734e-08,0.01597514428563597,1.597514428563597,8.820148246371279,0.0016961357366702295,1.4399560103323106e-20,0.0
Aminoglycoside-like model,mutant scenario,8.576958985908945e-06,8.570849293917246e-06,9.707328793930377e-08,0.01593723347766439,1.593723347766439,9.64945864580296,0.0019769949557601097,2.202285662861181e-20,0.0
Aminoglycoside-like model,mutant scenario,1e-05,9.993114333504055e-06,9.680207136944879e-08,0.01589604558577761,1.5896045585777612,10.553788464598853,0.002304253961455514,2.879912020664621e-20,0.0
Aminoglycoside-like model,mutant scenario,1.165914401179831e-05,1.165141609569482e-05,9.650874018313632e-08,0.015851698193213165,1.5851698193213166,11.531854734924174,0.0026855399088803853,4.2351647362715017e-20,0.0
Aminoglycoside-like model,mutant scenario,1.359356390878524e-05,1.3584929594986246e-05,9.619428882972382e-08,0.015804416123549495,1.5804416123549496,12.580341126763706,0.0031297199361210648,5.590417451878382e-20,3.970466940254533e-23
Aminoglycoside-like model,mutant scenario,1.584893192461114e-05,1.583933108555658e-05,9.586037253211017e-08,0.015754541154882316,1.5754541154882316,13.693727951933955,0.0036470978222203545,7.792703114739563e-20,1.3234889800848443e-22
Aminoglycoside-like model,mutant scenario,1.8478497974222908e-05,1.8467876489979853e-05,9.550932279383504e-08,0.01570253625886105,1.570253625886105,14.864240445491964,0.004249640063242783,9.147955830346444e-20,3.5734202462290796e-22
Aminoglycoside-like model,mutant scenario,2.1544346900318823e-05,2.153265862059022e-05,9.514411939811761e-08,0.015648983094141377,1.5648983094141378,16.081942118983665,0.004951235124135035,1.1519648082658485e-19,9.926167350636332e-22
Aminoglycoside-like model,mutant scenario,2.5118864315095822e-05,2.5106072859822884e-05,9.476831480405662e-08,0.015594572116972112,1.5594572116972112,17.334986839040237,0.005767989861850443,1.3891340334970526e-19,2.63374307036884e-21
Aminoglycoside-like model,mutant scenario,2.9286445646252374e-05,2.9272525904894584e-05,9.438591222033496e-08,0.015540085535925976,1.5540085535925976,18.610025361999234,0.0067185672639079085,1.5585406229479126e-19,6.577740231021676e-21
Aminoglycoside-like model,mutant scenario,3.414548873833601e-05,3.413042794136963e-05,9.400120464438469e-08,0.01548637430447454,1.548637430447454,19.892742023406264,0.00782456965085397,1.6940658945086007e-19,1.5524525736395223e-20
Aminoglycoside-like model,mutant scenario,3.9810717055349695e-05,3.97945153221938e-05,9.361858769183918e-08,0.015434331236415987,1.5434331236415986,21.1684788189105,0.009110971274947971,1.7618285302889447e-19,-1.4823076576950256e-20
Aminoglycoside-like model,mutant scenario,4.641588833612782e-05,4.639855864837507e-05,9.324236296595489e-08,0.015384862960455868,1.538486296045587,22.422891027080663,0.01060660370819842,1.7618285302889447e-19,0.0
Aminoglycoside-like model,mutant scenario,5.411695265464637e-05,5.409852025594242e-05,9.287655016444595e-08,0.015338863660530245,1.5338863660530244,23.64257369410995,0.01234469641465965,1.6940658945086007e-19,0.0
Aminoglycoside-like model,mutant scenario,6.309573444801929e-05,6.307623572424233e-05,9.252472476849564e-08,0.015297193323315103,1.5297193323315104,24.815602816192413,0.014363473267749902,1.7618285302889447e-19,0.0
Aminoglycoside-like model,mutant scenario,7.356422544596406e-05,7.354370638356779e-05,9.218989431012753e-08,0.01526066258003047,1.5260662580030468,25.9319478823747,0.016706803277796264,1.3552527156068805e-19,0.0
Aminoglycoside-like model,mutant scenario,8.576958985908945e-05,8.574810420944587e-05,9.187442072583452e-08,0.015230025321108042,1.5230025321108043,26.983730745077523,0.019424900157480225,1.2197274440461925e-19,0.0
Aminoglycoside-like model,mutant scenario,0.0001,9.997760729020063e-05,9.1579990306669e-08,0.0152059792587459,1.5205979258745899,27.965325782711727,0.02257506023433541,1.0842021724855044e-19,1.3234889800848443e-23
Aminoglycoside-like model,mutant scenario,0.00011659144011798311,0.00011656820364410944,9.130762735442876e-08,0.015189173689338087,1.5189173689338087,28.873314327308545,0.026222421225846237,8.131516293641283e-20,0.0
Aminoglycoside-like model,mutant scenario,0.00013593563908785241,0.0001359116240083617,9.105774365950048e-08,0.015180222992981735,1.5180222992981736,29.706319648378532,0.030440715090148132,5.421010862427522e-20,0.0
Aminoglycoside-like model,mutant scenario,0.00015848931924611142,0.00015846459086560498,9.083021370820351e-08,0.015179723959395725,1.5179723959395726,30.46475614625898,0.035312976115232576,5.421010862427522e-20,0.0
Aminoglycoside-like model,mutant scenario,0.00018478497974222906,0.00018475960204482808,9.062446506257985e-08,0.01518827483946165,1.5188274839461648,31.15052795913744,0.04093215023375479,5.421010862427522e-20,1.3234889800848443e-23
Aminoglycoside-like model,mutant scenario,0.00021544346900318823,0.0002154175034647235,9.04395742810043e-08,0.015206494031306658,1.5206494031306659,31.76670910311026,0.04740153303989988,2.710505431213761e-20,0.0
Aminoglycoside-like model,mutant scenario,0.0002511886431509582,0.00025116214783354275,9.027436056157844e-08,0.01523503643960087,1.523503643960087,32.317231218474525,0.054834942265885346,5.421010862427522e-20,0.0
Aminoglycoside-like model,mutant scenario,0.00029286445646252375,0.0002928374853756342,9.01274714868203e-08,0.015274605720310811,1.5274605720310812,32.806597672463575,0.06335650624895799,0.0,0.0
Aminoglycoside-like model,mutant scenario,0.0003414548873833601,0.0003414274900827487,8.999745741864758e-08,0.015325960786273126,1.5325960786273125,33.239635532599564,0.07309992477409896,0.0,0.0
Aminoglycoside-like model,mutant scenario,0.0003981071705534969,0.00039807939194252175,8.988283296754683e-08,0.015389915079200631,1.5389915079200631,33.62129067431588,0.08420703546854766,0.0,0.0
Aminoglycoside-like model,mutant scenario,0.0004641588833612782,0.00046413076365743697,8.97821254070415e-08,0.015467327223151365,1.5467327223151366,33.9564664617073,0.09682550216643813,0.0,0.0
Aminoglycoside-like model,mutant scenario,0.0005411695265464637,0.0005411411013776708,8.969391090051164e-08,0.015559081807212228,1.5559081807212227,34.249903119579734,0.11110543783209881,0.0,-1.3234889800848443e-23
Aminoglycoside-like model,mutant scenario,0.000630957344480193,0.0006309286450793359,8.961683999873271e-08,0.015666059271469628,1.5666059271469628,34.506092942414476,0.1271947921996594,-1.0842021724855044e-19,0.0
Aminoglycoside-like model,mutant scenario,0.0007356422544596406,0.0007356133079310483,8.954965413478246e-08,0.015789094277280133,1.5789094277280133,34.7292255888766,0.14523338321486903,1.0842021724855044e-19,0.0
Aminoglycoside-like model,mutant scenario,0.0008576958985908946,0.0008576667282276475,8.949119487831245e-08,0.015928922619751595,1.5928922619751595,34.92315758816016,0.16534554173800595,0.0,0.0
Aminoglycoside-like model,mutant scenario,0.001,0.0009999706256358803,8.944040759583455e-08,0.016086117757505247,1.6086117757505247,35.09140056216813,0.18763147847626768,0.0,0.0
Aminoglycoside-like model,mutant scenario,0.0011659144011798312,0.0011658848395636886,8.939634096418306e-08,0.016261019414283595,1.6261019414283595,35.23712332329455,0.2121576722951696,0.0,0.0
Aminoglycoside-like model,mutant scenario,0.0013593563908785241,0.0013593266560617072,8.935814354966125e-08,0.01645365838794472,1.645365838794472,35.363163778542855,0.23894681065671736,0.0,0.0
Aminoglycoside-like model,mutant scenario,0.001584893192461114,0.0015848632961902877,8.932505842857777e-08,0.01666368350874521,1.666368350874521,35.472047348015764,0.26796806151240005,0.0,0.0
Aminoglycoside-like model,mutant scenario,0.0018478497974222907,0.0018478197495305126,8.92964166061007e-08,0.01689029831355335,1.6890298313553351,35.5660093242407,0.29912867974300283,-2.168404344971009e-19,1.3234889800848443e-23
Aminoglycoside-like model,mutant scenario,0.002154434690031882,0.0021544044988204944,8.927162980034249e-08,0.017132216027373325,1.7132216027373324,35.647019225342554,0.3322680935771805,0.0,0.0
Aminoglycoside-like model,mutant scenario,0.002511886431509577,0.0025118561041126268,8.925018300161366e-08,0.01738764140924275,1.738764140924275,35.71680571855948,0.36715561537470487,0.0,0.0
Aminoglycoside-like model,mutant scenario,0.0029286445646252374,0.0029286141073473,8.923162709289415e-08,0.017654286550390853,1.7654286550390852,35.77688111335021,0.40349272606012315,-4.336808689942018e-19,0.0
Aminoglycoside-like model,mutant scenario,0.003414548873833601,0.003414518292451495,8.921557172413985e-08,0.017929424670078565,1.7929424670078564,35.82856475506664,0.4409204746974645,0.0,0.0
Aminoglycoside-like model,mutant scenario,0.003981071705534969,0.003981041005554425,8.92016785657374e-08,0.018209981570468596,1.8209981570468596,35.87300490373887,0.47903194547010247,-8.673617379884035e-19,0.0
Aminoglycoside-like model,mutant scenario,0.004641588833612782,0.0046415580204728505,8.918965501992736e-08,0.01849265933255555,1.849265933255555,35.911198871358394,0.5173890608449856,0.0,0.0
Aminoglycoside-like model,mutant scenario,0.0054116952654646375,0.005411664344685509,8.917924843765337e-08,0.018774082026330477,1.8774082026330476,35.944011327646585,0.5555423421980851,0.0,1.3234889800848443e-23
Aminoglycoside-like model,mutant scenario,0.00630957344480193,0.006309542422075591,8.9170240866683e-08,0.019050949718778482,1.9050949718778483,35.97219077959819,0.5930517791310143,0.0,1.3234889800848443e-23
Aminoglycoside-like model,mutant scenario,0.007356422544596406,0.007356391425823553,8.91624443405637e-08,0.019320185715179485,1.9320185715179485,35.9963842933531,0.6295067770647589,0.0,0.0
Aminoglycoside-like model,mutant scenario,0.008576958985908946,0.008576927777189294,8.915569670405131e-08,0.019579063091315338,1.9579063091315339,36.017150565886894,0.6645433039096452,0.0,1.3234889800848443e-23
Aminoglycoside-like model,mutant scenario,0.01,0.009999968707585852,8.914985795771546e-08,0.019825299890757972,1.9825299890757972,36.03497147501009,0.6978568036160291,0.0,0.0
Inactive mismatch model,WT scenario,0.0,0.0,9.917965623891151e-08,0.047246864242487537,4.724686424248754,2.4195001087098253,0.0,0.0,9.43647642800494e-21
Inactive mismatch model,WT scenario,1e-10,9.999999668716438e-11,9.917965623891151e-08,0.04724686424248754,4.7246864242487545,2.4195001087098253,1.0032841275210625e-10,0.0,9.43647642800494e-21
Inactive mismatch model,WT scenario,1.165914401179831e-10,1.1659143625550036e-10,9.917965623891151e-08,0.04724686424248754,4.7246864242487545,2.4195001087098253,1.1697434127324774e-10,0.0,9.43647642800494e-21
Inactive mismatch model,WT scenario,1.3593563908785242e-10,1.3593563458452816e-10,9.917965623891151e-08,0.04724686424248754,4.7246864242487545,2.4195001087098253,1.36382069056357e-10,0.0,9.43647642800494e-21
Inactive mismatch model,WT scenario,1.584893192461111e-10,1.5848931399562048e-10,9.917965623891151e-08,0.04724686424248754,4.7246864242487545,2.419500108709826,1.590098183719108e-10,0.0,9.43647642800494e-21
Inactive mismatch model,WT scenario,1.8478497974222944e-10,1.847849736206068e-10,9.917965623891151e-08,0.04724686424248754,4.7246864242487545,2.4195001087098253,1.8539183716390978e-10,0.0,9.43647642800494e-21
Inactive mismatch model,WT scenario,2.1544346900318867e-10,2.154434618659007e-10,9.917965623891151e-08,0.047246864242487537,4.724686424248754,2.4195001087098253,2.1615101280394003e-10,0.0,9.43647642800494e-21
Inactive mismatch model,WT scenario,2.511886431509582e-10,2.5118863482949135e-10,9.917965623891151e-08,0.04724686424248754,4.7246864242487545,2.419500108709826,2.520135786486819e-10,0.0,9.43647642800494e-21
Inactive mismatch model,WT scenario,2.928644564625237e-10,2.928644467604057e-10,9.917965623891151e-08,0.04724686424248755,4.724686424248755,2.419500108709826,2.938262606270786e-10,0.0,9.43647642800494e-21
Inactive mismatch model,WT scenario,3.414548873833601e-10,3.41454876071521e-10,9.917965623891151e-08,0.047246864242487537,4.724686424248754,2.419500108709826,3.425762686932287e-10,0.0,9.43647642800494e-21
Inactive mismatch model,WT scenario,3.9810717055349694e-10,3.981071573648608e-10,9.917965623891151e-08,0.047246864242487537,4.724686424248754,2.4195001087098253,3.9941460514918457e-10,0.0,9.43647642800494e-21
Inactive mismatch model,WT scenario,4.6415888336127727e-10,4.6415886798445647e-10,9.917965623891151e-08,0.047246864242487537,4.724686424248754,2.419500108709826,4.656832401541301e-10,0.0,9.43647642800494e-21
Inactive mismatch model,WT scenario,5.411695265464626e-10,5.411695086184058e-10,9.917965623891151e-08,0.047246864242487537,4.724686424248754,2.4195001087098253,5.429467960418359e-10,0.0,9.43647642800494e-21
Inactive mismatch model,WT scenario,6.309573444801942e-10,6.309573235776147e-10,9.917965623891151e-08,0.047246864242487537,4.724686424248754,2.419500108709825,6.330294885226026e-10,1.0339757656912846e-25,9.43647642800494e-21
Inactive mismatch model,WT scenario,7.356422544596422e-10,7.356422300890236e-10,9.917965623891151e-08,0.047246864242487537,4.724686424248754,2.419500108709826,7.380581969624878e-10,1.0339757656912846e-25,9.43647642800494e-21
Inactive mismatch model,WT scenario,8.576958985908946e-10,8.576958701768394e-10,9.917965623891151e-08,0.047246864242487537,4.724686424248754,2.4195001087098253,8.60512680642011e-10,0.0,9.43647642800494e-21
Inactive mismatch model,WT scenario,1e-09,9.999999668716438e-10,9.917965623891151e-08,0.047246864242487537,4.724686424248754,2.419500108709826,1.0032841266151412e-09,-2.0679515313825692e-25,9.43647642800494e-21
Inactive mismatch model,WT scenario,1.1659144011798312e-09,1.1659143625550037e-09,9.917965623891151e-08,0.047246864242487537,4.724686424248754,2.419500108709826,1.1697434115010078e-09,0.0,9.43647642800494e-21
Inactive mismatch model,WT scenario,1.3593563908785241e-09,1.3593563458452815e-09,9.917965623891151e-08,0.04724686424248754,4.7246864242487545,2.419500108709826,1.3638206888895635e-09,0.0,9.43647642800494e-21
Inactive mismatch model,WT scenario,1.584893192461111e-09,1.5848931399562047e-09,9.917965623891151e-08,0.04724686424248754,4.7246864242487545,2.419500108709826,1.590098181443537e-09,-2.0679515313825692e-25,9.43647642800494e-21
Inactive mismatch model,WT scenario,1.847849797422287e-09,1.847849736206061e-09,9.917965623891151e-08,0.04724686424248755,4.724686424248755,2.419500108709826,1.853918368545779e-09,0.0,9.43647642800494e-21
Inactive mismatch model,WT scenario,2.1544346900318866e-09,2.154434618659007e-09,9.917965623891151e-08,0.04724686424248754,4.7246864242487545,2.419500108709826,2.1615101238344868e-09,0.0,9.43647642800494e-21
Inactive mismatch model,WT scenario,2.511886431509582e-09,2.511886348294914e-09,9.917965623891151e-08,0.04724686424248754,4.7246864242487545,2.419500108709826,2.520135780770843e-09,4.1359030627651384e-25,9.43647642800494e-21
Inactive mismatch model,WT scenario,2.9286445646252374e-09,2.9286444676040575e-09,9.917965623891151e-08,0.04724686424248753,4.724686424248753,2.4195001087098253,2.9382625985007374e-09,0.0,9.43647642800494e-21
Inactive mismatch model,WT scenario,3.414548873833601e-09,3.41454876071521e-09,9.917965623891151e-08,0.04724686424248755,4.724686424248755,2.419500108709826,3.425762676370023e-09,0.0,9.43647642800494e-21
Inactive mismatch model,WT scenario,3.981071705534969e-09,3.981071573648608e-09,9.917965623891151e-08,0.04724686424248755,4.724686424248755,2.419500108709825,3.994146037133964e-09,0.0,9.43647642800494e-21
Inactive mismatch model,WT scenario,4.641588833612773e-09,4.6415886798445655e-09,9.917965623891151e-08,0.047246864242487537,4.724686424248754,2.419500108709826,4.656832382023822e-09,0.0,9.43647642800494e-21
Inactive mismatch model,WT scenario,5.411695265464648e-09,5.411695086184081e-09,9.917965623891151e-08,0.04724686424248753,4.724686424248753,2.419500108709825,5.4294679338871715e-09,0.0,9.43647642800494e-21
Inactive mismatch model,WT scenario,6.309573444801943e-09,6.3095732357761475e-09,9.917965623891151e-08,0.047246864242487537,4.724686424248754,2.419500108709826,6.330294849160657e-09,0.0,9.43647642800494e-21
Inactive mismatch model,WT scenario,7.356422544596422e-09,7.356422300890238e-09,9.917965623891151e-08,0.047246864242487537,4.724686424248754,2.419500108709826,7.3805819205991886e-09,8.271806125530277e-25,9.43647642800494e-21
Inactive mismatch model,WT scenario,8.576958985908947e-09,8.576958701768398e-09,9.917965623891151e-08,0.04724686424248754,4.7246864242487545,2.4195001087098253,8.605126739776729e-09,0.0,9.43647642800494e-21
Inactive mismatch model,WT scenario,1e-08,9.999999668716443e-09,9.917965623891151e-08,0.047246864242487537,4.724686424248754,2.419500108709825,1.0032841175559305e-08,1.6543612251060553e-24,9.43647642800494e-21
Inactive mismatch model,WT scenario,1.165914401179831e-08,1.165914362555004e-08,9.917965623891151e-08,0.04724686424248754,4.7246864242487545,2.419500108709826,1.1697433991863115e-08,1.6543612251060553e-24,9.43647642800494e-21
Inactive mismatch model,WT scenario,1.3593563908785241e-08,1.3593563458452821e-08,9.917965623891151e-08,0.047246864242487537,4.724686424248754,2.4195001087098253,1.3638206721495025e-08,0.0,9.43647642800494e-21
Inactive mismatch model,WT scenario,1.5848931924611143e-08,1.584893139956209e-08,9.917965623891151e-08,0.04724686424248755,4.724686424248755,2.419500108709826,1.590098158687832e-08,0.0,9.43647642800494e-21
Inactive mismatch model,WT scenario,1.8478497974222906e-08,1.8478497362060655e-08,9.917965623891151e-08,0.047246864242487537,4.724686424248754,2.419500108709826,1.8539183376126638e-08,0.0,9.43647642800494e-21
Inactive mismatch model,WT scenario,2.1544346900318866e-08,2.1544346186590084e-08,9.917965623891151e-08,0.047246864242487537,4.724686424248754,2.419500108709826,2.1615100817853553e-08,0.0,9.43647642800494e-21
Inactive mismatch model,WT scenario,2.511886431509582e-08,2.5118863482949157e-08,9.917965623891151e-08,0.04724686424248755,4.724686424248755,2.419500108709826,2.520135723611087e-08,-3.308722450212111e-24,9.43647642800494e-21
Inactive mismatch model,WT scenario,2.9286445646252374e-08,2.9286444676040604e-08,9.917965623891151e-08,0.04724686424248753,4.724686424248753,2.4195001087098253,2.9382625208002584e-08,3.308722450212111e-24,9.43647642800494e-21
Inactive mismatch model,WT scenario,3.4145488738336004e-08,3.414548760715214e-08,9.917965623891151e-08,0.047246864242487537,4.724686424248754,2.419500108709826,3.42576257074738e-08,6.617444900424222e-24,9.43647642800494e-21
Inactive mismatch model,WT scenario,3.981071705534969e-08,3.981071573648613e-08,9.917965623891151e-08,0.04724686424248754,4.7246864242487545,2.419500108709825,3.994145893555151e-08,0.0,9.43647642800494e-21
Inactive mismatch model,WT scenario,4.641588833612773e-08,4.641588679844572e-08,9.917965623891151e-08,0.047246864242487537,4.724686424248754,2.4195001087098253,4.656832186849046e-08,0.0,9.43647642800494e-21
Inactive mismatch model,WT scenario,5.411695265464637e-08,5.411695086184079e-08,9.917965623891151e-08,0.047246864242487537,4.724686424248754,2.4195001087098253,5.4294676685750846e-08,0.0,9.43647642800494e-21
Inactive mismatch model,WT scenario,6.30957344480193e-08,6.309573235776147e-08,9.917965623891151e-08,0.04724686424248754,4.7246864242487545,2.419500108709826,6.330294488506983e-08,0.0,9.43647642800494e-21
Inactive mismatch model,WT scenario,7.356422544596421e-08,7.356422300890254e-08,9.917965623891151e-08,0.047246864242487537,4.724686424248754,2.419500108709825,7.380581430342333e-08,0.0,9.43647642800494e-21
Inactive mismatch model,WT scenario,8.576958985908945e-08,8.576958701768419e-08,9.917965623891151e-08,0.047246864242487537,4.724686424248754,2.419500108709826,8.605126073342944e-08,0.0,9.43647642800494e-21
Inactive mismatch model,WT scenario,1e-07,9.999999668716472e-08,9.917965623891151e-08,0.04724686424248753,4.724686424248753,2.419500108709826,1.0032840269638298e-07,0.0,9.43647642800494e-21
Inactive mismatch model,WT scenario,1.1659144011798311e-07,1.1659143625550083e-07,9.917965623891151e-08,0.04724686424248755,4.724686424248755,2.4195001087098253,1.169743276039363e-07,0.0,9.43647642800494e-21
Inactive mismatch model,WT scenario,1.3593563908785243e-07,1.359356345845288e-07,9.917965623891151e-08,0.04724686424248754,4.7246864242487545,2.419500108709826,1.3638205047489146e-07,2.6469779601696886e-23,9.43647642800494e-21
Inactive mismatch model,WT scenario,1.584893192461114e-07,1.5848931399562167e-07,9.917965623891151e-08,0.04724686424248754,4.7246864242487545,2.419500108709826,1.5900979311307777e-07,2.6469779601696886e-23,9.43647642800494e-21
Inactive mismatch model,WT scenario,1.8478497974222906e-07,1.8478497362060762e-07,9.917965623891151e-08,0.04724686424248754,4.7246864242487545,2.419500108709826,1.8539180282815382e-07,2.6469779601696886e-23,9.43647642800494e-21
Inactive mismatch model,WT scenario,2.1544346900318867e-07,2.1544346186590228e-07,9.917965623891151e-08,0.04724686424248754,4.7246864242487545,2.4195001087098253,2.161509661294126e-07,0.0,9.43647642800494e-21
Inactive mismatch model,WT scenario,2.5118864315095823e-07,2.511886348294935e-07,9.917965623891151e-08,0.047246864242487537,4.724686424248754,2.419500108709826,2.5201351520136703e-07,-5.293955920339377e-23,9.43647642800494e-21
Inactive mismatch model,WT scenario,2.928644564625237e-07,2.9286444676040866e-07,9.917965623891151e-08,0.047246864242487537,4.724686424248754,2.4195001087098253,2.9382617437956925e-07,0.0,9.43647642800494e-21
Inactive mismatch model,WT scenario,3.414548873833601e-07,3.41454876071525e-07,9.917965623891151e-08,0.04724686424248754,4.7246864242487545,2.419500108709826,3.4257615145213147e-07,0.0,9.43647642800494e-21
Inactive mismatch model,WT scenario,3.981071705534969e-07,3.981071573648662e-07,9.917965623891151e-08,0.047246864242487537,4.724686424248754,2.4195001087098253,3.994144457767588e-07,-5.293955920339377e-23,9.43647642800494e-21
Inactive mismatch model,WT scenario,4.6415888336127725e-07,4.6415886798446385e-07,9.917965623891151e-08,0.04724686424248755,4.724686424248755,2.419500108709826,4.6568302351021896e-07,0.0,9.43647642800494e-21
Inactive mismatch model,WT scenario,5.411695265464637e-07,5.41169508618417e-07,9.917965623891151e-08,0.04724686424248754,4.7246864242487545,2.419500108709826,5.429465015455748e-07,0.0,9.43647642800494e-21
Inactive mismatch model,WT scenario,6.30957344480193e-07,6.30957323577627e-07,9.917965623891151e-08,0.04724686424248754,4.7246864242487545,2.419500108709826,6.330290881972612e-07,0.0,9.43647642800494e-21
Inactive mismatch model,WT scenario,7.356422544596422e-07,7.356422300890422e-07,9.917965623891151e-08,0.047246864242487537,4.724686424248754,2.419500108709826,7.380576527777354e-07,1.0587911840678754e-22,9.43647642800494e-21
Inactive mismatch model,WT scenario,8.576958985908945e-07,8.576958701768645e-07,9.917965623891151e-08,0.047246864242487537,4.724686424248754,2.419500108709826,8.605119409010808e-07,0.0,9.43647642800494e-21
Inactive mismatch model,WT scenario,1e-06,9.99999966871678e-07,9.917965623891151e-08,0.047246864242487537,4.724686424248754,2.419500108709826,1.003283121043724e-06,0.0,9.43647642800494e-21
Inactive mismatch model,WT scenario,1.1659144011798312e-06,1.1659143625550502e-06,9.917965623891151e-08,0.04724686424248753,4.724686424248753,2.4195001087098253,1.1697420445713026e-06,0.0,9.43647642800494e-21
Inactive mismatch model,WT scenario,1.3593563908785242e-06,1.3593563458453448e-06,9.917965623891151e-08,0.04724686424248754,4.7246864242487545,2.419500108709826,1.3638188307452944e-06,0.0,9.43647642800494e-21
Inactive mismatch model,WT scenario,1.584893192461114e-06,1.5848931399562941e-06,9.917965623891151e-08,0.04724686424248754,4.7246864242487545,2.4195001087098253,1.5900956555638246e-06,0.0,9.43647642800494e-21
Inactive mismatch model,WT scenario,1.8478497974222906e-06,1.8478497362061817e-06,9.917965623891151e-08,0.04724686424248754,4.7246864242487545,2.419500108709826,1.8539149349759553e-06,2.117582368135751e-22,9.43647642800494e-21
Inactive mismatch model,WT scenario,2.1544346900318822e-06,2.154434618659162e-06,9.917965623891151e-08,0.04724686424248754,4.7246864242487545,2.419500108709826,2.1615054563908314e-06,4.235164736271502e-22,9.43647642800494e-21
Inactive mismatch model,WT scenario,2.5118864315095823e-06,2.5118863482951305e-06,9.917965623891151e-08,0.04724686424248754,4.7246864242487545,2.419500108709825,2.520129436053765e-06,0.0,9.43647642800494e-21
Inactive mismatch model,WT scenario,2.9286445646252375e-06,2.9286444676043515e-06,9.917965623891151e-08,0.04724686424248754,4.7246864242487545,2.419500108709826,2.938253973772638e-06,0.0,9.43647642800494e-21
Inactive mismatch model,WT scenario,3.414548873833601e-06,3.41454876071561e-06,9.917965623891151e-08,0.047246864242487537,4.724686424248754,2.419500108709826,3.425750952296482e-06,0.0,9.43647642800494e-21
Inactive mismatch model,WT scenario,3.981071705534969e-06,3.981071573649151e-06,9.917965623891151e-08,0.04724686424248753,4.724686424248753,2.419500108709826,3.994130099948736e-06,-8.470329472543003e-22,9.43647642800494e-21
Inactive mismatch model,WT scenario,4.641588833612782e-06,4.6415886798453125e-06,9.917965623891151e-08,0.04724686424248754,4.7246864242487545,2.4195001087098253,4.656810717723611e-06,0.0,9.43647642800494e-21
Inactive mismatch model,WT scenario,5.411695265464638e-06,5.411695086185074e-06,9.917965623891151e-08,0.04724686424248754,4.7246864242487545,2.4195001087098253,5.429438484404981e-06,0.0,9.43647642800494e-21
Inactive mismatch model,WT scenario,6.30957344480193e-06,6.3095732357774984e-06,9.917965623891151e-08,0.047246864242487537,4.724686424248754,2.419500108709826,6.330254816854932e-06,0.0,9.43647642800494e-21
Inactive mismatch model,WT scenario,7.356422544596406e-06,7.356422300892076e-06,9.917965623891151e-08,0.04724686424248754,4.7246864242487545,2.419500108709826,7.380527502485772e-06,0.0,9.43647642800494e-21
Inactive mismatch model,WT scenario,8.576958985908945e-06,8.576958701770916e-06,9.917965623891151e-08,0.04724686424248755,4.724686424248755,2.419500108709826,8.60505276625717e-06,0.0,9.43647642800494e-21
Inactive mismatch model,WT scenario,1e-05,9.999999668719869e-06,9.917965623891151e-08,0.04724686424248754,4.7246864242487545,2.419500108709826,1.0032740619326445e-05,0.0,9.43647642800494e-21
Inactive mismatch model,WT scenario,1.165914401179831e-05,1.1659143625554698e-05,9.917965623891151e-08,0.04724686424248753,4.724686424248753,2.4195001087098253,1.1697297300333096e-05,1.6940658945086007e-21,9.43647642800494e-21
Inactive mismatch model,WT scenario,1.359356390878524e-05,1.3593563458459153e-05,9.917965623891151e-08,0.047246864242487537,4.724686424248754,2.419500108709826,1.3638020909351093e-05,1.6940658945086007e-21,9.43647642800494e-21
Inactive mismatch model,WT scenario,1.584893192461114e-05,1.5848931399570694e-05,9.917965623891151e-08,0.04724686424248754,4.7246864242487545,2.419500108709826,1.5900729002525057e-05,0.0,9.43647642800494e-21
Inactive mismatch model,WT scenario,1.8478497974222908e-05,1.8478497362072356e-05,9.917965623891151e-08,0.04724686424248754,4.7246864242487545,2.4195001087098253,1.8538840024878536e-05,0.0,9.43647642800494e-21
Inactive mismatch model,WT scenario,2.1544346900318823e-05,2.1544346186605945e-05,9.917965623891151e-08,0.047246864242487537,4.724686424248754,2.419500108709826,2.1614634082577125e-05,0.0,9.43647642800494e-21
Inactive mismatch model,WT scenario,2.5118864315095822e-05,2.511886348297078e-05,9.917965623891151e-08,0.04724686424248754,4.7246864242487545,2.419500108709826,2.5200722778807622e-05,0.0,9.43647642800494e-21
Inactive mismatch model,WT scenario,2.9286445646252374e-05,2.9286444676069987e-05,9.917965623891151e-08,0.04724686424248754,4.7246864242487545,2.4195001087098253,2.9381762758022324e-05,0.0,9.43647642800494e-21
Inactive mismatch model,WT scenario,3.414548873833601e-05,3.414548760719209e-05,9.917965623891151e-08,0.04724686424248754,4.7246864242487545,2.419500108709826,3.425645333630218e-05,6.776263578034403e-21,9.43647642800494e-21
Inactive mismatch model,WT scenario,3.9810717055349695e-05,3.9810715736540436e-05,9.917965623891151e-08,0.047246864242487537,4.724686424248754,2.419500108709826,3.993986527437372e-05,0.0,9.43647642800494e-21
Inactive mismatch model,WT scenario,4.641588833612782e-05,4.641588679851963e-05,9.917965623891151e-08,0.04724686424248754,4.7246864242487545,2.419500108709825,4.6566155529353456e-05,0.0,9.43647642800494e-21
Inactive mismatch model,WT scenario,5.411695265464637e-05,5.4116950861941134e-05,9.917965623891151e-08,0.047246864242487537,4.724686424248754,2.419500108709826,5.429173188157433e-05,0.0,9.43647642800494e-21
Inactive mismatch model,WT scenario,6.309573444801929e-05,6.309573235789787e-05,9.917965623891151e-08,0.047246864242487537,4.724686424248754,2.4195001087098253,6.329894188278679e-05,0.0,9.43647642800494e-21
Inactive mismatch model,WT scenario,7.356422544596406e-05,7.35642230090878e-05,9.917965623891151e-08,0.04724686424248754,4.7246864242487545,2.419500108709826,7.38003728538914e-05,0.0,9.43647642800494e-21
Inactive mismatch model,WT scenario,8.576958985908945e-05,8.576958701793622e-05,9.917965623891151e-08,0.047246864242487537,4.724686424248754,2.419500108709826,8.604386395489356e-05,0.0,9.43647642800494e-21
Inactive mismatch model,WT scenario,0.0001,9.999999668750734e-05,9.917965623891151e-08,0.04724686424248754,4.7246864242487545,2.419500108709826,0.00010031834798189213,0.0,9.43647642800494e-21
Inactive mismatch model,WT scenario,0.00011659144011798311,0.00011659143625596654,9.917965623891151e-08,0.047246864242487537,4.724686424248754,2.419500108709826,0.00011696065989125113,0.0,9.43647642800494e-21
Inactive mismatch model,WT scenario,0.00013593563908785241,0.00013593563458516185,9.917965623891151e-08,0.04724686424248754,4.7246864242487545,2.419500108709826,0.00013636347154319744,0.0,9.43647642800494e-21
Inactive mismatch model,WT scenario,0.00015848931924611142,0.00015848931399648218,9.917965623891151e-08,0.047246864242487537,4.724686424248754,2.419500108709826,0.00015898453829549694,-2.710505431213761e-20,9.43647642800494e-21
Inactive mismatch model,WT scenario,0.00018478497974222906,0.00018478497362177734,9.917965623891151e-08,0.04724686424248755,4.724686424248755,2.419500108709826,0.0001853574734369152,-2.710505431213761e-20,9.43647642800494e-21
Inactive mismatch model,WT scenario,0.00021544346900318823,0.0002154434618674919,9.917965623891151e-08,0.04724686424248754,4.7246864242487545,2.419500108709826,0.000216104301688566,0.0,9.43647642800494e-21
Inactive mismatch model,WT scenario,0.0002511886431509582,0.0002511886348316549,9.917965623891151e-08,0.047246864242487537,4.724686424248754,2.4195001087098253,0.0002519500838720694,0.0,9.43647642800494e-21
Inactive mismatch model,WT scenario,0.00029286445646252375,0.00029286444676334663,9.917965623891151e-08,0.04724686424248753,4.724686424248753,2.4195001087098253,0.0002937399522045837,0.0,9.43647642800494e-21
Inactive mismatch model,WT scenario,0.0003414548873833601,0.0003414548760755185,9.917965623891151e-08,0.04724686424248755,4.724686424248755,2.419500108709826,0.00034245895050511165,0.0,9.43647642800494e-21
Inactive mismatch model,WT scenario,0.0003981071705534969,0.0003981071573702945,9.917965623891151e-08,0.047246864242487537,4.724686424248754,2.4195001087098262,0.00039925513698121115,0.0,9.43647642800494e-21
Inactive mismatch model,WT scenario,0.0004641588833612782,0.0004641588679918433,9.917965623891151e-08,0.04724686424248754,4.7246864242487545,2.4195001087098253,0.00046546648043950344,0.0,9.43647642800494e-21
Inactive mismatch model,WT scenario,0.0005411695265464637,0.0005411695086284461,9.917965623891151e-08,0.04724686424248754,4.7246864242487545,2.419500108709826,0.0005426521650921331,-1.0842021724855044e-19,9.43647642800494e-21
Inactive mismatch model,WT scenario,0.000630957344480193,0.000630957323591259,9.917965623891151e-08,0.04724686424248755,4.724686424248755,2.4195001087098253,0.0006326290161142606,0.0,9.43647642800494e-21
Inactive mismatch model,WT scenario,0.0007356422544596406,0.0007356422301075693,9.917965623891151e-08,0.047246864242487537,4.724686424248754,2.419500108709826,0.0007375138693687476,0.0,9.43647642800494e-21
Inactive mismatch model,WT scenario,0.0008576958985908946,0.0008576958702020487,9.917965623891151e-08,0.047246864242487537,4.724686424248754,2.4195001087098253,0.0008597728359792952,1.0842021724855044e-19,9.43647642800494e-21
Inactive mismatch model,WT scenario,0.001,0.000999999966905907,9.917965623891151e-08,0.04724686424248755,4.724686424248755,2.419500108709826,0.0010022785574878787,0.0,9.43647642800494e-21
Inactive mismatch model,WT scenario,0.0011659144011798312,0.0011659143626015717,9.917965623891151e-08,0.047246864242487537,4.724686424248754,2.419500108709825,0.0011683767119534164,2.168404344971009e-19,9.43647642800494e-21
Inactive mismatch model,WT scenario,0.0013593563908785241,0.0013593563459085713,9.917965623891151e-08,0.04724686424248753,4.724686424248753,2.419500108709826,0.001361963217197328,0.0,9.43647642800494e-21
Inactive mismatch model,WT scenario,0.001584893192461114,0.001584893140042221,9.917965623891151e-08,0.04724686424248753,4.724686424248753,2.419500108709825,0.0015875737858642863,0.0,9.43647642800494e-21
Inactive mismatch model,WT scenario,0.0018478497974222907,0.0018478497363229552,9.917965623891151e-08,0.04724686424248754,4.7246864242487545,2.419500108709826,0.0018504877189206182,0.0,9.43647642800494e-21
Inactive mismatch model,WT scenario,0.002154434690031882,0.0021544346188178483,9.917965623891151e-08,0.04724686424248755,4.724686424248755,2.419500108709826,0.0021568480796957203,0.0,9.43647642800494e-21
Inactive mismatch model,WT scenario,0.002511886431509577,0.002511886348510757,9.917965623891151e-08,0.04724686424248754,4.7246864242487545,2.419500108709826,0.002513800668312031,0.0,9.43647642800494e-21
Inactive mismatch model,WT scenario,0.0029286445646252374,0.002928644467897346,9.917965623891151e-08,0.04724686424248754,4.7246864242487545,2.4195001087098253,0.0029296545131197926,0.0,9.43647642800494e-21
Inactive mismatch model,WT scenario,0.003414548873833601,0.003414548761113694,9.917965623891151e-08,0.047246864242487537,4.724686424248754,2.419500108709826,0.003414066905484793,0.0,9.43647642800494e-21
Inactive mismatch model,WT scenario,0.003981071705534969,0.0039810715741899734,9.917965623891151e-08,0.04724686424248754,4.7246864242487545,2.419500108709826,0.003978256316861985,0.0,9.43647642800494e-21
Inactive mismatch model,WT scenario,0.004641588833612782,0.004641588680579983,9.917965623891151e-08,0.04724686424248753,4.724686424248753,2.4195001087098253,0.004635246836775632,8.673617379884035e-19,9.43647642800494e-21
Inactive mismatch model,WT scenario,0.0054116952654646375,0.005411695087182959,9.917965623891151e-08,0.04724686424248754,4.7246864242487545,2.4195001087098253,0.005400148033617083,0.0,9.43647642800494e-21
Inactive mismatch model,WT scenario,0.00630957344480193,0.006309573237132726,9.917965623891151e-08,0.047246864242487537,4.724686424248754,2.4195001087098253,0.006290474333064313,0.0,9.43647642800494e-21
Inactive mismatch model,WT scenario,0.007356422544596406,0.007356422302732328,9.917965623891151e-08,0.047246864242487537,4.724686424248754,2.419500108709826,0.007326508083406171,0.0,9.43647642800494e-21
Inactive mismatch model,WT scenario,0.008576958985908946,0.00857695870426934,9.917965623891151e-08,0.04724686424248754,4.7246864242487545,2.419500108709826,0.008531710366668676,0.0,9.43647642800494e-21
Inactive mismatch model,WT scenario,0.01,0.009999999672111157,9.917965623891151e-08,0.04724686424248755,4.724686424248755,2.4195001087098253,0.009933183228886243,0.0,9.43647642800494e-21
Inactive mismatch model,mutant scenario,0.0,0.0,9.924116854969482e-08,0.01627106812260923,1.6271068122609231,2.420964380214942,0.0,0.0,4.5263323118901674e-21
Inactive mismatch model,mutant scenario,1e-10,9.999999668781756e-11,9.924116854969482e-08,0.01627106812260923,1.6271068122609231,2.4209643802149414,1.000018261612229e-10,0.0,4.5263323118901674e-21
Inactive mismatch model,mutant scenario,1.165914401179831e-10,1.165914362562619e-10,9.924116854969482e-08,0.016271068122609228,1.627106812260923,2.420964380214941,1.1659356926371727e-10,0.0,4.5263323118901674e-21
Inactive mismatch model,mutant scenario,1.3593563908785242e-10,1.3593563458541606e-10,9.924116854969482e-08,0.01627106812260923,1.6271068122609231,2.4209643802149414,1.3593812148689644e-10,2.5849394142282115e-26,4.5263323118901674e-21
Inactive mismatch model,mutant scenario,1.584893192461111e-10,1.584893139966557e-10,9.924116854969482e-08,0.016271068122609228,1.627106812260923,2.4209643802149414,1.584922135073313e-10,2.5849394142282115e-26,4.5263323118901674e-21
Inactive mismatch model,mutant scenario,1.8478497974222944e-10,1.847849736218138e-10,9.924116854969482e-08,0.016271068122609235,1.6271068122609236,2.4209643802149414,1.8478835419820768e-10,0.0,4.5263323118901674e-21
Inactive mismatch model,mutant scenario,2.1544346900318867e-10,2.154434618673079e-10,9.924116854969482e-08,0.016271068122609228,1.627106812260923,2.4209643802149414,2.154474033234044e-10,0.0,4.5263323118901674e-21
Inactive mismatch model,mutant scenario,2.511886431509582e-10,2.5118863483113207e-10,9.924116854969482e-08,0.01627106812260923,1.6271068122609231,2.4209643802149414,2.511932302225774e-10,0.0,4.5263323118901674e-21
Inactive mismatch model,mutant scenario,2.928644564625237e-10,2.928644467623186e-10,9.924116854969482e-08,0.01627106812260923,1.6271068122609231,2.4209643802149414,2.9286980458317806e-10,0.0,4.5263323118901674e-21
Inactive mismatch model,mutant scenario,3.414548873833601e-10,3.4145487607375126e-10,9.924116854969482e-08,0.01627106812260923,1.6271068122609231,2.4209643802149414,3.4146112281765815e-10,0.0,4.5263323118901674e-21
Inactive mismatch model,mutant scenario,3.9810717055349694e-10,3.981071573674611e-10,9.924116854969482e-08,0.016271068122609235,1.6271068122609236,2.4209643802149414,3.981144405135882e-10,-5.169878828456423e-26,4.5263323118901674e-21
Inactive mismatch model,mutant scenario,4.6415888336127727e-10,4.6415886798748824e-10,9.924116854969482e-08,0.016271068122609228,1.627106812260923,2.4209643802149414,4.6416735948178405e-10,0.0,4.5263323118901674e-21
Inactive mismatch model,mutant scenario,5.411695265464626e-10,5.411695086219406e-10,9.924116854969482e-08,0.01627106812260923,1.6271068122609231,2.4209643802149414,5.411794089357503e-10,0.0,4.5263323118901674e-21
Inactive mismatch model,mutant scenario,6.309573444801942e-10,6.309573235817359e-10,9.924116854969482e-08,0.01627106812260923,1.6271068122609231,2.4209643802149414,6.309688664435285e-10,0.0,4.5263323118901674e-21
Inactive mismatch model,mutant scenario,7.356422544596422e-10,7.356422300938286e-10,9.924116854969482e-08,0.016271068122609228,1.627106812260923,2.420964380214942,7.3565568800561e-10,0.0,4.5263323118901674e-21
Inactive mismatch model,mutant scenario,8.576958985908946e-10,8.576958701824417e-10,9.924116854969482e-08,0.01627106812260923,1.6271068122609231,2.4209643802149414,8.577115608509085e-10,0.0,4.5263323118901674e-21
Inactive mismatch model,mutant scenario,1e-09,9.999999668781756e-10,9.924116854969482e-08,0.01627106812260923,1.6271068122609231,2.4209643802149414,1.000018260712196e-09,0.0,4.5263323118901674e-21
Inactive mismatch model,mutant scenario,1.1659144011798312e-09,1.1659143625626191e-09,9.924116854969482e-08,0.01627106812260923,1.6271068122609231,2.4209643802149414,1.1659356914137073e-09,0.0,4.5263323118901674e-21
Inactive mismatch model,mutant scenario,1.3593563908785241e-09,1.3593563458541605e-09,9.924116854969482e-08,0.01627106812260923,1.6271068122609231,2.4209643802149414,1.3593812132058387e-09,0.0,4.5263323118901674e-21
Inactive mismatch model,mutant scenario,1.584893192461111e-09,1.584893139966557e-09,9.924116854969482e-08,0.016271068122609235,1.6271068122609236,2.4209643802149414,1.5849221328125327e-09,0.0,4.5263323118901674e-21
Inactive mismatch model,mutant scenario,1.847849797422287e-09,1.8478497362181305e-09,9.924116854969482e-08,0.01627106812260923,1.6271068122609231,2.4209643802149414,1.8478835389088628e-09,0.0,4.5263323118901674e-21
Inactive mismatch model,mutant scenario,2.1544346900318866e-09,2.1544346186730793e-09,9.924116854969482e-08,0.01627106812260923,1.6271068122609231,2.4209643802149414,2.1544740290564614e-09,0.0,4.5263323118901674e-21
Inactive mismatch model,mutant scenario,2.511886431509582e-09,2.511886348311321e-09,9.924116854969482e-08,0.016271068122609228,1.627106812260923,2.4209643802149414,2.5119322965469506e-09,0.0,4.5263323118901674e-21
Inactive mismatch model,mutant scenario,2.9286445646252374e-09,2.928644467623187e-09,9.924116854969482e-08,0.016271068122609224,1.6271068122609225,2.4209643802149414,2.9286980381122357e-09,4.1359030627651384e-25,4.5263323118901674e-21
Inactive mismatch model,mutant scenario,3.414548873833601e-09,3.414548760737513e-09,9.924116854969482e-08,0.016271068122609235,1.6271068122609236,2.4209643802149414,3.4146112176829696e-09,0.0,4.5263323118901674e-21
Inactive mismatch model,mutant scenario,3.981071705534969e-09,3.981071573674611e-09,9.924116854969482e-08,0.01627106812260923,1.6271068122609231,2.4209643802149414,3.981144390871322e-09,0.0,4.5263323118901674e-21
Inactive mismatch model,mutant scenario,4.641588833612773e-09,4.641588679874883e-09,9.924116854969482e-08,0.01627106812260923,1.6271068122609231,2.420964380214942,4.641673575427221e-09,0.0,4.5263323118901674e-21
Inactive mismatch model,mutant scenario,5.411695265464648e-09,5.4116950862194286e-09,9.924116854969482e-08,0.016271068122609228,1.627106812260923,2.4209643802149414,5.411794062998762e-09,0.0,4.5263323118901674e-21
Inactive mismatch model,mutant scenario,6.309573444801943e-09,6.30957323581736e-09,9.924116854969482e-08,0.01627106812260923,1.6271068122609231,2.4209643802149414,6.309688628604332e-09,0.0,4.5263323118901674e-21
Inactive mismatch model,mutant scenario,7.356422544596422e-09,7.356422300938288e-09,9.924116854969482e-08,0.016271068122609228,1.627106812260923,2.4209643802149414,7.356556831349064e-09,8.271806125530277e-25,4.5263323118901674e-21
Inactive mismatch model,mutant scenario,8.576958985908947e-09,8.57695870182442e-09,9.924116854969482e-08,0.01627106812260923,1.6271068122609231,2.4209643802149414,8.577115542298867e-09,0.0,4.5263323118901674e-21
Inactive mismatch model,mutant scenario,1e-08,9.99999966878176e-09,9.924116854969482e-08,0.016271068122609228,1.627106812260923,2.4209643802149414,1.0000182517118677e-08,1.6543612251060553e-24,4.5263323118901674e-21
Inactive mismatch model,mutant scenario,1.165914401179831e-08,1.1659143625626194e-08,9.924116854969482e-08,0.016271068122609228,1.627106812260923,2.4209643802149414,1.1659356791790532e-08,0.0,4.5263323118901674e-21
Inactive mismatch model,mutant scenario,1.3593563908785241e-08,1.359356345854161e-08,9.924116854969482e-08,0.01627106812260923,1.6271068122609231,2.4209643802149414,1.3593811965745838e-08,0.0,4.5263323118901674e-21
Inactive mismatch model,mutant scenario,1.5848931924611143e-08,1.584893139966561e-08,9.924116854969482e-08,0.016271068122609228,1.627106812260923,2.420964380214942,1.584922110204734e-08,0.0,4.5263323118901674e-21
Inactive mismatch model,mutant scenario,1.8478497974222906e-08,1.8478497362181354e-08,9.924116854969482e-08,0.01627106812260923,1.6271068122609231,2.4209643802149414,1.8478835081768064e-08,0.0,4.5263323118901674e-21
Inactive mismatch model,mutant scenario,2.1544346900318866e-08,2.1544346186730804e-08,9.924116854969482e-08,0.016271068122609228,1.627106812260923,2.4209643802149414,2.154473987280638e-08,-3.308722450212111e-24,4.5263323118901674e-21
Inactive mismatch model,mutant scenario,2.511886431509582e-08,2.5118863483113226e-08,9.924116854969482e-08,0.01627106812260923,1.6271068122609231,2.4209643802149414,2.5119322397587195e-08,-3.308722450212111e-24,4.5263323118901674e-21
Inactive mismatch model,mutant scenario,2.9286445646252374e-08,2.9286444676231894e-08,9.924116854969482e-08,0.016271068122609228,1.627106812260923,2.420964380214942,2.928697960916791e-08,0.0,4.5263323118901674e-21
Inactive mismatch model,mutant scenario,3.4145488738336004e-08,3.4145487607375164e-08,9.924116854969482e-08,0.016271068122609228,1.627106812260923,2.4209643802149414,3.414611112746848e-08,6.617444900424222e-24,4.5263323118901674e-21
Inactive mismatch model,mutant scenario,3.981071705534969e-08,3.9810715736746164e-08,9.924116854969482e-08,0.01627106812260923,1.6271068122609231,2.4209643802149414,3.9811442482257355e-08,0.0,4.5263323118901674e-21
Inactive mismatch model,mutant scenario,4.641588833612773e-08,4.64158867987489e-08,9.924116854969482e-08,0.016271068122609228,1.627106812260923,2.4209643802149414,4.6416733815210325e-08,0.0,4.5263323118901674e-21
Inactive mismatch model,mutant scenario,5.411695265464637e-08,5.4116950862194266e-08,9.924116854969482e-08,0.016271068122609228,1.627106812260923,2.4209643802149414,5.411793799411138e-08,0.0,4.5263323118901674e-21
Inactive mismatch model,mutant scenario,6.30957344480193e-08,6.309573235817359e-08,9.924116854969482e-08,0.016271068122609228,1.627106812260923,2.4209643802149414,6.309688270294816e-08,0.0,4.5263323118901674e-21
Inactive mismatch model,mutant scenario,7.356422544596421e-08,7.356422300938304e-08,9.924116854969482e-08,0.01627106812260923,1.6271068122609231,2.4209643802149414,7.356556344278757e-08,0.0,4.5263323118901674e-21
Inactive mismatch model,mutant scenario,8.576958985908945e-08,8.57695870182444e-08,9.924116854969482e-08,0.01627106812260923,1.6271068122609231,2.4209643802149414,8.577114880196741e-08,0.0,4.5263323118901674e-21
Inactive mismatch model,mutant scenario,1e-07,9.999999668781789e-08,9.924116854969482e-08,0.016271068122609228,1.627106812260923,2.4209643802149414,1.0000181617085932e-07,0.0,4.5263323118901674e-21
Inactive mismatch model,mutant scenario,1.1659144011798311e-07,1.1659143625626238e-07,9.924116854969482e-08,0.016271068122609228,1.627106812260923,2.4209643802149414,1.1659355568325298e-07,1.3234889800848443e-23,4.5263323118901674e-21
Inactive mismatch model,mutant scenario,1.3593563908785243e-07,1.3593563458541669e-07,9.924116854969482e-08,0.016271068122609228,1.627106812260923,2.420964380214942,1.359381030262058e-07,0.0,4.5263323118901674e-21
Inactive mismatch model,mutant scenario,1.584893192461114e-07,1.5848931399665688e-07,9.924116854969482e-08,0.016271068122609228,1.627106812260923,2.4209643802149414,1.584921884126745e-07,2.6469779601696886e-23,4.5263323118901674e-21
Inactive mismatch model,mutant scenario,1.8478497974222906e-07,1.8478497362181457e-07,9.924116854969482e-08,0.01627106812260923,1.6271068122609231,2.4209643802149414,1.8478832008562558e-07,0.0,4.5263323118901674e-21
Inactive mismatch model,mutant scenario,2.1544346900318867e-07,2.154434618673095e-07,9.924116854969482e-08,0.016271068122609228,1.627106812260923,2.4209643802149414,2.1544735695224993e-07,0.0,4.5263323118901674e-21
Inactive mismatch model,mutant scenario,2.5118864315095823e-07,2.5118863483113423e-07,9.924116854969482e-08,0.016271068122609235,1.6271068122609236,2.4209643802149414,2.5119316718765455e-07,0.0,4.5263323118901674e-21
Inactive mismatch model,mutant scenario,2.928644564625237e-07,2.928644467623216e-07,9.924116854969482e-08,0.01627106812260923,1.6271068122609231,2.4209643802149414,2.928697188962564e-07,0.0,4.5263323118901674e-21
Inactive mismatch model,mutant scenario,3.414548873833601e-07,3.4145487607375527e-07,9.924116854969482e-08,0.01627106812260923,1.6271068122609231,2.4209643802149414,3.4146100633859923e-07,0.0,4.5263323118901674e-21
Inactive mismatch model,mutant scenario,3.981071705534969e-07,3.981071573674665e-07,9.924116854969482e-08,0.016271068122609228,1.627106812260923,2.420964380214941,3.981142821770438e-07,0.0,4.5263323118901674e-21
Inactive mismatch model,mutant scenario,4.6415888336127725e-07,4.6415886798749564e-07,9.924116854969482e-08,0.01627106812260923,1.6271068122609231,2.420964380214942,4.6416714424600497e-07,5.293955920339377e-23,4.5263323118901674e-21
Inactive mismatch model,mutant scenario,5.411695265464637e-07,5.411695086219518e-07,9.924116854969482e-08,0.016271068122609228,1.627106812260923,2.420964380214942,5.41179116353642e-07,0.0,4.5263323118901674e-21
Inactive mismatch model,mutant scenario,6.30957344480193e-07,6.309573235817482e-07,9.924116854969482e-08,0.01627106812260923,1.6271068122609231,2.420964380214941,6.309684687202027e-07,0.0,4.5263323118901674e-21
Inactive mismatch model,mutant scenario,7.356422544596422e-07,7.356422300938472e-07,9.924116854969482e-08,0.01627106812260923,1.6271068122609231,2.420964380214942,7.356551473579238e-07,1.0587911840678754e-22,4.5263323118901674e-21
Inactive mismatch model,mutant scenario,8.576958985908945e-07,8.576958701824668e-07,9.924116854969482e-08,0.016271068122609228,1.627106812260923,2.4209643802149414,8.577108259181109e-07,0.0,4.5263323118901674e-21
Inactive mismatch model,mutant scenario,1e-06,9.999999668782097e-07,9.924116854969482e-08,0.01627106812260923,1.6271068122609231,2.4209643802149414,1.000017261676743e-06,0.0,4.5263323118901674e-21
Inactive mismatch model,mutant scenario,1.1659144011798312e-06,1.1659143625626657e-06,9.924116854969482e-08,0.016271068122609228,1.627106812260923,2.4209643802149414,1.165934333368705e-06,0.0,4.5263323118901674e-21
Inactive mismatch model,mutant scenario,1.3593563908785242e-06,1.3593563458542238e-06,9.924116854969482e-08,0.01627106812260923,1.6271068122609231,2.4209643802149414,1.3593793671390433e-06,0.0,4.5263323118901674e-21
Inactive mismatch model,mutant scenario,1.584893192461114e-06,1.5848931399666461e-06,9.924116854969482e-08,0.01627106812260923,1.6271068122609231,2.4209643802149414,1.5849196233504065e-06,0.0,4.5263323118901674e-21
Inactive mismatch model,mutant scenario,1.8478497974222906e-06,1.8478497362182513e-06,9.924116854969482e-08,0.01627106812260923,1.6271068122609231,2.4209643802149414,1.8478801276563814e-06,2.117582368135751e-22,4.5263323118901674e-21
Inactive mismatch model,mutant scenario,2.1544346900318822e-06,2.154434618673234e-06,9.924116854969482e-08,0.016271068122609228,1.627106812260923,2.4209643802149414,2.154469391950013e-06,4.235164736271502e-22,4.5263323118901674e-21
Inactive mismatch model,mutant scenario,2.5118864315095823e-06,2.5118863483115375e-06,9.924116854969482e-08,0.016271068122609228,1.627106812260923,2.4209643802149414,2.5119259930689267e-06,4.235164736271502e-22,4.5263323118901674e-21
Inactive mismatch model,mutant scenario,2.9286445646252375e-06,2.9286444676234805e-06,9.924116854969482e-08,0.016271068122609228,1.627106812260923,2.420964380214942,2.928689469442674e-06,0.0,4.5263323118901674e-21
Inactive mismatch model,mutant scenario,3.414548873833601e-06,3.4145487607379126e-06,9.924116854969482e-08,0.016271068122609224,1.6271068122609225,2.4209643802149414,3.4145995698129034e-06,4.235164736271502e-22,4.5263323118901674e-21
Inactive mismatch model,mutant scenario,3.981071705534969e-06,3.981071573675154e-06,9.924116854969482e-08,0.01627106812260923,1.6271068122609231,2.4209643802149414,3.981128557273687e-06,-8.470329472543003e-22,4.5263323118901674e-21
Inactive mismatch model,mutant scenario,4.641588833612782e-06,4.64158867987563e-06,9.924116854969482e-08,0.016271068122609235,1.6271068122609236,2.420964380214942,4.641652051939326e-06,0.0,4.5263323118901674e-21
Inactive mismatch model,mutant scenario,5.411695265464638e-06,5.411695086220421e-06,9.924116854969482e-08,0.016271068122609228,1.627106812260923,2.4209643802149414,5.411764804930469e-06,0.0,4.5263323118901674e-21
Inactive mismatch model,mutant scenario,6.30957344480193e-06,6.309573235818711e-06,9.924116854969482e-08,0.01627106812260923,1.6271068122609231,2.420964380214942,6.30964885649796e-06,0.0,4.5263323118901674e-21
Inactive mismatch model,mutant scenario,7.356422544596406e-06,7.356422300940126e-06,9.924116854969482e-08,0.01627106812260923,1.6271068122609231,2.420964380214942,7.356502766938749e-06,0.0,4.5263323118901674e-21
Inactive mismatch model,mutant scenario,8.576958985908945e-06,8.576958701826939e-06,9.924116854969482e-08,0.01627106812260923,1.6271068122609231,2.4209643802149414,8.577042049586997e-06,1.6940658945086007e-21,4.5263323118901674e-21
Inactive mismatch model,mutant scenario,1e-05,9.999999668785183e-06,9.924116854969482e-08,0.016271068122609228,1.627106812260923,2.4209643802149414,1.0000082614473421e-05,-1.6940658945086007e-21,4.5263323118901674e-21
Inactive mismatch model,mutant scenario,1.165914401179831e-05,1.165914362563085e-05,9.924116854969482e-08,0.01627106812260923,1.6271068122609231,2.4209643802149414,1.1659220988716785e-05,0.0,4.5263323118901674e-21
Inactive mismatch model,mutant scenario,1.359356390878524e-05,1.3593563458547939e-05,9.924116854969482e-08,0.016271068122609228,1.627106812260923,2.4209643802149414,1.3593627361327096e-05,0.0,4.5263323118901674e-21
Inactive mismatch model,mutant scenario,1.584893192461114e-05,1.5848931399674212e-05,9.924116854969482e-08,0.01627106812260923,1.6271068122609231,2.4209643802149414,1.584897015941747e-05,0.0,4.5263323118901674e-21
Inactive mismatch model,mutant scenario,1.8478497974222908e-05,1.8478497362193048e-05,9.924116854969482e-08,0.01627106812260923,1.6271068122609231,2.4209643802149414,1.847849396219831e-05,0.0,4.5263323118901674e-21
Inactive mismatch model,mutant scenario,2.1544346900318823e-05,2.154434618674666e-05,9.924116854969482e-08,0.016271068122609235,1.6271068122609236,2.4209643802149414,2.154427617116221e-05,0.0,4.5263323118901674e-21
Inactive mismatch model,mutant scenario,2.5118864315095822e-05,2.511886348313484e-05,9.924116854969482e-08,0.01627106812260923,1.6271068122609231,2.4209643802149414,2.5118692064049167e-05,0.0,4.5263323118901674e-21
Inactive mismatch model,mutant scenario,2.9286445646252374e-05,2.9286444676261268e-05,9.924116854969482e-08,0.016271068122609224,1.6271068122609225,2.420964380214942,2.928612276481911e-05,0.0,4.5263323118901674e-21
Inactive mismatch model,mutant scenario,3.414548873833601e-05,3.4145487607415104e-05,9.924116854969482e-08,0.016271068122609228,1.627106812260923,2.420964380214942,3.414494637629215e-05,6.776263578034403e-21,4.5263323118901674e-21
Inactive mismatch model,mutant scenario,3.9810717055349695e-05,3.981071573680045e-05,9.924116854969482e-08,0.016271068122609228,1.627106812260923,2.420964380214942,3.9809859179280616e-05,0.0,4.5263323118901674e-21
Inactive mismatch model,mutant scenario,4.641588833612782e-05,4.641588679882278e-05,9.924116854969482e-08,0.016271068122609235,1.6271068122609236,2.4209643802149414,4.641458155642025e-05,0.0,4.5263323118901674e-21
Inactive mismatch model,mutant scenario,5.411695265464637e-05,5.411695086229458e-05,9.924116854969482e-08,0.01627106812260923,1.6271068122609231,2.4209643802149414,5.411501232992275e-05,6.776263578034403e-21,4.5263323118901674e-21
Inactive mismatch model,mutant scenario,6.309573444801929e-05,6.309573235830993e-05,9.924116854969482e-08,0.01627106812260923,1.6271068122609231,2.4209643802149414,6.309290571837866e-05,0.0,4.5263323118901674e-21
Inactive mismatch model,mutant scenario,7.356422544596406e-05,7.356422300956824e-05,9.924116854969482e-08,0.016271068122609228,1.627106812260923,2.4209643802149414,7.356015736004404e-05,0.0,4.5263323118901674e-21
Inactive mismatch model,mutant scenario,8.576958985908945e-05,8.576958701849635e-05,9.924116854969482e-08,0.016271068122609228,1.627106812260923,2.4209643802149414,8.576380009861891e-05,0.0,4.5263323118901674e-21
Inactive mismatch model,mutant scenario,0.0001,9.999999668816038e-05,9.924116854969482e-08,0.01627106812260923,1.6271068122609231,2.4209643802149414,9.999182680628323e-05,0.0,4.5263323118901674e-21
Inactive mismatch model,mutant scenario,0.00011659144011798311,0.0001165914362567279,9.924116854969482e-08,0.01627106812260923,1.6271068122609231,2.4209643802149414,0.00011657997680217563,-1.3552527156068805e-20,4.5263323118901674e-21
Inactive mismatch model,mutant scenario,0.00013593563908785241,0.0001359356345860495,9.924116854969482e-08,0.01627106812260923,1.6271068122609231,2.4209643802149414,0.0001359196448448131,0.0,4.5263323118901674e-21
Inactive mismatch model,mutant scenario,0.00015848931924611142,0.00015848931399751708,9.924116854969482e-08,0.016271068122609235,1.6271068122609236,2.420964380214942,0.00015846709773222075,0.0,4.5263323118901674e-21
Inactive mismatch model,mutant scenario,0.00018478497974222906,0.00018478497362298387,9.924116854969482e-08,0.01627106812260923,1.6271068122609231,2.420964380214942,0.0001847542138064175,0.0,4.5263323118901674e-21
Inactive mismatch model,mutant scenario,0.00021544346900318823,0.00021544346186889852,9.924116854969482e-08,0.01627106812260923,1.6271068122609231,2.4209643802149414,0.00021540099578618688,0.0,4.5263323118901674e-21
Inactive mismatch model,mutant scenario,0.0002511886431509582,0.0002511886348332948,9.924116854969482e-08,0.01627106812260923,1.6271068122609231,2.4209643802149414,0.00025113014809471565,0.0,4.5263323118901674e-21
Inactive mismatch model,mutant scenario,0.00029286445646252375,0.0002928644467652584,9.924116854969482e-08,0.01627106812260923,1.6271068122609231,2.4209643802149423,0.0002927840570622878,0.0,4.5263323118901674e-21
Inactive mismatch model,mutant scenario,0.0003414548873833601,0.0003414548760777472,9.924116854969482e-08,0.01627106812260923,1.6271068122609231,2.4209643802149414,0.00034134456703907985,0.0,4.5263323118901674e-21
Inactive mismatch model,mutant scenario,0.0003981071705534969,0.0003981071573728928,9.924116854969482e-08,0.01627106812260923,1.6271068122609231,2.4209643802149414,0.0003979560086437196,0.0,4.5263323118901674e-21
Inactive mismatch model,mutant scenario,0.0004641588833612782,0.0004641588679948722,9.924116854969482e-08,0.01627106812260923,1.6271068122609231,2.4209643802149414,0.0004639520083258851,0.0,4.5263323118901674e-21
Inactive mismatch model,mutant scenario,0.0005411695265464637,0.000541169508631977,9.924116854969482e-08,0.01627106812260923,1.6271068122609231,2.4209643802149414,0.0005408866924979509,-1.0842021724855044e-19,4.5263323118901674e-21
Inactive mismatch model,mutant scenario,0.000630957344480193,0.000630957323595375,9.924116854969482e-08,0.016271068122609235,1.6271068122609236,2.420964380214942,0.0006305709961883528,0.0,4.5263323118901674e-21
Inactive mismatch model,mutant scenario,0.0007356422544596406,0.0007356422301123672,9.924116854969482e-08,0.016271068122609228,1.627106812260923,2.4209643802149414,0.0007351148971095304,0.0,4.5263323118901674e-21
Inactive mismatch model,mutant scenario,0.0008576958985908946,0.0008576958702076412,9.924116854969482e-08,0.01627106812260923,1.6271068122609231,2.4209643802149414,0.0008569765229400221,0.0,4.5263323118901674e-21
Inactive mismatch model,mutant scenario,0.001,0.0009999999669124257,9.924116854969482e-08,0.016271068122609228,1.627106812260923,2.4209643802149414,0.000999019224278369,0.0,4.5263323118901674e-21
Inactive mismatch model,mutant scenario,0.0011659144011798312,0.0011659143626091694,9.924116854969482e-08,0.016271068122609235,1.6271068122609236,2.420964380214942,0.001164577869914064,0.0,4.5263323118901674e-21
Inactive mismatch model,mutant scenario,0.0013593563908785241,0.0013593563459174261,9.924116854969482e-08,0.016271068122609228,1.627106812260923,2.4209643802149414,0.0013575358064428953,2.168404344971009e-19,4.5263323118901674e-21
Inactive mismatch model,mutant scenario,0.001584893192461114,0.0015848931400525405,9.924116854969482e-08,0.01627106812260923,1.6271068122609231,2.4209643802149414,0.0015824141322249461,0.0,4.5263323118901674e-21
Inactive mismatch model,mutant scenario,0.0018478497974222907,0.0018478497363349803,9.924116854969482e-08,0.016271068122609228,1.627106812260923,2.4209643802149414,0.0018444751671346001,0.0,4.5263323118901674e-21
Inactive mismatch model,mutant scenario,0.002154434690031882,0.0021544346188318597,9.924116854969482e-08,0.016271068122609228,1.627106812260923,2.420964380214941,0.002149842254542702,-4.336808689942018e-19,4.5263323118901674e-21
Inactive mismatch model,mutant scenario,0.002511886431509577,0.002511886348527082,9.924116854969482e-08,0.01627106812260923,1.6271068122609231,2.420964380214942,0.002505638309263664,0.0,4.5263323118901674e-21
Inactive mismatch model,mutant scenario,0.0029286445646252374,0.0029286444679163634,9.924116854969482e-08,0.016271068122609224,1.6271068122609225,2.4209643802149414,0.002920145821618013,0.0,4.5263323118901674e-21
Inactive mismatch model,mutant scenario,0.003414548873833601,0.003414548761135845,9.924116854969482e-08,0.016271068122609228,1.627106812260923,2.420964380214942,0.003402991337305803,0.0,4.5263323118901674e-21
Inactive mismatch model,mutant scenario,0.003981071705534969,0.0039810715742157705,9.924116854969482e-08,0.01627106812260923,1.6271068122609231,2.4209643802149414,0.003965357745450907,0.0,4.5263323118901674e-21
Inactive mismatch model,mutant scenario,0.004641588833612782,0.004641588680610021,9.924116854969482e-08,0.016271068122609224,1.6271068122609225,2.4209643802149414,0.004620228007350398,8.673617379884035e-19,4.5263323118901674e-21
Inactive mismatch model,mutant scenario,0.0054116952654646375,0.005411695087217927,9.924116854969482e-08,0.016271068122609228,1.627106812260923,2.4209643802149414,0.005382664222837505,0.0,4.5263323118901674e-21
Inactive mismatch model,mutant scenario,0.00630957344480193,0.006309573237173423,9.924116854969482e-08,0.016271068122609228,1.627106812260923,2.4209643802149414,0.00627012612599734,0.0,4.5263323118901674e-21
Inactive mismatch model,mutant scenario,0.007356422544596406,0.0073564223027796785,9.924116854969482e-08,0.01627106812260923,1.6271068122609231,2.4209643802149414,0.0073028331795852676,0.0,4.5263323118901674e-21
Inactive mismatch model,mutant scenario,0.008576958985908946,0.00857695870432441,9.924116854969482e-08,0.016271068122609224,1.6271068122609225,2.4209643802149414,0.00850417433188252,-1.734723475976807e-18,4.5263323118901674e-21
Inactive mismatch model,mutant scenario,0.01,0.009999999672175186,9.924116854969482e-08,0.016271068122609228,1.627106812260923,2.4209643802149414,0.009901169121147729,0.0,4.5263323118901674e-21
Flexible bis-intercalator model,WT scenario,0.0,0.0,9.917965623891151e-08,0.04724686424248753,4.724686424248753,2.4195001087098253,0.0,0.0,9.43647642800494e-21
Flexible bis-intercalator model,WT scenario,1e-10,9.999451639592561e-11,9.91796532420364e-08,0.04724703276651803,4.724703276651803,2.41950897479999,2.1756428531516148e-07,6.462348535570529e-26,9.43647642800494e-21
Flexible bis-intercalator model,WT scenario,1.165914401179831e-10,1.165850467052227e-10,9.917965274481178e-08,0.047247060727073645,4.724706072707365,2.419510445811693,2.536613232823544e-07,7.754818242684634e-26,9.43647642800494e-21
Flexible bis-intercalator model,WT scenario,1.3593563908785242e-10,1.3592818491611468e-10,9.917965216509047e-08,0.04724709332668521,4.724709332668521,2.4195121608853,2.957473760411365e-07,1.0339757656912846e-25,9.43647642800494e-21
Flexible bis-intercalator model,WT scenario,1.584893192461111e-10,1.5848062832030336e-10,9.917965148918511e-08,0.04724713133503791,4.7247131335037915,2.4195141605141535,3.448161060837026e-07,1.550963648536927e-25,9.43647642800494e-21
Flexible bis-intercalator model,WT scenario,1.8478497974222944e-10,1.8477484686717378e-10,9.917965070113739e-08,0.047247175649518386,4.724717564951838,2.419516491910004,4.020260383486409e-07,2.0679515313825692e-25,9.43647642800494e-21
Flexible bis-intercalator model,WT scenario,2.1544346900318867e-10,2.1543165493891988e-10,9.917964978234131e-08,0.04724722731640212,4.724722731640212,2.4195192101176977,4.687279131057493e-07,2.5849394142282115e-25,9.423241538204091e-21
Flexible bis-intercalator model,WT scenario,2.511886431509582e-10,2.5117486896422057e-10,9.917964871110388e-08,0.047247287555556135,4.7247287555556134,2.4195223793147784,5.464965770175532e-07,4.1359030627651384e-25,9.423241538204091e-21
Flexible bis-intercalator model,WT scenario,2.928644564625237e-10,2.928483969411056e-10,9.917964746213293e-08,0.04724735778923998,4.724735778923998,2.4195260743267317,6.371681653045039e-07,4.652890945610781e-25,9.43647642800494e-21
Flexible bis-intercalator model,WT scenario,3.414548873833601e-10,3.4143616335778074e-10,9.917964600593997e-08,0.04724743967568527,4.724743967568527,2.4195303823936145,7.42883452854475e-07,6.203854594147708e-25,9.423241538204091e-21
Flexible bis-intercalator model,WT scenario,3.9810717055349694e-10,3.9808533994476144e-10,9.917964430814399e-08,0.047247535148246485,4.7247535148246484,2.419535405229793,8.66138397752854e-07,9.305781891221561e-25,9.423241538204091e-21
Flexible bis-intercalator model,WT scenario,4.6415888336127727e-10,4.6413343074334075e-10,9.91796423286597e-08,0.047247646461047,4.7247646461047,2.419541261425412,1.009843070504493e-06,1.1890721305449773e-24,9.423241538204091e-21
Flexible bis-intercalator model,WT scenario,5.411695265464626e-10,5.411398509769783e-10,9.917964002075114e-08,0.04724777624219863,4.724777624219863,2.4195480892462977,1.1773903601799317e-06,1.6543612251060553e-24,9.43647642800494e-21
Flexible bis-intercalator model,WT scenario,6.309573444801942e-10,6.309227453122357e-10,9.917963732992821e-08,0.047247927555850396,4.72479275558504,2.419556049898379,1.372736079516985e-06,2.1713491079516976e-24,9.43647642800494e-21
Flexible bis-intercalator model,WT scenario,7.356422544596422e-10,7.356019147994251e-10,9.917963419266024e-08,0.047248103974531955,4.724810397453195,2.4195653313337293,1.600492360090625e-06,2.9985297205047253e-24,9.423241538204091e-21
Flexible bis-intercalator model,WT scenario,8.576958985908946e-10,8.576488660109493e-10,9.917963053487601e-08,0.047248309663499036,4.724830966349904,2.4195761526880344,1.8660365423774961e-06,4.239300639334267e-24,9.423241538204091e-21
Flexible bis-intercalator model,WT scenario,1e-09,9.99945164052453e-10,9.9179626270215e-08,0.047248549479072394,4.7248549479072395,2.4195887694542897,2.175638131286316e-06,5.583469134732937e-24,9.43647642800494e-21
Flexible bis-intercalator model,WT scenario,1.1659144011798312e-09,1.1658504671789149e-09,9.91796212979884e-08,0.04724882908329167,4.7248829083291675,2.4196034795148305,2.5366068141288015e-06,7.651420666115506e-24,9.43647642800494e-21
Flexible bis-intercalator model,WT scenario,1.3593563908785241e-09,1.3592818493333605e-09,9.917961550080201e-08,0.04724915507759019,4.724915507759019,2.4196206301741165,2.9574650351224454e-06,1.0546552810051103e-23,9.423241538204091e-21
Flexible bis-intercalator model,WT scenario,1.584893192461111e-09,1.5848062834371334e-09,9.917960874178466e-08,0.047249535158646994,4.7249535158647,2.419640626358265,3.4481492000673775e-06,1.4475660719677984e-23,9.43647642800494e-21
Flexible bis-intercalator model,WT scenario,1.847849797422287e-09,1.847748468989955e-09,9.917960086135677e-08,0.047249978300093774,4.724997830009378,2.419663940174897,4.0202442604854245e-06,1.9231949241857893e-23,9.43647642800494e-21
Flexible bis-intercalator model,WT scenario,2.1544346900318866e-09,2.1543165498217796e-09,9.917959167346301e-08,0.04725049496436661,4.725049496436661,2.4196911220589583,4.687257214172195e-06,2.6469779601696886e-23,9.43647642800494e-21
Flexible bis-intercalator model,WT scenario,2.511886431509582e-09,2.5117486902302357e-09,9.917958096117975e-08,0.0472510973497018,4.7251097349701805,2.419722813767582,5.464935977347713e-06,3.556876633978019e-23,9.423241538204091e-21
Flexible bis-intercalator model,WT scenario,2.9286445646252374e-09,2.9284839702103987e-09,9.917956847159401e-08,0.0472517996781055,4.72517996781055,2.419759763530712,6.3716411540221365e-06,4.839006583435212e-23,9.43647642800494e-21
Flexible bis-intercalator model,WT scenario,3.414548873833601e-09,3.4143616346643977e-09,9.917955390983274e-08,0.04725261853109286,4.725261853109286,2.4198028437150647,7.428779476015206e-06,6.617444900424221e-23,9.449711317805788e-21
Flexible bis-intercalator model,WT scenario,3.981071705534969e-09,3.980853400924675e-09,9.917953693210171e-08,0.04725357324111889,4.725357324111889,2.4198530714182755,8.66130914164122e-06,9.016268676828002e-23,9.43647642800494e-21
Flexible bis-intercalator model,WT scenario,4.641588833612773e-09,4.641334309441257e-09,9.91795171375698e-08,0.04725468634793728,4.725468634793728,2.4199116324792387,1.0098328976594302e-05,1.224227306578481e-22,9.449711317805788e-21
Flexible bis-intercalator model,WT scenario,5.411695265464648e-09,5.411398512499183e-09,9.917949405890678e-08,0.04725598413065315,4.725598413065315,2.419979909471149,1.1773765316882669e-05,1.6543612251060553e-22,9.43647642800494e-21
Flexible bis-intercalator model,WT scenario,6.309573444801943e-09,6.309227456832548e-09,9.917946715125208e-08,0.04725749722802112,4.725749722802112,2.42005951433773,1.37271728171645e-05,2.2582030722697656e-22,9.449711317805788e-21
Flexible bis-intercalator model,WT scenario,7.356422544596422e-09,7.356019153037711e-09,9.917943577935345e-08,0.04725926136161833,4.725926136161833,2.4201523264425284,1.6004668072563946e-05,3.077111878697263e-22,9.449711317805788e-21
Flexible bis-intercalator model,WT scenario,8.576958985908947e-09,8.576488666965332e-09,9.917939920257291e-08,0.04726131817894673,4.7261318178946725,2.420260536928804,1.866001807089529e-05,4.1689902872672595e-22,9.449711317805788e-21
Flexible bis-intercalator model,WT scenario,1e-08,9.999451649844028e-09,9.917935655740594e-08,0.04726371623634211,4.726371623634211,2.420386700436118,2.1755909138416846e-05,5.67445900211377e-22,9.462946207606637e-21
Flexible bis-intercalator model,WT scenario,1.165914401179831e-08,1.165850468445762e-08,9.917930683710179e-08,0.04726651214485862,4.726651214485862,2.420533795393121,2.5365426290964793e-05,7.709323308994218e-22,9.449711317805788e-21
Flexible bis-intercalator model,WT scenario,1.3593563908785241e-08,1.3592818510554498e-08,9.917924886790485e-08,0.047269771906131984,4.726977190613199,2.4207052943078335,2.9573777852684614e-05,1.048865016717239e-21,9.462946207606637e-21
Flexible bis-intercalator model,WT scenario,1.5848931924611143e-08,1.5848062857780575e-08,9.917918128135647e-08,0.04727357246969068,4.727357246969068,2.4209052457120466,3.44803059718135e-05,1.4227506535912076e-21,9.476181097407485e-21
Flexible bis-intercalator model,WT scenario,1.8478497974222906e-08,1.8477484721720858e-08,9.917910248200553e-08,0.04727800354838859,4.727800354838859,2.421138369690526,4.020083038099753e-05,1.938911355824297e-21,9.476181097407485e-21
Flexible bis-intercalator model,WT scenario,2.1544346900318866e-08,2.154316554147394e-08,9.91790106097666e-08,0.04728316973469153,4.728316973469153,2.4214101692450023,4.687038057402311e-05,2.6370517928190522e-21,9.489415987208333e-21
Flexible bis-intercalator model,WT scenario,2.511886431509582e-08,2.5117486961102403e-08,9.917890349603983e-08,0.04728919296760746,4.728919296760746,2.4217270601148018,5.464638068219761e-05,3.580037691129504e-21,9.489415987208333e-21
Flexible bis-intercalator model,WT scenario,2.9286445646252374e-08,2.928483978203345e-08,9.917877861256024e-08,0.047296215408265084,4.729621540826509,2.4220965221091064,6.371236194143782e-05,4.870439446712227e-21,9.51588576681003e-21
Flexible bis-intercalator model,WT scenario,3.4145488738336004e-08,3.41436164552954e-08,9.917863301177309e-08,0.047304402791707646,4.7304402791707645,2.4225272755100002,7.428228998821636e-05,6.6240623453246456e-21,9.51588576681003e-21
Flexible bis-intercalator model,WT scenario,3.981071705534969e-08,3.980853415694086e-08,9.917846325733457e-08,0.047313948333595236,4.7313948333595235,2.4230294866925353,8.660560859003071e-05,8.999725064576941e-21,9.529120656610879e-21
Flexible bis-intercalator model,WT scenario,4.641588833612773e-08,4.6413343295155275e-08,9.917826534310533e-08,0.04732507728345113,4.732507728345113,2.4236150077910428,0.00010097311812904921,-1.0984958534704208e-20,9.555590436212576e-21
Flexible bis-intercalator model,WT scenario,5.411695265464637e-08,5.411398539787233e-08,9.917803459873659e-08,0.047338052231136254,4.733805223113626,2.424297656035673,0.00011772382659195372,-1.0435710607968997e-20,9.568825326013424e-21
Flexible bis-intercalator model,WT scenario,6.30957344480193e-08,6.309227493926501e-08,9.917776557963593e-08,0.04735317929072575,4.7353179290725755,2.425093539307306,0.00013725293340580063,-8.960020395174396e-21,9.582060215814273e-21
Flexible bis-intercalator model,WT scenario,7.356422544596421e-08,7.356019203461043e-08,9.917745193873706e-08,0.04737081530627775,4.737081530627775,2.426021435533325,0.00016002113270094793,-6.074814418589435e-21,9.621764885216818e-21
Flexible bis-intercalator model,WT scenario,8.576958985908945e-08,8.576488735507424e-08,9.9177086277076e-08,0.047391376247568597,4.73913762475686,2.427103234794979,0.0001865654530433452,-1.1249656330721176e-21,9.634999775017666e-21
Flexible bis-intercalator model,WT scenario,1e-07,9.999451743014304e-08,9.917665996968727e-08,0.04741534699122678,4.741534699122678,2.428364454466492,0.0002175118860196709,0.0,9.674704444420212e-21
Flexible bis-intercalator model,WT scenario,1.1659144011798311e-07,1.1658504811104463e-07,9.917616296276448e-08,0.047443292714405456,4.744329271440546,2.4298348393880396,0.00025359009702212405,0.0,9.714409113822757e-21
Flexible bis-intercalator model,WT scenario,1.3593563908785243e-07,1.3592818682705135e-07,9.917558353737263e-08,0.047475872164845306,4.747587216484531,2.4315490610247834,0.00029565055901359773,0.0,9.754113783225302e-21
Flexible bis-intercalator model,WT scenario,1.584893192461114e-07,1.5848063091782665e-07,9.917490803423563e-08,0.04751385311363378,4.751385311363378,2.433547531823076,0.0003446845049157243,-2.6469779601696886e-23,9.820288232229545e-21
Flexible bis-intercalator model,WT scenario,1.8478497974222906e-07,1.8477485039794116e-07,9.91741205332413e-08,0.04755813034599137,4.755813034599137,2.435877353588615,0.00040184715762575933,-2.6469779601696886e-23,9.873227791432938e-21
Flexible bis-intercalator model,WT scenario,2.1544346900318867e-07,2.1543165973818786e-07,9.917320248028665e-08,0.04760974660193461,4.760974660193461,2.438593421731428,0.00046848476973051546,0.0,9.952637130238029e-21
Flexible bis-intercalator model,WT scenario,2.5118864315095823e-07,2.511748754876547e-07,9.91721322529106e-08,0.04766991694368813,4.766991694368813,2.4417597107068945,0.0005461660890655979,-5.293955920339377e-23,1.0058516248644817e-20
Flexible bis-intercalator model,WT scenario,2.928644564625237e-07,2.9284840580801476e-07,9.917088465480911e-08,0.04774005710135535,4.774005710135535,2.4454507699944408,0.0006367189628017882,5.293955920339377e-23,1.0164395367051604e-20
Flexible bis-intercalator model,WT scenario,3.414548873833601e-07,3.414361754098615e-07,9.916943032777297e-08,0.047821816433776164,4.7821816433776165,2.4497534645658634,0.0007422729032626385,0.0,1.028350937525924e-20
Flexible bis-intercalator model,WT scenario,3.981071705534969e-07,3.9808535632591904e-07,9.916773506780895e-08,0.04791711623893181,4.791711623893181,2.4547689990786754,0.0008653085647916227,0.0,1.0429093163068573e-20
Flexible bis-intercalator model,WT scenario,4.6415888336127725e-07,4.641334530081373e-07,9.916575903017312e-08,0.04802819425892751,4.802819425892751,2.460615271065445,0.0010087152243109568,0.0,1.0614381620280451e-20
Flexible bis-intercalator model,WT scenario,5.411695265464637e-07,5.411398812379646e-07,9.916345580573385e-08,0.048157656349660787,4.815765634966079,2.4674296052587756,0.0011758575202952721,0.0,1.0812904967293178e-20
Flexible bis-intercalator model,WT scenario,6.30957344480193e-07,6.309227864400802e-07,9.916077134846786e-08,0.048308536425770765,4.830853642577076,2.475371928972163,0.0013706528870719328,0.0,1.105113298370845e-20
Flexible bis-intercalator model,WT scenario,7.356422544596422e-07,7.356019706947569e-07,9.915764273094899e-08,0.04848436594805118,4.8484365948051185,2.4846284572208104,0.001597661324622112,0.0,1.1342300559327115e-20
Flexible bis-intercalator model,WT scenario,8.576958985908945e-07,8.576489419735083e-07,9.915399670140421e-08,0.04868925439336532,4.868925439336532,2.495415966069158,0.0018621893687064614,0.0,1.1699642583950023e-20
Flexible bis-intercalator model,WT scenario,1e-06,9.99945267282362e-07,9.914974801227266e-08,0.04892798233556512,4.892798233556512,2.507986743561065,0.0021704103714605795,-2.117582368135751e-22,1.2109924167776325e-20
Flexible bis-intercalator model,WT scenario,1.1659144011798312e-06,1.1658506074571926e-06,9.914479748622421e-08,0.049206108968095255,4.920610896809525,2.5226343195073673,0.002529503466327311,0.0,1.2612849980208566e-20
Flexible bis-intercalator model,WT scenario,1.3593563908785242e-06,1.359282039945584e-06,9.913902978130433e-08,0.04953009611115366,4.953009611115366,2.5397000882885843,0.0029478138687720453,0.0,1.3208420021246746e-20
Flexible bis-intercalator model,WT scenario,1.584893192461114e-06,1.5848065424268198e-06,9.913231081234195e-08,0.049907450962210914,4.990745096221091,2.5595809524919204,0.003435037447873635,2.117582368135751e-22,1.394957385009426e-20
Flexible bis-intercalator model,WT scenario,1.8478497974222906e-06,1.8477488208588458e-06,9.912448478110482e-08,0.05034689005849054,5.034689005849054,2.582738129310178,0.004002432781262807,0.0,1.4849546356551953e-20
Flexible bis-intercalator model,WT scenario,2.1544346900318822e-06,2.154317027835621e-06,9.911537076310296e-08,0.050858527108867665,5.085852710886766,2.6097072756509148,0.004663064158397604,0.0,1.597451198962407e-20
Flexible bis-intercalator model,WT scenario,2.5118864315095823e-06,2.511749339544469e-06,9.910475879471357e-08,0.05145408749904278,5.145408749904278,2.641110101018969,0.005432079197737444,4.235164736271502e-22,1.735094052891231e-20
Flexible bis-intercalator model,WT scenario,2.9286445646252375e-06,2.9284848521052363e-06,9.909240540085184e-08,0.05214715234734284,5.2147152347342836,2.677667648241827,0.006327024853580035,0.0,1.9084711092823455e-20
Flexible bis-intercalator model,WT scenario,3.414548873833601e-06,3.4143628322801787e-06,9.907802850134202e-08,0.052953434946910675,5.295343494691068,2.7202154292848624,0.007368205554816318,0.0,2.1308172579365993e-20
Flexible bis-intercalator model,WT scenario,3.981071705534969e-06,3.980855027023994e-06,9.906130163428746e-08,0.053891092216019905,5.3891092216019905,2.769720604348818,0.00857908696800175,8.470329472543003e-22,2.4153673886548408e-20
Flexible bis-intercalator model,WT scenario,4.641588833612782e-06,4.641336516906592e-06,9.904184743818924e-08,0.0549810733152292,5.49810733152292,2.827301383860598,0.00998674831382403,8.470329472543003e-22,-2.2115500857217748e-20
Flexible bis-intercalator model,WT scenario,5.411695265464638e-06,5.411401508518096e-06,9.901923034329365e-08,0.05624750677800431,5.624750677800431,2.8942488104438393,0.01162238516185381,-8.470329472543003e-22,-1.7192121851302127e-20
Flexible bis-intercalator model,WT scenario,6.30957344480193e-06,6.309231522047404e-06,9.899294843689132e-08,0.05771812621056047,5.771812621056047,2.9720510355899927,0.013521863019309575,8.470329472543003e-22,-1.0548207171276209e-20
Flexible bis-intercalator model,WT scenario,7.356422544596406e-06,7.35602466736786e-06,9.896242449379898e-08,0.05942473268750301,5.942473268750301,3.062420136082009,0.01572631960955799,8.470329472543003e-22,-1.402898318889935e-21
Flexible bis-intercalator model,WT scenario,8.576958985908945e-06,8.576496144381554e-06,9.89269961990544e-08,0.06140368920171993,6.140368920171993,3.1673214084738497,0.01828281025238254,-1.6940658945086007e-21,0.0
Flexible bis-intercalator model,WT scenario,1e-05,9.999461785127752e-06,9.888590564529943e-08,0.06369643869048064,6.369643869048064,3.2890049243986814,0.021244985912706512,0.0,0.0
Flexible bis-intercalator model,WT scenario,1.165914401179831e-05,1.1658518415965557e-05,9.883828826277272e-08,0.0663500319910281,6.63500319910281,3.4300389108173923,0.024673786940300778,-1.6940658945086007e-21,0.0
Flexible bis-intercalator model,WT scenario,1.359356390878524e-05,1.3592837104296736e-05,9.878316144301826e-08,0.06941764530573274,6.941764530573274,3.593344221234197,0.028638126925331527,0.0,-1.3234889800848443e-23
Flexible bis-intercalator model,WT scenario,1.584893192461114e-05,1.5848088019787122e-05,9.871941325315769e-08,0.07295905812531646,7.295905812531646,3.782228768638933,0.033215530110395776,3.3881317890172014e-21,0.0
Flexible bis-intercalator model,WT scenario,1.8478497974222908e-05,1.8477518747811196e-05,9.864579181191879e-08,0.07704105189130603,7.704105189130603,4.000420280995335,0.03849267218673427,0.0,1.3234889800848443e-23
Flexible bis-intercalator model,WT scenario,2.1544346900318823e-05,2.1543211516263943e-05,9.856089611576337e-08,0.08173767695960214,8.173767695960214,4.252095101058099,0.044565758016563,3.3881317890172014e-21,1.3234889800848443e-23
Flexible bis-intercalator model,WT scenario,2.5118864315095822e-05,2.5117549021500687e-05,9.846316936491612e-08,0.08713032092573658,8.713032092573659,4.541899977441345,0.05154065117518784,0.0,0.0
Flexible bis-intercalator model,WT scenario,2.9286445646252374e-05,2.9284923464714246e-05,9.83508961410792e-08,0.09330749581105166,9.330749581105167,4.874962890995627,0.05953265006995826,3.3881317890172014e-21,0.0
Flexible bis-intercalator model,WT scenario,3.414548873833601e-05,3.414372915280155e-05,9.822220511881757e-08,0.10036424636440605,10.036424636440605,5.256887961512063,0.06866578546331428,0.0,0.0
Flexible bis-intercalator model,WT scenario,3.9810717055349695e-05,3.980868571324545e-05,9.807507932616076e-08,0.10840106905378225,10.840106905378224,5.693728452438903,0.07907149729721343,0.0,0.0
Flexible bis-intercalator model,WT scenario,4.641588833612782e-05,4.641354677874803e-05,9.79073762649992e-08,0.11752222450468142,11.752222450468143,6.191930953304745,0.09088653891214918,-6.776263578034403e-21,-1.3234889800848443e-23
Flexible bis-intercalator model,WT scenario,5.411695265464637e-05,5.411425809848449e-05,9.771686039540101e-08,0.12783332959216,12.783332959216,6.758243151382215,0.10424995961998818,6.776263578034403e-21,0.0
Flexible bis-intercalator model,WT scenario,6.309573444801929e-05,6.3092639643634e-05,9.750125049396125e-08,0.1394381344256692,13.94381344256692,7.399577457291333,0.1192990388636277,-1.3552527156068805e-20,0.0
Flexible bis-intercalator model,WT scenario,7.356422544596406e-05,7.356067864561035e-05,9.725828410779826e-08,0.15243442970086724,15.243442970086724,8.122823442666647,0.1361640940779678,0.0,0.0
Flexible bis-intercalator model,WT scenario,8.576958985908945e-05,8.57655349280391e-05,9.698580062465352e-08,0.16690909609964225,16.690909609964226,8.934603943823994,0.15496216609724467,0.0,1.3234889800848443e-23
Flexible bis-intercalator model,WT scenario,0.0001,9.999537670832616e-05,9.668184325617003e-08,0.18293240175751524,18.293240175751524,9.84097313438313,0.17578970363336593,0.0,0.0
Flexible bis-intercalator model,WT scenario,0.00011659144011798311,0.00011658618464851921,9.634477841666944e-08,0.20055177362821225,20.055177362821226,10.847060120247193,0.1987145191743721,0.0,2.6469779601696886e-23
Flexible bis-intercalator model,WT scenario,0.00013593563908785241,0.00013592968479093223,9.597342858701998e-08,0.21978540420804965,21.978540420804965,11.956668681879984,0.2237674611502315,0.0,7.940933880509066e-23
Flexible bis-intercalator model,WT scenario,0.00015848931924611142,0.00015848259766157308,9.556721192385241e-08,0.24061618859518236,24.061618859518237,13.17185232985846,0.2509344195200124,0.0,3.1763735522036263e-22
Flexible bis-intercalator model,WT scenario,0.00018478497974222906,0.00018477742189345548,9.512627891277139e-08,0.26298659266921326,26.298659266921327,14.49249300630409,0.2801494224387668,0.0,1.045556294267027e-21
Flexible bis-intercalator model,WT scenario,0.00021544346900318823,0.00021543500694681925,9.465163374307848e-08,0.28679510160268634,28.679510160268634,15.9159201790653,0.3112896532006965,2.710505431213761e-20,3.4543062380214436e-21
Flexible bis-intercalator model,WT scenario,0.0002511886431509582,0.00025117921174051106,9.414522639851035e-08,0.31189486178636316,31.189486178636315,17.4366129264263,0.34417318453331763,0.0,1.0971723644903359e-20
Flexible bis-intercalator model,WT scenario,0.00029286445646252375,0.0002928539952568068,9.361000133295395e-08,0.33809499247468094,33.809499247468096,19.046028940269537,0.3785600698456935,-5.421010862427522e-20,-1.581569331201389e-20
Flexible bis-intercalator model,WT scenario,0.0003414548873833601,0.0003414433426046308,9.30498905191046e-08,0.3651648089970472,36.51648089970472,20.732599543004333,0.4141571494867607,0.0,0.0
Flexible bis-intercalator model,WT scenario,0.0003981071705534969,0.0003980944969798472,9.246974280177146e-08,0.3928408932697464,39.284089326974645,22.48191803896349,0.4506265539922526,0.0,0.0
Flexible bis-intercalator model,WT scenario,0.0004641588833612782,0.0004641450460267837,9.187518759985368e-08,0.4208366161111467,42.08366161111467,24.27713055974673,0.48759747086639105,0.0,0.0
Flexible bis-intercalator model,WT scenario,0.0005411695265464637,0.0005411545021244225,9.127243833508087e-08,0.44885341684542446,44.885341684542446,26.09951610409425,0.5246803562083726,0.0,0.0
Flexible bis-intercalator model,WT scenario,0.000630957344480193,0.0006309411222408543,9.066804839563481e-08,0.4765929329286754,47.65929329286754,27.929219128359424,0.5614824846276241,0.0,0.0
Flexible bis-intercalator model,WT scenario,0.0007356422544596406,0.0007356248367234755,9.006863866529063e-08,0.5037689827401284,50.37689827401284,29.746077897430418,0.5976235884917185,-1.0842021724855044e-19,1.3234889800848443e-23
Flexible bis-intercalator model,WT scenario,0.0008576958985908946,0.0008576773006385974,8.948061949832682e-08,0.5301184493896794,53.01184493896795,31.530478676312722,0.6327503589214442,-1.0842021724855044e-19,0.0
Flexible bis-intercalator model,WT scenario,0.001,0.0009999802494459497,8.890993075029558e-08,0.5554102769711456,55.541027697114565,33.26416231920708,0.6665487528995939,0.0,0.0
Flexible bis-intercalator model,WT scenario,0.0011659144011798312,0.0011658935368605355,8.836182095096e-08,0.5794520375684173,57.945203756841735,34.93091657967723,0.6987533353762931,2.168404344971009e-19,1.3234889800848443e-23
Flexible bis-intercalator model,WT scenario,0.0013593563908785241,0.0013593344613455466,8.784068143727895e-08,0.6020938122158561,60.20938122158561,36.51710312763116,0.7291532308379011,0.0,1.3234889800848443e-23
Flexible bis-intercalator model,WT scenario,0.001584893192461114,0.001584870254194373,8.734994426667862e-08,0.6232294074792503,62.322940747925024,38.01198972787647,0.7575946122117312,-2.168404344971009e-19,6.617444900424221e-23
Flexible bis-intercalator model,WT scenario,0.0018478497974222907,0.0018478259128917652,8.689204526765959e-08,0.6427951656051705,64.27951656051705,39.40788133710061,0.7839799703215287,-2.168404344971009e-19,1.1911400820763599e-22
Flexible bis-intercalator model,WT scenario,0.002154434690031882,0.002154409925733528,8.646844686947676e-08,0.6607667973507125,66.07667973507125,40.70006511940683,0.80826465136628,-4.336808689942018e-19,2.3822801641527197e-22
Flexible bis-intercalator model,WT scenario,0.002511886431509577,0.0025118608560867305,8.607971029642598e-08,0.6771547633264298,67.71547633264298,41.886600589738684,0.8304513051560787,0.0,4.499862532288471e-22
Flexible bis-intercalator model,WT scenario,0.0029286445646252374,0.002928618247163642,8.572560378143106e-08,0.6919987546697516,69.19987546697516,42.96799569743396,0.8505829500626773,0.0,7.676236084492097e-22
Flexible bis-intercalator model,WT scenario,0.003414548873833601,0.0034145218823907484,8.540523265659613e-08,0.7053617888678337,70.53617888678338,43.94681255223144,0.8687353415063468,4.336808689942018e-19,1.2308447514789052e-21
Flexible bis-intercalator model,WT scenario,0.003981071705534969,0.003981044105936761,8.5117178161461e-08,0.7173243587189202,71.73243587189202,44.82724373701013,0.8850092480838408,0.0,1.879354351720479e-21
Flexible bis-intercalator model,WT scenario,0.004641588833612782,0.004641560688525819,8.485963401226361e-08,0.7279789706184331,72.79789706184332,45.614693488340905,0.8995231165401398,0.0,2.752857078576476e-21
Flexible bis-intercalator model,WT scenario,0.0054116952654646375,0.0054116666337327,8.46305325905869e-08,0.7374252999738679,73.74252999738678,46.315389364897264,0.9124064671980052,0.0,3.8116482626443515e-21
Flexible bis-intercalator model,WT scenario,0.00630957344480193,0.006309544381021274,8.44276555085871e-08,0.7457660903070873,74.57660903070872,46.93604103601269,0.923794225130098,-8.673617379884035e-19,5.082197683525802e-21
Flexible bis-intercalator model,WT scenario,0.007356422544596406,0.007356393098896185,8.424872590973036e-08,0.7531038374847923,75.31038374847923,47.48355471768863,0.9338220734913503,0.0,6.538035561619131e-21
Flexible bis-intercalator model,WT scenario,0.008576958985908946,0.008576929203899583,8.409148195247978e-08,0.7595382358337853,75.95382358337854,47.9648052528692,0.9426228218975452,0.0,8.112987447920095e-21
Flexible bis-intercalator model,WT scenario,0.01,0.009999969922852592,8.395373242708552e-08,0.7651643190885898,76.51643190885899,48.386463115823695,0.9503237167976795,0.0,9.807053342428696e-21
Flexible bis-intercalator model,mutant scenario,0.0,0.0,9.924116854969482e-08,0.016271068122609228,1.627106812260923,2.4209643802149414,0.0,0.0,4.5263323118901674e-21
Flexible bis-intercalator model,mutant scenario,1e-10,9.999492929463014e-11,9.924116588671482e-08,0.016271067709804226,1.6271067709804226,2.420973259567,1.0273050710458104e-08,3.877409121342317e-26,4.539567201691016e-21
Flexible bis-intercalator model,mutant scenario,1.165914401179831e-10,1.1658552810974666e-10,9.924116544488818e-08,0.01627106764131394,1.6271067641313939,2.4209747327790465,1.1977497746890436e-08,5.169878828456423e-26,4.5263323118901674e-21
Flexible bis-intercalator model,mutant scenario,1.3593563908785242e-10,1.359287461925522e-10,9.924116492975619e-08,0.016271067561460153,1.6271067561460153,2.420976450418068,1.396473708535435e-08,7.754818242684634e-26,4.539567201691016e-21
Flexible bis-intercalator model,mutant scenario,1.584893192461111e-10,1.5848128272054445e-10,9.924116432915642e-08,0.016271067468357457,1.6271067468357456,2.4209784530379763,1.6281688038654517e-08,1.2924697071141057e-25,4.5263323118901674e-21
Flexible bis-intercalator model,mutant scenario,1.8478497974222944e-10,1.84775609841784e-10,9.924116362890857e-08,0.016271067359807715,1.6271067359807716,2.4209807879211467,1.8983054508332903e-08,1.550963648536927e-25,4.539567201691016e-21
Flexible bis-intercalator model,mutant scenario,2.1544346900318867e-10,2.1543254450193092e-10,9.92411628124796e-08,0.016271067233248004,1.6271067233248004,2.4209835101947594,2.2132616559705604e-08,2.3264454728053903e-25,4.5263323118901674e-21
Flexible bis-intercalator model,mutant scenario,2.511886431509582e-10,2.511759061184442e-10,9.924116186059344e-08,0.01627106708569025,1.627106708569025,2.42098668413236,2.5804736287676632e-08,2.5849394142282115e-25,4.5263323118901674e-21
Flexible bis-intercalator model,mutant scenario,2.928644564625237e-10,2.9284960617401313e-10,9.924116075077583e-08,0.016271066913650555,1.6271066913650556,2.420990384671361,3.0086113527208694e-08,4.1359030627651384e-25,4.539567201691016e-21
Flexible bis-intercalator model,mutant scenario,3.414548873833601e-10,3.414375732196542e-10,9.92411594568237e-08,0.016271066713067037,1.6271066713067037,2.420994699182321,3.507783286121897e-08,5.686866711302065e-25,4.539567201691016e-21
Flexible bis-intercalator model,mutant scenario,3.9810717055349694e-10,3.980869837227681e-10,9.92411579481866e-08,0.016271066479203875,1.6271066479203875,2.4209997295317547,4.089775025625589e-08,7.237830359838992e-25,4.539567201691016e-21
Flexible bis-intercalator model,mutant scenario,4.6415888336127727e-10,4.6413534724744404e-10,9.924115618924528e-08,0.016271066206539515,1.6271066206539515,2.4210055944872084,4.768327567498547e-08,9.822769774067204e-25,4.5263323118901674e-21
Flexible bis-intercalator model,mutant scenario,5.411695265464626e-10,5.411420854562405e-10,9.924115413847085e-08,0.016271065888636298,1.6271065888636298,2.421012432521338,5.5594617363592846e-08,1.34416849539867e-24,4.5263323118901674e-21
Flexible bis-intercalator model,mutant scenario,6.309573444801942e-10,6.309253505231455e-10,9.924115174744419e-08,0.016271065517988483,1.6271065517988483,2.421020405081227,6.481856441241067e-08,1.8611563782443123e-24,4.539567201691016e-21
Flexible bis-intercalator model,mutant scenario,7.356422544596422e-10,7.356049522514713e-10,9.92411489597128e-08,0.016271065085845027,1.6271065085845027,2.4210297004001116,7.557289689677487e-08,2.5849394142282115e-24,4.5263323118901674e-21
Flexible bis-intercalator model,mutant scenario,8.576958985908946e-10,8.576524074188478e-10,9.924114570945807e-08,0.016271064582002975,1.6271064582002976,2.421040537941498,8.811152772233141e-08,3.412120026781239e-24,4.5263323118901674e-21
Flexible bis-intercalator model,mutant scenario,1e-09,9.999492930293118e-10,9.924114191994122e-08,0.016271063994566588,1.6271063994566588,2.4210531735805985,1.0273049757457975e-07,4.756288522179909e-24,4.539567201691016e-21
Flexible bis-intercalator model,mutant scenario,1.1659144011798312e-09,1.1658552812103073e-09,9.924113750169158e-08,0.016271063309666458,1.6271063309666458,2.421067905645391,1.1977496451423646e-07,6.4106497472859645e-24,4.539567201691016e-21
Flexible bis-intercalator model,mutant scenario,1.3593563908785241e-09,1.3592874620789123e-09,9.924113235039429e-08,0.016271062511132098,1.6271062511132097,2.4210850819599243,1.3964735324353324e-07,8.68539643180679e-24,4.539567201691016e-21
Flexible bis-intercalator model,mutant scenario,1.584893192461111e-09,1.5848128274139563e-09,9.924112634442747e-08,0.016271061580110185,1.6271061580110184,2.4211051080561337,1.6281685644826593e-07,1.1580528575742387e-23,4.539567201691016e-21
Flexible bis-intercalator model,mutant scenario,1.847849797422287e-09,1.8477560987012746e-09,9.924111934199088e-08,0.016271060494619377,1.6271060494619376,2.421128456747989,1.8983051254267638e-07,1.5923226791645783e-23,4.513097422089319e-21
Flexible bis-intercalator model,mutant scenario,2.1544346900318866e-09,2.1543254454046074e-09,9.924111117775826e-08,0.016271059229031454,1.6271059229031455,2.4211556792940163,2.2132612136271462e-07,2.150669592637872e-23,4.5263323118901674e-21
Flexible bis-intercalator model,mutant scenario,2.511886431509582e-09,2.5117590617082003e-09,9.924110165897411e-08,0.016271057753466232,1.6271057753466232,2.4211874184116065,2.580473027465343e-07,2.9778502051908996e-23,4.5263323118901674e-21
Flexible bis-intercalator model,mutant scenario,2.9286445646252374e-09,2.9284960624521043e-09,9.924109056090325e-08,0.016271056033086147,1.6271056033086146,2.421224423450342,3.008610535336757e-07,4.011825970882184e-23,4.5263323118901674e-21
Flexible bis-intercalator model,mutant scenario,3.414548873833601e-09,3.414375733164366e-09,9.924107762152526e-08,0.016271054027273846,1.6271054027273846,2.4212675680824187,3.5077821750056467e-07,5.459392042849983e-23,4.539567201691016e-21
Flexible bis-intercalator model,mutant scenario,3.981071705534969e-09,3.980869838543296e-09,9.924106253534888e-08,0.016271051688673314,1.6271051688673315,2.4213178709276577,4.089773515222713e-07,7.444625512977249e-23,4.5263323118901674e-21
Flexible bis-intercalator model,mutant scenario,4.641588833612773e-09,4.64135347426283e-09,9.924104494620044e-08,0.016271048962071967,1.6271048962071968,2.421376519599827,4.7683255143229116e-07,1.017432153440224e-22,4.539567201691016e-21
Flexible bis-intercalator model,mutant scenario,5.411695265464648e-09,5.411420856993481e-09,9.924102443881584e-08,0.01627104578309727,1.6271045783097269,2.421444898741671,5.559458945362144e-07,1.373119816838026e-22,4.539567201691016e-21
Flexible bis-intercalator model,mutant scenario,6.309573444801943e-09,6.309253508536117e-09,9.924100052903811e-08,0.01627104207669725,1.6271042076697249,2.4215246227100855,6.481852647281647e-07,1.8611563782443123e-22,4.539567201691016e-21
Flexible bis-intercalator model,mutant scenario,7.356422544596422e-09,7.356049527006916e-09,9.924097265238902e-08,0.016271037755368863,1.6271037755368862,2.4216175736825396,7.557284532335151e-07,2.5311726744122647e-22,4.5263323118901674e-21
Flexible bis-intercalator model,mutant scenario,8.576958985908947e-09,8.576524080294966e-09,9.924094015074528e-08,0.016271032717092695,1.6271032717092695,2.4217259460835585,8.811145761567908e-07,3.441071348220595e-22,4.539567201691016e-21
Flexible bis-intercalator model,mutant scenario,1e-08,9.999492938593985e-09,9.924090225680497e-08,0.016271026842924984,1.6271026842924985,2.421852298379046,1.0273040227467015e-06,4.681842267050137e-22,4.539567201691016e-21
Flexible bis-intercalator model,mutant scenario,1.165914401179831e-08,1.165855282338687e-08,9.924085807597824e-08,0.016271019994190426,1.6271019994190425,2.4219996134597297,1.1977483496772119e-06,6.352747104407253e-22,4.552802091491864e-21
Flexible bis-intercalator model,mutant scenario,1.3593563908785241e-08,1.3592874636127761e-08,9.924080656527495e-08,0.016271012009209496,1.6271012009209496,2.422171369037257,1.396471771436909e-06,8.65230920730467e-22,4.552802091491864e-21
Flexible bis-intercalator model,mutant scenario,1.5848931924611143e-08,1.584812829499017e-08,9.924074650869196e-08,0.016271002699483172,1.6271002699483172,2.4223716197120524,1.6281661706588515e-06,1.1745964698252993e-21,4.552802091491864e-21
Flexible bis-intercalator model,mutant scenario,1.8478497974222906e-08,1.8477561015355983e-08,9.924067648852006e-08,0.016270991845245098,1.6270991845245097,2.4226050926466467,1.8983018713681017e-06,1.5981129434524495e-21,4.539567201691016e-21
Flexible bis-intercalator model,mutant scenario,2.1544346900318866e-08,2.154325449257433e-08,9.924059485189463e-08,0.016270979190276615,1.6270979190276615,2.422877299097896,2.213256790203336e-06,2.1705219273391446e-21,4.552802091491864e-21
Flexible bis-intercalator model,mutant scenario,2.511886431509582e-08,2.511759066945522e-08,9.92404996718026e-08,0.01627096443586235,1.627096443586235,2.4231946644340554,2.5804670144585045e-06,2.9480717031389906e-21,4.539567201691016e-21
Flexible bis-intercalator model,mutant scenario,2.9286445646252374e-08,2.9284960695714278e-08,9.924038870162812e-08,0.016270947233744337,1.6270947233744337,2.4235646796964705,3.0086023615215867e-06,4.010171609657078e-21,4.552802091491864e-21
Flexible bis-intercalator model,mutant scenario,3.4145488738336004e-08,3.414375742841961e-08,9.924025932216755e-08,0.0162709271779089,1.62709271779089,2.4239960782706556,3.507771063884261e-06,5.4527745979495584e-21,4.566036981292713e-21
Flexible bis-intercalator model,mutant scenario,3.981071705534969e-08,3.980869851698437e-08,9.924010847986868e-08,0.016270903795013156,1.6270903795013156,2.424499041819582,4.0897584112591525e-06,7.404920843574704e-21,4.579271871093561e-21
Flexible bis-intercalator model,mutant scenario,4.641588833612773e-08,4.6413534921450984e-08,9.923993261484327e-08,0.016270876533226536,1.6270876533226537,2.425085440316186,4.768304982669853e-06,1.0071751138445665e-20,4.579271871093561e-21
Flexible bis-intercalator model,mutant scenario,5.411695265464637e-08,5.411420881298736e-08,9.923972757696367e-08,0.016270844749225293,1.6270844749225293,2.425769111808194,5.559431035551443e-06,-1.3373856143757351e-20,4.59250676089441e-21
Flexible bis-intercalator model,mutant scenario,6.30957344480193e-08,6.309253541575506e-08,9.923948852807625e-08,0.016270807693035266,1.6270807693035265,2.426566188474231,6.4818147079436705e-06,-1.2930487335428929e-20,4.59250676089441e-21
Flexible bis-intercalator model,mutant scenario,7.356422544596421e-08,7.356049571918832e-08,9.923920982804195e-08,0.016270764490368045,1.6270764490368044,2.4274954766063983,7.5572329593192815e-06,-1.14746494573356e-20,4.605741650695258e-21
Flexible bis-intercalator model,mutant scenario,8.576958985908945e-08,8.576524141345367e-08,9.9238884901939e-08,0.016270714122037528,1.6270714122037528,2.4285788994052004,8.811075655562982e-06,-8.4967992521447e-21,4.632211430296955e-21
Flexible bis-intercalator model,mutant scenario,1e-07,9.999493021581514e-08,9.923850608532721e-08,0.01627065539997655,1.627065539997655,2.4298420129248806,1.0272944928585376e-05,-3.255782891008717e-21,4.632211430296955e-21
Flexible bis-intercalator model,mutant scenario,1.1659144011798311e-07,1.1658552936192897e-07,9.92380644439683e-08,0.016270586939294927,1.6270586939294926,2.4313146071926,1.1977353951887653e-05,0.0,4.6719160996995e-21
Flexible bis-intercalator model,mutant scenario,1.3593563908785243e-07,1.3592874789464947e-07,9.923754956380948e-08,0.01627050712572928,1.627050712572928,2.433031406479138,1.396454161711278e-05,0.0,4.685150989500349e-21
Flexible bis-intercalator model,mutant scenario,1.584893192461114e-07,1.5848128503419893e-07,9.923694930636044e-08,0.01627041407773049,1.6270414077730488,2.435032884962679,1.6281422328307985e-05,0.0,4.711620769102046e-21
Flexible bis-intercalator model,mutant scenario,1.8478497974222906e-07,1.8477561298670157e-07,9.923624952380599e-08,0.01627030560231224,1.627030560231224,2.437366216647072,1.8982693314316127e-05,-2.6469779601696886e-23,4.7380905487037425e-21
Flexible bis-intercalator model,mutant scenario,2.1544346900318867e-07,2.1543254877673757e-07,9.92354337272904e-08,0.01627017914364439,1.627017914364439,2.4400863814236065,2.2132125569960453e-05,-2.6469779601696886e-23,4.777795218106288e-21
Flexible bis-intercalator model,mutant scenario,2.5118864315095823e-07,2.5117591192902165e-07,9.923448270076071e-08,0.016270031723212258,1.627003172321226,2.4432574526589383,2.5804068860243488e-05,0.0,4.817499887508833e-21
Flexible bis-intercalator model,mutant scenario,2.928644564625237e-07,2.9284961407201157e-07,9.923337405154977e-08,0.016269859870176737,1.6269859870176737,2.4469540957158054,3.0085206259606072e-05,0.0,4.870439446712227e-21
Flexible bis-intercalator model,mutant scenario,3.414548873833601e-07,3.4143758395482354e-07,9.923208168749285e-08,0.01626965954035554,1.626965954035554,2.45126331143788,3.507659956777292e-05,0.0,4.923379005915621e-21
Flexible bis-intercalator model,mutant scenario,3.981071705534969e-07,3.980869983140643e-07,9.923057520878152e-08,0.016269426022000554,1.6269426022000555,2.4562864639315842,4.089607378133712e-05,0.0,5.0027883447207114e-21
Flexible bis-intercalator model,mutant scenario,4.6415888336127725e-07,4.641353670796415e-07,9.922881920094172e-08,0.016269153826265644,1.6269153826265643,2.4621416380361016,4.7680996764587174e-05,0.0,5.082197683525802e-21
Flexible bis-intercalator model,mutant scenario,5.411695265464637e-07,5.411421124111871e-07,9.922677241325422e-08,0.01626883655994044,1.626883655994044,2.468966378770247,5.5591519538323424e-05,1.0587911840678754e-22,5.174841912131741e-21
Flexible bis-intercalator model,mutant scenario,6.30957344480193e-07,6.309253871580591e-07,9.922438680459129e-08,0.016268466777664352,1.6268466777664352,2.476920872862209,6.481435340526736e-05,0.0,5.280721030538529e-21
Flexible bis-intercalator model,mutant scenario,7.356422544596422e-07,7.356050020411389e-07,9.922160643600089e-08,0.016268035810428683,1.6268035810428683,2.486191641278874,7.556717270296959e-05,0.0,5.413069928547013e-21
Flexible bis-intercalator model,mutant scenario,8.576958985908945e-07,8.576524750845322e-07,9.921836618641185e-08,0.016267533566720203,1.6267533566720203,2.496995821534283,8.810374660696915e-05,1.0587911840678754e-22,5.5718886061571944e-21
Flexible bis-intercalator model,mutant scenario,1e-06,9.999493849854016e-07,9.921459026455047e-08,0.016266948302156345,1.6266948302156345,2.5095861295033304,0.00010271992043061296,0.0,5.7836468429707695e-21
Flexible bis-intercalator model,mutant scenario,1.1659144011798312e-06,1.1658554061707156e-06,9.921019048655456e-08,0.01626626635291121,1.626626635291121,2.5242566024854427,0.0001197605866673647,0.0,6.0218748593860415e-21
Flexible bis-intercalator model,mutant scenario,1.3593563908785242e-06,1.3592876318802002e-06,9.92050642848685e-08,0.016265471827636734,1.6265471827636733,2.5413492382750777,0.00013962780903972117,0.0,6.299807545203859e-21
Flexible bis-intercalator model,mutant scenario,1.584893192461114e-06,1.5848130581323813e-06,9.919909240985548e-08,0.016264546251954767,1.6264546251954768,2.561261658824174,0.0001627902895663415,0.0,6.643914680025918e-21
Flexible bis-intercalator model,mutant scenario,1.8478497974222906e-06,1.847756412168275e-06,9.919213628126728e-08,0.016263468158948274,1.6263468158948275,2.58445594140627,0.0001897943997222052,0.0,7.05419626385222e-21
Flexible bis-intercalator model,mutant scenario,2.1544346900318822e-06,2.15432587126221e-06,9.918403494242307e-08,0.016262212618440915,1.6262212618440914,2.611468774492085,0.00022127703281789839,0.0,7.583591855886158e-21
Flexible bis-intercalator model,mutant scenario,2.5118864315095823e-06,2.511759640195669e-06,9.917460156590715e-08,0.01626075069726149,1.626075069726149,2.64292310902179,0.00025798057653169765,0.0,8.218866566326883e-21
Flexible bis-intercalator model,mutant scenario,2.9286445646252375e-06,2.9284968481822243e-06,9.916361945615577e-08,0.016259048842202473,1.6259048842202473,2.679541487229536,0.0003007703529665513,0.0,9.039429733979486e-21
Flexible bis-intercalator model,mutant scenario,3.414548873833601e-06,3.4143768002383754e-06,9.915083749197163e-08,0.016257068177081765,1.6257068177081766,2.7221612389476024,0.0003506549296642346,0.0,1.0071751138445665e-20
Flexible bis-intercalator model,mutant scenario,3.981071705534969e-06,3.98087128747478e-06,9.913596495149503e-08,0.016254763705319867,1.6254763705319868,2.7717517370190863,0.00040880976980726556,0.0,1.139524011853051e-20
Flexible bis-intercalator model,mutant scenario,4.641588833612782e-06,4.64135544134394e-06,9.911866566444666e-08,0.016252083409908014,1.6252083409908014,2.8294338958220977,0.0004766047646245897,8.470329472543003e-22,1.3115775792640807e-20
Flexible bis-intercalator model,mutant scenario,5.411695265464638e-06,5.411423526954796e-06,9.909855144285854e-08,0.016248967243780416,1.6248967243780417,2.8965020755643103,0.0005556362771743458,0.0,1.5405411728187587e-20
Flexible bis-intercalator model,mutant scenario,6.30957344480193e-06,6.309257131642675e-06,9.907517475376751e-08,0.016245346005695334,1.6245346005695334,2.9744485141318373,0.0006477644257244164,0.0,1.8462671272183578e-20
Flexible bis-intercalator model,mutant scenario,7.356422544596406e-06,7.3560544421196784e-06,9.904802061772609e-08,0.016241140100141386,1.6241140100141387,3.0649903403210685,0.0007551564485285427,0.0,2.269783600845508e-20
Flexible bis-intercalator model,mutant scenario,8.576958985908945e-06,8.576530745940772e-06,9.901649774831579e-08,0.016236258184971666,1.6236258184971666,3.1700991176429043,0.0008803371216384981,1.6940658945086007e-21,-2.1387581918171084e-20
Flexible bis-intercalator model,mutant scenario,1e-05,9.999501974764202e-06,9.89799289941517e-08,0.016230595718076987,1.6230595718076988,3.292032714664049,0.001026247349287646,0.0,-1.2930487335428929e-20
Flexible bis-intercalator model,mutant scenario,1.165914401179831e-05,1.1658565067675518e-05,9.893754120865767e-08,0.01622403342484397,1.622403342484397,3.43336908164051,0.0011963122140919405,-1.6940658945086007e-21,-4.896909226313924e-22
Flexible bis-intercalator model,mutant scenario,1.359356390878524e-05,1.3592891218982142e-05,9.888845476329402e-08,0.01621643572287348,1.6216435722873481,3.5970412175340645,0.0013945199634679455,1.6940658945086007e-21,0.0
Flexible bis-intercalator model,mutant scenario,1.584893192461114e-05,1.584815074035548e-05,9.883167303626974e-08,0.016207649159349906,1.6207649159349906,3.7863722180385606,0.001625513620584662,0.0,1.3234889800848443e-23
Flexible bis-intercalator model,mutant scenario,1.8478497974222908e-05,1.8477591374936447e-05,9.87660723623321e-08,0.016197500941366794,1.6197500941366794,4.005108785950511,0.0018946971436155965,0.0,0.0
Flexible bis-intercalator model,mutant scenario,2.1544346900318823e-05,2.154329552440805e-05,9.869039312130507e-08,0.01618579767063892,1.6185797670638922,4.2574509445121205,0.0022083583159062154,0.0,-1.3234889800848443e-23
Flexible bis-intercalator model,mutant scenario,2.5118864315095822e-05,2.511764607462057e-05,9.860323287693772e-08,0.01617232443189809,1.6172324431898089,4.548074913994934,0.002573810830393089,0.0,0.0
Flexible bis-intercalator model,mutant scenario,2.9286445646252374e-05,2.9285035430867795e-05,9.850304275187856e-08,0.016156844428653117,1.6156844428653117,4.882145197547127,0.0029995583306070303,0.0,1.3234889800848443e-23
Flexible bis-intercalator model,mutant scenario,3.414548873833601e-05,3.414385811662372e-05,9.838812853014307e-08,0.016139099409444385,1.6139099409444384,5.265310903460139,0.0034954834812675824,0.0,0.0
Flexible bis-intercalator model,mutant scenario,3.9810717055349695e-05,3.98088339850007e-05,9.825665829587525e-08,0.01611881117913165,1.6118811179131651,5.703680272554959,0.004073065452986272,0.0,0.0
Flexible bis-intercalator model,mutant scenario,4.641588833612782e-05,4.641371689839774e-05,9.810667871201479e-08,0.01609568453759025,1.609568453759025,6.203766396366742,0.004745629501182234,6.776263578034403e-21,0.0
Flexible bis-intercalator model,mutant scenario,5.411695265464637e-05,5.4114452832967674e-05,9.79361422609645e-08,0.016069412023837538,1.6069412023837537,6.772396383292778,0.005528632574104241,0.0,1.3234889800848443e-23
Flexible bis-intercalator model,mutant scenario,6.309573444801929e-05,6.309286197538876e-05,9.774294783569121e-08,0.01603968085489028,1.6039680854890281,7.416576008663359,0.006439989063012752,0.0,0.0
Flexible bis-intercalator model,mutant scenario,7.356422544596406e-05,7.356093175031584e-05,9.752499688642307e-08,0.016006182419885183,1.6006182419885182,8.14330249579054,0.007500440858657526,0.0,0.0
Flexible bis-intercalator model,mutant scenario,8.576958985908945e-05,8.576582213969358e-05,9.72802667827122e-08,0.015968624603038276,1.5968624603038277,8.959319893605738,0.008733975732567099,0.0,0.0
Flexible bis-intercalator model,mutant scenario,0.0001,9.999570147015187e-05,9.700690203141872e-08,0.015926747045788683,1.5926747045788683,9.870814914965683,0.010168297624958404,0.0,0.0
Flexible bis-intercalator model,mutant scenario,0.00011659144011798311,0.00011658655044883942,9.670332241471875e-08,0.015880339205316757,1.5880339205316756,10.883056356235429,0.011835351567533047,0.0,1.3234889800848443e-23
Flexible bis-intercalator model,mutant scenario,0.00013593563908785241,0.00013593009508410347,9.636834496234769e-08,0.015829260720542332,1.5829260720542333,11.99998838737078,0.013771904534509993,0.0,1.3234889800848443e-23
Flexible bis-intercalator model,mutant scenario,0.00015848931924611142,0.0001584830557752272,9.600131404543628e-08,0.015773463172624437,1.5773463172624438,13.22379676072851,0.01602018128785163,-2.710505431213761e-20,7.940933880509066e-23
Flexible bis-intercalator model,mutant scenario,0.00018478497974222906,0.00018477793092460168,9.560223102507713e-08,0.01571301186426245,1.571301186426245,14.554476503982098,0.018628550998020122,2.710505431213761e-20,2.9116757561866574e-22
Flexible bis-intercalator model,mutant scenario,0.00021544346900318823,0.00021543556965060909,9.517187222719053e-08,0.01564810580737531,1.5648105807375312,15.98943853731883,0.021652255756808975,2.710505431213761e-20,9.26442286059391e-22
Flexible bis-intercalator model,mutant scenario,0.0002511886431509582,0.0002511798304164819,9.471188211004642e-08,0.015579093791738123,1.5579093791738123,17.523199007910442,0.02515416567372005,0.0,3.0307897643942934e-21
Flexible bis-intercalator model,mutant scenario,0.00029286445646252375,0.0002928546716380073,9.422482796315937e-08,0.015506484307026397,1.5506484307026396,19.147196894120196,0.029205536636110557,0.0,9.489415987208333e-21
Flexible bis-intercalator model,mutant scenario,0.0003414548873833601,0.00034144407775508036,9.371420386029684e-08,0.01543094729295476,1.543094729295476,20.849780816987582,0.0338867355729539,-5.421010862427522e-20,-2.0964065444543933e-20
Flexible bis-intercalator model,mutant scenario,0.0003981071705534969,0.0003980952912052772,9.318437515609009e-08,0.015353306240529229,1.535330624052923,22.616394104762858,0.03928788378822572,0.0,0.0
Flexible bis-intercalator model,mutant scenario,0.0004641588833612782,0.00046414589880266306,9.264046041467673e-08,0.015274520038392482,1.527452003839248,24.429968484154937,0.045509351352157286,0.0,0.0
Flexible bis-intercalator model,mutant scenario,0.0005411695265464637,0.0005411554120440904,9.208815465281928e-08,0.01519565505068992,1.519565505068992,26.27151345693114,0.05266201466934572,0.0,0.0
Flexible bis-intercalator model,mutant scenario,0.000630957344480193,0.0006309420869853946,9.153350509218218e-08,0.015117849055443928,1.5117849055443928,28.12086403235643,0.06086716569450421,1.0842021724855044e-19,0.0
Flexible bis-intercalator model,mutant scenario,0.0007356422544596406,0.0007356258530539721,9.098265695649913e-08,0.0150422696600581,1.50422696600581,29.95752834726919,0.07025593614558222,0.0,0.0
Flexible bis-intercalator model,mutant scenario,0.0008576958985908946,0.0008576783644107058,9.044159099605233e-08,0.014970070449646308,1.4970070449646309,31.76156287682792,0.08096807593294902,-1.0842021724855044e-19,0.0
Flexible bis-intercalator model,mutant scenario,0.001,0.0009999813556463015,8.991587554906276e-08,0.014902348286107838,1.4902348286107838,33.51439918121672,0.0931499058979166,0.0,0.0
Flexible bis-intercalator model,mutant scenario,0.0011659144011798312,0.0011658946796642808,8.941045383835282e-08,0.014840104832569874,1.4840104832569874,35.19955317327345,0.10695125674471963,0.0,0.0
Flexible bis-intercalator model,mutant scenario,0.0013593563908785241,0.0013593356341942283,8.892948229879385e-08,0.014784214610148144,1.4784214610148143,36.80316423995283,0.12252121669329057,2.168404344971009e-19,0.0
Flexible bis-intercalator model,mutant scenario,0.001584893192461114,0.0015848714498932228,8.847622902058544e-08,0.01473540087228315,1.4735400872283149,38.31433392556664,0.14000254951382235,2.168404344971009e-19,0.0
Flexible bis-intercalator model,mutant scenario,0.0018478497974222907,0.0018478271237253718,8.805303413402768e-08,0.014694219522300532,1.4694219522300533,39.72525808975913,0.15952472247728916,0.0,2.6469779601696886e-23
Flexible bis-intercalator model,mutant scenario,0.002154434690031882,0.0021544111435986032,8.766132737597778e-08,0.014661050411262167,1.4661050411262166,41.0311684106658,0.18119560905467988,0.0,5.293955920339377e-23
Flexible bis-intercalator model,mutant scenario,0.002511886431509577,0.0025118620726403743,8.730169309010851e-08,0.01463609479008291,1.463609479008291,42.230115734371324,0.20509210761651536,0.0,7.940933880509066e-23
Flexible bis-intercalator model,mutant scenario,0.0029286445646252374,0.0029286194539850058,8.697396999777642e-08,0.01461937752186702,1.4619377521867019,43.32263749059989,0.2312501391614835,4.336808689942018e-19,1.3234889800848443e-22
Flexible bis-intercalator model,mutant scenario,0.003414548873833601,0.003414523071153245,8.667737224821992e-08,0.014610752863438822,1.461075286343882,44.31135415351139,0.2596547343998194,0.0,2.2499312661442353e-22
Flexible bis-intercalator model,mutant scenario,0.003981071705534969,0.003981045268586932,8.641061916828712e-08,0.014609913092972548,1.4609913092972548,45.20053668509094,0.29023115637680497,0.0,3.441071348220595e-22
Flexible bis-intercalator model,mutant scenario,0.004641588833612782,0.004641561817463622,8.617206323132718e-08,0.01461639983195918,1.4616399831959181,45.995679896698036,0.32283817614416793,0.0,5.029258124322408e-22
Flexible bis-intercalator model,mutant scenario,0.0054116952654646375,0.0054116677219865125,8.595980845781939e-08,0.014629618403736491,1.462961840373649,46.7031076845795,0.35726466391567735,-8.673617379884035e-19,7.146840492458159e-22
Flexible bis-intercalator model,mutant scenario,0.00630957344480193,0.006309545422409593,8.577181423238285e-08,0.014648855827689785,1.4648855827689786,47.32962685320912,0.39323052084922533,0.0,9.661469554619363e-22
Flexible bis-intercalator model,mutant scenario,0.007356422544596406,0.007356394088167138,8.560598200562888e-08,0.014673302967816965,1.4673302967816966,47.88223796145578,0.4303926274183685,0.0,1.257314531080602e-21
Flexible bis-intercalator model,mutant scenario,0.008576958985908946,0.008576930136839482,8.546022433884165e-08,0.014702080925316956,1.4702080925316956,48.36790499769755,0.4683559393257625,0.0,1.5484821066992678e-21
Flexible bis-intercalator model,mutant scenario,0.01,0.009999970796355923,8.533251717756926e-08,0.014734271075218491,1.4734271075218492,48.79338093427397,0.5066891930415569,0.0,1.8925892415213273e-21
