time_h,plasma_mg_l,free_plasma_nm,liver_mg_l,kidney_mg_l,brain_mg_l,lung_mg_l,rest_mg_l,amount_blood_mg,amount_liver_mg,amount_gut_depot_mg,amount_kidney_mg,amount_brain_mg,amount_lung_mg,amount_rest_mg,hepatic_eliminated_mg,renal_eliminated_mg,presystemic_loss_mg,auc_to_time_mg_h_l
0.0,1.481256630979597,329.1681402176882,3.903765516438391,3.5374605860734256,9.287053786111098,1.371091807802603,9.333689914961525,7.406283154897984,7.026777929589104,100.0006144250105,1.096612781682762,13.001875300555538,0.6855459039013015,569.2617479135034,0.0,0.0,0.0,0.0
0.008333333333333333,1.490036905291841,331.1193122870758,4.287990331058415,3.54031371473959,9.286755959019326,1.3772237872574553,9.332873597271536,7.450184526459204,7.718382595905147,99.17073858996488,1.097497251569273,13.001458342627055,0.6886118936287277,569.211960697591,0.04835877896604191,0.009277148924519639,0.08298758350456358,0.01236953189935952
0.016666666666666666,1.5097087133701,335.49082519335553,4.617930361848893,3.5590110633860537,9.289923407455166,1.3942781061544318,9.332344895280714,7.548543566850499,8.312274651328009,98.3477496516204,1.1032934296496766,13.005892770437232,0.6971390530772159,569.1797151631708,0.1009149333794083,0.018647712288235262,0.1652864773390112,0.024863616384313687
0.025,1.5340633103741017,340.9029578609115,4.904760559763968,3.595268168227198,9.298608396841153,1.4163495647517574,9.332285007819069,7.670316551870508,8.828569007575142,97.53159045763564,1.1145331321504313,13.018051755577615,0.7081747823758787,569.176062626885,0.15709863334292107,0.028158064990031324,0.24690239673748746,0.0375440866533751
0.03333333333333333,1.5599853995790631,346.66342212868074,5.156142606210756,3.643985626523147,9.313491699459536,1.4402218699129559,9.332767954537845,7.799926997895315,9.281056691179362,96.722204329963,1.1296355442221755,13.038888379243351,0.7201109349564779,569.2055175472632,0.21644930203130228,0.03782667288188701,0.32784100950475126,0.05043556384251601
0.041666666666666664,1.5858418703970196,352.40930453267106,5.377644221803381,3.6996760739905996,9.334559602325761,1.4642188022980027,9.333812296679296,7.929209351985097,9.679759599246086,95.91953506090486,1.1468995829370858,13.068383443256065,0.7321094011490014,569.2692119744703,0.2785833633898916,0.047657695391852654,0.40810793641056464,0.06354359385580355
0.05,1.6107646820604935,357.9477071245542,5.573505364247436,3.758113438412577,9.36144789732874,1.4874496738623084,9.335407433721151,8.053823410302467,10.032309655645385,95.12352690922002,1.1650151659078989,13.106027056260235,0.7437248369311542,569.366499382653,0.34317451744887195,0.05764772319272422,0.4877087515790499,0.0768636309236323
0.058333333333333334,1.634306115836396,363.17913685253245,5.747074430828104,3.8164345880092463,9.393622124162349,1.5094512249143064,9.337527426274493,8.17153057918198,10.344733975490588,94.3341245962412,1.1830947222828663,13.151070973827288,0.7547256124571532,569.4957977284813,0.409940878382376,0.06778935991923035,0.5666489828769338,0.09038581322564047
0.06666666666666667,1.6562593788754008,368.0576397500891,5.901073406943789,3.872850592239349,9.43047685405082,1.530003742966176,9.340138685659456,8.281296894377004,10.62193213249882,93.55127330204749,1.200583683594198,13.202667595671146,0.765001871483088,569.6550584383702,0.47863614731457926,0.0780732314879146,0.6449341122963034,0.10409764198388616
0.075,1.6765586256480423,372.56858347734277,6.037767303440094,3.9263296252824262,9.471391852867844,1.549029678005007,9.343204407839718,8.38279312824021,10.86798114619217,92.77491866165069,1.2171621838375521,13.259948594014983,0.7745148390025035,569.8420368341444,0.5490432949716471,0.0884891507506438,0.7225695763359825,0.11798553433419175
0.08333333333333333,1.6952203705828723,376.715637907305,6.159076545820872,3.976344130627701,9.515763840709534,1.5665346699428118,9.346687164686799,8.476101852914361,11.08633778247757,92.00500676123347,1.2326666804945874,13.322069376993348,0.7832673349714059,570.0544501742479,0.6209698797267772,0.09902679970363844,0.7995607663777029,0.1320357329381846
0.09166666666666666,1.7123080434548628,380.51289854552505,6.266653854241468,4.02269001290471,9.563023863580073,1.5825720258203808,9.350550404607764,8.561540217274313,11.279976937634641,91.24148413436876,1.24703390400046,13.388233409012102,0.7912860129101904,570.2900691770276,0.6942444634477499,0.10967612440073406,0.8759130290641729,0.14623483253431213
0.1,1.7279102102980635,383.9800467329031,6.361938219574347,4.06536382734034,9.61264600589633,1.597220933866673,9.354759290507612,8.639551051490317,11.451488795233825,90.48429775835174,1.2602627864755054,13.45770440825486,0.7986104669333365,570.5467691280593,0.76871379298485,0.12042755469110734,0.9516316666658763,0.16057007292147651
0.10833333333333334,1.7421271405037713,387.1393645563936,6.44619386778531,4.104481645806624,9.664150846758966,1.61057302475588,9.359281129889695,8.710635702518855,11.60314896201356,89.73339505050004,1.2723893102000534,13.529811185462552,0.80528651237794,570.8225561119725,0.8442405206949698,0.13127211594913377,1.0267219374510468,0.17502948793217843
0.11666666666666667,1.7550625944144582,390.01390986987957,6.520539126356309,4.140226516321851,9.717105759850698,1.6227241391686142,9.364085554039862,8.77531297207229,11.736970427441356,88.98872386444904,1.2834702200597738,13.603948063790977,0.8113620695843071,571.1155779408912,0.9207013204518878,0.14220147434362918,1.101189056056146,0.1896019657915056
0.125,1.7668189035266526,392.62642300592285,6.585968360849166,4.17281499972612,9.77112338366444,1.6337693750290387,9.369144545678793,8.834094517633263,11.8547430495285,88.25023248658546,1.2935726499150972,13.679572737130215,0.8168846875145194,571.4241258409496,0.997985304021071,0.15320794202029706,1.1750381938425047,0.2042772560270628
0.13333333333333333,1.777494130597366,394.99869568830354,6.643369088464714,4.202476219832578,9.825859086018996,1.643800206278112,9.374432377522236,8.88747065298683,11.958064359236484,87.51786963269873,1.302767628148099,13.756202720426593,0.821900103139056,571.7466307050812,1.0759926694119977,0.16428445878048778,1.2482744792311766,0.2190459450406505
0.14166666666666666,1.787180560869864,397.15123574885877,6.6935358778362115,4.229439082097936,9.881007835901432,1.6529029271099542,9.379925495409829,8.93590280434932,12.048364580105181,86.79158444370364,1.31112611545036,13.833410970262005,0.8264514635549771,572.0816559650455,1.154633509383459,0.1754245591555107,1.3209029981306861,0.23389941220734772
0.15,1.7959639931662883,399.10310959250853,6.737181441973151,4.253924731674502,9.936301031429043,1.6611578970089347,9.385602383568015,8.97981996583144,12.126926595551673,86.07132648299677,1.3187166668190955,13.910821444000659,0.8305789485044673,572.4278893738133,1.2338268024680372,0.18662233495379224,1.3929287942013744,0.24882977993838973
0.15833333333333333,1.8039235600430725,400.8719022317939,6.774946192566292,4.276142386485347,9.991503199172481,1.6686393136264848,9.39144341202114,9.019617800215363,12.194903146619325,85.35704573234682,1.3256041398104574,13.988104478841473,0.8343196568132424,572.7841336991693,1.3134994929005017,0.19787239315783048,1.4643568692663689,0.2638298575437741
0.16666666666666666,1.8111318412405184,402.473742497893,6.807406236159055,4.29628728175691,10.046408876667945,1.6754152819713335,9.397430686602636,9.055659206202591,12.2533312250863,84.64869258855651,1.331849057344642,14.064972427335121,0.8377076409856667,573.1492975758948,1.3935856894071217,0.20916981468251686,1.5351921836454,0.2788930862433559
0.175,1.817655148973929,403.9233664386509,6.835080251648258,4.314539922035986,10.10083968246792,1.6815480582768292,9.403547904010951,9.088275744869645,12.303144452966865,83.94621786037813,1.3375073758311558,14.141175555455087,0.8407740291384146,573.5223866656279,1.4740259538009517,0.22051011460932207,1.6054396564632378,0.2940134861457629
0.18333333333333332,1.8235539251625916,405.2342055916871,6.858435645939301,4.331066182632448,10.154641517545057,1.68709440759599,9.40978020978889,9.117769625812958,12.345184162690742,83.24957276411662,1.3426305166160588,14.21649812456308,0.843547203797995,573.9024949950244,1.554766647143656,0.23188920328579907,1.6751041660893882,0.30918560438106557
0.19166666666666665,1.8288831450079586,406.4184766684353,6.877893679547634,4.346017790939066,10.20768212908781,1.6921059730828802,9.416114074064001,9.144415725039792,12.380208623185743,82.55870892182473,1.3472655151911104,14.290754980722934,0.8460529865414401,574.2887973771635,1.6357593768365397,0.2433033523163394,1.7441905503185764,0.3244044697551193
0.2,1.8336927706996151,407.4872823776923,6.8938343223350405,4.359533169410488,10.259848731151761,1.696629695897025,9.422537167297948,9.168463853498075,12.408901780203074,81.87357835657957,1.3514552825172514,14.363788223612465,0.8483148479485125,574.6805418335018,1.7169604638487304,0.2547491605880853,1.8127036068430922,0.3396655474507805
0.20833333333333334,1.8380281752672536,408.4507056149452,6.906600409322334,4.3717383505423815,10.311045921152653,1.7007082094875852,9.429038250917081,9.190140876336267,12.431880736780203,81.19413348910999,1.3552388886681384,14.435464289613712,0.8503541047437926,575.0770429234328,1.7983304824864057,0.2662235243791976,1.8806480935900511,0.3549646991722636
0.21666666666666667,1.8419305362069682,409.31789693488184,6.916501270214032,4.3827479036931125,10.36119382860033,1.704380206975602,9.435607079801414,9.209652681034841,12.449702286385257,80.52032713567407,1.3586518501448648,14.505671360040461,0.852190103487801,575.4776757970883,1.879833855634276,0.27772361071709184,1.948028728933642,0.37029814762278923
0.225,1.8454372229211549,410.09716064914556,6.923816121530962,4.392665906728031,10.410226375014448,1.7076808036951256,9.442234309161602,9.227186114605773,12.46286901875573,79.85211250424238,1.3617264310856898,14.574316925020225,0.8538404018475628,575.8818705157661,1.9614384737935997,0.2892468319467277,2.0148501920768114,0.3856624425956371
0.23333333333333334,1.8485821542901242,410.7960342866943,6.928797096790027,4.401586875949422,10.458089712032262,1.7106418723071584,9.448911410214139,9.242910771450621,12.47183477422205,79.1894431905968,1.364491931544321,14.641325596845165,0.8553209361535792,576.2891069089603,2.0431153532180466,0.30079082270824264,2.0811171234413672,0.40105443027765697
0.24166666666666667,1.8513961185515688,411.4213596781264,6.931671899430477,4.409596617287494,10.50474084689758,1.7132923428923437,9.455630595724994,9.256980592757843,12.477009418974859,78.53227317537876,1.366974951359123,14.70663718565661,0.8566461714461718,576.6989100332675,2.124838335723845,0.31235341961272817,2.1468341249631715,0.4164712261503044
0.25,1.853907063197156,411.97934737714576,6.932646168652948,4.416773010429579,10.550146413290395,1.7156584751154136,9.462384753151762,9.26953531598578,12.478763103575305,77.88055682179616,1.3691996332331695,14.770204978606552,0.8578292375577068,577.110846094726,2.206583820343046,0.3239326429954834,2.212005760321431,0.43191019066064473
0.2583333333333333,1.8561403715634093,412.4756381252021,6.931905704668763,4.423186766689115,10.594281525442426,1.7177641180481542,9.469167381112005,9.280701857817046,12.477430268403774,77.23424887152505,1.3711878976736256,14.831994135619395,0.8588820590240771,577.5245185740212,2.288330510125394,0.33552667958244925,2.276636555348542,0.4473689061099326
0.26666666666666666,1.8581191052939567,412.9153567319904,6.929618404092249,4.428902098452416,10.63712877976844,1.7196309380128523,9.475972533939325,9.290595526469783,12.47331312736605,76.59330444181556,1.372959650520249,14.891980291675816,0.8598154690064261,577.9395648449595,2.370059191642328,0.347133867365308,2.340730998319491,0.4628451564870776
0.275,1.8598642259878109,413.3031613306247,6.925936017191827,4.433977334743185,10.678677353253256,1.7212786269219067,9.482794771070402,9.299321129939054,12.466684830945288,75.95767902238438,1.3745329737703873,14.950148294554557,0.8606393134609533,578.3556530875838,2.4517525344420825,0.3587526817973974,2.4042935402626084,0.4783369090631968
0.2833333333333333,1.8613947958412536,413.643287964723,6.920995730692692,4.438465480736045,10.718922195720971,1.7227250909073266,9.489629111250126,9.306973979206267,12.457792315246845,75.32732847232383,1.3759242990281737,15.006491074009359,0.8613625454536633,578.7724794951453,2.533394910152272,0.37038172330624464,2.467328595268665,0.4938422977416597
0.2916666666666667,1.8627281590784202,413.93959090631563,6.914921593607425,4.442414725164147,10.757863306774423,1.72398662091117,9.496470991103092,9.3136407953921,12.446858868493365,74.7022090170365,1.3771485648008854,15.061008629484192,0.861993310455585,579.1897657473776,2.6149722293038717,0.382019705999078,2.529840540797397,0.5093596079987709
0.3,1.8638801059034051,414.19557908964555,6.907825801899544,4.445868899780905,10.795505088980127,1.725078046855548,9.50331622765253,9.319400529517026,12.43408644341918,74.08227724519557,1.3782193589320806,15.113707124572176,0.862539023427774,579.6072567245278,2.696471794120683,0.3936654474467279,2.591833717981489,0.5248872632623041
0.30833333333333335,1.8648650217765501,414.4144492836778,6.899809865090249,4.448867898285429,10.831855766706969,1.7260128780204496,9.510160984110405,9.32432510888275,12.419657757162447,73.46749010537361,1.379149048468483,15.164598073389756,0.8630064390102248,580.0247184208936,2.7778821646345833,0.4053178593614312,2.653312431963686,0.5404238124819085
0.31666666666666665,1.865696015808096,414.59911462402135,6.890965609169646,4.451448037037792,10.86692688305969,1.726803423790624,9.51700174051572,9.32848007904048,12.403738096505363,72.85780490464677,1.3799488914817153,15.213697636283566,0.863401711895312,580.4419361540538,2.859193043600485,0.4169759395967209,2.7142809520363698,0.5559679194622948
0.325,1.8663850497666357,414.75223328147456,6.881376179672166,4.453642417634186,10.900732817629214,1.7274609149785523,9.523835263893924,9.331925248833178,12.3864771234099,72.25317930326113,1.3806291494665976,15.261025944680899,0.8637304574892761,580.8587127448905,2.9403951609135164,0.42863876402067386,2.7747435121749326,0.5715183520275654
0.3333333333333333,1.8669430426940885,414.8762317097975,6.871116855970481,4.455481221139274,10.933290387451013,1.7279956022119978,9.53065858417752,9.334715213470442,12.368010340746865,71.65357131277734,1.3811991785531748,15.306606542431417,0.8639978011059989,581.274867048987,3.0214801798863653,0.440305479958653,2.8347043112233115,0.5870739732782042
0.3416666666666667,1.8673799697185136,414.9733266041141,6.860255818541967,4.456991986027448,10.964618479846957,1.7284168488634442,9.537468971313645,9.336899848592568,12.34846047337554,71.05893929297956,1.3816675156685088,15.350465871785739,0.8642084244317221,581.6902325604192,3.102440608723181,0.45197529996141234,2.89416751320309,0.6026337332818833
0.35,1.8677049491461641,415.0455442547032,6.848854824950279,4.4581998532214095,10.994737729377306,1.7287332129575728,9.54426391507265,9.33852474573082,12.327938684910503,70.46924194980498,1.3820419544986369,15.392632821128228,0.8643666064787864,582.1046561802809,3.1832697224773256,0.46364749630981406,2.953137247520549,0.618196661746419
0.35833333333333334,1.8679263230462653,415.09473845472564,6.836969834094596,4.4591277928039,11.023670225898865,1.72895252295728,9.551041106254324,9.339631615231326,12.306545701370274,69.88443833262052,1.382329615769209,15.43313831625841,0.86447626147864,582.5179970704512,3.263961490820301,0.4753213959016968,3.0116176092389955,0.6337618612022626
0.36666666666666664,1.8680517329128616,415.1226073139693,6.824651590379876,4.459796816794593,11.051439252318401,1.7290819489164146,9.557798418858932,9.340258664564308,12.284372862683776,69.30448782962902,1.3825370132063237,15.47201495324576,0.8645409744582073,582.9301255662062,3.3445105102056694,0.48699637540313,3.0696126595381443,0.6493285005375069
0.375,1.8680881820194846,415.13070711544106,6.811946106295777,4.460226154597362,11.078069060895498,1.7291280611212196,9.56453389549571,9.340440910097422,12.2615029913324,68.72935016664577,1.3826701079251822,15.509296685253696,0.8645640305606098,583.3409222862834,3.42491194792455,0.4986718572810377,3.1271264258364706,0.6648958097080505
0.3833333333333333,1.868042094874692,415.12046552770937,6.79889512092463,4.46043342020019,11.103584670197334,1.7290968860019962,9.57124573331055,9.34021047437346,12.238011217664335,68.15898540414459,1.382734360262059,15.545018538276265,0.8645484430009981,583.7502772746104,3.505161488743261,0.510347305978555,3.184162902086588,0.6804630746380738
0.39166666666666666,1.8679193790759177,415.093195350204,6.7855365727799555,4.460434785860081,11.128011680337845,1.7289939642912182,9.577932268953276,9.339596895379588,12.21396583100392,67.59335392814177,1.3827347836166253,15.579216352472983,0.8644969821456091,584.1580890834604,3.585255279401808,0.5220222238309928,3.2407260496868706,0.6960296317746576
0.4,1.8677254504991323,415.0501001109183,6.771904802559882,4.460245053499338,11.151376132715503,1.7288243747303658,9.584591973381569,9.33862725249566,12.189428644607787,67.03241646415613,1.3826759665847947,15.611926585801704,0.8644121873651829,584.5642644565419,3.66518990584693,0.5336961496550378,3.296819796085434,0.7115948662067174
0.4083333333333333,1.8674652998717136,414.9922888603808,6.758031055776236,4.459877841242382,11.173704351224705,1.7285927966515302,9.591223435085054,9.337326499358568,12.164455900397225,66.476134058353,1.3825621307851386,15.643186091714586,0.8642963983257651,584.9687173058375,3.744962333509469,0.5453686541936976,3.3524480366657468,0.7271582055915972
0.4166666666666667,1.8671435304253767,414.92078453897267,6.74394377065731,4.459345689155872,11.195022829382246,1.7283035453808178,9.59782535091624,9.335717652126883,12.139098787183158,65.92446807380024,1.3823971636383203,15.673031961135145,0.8641517726904089,585.3713681523815,3.8245698734358546,0.5570393376281276,3.407614635121022,0.7427191168375038
0.425,1.8667643757379908,414.8365279417757,6.729668722929411,4.458660109898692,11.21535812360256,1.7279605890324448,9.604396522486182,9.333821878689953,12.11340370127294,65.37738020441044,1.3821846340685944,15.701501373043582,0.8639802945162224,585.7721439064322,3.9040101660441042,0.568707828602558,3.4623234220600034,0.7582771048034112
0.43333333333333335,1.8663317461900353,414.74038804223005,6.715229374421253,4.457831718753965,11.234736756186834,1.7275675921752536,9.610935844236367,9.331658730950176,12.087412873958256,64.83483245978569,1.3819278328137292,15.728631458661566,0.8637837960876268,586.1709771399761,3.9832811393967464,0.580373780988253,3.5165781965224783,0.7738317079843379
0.44166666666666665,1.8658492607266302,414.63316905036226,6.700647112944067,4.456870322631083,11.253185139239907,1.7271279456906026,9.617442295409885,9.32924630363315,12.06116480329932,64.29678715838894,1.3816298000156357,15.754459194935869,0.8635639728453013,586.567805597049,4.062380980604243,0.5920368717069784,3.570382726662152,0.7893824956093052
0.45,1.8653202639587212,414.51561421304916,6.6859413866436945,4.455784968323383,11.270729500698053,1.7266447828595999,9.62391493617376,9.326601319793605,12.03469449595865,63.76320693457738,1.3812933401802485,15.779021300977274,0.8633223914297999,586.9625719572376,4.141308120259237,0.6036967996834235,3.623740749043307,0.8049290662445653
0.4583333333333333,1.8647478447299315,414.38840993998474,6.671129849019033,4.4545839948452794,11.287395809493296,1.7261209968272015,9.630352903322164,9.323739223649657,12.00803372823426,63.23405474536132,1.3809210384020365,15.802354133290613,0.8630604984136008,587.3552235736188,4.220061215520237,0.6153532846852149,3.6766559679649133,0.8204710462469537
0.4666666666666667,1.8641348876872865,414.2521972638415,6.656228729848786,4.453275176731155,11.30320977020351,1.7255592890408409,9.636755395598204,9.320674438436432,11.981211713727816,62.709293824325385,1.380515304786658,15.824493678284915,0.8627796445204204,587.7457115775345,4.298639104119454,0.6270060633364691,3.729132060068507,0.8360080844486261
0.475,1.8634840450812806,414.10756557361793,6.641252652601524,4.451865646987864,11.318196697599307,1.72496214280695,9.643121683427134,9.317420225406403,11.954254774682743,62.188887750192215,1.3800783505662377,15.845475376639028,0.862481071403475,588.1339914722209,4.377040828770458,0.6386548917772907,3.781172667481824,0.8515398557030547
0.48333333333333334,1.8627978037857542,413.9550675079454,6.626215106465447,4.450362082670664,11.332381573352954,1.724331886218707,9.649451088975995,9.31398901892877,11.927187191637806,61.67280036672363,1.3796122456279059,15.865334202694136,0.8621659431093535,588.520021916646,4.455265577702024,0.6502995402423819,3.8327814058286824,0.8670660536565097
0.49166666666666664,1.8620784625251343,413.79521389447433,6.611128301386477,4.448770642821995,11.345788929107181,1.7236706708069724,9.655742994199189,9.310392312625671,11.900030942495658,61.16099584490649,1.3791188992748185,15.884104500750052,0.8618353354034862,588.9037652162085,4.533312704201858,0.6619397952636422,3.8839618580103963,0.8825863936848568
0.5,1.8613281698794286,413.6284821954286,6.596003435870332,4.447097073712242,11.358442877935442,1.7229805072249613,9.661996829524362,9.306640849397143,11.872806184566599,60.65343863886602,1.3786000928507949,15.901820029109619,0.8614902536124807,589.2851866326909,4.611181692836585,0.6735754565960139,3.934717578614443,0.8981006087946857
0.5083333333333333,1.8605489288202475,413.45531751561055,6.5808507365739715,4.445346721890329,11.370367069947328,1.722263269523661,9.668212073109494,9.302744644101237,11.845531325833148,60.15009349914293,1.3780574837860018,15.918513897926257,0.8611316347618305,589.664254338948,4.688872155029057,0.6852063370253892,3.9850520925867525,0.9136084493671861
0.5166666666666666,1.8597426033631959,413.2761340807102,6.565679512518815,4.443524553074517,11.381584651566646,1.7215207014137377,9.67438824943421,9.298713016815979,11.818223122533867,59.65092548357428,1.3774926114531003,15.934218512193302,0.8607603507068688,590.0409393329925,4.766383822730611,0.6968322619965753,4.034968894143618,0.9291096826621009
0.525,1.858910951430805,413.0913225401789,6.55049837766301,4.441635242573877,11.392118349658299,1.7207544471027207,9.68052491877895,9.294554757154025,11.79089707979342,59.15589989860094,1.376906925197902,15.948965689521618,0.8603772235513604,590.4152147963282,4.843716519606869,0.7084530667453953,4.084471452640951,0.9446040889938608
0.5333333333333333,1.858055594351634,412.90124318925206,6.535315063821903,4.439683092610423,11.401990270761623,1.7199660227157583,9.686621688486742,9.290277971758169,11.763567114879425,58.664982404504464,1.3763017587092312,15.962786379066271,0.8599830113578791,590.7870567808064,4.920870186610065,0.7200685993980358,4.1335632020506,0.9600914658640483
0.5416666666666666,1.8571780751909124,412.7062389313139,6.520136801912862,4.437672191929848,11.41122213747888,1.71915687100113,9.69267819320793,9.285890375954562,11.736246243443153,58.17813887650254,1.3756783794982528,15.975710992470432,0.859578435500565,591.1564430037517,4.997844831601366,0.7316787155671918,4.182247554850792,0.9755716207562561
0.55,1.8562798223177808,412.5066271817291,6.504970097901073,4.435606317003502,11.419835052543347,1.718328327191499,9.698694108282638,9.281399111588904,11.708946176221932,57.69533553038782,1.3750379582710854,15.987769073560683,0.8591641635957495,591.5233536641581,5.07464055985717,0.7432832820369036,4.230527889462263,0.9910443760492053
0.5583333333333333,1.8553621891603538,412.3027087023009,6.489820990575782,4.433489040677639,11.427849672965802,1.7174816562838453,9.704669136107368,9.276810945801769,11.681677783036408,57.21653882317068,1.3743816026100681,15.998989542152122,0.8587408281419227,591.8877706111884,5.151257539823734,0.7548821730315025,4.278407560183978,1.0065095640420039
0.5666666666666667,1.8544264410311755,412.09476467359457,6.474694975006806,4.431323696728624,11.43528609674866,1.7166180407038616,9.710603011286945,9.272132205155877,11.654450955012251,56.7417155120759,1.3737103459858735,16.009400535448123,0.8583090203519308,592.2496776583909,5.227696013782972,0.7664752716434114,4.325889891293455,1.0219670288578826
0.575,1.853473771373279,411.88306030517316,6.459597109937996,4.429113424390028,11.442163921333343,1.7157385955447786,9.716495495191065,9.267368856866394,11.627274797888393,56.27083262109955,1.3730251615609088,16.01902948986668,0.8578692977723893,592.6090602517031,5.303956283642508,0.7780624683495647,4.37297818039109,1.0374166244660867
0.5833333333333334,1.8525053042145811,411.6678453810181,6.444532037104488,4.4268611752732125,11.44850223316511,1.7148443708760452,9.72234637533966,9.262526521072905,11.600157666788078,55.80385744582915,1.3723269643346958,16.027903126431152,0.8574221854380226,592.9659054319659,5.380038708510757,0.7896436608517444,4.41967569791813,1.0528582144689929
0.5916666666666667,1.851522096376185,411.44935475026335,6.429504001510443,4.424569719773806,11.454319580335632,1.71393635382652,9.72815546503238,9.257610481880924,11.573107202718798,55.34075756777073,1.37161661312988,16.036047412469884,0.85696817691326,593.3202018123249,5.455943702216943,0.8012187539913127,4.465985685723972,1.0682916719884175
0.6,1.8505251506491875,411.227811255375,6.414516932683217,4.422241682817565,11.459634056578434,1.713015480932029,9.733922598518438,9.252625753245937,11.54613047882979,54.88150080990178,1.370894921673445,16.043487679209807,0.8565077404660145,593.6719392836395,5.531671722243151,0.8127876584202788,4.511911361510867,1.0837168778937054
0.6083333333333333,1.8495154052565548,411.0034233903455,6.399574390532274,4.419879515945047,11.464463166878595,1.7120826282828407,9.739647635539068,9.247577026282773,11.519233902958094,54.42605530980526,1.3701626499429644,16.05024843363003,0.8560413141414204,594.0211092915278,5.607223277449683,0.8243502918820339,4.557455911520519,1.099133722509379
0.6166666666666667,1.8484937623736988,410.7763916385997,6.384679729439323,4.41748557394997,11.46882408237884,1.7111386382249791,9.745330450124543,9.242468811868493,11.492423512990783,53.97438938323174,1.3694205279244909,16.056353715330374,0.8555693191124896,594.3677041530959,5.682598905311847,0.8359065760964882,4.602622504177871,1.1145421014619847
0.625,1.8474610549727615,410.5469011050581,6.369835920292586,4.415062026572978,11.4727332650466,1.7101842883456746,9.750970944373288,9.237305274863807,11.465704656526656,53.52647172989562,1.3686692282376234,16.06182657106524,0.8550921441728373,594.7117178973268,5.757799196909866,0.8474564406305827,4.647414269511484,1.1299419208407773
0.6333333333333333,1.846418089387449,410.3151309749887,6.355045788627367,4.412610972460575,11.47620688992864,1.7092203313091452,9.756569031313868,9.232090446937244,11.43908241952926,53.08227120615037,1.3679094014627784,16.066689645900095,0.8546101656545726,595.0531452198328,5.8328247636727415,0.8589998181146745,4.691834321886008,1.1453330908195662
0.6416666666666666,1.8453656231155684,410.08124958123744,6.340311895455124,4.410134380042439,11.479260594068036,1.7082474740925486,9.762124644121288,9.226828115577842,11.412561411819224,52.64175696312144,1.3671416578131559,16.07096483169525,0.8541237370462743,595.3919820449573,5.907676254089038,0.870536646832127,4.735885746188901,1.1607155291095028
0.65,1.844304369803023,409.84541551178296,6.32563657137937,4.407634101251545,11.481909487824424,1.7072663826629624,9.767637734423667,9.221521849015115,11.386145828482865,52.20489844641203,1.366366571387979,16.074673282954194,0.8536331913314812,595.7282254224995,5.982354348925937,0.8820668702716216,4.779571597859841,1.1760891603621624
0.6583333333333333,1.8432350204811365,409.60778232914146,6.311022027825564,4.405111927922461,11.484168412079024,1.7062777018377373,9.773108263354066,9.216175102405682,11.359839650086016,51.771665251588175,1.365584697655963,16.077835776910632,0.8531388509188687,596.0618729819645,6.056859745667619,0.8935904346008985,4.822894917342227,1.1914539128011983
0.6666666666666666,1.8421582143363218,409.36849207473824,6.29647021195192,4.402569514646531,11.486051535450915,1.7052820279653682,9.778536214240516,9.210791071681609,11.333646381513457,51.342027358634695,1.3647965495404246,16.08047214963128,0.8526410139826841,596.3929237065291,6.131193178706205,0.9051072922834942,4.8658587066375745,1.206809723044659
0.675,1.8410745707318246,409.1276823848499,6.28198297192599,4.400008463661492,11.487572757058002,1.704279938866099,9.783921578985176,9.205372853659123,11.307569349466782,50.915954904142666,1.3640026237350624,16.0826018598812,0.8521399694330495,596.7213771023058,6.205355396205366,0.9166173982246444,4.908465952086778,1.2221565309661926
0.6833333333333333,1.8399846768978998,408.8854837550889,6.26756199605165,4.39743029237664,11.488745535518648,1.7032719823274067,9.789264363416123,9.199923384489498,11.28161159289297,50.49341828124939,1.3632033906367584,16.084243749726106,0.8516359911637034,597.0472335247493,6.279347168558788,0.9281207112978892,4.950719614376105,1.237494281730519
0.6916666666666667,1.8388890843446626,408.64201874325835,6.253208800794394,4.394836424247206,11.489582804399907,1.7022586727627715,9.794564589055337,9.194445421723312,11.25577584142991,50.074388198090254,1.3623992915166339,16.085415926159868,0.8511293363813858,597.370494286485,6.3531692897817615,0.939617194880398,4.992622622692019,1.2528229265071973
0.7,1.8377883302484943,408.3974067218876,6.238924833591447,4.392228245023028,11.490097286982975,1.701240511193273,9.799822283725002,9.188941651242471,11.230064700464606,49.65883548851131,1.3615907559571385,16.086136201776164,0.8506202555966365,597.6911610843879,6.426822563398254,0.9511068141562695,5.034177893649914,1.268142418875026
0.7083333333333334,1.8366829142280379,408.15175871734175,6.224711366673596,4.389607041983242,11.490301121718828,1.7002179635596297,9.805037491916933,9.183414571140188,11.204480460012473,49.2467313472085,1.360778183014805,16.08642157040636,0.8501089817798149,598.0092366320138,6.500307816658576,0.9625895391258993,5.0753883077801945,1.2834527188345326
0.7166666666666667,1.8355733186012697,407.9051819113933,6.210569593472634,4.38697405715644,11.490206166299767,1.6991914796467087,9.810210265850339,9.177866593006348,11.179025268250742,48.83804714605573,1.3599619577184963,16.086288632819674,0.8495957398233543,598.3247241142121,6.573625887323838,0.9740653420348395,5.116256727895471,1.298753789379786
0.725,1.834460005094024,407.6577789097831,6.196500613729459,4.3843304787179,11.489823943624794,1.6981614900100603,9.815340666948455,9.17230002547012,11.153701104713026,48.43275446814298,1.359142448402549,16.08575352107471,0.8490807450050302,598.6376272771863,6.6467776256561,0.9855341978029917,5.156785995686746,1.3140455970706555
0.7333333333333333,1.8333434060474187,407.4096457883153,6.182505398050817,4.3816774182507405,11.489165471955145,1.697128397773757,9.82042876984503,9.166717030237093,11.128509716491472,48.03082522658376,1.3583199996577295,16.0848316607372,0.8485641988868785,598.9479506728484,6.719763898632045,0.9969960852234073,5.196978919842668,1.3293281136312098
0.7416666666666667,1.8322239431943979,407.1608762654218,6.168584870780146,4.379015959707647,11.488241585269163,1.6960925961595046,9.82547465395015,9.161119715971989,11.103452767404264,47.63223145578523,1.3574949475093705,16.083538219376827,0.8480462980797523,599.2556991444197,6.792585579178883,1.0084509844920282,5.236838296922522,1.3446013126560377
0.75,1.8311020123301682,406.91155829559295,6.154739845550269,4.37634711961476,11.487062652933652,1.6950544541814003,9.83047841036858,9.15551006165084,11.078531721990485,47.236945503304476,1.3566676070805754,16.08188771410711,0.8475272270907002,599.5608782483797,6.865243554105183,1.0198988792609531,5.276366892170597,1.3598651723479376
0.7583333333333333,1.8299779916726664,406.66177592725927,6.140971063256751,4.373671868928729,11.48563871621519,1.6940143244528365,9.835440138131792,9.149889958363332,11.053747913862153,46.84493994551672,1.3558382793679058,16.079894202701265,0.8470071622264183,599.863494024658,6.937738718948505,1.0313397555468495,5.315567447949372,1.375119674062466
0.7666666666666666,1.828852250726614,406.4116112725809,6.127279227522965,4.370991155953793,11.483979660649108,1.6929725514551244,9.840359940218828,9.14426125363307,11.029102609541336,46.45618746223792,1.3550072583456758,16.077571524908752,0.8464862757275622,600.1635527539464,7.01007197399279,1.0427736005297725,5.3544426962772524,1.3903648007063631
0.775,1.8277251289863459,406.16113977474356,6.1136649219226396,4.368305851410471,11.482094787871178,1.6919294516752548,9.845237933110221,9.138625644931729,11.00459685946075,46.070661156119776,1.354174813937246,16.07493270301965,0.8459647258376274,600.4610615403924,7.082244233090745,1.0542004054616436,5.392995326889067,1.4056005406155248
0.7833333333333333,1.8265969574756125,405.91043499458056,6.100128696984773,4.365616804163848,11.479993229968489,1.6908853337001024,9.850074237079516,9.132984787378062,10.980231654572592,45.68833425638311,1.3533412092907928,16.071990521955883,0.8454426668500512,600.7560277194797,7.15425641361886,1.0656201627488606,5.431228016862733,1.4208268836651476
0.7916666666666666,1.825468058429741,405.6595685399425,6.086671067782874,4.362924840345464,11.47768394962968,1.6898404979180697,9.854868976374908,9.127340292148704,10.956007922009174,45.30918011261841,1.3525067005070939,16.06875752948155,0.8449202489590348,601.0484588691056,7.226109437081064,1.0770328659908046,5.469143431239204,1.4360438213210729
0.8,1.8243387286660593,405.4086063702355,6.073292452668249,4.36023072062766,11.475175387097387,1.6887952210154755,9.859622286563397,9.121693643330296,10.931926414802849,44.93317247585512,1.3516715233945746,16.065245541936342,0.8443976105077378,601.3383632575016,7.297804234632391,1.0884385122642615,5.506744194915532,1.451251349685682
0.8083333333333333,1.823209255376934,405.1576123059853,6.059993234352328,4.357535180943732,11.47247577933232,1.6877497707050337,9.864334307459917,9.116046276884669,10.90798782183419,44.56028525866022,1.350835906092557,16.06146609106525,0.8438748853525169,601.6257494119803,7.369341740669895,1.0998370999660099,5.544032916635023,1.4664494666213466
0.8166666666666667,1.8220799192669397,404.90664872598666,6.046773770929452,4.354838940523674,11.469593229486623,1.686704408649804,9.869005181775803,9.110399596334698,10.884192787673014,44.190492476132434,1.350000071562339,16.057430521281272,0.843352204324902,601.9106260365062,7.440722892055717,1.1112286283823196,5.581012194887801,1.481638171176426
0.825,1.8209509811024227,404.6557735783162,6.033634348041758,4.352142667415458,11.466535412110936,1.685659377926069,9.873635060952566,9.104754905512113,10.860541826475165,43.82376849229008,1.3491642268987918,16.05314957695531,0.8428296889630345,602.193002367497,7.511948631741507,1.1226130995356316,5.617684593272037,1.4968174660475086
0.8333333333333334,1.819822690237645,404.4050422750323,6.020575211053124,4.3494470004268555,11.463309750020702,1.684614910973381,9.878224101356878,9.099113451188225,10.837035379895624,43.4600878839462,1.348328570132325,16.048633650028982,0.8423074554866905,602.472887941756,7.583019905586064,1.1339905170141138,5.654052654106424,1.5119873560188184
0.8416666666666667,1.8186952902536022,404.15450894524497,6.007596584982027,4.346752563574542,11.45992353852313,1.6835712348503078,9.882772461843734,9.09347645126801,10.813673852967648,43.09942533599075,1.347493294708108,16.04389295393238,0.8417856174251539,602.7502924478493,7.6539376608995005,1.145360885197778,5.690118908901969,1.5271478469303705
0.85,1.8175690111361793,403.90422469692874,5.994698647326125,4.344059946062514,11.456383770567726,1.6825285639446677,9.88728030710429,9.087845055680896,10.790457565187024,42.74175579209201,1.3466585832793794,16.038937278794815,0.8412642819723338,603.0252259302906,7.724702848220571,1.156724210331178,5.725885863291843,1.5422989471082371
0.8583333333333333,1.816444068925662,403.65423753903605,5.98188152871061,4.341369701464187,11.452697119211685,1.6814870996494953,9.891747807650715,9.08222034462831,10.767386751679098,42.38705448516802,1.3458246074538982,16.033775966896357,0.8407435498247476,603.2976987886171,7.7953164203266905,1.168080500562112,5.761355993984242,1.5574406674161494
0.8666666666666667,1.8153206754271178,403.40459453935955,5.969145345734541,4.3386823725401635,11.448870159319654,1.6804470394116304,9.896175135738057,9.076603377135589,10.744461622322174,42.03529673903027,1.3449915354874507,16.028418223047513,0.8402235197058152,603.5677215286642,7.865779330535376,1.1794297646142649,5.796531768598017,1.5725730194856866
0.875,1.8141990325453787,403.15534056563973,5.95649018170996,4.335998476756796,11.444909238664811,1.6794085714526952,9.900562467762857,9.070995162726893,10.721682327077927,41.68645808219736,1.3441595277946068,16.022872934130735,0.8397042857263476,603.8353049088566,7.936092533784901,1.190772012563862,5.831415634281307,1.587696016751816
0.8833333333333333,1.813079327590041,402.90651724223136,5.943916073168952,4.333318494378605,11.440820358812175,1.6783718703970976,9.904909985949553,9.065396637950204,10.699048931704114,41.34051437868355,1.3433287332573676,16.017148502337044,0.8391859351985488,604.1004600430632,8.006256985856783,1.2021072564571726,5.866010004632688,1.6028096752762302
0.8916666666666666,1.8119617446649785,402.6581654811063,5.931423046566291,4.330642897505765,11.436609444343256,1.6773371078829502,9.909217873772327,9.059808723324892,10.676561483819324,40.997441569486085,1.3424992982267872,16.01125322208056,0.8386685539414751,604.3631981213742,8.076273642564749,1.2134355087700492,5.900317285552435,1.617914011693399
0.9,1.810846460297404,402.4103245105342,5.919011103940686,4.3279721389227195,11.432282240696509,1.6763044484896779,9.913486317758162,9.05423230148702,10.654219987093235,40.65721576712678,1.341671363066043,16.00519513697511,0.8381522242448389,604.6235305200703,8.146143460284677,1.22475678300431,5.934339865788366,1.6330090440057468
0.9083333333333333,1.8097336370109076,402.1630304468684,5.906680204413816,4.325306635787646,11.427844151728761,1.6752740437528615,9.917715509728465,9.048668185054538,10.632024367944869,40.31981343855184,1.3408450570941703,15.998981812420265,0.8376370218764307,604.8814689383391,8.215867394691859,1.2360710945216309,5.968080098645859,1.648094792695508
0.9166666666666666,1.8086234342207377,401.9163187157195,5.89443029779038,4.322646797357106,11.423300504524937,1.6742460423129812,9.921905642640903,9.043117171103688,10.609974536022683,39.985211133286256,1.340020507180703,15.992620706334911,0.8371230211564906,605.1370251446687,8.28544640112275,1.2473784590920718,6.001540329172418,1.663171278789429
0.9249999999999999,1.8075160058428557,401.6702235206346,5.882261316870491,4.319993018893591,11.418656492663382,1.6732205876880282,9.9260569115683,9.037580029214277,10.588070370366884,39.65338553673536,1.3391978358570131,15.986119089728735,0.8366102938440141,605.3902110365507,8.354881434795523,1.258678893220589,6.034722888827507,1.6782385242941187
0.9333333333333333,1.8064114928179995,401.4247761817777,5.87017315637103,4.317345662699507,11.413916985588065,1.6721978113116818,9.930169516173383,9.032057464089997,10.566311681467855,39.32431369428311,1.3383771554368473,15.97948377982329,0.8360989056558409,605.6410387914146,8.424173448797053,1.2699724150992506,6.067630073072732,1.6932965534656677
0.9416666666666667,1.8053100320086277,401.1800071130284,5.85816569939689,4.314705080726325,11.409086749328807,1.6711778408196543,9.934243657480549,9.026550160043138,10.544698258914403,38.99797277202394,1.3375585750251608,15.97272144906033,0.8355889204098271,605.8895206697387,8.493323395186064,1.2812590434404185,6.100264165298649,1.7083453912538917
0.95,1.804211758418418,400.93594631520403,5.846238823074597,4.312071620192358,11.404170505645778,1.6701608021161392,9.938279537301366,9.02105879209209,10.523229881534276,38.67433997588,1.3367422022596311,15.965838707904089,0.8350804010580696,606.1356689800103,8.5623322262744,1.2925387972146192,6.132627444913043,1.7233850629528258
0.9583333333333334,1.803116794075569,400.692620905682,5.83439236811209,4.309445595396258,11.399172645022231,1.6691468090221049,9.942277361660508,9.015583970377845,10.501906262601763,38.35339290695758,1.33592813457284,15.958841703031123,0.8345734045110524,606.3794962876744,8.631200890575576,1.3038116970330393,6.164722151805285,1.7384155960440526
0.9666666666666667,1.80202525531057,400.4500567356822,5.822626159536082,4.306827306187917,11.39409741119047,1.6681359700528244,9.946237338355052,9.01012627655285,10.480727087164947,38.035109346907575,1.3351164649182543,15.951736375666657,0.8340679850264122,606.6210152662746,8.699930334601508,1.315077764217415,6.196550507810286,1.7534370189565536
0.975,1.8009372561796593,400.2082791510354,5.810940016326311,4.304217046653425,11.38894898848909,1.6671283916058997,9.950159675827686,9.004686280898296,10.45969202938736,37.71946715477589,1.3343072844625616,15.944528583884725,0.8335641958029498,606.8602386287306,8.768521503809852,1.32633702036488,6.228114727023454,1.768449360486507
0.9833333333333333,1.7998529071622507,399.9673127027224,5.799333747038341,4.301615101799271,11.383731471354253,1.6661241767479171,9.954044583804691,8.999264535811253,10.438800744669015,37.406444288262904,1.3335006815577741,15.937224059895954,0.8330620883739586,607.0971791662481,8.836975343105486,1.337589487541407,6.259417013674753,1.7834526500552095
0.9916666666666667,1.7987723065720669,399.7271792382371,5.787807128283016,4.299021725807568,11.378448634878833,1.6651234172176268,9.95789227536022,8.993861532860334,10.41805283090943,37.09601912848062,1.332696735000346,15.929828088830364,0.8325617086088134,607.3318498742198,8.905292791305406,1.3488351892724917,6.290459529652981,1.7984469190299892
1.0,1.797695550128857,399.4879000286349,5.776359929957724,4.296437166289505,11.37310418569457,1.6641262023384977,9.96170296425281,8.988477750644284,10.397447873923904,36.78817014933585,1.3318955215497466,15.922345859972397,0.8320631011692489,607.5642637897789,8.973474785807918,1.3600741493908848,6.321244427567458,1.8134321991878468
1.0083333333333333,1.7966227307329081,399.24949571842404,5.764991914824877,4.29386166371565,11.367701755454984,1.663132618808808,9.965476864928805,8.98311365366454,10.37698544668478,36.48287593020738,1.3310971157518514,15.914782457636976,0.831566309404404,607.7944339920078,9.04152226224691,1.3713063920555548,6.351773849480306,1.82840852274074
1.0166666666666666,1.795553937637039,399.01198614156425,5.753702835720587,4.2912954493122335,11.362244881260892,1.662142749930493,9.969214192962935,8.977769688185194,10.356665104297056,36.18011516725353,1.3303015892867924,15.90714283376525,0.8310713749652465,608.0223736288094,9.109436154922015,1.3825319418803876,6.38204992577569,1.8433759225071837
1.025,1.7944892496613591,398.7753888136354,5.742492419861812,4.288738727892492,11.3567368199464,1.6611566692918995,9.972915166219156,8.972446248306795,10.336486355751262,35.87986696825507,1.3295090056466725,15.89943154792496,0.8305783346459498,608.2480959877064,9.177217390576509,1.3937508246514294,6.412074745675536,1.8583344328685727
1.0333333333333332,1.7934287446882995,398.5397210418443,5.73136039218415,4.2861917018958495,11.351180803082986,1.6601744496083317,9.976580002759578,8.967143723441497,10.31644870593147,35.582110478609366,1.3287194275877134,15.89165312431618,0.8300872248041659,608.4716143683066,9.244866895244531,1.4049630662590202,6.441850394640108,1.8732840883453605
1.0416666666666667,1.7923724971994446,398.30499937765444,5.720306469463505,4.283654565152681,11.345579970249036,1.6591961604286944,9.98020892132063,8.961862485997223,10.29655164503431,35.28682498368927,1.3279329151973311,15.88381195834865,0.8295980802143472,608.6929421113452,9.312385592216597,1.4161686929655088,6.471378944132117,1.888224923954012
1.05,1.791320578182665,398.07123959614785,5.709330359666105,4.281127502647629,11.33993736788947,1.6582218680489884,9.983802141497405,8.956602890913326,10.27679464739899,34.993989899404546,1.327149525820765,15.875912315045259,0.8291109340244942,608.9120926099267,9.37977440260714,1.4273677314388362,6.500662452560589,1.9031569752517818
1.0583333333333333,1.790273050113067,397.83845558068157,5.698431751266029,4.27861067782101,11.334255809090772,1.6572516308394307,9.98735988422471,8.951365250565335,10.257177152278853,34.70358502014002,1.3263693101245129,15.867958132727079,0.8286258154197154,609.1290793388652,9.447034239303605,1.4385602092293117,6.529702940487042,1.918080278972416
1.0666666666666667,1.7892299749235356,397.60666109411903,5.687610331577892,4.276104252740919,11.32853809182515,1.656285506665405,9.990882370488848,8.946149874617678,10.237698596840206,34.415590167056564,1.325592318349685,15.859953328555209,0.8281427533327025,609.3439157761148,9.514166014539816,1.4497461539386176,6.558502425795387,1.9329948719181573
1.075,1.7881914124494143,397.3758694332032,5.676865782939612,4.273608384166801,11.322786957097655,1.6553235514393851,9.994369821677642,8.94095706224707,10.218358409291302,34.12998524893517,1.3248185990917083,15.851901739936716,0.8276617757196926,609.5566154241194,9.581170638796086,1.4609255933960343,6.587062917607526,1.9479007911947128
1.0833333333333333,1.7871574166903041,397.1460925978454,5.666197774702199,4.271123214089564,11.317004984768326,1.6543658156405037,9.99782245994628,8.93578708345152,10.199155994463958,33.84675044598976,1.3240481963677648,15.843806978675657,0.8271829078202518,609.7671918321236,9.648049016331845,1.4720985560142694,6.615386397902068,1.9627980746856928
1.0916666666666666,1.786128036761182,396.9173415024849,5.655605965851354,4.268648872138661,11.311194618285782,1.653412345200061,10.001240507882297,8.93064018380591,10.180090738532437,33.56586618215043,1.3232811503629849,15.835672465600094,0.8267061726000305,609.9756585757414,9.714802045397098,1.483265070664381,6.643474824286001,1.9776867608858417
1.1,1.7851033209115017,396.68962686922265,5.645090013650049,4.266185485752826,11.305358276601305,1.652463185243496,10.004624188099598,8.925516604557508,10.161162024570087,33.28731292843569,1.322517500583376,15.827501587241827,0.826231592621748,610.1820292321945,9.781430622987054,1.4944251662914014,6.671330149657474,1.9925668883885357
1.1083333333333334,1.7840833156566582,396.4629590348129,5.634649571353922,4.2637331779833865,11.299498331180576,1.6515183792817985,10.00797372350958,8.920416578283291,10.14236922843706,33.01107123118812,1.3217572851748498,15.819297663652806,0.8257591896408992,610.3863173968492,9.847935644508366,1.50557887202383,6.698954319382231,2.0074384960317735
1.1166666666666667,1.783068061146019,396.23734692133763,5.624284279417322,4.261292055769467,11.293616973660681,1.6505779648987746,10.011289337278226,8.915340305730094,10.123711702951178,32.73712197843067,1.321000537288535,15.811063763124952,0.8252889824493873,610.5885366805991,9.914317996365696,1.5167262175430616,6.7263492446579765,2.022301623390749
1.125,1.7820575949242639,396.0127988720586,5.613993773232422,4.258862219457221,11.287716321601172,1.649641977253068,10.014571252597905,8.910287974621319,10.10518879181836,32.465446204023976,1.3202472880317386,15.80280285024164,0.824820988626534,610.7887006959463,9.9805785609866,1.5278672327454865,6.7535168220986455,2.037156310327316
1.1333333333333333,1.781051953414108,395.7893229809129,5.6037776861295,4.256443766552189,11.28179846033039,1.6487104504586587,10.017819692617442,8.90525976707054,10.0867998350331,32.1960250088703,1.3194975676311784,15.794517844462543,0.8243552252293294,610.9868230527378,10.046718218879695,1.5390019476121317,6.780458941614013,2.052002596816176
1.1416666666666666,1.7800511712904434,395.5669269534319,5.5936356476781475,4.2540367901379,11.275865426461229,1.6477834170022578,10.021034880671133,8.900255856452217,10.068544165820665,31.92883957881985,1.3187514049427491,15.78621159704572,0.8238917085011289,611.1829173721324,10.112737848514254,1.5501303922926424,6.807177484619058,2.066840523056857
1.15,1.7790552773088928,395.345617179754,5.5835672768084565,4.251641368310343,11.269919085892376,1.6468609038590867,10.024217039756113,8.895276386544463,10.050421098255223,31.663871461734548,1.3180088241762065,15.777886720249326,0.8234304519295433,611.3769972547253,10.178638317830696,1.5612525973676497,6.8336742963275885,2.081670129823533
1.1583333333333332,1.7780642990005,395.1253997778889,5.5735721903063595,4.249257576064525,11.263961269050986,1.645942936864134,10.027366392773326,8.8903214950025,10.032429942551447,31.401102282402004,1.3172698485800027,15.769545776671379,0.822971468432067,611.5690762952452,10.244420492492141,1.5723685935031035,6.8599512142608425,2.0964914580041385
1.1666666666666667,1.7770782625065273,394.906280557006,5.563650002633836,4.246885484875268,11.257993765821311,1.6450295405582982,10.030483162462135,8.885391312532636,10.014570004740905,31.140513756915727,1.3165345003113331,15.761191272149834,0.8225147702791491,611.7591680785656,10.310085235381855,1.5834784114541407,6.886010066809471,2.111304548605521
1.175,1.7760971921820432,394.688264929343,5.5538003248014105,4.244525161696784,11.252018315197523,1.6441207378194145,10.033567571576222,8.880485960910216,9.99684058464254,30.882087701755307,1.3158028001260031,15.752825641276532,0.8220603689097072,611.9472861904338,10.375633406638103,1.5945820821228984,6.911852672325512,2.1261094428305314
1.1833333333333333,1.7751211073258812,394.47135718352916,5.5440227598833305,4.242176660672558,11.246036507298177,1.643216546817067,10.03661984203612,8.875605536629406,9.979240967789995,30.625806284370192,1.315074764808493,15.744451110217447,0.8216082734085335,612.133444165783,10.441065855369278,1.605679636700249,6.937480814064024,2.140906182266999
1.1916666666666667,1.7741500267730264,394.255561505117,5.534316910248718,4.239840034770648,11.24004991852525,1.6423169852889077,10.039640195674826,8.870750133865132,9.961770438447692,30.371651705253147,1.3143504107789008,15.736069885935349,0.8211584926444538,612.3176555342077,10.506383429630613,1.6167711064019301,6.962896271975728,2.155694808535907
1.2,1.773183967303232,394.04088162294045,5.524682375321091,4.23751533174932,11.234060064050766,1.6414220690587038,10.04262885385001,8.86591983651616,9.944428275577964,30.119606317959523,1.3136297528422891,15.72768408967107,0.8207110345293519,612.4999337963121,10.571586972486045,1.6278565225410497,6.988100810705091,2.1704753633880665
1.2083333333333333,1.7722229457916119,393.82732128702486,5.515118753890172,4.2352025996157465,11.228068463847805,1.6405318140393055,10.045586038318222,8.861114728958059,9.92721375700231,29.86965244027915,1.3129128058808814,15.719295849386926,0.8202659070196527,612.6802924770284,10.636677328630853,1.6389359164813422,7.013096198473128,2.18524788864179
1.2166666666666666,1.7712669727622612,393.6148828360581,5.505625636509437,4.232901870270225,11.22207644645729,1.6396462302290247,10.048511968946194,8.856334863811306,9.910126145716987,29.621772895052843,1.3121995797837698,15.710907025040205,0.8198231151145123,612.8587449860283,10.701655325770997,1.6500093198258827,7.037884152995759,2.200012426434511
1.225,1.770316058739275,393.4035686087278,5.4962026137323665,4.230613175613048,11.216085340420143,1.6387653276261733,10.051406865600658,8.851580293696374,9.89316470471826,29.375950505121395,1.3114900844400448,15.7025194765882,0.8193826638130867,613.0353047329842,10.766521791612446,1.661076764177747,7.062466391988903,2.214769018903663
1.2333333333333334,1.769370213442266,393.193380764948,5.486849275301173,4.228336545501878,11.210096449449614,1.6378891154797792,10.0542709477938,8.846851067211329,9.876328695542112,29.13216816603515,1.310784329105582,15.694135029229459,0.8189445577398896,613.2099851059438,10.831277551282373,1.6721382811534404,7.086844625897528,2.2295177082045874
1.2416666666666667,1.7684294458797742,392.98432130661655,5.477565209442427,4.226072007997116,11.204111057306267,1.6370176023769014,10.057104435120904,8.84214722939887,9.859617376996368,28.890408807540904,1.310082322479106,15.685755480228773,0.8185088011884507,613.3827994980239,10.89592342909776,1.683193902439479,7.111020561746953,2.2442585365859724
1.25,1.767493761354741,392.77639141216474,5.468350000380817,4.223819581753294,11.198130334042204,1.63615079345336,10.059907545677031,8.837468806773705,9.843030000685472,28.650655684240547,1.3093840703435211,15.677382467659084,0.81807539672668,613.5537612108421,10.960460237988803,1.6942436598037538,7.1349958740769885,2.258991546405005
1.2583333333333333,1.766563162832484,392.56959174055197,5.459203230152742,4.2215792794878615,11.192155377142479,1.6352886916676728,10.062680496443397,8.83281581416242,9.826565814274936,28.412892268357265,1.308689576641237,15.66901752799947,0.8176443458338364,613.7228834780828,11.024888783082398,1.7052875850409295,7.158772215665317,2.273716780054573
1.2666666666666666,1.76563765327832,392.36392295073784,5.4501244807945985,4.219351113918267,11.186187284092147,1.6344312999783581,10.065423504401227,8.8281882663916,9.810224065430278,28.177102032114252,1.307998845314663,15.660662197729005,0.8172156499891791,613.8901795334309,11.089209869505442,1.716325709945671,7.182351239289618,2.2884342799275617
1.275,1.764717234352923,392.1593854117607,5.441113333393497,4.217135094445413,11.180227111209566,1.6335786201286522,10.068136785773238,8.823586171764614,9.794004000108295,27.943268579544473,1.307311879278078,15.652317955693393,0.8167893100643261,614.0556625643097,11.153424297523689,1.7273580663074812,7.205734584546596,2.303144088409975
1.2833333333333332,1.7638019074155904,391.9559794256868,5.432169367883965,4.214931229714401,11.174275907593284,1.6327306535814534,10.070820557076116,8.819009537077951,9.777904862191138,27.711375509629736,1.3066286812114645,15.643986270630595,0.8163653267907267,614.2193457760724,11.217532868015036,1.7383846859835832,7.228923891538069,2.3178462479781112
1.2916666666666667,1.7628916697198207,391.7537043821824,5.423292161811441,4.212739517926432,11.168334591312721,1.6318873979748378,10.073475032139667,8.814458348599103,9.761925891260594,27.481406858865036,1.305949250557194,15.635668427837809,0.8159436989874189,614.3812422101984,11.281536365449712,1.749405600770938,7.251920756614539,2.332540801027917
1.3,1.761986517959786,391.55255954661914,5.414481292421026,4.210559955859657,11.16240406252608,1.63104885042582,10.076100424414971,8.80993258979893,9.746066326357848,27.25334672430606,1.3052735863164937,15.627365687536512,0.81552442521291,614.5413648850691,11.345435572015868,1.7604208424564312,7.274726770070437,2.347227789941908
1.3083333333333333,1.7610864486133335,391.3525441362964,5.405736336936554,4.2083925397407675,11.156485214233715,1.6302150078498492,10.078696947158605,8.805432243066667,9.730325406485798,27.027179230060547,1.304601687319638,15.6190792999272,0.8151075039249246,614.6997268072033,11.409231268841605,1.7714304428159913,7.297343519494988,2.3619072570879887
1.3166666666666667,1.7601914571451482,391.1536571433663,5.397056871914313,4.20623726322016,11.150578907292568,1.6293858662185794,10.081264813003544,8.80095728572574,9.714702369445764,26.80288860521821,1.3039335515982495,15.610810470209595,0.8146929331092897,614.8563409450862,11.472924233151906,1.7824344336164728,7.319772581979222,2.376579244821964
1.325,1.7593015378001269,390.95589728891713,5.388442473074149,4.204094116846978,11.14468596393746,1.6285614203674101,10.083804233849056,8.796507689000634,9.699196451533469,26.580459203979185,1.303269176222563,15.602560349512444,0.8142807101837051,615.011220222454,11.53651523753533,1.79343284661632,7.342015522103124,2.3912437954884274
1.3333333333333333,1.7584166820975728,390.75926268834957,5.379892715952445,4.201963084221148,11.138807116010163,1.6277416625920542,10.086315419101053,8.792083410487864,9.6838068887144,26.359875724609847,1.3026085561085559,15.594329962414228,0.8138708312960271,615.1643774109733,11.600005041066728,1.8044257134296504,7.364073870040058,2.4059009512395346
1.3416666666666666,1.75753688155679,390.5637514570644,5.371407176085579,4.199844148942598,11.132943095352449,1.6269265851882244,10.088798578165461,8.78768440778395,9.668532916954042,26.141122865376573,1.3019516861722054,15.586120333493428,0.8134632925941122,615.3158252823115,11.663394402820948,1.815413065670581,7.385949155963385,2.420550754227442
1.35,1.756662127114558,390.36936158101287,5.362985429218273,4.197737293123111,11.127094613889316,1.6261161799087307,10.091253919789384,8.78331063557279,9.653373772592891,25.924185407586737,1.3012985608681644,15.57793245944504,0.8130580899543653,615.4655765679546,11.726684078519854,1.8263949349038602,7.407642901742369,2.4351932465384807
1.3583333333333334,1.755792409384644,390.17609097436537,5.354627050337295,4.1956424980596205,11.121262374611279,1.6253104382057353,10.093681652798828,8.778962046923219,9.638328690607132,25.70904814505968,1.3006491743984825,15.569767324455789,0.8126552191028676,615.6136440042005,11.7898748236657,1.8373713527322,7.4291566279950745,2.4498284703096003
1.3666666666666667,1.7549277165772232,389.9839370171607,5.346331615312576,4.193559738908487,11.115446998269874,1.624509349291281,10.096081983289812,8.774638582886116,9.623396907562638,25.4956962151384,1.300003519061631,15.561625797577824,0.8122546746456405,615.7600401608456,11.852967379882658,1.848342350552904,7.450491820987203,2.4644564674038727
1.375,1.754068035970156,389.79289688225685,5.338098700516902,4.19148898844234,11.109649073330818,1.6237129015084335,10.098455116217863,8.770340179850779,9.608577660930424,25.284114894571196,1.2993615864171253,15.553508702663144,0.8118564507542168,615.9047775381275,11.915962483110714,1.8593079596715993,7.471649953043923,2.4790772795621328
1.3833333333333333,1.7532133548413034,389.60296774251185,5.329927882323058,4.189430219433805,11.103869188259823,1.6229210832002587,10.10080125653851,8.766066774206516,9.593870188181505,25.07428946010639,1.2987233680244796,15.545416863563752,0.8114605416001294,616.0478686362837,11.978860869289855,1.8702682113939124,7.492632496490404,2.4936909485252174
1.3916666666666666,1.7523636596016474,389.4141465781439,5.321818737842934,4.187383402435819,11.098107900849948,1.6221338819017115,10.1031206080083,8.761818298008237,9.57927372811728,24.866205328564785,1.298088854755104,15.537351061189927,0.8110669409508557,616.1893258824263,12.041663268563774,1.8812231369198433,7.513440909644564,2.5082975158931253
1.4,1.751518936508643,389.226430335254,5.313770843398999,4.18534850761926,11.092365765675378,1.6213512850050464,10.105413374640845,8.757594682543214,9.5647875181182,24.659847906157545,1.2974580373619704,15.52931207194553,0.8106756425025232,616.3291617193452,12.104370411781442,1.892172767499758,7.534076651885289,2.522897023333011
1.4083333333333332,1.750679169522092,389.03981544935385,5.305783778131308,4.183325499261438,11.08664325394598,1.6205732777602369,10.107679756834226,8.75339584761046,9.550410800636355,24.455203003382465,1.296830904771046,15.52130055552437,0.8102866388801184,616.4673883693195,12.166983012813933,1.9031171340396615,7.554541142162797,2.5374895120528826
1.4166666666666667,1.749844342472885,388.8542983273078,5.29785712134266,4.181314341308948,11.080940832183174,1.6197998452970583,10.109919954781283,8.749221712364424,9.536142818416788,24.25225645360028,1.2962074458057737,15.513317165056442,0.8098999226485292,616.6040180421105,12.22950178457095,1.9140562674258887,7.574835797141015,2.552075023234519
1.425,1.749014438985883,388.66987533019625,5.289990452764535,4.1793149971777686,11.075258959010734,1.6190309725531091,10.112134168260745,8.745072194929415,9.521982814976163,24.05099413320632,1.2955876491251084,15.505362542615027,0.8095154862765546,616.7390629222228,12.291927438108125,1.9249901985006597,7.594962029180411,2.5666535980008804
1.4333333333333333,1.7481894422934925,388.48654273188725,5.28218335221858,4.177327429281963,11.069598079751932,1.6182666441002507,10.11432259663353,8.740947211467462,9.507930033993444,23.85140197258303,1.2949715030774085,15.497437311652705,0.8091333220501253,616.872535168679,12.354260682317982,1.9359189580767764,7.614921245242741,2.5812252774357027
1.4416666666666667,1.7473693345640346,388.30429656978555,5.274435401197447,4.175351597301738,11.063958600243167,1.617506843518046,10.11648543739921,8.736846672820173,9.493983722155406,23.653466103447176,1.2943589951635388,15.489542040340433,0.808753421759023,617.0044468269778,12.416502217540682,1.9468425767800503,7.634714832156326,2.5957901023734014
1.45,1.7465540968571311,388.123132634918,5.2667461836468386,4.173387458060196,11.058340883470107,1.6167515533518269,10.118622885754204,8.732770484285655,9.48014313056431,23.45717289472919,1.2937501119986607,15.481677236858149,0.8083757766759134,617.134809802149,12.47865273386372,1.9577610849879217,7.654344153028124,2.6103481133172295
1.4583333333333333,1.745743710232404,387.943046718312,5.25911528351246,4.171434968380436,11.052745292418425,1.6160007561469258,10.120735136894933,8.72871855116202,9.466407510322428,23.262508715359505,1.293144840197935,15.473843409385793,0.8080003780734629,617.263635999222,12.540712921374586,1.9686745130778305,7.673810570965093,2.6248993507704412
1.4666666666666666,1.7449381553762628,387.76403452805846,5.251542285849829,4.169494084120327,11.047172174968603,1.6152544341003987,10.122822385097255,8.724690776881314,9.452776114529692,23.06946002507491,1.2925431660773012,15.466041044956043,0.8076272170501994,617.3909372670815,12.602683466173778,1.9795828913222273,7.6931154399935515,2.639443855096304
1.475,1.744137412807476,387.5860917349947,5.244026775199388,4.167564760716528,11.041621874645148,1.6145125692533302,10.124884824741827,8.72068706403738,9.439248195358898,22.87801328531358,1.2919450758221236,15.458270624503207,0.8072562846266651,617.5167254610041,12.664565054482344,1.990486250022695,7.712260113969685,2.6539816666969274
1.4833333333333334,1.7433414617053593,387.40921371230206,5.23656834043692,4.16564695013722,11.03609467991565,1.613775142396686,10.126922646725419,8.716707308526797,9.425823012786456,22.688155296994097,1.2913505545425383,15.450532551881908,0.806887571198343,617.6410122237833,12.726358357548083,2.00138461907751,7.731245912801633,2.668512825436681
1.4916666666666667,1.7425502809323317,387.23339576274043,5.229166571542136,4.163740603529032,11.030590866034496,1.6130421340256331,10.12893604108054,8.712751404661658,9.412499828775845,22.49987294436939,1.2907595870939998,15.442827212448293,0.8065210670128166,617.7638091455021,12.78806404292874,2.0122780282836423,7.750074148064104,2.6830373710448576
1.5,1.7417638493418328,387.058633187074,5.221821058540579,4.1618456720151356,11.02511070784685,1.6123135246269513,10.13092519780777,8.708819246709163,9.399277905373042,22.313153114615133,1.2901721583246921,15.435154990985588,0.8061567623134757,617.8851278142959,12.849682778050045,2.023166507434095,7.768746131039529,2.6975553432454604
1.5083333333333333,1.7409821453021317,386.88492117825155,5.2145313933860065,4.159962105457989,11.019654459398343,1.61158929423444,10.132890305462666,8.704910726510658,9.386156508094812,22.127982831679244,1.2895882526919766,15.427516243157678,0.80579464711722,618.0049797301681,12.911215224238969,2.0340500861488326,7.787263159333118,2.7120667815317776
1.5166666666666666,1.7402051470578244,386.71225490173873,5.207297167621052,4.158089853409732,11.014222371593961,1.610869422766853,10.134831552694301,8.701025735289122,9.373134901717894,21.944349119547095,1.2890078545570167,15.419911320231545,0.8054347113834265,618.1233763988255,12.972662042971006,2.044928794071702,7.805626530546333,2.7265717254289368
1.525,1.7394328317611523,386.5406292802561,5.2001179783782305,4.156228862568756,11.008814645518905,1.6101538891224865,10.136749124259552,8.69716415880576,9.360212361080816,21.762239358312335,1.2884309473963143,15.412340503726465,0.8050769445612432,618.2403290885901,13.03402387963485,2.055802660362927,7.823837506669809,2.741070213817237
1.5333333333333332,1.738665176564355,386.3700392365234,5.192993422790063,4.154379079633455,11.003431482258366,1.6094426721996382,10.138643204915299,8.693325882821775,9.347388161022113,21.581640928068612,1.287857514686371,15.404804075161712,0.8047213360998191,618.3558490677841,13.095301379619189,2.066671714182732,7.8418973496941815,2.755562285576977
1.5416666666666667,1.7379021584857939,386.2004796635098,5.185923098937951,4.152540450949236,10.998073076160289,1.6087357507714155,10.140513978806387,8.689510792428969,9.334661578088312,21.402541262734264,1.2872875397942631,15.397302306624404,0.8043678753857078,618.4699475674016,13.156495185843282,2.077535984612192,7.859807316227616,2.7700479794829236
1.55,1.7371437543829977,386.03194541844397,5.178906605005733,4.150712922450164,10.992739615962114,1.6080331034610151,10.142361629873397,8.685718771914988,9.32203188901032,21.22492782085058,1.2867210059595509,15.389835462346959,0.8040165517305076,618.5826358059785,13.217605940217778,2.0883955007154698,7.877568660415984,2.784527334287294
1.5583333333333333,1.7363899404839604,385.86443121865796,5.171943543301576,4.148896438414604,10.987431259528691,1.607334708303115,10.14418633935175,8.681949702419802,9.309498377942838,21.04878830102761,1.2861578959085271,15.382403763340166,0.8036673541515575,618.6939248370633,13.278634273678554,2.099250291209991,7.895182612398282,2.7990003882799885
1.5666666666666667,1.735640692643202,385.69793169848936,5.165033518999093,4.147090942133541,10.982148145407683,1.6066405429830601,10.145988286657749,8.67820346321601,9.297060334198367,20.874110560454472,1.285598192061398,15.375007403570754,0.8033202714915301,618.8038256032561,13.339580809860495,2.1101003845759294,7.912650386455595,2.8134671794345736
1.575,1.7348959867152438,385.5324414922764,5.158176137271894,4.145296376897968,10.976890412146755,1.6059505851861962,10.147767651207687,8.674479933576219,9.28471704708941,20.700882456320283,1.28504187683837,15.367646577005456,0.8029752925930981,618.9123490471568,13.400446172398484,2.120945809293461,7.929973196869014,2.8279277457246152
1.5833333333333333,1.7341557983587994,385.3679551908444,5.1513710051629,4.1435126854767,10.9716581872877,1.6052648124145457,10.149524611276252,8.670778991793997,9.27246780929322,20.52909194312035,1.2844889324977768,15.360321462202778,0.8026324062072728,619.0195060417386,13.46123098040686,2.1317865936907148,7.947152248189007,2.8423821249209533
1.5916666666666666,1.7334201031349494,385.2044673633221,5.1446177292906095,4.141739810394825,10.966451596130288,1.6045832020793547,10.151259345263293,8.667100515674747,9.260311912723097,20.35872697151145,1.2839393412223958,15.353032234582402,0.8022916010396773,619.1253074676083,13.5219358533064,2.142622766122236,7.9641887453498965,2.856830354829649
1.6,1.7326888760252244,385.04197245004985,5.137915922683065,4.139977692621164,10.961270729301127,1.6039057310488651,10.152972027740917,8.663444380126121,9.248248660829516,20.189775813996942,1.2833930847125607,15.345779021021578,0.8019528655244326,619.2297639719186,13.58256139548308,2.153454354426476,7.9810838611013475,2.871272472568635
1.6083333333333334,1.7319620919349963,384.88046487444365,5.13126519924817,4.138226272919562,10.956115672780504,1.6032323761199465,10.154662832758984,8.659810459674981,9.236277358646706,20.022226786824827,1.2828501446050642,15.338561941892705,0.8016161880599733,619.3328861699704,13.643108209276186,2.16428138637123,7.997838763818559,2.8857085151616406
1.6166666666666667,1.7312397257445646,384.7199390543477,5.124665173336774,4.136485491984506,10.95098651065233,1.6025631140658978,10.156331934116949,8.656198628722823,9.224397312006193,19.8560682265612,1.2823105025151968,15.33138111491326,0.8012815570329489,619.4346846617927,13.703576896061875,2.1751038896894817,8.014454619844921,2.900138519585977
1.625,1.7305217521877965,384.5603893750659,5.118115460783714,4.134755290118928,10.945883318563954,1.6018979215228835,10.157979504716492,8.652608760938982,9.212607829410684,19.691288545862154,1.2817741399368676,15.324236645989535,0.8009489607614417,619.5351699926589,13.763968053673263,2.185921891994027,8.030932587914826,2.9145625226587035
1.6333333333333333,1.7298081458167762,384.4018101815059,5.111615679258402,4.133035607139774,10.940806161707707,1.6012367749568301,10.15960571634871,8.64904072908388,9.200908222665124,19.527876251546314,1.28124103821333,15.317128626390788,0.8006183874784151,619.6343526401077,13.824282275559606,2.196735420749036,8.04727381734641,2.9289805609987156
1.6416666666666666,1.729098880881563,384.2441957514585,5.105165451931295,4.131326382026449,10.935755082036893,1.6005796505496799,10.1612107377037,8.645494404407815,9.18929781347633,19.365820101565838,1.2807111784281993,15.31005711485165,0.8002898252748399,619.7322428925487,13.884520143256005,2.207544502986862,8.063479432344458,2.9433926706491502
1.65,1.728393931632218,384.0875403627152,5.098764401972848,4.129627553758357,10.930730121504821,1.5999265244833754,10.162794737471566,8.64196965816109,9.177775923551126,19.20510885387289,1.2801845416650905,15.303022170106749,0.7999632622416877,619.8288510383909,13.944682238297567,2.2183491657398573,8.079550557113752,2.9577988876531442
1.6583333333333332,1.7276932722677611,383.93183828172477,5.092412153973601,4.127939061167343,10.925731316964317,1.5992773728916396,10.164357883567265,8.638466361338805,9.166341877152483,19.045731327791636,1.2796611089618763,15.296023843750042,0.7996386864458198,619.9241873187675,14.004769139280123,2.229149435930433,8.095488309721878,2.9721992479072457
1.6666666666666667,1.726996876908678,383.7770837574841,5.086108332494047,4.126260842885396,10.920758702719233,1.5986321718350311,10.165900343847138,8.63498438454339,9.154994998489284,18.887676351570736,1.2791408612944728,15.289062183806925,0.7993160859175156,620.0182619712369,14.064781424458573,2.2399453404788003,8.111293807343968,2.9865937873050683
1.675,1.7263047194673078,383.62327099273506,5.07985256796338,4.1245928369417895,10.91581229208765,1.5979908971774275,10.167422282966754,8.631523597336539,9.143734622334085,18.73093300673031,1.2786237794519546,15.282137208922709,0.7989954485887137,620.1110850381424,14.12471965995494,2.250736905850976,8.12696814182801,3.000982541134636
1.6833333333333333,1.725616773785356,383.4703941745236,5.073644493203623,4.1229349811563445,10.910892090306252,1.5973535247157773,10.168923864290061,8.62808386892678,9.132560087766521,18.57549047622806,1.2781098441584668,15.275248926428752,0.7986767623578886,620.2026664830508,14.184584407016436,2.261524158328602,8.142512394878235,3.0153655444381373
1.6916666666666667,1.7249330137045282,383.31844748989516,5.067483741036795,4.121287213348887,10.905998102611724,1.5967200302470295,10.170405251181005,8.62466506852264,9.12147073386623,18.421337943021683,1.2775990361381548,15.268397343656412,0.7983600151235147,620.2930162695295,14.244376226890273,2.27230712419332,8.157927648198871,3.0297428322577615
1.7,1.7242534130156475,383.16742511458835,5.061369946794065,4.119649471178712,10.901130326540223,1.5960903895195522,10.171866605670951,8.621267065078237,9.110465904229319,18.268464693461418,1.2770913360654006,15.261582457156312,0.7980451947597761,620.3821442798713,14.304095675829222,2.2830858295347487,8.173214973154899,3.0441144393796664
1.7083333333333333,1.723577945447286,383.01732121050804,5.055302745394048,4.118021692151472,10.896288758537223,1.595464578223901,10.173308089943854,8.61788972723643,9.099544941709286,18.11686000596374,1.2765867245669562,15.254804261952112,0.7977322891119505,620.4700604056757,14.36374331054976,2.293860300470068,8.188375441904666,3.0584804006267583
1.7166666666666666,1.7229065846439238,382.868129920872,5.0492817791756925,4.116403813467339,10.891473374490818,1.5948425719688222,10.174729862305345,8.614532923219619,9.088707202516247,17.96651345618623,1.276085182174875,15.248062724287145,0.7974212859844111,620.556774302003,14.423319673334316,2.304630562552356,8.203410096882418,3.072840750069809
1.7249999999999999,1.7222393042457371,382.71984538794163,5.043306690884288,4.114795772310525,10.886684149173407,1.5942243463588612,10.176132080848962,8.611196521228685,9.077952043591718,17.817414636024807,1.2755866894162626,15.241357808842768,0.7971121731794306,620.6422956109782,14.48282530567643,2.315396641303819,8.21831997889856,3.0871955217384266
1.7333333333333334,1.721576077895616,382.5724617545813,5.037377124102355,4.113197505861879,10.88192105544518,1.5936098770007032,10.17751490324214,8.60788038947808,9.067278823384239,17.669553169346432,1.2750912268171826,15.234689477623249,0.7968049385003516,620.7266339487381,14.542260747502828,2.3261585621837084,8.233106125566398,3.1015447495782795
1.7416666666666667,1.7209168791990455,382.42597315534346,5.03149272329906,4.111608951196009,10.877184062796875,1.5929991394657674,10.178878486663145,8.604584395995227,9.056686901938308,17.522918719046963,1.2745987748707628,15.228057687915625,0.7964995697328837,620.8097989015852,14.601626536877049,2.336916350582318,8.247769570596345,3.1158884674430922
1.75,1.7202616817442444,382.2803737209432,5.0256531367578745,4.110030045296675,10.87247313101848,1.592392109307608,10.180222986321088,8.601308408721222,9.046175646164174,17.377501097481545,1.2741093140419693,15.221462383425873,0.796196054653804,620.8917999357232,14.660923204574459,2.3476700316014494,8.262311332752887,3.130226708801934
1.7583333333333333,1.7196104591423436,382.1356575871875,5.019858017320485,4.108460725150094,10.867788209760603,1.591788762099007,10.18154855511291,8.598052295711717,9.035744431176873,17.23329029002439,1.273622824796529,15.214903493664842,0.7958943810495035,620.9726463763363,14.720151272881203,2.358419630000617,8.276732413498603,3.1445595066674907
1.7666666666666666,1.7189631850044724,381.9918188898828,5.014107017828579,4.106900927742483,10.863129248673847,1.591189073412746,10.182855345935534,8.594815925022361,9.025392632091442,17.09027628204971,1.2731392876001697,15.208380948143384,0.795594536706373,621.0523475486083,14.779311264083429,2.369165170539334,8.291033814296071,3.158886894052447
1.775,1.718319832966162,381.84885177025825,5.0083997929421304,4.105350590099945,10.858496193873581,1.5905930188434962,10.184143510777929,8.591599164830809,9.015119627295835,16.948449125990738,1.2726586829309832,15.201894671423013,0.7952965094217481,621.1309127223459,14.83840369715814,2.3799066778414413,8.30521652990197,3.1732089037885896
1.7833333333333332,1.7176803766146413,381.70675035880924,5.002735997189231,4.103809649127061,10.85388899017846,1.5900005739409835,10.1854132016511,8.588401883073207,9.004924794940615,16.80779887538955,1.2721809912293889,15.195444586249842,0.7950002869704917,621.2083511687006,14.897429091086865,2.390644176537979,8.319281554962087,3.1875255687173065
1.7916666666666667,1.7170447896453993,381.5655088100888,4.997115291932722,4.102278041920507,10.849307569670575,1.5894117143526265,10.186664567168659,8.585223948226997,8.994807525478901,16.66831583373278,1.2717061929953573,15.189030597538803,0.7947058571763133,621.2846719516166,14.95638795249613,2.401377690750943,8.333229859127764,3.201836921001259
1.8,1.7164130457836426,381.42512128525397,4.991537340201262,4.100755705632279,10.844751861439025,1.5888264157527612,10.187897755119327,8.582065228918212,8.984767212362271,16.529990364997506,1.2712342687460065,15.182652606014635,0.7944132078763806,621.3598840847277,15.015280785018081,2.4121072444784497,8.347062406001292,3.2161429926379346
1.8083333333333333,1.7157851187566142,381.28558194591426,4.986001805096808,4.099242577418662,10.84022179446549,1.588244653817585,10.189112913256198,8.57892559378307,8.974803249174254,16.392812835729327,1.270765198999785,15.176310512251685,0.7941223269087925,621.4339965794956,15.074108092156782,2.4228328617132058,8.36078015892811,3.2304438156176087
1.8166666666666667,1.7151609823504181,381.1468849667596,4.980508352489635,4.09773859455202,10.835717293073998,1.587666404276854,10.190310187970443,8.57580491175209,8.964915034481344,16.25677371178332,1.2702989643111262,15.170004210303595,0.793833202138427,621.5070183643173,15.132870372488053,2.433554566242586,8.37438407132271,3.2447394216567824
1.825,1.7145406103157192,381.00902451460433,4.975056648193046,4.096243694215066,10.831238280541907,1.587091642827328,10.191489725649037,8.572703051578596,8.955101966747483,16.121863461363937,1.2698355452066705,15.163733592758668,0.793545821413664,621.5789583673347,15.191568124515932,2.4442723818562526,8.387875096364649,3.2590298424750044
1.8333333333333333,1.7139239766098393,380.8719948021865,4.9696463654443574,4.094757814026236,10.82678466928476,1.5865203453548726,10.19265166907249,8.569619883049196,8.945363457799843,15.988072812738025,1.2693749223481332,15.157498536998663,0.7932601726774363,621.6498252967311,15.250201833774966,2.4549863317959826,8.401254161227241,3.2733151090613113
1.8416666666666666,1.7133110551901014,380.7357900422448,4.964277177480883,4.093280891603967,10.822356371718104,1.5859524877453537,10.193796161021309,8.566555275950506,8.93569891946559,15.855392494172436,1.2689170763972297,15.151298920405345,0.7929762438726768,621.7196278606897,15.308771985799709,2.465696439303554,8.4145221930838,3.2875952524047394
1.8499999999999999,1.712701820055,380.6004044566667,4.958948758708945,4.091812864657309,10.817953298835251,1.5853880459224563,10.194923343716253,8.563509100274999,8.9261077656761,15.723813273776354,1.268461988043766,15.145134618369351,0.7926940229612282,621.7883747332543,15.367279064126175,2.476402727534962,8.427680115123406,3.3018703033799506
1.8583333333333334,1.712096245191053,380.4658322646785,4.953660783954261,4.090353670859635,10.81357536022646,1.5848269957985113,10.196033359152068,8.560481225955265,8.91658941111767,15.593325937385883,1.2680096379664867,15.139005504317042,0.7924134978992556,621.8560745746846,15.42572355143803,2.4871052196139116,8.440728848762454,3.31614029281855
1.8666666666666667,1.7114943047585485,380.3320677241219,4.948412933215758,4.088903248263819,10.809222458906785,1.584269313445358,10.197126346838463,8.557471523792742,8.907143279788365,15.463921448233855,1.2675600069617836,15.132911442469497,0.792134656722679,621.9227358936779,15.484105921532151,2.497803938284016,8.453669297677656,3.3304052510453563
1.875,1.7108959730435538,380.19910512078974,4.943204889903921,4.087461535201523,10.804894493928483,1.5837149750504473,10.198202444656866,8.554479865217768,8.897768801827057,15.335590885104923,1.2671130759124722,15.126852291499874,0.7918574875252237,621.9883670996223,15.542426642401463,2.508498906038868,8.46650235399055,3.344665208051825
1.8833333333333333,1.710301224332136,380.06693874047465,4.938036337429231,4.086028470004412,10.800591364343811,1.5831639568012303,10.199261790488713,8.55150612166068,8.888465407372616,15.208325326783743,1.2666688257013676,15.120827910081333,0.7915819784006152,622.0529766019066,15.600686182038892,2.519190145372059,8.479228909822668,3.358920193829413
1.8916666666666666,1.709710032998672,379.9355628885938,4.9329069613566405,4.084603991202834,10.79631296699875,1.5826162349664403,10.20030452119549,8.54855016499336,8.879232530441953,15.082115923889091,1.2662272372728787,15.114838153798248,0.7913081174832202,622.1165727477129,15.65888500481697,2.5298776786197887,8.491849850112134,3.37317023815972
1.9,1.7091223733820042,379.8049718626676,4.92781644705749,4.083188037238928,10.792059198016325,1.582071785781791,10.201330773704376,8.54561186691002,8.870069604703481,14.956953824126101,1.2657882915440677,15.108882877222854,0.7910358928908955,622.1791638882299,15.717023575293936,2.5405615281308394,8.504366060088433,3.3874153708411208
1.9083333333333332,1.7085382201329313,379.6751600295403,4.922764487073413,4.081780547262114,10.787829946779455,1.5815305857703355,10.202340681565083,8.542691100664657,8.860976076732143,14.832830411954578,1.2653519696512554,15.102961925491236,0.7907652928851677,622.2407581686545,15.77510234607031,2.551241715731199,8.516778401305585,3.401655620974933
1.9166666666666667,1.7079575479446438,379.54612176547647,4.917750774905361,4.0803814605181135,10.783625101791149,1.58099261149418,10.203334377876065,8.539787739723218,8.85195139482965,14.709737103425661,1.264918252760615,15.097075142507608,0.79049630574709,622.3013637066612,15.833121768150113,2.5619182631769486,8.529087732158477,3.415891017569266
1.925,1.7073803315339857,379.41785145199685,4.912775004528033,4.078990716307133,10.779444551210698,1.5804578395372517,10.204311995515486,8.536901657669928,8.84299500815046,14.587665329842487,1.2644871220552112,15.091222371694977,0.7902289197686259,622.3609886064895,15.891082291762695,2.5725911921897997,8.541294909516793,3.4301215895864012
1.9333333333333333,1.7068065456873072,379.29034348606825,4.907836871575773,4.077608254086205,10.775288181547134,1.5799262465474684,10.205273666577224,8.534032728436536,8.834106368836391,14.46660657765438,1.2640585587667235,15.085403454165988,0.7899631232737342,622.4196409245449,15.948984364355997,2.5832605243703064,8.553400784735604,3.444347365827077
1.9416666666666667,1.706236165281032,379.1635922846738,4.902936073816963,4.0762340135158,10.771155877211013,1.5793978092556857,10.206219522147329,8.53118082640516,8.825284932870533,14.346552404129573,1.2636325441898981,15.079618228095418,0.7896989046278429,622.4773286557656,16.006828429805065,2.59392628116327,8.565406202088084,3.4585683748843614
1.95,1.7056691654783132,379.03759232851405,4.898072314721628,4.074867934917386,10.767047518544066,1.5788725046572747,10.207149690662574,8.528345827391565,8.81653016649893,14.227494549835336,1.2632090598243897,15.07386652596169,0.7894362523286373,622.5340596335104,16.06461492267211,2.604588483599971,8.57731198751751,3.4727846447999626
1.9583333333333333,1.705105521442302,378.9123380982894,4.893245297759794,4.07350995861243,10.762962985888018,1.578350309747606,10.208064300559721,8.52552760721151,8.80784153596763,14.109424755338932,1.2627880871698534,15.068148180243224,0.789175154873803,622.5898416911374,16.122344277519343,2.6152471527116896,8.589118966967149,3.4869962036155875
1.9666666666666666,1.7045452084140242,378.7878240920054,4.888454727835338,4.0721600251033285,10.758902158753871,1.5778312015939449,10.20896347961472,8.52272604207012,8.799218510103609,13.992334806563681,1.2623696077820319,15.06246302225542,0.7889156007969724,622.6446826217018,16.18001692659616,2.6259023094260407,8.600827961844674,3.501203079234722
1.9749999999999999,1.7039882016238046,378.6640448052899,4.883700309981391,4.07081807486361,10.754864915986216,1.577315157253525,10.209847355527277,8.519941008119023,8.790660557966504,13.876216495795642,1.261953603207719,15.056810882380702,0.7886575786267624,622.6985902136087,16.2376333018538,2.63655397466029,8.612439792921478,3.5154052995470546
1.9833333333333334,1.7034344766235077,378.54099480522393,4.878981755137128,4.069484049114036,10.750851133033837,1.5768021540804378,10.210716053275913,8.517172383117538,8.782167159246832,13.761061802042901,1.261540055225351,15.051191586247372,0.7884010770402189,622.751572089298,16.29519382572094,2.6472021689047476,8.623955262296752,3.5296028918729982
1.9916666666666667,1.702884009095878,378.4186686879729,4.874298776588828,4.068157889380224,10.746860684099433,1.576292169549635,10.21156969676065,8.514420045479389,8.77373779785989,13.646862778120525,1.2611289457078694,15.045604957739206,0.7881460847748175,622.803635805432,16.352698916857584,2.657846912480223,8.635375164688991,3.543795883306965
2.0,1.7023367747236584,378.2970610497019,4.869651087622764,4.066839537187792,10.7428934433857,1.5757851811360684,10.212408409881514,8.511683873618292,8.765371957720976,13.533611476843573,1.2607202565282154,15.04005082073998,0.7878925905680342,622.8547889186735,16.410148993923748,2.668488225707526,8.646700294816686,3.557984300943369
2.0083333333333333,1.7017927493313285,378.17616651807305,4.865038403973438,4.065528934393638,10.73894928396964,1.5752811664456146,10.213232315418468,8.508963746656642,8.757069127152189,13.42130002734472,1.2603139696620276,15.034528997557496,0.7876405832228073,622.9050389173724,16.4675444716748,2.67912612873096,8.657931439766571,3.572168171641281
2.0166666666666666,1.7012519087122993,378.05597971384424,4.860460441118395,4.064226022778614,10.735028078505927,1.5747801030553241,10.214041536253797,8.506259543561496,8.74882879401311,13.30992055282452,1.2599100670613703,15.029039309908296,0.7873900515276621,622.9543932961191,16.524885765194,2.689760641712435,8.669069387218592,3.586347522283248
2.025,1.7007142290848467,377.93649535218816,4.8559169216088796,4.06293074511989,10.731129696909106,1.5742819689348375,10.214836192048022,8.503571145424234,8.740650458895983,13.19946539501985,1.2595085309871659,15.023581575672747,0.7871409844674188,623.0028593530088,16.582173278360504,2.7003917843047467,8.680114902999058,3.6005223790729968
2.033333333333333,1.7001796866897276,377.81770815327286,4.851407568369343,4.061643044247364,10.727254008951348,1.5737867420745693,10.215616402291746,8.500898433448638,8.732533623064818,13.08992690718904,1.259109343716683,15.018155612531887,0.7868933710372846,623.0504443757736,16.63940741446268,2.7110195761338316,8.69106875178214,3.6146927681784438
2.0416666666666665,1.6996482578174665,377.6996128483259,4.846932105104894,4.060362863108233,10.723400884198544,1.573294400510943,10.216382286122725,8.498241289087332,8.72447778918881,12.981297466338718,1.2587124875635523,15.01276123787796,0.7866472002554715,623.097155630625,16.69658857556697,2.721644036769604,8.701931695867172,3.628858715692807
2.05,1.6991199188052997,377.58220417895546,4.842490256406794,4.059090144757899,10.71957019165589,1.5728049223234957,10.217133962268983,8.495599594026498,8.71648246153223,12.873569477688253,1.2583179448749489,15.007398268318246,0.7864024611617478,623.1430003587853,16.753717162303275,2.732265185717831,8.712704494732218,3.6430202476237756
2.058333333333333,1.6985946462139527,377.46547693643396,4.838081750482963,4.057824832777134,10.715761799136718,1.5723182857983256,10.217871547817209,8.492973231069763,8.708547150869332,12.766735457387014,1.2579256981609115,15.002066518791406,0.7861591428991628,623.1879857013716,16.810793569604723,2.7428830422243293,8.723387896762341,3.6571773896324404
2.0666666666666664,1.6980724168711234,377.3494259713608,4.833706319697947,4.0565668713762975,10.71197557342215,1.571834469468357,10.218595157977214,8.490362084355617,8.700671375456304,12.66078804777835,1.2575357301266523,14.996765802791009,0.7859172347341785,623.2321186850303,16.867818185908316,2.753497625236732,8.733982637723209,3.671330166982311
2.075,1.6975532076045092,377.2340461343354,4.829363696416298,4.055316204765756,10.7082113812933,1.5713534518665142,10.219304907958806,8.487766038022546,8.692854653549336,12.555719891205605,1.2571480234773842,14.991495933810619,0.7856767259332571,623.2754063364076,16.924791399651046,2.764108953702673,8.744489453380483,3.6854786049368986
2.0833333333333335,1.6970369953512874,377.1193323002861,4.825053614649392,4.054072777414762,10.704469089246118,1.5708752116269673,10.220000912231688,8.485184976756436,8.685096506368906,12.451523679533457,1.2567625609985762,14.986256724944564,0.7854376058134837,623.3178556370107,16.98171359671494,2.774717046451854,8.754909074547697,3.699622728602473
2.091666666666667,1.6965237570354117,377.00527934120265,4.820775808383095,4.052836533759171,10.700748563396148,1.570399727371576,10.22068328526617,8.482618785177058,8.677396455089571,12.348192105338835,1.256379325465343,14.981047988754607,0.785199863685788,623.3594735683838,17.038585162963287,2.785321922315153,8.76524223196716,3.7137625630868722
2.1,1.6960134699930376,376.89188222067503,4.816530017740662,4.051607419210367,10.697049668936089,1.5699269781034284,10.221352138778256,8.480067349965188,8.669754031933191,12.245718045216575,1.2559982999552135,14.975869536510523,0.7849634890517142,623.4002669440858,17.095406474758757,2.7959235996841874,8.775489637979387,3.727898132912251
2.1083333333333334,1.6955061116597105,376.7791359243801,4.812315984313125,4.050385379415093,10.693372270864936,1.5694569429175391,10.222007583826002,8.477530558298552,8.662168771763625,12.144094419666184,1.2556194676186787,14.97072117921091,0.7847284714587696,623.4402425375479,17.152177906196,2.8065220968455695,8.785652000534425,3.742029462460761
2.1166666666666667,1.6950016594762172,376.66703543915946,4.808133449765808,4.049170360032549,10.689716234178944,1.568989600913772,10.222649731434363,8.475008297381086,8.654640209578455,12.043314151382397,1.2552428116100902,14.96560272785052,0.784494800456886,623.4794071201818,17.20889983125595,2.8171174320806087,8.795730027362804,3.7561565761074793
2.125,1.6945000910494725,376.5555757887717,4.80398215818422,4.047962307115751,10.68608142363002,1.5685249313456615,10.223278691545543,8.472500455247362,8.647167884731596,11.943370235164833,1.2548683152058828,14.960513993082026,0.7842624656728308,623.5177673973627,17.26557262019122,2.827709623497601,8.80572441898456,3.770279497996803
2.1333333333333333,1.6940013839832835,376.4447519962852,4.799861853732186,4.046761166708829,10.682467703679004,1.5680629134638082,10.223894574058727,8.470006919916417,8.639751336717936,11.84425566923495,1.2544959616797369,14.955454785150605,0.7840314567319041,623.5553300718418,17.322196643090894,2.8382986891987647,8.815635875577549,3.7843982522650204
2.1416666666666666,1.6935055163351909,376.334559185598,4.795772287001838,4.045566885933748,10.678874938554257,1.5676035269386053,10.224497486008923,8.467527581675954,8.632390116603307,11.745963641732722,1.2541257346394619,14.95042491397596,0.7838017634693026,623.5921016716843,17.378772260204325,2.8488846468274795,8.82546507832777,3.7985128624366404
2.15,1.6930124661627364,376.22499248060814,4.791713208585306,4.044379411912476,10.675302992484138,1.567146751440446,10.225087534431138,8.465062330813682,8.62508377545355,11.648487340798122,1.2537576176928675,14.94542418947779,0.783573375720223,623.6280887249551,17.435299831780885,2.8594675140271266,8.835212708421231,3.81262335203617
2.158333333333333,1.692522211596816,376.1160470215147,4.787684370082549,4.043198691941619,10.671751729734641,1.5666925667076057,10.225664825913421,8.462611057984079,8.617831866148588,11.551819984061579,1.2533915945019019,14.940452421628496,0.7833462833538029,623.6632977324596,17.491779716538506,2.870047308369275,8.844879444094884,3.826729744492368
2.1666666666666665,1.69203473079084,376.00771795352,4.78368552349893,4.042024673370205,10.668221014353456,1.5662409524991494,10.226229466857449,8.4601736539542,8.610633942298074,11.45595480191381,1.2530276487447636,14.935509420094837,0.7831204762495747,623.6977351836358,17.5482122725437,2.880624047396213,8.854465962309662,3.840832063194952
2.175,1.6915500022214482,375.90000049365517,4.779716425309904,4.0408573043164235,10.664710710484052,1.565791888873241,10.226781561680475,8.45775001110724,8.603489565557828,11.360885155820586,1.2526657643380914,14.930594994677671,0.7828959444366205,623.7314074468923,17.60459785105972,2.8911977483316,8.863972926918985,3.8549303311088012
2.183333333333333,1.6910680045766495,375.79288990592215,4.775776834874755,4.039696533401933,10.66122068242666,1.5653453560836563,10.227321213522208,8.455340022883247,8.596398302774558,11.266604491444202,1.2523059253545992,14.925708955397322,0.7826726780418282,623.7643208127195,17.660936798975136,2.901768428193697,8.873400993356622,3.869024570924931
2.1916666666666664,1.690588716544454,375.68638145432317,4.771866511552761,4.038542309248391,10.657750794481514,1.5649013343841702,10.227848525522342,8.45294358272227,8.58935972079497,11.173106254446948,1.2519481158670012,14.920851112274118,0.7824506671920851,623.7964815716076,17.717229463178544,2.912336104000766,8.882750817056348,3.883114805334356
2.2,1.6901121169490716,375.5804704331271,4.767985216529739,4.037394580802259,10.654300911125656,1.5644598041546167,10.2283636000136,8.450560584745357,8.582373389753531,11.080383943520753,1.2515923200487002,14.916021275575917,0.7822299020773084,623.8278959648295,17.773476187799485,2.922900792641107,8.892023048148967,3.8972010568548106
2.2083333333333335,1.689638184599339,375.4751521331865,4.764132710883172,4.03625329697214,10.65087089658216,1.5640207457605564,10.228866539369708,8.448190922996694,8.57543887958971,10.988431055148313,1.2512385220613633,14.911219255215023,0.7820103728802782,623.8585702361585,17.82967731709424,2.9334625110103123,8.901218336986211,3.9112833480137517
2.216666666666667,1.6891668987578097,375.37042194618,4.7603087617104745,4.035118407749439,10.64746061581803,1.563584139987515,10.229357443309265,8.445834493789048,8.568555771078854,10.897241259969034,1.2508867064023261,14.906444862145241,0.7817920699937575,623.8885104674321,17.885833186250228,2.9440212755759205,8.91033731650414,3.925361700767896
2.225,1.6886982387466862,375.2662752770415,4.756513136898245,4.033989863267942,10.644069933903403,1.563149967676231,10.229836411202959,8.443491193733431,8.56172364641684,10.806808251431901,1.2505368576130618,14.901697907464762,0.7815749838381155,623.9177227192685,17.941944129266826,2.9545771027493606,8.919380617357852,3.939436136999149
2.2333333333333334,1.6882321839190824,375.16270753757385,4.752745604732285,4.032867613735338,10.640698715985263,1.5627182096960601,10.230303542246181,8.441160919595411,8.554942088518112,10.717125734428961,1.2501889602579546,14.896978202379366,0.7813591048480301,623.9462130415947,17.998010479546203,2.9651300089137225,8.928348869058146,3.9535066785516317
2.2416666666666667,1.6877687137311796,375.0597141624844,4.749005934876335,4.031751609605163,10.637346827354621,1.5622888470117533,10.23075893502584,8.438843568655898,8.548210682777404,10.62818745381713,1.2498429989776003,14.892285558296468,0.7811444235058767,623.973987447226,18.0540325684107,2.9756800103540706,8.937242697119329,3.9675733471387624
2.25,1.687307807776984,374.9572906171077,4.74529389883116,4.030641801659769,10.634014133508458,1.56186186071563,10.23120268731802,8.43653903888492,8.541529017896089,10.539987207679225,1.2494989585145284,14.887619786911841,0.780930930357815,624.0010518995261,18.110010724412064,2.986227123224809,8.94606272173312,3.981636164299747
2.2583333333333333,1.6868494460126557,374.8554324472569,4.741609272767227,4.029538141547462,10.630700500861431,1.5614372322352874,10.231634894848813,8.434247230063278,8.53489669098101,10.452518927883343,1.2491568238797133,14.882980701206003,0.7807186161176437,624.0274122368292,18.165945269118858,2.9967713633488713,8.954809549712708,3.99569515113183
2.2666666666666666,1.6863936083943554,374.75413519874564,4.737951832855004,4.028440580916547,10.627405795828194,1.5610149429983222,10.232055653344306,8.431968041971777,8.528313299139008,10.365776546297589,1.2488165800841293,14.878368114159471,0.7805074714991611,624.0530742974693,18.22183652409965,3.00731274654919,8.963483787871283,4.009750328732255
2.275,1.6859402749710855,374.653394438019,4.734321356441917,4.027349071637567,10.624129885106889,1.5605949745182919,10.232465058015382,8.429701374855426,8.521778441595451,10.27975402830881,1.2484782122076457,14.873781839149643,0.7802974872591459,624.0780438883581,18.277684809170864,3.0178512885652427,8.972086039670161,4.023801718086991
2.283333333333333,1.6854894257978281,374.55320573285064,4.73071762101273,4.026263565594629,10.62087263526672,1.5601773083142632,10.232863204008229,8.42744712898914,8.515291717822915,10.194445343838007,1.248141705334335,14.869221689373406,0.7800886541571316,624.1023268124619,18.33349044391993,3.0283870051264934,8.980616908117241,4.03784934016866
2.2916666666666665,1.68504104131119,374.45356473582007,4.727140408886826,4.025184015585401,10.61763391404994,1.559761926258644,10.233250184352936,8.42520520655595,8.508852735996287,10.109844600458942,1.2478070448314742,14.864687479669914,0.779880963129322,624.1259287436856,18.389253740738273,3.0389199116196077,8.989076982455147,4.051893215492812
2.3,1.684595102097778,374.35446713283955,4.723589504273364,4.024110374766759,10.614413589685014,1.5593488103627313,10.233626091253214,8.42297551048889,8.502461107692055,10.025945959445401,1.2474742161776953,14.86017902555902,0.7796744051813657,624.1488553055335,18.444975009208704,3.0494500232973025,8.997466846556502,4.065933364396405
2.308333333333333,1.6841515887441982,374.25590860982186,4.720064691381504,4.023042596295582,10.611211530400412,1.5589379426378216,10.233991016912777,8.420757943720991,8.496116444486708,9.942743582071172,1.2471432048516304,14.855696142560577,0.7794689713189108,624.1711121215103,18.500654558914047,3.059977355412294,9.005787084293924,4.0799698072163935
2.3166666666666664,1.6837104819963544,374.15788488807874,4.716565756409285,4.021980633710442,10.608027604984022,1.5585293052427167,10.23434505266697,8.418552409981771,8.489818361536713,9.860231685942626,1.246813996450237,14.85123864697763,0.7792646526213584,624.1927047621585,18.556292696488452,3.070501923076409,9.01403827390678,4.09400256410188
2.325,1.6832717625815292,374.0603916847843,4.713092485377958,4.0209244405046105,10.60486168202513,1.5581228803189504,10.234688289924135,8.416358812907646,8.483566473680325,9.778404484231105,1.2464865765564292,14.84680635483518,0.7790614401594752,624.213638802473,18.61188972880562,3.0810237414137434,9.022220994077932,4.108031655218325
2.3333333333333335,1.6828354116871542,373.9634248193676,4.709644670000691,4.0198739712745875,10.60171363185635,1.5577186504341682,10.235020817611476,8.41417705843577,8.477360406001244,9.697256350777568,1.246160931095122,14.84239908459889,0.7788593252170841,624.2339196661239,18.667445954322112,3.091542825145421,9.030335807423285,4.122057100193896
2.341666666666667,1.6824014105240703,373.86698011646007,4.706222102280016,4.0188291806729985,10.598583324899488,1.5573165981776926,10.235342724530081,8.412007052620352,8.471199784104028,9.6167816675888,1.2458370460086297,14.838016654859283,0.7786582990888463,624.2535527690897,18.722961671066678,3.102059188972081,9.038383275742163,4.136078918629443
2.35,1.6819697403547331,373.7710534121629,4.702824574846962,4.0177900234763415,10.595470631795719,1.556916706186648,10.23565409920782,8.409848701773665,8.46508423472453,9.536974834309426,1.245514907277666,14.833658884514005,0.778458353093324,624.2725435106851,18.77843717614272,3.112572847549913,9.0463639590701,4.150097130066551
2.3583333333333334,1.6815403824974895,373.6756405549977,4.699451881046638,4.0167564545948355,10.592375423343611,1.556518957149905,10.235955029859582,8.407701912487447,8.45901338588395,9.457830270976439,1.245194500924399,14.829325592681055,0.7782594785749525,624.2908972711359,18.83387276558838,3.123083815484445,9.054278415403399,4.164111753979261
2.3666666666666667,1.6811133185088878,373.5807374464195,4.696103817148524,4.015728429510071,10.589297571297147,1.5561233339769265,10.236245603427175,8.405566592544439,8.452986870867344,9.37934247994545,1.2448758131481221,14.825016599816005,0.7780616669884632,624.3086193530235,18.889268731126336,3.133592107174272,9.062127194506498,4.178122809565696
2.375,1.6806885302155863,373.4863400479081,4.692780182704359,4.014705904351962,10.5862369485746,1.5557298198273322,10.236525905426147,8.403442651077931,8.447004328867846,9.301506055611439,1.2445588303491084,14.820731728004437,0.7778649099136661,624.3257149719407,18.9446253596496,3.144097736785879,9.069910836939899,4.192130315714507
2.3833333333333333,1.6802659994442433,373.392444320943,4.689480777265887,4.013688835250423,10.583193428094242,1.5553383978607414,10.236796021372033,8.401329997221216,8.441065399078596,9.22431559236939,1.244243538927631,14.816470799331938,0.7776691989303707,624.3421893434803,18.99994293805117,3.1546007184857543,9.077629883264104,4.20613429131434
2.3916666666666666,1.6798457081302705,373.29904625117126,4.686205401693736,4.012677178596552,10.580166883273382,1.5549490513375002,10.237056036212593,8.399228540651352,8.435169723048725,9.14776572118399,1.243929925364931,14.812233636582734,0.7774745256687501,624.3580476486061,19.05522175130336,3.1651010663478845,9.085284870382644,4.2201347551305135
2.4,1.679427638205918,373.2061418235374,4.6829538568496645,4.01167089077338,10.577157187421099,1.554561763515008,10.237306034892034,8.397138191029589,8.429316942329397,9.07185107346892,1.2436179761397477,14.808020062389536,0.777280881757504,624.3732950680652,19.11046208436037,3.175598794445993,9.09287633515415,4.234131725927992
2.408333333333333,1.679011772007999,373.1137271128887,4.679725948449918,4.010669929135729,10.574164215737705,1.5541765180253715,10.237546100249865,8.395058860039994,8.423506707209853,8.996566416114394,1.2433076780320762,14.803829902032787,0.7770882590126857,624.3879366542393,19.165664215058925,3.1860939165108033,9.100404800889603,4.248125222014406
2.4166666666666665,1.6785980919687877,373.0217982152862,4.676521483353532,4.009674251267764,10.571187843876162,1.553793298589114,10.23777631463034,8.392990459843938,8.417738670036357,8.92190654787425,1.242999017893007,14.799662981426627,0.776896649294557,624.4019774293045,19.220828419561354,3.1965864461923057,9.107870787713617,4.2621152615897415
2.425,1.6781865805261598,372.9303512280355,4.673340268485781,4.008683814767114,10.568227947517947,1.5534120889319478,10.237996760349068,8.390932902630798,8.412012483274406,8.847866269340589,1.2426919825778053,14.795519126525125,0.7767060444659739,624.4154224136897,19.275954973933292,3.2070763971358147,9.115274815566984,4.276101862847754
2.433333333333333,1.6777772202756596,372.8393822834799,4.670182112652255,4.007698577610287,10.565284403109413,1.5530328729256242,10.23820751890735,8.388886101378297,8.40632780277406,8.774440433455888,1.242386559059189,14.791398164353176,0.7765164364628121,624.4282765781593,19.331044151488417,3.2175637828538437,9.122617399155454,4.290085043805126
2.4416666666666664,1.6773699938208577,372.74888751574616,4.667046824782427,4.00671849779273,10.5623570870684,1.5526556344493143,10.238408671750612,8.386849969104288,8.400684284608369,8.70162389691511,1.2420827343157463,14.787299921895759,0.7763278172246572,624.4405448900699,19.38609622534715,3.228048616850023,9.129899052809531,4.304064822466699
2.45,1.6769648841880167,372.65886315289265,4.663934218803833,4.005743534326144,10.559445877965716,1.552280357773723,10.238600298163133,8.384824420940083,8.3950815938469,8.629411655105171,1.2417804956411047,14.783224229152003,0.7761401788868615,624.4522321849695,19.441111461333115,3.238530912275186,9.137120276990526,4.318041216366916
2.4583333333333335,1.6765618744033988,372.5693054229775,4.660844108644006,4.00477364622223,10.556550654372165,1.5519070271695548,10.238782477429197,8.382809372016993,8.38951939555921,8.557798703412995,1.2414798303288912,14.77917091612103,0.7759535135847774,624.4633432984067,19.496090125269944,3.2490106822801663,9.144281572159743,4.332014243040223
2.466666666666667,1.676160947560673,372.4802105690385,4.657776309019998,4.00380879265484,10.55367129521986,1.5515356269699554,10.238955288492296,8.380804737803365,8.383997356235996,8.486780059052405,1.2411807257230003,14.775139813307804,0.7757678134849777,624.4738830451452,19.551032481831843,3.2594879399601036,9.151383436595802,4.345983919946806
2.475,1.6757620867790604,372.39157483979125,4.654730634971715,4.002848932859007,10.550807679521492,1.5511661415317282,10.239118810154677,8.378810433895302,8.378515142949087,8.41635074842097,1.2408831691862923,14.771130751330087,0.7755830707658641,624.4838562313338,19.605938795212825,3.2699626983872503,9.158426367658945,4.359950264516335
2.4833333333333334,1.6753652754760198,372.30339455022664,4.651706905039225,4.001894026787122,10.547959687871748,1.5507985554879427,10.239273119707223,8.376826377380098,8.373072429070605,8.346505894757353,1.2405871483040078,14.767143563020445,0.7753992777439713,624.4932675709435,19.660809324508175,3.2804349703869184,9.165410853025307,4.373913293849226
2.4916666666666667,1.6749704972590553,372.21566605756783,4.64870493998361,4.00094403484881,10.54512720189583,1.5504328536477165,10.239418293482535,8.374852486295277,8.367668891970498,8.277240682647832,1.240292650803131,14.76317808265416,0.7752164268238583,624.5021217194998,19.715644325581856,3.2909047686277715,9.172337374236259,4.38787302483703
2.5,1.6745777357356713,372.1283857190381,4.645724560565953,3.9999989174536936,10.542310103218941,1.5500690208201666,10.239554407813214,8.372888678678356,8.362304209018715,8.20855029667869,1.239999664410645,14.759234144506516,0.7750345104100833,624.5104233325279,19.770444054297826,3.301372105778473,9.179206412833173,4.401829474371299
2.5083333333333333,1.6741869746355762,372.041549919017,4.6427655889677215,3.999058635305511,10.539508274147574,1.5497070419276173,10.239681538419655,8.37093487317788,8.356978060141898,8.140429960583713,1.2397081769447085,14.755311583806602,0.7748535209638087,624.5181770282147,19.825208764456924,3.311836994407543,9.18601844644267,4.415782659210058
2.5166666666666666,1.6737981976803107,371.95515504006903,4.639827847299878,3.9981231490880402,10.536721596884254,1.5493469018848163,10.239799761050655,8.368990988401553,8.35169012513978,8.072874896423215,1.2394181762172924,14.751410235637954,0.7746734509424081,624.5253874264795,19.87993870995175,3.3222994470883536,9.19277395285872,4.429732596117806
2.525,1.6734113889932924,371.869197554065,4.636911162328047,3.997192420452461,10.53394995591112,1.548988585978807,10.239909149450101,8.367056944966462,8.346440092190484,8.005880454364855,1.239129650340263,14.747529938275568,0.7744942929894035,624.5320590249617,19.934634137921087,3.3327594760661854,9.199473397064557,4.443679301421582
2.533333333333333,1.6730265327496576,371.7836739443684,4.634015361416319,3.996266411174455,10.531193236004983,1.5486320795445454,10.240009777104136,8.365132663748287,8.341227650549374,7.939442001041593,1.238842587464081,14.743670530406975,0.7743160397722727,624.5381963055813,19.989295294635568,3.3432170935441357,9.206117242396882,4.457622791392183
2.5416666666666665,1.6726436131518,371.69858070040004,4.6311402722417006,3.9953450830953563,10.528451322103987,1.5482773679422404,10.240101717364356,8.363218065759,8.336052490035062,7.873554911667443,1.2385569757595605,14.73983185094558,0.7741386839711202,624.5438037420521,20.043922425913017,3.3536723117032596,9.212705951334298,4.471563082271015
2.55,1.67226261449262,371.61391433169337,4.628285723532326,3.99442839827433,10.525724099652827,1.5479244366159446,10.240185043129364,8.3613130724631,8.330914302358186,7.8082145904175695,1.2382728034650423,14.736013739513957,0.7739622183079723,624.54888578046,20.09851577604486,3.3641251426505083,9.219239983459286,4.485500190200679
2.558333333333333,1.671883521190216,371.5296713756036,4.6254515454681595,3.993516319071899,10.523011454802186,1.5475732711256918,10.24025982667227,8.35941760595108,8.325812781842687,7.74341648144452,1.2379900589122887,14.73221603672306,0.7737866355628459,624.5534468287418,20.153075587215145,3.3745755983904884,9.22571979435659,4.499434131187319
2.5666666666666664,1.6715063179731016,371.44584843846707,4.62263757179063,3.9926088085962337,10.520313275544558,1.5472238573191,10.24032613873489,8.357531589865507,8.320747629223135,7.679156126545664,1.2377087306648324,14.72843858576238,0.77361192865955,624.5574912014409,20.2076020964551,3.3850236906769338,9.232145829846475,4.513364920902579
2.575,1.67113098956979,371.36244212662007,4.619843636241167,3.991705829955505,10.517629449872437,1.5468761810437868,10.24038405005904,8.355654947848949,8.3157185452341,7.6154290675183685,1.2374288072862065,14.724681229821412,0.7734380905218934,624.5610232131008,20.262095540795947,3.3954694312635803,9.238518535749204,4.527292575018108
2.5833333333333335,1.6707575207881806,371.2794490640402,4.617069573466788,3.990807346449154,10.514959866261849,1.546530228220919,10.240433630997599,8.353787603940903,8.310725232240218,7.55223087093013,1.2371502773992378,14.720943812766588,0.7732651141104595,624.5640471545436,20.316556155960964,3.4059128318403964,9.24483835540803,4.54121710912053
2.591666666666667,1.6703858964445215,371.1968658765604,4.614315218225922,3.9899133213965365,10.512304413200958,1.5461859847793906,10.240474951854258,8.351929482222607,8.30576739280666,7.489557106577888,1.2368731296329263,14.71722617848134,0.7730929923896953,624.5665673135912,20.370984177505356,3.416353904089428,9.251105731843253,4.555138538785906
2.6,1.6700161016803978,371.11468926231066,4.611580408987268,3.989023718900874,10.509662981161894,1.5458434369495142,10.24050808133928,8.35008050840199,8.300844736177083,7.427403445732564,1.2365973528592709,14.71352817362665,0.7729217184747571,624.5685878808828,20.425379835626067,3.426792659431477,9.257321097927786,4.569056879241971
2.6083333333333334,1.6696481217629893,371.03291594733093,4.6088649856491335,3.988138503368027,10.507035461389131,1.5455025710779633,10.240533087549178,8.348240608814946,8.29595697416844,7.365765598733846,1.2363229360440884,14.709849645944784,0.7727512855389816,624.5701130096244,20.479743358456634,3.4372291091866964,9.263484882627658,4.582972145582263
2.6166666666666667,1.6692819419594738,370.9515426576609,4.606168788109826,3.987257639203853,10.504421745127152,1.545163373511411,10.24055003858046,8.346409709797369,8.291103818597687,7.304639275921425,1.2360498681531944,14.706190443178011,0.7725816867557055,624.5711468530224,20.534074974130597,3.447663264675241,9.2695975149089,4.5968843529003225
2.625,1.6689175476712892,370.8705661491754,4.603491657791148,3.9863810911377855,10.501821724457413,1.5448258307209217,10.240559001875985,8.344587738356445,8.286284984024066,7.244020229215896,1.2357781382527135,14.702550414240376,0.7724129153604609,624.5716935244163,20.588374908584694,3.4580951371100315,9.275659419579453,4.61079351614671
2.6333333333333333,1.668554924287324,370.7899831749609,4.600833435987297,3.985508823868835,10.499235291347787,1.5444899291659273,10.240560044932126,8.34277462143662,8.281500184777133,7.183904207222431,1.235507735399339,14.6989294078869,0.7722449645829637,624.5717571404103,20.64264338793307,3.4685247377128974,9.2816710217788,4.624699650283865
2.6416666666666666,1.6681940575796486,370.70979057325525,4.598193968326363,3.984640803019687,10.496662340189053,1.5441556556608846,10.24055323338697,8.340970287898243,8.276749142987454,7.1242870766704876,1.235238648936103,14.695327276264672,0.7720778278304423,624.5713417042714,20.696880632046973,3.478952077400691,9.287632734833993,4.63860276986759
2.65,1.6678349333390916,370.62998518646486,4.5955731006485525,3.9837769942582444,10.49410276549072,1.5438229970376318,10.240538632787668,8.339174666695458,8.272031581167395,7.065164710070333,1.2349708682200558,14.691743871687006,0.7719114985188159,624.5704512137199,20.751086860492126,3.489377167075339,9.29354497149401,4.652502889433787
2.658333333333333,1.6674775373993054,370.5505638665124,4.592970679275738,3.982917363355676,10.491556462039524,1.5434919401676854,10.240516308475055,8.337387686996527,8.267347222696328,7.006532993030016,1.2347043826402595,14.688179046855332,0.7717459700838427,624.5690896538936,20.80526229214162,3.499800017604887,9.29940814319804,4.666400023473185
2.6666666666666665,1.6671218556409784,370.471523475773,4.590386551067957,3.982061876196452,10.489023324904801,1.543162471966138,10.240486325558697,8.335609278204892,8.262695791922322,6.948387825896044,1.2344391816209002,14.684632654866721,0.771581235983069,624.567260995825,20.85940714509056,3.510220639819478,9.305222659911438,4.680294186425972
2.675,1.6667678741436853,370.392860920819,4.587820565128629,3.9812104991445483,10.486503250428086,1.5428345795323595,10.240448748186758,8.333839370718426,8.258077017231532,6.890725170091145,1.23417525473481,14.681104550599319,0.7714172897661797,624.5649691519104,20.913521634205228,3.520639044391419,9.310988925491927,4.694185392521894
2.683333333333333,1.6664155792067157,370.31457315704796,4.585272573030538,3.9803631990937602,10.48399613637766,1.5425082501692962,10.240403639449884,8.332077896033578,8.25349063145497,6.833541054165308,1.2339125917190656,14.677594590928724,0.7712541250846481,624.5622179700484,20.967605970801827,3.5310552418193257,9.31670733708451,4.708073655759103
2.6916666666666664,1.6660649571293586,370.23665713985747,4.582742426346472,3.979519942937885,10.481501880521812,1.5421834711798943,10.240351062438721,8.330324785646793,8.248936367423651,6.776831506668518,1.2336511823107443,14.674102632730534,0.7710917355899471,624.5590112981376,21.02166036619656,3.5414692426018126,9.32237829183419,4.721958990135752
2.7,1.6657159942997286,370.15910984438415,4.5802299776440805,3.9786806977849563,10.479020381213866,1.5418602299494037,10.240291079818153,8.328579971498643,8.244413959759346,6.7205925831558115,1.2333910163133364,14.67062853369941,0.7709301149747019,624.5553529581092,21.075685030276915,3.5518810571675363,9.328002184185461,4.735841409556717
2.7083333333333335,1.6653686771054819,370.0819282456627,4.5777350794966365,3.9778454307417697,10.476551536778382,1.5415385138626445,10.240223754249753,8.32684338552741,8.239923143093947,6.664820339458182,1.2331320835299486,14.667172151489735,0.7707692569313223,624.5512467716925,21.12968017291744,3.5622906959447005,9.333579408555224,4.749720927926269
2.716666666666667,1.6650229922628483,370.0051093917441,4.575257588153441,3.9770141097076595,10.474095247713848,1.5412183106088866,10.240149146822235,8.325114961314242,8.235463658676194,6.609510931143501,1.2328743740093744,14.663733346799386,0.7706091553044433,624.5466964646881,21.183645998715434,3.5726981691030293,9.339110349386692,4.763597558804041
2.725,1.6646789265643254,369.92865034762787,4.5727973607163355,3.9761867027659274,10.471651415025063,1.5408996079480681,10.240067318259594,8.323394632821627,8.231035249289404,6.554660536902398,1.2326178778574375,14.660311981035088,0.7704498039740341,624.5417057406527,21.23758271104462,3.5831034867523033,9.344595388810802,4.7774713156697395
2.7333333333333334,1.6643364668074412,369.8525481794314,4.570354254343147,3.9753631780120156,10.46921993975083,1.5405823936447889,10.239978329261904,8.321682334037206,8.226637657817664,6.500265336940977,1.2323625851837248,14.656907915651162,0.7702911968223944,624.5362783016835,21.291490513198486,3.5935066589983666,9.350034908806943,4.791342211997824
2.7416666666666667,1.6639955999153218,369.77679998118265,4.567928127593802,3.9745435038443504,10.46680072376825,1.5402666555800262,10.239882239929571,8.319977999576608,8.222270629668845,6.446321549471689,1.2321084861917486,14.65352101327555,0.7701333277900131,624.5304178133046,21.34536960645905,3.6039076958484895,9.355429287553873,4.805210261131322
2.75,1.663656312822215,369.7014028493811,4.565518839160059,3.973727648688095,10.464393669010349,1.5399523816450593,10.239779110305983,8.318281564111075,8.217933910488107,6.3928253963684005,1.2318555710933095,14.650151136614488,0.7699761908225297,624.524127937562,21.399220191915763,3.6143066073006365,9.360778902864201,4.819075476400851
2.7583333333333333,1.6633185927986016,369.6263539552448,4.563126251475159,3.972915581779669,10.461998679683058,1.5396395600427233,10.239668998835356,8.316592963993008,8.213627252655288,6.339773200786316,1.2316038303516974,14.646798151556279,0.7698197800213616,624.5174122389684,21.453042465295958,3.624703403089787,9.366084122422409,4.832937870786385
2.7666666666666666,1.6629824271149614,369.55165046999144,4.560750226972348,3.972107272355491,10.459615659992304,1.5393281789758526,10.239551963961905,8.314912135574806,8.209350408550227,6.287161285880635,1.2313532544302022,14.643461923989223,0.7696640894879263,624.5102742820366,21.506836622326965,3.6350980929509205,9.371345313912977,4.846797457267896
2.775,1.6626478030956706,369.4772895768157,4.558390628682515,3.9713026897820467,10.457244514513386,1.5390182266972245,10.23942806387458,8.313239015478352,8.205103131628528,6.234985990960466,1.2311038338324345,14.64014232031874,0.7695091133486123,624.5027176157107,21.560602857880568,3.6454906865770194,9.376562843404995,4.860654248769361
2.783333333333333,1.6623147080863003,369.40326846362234,4.556047319878205,3.970501803476889,10.454885147950959,1.5387096914792509,10.239297356658557,8.311573540431501,8.200885175780769,6.183243661943527,1.2308555590778356,14.636839207131342,0.7693548457396254,624.4947457826055,21.614341366479564,3.655881193644052,9.381737076306688,4.874508258192071
2.7916666666666665,1.6619831296708765,369.3295843713059,4.553720166478017,3.9697045834330025,10.452537466639367,1.5384025618153023,10.239159899268675,8.309915648354382,8.196696299660431,6.131930716290185,1.2306084208642307,14.633552453295112,0.7692012809076512,624.4863622563964,21.668052338857947,3.6662696236420347,9.386868370872023,4.888359498189382
2.8,1.6616530555827378,369.25623457394175,4.551409036054837,3.9689110000037195,10.450201377939567,1.538096826337107,10.239015747953305,8.308265277913689,8.192536264898706,6.081043616158735,1.230362410001153,14.630281929115394,0.7690484131685535,624.4775704676721,21.721735963382148,3.6766559859447443,9.391957080885168,4.902207981259661
2.808333333333333,1.6613244735552237,369.1832163456053,4.549113796181549,3.9681210235423734,10.447876789212525,1.5377924736763935,10.238864958960834,8.306622367776118,8.18840483312679,6.03057882370747,1.2301175172981358,14.627027504897534,0.7688962368381967,624.4683738470213,21.7753924284186,3.6870402899259567,9.397003560130294,4.916053719901278
2.8166666666666664,1.660997371418493,369.11052698188735,4.546834315501556,3.9673346246359884,10.445563608490144,1.5374894925546072,10.238707588082669,8.304986857092464,8.1843017679028,5.980532829993985,1.2298737336371564,14.6237890518862,0.7687447462773036,624.4587757971619,21.82902192080265,3.6974225448842373,9.402008159501644,4.929896726512318
2.825,1.6606717369975674,369.03816377723723,4.54457046260837,3.9665517738591056,10.443261743752217,1.5371878716884313,10.23854369113092,8.303358684987836,8.180226832695066,5.930902124809389,1.2296310498963228,14.620566441253102,0.7685939358442156,624.4487797220748,21.882624627437842,3.7078027601216226,9.406971230020103,4.9437370134954985
2.8333333333333335,1.660347558433779,368.96612409639533,4.542322109588159,3.9657724425497873,10.440971105181692,1.5368876000876552,10.23837332242719,8.301737792168895,8.176179797258687,5.88168329217716,1.229389457190434,14.617359547254367,0.7684438000438276,624.4383889348344,21.936200730234553,3.7181809446947884,9.411893113283327,4.957574592926386
2.841666666666667,1.6600248239083655,368.8944053129701,4.540089128967585,3.964996602142421,10.438691603239835,1.536588666799048,10.238196536105102,8.300124119541827,8.172160432141654,5.832872928003668,1.2291489466641505,14.614168244535769,0.768294333399524,624.4276067370502,21.9897504104735,3.7285571076294706,9.416774149700675,4.971409476839296
2.85,1.6597035216242588,368.8230048053909,4.537871393512049,3.964224224123775,10.436423148540959,1.5362910608894818,10.238013386196466,8.298517608121294,8.168168508321688,5.784467634627065,1.2289095094783702,14.610992407957342,0.7681455304447409,624.4164364241225,22.04327384909447,3.7389312579346354,9.421614679038335,4.985241677246182
2.8583333333333334,1.6593836398547208,368.75191996771576,4.535668776764399,3.9634552801503697,10.434165652187145,1.5359947714909998,10.237823926401237,8.296918199273604,8.164203798175919,5.736464035371402,1.2286711368466146,14.607831913062002,0.7679973857454999,624.4048812712115,22.096771225925373,3.7493034045646296,9.426415038963901,4.999071206086174
2.8666666666666667,1.6590651669736898,368.68114821637556,4.5334811533795385,3.962689742121737,10.431919025980756,1.5356997878289358,10.237628209944758,8.295325834868448,8.16026607608317,5.688858783568734,1.2284338200577385,14.604686636373057,0.7678498939144679,624.3929445245308,22.15024271920415,3.759673556395677,9.431175564144167,5.012898075194237
2.875,1.6587480915955557,368.61068702123464,4.531308400657898,3.961927582517942,10.429683183421764,1.535406099351443,10.237426288924183,8.293740457977778,8.156355121184216,5.641648603817172,1.228197550580562,14.601556456790469,0.7677030496757214,624.380629361486,22.203688503391003,3.770041722118202,9.435896582119323,5.026722296157605
2.8833333333333333,1.6584324023347101,368.54053385215786,4.529150395899908,3.961168773819047,10.427458038010148,1.5351136955066744,10.237218215436668,8.29216201167355,8.152470712619834,5.594830220714826,1.2279623198839045,14.598441253214204,0.7675568477533372,624.3679389594824,22.25710875294613,3.780407910422629,9.440578420429558,5.040543880563507
2.8916666666666666,1.6581180878674981,368.4706861927774,4.5270070170861425,3.960413288654712,10.425243503686863,1.5348225658001962,10.23700404128945,8.29059043933749,8.148612630755057,5.548400377164244,1.2277281194829608,14.595340905161608,0.7674112829000981,624.3548764782436,22.310503641359208,3.7907721299516224,9.445221404784617,5.054362839935498
2.9,1.6578051368774371,368.4011415283194,4.524878142280574,3.959661099671861,10.423039494432773,1.5345326997442172,10.23678381825381,8.289025684387186,8.144780656105034,5.502355818366952,1.227494940898277,14.592255292205882,0.7672663498721086,624.3414450752999,22.363873341998747,3.8011343893419665,9.449825860664346,5.06817918578929
2.908333333333333,1.6574935383012634,368.33189740028075,4.522763652326706,3.958912180128846,10.42084592603191,1.534244087085599,10.236557596916258,8.287467691506317,8.140974574188071,5.456693364325059,1.2272627758399421,14.589184296444675,0.7671220435427994,624.3276478359226,22.417218024267147,3.8114946970352683,9.454392106068534,5.081992929380359
2.9166666666666665,1.65718328117203,368.2629513715622,4.520663429124529,3.9581665035165994,10.418662714955989,1.5339567176604578,10.236325427413032,8.28591640586015,8.137194172424152,5.411409863463221,1.2270316160901458,14.586127800938383,0.7669783588302289,624.3134878179209,22.47053785605965,3.8218530613989516,9.458920456154718,5.09580408186527
2.925,1.656874354522789,368.1943010050643,4.518577354574032,3.957424043326055,10.416489777676723,1.5336705813049105,10.23608735988037,8.284371772613945,8.133439238233258,5.366502164206094,1.226801453431077,14.583085688747412,0.7668352906524553,624.2989680791038,22.523833005271502,3.832209490800441,9.463411226080432,5.10961265440059
2.933333333333333,1.6565667474907801,368.12594388684005,4.516505311716654,3.9566847732997426,10.414327031412977,1.5333856679516213,10.235843443968157,8.2828337374539,8.129709561089976,5.321967145670506,1.2265722797229202,14.580057843978167,0.7666928339758107,624.284091647618,22.57710363817022,3.8425639935270195,9.46786472793399,5.1234186580360275
2.9416666666666664,1.6562604492042714,368.0578776009492,4.514447183499808,3.9559486671584803,10.41217439330908,1.5331019675249393,10.23559372936597,8.281302246021356,8.126004930299654,5.277801684495048,1.2263440868191289,14.57704415063271,0.7665509837624697,624.2688615540305,22.63034992115544,3.85291657787255,9.472281274051536,5.137222103830068
2.95,1.6559554490868706,367.99009979708245,4.512402856102457,3.9552156993363488,10.410031782637223,1.532819470222904,10.235338264386819,8.279777245434353,8.122325140984422,5.234002744162381,1.2261168667942681,14.57404449569211,0.766409735111452,624.2532807449521,22.68357201602044,3.863267251904029,9.476661168084803,5.151023002538707
2.9583333333333335,1.6556517365760894,367.9226081280199,4.510372215855662,3.954485844301007,10.407899118769794,1.5325381662564381,10.235077097278927,8.278258682880447,8.11866998854019,5.190567292242447,1.2258906117333122,14.571058766277712,0.7662690831282191,624.2373521630418,22.73677008434172,3.8736160236777755,9.481004713276796,5.164821364903702
2.966666666666667,1.6553493011426132,367.85540025391407,4.5083551494527025,3.9537590766002437,10.405776321320088,1.532258045867208,10.234810276136285,8.276746505713065,8.115039269014865,5.147492306030216,1.2256653137460756,14.568086849848124,0.766129022933604,624.221078741552,22.78994428717981,3.883962901224683,9.485312211898018,5.178617201632912
2.975,1.6550481322931123,367.78847384291385,4.506351543982407,3.9530353708687294,10.403663310156295,1.5319790993302251,10.234537848884228,8.275240661465562,8.111432779168332,5.10477477347186,1.225440964969306,14.565128634218812,0.7659895496651126,624.2044634034492,22.843094785030583,3.8943078925478667,9.489583965153853,5.192410523397157
2.9833333333333334,1.654748219688579,367.721826597462,4.504361288220339,3.9523147021138545,10.401560006262809,1.5317013170635116,10.234259862729747,8.273741098442894,8.107850318796611,5.062411727821364,1.2252175576552948,14.56218400876793,0.7658506585317558,624.1875090278872,22.89622173598642,3.9046510055320374,9.493820269718903,5.206201340709384
2.9916666666666667,1.6544495531570893,367.655456257131,4.502384272765764,3.951597045746583,10.399466331838587,1.531424689639927,10.23397636410335,8.272247765785446,8.104291690978375,5.020400251289665,1.2249950841814408,14.55925286457402,0.7657123448199635,624.1702184466634,22.949325295542234,3.9149922479338963,9.498021417372073,5.219989663911863
3.0,1.6541521225267186,367.58936056149304,4.5004203882179405,3.9508823771778827,10.397382209082592,1.5311492076323312,10.233687399435556,8.270760612633593,8.100756698792294,4.978737426087699,1.2247735369251436,14.556335092715628,0.7655746038161656,624.1525944915746,23.00240561919294,3.925331627510147,9.50218769989227,5.233775503346863
3.0083333333333333,1.6538559176937349,367.52353726527446,4.498469525919424,3.950170671983436,10.395307560691878,1.530874861676777,10.2333930148405,8.269279588468674,8.097245146654963,4.937420354368139,1.2245529083148652,14.553430584968627,0.7654374308383886,624.1346399751221,23.055462861375243,3.9356691519653233,9.506319407064225,5.247558869287099
3.0166666666666666,1.6535609285545485,367.457984123233,4.496531577217483,3.9494619057392413,10.393242309357023,1.5306016424094497,10.233093256430033,8.267804642772742,8.09375683899147,4.896446138447257,1.2243331907791648,14.55053923309983,0.7653008212047249,624.1163577096677,23.108497176517695,3.946004829003613,9.510416828656313,5.261339772004819
3.025,1.6532671452568035,367.3926989459564,4.494606436196643,3.948756054628183,10.39118637960664,1.5303295406993564,10.232788169151005,8.266335726284018,8.090291585153958,4.855811954064887,1.2241143769347367,14.547660931449297,0.7651647703496782,624.0977504365198,23.161508715152465,3.9563386661370985,9.51448024709455,5.275118221516133
3.033333333333333,1.6529745580055817,367.32767955679594,4.492693997567017,3.9480530949718937,10.389139696390046,1.5300585474687323,10.232477797684028,8.264872790027908,8.08684919562063,4.815514993738959,1.223896459441287,14.544795574946063,0.7650292737343661,624.0788208807489,23.21449762692132,3.9666706708339574,9.518509943127142,5.288894227778611
3.0416666666666665,1.6526831570101999,367.2629237800444,4.490794156084762,3.9473530031022404,10.387102184687762,1.5297886536437366,10.232162186690122,8.263415785050999,8.083429480952573,4.775552451221479,1.2236794309616945,14.541943058562866,0.7648943268218683,624.0595717662305,23.26746406140054,3.977000850559135,9.522506197378892,5.302667800745516
3.05,1.6523929325744957,367.1984294609991,4.48890680753503,3.946655755579431,10.385073770173886,1.529519850238125,10.231841380392428,8.261964662872478,8.080032253563054,4.735921547855817,1.2234632842296236,14.53910327824344,0.7647599251190625,624.0400057901342,23.320408166702048,3.987329212705366,9.526469287715457,5.316438950273824
3.058333333333333,1.652103875013496,367.1341944474436,4.487031847826961,3.945961328990672,10.383054378599343,1.5292521282760194,10.23151542296114,8.26051937506748,8.07665732608853,4.696619508335928,1.2232480119871083,14.53627613003908,0.7646260641380097,624.0201256464,23.37333009076033,3.997655764656672,9.530399491667447,5.330207686208898
3.0666666666666664,1.6518159748960723,367.0702166435717,4.485169175629552,3.9452697005364428,10.381043937586215,1.5289854790167874,10.23118435739233,8.259079874480362,8.073304516133193,4.657643631316584,1.2230336071662973,14.533461512620699,0.7644927395083937,623.9999339573582,23.426229977584022,4.00798051360341,9.53429707936938,5.3439740181378825
3.075,1.6515292227910963,367.0064939535769,4.483318689611801,3.9445808474172215,10.379042374756574,1.5287198937197963,10.230848226682067,8.25764611395548,8.069973641301242,4.618991215452555,1.2228200626993386,14.530659324659203,0.7643599468598982,623.9794333453393,23.47910797118177,4.01830346673594,9.538162320955784,5.357737955647923
3.0833333333333335,1.651243609308552,366.94302429078937,4.481480288889073,3.943894746932819,10.377049618037038,1.528455363682514,10.230507073636586,8.25621804654276,8.066664520000332,4.580659571353295,1.2226073715491739,14.527869465251852,0.764227681841257,623.9586264210953,23.531964214927562,4.0286246312133,9.54199548536571,5.371499508284401
3.091666666666667,1.650959125074515,366.8798055721145,4.479653872753395,3.943211376421901,10.375065595468715,1.5281918802173189,10.230160940986803,8.254795625372575,8.06337697095611,4.542646014383028,1.2223955266907893,14.5250918336562,0.7640959401086594,623.9375157907851,23.584798851943287,4.038944014182122,9.545796841062737,5.385258685576165
3.1,1.6506757608967384,366.8168357548308,4.477839342469833,3.9425307136620784,10.373090236437173,1.5279294348049577,10.229809870624448,8.253378804483692,8.0601108164457,4.504947912754973,1.2221845212352442,14.52232633101204,0.7639647174024788,623.9161040093851,23.637612022545255,4.049261622650602,9.549566651225543,5.399015496867471
3.1083333333333334,1.6503935076950265,366.754112821117,4.476036600519583,3.941852736701693,10.371123471158956,1.527668019030017,10.229453903924057,8.251967538475132,8.05686588093525,4.467562667248239,1.2219743483775247,14.519572859622537,0.7638340095150085,623.8943936003283,23.690403865320846,4.059577463541605,9.553305175776217,5.412769951388808
3.1166666666666667,1.650112356389181,366.6916347531514,4.474245549383837,3.9411774235890875,10.369165229850605,1.527407624477083,10.229093082260166,8.250561781945905,8.053641988890906,4.430487678641936,1.2217650013126171,14.516831321790846,0.7637038122385414,623.8723870870475,23.74317451885744,4.069891543777998,9.557012674636846,5.426522058370665
3.125,1.649832297972495,366.62939954944335,4.472466092340753,3.9405047525501717,10.367215443275215,1.5271482427988479,10.228727446668437,8.249161489862475,8.050438966213354,4.393720369048976,1.2215564732905533,14.5141016205853,0.7635741213994239,623.850086972308,23.795924120609698,4.080203870226733,9.560689405596142,5.44027182696898
3.1333333333333333,1.649553323434692,366.5674052077093,4.4706981326318145,3.9398347018022077,10.36527404216445,1.5268898656446943,10.228357038199944,8.24776661717346,8.047256638737267,4.357258159624619,1.2213487575586843,14.511383659030228,0.7634449328223472,623.8274957598146,23.848652808083443,4.090514449757326,9.564335626538577,5.454019266343104
3.1416666666666666,1.6492754240044463,366.5056497787658,4.468941576088465,3.939167250139844,10.363340959030442,1.526632484885452,10.22798189680462,8.246377120022231,8.044094836959237,4.321098540837719,1.2211418475433515,14.508677342642617,0.763316242442726,623.8046158861138,23.901360715104072,4.100823289057591,9.567951588417268,5.467764385410123
3.15,1.6489985909399971,366.44413131999937,4.467196328862535,3.9385023764291636,10.361416126605706,1.526376092419349,10.227602062296178,8.244992954699985,8.040953391952563,4.285239011730909,1.2209357366930407,14.505982577247988,0.7631880462096745,623.781449779444,23.9540479750417,4.111130394792864,9.571537541327949,5.481507193057155
3.158333333333333,1.6487228155162263,366.38284789249474,4.465462297286012,3.937840059576474,10.359499477747356,1.5261206801600378,10.22721757441176,8.243614077581132,8.037832135114822,4.249677076165449,1.220730418468707,14.503299268846296,0.7630603400800189,623.7579998633732,24.00671472101055,4.121435773615845,9.575093734884495,5.495247698154461
3.1666666666666665,1.648448089060401,366.32179756897807,4.463739388258946,3.937180278614653,10.357590945702166,1.5258662400697176,10.226828472646966,8.242240445302004,8.034730898866103,4.214410253208542,1.2205258863705424,14.50062732398303,0.7629331200348588,623.7342685467385,24.059361085317473,4.131739432139376,9.578620417180186,5.50898590951917
3.175,1.648174402977383,366.2609784394185,4.4620275095225095,3.9365230127640745,10.355690464294867,1.5256127641824975,10.226434796139774,8.240872014886914,8.031649517140517,4.179436084438875,1.220322133956863,14.497966650012813,0.7628063820912487,623.7102582165649,24.111987199074015,4.142041376917294,9.582117834057152,5.522721835889726
3.183333333333333,1.647901748851715,366.20038863371445,4.4603265707626045,3.935868241679317,10.353797968695709,1.5253602446990062,10.226036583201585,8.239508744258574,8.028587827372688,4.14475216344776,1.2201191549205883,14.495317156173991,0.7626801223495031,623.6859712094647,24.16459319062946,4.152341614367009,9.585586226156265,5.53645548582268
3.1916666666666664,1.6476301182679398,366.1400262817644,4.458636481665135,3.935215945014956,10.351913394074934,1.5251086738198734,10.225633872143796,8.238150591339698,8.025545666997242,4.110356083826509,1.2199169429546364,14.492678751704908,0.7625543369099367,623.6614098620502,24.217179188333102,4.162640150905935,9.58902583411839,5.550186867874583
3.2,1.6473595028573862,366.0798895238636,4.456957152421938,3.9345661025386356,10.35003667595421,1.5248580437890862,10.225226701062805,8.23679751428693,8.022522874359488,4.076245452692542,1.219715491786977,14.49005134633589,0.7624290218945431,623.6365764978206,24.26974531981582,4.172936992915998,9.592436897231787,5.5639159905546665
3.2083333333333335,1.6470898942568564,366.0199765015237,4.455288493285418,3.933918694031206,10.348167749892978,1.5246083468557043,10.224815108029151,8.235449471284282,8.019519287913752,4.042417878798979,1.2195147951496739,14.48743484985017,0.7623041734278522,623.611473438698,24.322291712621844,4.183232146774865,9.595819654621142,5.577642862366489
3.216666666666667,1.6468212842938792,365.9602853986398,4.453630416570348,3.93327369973444,10.346306552883533,1.524359575445545,10.224399130236957,8.234106421469395,8.016534749826628,4.008871026035043,1.2193148469176764,14.484829174036946,0.7621797877227725,623.586102953152,24.374818491366963,4.193525618715542,9.599174339897536,5.5913674916207246
3.225,1.6465536648675378,365.9008144150084,4.451982835365003,3.9326311000630345,10.344453022456237,1.5241117220507374,10.223978804551663,8.23276832433769,8.013569103657005,3.97560257896631,1.2191156410195407,14.482234231438731,0.7620558610253687,623.560467289606,24.42732577956874,4.203817414916777,9.602501184604408,5.605089886555706
3.2333333333333334,1.6462870278769153,365.8415617504257,4.450345662757655,3.931990875431684,10.342607096141451,1.5238647791634115,10.223554167838712,8.231435139384576,8.01062219296378,3.942610222158356,1.218917171383822,14.479649934598031,0.7619323895817057,623.534568696483,24.47981370074475,4.214107541557322,9.605800420285204,5.618810055409764
3.2416666666666667,1.6460213652995492,365.7825256221221,4.448718812684272,3.9313530064446898,10.340768712060477,1.5236187393484057,10.223125256603366,8.230106826497746,8.00769386283169,3.909891662831582,1.2187194319978538,14.477076196884667,0.7618093696742029,623.5084094002393,24.532282377209185,4.224396004756466,9.609072276217882,5.632528006341956
3.25,1.6457566691063938,365.72370424586535,4.447102199010948,3.9307174736904247,10.338937808281994,1.5233735951644554,10.22269210738047,8.22878334553197,8.004783958219708,3.8774446063541026,1.2185224168440316,14.474512931594791,0.7616867975822277,623.4819916291349,24.58473193137483,4.234682810638396,9.61231698186563,5.646243747517863
3.2583333333333333,1.6454929314896714,365.66509588659363,4.445495737993325,3.9300842582920295,10.337114324544302,1.52312933937536,10.222254755689685,8.227464657448357,8.001892328387985,3.8452668219404726,1.218326120070529,14.471960054362022,0.76156466968768,623.4553175495139,24.637162482262895,4.2449679651597,9.615534760306993,5.659957286879601
3.2666666666666666,1.6452301446516064,365.60669881146816,4.443899345995055,3.9294533413968176,10.33529820066118,1.5228859647541881,10.221813237004785,8.226150723258032,7.999018822791099,3.8133560816912504,1.2181305358330135,14.469417480925651,0.7614429823770941,623.4283893249218,24.689574148741286,4.2552514742693885,9.618725834331915,5.6736686323591865
3.275,1.6449683008194769,365.54851129321713,4.44231293965011,3.9288247042126545,10.333489376636015,1.5226434640972273,10.22136758668472,8.224841504097384,7.996163291370197,3.781710164926822,1.2179356583059229,14.46688512729042,0.7613217320486136,623.401209111901,24.741967049294338,4.265533343897516,9.62189042600836,5.687377791863357
3.283333333333333,1.6447073922471611,365.4905316104803,4.440736435880279,3.928198328011687,10.331687792671593,1.5224018302254156,10.220917839966113,8.223536961235805,7.993325584584501,3.7503268586643057,1.217741481683623,14.46436290974023,0.7612009151127078,623.3737790595333,24.794341301997626,4.2758135799539465,9.625028756634611,5.70108477327193
3.2916666666666665,1.6444474113050735,365.4327580677941,4.439169752865307,3.9275741943477143,10.329893389851376,1.5221610560676941,10.220464031551206,8.222237056525367,7.990505555157552,3.719203983525735,1.2175480002477914,14.461850745791926,0.7610805280338471,623.346101284308,24.846697023141502,4.286092188260313,9.628141044148467,5.714789584347086
3.3,1.6441883504875456,365.3751889972324,4.4376128101218155,3.9269522850740395,10.328106110197034,1.521921134667845,10.220006195574392,8.220941752437728,7.987703058219267,3.688339395837389,1.2173552083729522,14.459348554275845,0.7609605673339225,623.3181778680822,24.89903432711946,4.296369174544493,9.631227502917302,5.728492232725992
3.308333333333333,1.6439302022889082,365.3178227308685,4.436065527166424,3.926332582043961,10.326325895730234,1.5216820590696498,10.219544366170066,8.21965101144454,7.984917948899564,3.65773095192555,1.2171631004336279,14.456856254022327,0.7608410295348249,623.2900108927123,24.95135332832499,4.306644544534361,9.634288347308486,5.7421927260458165
3.3166666666666664,1.6436729592546382,365.26065761214187,4.434527824067262,3.925715067234404,10.324552688860619,1.5214438223642923,10.219078577238388,8.21836479627319,7.982150083321071,3.627376522842182,1.2169716708426652,14.454373764404865,0.7607219111821462,623.2616024257693,25.003654140369207,4.316918303919116,9.637323790216822,5.755891071892155
3.3249999999999997,1.643416613930408,365.20369198453517,4.432999620895472,3.925099722622746,10.322786431997036,1.521206417643134,10.21860886267816,8.21708306965204,7.97939931761185,3.597273979731035,1.2167809140130512,14.45190100479585,0.760603208821567,623.232954534741,25.055936876858496,4.327190458387737,9.640334044527936,5.769587277850317
3.3333333333333335,1.6431611590496755,365.14692423326125,4.431480839746686,3.924486530640258,10.321027068973665,1.5209698381715726,10.218135255528399,8.215805795248377,7.976665511544035,3.567421247786774,1.21659082449848,14.44943789656313,0.7604849190857863,623.204069234677,25.108201648527444,4.337461013487231,9.643319317722362,5.78328135131631
3.341666666666667,1.6429065873882003,365.09035275293337,4.429971403172507,3.923875473820454,10.319274543945888,1.5207340772542088,10.21765778863447,8.214532936941001,7.973948525710513,3.537816264377254,1.2164013968843408,14.44698436152424,0.7603670386271044,623.1749485288163,25.16044856546383,4.347729974732624,9.646279816063315,5.7969732996435
3.35,1.6426528917252026,365.0339759389339,4.428471233761821,3.9232665347052134,10.317528801095435,1.5204991281988507,10.217176494825923,8.213264458626012,7.971248220771277,3.5084569678652686,1.216212625758616,14.444540321533607,0.7602495640994253,623.145594419433,25.212677737702577,4.357997347636328,9.649215745714514,5.810663130181772
3.3583333333333334,1.6424000649095234,364.97779220211635,4.426980254853826,3.9226596960046947,10.315789785133047,1.520264984377829,10.21669140661366,8.212000324547617,7.968564458736888,3.4793413166431537,1.2160245057614554,14.442105699186264,0.7601324921889145,623.1160088893671,25.264889274214365,4.368263137658137,9.652127310836725,5.824350850210851
3.3666666666666667,1.6421480998001503,364.921799955589,4.425498389897726,3.9220549404535747,10.314057440845021,1.5200316391728779,10.216202556461822,8.210740499000751,7.965897101815907,3.450467272047312,1.2158370315406082,14.439680417183029,0.7600158195864389,623.0861939186066,25.317083283813545,4.378527350250129,9.655014715296309,5.838036467000173
3.375,1.6418969894439475,364.8659976542105,4.424025564366416,3.9214522512406567,10.312331714447804,1.5197990861398498,10.215709975975253,8.209484947219737,7.96324601585955,3.421832849423387,1.2156501978846035,14.437264400226926,0.7598995430699249,623.0561514347307,25.369259872444594,4.388789990722467,9.657878157558702,5.851719987629957
3.3833333333333333,1.6416467268877781,364.8103837528396,4.4225617037327964,3.9208516115547423,10.310612552157847,1.519567318834597,10.215213696758793,8.20823363443889,7.960611066719033,3.3934360641170236,1.21546399958197,14.434857573020986,0.7597836594172985,623.0258833653188,25.421419146051974,4.399051064385312,9.660717836089338,5.865401419180418
3.3916666666666666,1.641397305209305,364.75495671317884,4.421106733801322,3.9202530046590813,10.308899900426491,1.5193363308415153,10.21471375027651,8.206986526046524,7.95799212084238,3.3652749403204187,1.2152784314443152,14.432459860597087,0.7596681654207577,622.9953916293645,25.473561210110052,4.409310576525578,9.663533948468999,5.8790807687007725
3.4,1.6411487174980182,364.6997149995596,4.419660580504379,3.91965641384551,10.307193705793871,1.5191061157559627,10.214210167938118,8.20574358749009,7.955389044907882,3.337347505646166,1.215093488292108,14.43007118811142,0.7595530578779813,622.9646781425458,25.525686169911523,4.419568532421204,9.666326691936424,5.892758043228274
3.408333333333333,1.6409009569792918,364.6446571065093,4.418223171237343,3.9190618227343204,10.305493915836097,1.51887666729923,10.21370298053216,8.204504784896459,7.952801708227217,3.30965182674377,1.2149091650476394,14.427691482170534,0.759438333649615,622.9337447826565,25.57779412867467,4.429824937247539,9.669096259826663,5.906433249663388
3.4166666666666665,1.6406540169611157,364.5897815469146,4.416794434284869,3.9184692151455125,10.30380047875966,1.5186479792691752,10.213192218469644,8.203270084805578,7.950229981712764,3.282185993988719,1.214725456695109,14.425320670263522,0.7593239896345876,622.9025934044636,25.629885188356948,4.440079796117572,9.67184284310217,5.9201063948234305
3.425,1.6404078907514799,364.5350868336622,4.415374297931611,3.9178785748990848,10.302113342771056,1.5184200454636565,10.212677912161572,8.202039453757399,7.947673736276899,3.2549480977565004,1.2145423582187163,14.422958679879477,0.7592100227318282,622.8712258627343,25.68195945091581,4.450333114144292,9.67456663272539,5.933777485525724
3.433333333333333,1.6401625717132402,364.4805714918312,4.413962691052593,3.9172898859476613,10.30043245649588,1.5181928597313796,10.212160091768316,8.2008128585662,7.945132843894667,3.2279362441713912,1.214359864643775,14.420605439094231,0.7590964298656898,622.8396439969497,25.73401701747176,4.460584896399291,9.677267818083902,5.94744652853239
3.4416666666666664,1.6399180532066489,364.426234045922,4.412559542495442,3.9167031322375676,10.29875776853838,1.5179664159186381,10.211638787461832,8.199590266033244,7.942607176491797,3.201148538634105,1.214177970993646,14.418260875953731,0.7589832079593191,622.8078496472971,25.786057989183874,4.470835147956079,9.67994658863763,5.961113530608108
3.4499999999999997,1.63967432876963,364.37207305991785,4.411164783019179,3.9161182981446183,10.297089228861006,1.5177407080363872,10.211114028602667,8.19837164384815,7.940096609434521,3.1745831375288063,1.2139966724248317,14.415924920405407,0.7588703540181936,622.7758446044767,25.8380824645017,4.481083873754139,9.68260312874816,5.974778498338854
3.4583333333333335,1.6394313919616625,364.31808710259173,4.409778343614689,3.9155353680967333,10.295426787591012,1.5175157301155597,10.21058584445294,8.197156959808312,7.937601018506441,3.148238203424323,1.2138159641099873,14.413597502627415,0.7587578650577799,622.7436306531848,25.89009054154612,4.491331078716695,9.685237622158608,5.9884414382889295
3.466666666666667,1.6391892363548106,364.2642747455135,4.408400155408183,3.914954326552255,10.29377039495203,1.5172914761987515,10.210054264217339,8.195946181774053,7.935120279734729,3.1221119024979664,1.213635841231199,14.411278552932842,0.7586457380993757,622.7112095746155,25.942082318246218,4.501576767757482,9.687850252251245,6.002102357009978
3.475,1.63894785555952,364.21063456878227,4.4070301499388655,3.914375158062307,10.2921200014609,1.5170679403641305,10.209519316925212,8.1947392777976,7.932654269889959,3.096202411944297,1.2134562989993152,14.408968002045258,0.7585339701820653,622.6785831392687,25.994057891945594,4.511820945761274,9.69044120130661,6.015761261015034
3.4833333333333334,1.6387072432450531,364.15716516556745,4.405668259378713,3.913797847320191,10.290475558084028,1.516845116744373,10.208981031337295,8.193536216225265,7.930202866881682,3.070507925836114,1.2132773326692592,14.406665781317638,0.7584225583721865,622.6457531012617,26.04601735909085,4.522063617568477,9.69301064991743,6.0294181567579725
3.4916666666666667,1.638467393213071,364.1038651584602,4.404314417323207,3.9132223793392718,10.288837016801935,1.5166229995948624,10.20843943561011,8.192336966065355,7.927765951181773,3.0450266762063203,1.2130989375951742,14.404371823522707,0.7583114997974312,622.6127211778606,26.09796081411108,4.532304787919683,9.695558774880409,6.04307305055958
3.5,1.638228299265235,364.0507331700523,4.402968557367836,3.9126487391329103,10.28720432959514,1.5164015831709805,10.207894557900172,8.191141496326175,7.925343403262105,3.0197568950878177,1.2129211091312022,14.402086061433193,0.7582007915854903,622.5794890863315,26.14988835143536,4.542544461555483,9.69808575299226,6.056725948740646
3.5083333333333333,1.6379899552380857,363.99776783068575,4.401630613482956,3.912076911798789,10.285577448711633,1.5161808617604355,10.207346426204893,8.189949776190428,7.92293510426932,2.9946968245083987,1.2127438426576245,14.399808428196286,0.7580904308802178,622.5460585342364,26.201800064961546,4.5527826431901826,9.700591760050202,6.070376857586913
3.5166666666666666,1.6377523549721642,363.9449677715921,4.400300519682358,3.911506882444258,10.283956326429102,1.5159608296546434,10.206795068503212,8.18876177486082,7.920540935428244,2.9698447076589516,1.21256713355772,14.397538857000743,0.7579804148273217,622.5124312280109,26.253696048525736,4.563019337535041,9.703076971735145,6.084025783380058
3.525,1.6375154924498359,363.89233165551906,4.398978211504088,3.9109386365195182,10.282340916112917,1.5157414812764596,10.20624051212714,8.187577462249179,7.918160780707358,2.9451988283698705,1.2123909773210506,14.395277282558082,0.7578707406382298,622.4786088346343,26.305576393804003,4.573254549194444,9.705541559664054,6.097672732259262
3.533333333333333,1.6372793617059629,363.83985815688067,4.397663625050336,3.910372159601679,10.280731171531208,1.515522811097393,10.205682784169259,8.186396808529814,7.915794525090604,2.9207574855120413,1.2122153694765205,14.39302364014369,0.7577614055486965,622.4445930064832,26.357441191672997,4.58348828273322,9.707985693949837,6.111317710310963
3.5416666666666665,1.6370439567754063,363.7875459500903,4.396356696423294,3.909807437267851,10.279127046452114,1.5153048135889529,10.205121911722147,8.18521978387703,7.91344205356193,2.8965189779563505,1.2120403055530338,14.390777865032959,0.7576524067944764,622.4103853959338,26.409290533009358,4.593720542716195,9.710409544705406,6.124960723621597
3.55,1.6368092717514113,363.7353937225359,4.3950573623524365,3.9092444552362817,10.277528495091994,1.5150874832767562,10.20455792161217,8.184046358757056,7.911103252234385,2.872481621295878,1.2118657811232474,14.388539893128792,0.7575437416383781,622.3759876391263,26.461124507800907,4.6039513336642175,9.712813280371453,6.13860177821896
3.558333333333333,1.6365753007223365,363.6834001605193,4.393765559515133,3.9086831992134097,10.275935471628795,1.5148708146818923,10.203990840687766,8.182876503611682,7.90877800712724,2.848643729739378,1.211691791756157,14.386309660280311,0.7574354073409462,622.3414013735469,26.5129432061091,4.614180660101784,9.715197069527104,6.152240880135715
3.5666666666666664,1.636342037940472,363.63156398677165,4.392481226349678,3.9081236553019716,10.274347931499888,1.5146548024773792,10.203420695050085,8.18171018970236,7.906466207429419,2.8250036644340697,1.2115183331436112,14.38408710409984,0.7573274012386896,622.3066281911047,26.564746715500412,4.624408526429928,9.717561076057635,6.165878035239907
3.5749999999999997,1.636109477665212,363.5798839256027,4.3912043013706965,3.9075658096218873,10.272765830197246,1.51443944134282,10.202847510767874,8.18054738832606,7.904167742467254,2.8015597885620127,1.211345400982785,14.381872162276144,0.75721972067141,622.2716696817326,26.61653512343317,4.6346349370443285,9.71990546364484,6.179513249392442
3.5833333333333335,1.6358776141746791,363.5283587054843,4.3899347232939085,3.9070096483383474,10.27118912335689,1.5142247259751738,10.202271313824554,8.179388070873395,7.901882501929035,2.778310470664548,1.2111729909848876,14.379664772699646,0.7571123629875869,622.2365274301595,26.668308517080806,4.644859896326568,9.722230395434586,6.193146528435427
3.591666666666667,1.6356464417663947,363.4769870591989,4.388672431043588,3.90645515766344,10.269617766763478,1.514010651089379,10.201692130115022,8.178232208831973,7.899610375878458,2.755254084844307,1.2110010988756663,14.377464873468869,0.7570053255446895,622.2012030157152,26.72006698332118,4.655083408643601,9.72453603401661,6.20677787819147
3.6,1.6354159548249378,363.42576773887515,4.387417364479005,3.9059023240197175,10.268051716870916,1.513797211481057,10.201109985137403,8.177079774124689,7.897351256062209,2.7323890301247715,1.2108297204461125,14.375272403619281,0.7568986057405285,622.1656979935302,26.771810607707476,4.66530547829683,9.726822539488564,6.220407304395776
3.6083333333333334,1.6351861478258773,363.37469951686165,4.386169464436453,3.9053511340497105,10.266490930833122,1.5135844020301596,10.20052490397522,8.175930739129386,7.8951050359856145,2.709713731567892,1.2106588515554102,14.37308730316637,0.7567922010150798,622.1300138934487,26.823539474408747,4.675526109519155,9.729090069344252,6.23403481269221
3.6166666666666667,1.634957015244783,363.3237811655074,4.384928671752222,3.9048015743959485,10.264935365804018,1.5133722176166375,10.199936911712008,8.174785076223914,7.892871609154,2.6872266142356196,1.210488488062744,14.370909512125625,0.7566861088083188,622.0941522453154,26.875253667594055,4.685745306543475,9.73133878107748,6.247660408724637
3.625,1.6347285515952343,363.2730114656077,4.383694927670658,3.904253631792857,10.263384979230164,1.51316065315567,10.19934603325815,8.173642757976172,7.8906508698071836,2.6649261140637397,1.2103186258557856,14.368738970922228,0.756580326577835,622.0581145684146,26.926953270854423,4.695963073574081,9.733568831094669,6.261284098098778
3.6333333333333333,1.6345007513909373,363.2223891979861,4.382468173437733,3.903707292975158,10.2618397285584,1.5129497035625519,10.19875229352331,8.172503756954686,7.888442712187919,2.64281066703484,1.210149260822299,14.36657561998176,0.7564748517812759,622.0219023819867,26.97863836777843,4.706179414815147,9.735780375797559,6.274905886420199
3.6416666666666666,1.6342736092846974,363.17191317437727,4.381248351792579,3.9031625450138674,10.260299572306769,1.5127393638814948,10.198155716783589,8.171368046423487,7.886247033226644,2.6208787489201306,1.2099803889542988,14.364419401229474,0.7563696819407474,621.9855171666311,27.030309039839544,4.71639433436616,9.737973567609028,6.288525779154883
3.65,1.6340471199601965,363.12158221337705,4.380035405805753,3.9026193750546474,10.258764469231124,1.5125296291853265,10.197556327174455,8.170235599800982,7.884063730450356,2.599128844322084,1.2098120062669406,14.362270256923573,0.7562648145926633,621.94896039437,27.08196536804177,4.72660783630337,9.740148558068833,6.302143781737829
3.658333333333333,1.6338212781038999,363.0713951342,4.378829278577667,3.9020777702498886,10.257234378108778,1.5123204945494542,10.19695414881871,8.169106390519499,7.881892701439802,2.5775594386387413,1.2096441087774654,14.360128129352288,0.7561602472747271,621.9122335364532,27.133607433346825,4.736819924700934,9.742305498637167,6.3157598996012485
3.6666666666666665,1.6335960784531112,363.021350767358,4.377629913754396,3.90153771787489,10.255709258108716,1.512111955096402,10.196349205607628,8.167980392265555,7.879733844757913,2.55616903180764,1.209476692541216,14.3579929613522,0.756055977548201,621.8753380500093,27.185235315943498,4.747030603594752,9.744444539320277,6.329374138126338
3.675,1.633371515753904,362.97144794531204,4.3764372550763255,3.900999205226153,10.254189068467026,1.5119040059568214,10.195741521392454,8.16685757876952,7.877587059137387,2.534956126281605,1.2093097536201074,14.355864695853835,0.7559520029784107,621.8382753897258,27.236849095886907,4.7572398770141096,9.746565829872882,6.342986502685482
3.683333333333333,1.6331475848903012,362.92168553117807,4.3752512477641226,3.90046221993369,10.252673769483371,1.5116966423892144,10.195131119396367,8.165737924451506,7.8754522459754215,2.513919263952701,1.209143288179444,14.353743277276719,0.7558483211946072,621.8010469719844,27.288448851135534,4.767447748884511,9.748669516105771,6.356596998512684
3.6916666666666664,1.6329242807463253,362.8720623880723,4.374071837038456,3.899926749627516,10.251163321457415,1.511489859652083,10.194518022842544,8.164621403731626,7.873329306669222,2.493056986712994,1.20897729238453,14.35162865004038,0.7557449298260415,621.7636542131668,27.34003465964787,4.777654223131459,9.750755743829743,6.370205630841948
3.6999999999999997,1.6327015982289037,362.8225773842009,4.372898968365718,3.8993927819930194,10.24965768486555,1.5112836530251563,10.193902254849917,8.163507991144519,7.871218143058291,2.4723678430007046,1.208811762417836,14.349520758811769,0.7556418265125782,621.7260985232964,27.391606599034375,4.787859303663229,9.752824658200971,6.383812404884307
3.7083333333333335,1.6324795322535472,362.77322938967717,4.37173258730456,3.8988603047363424,10.248156820249967,1.5110780177961194,10.19328383849825,8.162397661267736,7.869118657148209,2.4518503837141328,1.2086466944682661,14.347419548349952,0.7555390088980597,621.6883813100083,27.443164746774784,4.7980629943816275,9.754876404129629,6.397417325842173
3.716666666666667,1.6322580778366431,362.7240172970318,4.370572640495909,3.898329305807511,10.246660688931092,1.5108729493461488,10.192662796408142,8.161290389183215,7.867030752892636,2.431503188584036,1.2084820848003284,14.345324964503527,0.7554364746730744,621.6505039529326,27.494709178816002,4.808265299112582,9.756911123642638,6.411020398816779
3.725,1.6320372300550627,362.6749400122362,4.369419075229532,3.897799773302787,10.245169252696128,1.5106684431124773,10.19203915092491,8.160186150275313,7.864954335413158,2.4113248546262387,1.208317929723864,14.343236953774579,0.7553342215562386,621.6124678149102,27.546239970186026,4.818466221636532,9.75892895703842,6.424621628848711
3.7333333333333334,1.6318169839856786,362.625996441262,4.3682718387951995,3.897271695318431,10.243682473332278,1.5104644945323382,10.19141292439387,8.159084919928393,7.86288930983136,2.3913139788565667,1.2081542255487137,14.341155462665188,0.7552322472661691,621.5742742587821,27.59775719591284,4.828665765733913,9.760930044615385,6.438221020978553
3.7416666666666667,1.6315973347460517,362.57718549912266,4.36713087891912,3.8967450600490814,10.242200312940895,1.5102610990806757,10.190784138975179,8.157986673730258,7.860835582054416,2.3714691699166712,1.2079909686152153,14.339080438117252,0.7551305495403379,621.5359246360962,27.649260930406367,4.838863935154565,9.762914525509375,6.45181858020609
3.75,1.6313782774518057,362.52850610040133,4.365996143306909,3.896219855684687,10.240722733607933,1.5100582522306376,10.190152816837717,8.156891387259028,7.858793057952438,2.3517890359019176,1.207828155262253,14.337011827051105,0.7550291261153188,621.4974202989324,27.700751248105597,4.849060733649771,9.76488253891085,6.4654143115330305
3.7583333333333333,1.6311598073498297,362.4799571888511,4.36486758107201,3.895696070732561,10.239249698433115,1.5098559495770276,10.189518979553105,8.155799036749148,7.856761645929619,2.3322722224077785,1.207665781927094,14.334949577806361,0.7549279747885138,621.4587625629439,27.752228221455844,4.859256164872111,9.766834220260264,6.479008219829484
3.7666666666666666,1.6309419197026245,362.4315377116943,4.363745141495308,3.895173693737764,10.237781170636753,1.509654186729119,10.18888264862193,8.154709598513122,7.854741254691555,2.3129173794898863,1.2075038450587068,14.332893638891454,0.7548270933645596,621.4199527394516,27.803691922665305,4.869450232462427,9.768769704552053,6.492600309949905
3.775,1.630724609782149,362.3832466182554,4.362628773959104,3.8946527132682225,10.236317113512252,1.509452959304951,10.188243845501756,8.153623048910745,7.852731793126387,2.293723159904992,1.207342341113149,14.330843958917152,0.7547264796524755,621.3809921371521,27.855142423798558,4.879642940054449,9.770689126510543,6.506190586739268
3.783333333333333,1.6305078728882991,362.3350828640665,4.361518428145343,3.8941331179594036,10.234857490568704,1.509252262948454,10.187602591523026,8.152539364441495,7.850733170661618,2.2746882243917534,1.207181266567415,14.328800486796183,0.754626131474227,621.3418820569893,27.90657979649584,4.889834291260901,9.772592620061868,6.519779055014538
3.7916666666666665,1.6302917043652412,362.28704541449804,4.360414054210793,3.8936148965538138,10.233402265657109,1.5090520933445877,10.186958907814736,8.151458521826205,7.848745297579428,2.2558112463366986,1.2070206179316822,14.32676317191995,0.7545260466722938,621.3026237876207,27.95800411172497,4.900024289661218,9.774480317867372,6.533365719548292
3.8,1.63007609965415,362.23913325647777,4.359315603352385,3.893098038028498,10.231951403378257,1.5088524462682193,10.186312815064635,8.15038049827075,7.846768086034294,2.2370909268300982,1.2068603917888343,14.324731964729558,0.7544262231341097,621.2632185907921,28.009415438980866,4.910212938761906,9.776352349818033,6.546950585015877
3.808333333333333,1.6298610541961986,362.19134537693304,4.358223026767051,3.892582531360501,10.230504868332941,1.508653317494216,10.185664333960469,8.149305270980992,7.844801448180693,2.218525966962222,1.2067005847217553,14.322706815666118,0.754326658747108,621.223667728249,28.06081384775844,4.920400242069476,9.778208845804821,6.5605336560926375
3.8166666666666664,1.6296465634584276,362.1436807685395,4.357136275929031,3.8920683655894077,10.229062625321978,1.5084547028214166,10.185013485072343,8.148232817292138,7.842845296672256,2.200115075208702,1.2065411933327164,14.320687675450769,0.7542273514107083,621.1839724545622,28.11219940715994,4.9305862030709955,9.780049934980173,6.574114937427997
3.8249999999999997,1.6294326229107547,362.0961384246122,4.356055302343542,3.891555529761758,10.227624639168127,1.5082565980513267,10.184360288957217,8.147163114553774,7.8408995442183755,2.1818569608717144,1.2063822142261449,14.318674494835378,0.7541282990256634,621.1441340235007,28.16357218624372,4.940770825251359,9.781875746413872,6.587694433668482
3.8333333333333335,1.6292192281280053,362.048717361779,4.3549800586405,3.8910440131777326,10.226190875505434,1.508058999082681,10.18370476569494,8.146096140640026,7.8389641055529005,2.1637503632065522,1.206223644085097,14.316667225707608,0.7540294995413405,621.1041536597345,28.214932252475574,4.950954112016613,9.783686406180388,6.601272149355487
3.841666666666667,1.629006374723324,362.0014166051831,4.353910497860621,3.8905338052301652,10.224761300264323,1.507861901849728,10.183046935191115,8.14503187361662,7.837038896149118,2.1457940324087605,1.2060654796213512,14.31466582037005,0.753930950924864,621.0640325773061,28.26627967273965,4.961136066743998,9.785482039260167,6.614848088992
3.85,1.6287940583098568,361.9542351799682,4.35284657304462,3.890024895311887,10.22333587937522,1.5076653022867164,10.182386817351324,8.143970291549284,7.835123831480317,2.1279867186738826,1.205907717546685,14.312670231125306,0.7538326511433582,621.0237719902573,28.31761451392009,4.971316692810759,9.787262770633655,6.628422257081015
3.8583333333333334,1.628582274543986,361.9071721208857,4.351788237696707,3.8895172729202723,10.221914579103062,1.507469196367968,10.181724431884557,8.14291137271993,7.833218827854073,2.110327184540591,1.2057503546052843,14.310680410744286,0.753734598183984,620.9833731006391,28.368936842244775,4.981495993561644,9.789028724046982,6.641994658082196
3.8666666666666667,1.6283710190784555,361.860226461879,4.350735445282192,3.8890109275438927,10.220497365684361,1.5072735800644321,10.18105979851628,8.141855095392277,7.831323801507945,2.0928141915130483,1.2055933875386067,14.308696311958105,0.7536367900322161,620.942837111508,28.42024672399661,4.991673972344131,9.790780023349738,6.655565296458846
3.875,1.6281602876869063,361.813397263757,4.349688150562228,3.8885058489636277,10.219084206291223,1.5070784494591045,10.180392936422292,8.140801438434531,7.82943867101201,2.075446535603178,1.2054368131787245,14.306717888807711,0.7535392247295523,620.9021651923956,28.471544223623766,5.001850632414845,9.792516788940723,6.669134176553131
3.8833333333333333,1.6279500761479988,361.7666835884442,4.3486463083517615,3.8880020269724893,10.217675068134593,1.5068838006396326,10.179723864755568,8.139750380739994,7.8275633550331705,2.0582230142553732,1.2052806283614717,14.304745095388428,0.7534419003198163,620.8613585114421,28.522829405498253,5.012025977026641,9.794239141075504,6.682701302702193
3.8916666666666666,1.6277403802543313,361.7200845009625,4.347609873615121,3.887499451397194,10.216269918533337,1.5066896297065824,10.179052602605715,8.138701901271656,7.825697772507217,2.041142428891722,1.20512482993313,14.302777885946671,0.7533448148532912,620.8204182329226,28.574102333780587,5.022200009421902,9.79594719961187,6.696266679229207
3.9,1.6275311958125724,361.6735990694606,4.346578801467492,3.886998112098473,10.214868724915084,1.5064959327735596,10.178379168998354,8.137655979062862,7.823841842641487,2.024203584952264,1.2049694147505265,14.300816214881117,0.7532479663867798,620.7793455172097,28.62536307241766,5.032372732832433,9.797641084005816,6.709830310443247
3.908333333333333,1.6273225186941347,361.62722637647437,4.345553047717979,3.8864979990935997,10.213471455208634,1.5063027060141756,10.177703582664757,8.136612593470673,7.821995485892361,2.007405306355052,1.2048143797190158,14.298860037292085,0.7531513530070878,620.7381415067235,28.676611684373903,5.042544150441389,9.799320911865538,6.723392200588523
3.9166666666666665,1.627114344836975,361.58096551932783,4.344532568888811,3.8859991025607377,10.212078077858035,1.5061099456637133,10.177025862033702,8.135571724184874,7.82015862399986,1.9907464360070832,1.2046597217938286,14.296909309001247,0.7530549728318566,620.6968073254355,28.72784823160411,5.0527142653819315,9.800986798900334,6.73695235384258
3.925,1.6269066701790493,361.5348155953443,4.343517321502223,3.885501412678051,10.21068856130734,1.505917647957456,10.176346025533974,8.134533350895246,7.8183311787040015,1.9742258168153568,1.2045054379301958,14.294963985830274,0.752958823978728,620.6553440973171,28.779072776063067,5.062883080787221,9.802638860819506,6.750510774382965
3.933333333333333,1.6266994906864563,361.4887757081014,4.342507262382004,3.8850049196917467,10.209302874218565,1.505725809156769,10.175664091466443,8.13349745343228,7.816513072287607,1.957842299716301,1.2043515251044414,14.293024023905991,0.7528629045783845,620.6137529385384,28.830285379278642,5.073050599769274,9.804277212529412,6.764067466359036
3.9416666666666664,1.6264928023253498,361.4428449611889,4.341502348352634,3.884509613848163,10.207920985253962,1.5055344255230694,10.17498007813168,8.132464011626748,7.814704227034742,1.9415947356657473,1.2041979802929306,14.291089379355546,0.7527672127615347,620.5720349652512,28.881486102777675,5.0832168254400605,9.805901968934467,6.777622433920085
3.9499999999999997,1.6262866011645412,361.3970224810092,4.340502537338602,3.8840154856418505,10.206542863870977,1.5053434934129162,10.174294003363682,8.131433005822705,7.8129045672094835,1.9254820049084247,1.2040448005489737,14.289160009419367,0.7526717467064581,620.530191265151,28.932675006529696,5.093381760834432,9.807513242010199,6.79117568111258
3.9583333333333335,1.6260808832952944,361.3513073989543,4.339507787504993,3.8835225256216472,10.205168479701006,1.5051530092036787,10.173605884894384,8.130404416476471,7.811114017508987,1.9095029940952235,1.2038919829427106,14.287235871581409,0.7525765046018393,620.4882229197085,28.98385215016362,5.103545408970369,9.809111143091519,6.804727211960497
3.966666666666667,1.6258756448110896,361.30569884690885,4.338518057040622,3.883030724341747,10.203797802392609,1.5049629692747788,10.172915740445665,8.129378224055447,7.8093325026731195,1.8936565905087905,1.2037395245459415,14.28531692334965,0.7524814846373894,620.4461310097812,29.035017593274755,5.11370777286419,9.810695783450162,6.818277030485592
3.975,1.6256708818423988,361.2601959649775,4.337533304530684,3.882540072445787,10.202430801880947,1.5047733700399242,10.172223587571278,8.128354409211994,7.807559948155231,1.877941691985557,1.203587422458194,14.283403122633326,0.7523866850199621,620.4039166059722,29.086171394897264,5.1238688555044245,9.812267273302487,6.831825140672571
3.9833333333333334,1.625466590527067,361.21479789490377,4.336553488639415,3.8820505605952285,10.201067448158168,1.504584207919654,10.171529443791435,8.127332952635335,7.805796279550947,1.8623571984671932,1.2034356737845209,14.281494427421434,0.752292103959827,620.3615807768397,29.137313613953374,5.13402865987406,9.813825722654322,6.845371546498751
3.9916666666666667,1.6252627671039006,361.16950380086683,4.335578569112745,3.8815621796956448,10.19970771199886,1.504395479428079,10.17083332616756,8.126313835519502,7.804041424402941,1.8469020386947452,1.2032842757056499,14.279590796798402,0.7521977397140395,620.3191245629596,29.188444307834004,5.144187188880246,9.815371238631567,6.858916251840333
4.0,1.6250594078117047,361.1243128470455,4.334608505696602,3.881074920652609,10.19835156417761,1.50420718107931,10.170135251761078,8.125297039058523,7.802295310253885,1.8315751414092598,1.2031332254023088,14.277692189848652,0.752103590539655,620.2765490049081,29.239563533930063,5.1543444454301355,9.816903928360116,6.872459260573519
4.008333333333333,1.6248565089062692,361.07922420139323,4.333643258318851,3.8805887744127556,10.196998975600664,1.5040193094031977,10.169435237556238,8.124282544531345,7.800557864973933,1.8163754401954593,1.2029825200679543,14.27579856584093,0.7520096547015989,620.233855138555,29.290671349374914,5.164500432418124,9.818423898481496,6.886000576557503
4.016666666666667,1.624654066649578,361.03423703323955,4.332682786973779,3.8801037319376985,10.195649917222172,1.5038318609353336,10.168733300509121,8.12327033324789,7.798829016552802,1.8013018704071422,1.2028321569006866,14.273909884111038,0.7519159304676668,620.1910439980513,29.34176781120787,5.174655152733951,9.819931255460329,6.899540203645273
4.025,1.6244520773782736,360.9893505285052,4.331727052455491,3.8796197843695666,10.19430436057502,1.5036448322805038,10.168029457236571,8.122260386891368,7.797108694419884,1.7863533886920364,1.2026821331545656,14.272026104805025,0.7518224161402519,620.1481165968585,29.39285297533598,5.184808609211282,9.821426103631838,6.913078145615047
4.033333333333333,1.6242505374731513,360.9445638829225,4.33077601603108,3.8791369229572434,10.192962277534408,1.5034582200844144,10.16732372415482,8.121252687365756,7.795396828855944,1.7715289642901269,1.2025324461167455,14.27014718854817,0.7517291100422072,620.1050739362024,29.443926896996725,5.194960804650618,9.82290854607203,6.92661440620083
4.041666666666667,1.6240494433150052,360.8998762922234,4.329829638967635,3.8786551389496133,10.19162363997554,1.503272020992771,10.166616117680096,8.120247216575025,7.793693350141744,1.7568275664413942,1.2023830930743802,14.268273095965757,0.7516360104963855,620.061917017309,29.494989631427607,5.205111741852468,9.824378685856903,6.940148989136629
4.05,1.6238487913147246,360.8552869588278,4.32888788285462,3.878174423668323,10.190288420006983,1.503086231679171,10.16590665409191,8.119243956573623,7.791998189138315,1.742248172968021,1.2022340713371802,14.266403788009775,0.7515431158395856,620.0186468330655,29.54604123340976,5.2152614235947325,9.825836625204241,6.953681898126315
4.058333333333334,1.6236485778817458,360.8107950848324,4.327950709265983,3.8776947684315064,10.188956589725892,1.5029008488158648,10.165195349676333,8.118242889408728,7.79031127667877,1.7277897612800237,1.202085378213767,14.264539225616248,0.7514504244079324,619.9752643767596,29.597081757746267,5.225409852656403,9.82728246637304,6.967213136875209
4.066666666666666,1.6234487995222286,360.76639989382863,4.3270180808117535,3.877216164791168,10.187628121979566,1.5027158691647475,10.16448222028002,8.117243997611142,7.788632545461157,1.713451336369594,1.201937011085262,14.262679370771393,0.7513579345823738,619.9317706148784,29.648111257773547,5.235557031743831,9.828716308864085,6.980742708991779
4.075,1.6232494527536105,360.7221006119135,4.326089960222749,3.876738604326577,10.186302989702757,1.502531289498165,10.163767281698384,8.116247263768052,7.786961928400948,1.6992319064445884,1.2017889673412387,14.260824185583859,0.7512656447490825,619.8881665107845,29.699129786657053,5.2457029635549,9.830138251856583,6.994270618073206
4.083333333333333,1.6230505341004176,360.6778964667595,4.325166310305708,3.8762620786341406,10.184981165885208,1.5023471065950336,10.163050549694645,8.115252670502088,7.785299358550273,1.6851304817339692,1.2016412443765836,14.25897363223929,0.7511735532975168,619.8444530258764,29.750137397454743,5.255847650782172,9.831548394327646,7.007796867709568
4.091666666666667,1.6228520401074513,360.63378669054475,4.324247094084573,3.875786579359295,10.183662623673893,1.5021633172530608,10.1623320399399,8.114260200537256,7.7836447693522315,1.6711460782491658,1.2014938396013815,14.257127673143449,0.7510816586265304,619.8006311159345,29.801134142917128,5.26599109610298,9.832946834676125,7.021321461470645
4.1,1.6226539673527332,360.5897705228296,4.323332274939123,3.875312098227796,10.182347336473413,1.5019799183007432,10.161611767954321,8.113269836763665,7.781998094890421,1.6572777214745615,1.2013467504506168,14.255286271062777,0.7509899591503716,619.756701727534,29.85212007529098,5.276133302169708,9.834333670353587,7.034844402892948
4.108333333333333,1.6224563124851958,360.5458472189324,4.3224218170086255,3.874838627136856,10.181035278238488,1.5017969066322963,10.16088974893597,8.112281562425979,7.780359270615525,1.643524457112707,1.2011999744124253,14.253449389533882,0.7508984533161481,619.7126657876048,29.90309524574801,5.286274271581494,9.835708996789771,7.048365695441996
4.116666666666666,1.6222590721537717,360.50201603417156,4.321515684432351,3.874366157983685,10.179726422923837,1.5016142791419367,10.160165998082904,8.111295360768858,7.7787282319782305,1.629885330866159,1.2010535089749423,14.251616992093371,0.7508071395709683,619.6685242230764,29.9540597054599,5.296414006937474,9.837072909414427,7.061885342583303
4.125,1.6220622430265337,360.4582762281187,4.320613841554564,3.8738946827117773,10.178420744632701,1.50143203274162,10.159440530506245,8.110311215132668,7.777104914798215,1.6163593938944756,1.200907351640651,14.249789042485782,0.75071601637081,619.624277955576,30.005013505308195,5.306552510822416,9.838425503111596,7.075403347763227
4.133333333333333,1.6218658217736093,360.41462706080205,4.319716252741567,3.8734241932695896,10.177118217484171,1.5012501643452054,10.15871336130776,8.109329108868046,7.77548925493482,1.6029456979442185,1.2007614999135727,14.247965504477838,0.7506250821726027,619.5799279061603,30.05595669614319,5.3166897858195385,9.83976687270662,7.088919714426057
4.141666666666667,1.6216698051425575,360.37106780945726,4.3188228831889575,3.872954681792807,10.175818816198174,1.501068670938318,10.1579845052375,8.108349025712787,7.773881189740123,1.5896433168377873,1.2006159513557702,14.246146342677442,0.750534335469159,619.5354749744351,30.106889327641337,5.326825834453921,9.841097110817264,7.102434445938567
4.15,1.6214741899088514,360.32759775752254,4.317933698391264,3.872486140484604,10.174522515711246,1.500887549532451,10.15725397691874,8.107370949544256,7.772280657104275,1.5764513323549456,1.2004707035502271,14.244331521995743,0.7504437747662255,619.490920052274,30.157811449055927,5.336960659229683,9.842416309265548,7.115947545639582
4.158333333333333,1.6212789728479629,360.2842161884362,4.317048663843014,3.872018561548154,10.173229290959922,1.500706797139098,10.156521790974748,8.106394864239814,7.770687594917425,1.563368826275457,1.2003257540799277,14.242521007343889,0.750353398569549,619.44626403155,30.208723109640264,5.347094262650943,9.843724559873497,7.129459016867929
4.166666666666667,1.6210841507673237,360.2409223927386,4.316167745380999,3.871551937263907,10.171939117128765,1.5005264107993725,10.155787961883647,8.105420753836619,7.769101941685798,1.5503948894898871,1.2001811005518113,14.24071476398027,0.7502632053996863,619.4015077952836,30.25962435816318,5.357226647197827,9.845021953552054,7.142968862930441
4.175,1.6208897204716497,360.1977156603666,4.315290908812954,3.8710862599057445,10.170651969381181,1.5003463875518712,10.155052504135865,8.104448602358248,7.767523635863316,1.5375286121157712,1.2000367405707808,14.238912757133653,0.7501731937759356,619.3566522272464,30.31051524343462,5.367357815352493,9.846308581289465,7.156477087136662
4.183333333333334,1.6206956788546512,360.15459530103357,4.3144181208996555,3.870621521962731,10.169367823571335,1.500166724517671,10.154315431817652,8.103478394273255,7.76595261761938,1.5247691096394729,1.1998926718084466,14.237114952999868,0.7500833622588355,619.3116981865586,30.361395812915525,5.377487769530287,9.847584531537096,7.169983692707054
4.191666666666666,1.6205020228135698,360.11156062523776,4.313549348439701,3.870157715932471,10.168086655580808,1.4999874188211222,10.153576758999208,8.102510114067849,7.764388827191462,1.5121154985540664,1.199748891939066,14.23532131781313,0.7499937094105611,619.2666465313617,30.4122661140133,5.387616512143896,9.848849892645637,7.183488682858532
4.2,1.6203087492560049,360.0686109457789,4.3126845583425855,3.8696948343376105,10.166808441371579,1.4998084675961731,10.152836499703712,8.101543746280024,7.762832205016654,1.499566898304534,1.1996053986446593,14.233531817920209,0.7499042337980866,619.2214981169294,30.463126193978383,5.3977440455982375,9.85010475267059,7.196992060797655
4.208333333333333,1.6201158550997352,360.0257455777189,4.311823717626841,3.8692328697254097,10.165533156984608,1.4996298679862081,10.152094667908086,8.100579275498676,7.761282691728314,1.4871224312385072,1.199462189614877,14.231746419778451,0.7498149339931041,619.1762537957142,30.51397609990686,5.407870372290581,9.851349199377193,7.21049382972078
4.216666666666667,1.6199233373105981,359.9829638467996,4.310966793825636,3.868771814759331,10.164260778833919,1.4994516171791512,10.151351277371004,8.09961668655299,7.7597402288861455,1.4747812334023762,1.1993192625753926,14.229965090367486,0.7497258085895756,619.1309144068575,30.564815878166378,5.417995494582117,9.852583319160805,7.223993992776161
4.225,1.6197311929030136,359.9402650895586,4.310113754992376,3.8683116622203078,10.16299128371071,1.499273712407954,10.1506063416305,8.098655964515068,7.758204758986276,1.4625424546901884,1.1991766152882954,14.228187797194993,0.749636856203977,619.0854807760442,30.615645574388203,5.428119414797557,9.853807197032024,7.237492553063414
4.233333333333333,1.6195394188914027,359.89764864253397,4.309264569180462,3.8678524048892746,10.16172464840618,1.4990961509055676,10.149859874224612,8.097697094457013,7.756676224524831,1.4504052449959863,1.199034245515675,14.22641450776865,0.7495480754527838,619.0399537289591,30.666465234203628,5.438242135261618,9.855020918001445,7.250989513682161
4.241666666666666,1.6193480123109882,359.8551138468863,4.308419204666047,3.867394035597463,10.160460849873054,1.4989189299242232,10.149111888596913,8.096740061554941,7.755154568398886,1.4383687601428203,1.1988921510352135,14.224645189822274,0.7494594649621116,618.9943340855258,30.717274902928622,5.448363658283394,9.856224566486762,7.264484877711196
4.25,1.6191569701970012,359.81266004377807,4.307577629725402,3.8669365471761243,10.159199865064055,1.49874204671616,10.14836239819092,8.095784850985005,7.753639733505723,1.4264321559571065,1.1987503296245985,14.222879811089676,0.74937102335808,618.9486226656643,30.76807462587902,5.458483986171975,9.857418226905333,7.277978648229304
4.258333333333333,1.6189662896603174,359.7702865911817,4.3067398134447625,3.866479932639417,10.157941671519279,1.4985654986037247,10.147611416106649,8.094831448301587,7.752131664200573,1.4145946098246143,1.1986087791182192,14.221118340126988,0.7492827493018623,618.9028202683445,30.81886444722417,5.46860312117966,9.858601981518582,7.29147082823955
4.266666666666667,1.6187759678281162,359.7279928506925,4.30590572508494,3.866024185040916,10.156686246905418,1.4983892829243732,10.146858955370078,8.09387983914058,7.7506303051528915,1.402855303777636,1.1984674973626839,14.219360745667585,0.7491946414621866,618.8569276880211,30.869644410886348,5.47872106554651,9.85977591212328,7.3049614207286835
4.275,1.6185860018293263,359.68577818429475,4.305075333925477,3.8655692974384306,10.15543356890276,1.4982133970171845,10.146105028999242,8.092930009146631,7.749135601065859,1.3912134203471878,1.1983264822059134,14.217606996463863,0.7491066985085922,618.8109457186638,30.920414560761305,5.48883782151127,9.860940100466324,7.318450428681698
4.283333333333333,1.6183963888197557,359.64364195994574,4.304248609533719,3.86511526295476,10.154183615400306,1.498037838246147,10.145349649890123,8.091981944098778,7.747647497160695,1.3796681497246166,1.1981857315159756,14.215857061560428,0.7490189191230735,618.7648751467987,30.971174940337423,5.498953391292508,9.862094627528581,7.331937855056682
4.291666666666667,1.6182071259612956,359.6015835469546,4.3034255215421675,3.8646620747274136,10.15293636433427,1.4978626039808896,10.144592830911067,8.091035629806477,7.746165938775901,1.3682186838358497,1.1980452431654982,14.214110910067976,0.7489313019904448,618.7187167572661,31.021925593010884,5.509067777104225,9.86323957411746,7.345423702805638
4.3,1.618018210489629,359.5596023310287,4.302606040373417,3.864209726072327,10.15169179421396,1.4976876916594306,10.14383458459535,8.090091052448145,7.744690872672151,1.3568642356364469,1.1979050150824213,14.212368511899543,0.7488438458297153,618.6724713144704,31.072666561059528,5.519180981105023,9.864375018937398,7.3589079748067014
4.308333333333334,1.6178296396404406,359.5176976978757,4.301790136450065,3.8637582103054338,10.150449883548692,1.497513098719789,10.143074923476243,8.089148198202203,7.743222245610117,1.345604018081964,1.1977650451946844,14.210629836968167,0.7487565493598946,618.6261395828161,31.123397886761225,5.529293005453506,9.865501040692847,7.372390673938012
4.316666666666666,1.6176414106619896,359.4758690359977,4.300977780329353,3.863307520773079,10.149210610945456,1.4973388226116393,10.142313860029924,8.088207053309947,7.741760004592836,1.3344372477117379,1.1976253314396546,14.208894855323638,0.7486694113058197,618.5797223232252,31.174119612203242,5.539403852298836,9.86661771772987,7.385871803065118
4.325,1.617453520806997,359.4341157348882,4.300168942616304,3.8628576508323933,10.147973955045867,1.4971648607887904,10.141551406712301,8.087267604034984,7.740304096709347,1.323363142337042,1.1974858717580419,14.207163537064213,0.7485824303943952,618.5332202953832,31.22483177940524,5.5495135237868265,9.867725128267338,7.399351365049106
4.333333333333333,1.617265967383366,359.39243719630355,4.299363594506755,3.862408593973935,10.146739894920143,1.4969912107561947,10.140787575728726,8.08632983691683,7.738854470112161,1.3123809354944376,1.19734666413192,14.2054358528882,0.7484956053780973,618.486634243695,31.275534429550607,5.559622022021864,9.868823348951599,7.412829362695823
4.341666666666667,1.6170787477311905,359.3508328291535,4.298561707541195,3.861960343766098,10.145508409888553,1.4968178700486388,10.140022379138388,8.085393738655952,7.737411073574151,1.3014898698936899,1.1972077065674904,14.203711773843974,0.7484089350243194,618.4399649036503,31.32622760333496,5.569729349084175,9.869912455511674,7.426305798778903
4.35,1.6168918591905648,359.3093020423477,4.2977632532601096,3.861512893777278,10.144279479271368,1.496644836200909,10.139255829000481,8.084459295952824,7.735973855868197,1.2906891882445684,1.197068997070956,14.201991270979914,0.7483224181004545,618.3932130107394,31.376911341453877,5.579835507053978,9.870992523676586,7.439780676071974
4.358333333333333,1.6167052991238149,359.2678442497367,4.296968203442016,3.8610662376296263,10.143053082561563,1.4964721067683977,10.13848793727325,8.083526495619074,7.734542766195628,1.2799781395921952,1.196930533665184,14.200274315586187,0.7482360533841989,618.3463792942956,31.42758568426606,5.58994049799481,9.872063628541824,7.453253997326417
4.366666666666666,1.6165190648921755,359.2264588649279,4.296176529853746,3.860620368942653,10.141829199243588,1.4962996793054844,10.137718715919895,8.082595324460877,7.733117753736743,1.2693559726709307,1.1967923143722223,14.198560878941024,0.7481498396527422,618.2994644839545,31.478250672146725,5.600044323971023,9.87312584523395,7.466725765294702
4.375,1.6163331539280752,359.1851453173501,4.295388205024356,3.860175281508016,10.140607809354988,1.4961275514325325,10.136948176580374,8.081665769640376,7.731698769043841,1.2588219565020957,1.196654337267485,14.196850933096982,0.7480637757162663,618.252469289637,31.528906344392272,5.610146986993528,9.874179246850833,7.480195982658041
4.383333333333333,1.6161475636720777,359.14390303823956,4.294603201569983,3.859730969137041,10.139388892996495,1.4959557207774439,10.13617633085771,8.080737818360388,7.73028576282597,1.2483753624248117,1.1965166004324828,14.195144450195091,0.7479778603887219,618.2053944190118,31.57955274017583,5.620248489067126,9.875223906258562,7.493664652089505
4.391666666666667,1.6159622915700522,359.1027314600116,4.293821492163564,3.859287425653883,10.13817243031006,1.4957841849730378,10.135403190330843,8.07981145785026,7.728878685894415,1.2380154632898934,1.1963791019527037,14.193441402434084,0.7478920924865189,618.1582405782781,31.63018989859015,5.630348832192641,9.876259896172053,7.507131776256858
4.4,1.6157773350825668,359.06163001834824,4.293043049635417,3.8588446449182388,10.136958401551837,1.4956129416657573,10.134628766511964,8.078886675412834,7.72747748934375,1.2277415361369965,1.196241839924654,14.19174176217257,0.7478064708328787,618.1110084695647,31.680817858505222,5.640448018359857,9.877287288887343,7.520597357813147
4.408333333333333,1.615592691695078,359.0205981544618,4.292267847082302,3.8584026208499824,10.135746787171309,1.4954419885251118,10.133853070800278,8.07796345847539,7.726082124748144,1.2175528650973102,1.1961048124634945,14.190045502039832,0.7477209942625559,618.0636987881089,31.73143665841391,5.650546049539878,9.87830615599131,7.534061399386507
4.416666666666667,1.6154083589448263,358.9796353210725,4.291495858155363,3.857961347494202,10.134537568020315,1.4952713232686041,10.133076114359884,8.077041794724131,7.724692544679654,1.2074487490569712,1.1959680177232026,14.188352595228439,0.7476356616343021,618.0163122148093,31.78204633602444,5.660642927664939,9.879316567595346,7.547523903553255
4.425,1.6152243343690522,358.93874097090054,4.290727056505744,3.857520818895984,10.133330724950689,1.4951009436137368,10.132297908354882,8.07612167184526,7.723308701710339,1.1974284869021208,1.195831453857755,14.186663014930964,0.7475504718068684,617.9688494305643,31.832646929045026,5.67073865466727,9.88031859381083,7.560984872889697
4.433333333333334,1.6150406155191472,358.89791455981054,4.289961415936084,3.8570810291346342,10.132126238924233,1.4949308472911285,10.131518463885127,8.075203077595736,7.72193054868495,1.1874913815509505,1.1956951190317366,14.184976734493924,0.7474654236455642,617.9213111123539,31.883238474969474,5.680833232468483,9.881312304345947,7.574444309957982
4.441666666666666,1.614857199947964,358.857155543992,4.28919891026467,3.8566419722929894,10.13092409091406,1.494761032032751,10.130737792043837,8.07428599973982,7.720558038476406,1.1776367363382505,1.1955590114108268,14.183293727279684,0.7473805160163755,617.8736979367536,31.93382101126942,5.6909266629890904,9.882297768867218,7.587902217318791
4.45,1.614674085265457,358.81646339232384,4.288439513921086,3.8562036425919564,10.129724262337003,1.4945914956234985,10.129955903664992,8.073370426327285,7.719191125057954,1.167863870868315,1.1954231292035065,14.181613967271803,0.7472957478117492,617.8260105645279,31.984394574551317,5.701018948106744,9.883275055414211,7.601358597475663
4.458333333333333,1.6144912691018936,358.7758375781986,4.287683201552366,3.855766034301559,10.128526734767723,1.494422235867092,10.129172809490356,8.072456345509467,7.71782976279426,1.1581721105328895,1.1952874706334833,14.179937428674812,0.747211117933546,617.7782496508169,32.03495920111383,5.711110089683846,9.884244231447754,7.614813452911799
4.466666666666667,1.6143087490875407,358.73527757500904,4.286929947805549,3.85532914169182,10.12733148978089,1.4942532505672523,10.128388520261696,8.071543745437703,7.7164739060499885,1.1485607807237153,1.1951520339244641,14.178264085693245,0.7471266252836262,617.7304158507609,32.08551492725563,5.7212000895827995,9.885205364428671,7.628266786110403
4.475,1.6141265228762696,358.69478286139326,4.286179727580349,3.8548929590898364,10.126138509134593,1.4940845375495753,10.127603046613624,8.070632614381347,7.715123509644627,1.1390292135574704,1.1950168173178493,14.176593912788428,0.7470422687747876,617.6825098129649,32.13606178891776,5.73128894964829,9.886158521145296,7.641718599531058
4.483333333333333,1.6139445881199224,358.65435291553837,4.2854325157547715,3.8544574808177985,10.124947774571131,1.4939160946377774,10.126816399189952,8.069722940599611,7.713778528358589,1.1295767405732184,1.1948818190535175,14.174926884399582,0.7469580473188887,617.6345321865952,32.18659982207198,5.741376671726526,9.88710376844372,7.655168895635373
4.491666666666666,1.6137629425358018,358.61398723017817,4.284688287907579,3.854022701356181,10.123759268341518,1.4937479197162442,10.126028588337325,8.068814712679009,7.712438918233642,1.1202027119600806,1.194747037420416,14.173262975678124,0.7468739598581221,617.5864836026935,32.23712906169824,5.751463257614579,9.888041171305035,7.6686176768194425
4.5,1.6135815838436898,358.57368529859775,4.283947019644061,3.8535886151914487,10.122572972716034,1.4935800106716581,10.12523962439114,8.067907919218449,7.711104635359311,1.1109064786133593,1.194612470709349,14.171602161802445,0.7467900053358291,617.5383646916157,32.287649542738954,5.761548709107661,9.888970794639707,7.682064945476886
4.508333333333333,1.6134005097710558,358.5334466157901,4.283208686651816,3.853155216828659,10.121388870024708,1.4934123653978277,10.124449517651888,8.067002548855278,7.70977563597327,1.1016873936187606,1.1944781172168843,14.16994441803459,0.7467061826989139,617.4901760815886,32.33816130002001,5.77163302799521,9.889892703139168,7.695510703993619
4.516666666666667,1.613219718052729,358.49327067838425,4.282473264697218,3.8527225007906623,10.12020694265475,1.4932449817953815,10.12365827838665,8.066098590263644,7.708451876454993,1.0925448121587167,1.1943439752451053,14.16828971971665,0.7466224908976907,617.4419183988018,32.388664368255846,5.781716216061146,9.890806961285172,7.7089549547482
4.525,1.6130392064591792,358.4531569909287,4.281740729928173,3.852290461686489,10.11902717327036,1.4930778577979804,10.122865916700713,8.065196032295896,7.707133313870712,1.0834780995697963,1.1942100431228115,14.166638042578503,0.7465389288989902,617.3935922595765,32.439158781620854,5.79179827506263,9.891713632544064,7.722397700083512
4.533333333333333,1.6128589727963218,358.4131050658493,4.281011058872018,3.851859094210874,10.11784954481122,1.4929109913721366,10.122072442538459,8.064294863981608,7.705819905969632,1.0744866312867032,1.194076319205371,14.164989362735707,0.7464554956860683,617.3451982704206,32.48964457375242,5.801879206730218,9.892612779372373,7.735838942306963
4.541666666666667,1.6126790148700723,358.37311441557165,4.280284228056085,3.8514283930585553,10.116674040217012,1.4927443804843614,10.12127786584427,8.06339507435036,7.704511610500953,1.0655697827441373,1.1939428018481522,14.163343656303814,0.7463721902421807,617.296737037842,32.540121778287954,5.811959012794472,9.893504464226629,7.749278683725968
4.55,1.6124993305017132,358.33318455593627,4.279560214172212,3.8509983529614265,10.11550064254686,1.4925780231154102,10.12048219649277,8.062496652508566,7.703208385509983,1.0567269337547815,1.1938094894180422,14.161700899565602,0.7462890115577051,617.2482091640941,32.590590428632005,5.8220376949744095,9.894388749125566,7.762716926632551
4.558333333333334,1.6123199175125078,358.2933150027796,4.278838993912027,3.850568968651333,10.114329334859717,1.492411917246018,10.119685444358668,8.061599587562538,7.701910189041649,1.0479574641258838,1.1936763802819133,14.160061068803602,0.746205958623009,617.1996152514351,32.64105055818943,5.8321152549890725,9.895265696088456,7.776153673318768
4.566666666666666,1.612140773779422,358.253505284316,4.278120544563437,3.850140234994812,10.113160100647496,1.4922460609085477,10.11888761906381,8.060703868897109,7.700616980214187,1.0392607695339602,1.1935434728483918,14.158424140906494,0.7461230304542739,617.1509558867018,32.691502199521146,5.842191694515682,9.896135365547648,7.7895889260209135
4.575,1.6119618971912524,358.2137549313894,4.277404843540973,3.8497121468870033,10.11199292349406,1.4920804521463258,10.118088730176348,8.059809485956261,7.699328718373752,1.0306362490253984,1.193410765534971,14.156790092891683,0.7460402260731629,617.1022316534555,32.74194538500887,5.852267015222586,9.896997817598503,7.803022686963454
4.583333333333333,1.6117832856381697,358.1740634751488,4.2766918682738835,3.8492846992263723,10.110827786993955,1.491915089003953,10.117288787258193,8.058916428190848,7.69804536289299,1.0220833020382938,1.1932782567601754,14.155158901791536,0.7459575445019765,617.0534431348772,32.79238014701346,5.8623412187770985,9.897853112297215,7.81645495836947
4.591666666666667,1.611604937029862,358.1344304510805,4.275981596400327,3.848857886958575,10.109664674893427,1.4917499695441172,10.116487799782657,8.05802468514931,7.696766873520589,1.0136013335706364,1.1931459449571582,14.153530544850797,0.7458749847720586,617.0045909087443,32.84280651760012,5.872414306831884,9.89870130914398,7.829885742442518
4.6,1.6114268492809707,358.09485539577133,4.275274005611503,3.8484317050412447,10.10850357097722,1.4915850918340985,10.115685777200568,8.057134246404853,7.695493210100706,1.0051897500320057,1.1930138285627858,14.151904999368107,0.7457925459170492,616.9556755514626,32.893224528758964,5.882486281035887,9.899542467497843,7.843315041381189
4.608333333333333,1.611249020360042,358.0553378577871,4.274569074175604,3.8480061485623565,10.107344459449084,1.4914204539911358,10.114882728718063,8.05624510180021,7.694224333516087,0.9968479731878365,1.1928819060543305,14.150282243228718,0.7457102269955679,616.9066976245147,32.943634211663486,5.892557142997594,9.900376645182261,7.856742857330132
4.616666666666666,1.6110714482356217,358.0158773856937,4.273866780360822,3.847581212609884,10.106187324512774,1.491256054132468,10.114078663541287,8.055357241178108,7.692960204649481,0.9885754248035664,1.192750175909064,14.148662254317882,0.745628027066234,616.8576576893831,32.994035597487155,5.902626894325487,9.901203900020688,7.870169192433989
4.625,1.6108941308855638,357.97647353012536,4.273167102534982,3.847156892294308,10.10503215044439,1.49109189038396,10.113273590834131,8.054470654427819,7.6917007845629675,0.9803715292960855,1.1926186366112355,14.147045010622147,0.74554594519198,616.8085563049736,33.04442871726246,5.912695536621067,9.902024289571434,7.883594048828096
4.633333333333333,1.610717066290931,357.9371258424291,4.272470019100259,3.8467331827338667,10.10387892154498,1.4909279608744515,10.112467519745913,8.053585331454654,7.690446034380467,0.9722357119966276,1.1924872866474987,14.14543049016297,0.7454639804372257,616.7593940293033,33.094813601973236,5.922763071483421,9.902837871301381,7.897017428644567
4.641666666666667,1.6105402524735482,357.8978338830107,4.271775508895157,3.8463100791453657,10.10272762243245,1.4907642637705605,10.111660459240932,8.05270126236774,7.6891959160112835,0.9641674098485093,1.1923561245350633,14.14381867140543,0.7453821318852802,616.7101714091044,33.14519028198579,5.932829500481042,9.903644701516193,7.910439333974729
4.65,1.6103636874786997,357.8585972174888,4.271083551009268,3.845887576802328,10.101578237907072,1.4906007972606468,10.110852418177,8.051818437393498,7.687950391816683,0.9561660664773216,1.1922251488087217,14.1422095330699,0.7453003986303234,616.6608889846152,33.19555878731104,5.942894825164815,9.904444835853312,7.923859766886425
4.658333333333333,1.6101873693516688,357.81941541148194,4.270394124532183,3.8454656709782773,10.10043075276911,1.4904375595330697,10.110043405411929,8.050936846758344,7.68670942415793,0.948231125508655,1.192094358003266,14.140603053876754,0.7452187797665348,616.6115472960736,33.245919147959924,5.952959047085621,9.905238329950178,7.937278729447501
4.666666666666667,1.6100112961541564,357.780288034257,4.2697072087292245,3.845044356986436,10.099285151946464,1.4902745487914042,10.109233429729018,8.050056480770781,7.685472975712604,0.9403620352448213,1.1919637506657952,14.138999212725048,0.7451372743957021,616.5621468791728,33.29627139369464,5.963022167782025,9.906025238976563,7.950696223709373
4.675,1.60983546594704,357.7412146548978,4.269022782856912,3.8446236301380363,10.09814142036062,1.4901117632384633,10.108422499915292,8.0491773297352,7.684241009142442,0.9325582437539627,1.1918333253427913,14.137397988504866,0.7450558816192316,616.5126882698337,33.346615554289855,5.973084188793203,9.906805618125647,7.964112251724276
4.683333333333334,1.609659876843579,357.7021948541287,4.268340826732432,3.8442034858709664,10.096999543340278,1.4899492011256057,10.107610624520017,8.048299384217895,7.683013488118378,0.924819214025237,1.1917030806199995,14.135799360676387,0.7449746005628028,616.4631719894759,33.396951658726714,5.9831451116190175,9.907579521098521,7.97752681549203
4.691666666666666,1.6094845269628946,357.6632282139766,4.267661320235729,3.843783919637289,10.095859506259721,1.4897868607096247,10.106797812065853,8.047422634814472,7.681790376424312,0.9171444107179667,1.1915730150875596,14.134203308763608,0.7448934303548124,616.4135985578964,33.4472797358975,5.9932049377549275,9.908347001429247,7.990939917006576
4.7,1.6093094144280764,357.6243143173503,4.266984243289216,3.8433649268986643,10.094721294524081,1.4896247402509906,10.105984071057446,8.046547072140381,7.68057163792059,0.9095332996217359,1.191443127338586,14.132609812333712,0.7448123701254953,616.3639684937937,33.49759981463445,6.003263668693415,9.90910811253887,8.004351558257893
4.708333333333333,1.6091345373728658,357.5854527495258,4.266309575929322,3.8429465031425054,10.093584893621292,1.4894628380200459,10.10516940995109,8.045672686864329,7.679357236672779,0.9019853495603488,1.1913134159741767,14.131018851069808,0.7447314190100229,616.314282312917,33.54791192360837,6.013321305918965,9.909862907545008,8.017761741225293
4.716666666666667,1.6089598939496317,357.5466430999182,4.265637298391857,3.8425286439012685,10.092450289184104,1.4893011523043975,10.104353837118536,8.044799469748158,7.678147137105342,0.8945000346639008,1.1911838796093932,14.129430404857743,0.7446505761521988,616.2645405258595,33.5982160912079,6.023377850902084,9.910611439034653,8.031170467869451
4.725,1.6087854823485443,357.5078849663432,4.264967391317245,3.842111344798814,10.091317467139158,1.4891396814266866,10.103537360759946,8.043927411742722,7.6769413043710415,0.8870768398302646,1.1910545168876323,14.12784445399482,0.7445698407133433,616.2147436327491,33.64851234524903,6.033433305084897,9.911353758518018,8.044577740113203
4.733333333333333,1.6086113007597742,357.4691779466165,4.264299835345908,3.8416946014590003,10.090186413413091,1.4889784237095545,10.102719989075489,8.043056503798871,7.675739703622636,0.8797152499573098,1.19092532645229,14.126260978778328,0.7444892118547772,616.164892133714,33.698800713547726,6.043487669909538,9.912089917505313,8.057983559879391
4.741666666666666,1.60843734738395,357.43052164087777,4.263634611230213,3.8412784095309753,10.089057114013864,1.4888173774853353,10.101901730217863,8.04218673691975,7.674542300214384,0.8724147529220267,1.1907963069546024,14.124679959619408,0.7444086887426676,616.1149865259874,33.74908122376152,6.053540946810282,9.912819967208842,8.071387929080382
4.75,1.6082636204227374,357.3919156494972,4.262971699733624,3.840862764666395,10.087929554957476,1.4886565410873245,10.101082592335054,8.041318102113687,7.673349059520524,0.8651748368968505,1.1906674570465825,14.123101376940467,0.7443282705436622,616.0650273065149,33.79935390353226,6.06359313722063,9.91354395881136,8.084790849627513
4.758333333333333,1.6080901181198948,357.35335958219883,4.262311082070138,3.840447662618693,10.086803722587199,1.4884959128878286,10.100262583384,8.040450590599473,7.672159947726248,0.857995002044065,1.1905387754117949,14.121525211622078,0.7442479564439143,616.0150149605902,33.849618779864095,6.073644242542487,9.914261942296637,8.09819232338999
4.766666666666667,1.6079168387339562,357.31485305199027,4.261652739611911,3.8400330991770333,10.085679603361184,1.4883354912728493,10.09944171125457,8.03958419366978,7.670974931301441,0.850874752734972,1.1904102607448803,14.119951444705656,0.7441677456364246,615.9649499694162,33.89987587953736,6.083694264166667,9.914973967227548,8.111592352222228
4.775,1.6077437805234565,357.27639567187924,4.260996653731099,3.8396190701305777,10.084557183737584,1.4881752746283878,10.098619983836631,8.038718902617282,7.669793976715979,0.8438135933408761,1.190281911740479,14.118380057232615,0.7440876373141939,615.9148328141962,33.95012522933239,6.093743203483982,9.915680083166956,8.124990937978648
4.783333333333333,1.607570941764356,357.2379870587458,4.26034280598638,3.839205571310629,10.083436450310046,1.4880152613565967,10.09779740894096,8.03785470882178,7.6686170507754845,0.83681103319693,1.190153727106295,14.116811030434064,0.7440076306782983,615.8646639713091,34.00036685576549,6.10379106187216,9.91638033918135,8.13838808249622
4.791666666666667,1.6073983207311011,357.1996268291336,4.259691177920215,3.838792598544822,10.082317389660428,1.4878554498582242,10.096973994385198,8.036991603655505,7.667444120256387,0.8298665812067245,1.1900257055488948,14.115244345524598,0.7439277249291121,615.8144439175533,34.05060078537598,6.113837840710077,9.917074784380372,8.151783787613443
4.8,1.6072259157462707,357.16131461028243,4.259041751590256,3.838380147777181,10.081199988744839,1.487695838578629,10.09614974776853,8.036129578731353,7.666275152862461,0.8229797599844271,1.1898978458109262,14.113679984242774,0.7438479192893145,615.7641731164027,34.10082704397393,6.123883541340466,9.9177634665026,8.165178055120627
4.808333333333334,1.6070537251341805,357.12305002981793,4.258394509072735,3.837968214955929,10.080084234532885,1.4875364259647785,10.095324676682253,8.035268625670902,7.665110116330923,0.8161500926385793,1.189770146636338,14.112117928346038,0.7437682129823893,615.7138520308506,34.15104565734319,6.1339281651047655,9.918446433237186,8.17857088680636
4.816666666666666,1.6068817472248509,357.08483271663357,4.257749432504949,3.8375567960430814,10.078970114038535,1.4873772104689282,10.094498788691771,8.034408736124254,7.663948978508907,0.8093771039028733,1.1896426067733552,14.110558159653948,0.7436886052344641,615.6634811223112,34.201256651181126,6.1439717133401235,9.919123732110757,8.191962284453504
4.825,1.6067099803536202,357.0466623008045,4.257106504081101,3.837145887013511,10.077857614317091,1.487218190548261,10.093672091338357,8.033549901768101,7.662791707345981,0.8026603200254305,1.1895152249741885,14.109000660043927,0.7436090952741305,615.6130608507265,34.25146005110459,6.154014187379705,9.9197954104985,8.205352249839613
4.833333333333333,1.6065384228822461,357.008538418277,4.25646570627818,3.8367354839059766,10.07674672262929,1.487059364684447,10.092844592043367,8.03269211441123,7.661638271300724,0.795999274779978,1.1893880000108528,14.107445411681004,0.7435296823422235,615.562591668725,34.301655882330174,6.164055588536836,9.920461515023046,8.218740784715788
4.841666666666667,1.6063670731983386,356.9704607107419,4.2558270218498775,3.8363255828217455,10.075637426436877,1.4869007313831155,10.092016298110817,8.031835365991693,7.66048863932978,0.7893935093039356,1.189260930674741,14.105892397011628,0.7434503656915578,615.5120740217787,34.35184416968286,6.174095918105441,9.92112209157065,8.232127890807261
4.85,1.606195929689509,356.93242881989084,4.255190433549886,3.835916179862087,10.074529713201606,1.486742289149897,10.091187216844727,8.030979648447545,7.659342780389794,0.7828425647347256,1.189134015757247,14.104341598482248,0.7433711445749485,615.4615083553599,34.402024937987626,6.18413517737944,9.92177718602757,8.245513569839261
4.858333333333333,1.6060249907547168,356.89444238993707,4.254555924253366,3.8355072711557128,10.073423570473476,1.4865840365009393,10.0903573554976,8.030124953773583,7.65820066365606,0.7763459854424326,1.189007254058271,14.102792998662867,0.7432920182504696,615.4108951117987,34.45219821189752,6.194173367644238,9.922426843956801,8.258897823525658
4.866666666666666,1.6058542547928867,356.856501065086,4.2539234768351175,3.835098852831251,10.072318985802212,1.486425971952359,10.089526721322105,8.029271273964433,7.6570622583032115,0.769903315787407,1.1888806443776878,14.101246580123096,0.7432129859761795,615.3602347334353,34.502364016066096,6.204210490185261,9.923071110922303,8.272280653580355
4.875,1.605683720243954,356.8186044986565,4.253293074608855,3.8346909211164877,10.071215947056414,1.48626809405828,10.088695321384776,8.02841860121977,7.655927534295939,0.7635141118106387,1.1887541855461112,14.099702325878978,0.74313404702914,615.3095276512576,34.5525223745257,6.214246546257156,9.92371003131998,8.285662061676216
4.883333333333333,1.6055133855564314,356.7807523458737,4.252664700980122,3.834283472259956,10.070114442171395,1.4861104013807773,10.087863162713209,8.027566927782157,7.654796461764221,0.7571779319968466,1.1886278764005864,14.09816021903995,0.7430552006903887,615.2587742938787,34.60267331117871,6.224281537108126,9.92434364930136,8.299042049477508
4.891666666666667,1.6053432491799091,356.74294426220206,4.252038339365973,3.8338765025127897,10.06901445909083,1.4859528924829233,10.087030252330118,8.026716245899545,7.653669010858752,0.75089433513704,1.1885017157789648,14.09662024272716,0.7429764462414616,615.2079750896139,34.652816849911204,6.234315463985569,9.92497200898734,8.312420618647431
4.9,1.605173309578142,356.7051799062538,4.25141397333509,3.833470008160377,10.067915985868556,1.4857955659409194,10.08619659719392,8.02586654789071,7.652545152003162,0.7446628840574403,1.1883757025297168,14.095082380215977,0.7428977829704597,615.1571304628573,34.70295301439465,6.244348328126246,9.9255951540953,8.325797770835
4.908333333333333,1.6050035652188794,356.6674589375288,4.25079158649889,3.83306398549776,10.06681901058945,1.4856384203346689,10.085362204244914,8.025017826094397,7.651424855698003,0.7384831427215395,1.1882498355043056,14.093546614825229,0.7428192101673344,615.1062408368973,34.753081828240035,6.254380130763921,9.92621312822889,8.339173507685235
4.916666666666667,1.6048340146092368,356.62978102427485,4.25017116289013,3.832658430915172,10.06572352164451,1.485481454280559,10.084527080244717,8.024170073046184,7.650308093202234,0.7323546863055362,1.1881241135837033,14.092012930302312,0.7427407271402795,615.0553066241254,34.80320331446201,6.264410873102809,9.92682597387049,8.352547830803754
4.925,1.60466465625633,356.59214583474005,4.2495526865415645,3.832253340802843,10.064629507424725,1.4853246663949768,10.08369123195496,8.02332328128165,7.649194835774817,0.7262770899856316,1.1879985356488814,14.090481310394614,0.7426623331974884,615.004328236933,34.8533174960752,6.274440556347122,9.92743373350248,8.36592074179617
4.933333333333334,1.6044954886741605,356.5545530387023,4.24893614155966,3.8318487115676567,10.063536956374646,1.485168055300693,10.082854666106007,8.022477443370802,7.648085054807388,0.7202499308996032,1.1878731005859735,14.088951738924504,0.7425840276503465,614.9533060858054,34.90342439598994,6.284469181695904,9.928036449411083,8.379292242261213
4.941666666666666,1.604326510379038,356.5170023064529,4.248321512075575,3.831444539622076,10.062445856956758,1.4850116196226162,10.082017389417755,8.02163255189519,7.646978721736035,0.714272786842385,1.1877478072828436,14.087424199739461,0.7425058098113081,614.9022405805889,34.95352403708157,6.294496750346465,9.928634163816806,8.392662333795295
4.95,1.6041577199173753,356.47949331497233,4.2477087825426585,3.831040821451353,10.061356197867633,1.484855358013555,10.081179408473472,8.020788599586876,7.645875808576786,0.7083452441830702,1.1876226546499193,14.085898677014686,0.7424276790067775,614.8511321227971,35.00361644176946,6.304523263473518,9.929226918082737,8.406031017964699
4.958333333333333,1.6039891158526745,356.4420257450388,4.247097937597171,3.8306375535820614,10.060267967936737,1.4846992691421572,10.080340729778868,8.019945579263371,7.644776287674907,0.7024668941583205,1.187497641610439,14.084375155111431,0.7423496345710786,614.7999811092131,35.053701632214064,6.314548722238946,9.929814753085212,8.419398296318603
4.966666666666667,1.6038206967484372,356.40459927743046,4.246488961875368,3.830234732540778,10.059181155993535,1.4845433516770694,10.079501359839648,8.019103483742185,7.643680131375663,0.6966373280047954,1.1873727670876413,14.08285361839095,0.7422716758385347,614.7487879366201,35.10377963057585,6.3245731278046335,9.930397709700564,8.432764170406188
4.975,1.6036524611802876,356.3672135956195,4.245881840143237,3.8298323548833864,10.058095750961751,1.4843876042981725,10.078661305106507,8.018262305901438,7.642587312257828,0.6908561404114725,1.1872480300138497,14.08133405134645,0.7421938021490863,614.6975529984459,35.15385045883166,6.334596481323364,9.930975828459896,8.446128641764492
4.983333333333333,1.6034844077232293,356.3298683829399,4.245276557160137,3.8294304171642697,10.057011741760284,1.4842320256847739,10.077820572032953,8.017422038616147,7.641497802888248,0.6851229258909677,1.1871234293209236,14.079816438464398,0.7421160128423869,614.6462766882898,35.20391413896773,6.344618783948386,9.931549149911946,8.45949171193119
4.991666666666666,1.603316534990796,356.2925633312881,4.244673098097804,3.829028916030982,10.055929117607665,1.4840766145518907,10.076979166897619,8.01658267495398,7.6404115765760485,0.6794372899300988,1.1869989639696044,14.07830076465073,0.7420383072759453,614.5949593890858,35.25397069238662,6.354640036804024,9.932117713508033,8.472853382405372
5.0,1.6031488416007464,356.25529813349925,4.244071448173187,3.8286278481412874,10.054847867755269,1.4839213696184543,10.076137095959973,8.015744208003731,7.639328606711737,0.6737988392188202,1.1868746329237991,14.076787014857375,0.7419606848092272,614.5436014825988,35.304020140426914,6.36466024101143,9.932681558579162,8.486213654681915
5.008333333333333,1.602981326173804,356.2180724830676,4.243471592634975,3.8282272101601245,10.053767981477538,1.4837662896061459,10.075294365466014,8.014906630869019,7.6382488667429564,0.6682071812918646,1.1867504351496385,14.075275174068551,0.7418831448030729,614.4922033497722,35.35406250438223,6.37467939768953,9.933240724371858,8.499572530252715
5.016666666666667,1.6028139873384089,356.180886075202,4.242873516814448,3.8278269987710867,10.052689448108914,1.4836113732437974,10.074450981626727,8.014069936692044,7.637172330266005,0.6626619258816813,1.186626369619037,14.07376522735248,0.7418056866218987,614.4407653694141,35.40409780542934,6.384697507951457,9.933795249912876,8.512930010601952
5.025,1.6026468237369362,356.143738608208,4.242277206192009,3.8274272106914626,10.051612257092204,1.4834566192731549,10.073606950589856,8.01323411868468,7.636098971145616,0.6571626866894126,1.1865024353143534,14.072257159929084,0.7417283096365774,614.3892879164753,35.45412606453391,6.394714572899885,9.934345173832103,8.526286097199856
5.033333333333333,1.6024798340393485,356.1066297865219,4.241682646543346,3.82702784270525,10.050536398084754,1.4833020264615344,10.07276227837793,8.012399170196742,7.635028763778023,0.6517090852740983,1.1863786312386275,14.070750957318653,0.7416510132307672,614.33777135827,35.50414730224367,6.4047305936167716,9.934890533973634,8.539640791489038
5.041666666666667,1.6023130169156095,356.06955931458,4.2410898236441446,3.826628891596447,10.049461860743914,1.4831475935762521,10.07191697101348,8.011565084578047,7.633961682559461,0.6463007431947766,1.1862549563948985,14.06924660504148,0.7415737967881261,614.2862160621121,35.554161539106396,6.414745571184079,9.935431368181566,8.552994094912114
5.05,1.6021463710434103,356.03252689853565,4.240498723352802,3.826230354167739,10.048388634787138,1.4829933193917866,10.071071034483962,8.01073185521705,7.632897702035044,0.6409372842115815,1.186131409791999,14.067744088701991,0.7414966596958933,614.2346223931769,35.60416879555273,6.4247595066779635,9.935967714079887,8.56634600890396
5.058333333333334,1.6019798951011777,355.99553224470617,4.239909331535582,3.8258322272235854,10.047316709937585,1.4828392026832973,10.070224474773497,8.009899475505888,7.6318367967640475,0.6356183322940167,1.1860079904393115,14.066243393912616,0.7414196013416486,614.1829907164356,35.65416909200222,6.434772401174033,9.936499609271642,8.57969653489872
5.066666666666666,1.6018135877983601,355.95857506630233,4.239321634390764,3.8254345076434606,10.046246076159663,1.482685242254695,10.069377297725412,8.0090679389918,7.630778941903376,0.6303435202471694,1.1858846973694728,14.064744506623528,0.7413426211273475,614.1313213882729,35.704162448404475,6.444784255724603,9.937027090476327,8.593045674299479
5.075,1.6016474478551528,355.92165507892287,4.238735618231653,3.825037192332824,10.045176723501369,1.482531436919851,10.068529509134262,8.008237239275763,7.629724112816976,0.6251124839370359,1.1857615296231754,14.063247412901914,0.7412657184599255,614.0796147620987,35.7541488845463,6.454795071373922,9.937550194107342,8.60639342849857
5.083333333333333,1.6014814739917513,355.884771998167,4.23815126937155,3.8246402781971347,10.04410864201068,1.482377785492637,10.0676811147946,8.007407369958756,7.62867228486879,0.6199248592296139,1.1856384862411118,14.061752098814953,0.7411888927463185,614.0278711913227,35.80412842021449,6.464804849166237,9.938068956578084,8.619739798888324
5.091666666666667,1.6013156649412157,355.84792554249236,4.237568574261439,3.8242437621729586,10.043041821835635,1.4822242867988473,10.066832120442594,8.006578324706078,7.62762343367059,0.6147802856548431,1.1855155662736172,14.060258550569888,0.7411121433994237,613.9760910257938,35.85410107500098,6.474813590136139,9.93858341393556,8.633084786848192
5.1,1.6011500194354733,355.8111154301052,4.236987519340186,3.8238476411941233,10.041976253115454,1.4820709396632261,10.065982531819555,8.005750097177366,7.626577534812335,0.6096784024202458,1.1853927687701782,14.058766754361635,0.7410354698316131,613.9242746156747,35.904066868514846,6.484821295319065,9.939093602259021,8.646428393758761
5.108333333333333,1.60098453624184,355.7743413870756,4.236408091425411,3.8234519122800252,10.040911926264576,1.4819177429433166,10.06513235450618,8.0049226812092,7.625534564565741,0.604618858812569,1.1852700928068078,14.057276696770405,0.7409588714716583,613.8724223013319,35.95402581982908,6.494827965723889,9.939599556619788,8.659770620965192
5.116666666666666,1.6008192141288455,355.7376031397435,4.23583027734771,3.823056572452996,10.039848831706868,1.4817646954977866,10.064281594077661,8.004096070644227,7.624494499225879,0.5996013044638943,1.1851475374604288,14.055788364389613,0.7408823477488933,613.8205344227965,36.00397794799831,6.504833602358567,9.940101312054656,8.673111469811431
5.125,1.6006540518692511,355.7009004153892,4.235254063982983,3.8226616187455997,10.038786959899113,1.4816117961892261,10.063430256089983,8.003270259346255,7.623457315169369,0.5946253902119278,1.185025101811136,14.054301743858758,0.7408058980946131,613.7686113189282,36.05392327201304,6.514838206227885,9.940598903479852,8.686450941637185
5.133333333333333,1.6004890482396599,355.66423294214667,4.234679438248228,3.8222670481996883,10.03772630132797,1.4814590438837842,10.062578346081706,8.002445241198298,7.622422988846811,0.5896907679881214,1.1849027849419034,14.052816821859157,0.7407295219418921,613.7166533275232,36.103861810805576,6.5248417783337365,9.941092365702232,8.699789037778322
5.141666666666667,1.6003242020362531,355.6276004525007,4.234106387270006,3.821872857904457,10.036666846632356,1.4813064374657576,10.061725869502517,8.001621010181266,7.621391497086011,0.5847970953006347,1.1847805859503817,14.051333585285297,0.7406532187328788,613.6646607809586,36.15379358301166,6.534844319663323,9.941581732970981,8.713125759551103
5.15,1.6001595120740673,355.59100268312613,4.233534898376648,3.8214790449946894,10.035608586597819,1.481153975836916,10.06087283171655,8.000797560370335,7.620362817077967,0.5799440350272058,1.1846585039483537,14.049852021236946,0.740576987918458,613.6126340063923,36.203718606981404,6.544845831189685,9.942067038998324,8.72646110825292
5.158333333333333,1.599994977168137,355.5544393706971,4.23296495889649,3.821085606605168,10.034551512009905,1.481001657899029,10.060019238087929,7.999974885840684,7.619336926013683,0.5751312500455723,1.184536538047602,14.048372116813866,0.7405008289495145,613.5605733309828,36.25363690106492,6.554846313885864,9.942548317496488,8.739795085181159
5.166666666666667,1.599830596141879,355.51791025375087,4.232396556247561,3.8206925398909406,10.033495613719333,1.4808494825616334,10.059165093942752,7.999152980709395,7.61831380124561,0.5703584056204186,1.1844146873661916,14.046893859207065,0.7404247412808167,613.5084790795685,36.30354848348537,6.564845768718612,9.943025601939002,8.753127691624822
5.175,1.5996663678186698,355.4814150708155,4.231829677847463,3.820299842006959,10.032440882576518,1.4806974487342293,10.058310404607296,7.998331839093349,7.617293420125434,0.5656251670051003,1.1842929510221574,14.045417235607124,0.7403487243671146,613.4563515769989,36.353453372466525,6.574844196654707,9.943498925800535,8.76645892887295
5.183333333333334,1.599502291052072,355.44495356712713,4.231264311436869,3.8199075101811646,10.031387309666629,1.4805455553542939,10.057455175270833,7.9975114552603594,7.616275760586364,0.5609312080503387,1.184171328156161,14.04394223353328,0.7402727776771469,613.4041911397682,36.40335158577488,6.584841598638266,9.94396832169601,8.779788798184361
5.191666666666666,1.5993383647018697,355.40852548930445,4.230700444823033,3.8195155416565423,10.030334886123223,1.4803938013650701,10.056599411094412,7.996691823509348,7.61526080068146,0.5562762043787767,1.1840498179135281,14.04246884057251,0.7401969006825351,613.3519980826483,36.453243141082645,6.59483797560873,9.944433822063168,8.793117300811646
5.2,1.5991745876286847,355.37213058415216,4.230138065822178,3.8191239336781053,10.029283603086373,1.4802421857105768,10.055743117235275,7.995872938143423,7.614248518479921,0.5516598318516305,1.1839284194402127,14.040997044320921,0.7401210928552884,613.2997727201795,36.5031280560494,6.604833328504915,9.944895459315882,8.806444438006558
5.208333333333333,1.5990109587034214,355.3357686007604,4.229577162360571,3.818732683515725,10.028233451776115,1.4800907073443634,10.054886298803995,7.995054793517107,7.6132388922490275,0.5470817692586193,1.1838071318898749,14.03952683248656,0.7400453536721817,613.2475153640556,36.55300634817891,6.614827658257913,9.945353265575182,8.819770211010555
5.216666666666667,1.5988474768001741,355.29943928892766,4.229017722398624,3.81834178844699,10.0271844234373,1.479939365222936,10.05402896089667,7.99423738400087,7.612231900317523,0.5425416962981652,1.183685954418567,14.038058192812219,0.739969682611468,613.1952263250879,36.602878034926654,6.624820965796425,9.945807272871228,8.833094621061905
5.225,1.5986841408217844,355.26314240484095,4.228459734204412,3.8179512458189997,10.026136509538347,1.479788158329443,10.053171108478935,7.993420704108922,7.611227521567941,0.5380393008559946,1.1835648862038899,14.036591113353683,0.7398940791647215,613.1429059061303,36.6527431333126,6.634813252027561,9.946257512415446,8.846417669370087
5.233333333333333,1.598520949671094,355.2268777046875,4.2279031860460075,3.817561052978851,10.025089701547673,1.479637085647033,10.052312746516426,7.992604748355469,7.610225734882813,0.5335742708178326,1.1834439264234438,14.03512558216674,0.7398185428235164,613.0905544100368,36.70260166035672,6.6448045178584385,9.946704015419261,8.85973935714459
5.241666666666666,1.5983579022560392,355.1906449457865,4.227348066246014,3.8171712072859623,10.02404399097332,1.4794861461635767,10.05145387995165,7.991789511280196,7.609226519242825,0.529146295520534,1.1833230742586482,14.033661587362648,0.7397430730817883,613.0381721382512,36.75245363300183,6.654794764192341,9.947146812948992,8.873059685589794
5.25,1.5981949974862144,355.15444388582546,4.22679436314478,3.8167817061037606,10.02299936933623,1.479335338868482,10.050594513719599,7.990974987431072,7.608229853660604,0.5247550647731704,1.1832023288921658,14.032199117070721,0.739667669434241,612.9857593917584,36.802299068165595,6.664783991931315,9.947585936023728,8.886378655908427
5.258333333333333,1.5980322342934417,355.11827428743146,4.226242065320542,3.8163925468494204,10.02195582833021,1.4791846627717569,10.049734652654383,7.990161171467208,7.607235717576975,0.5204002747153894,1.1830816895233203,14.030738159662292,0.7395923313858784,612.9333164653908,36.85213798242897,6.6747722019607085,9.948021415029505,8.899696269280952
5.266666666666667,1.5978696116219924,355.0821359159984,4.225691161484769,3.8160037269702163,10.020913359745881,1.4790341168949472,10.048874301533612,7.989348058109961,7.606244090672584,0.5160816250323942,1.182961155360767,14.029278703644232,0.7395170584474736,612.880843650535,36.90197039218435,6.684759395156529,9.948453279997805,8.913012526875379
5.275,1.597707128416137,355.0460285369194,4.225141640348933,3.815615243913424,10.019871955373874,1.4788837002595985,10.048013465134899,7.988535642080685,7.60525495262808,0.5117988154093888,1.1828407256131614,14.027820737523422,0.7394418501297992,612.8283412385775,36.951796313824104,6.69474557239478,9.948881560960105,8.926327429859713
5.283333333333333,1.5975447836290957,355.0099519175768,4.224593490720269,3.815227095147954,10.018831607074404,1.4787334118955504,10.047152148195252,7.987723918145478,7.604268283296484,0.5075515480800354,1.1827203994958657,14.026364249904164,0.7393667059477752,612.7758095184284,37.00161576360503,6.704730734544743,9.949306287693041,8.939640979392998
5.291666666666667,1.5973825762136205,354.97390582524906,4.224046701401024,3.814839278141592,10.017792306704061,1.4785832508322094,10.046290355453786,7.986912881068102,7.603284062521843,0.5033395251452466,1.1826001762238936,14.024909229385685,0.7392916254161047,612.7232487791265,37.051428757791044,6.714714882476057,9.94972748998652,8.952953176634749
5.3,1.5972205051508044,354.93789003351213,4.223501261496744,3.814451790430648,10.016754046339846,1.478433216125248,10.045428091521016,7.9861025257540215,7.60230227069414,0.49916245677717463,1.1824800550335008,14.023455664875783,0.739216608062624,612.6706593018667,37.10123531221669,6.724698017037074,9.950145196823327,8.966264022716105
5.308333333333334,1.597058569424782,354.90190431661824,4.222957160145534,3.814064629558786,10.015716818082414,1.478283306833158,10.044565360993632,7.98529284712391,7.601322888261962,0.4950200540144212,1.1823600351632237,14.022003545315378,0.739141653416579,612.6180413670016,37.15103544267047,6.734680139073865,9.950559437099601,8.979573518765159
5.316666666666666,1.5968967680219042,354.86594844931204,4.222414386509219,3.813677793075033,10.01468061404966,1.4781335220164848,10.043702168458282,7.984483840109521,7.600345895716595,0.49091202852677,1.1822401158532603,14.020552859669522,0.7390667610082424,612.5653952542706,37.20082916490729,6.744661249430833,9.950970239648367,8.992881665907785
5.325,1.5967350999341108,354.8300222075802,4.221872929809435,3.813291278541927,10.01364542640294,1.477983860740954,10.042838518476243,7.983675499670554,7.599371273656984,0.4868380935757356,1.1821202963479973,14.019103596964115,0.738991930370477,612.5127212418661,37.25061649459741,6.754641348948189,9.951377633143471,9.006188465264259
5.333333333333333,1.5965735641637593,354.79412536972427,4.221332779379313,3.8129050835471947,10.012611247384639,1.4778343220819465,10.041974415561517,7.982867820818796,7.598399002882765,0.482797965389824,1.1820005758996304,14.017655746338493,0.7389171610409733,612.4600196050969,37.300397447253246,6.764620438458316,9.951781645962061,9.019493917944427
5.341666666666667,1.596412159733341,354.75825771852027,4.220793924767466,3.8125192057272503,10.011578069393726,1.4776849051335033,10.041109864136727,7.982060798666704,7.597429064581439,0.47879136593182053,1.1818809537754476,14.016209297151216,0.7388424525667516,612.407290613699,37.350172038082235,6.774598518778481,9.952182305907861,9.03279802503798
5.35,1.5962508856653477,354.722419036744,4.220256355522504,3.812133642718506,10.010545884829178,1.477535608989665,10.040244868624505,7.9812544283267375,7.596461439940508,0.47481801716451205,1.181761429242737,14.014764238760847,0.7387678044948325,612.3545345374085,37.39994028229179,6.784575590725947,9.952579640784592,9.046100787634602
5.358333333333333,1.5960897409879806,354.68660910844017,4.21972006125415,3.8117483921711828,10.009514686134372,1.477386432749765,10.039379433421558,7.980448704939903,7.5954961102574705,0.47087764267690335,1.1816420015730666,14.013320560588118,0.7386932163748825,612.3017516443808,37.44970219500283,6.794551655113693,9.952973678233354,9.059402206818264
5.366666666666666,1.5959287247299618,354.6508277177693,4.219185031577697,3.8113634517367574,10.008484465756737,1.4772373755136188,10.038513562922239,7.9796436236498085,7.594533056839856,0.46696996620625575,1.1815226700383947,14.011878252059432,0.7386186877568094,612.2489422026274,37.49945779132839,6.8045267127543045,9.953364445880418,9.072702283672413
5.375,1.5957678359428742,354.6150746539721,4.218651256353103,3.8109788191219853,10.007455216321507,1.4770884364022294,10.037647261417149,7.97883917971437,7.593572261435584,0.4630947180007013,1.1814034339278154,14.010437302850107,0.7385442182011147,612.196106473832,37.549207086035196,6.814500764443202,9.953751970700974,9.086001019257608
5.383333333333333,1.595607073686116,354.5793497080258,4.218118725523965,3.8105944920525214,10.006426930514687,1.4769396145438434,10.036780533161423,7.9780353684305805,7.592613705943138,0.4592516305342218,1.1812842925362816,14.008997702720562,0.7384698072719217,612.1432447175152,37.59895009377155,6.824473810969929,9.954136279447622,9.09929841462658
5.391666666666667,1.5954464370190862,354.54365267090805,4.217587429033887,3.81021046825402,10.005399601022296,1.4767909090667073,10.035913382410193,7.97723218509543,7.591657372260996,0.4554404362807975,1.1811652451587462,14.007559441431214,0.7383954545333536,612.0903571931977,37.64868682918578,6.834445853124039,9.954517398872964,9.11259447083206
5.4,1.5952859250106786,354.5079833357064,4.217057356928093,3.809826745475095,10.0043732206042,1.4766423191078684,10.035045813375499,7.976429625053393,7.590703242470568,0.4516608704188573,1.1810462910972794,14.00612250884588,0.7383211595539342,612.0374441577717,37.69841730678233,6.8444168916879455,9.954895355459158,9.125889188917268
5.408333333333333,1.5951255367289416,354.47234149532045,4.216528499242761,3.809443321462317,10.003347782013687,1.4764938438035902,10.034177830273217,7.975627683644708,7.58975129863697,0.44791266788596484,1.1809274296533183,14.00468689481916,0.7382469219017951,611.9845058683635,37.748141541078496,6.854386927444701,9.955270175712448,9.139182569926277
5.416666666666667,1.5949652712679405,354.43672694843127,4.216000846292504,3.8090601940251645,10.002323278206392,1.4763454823142488,10.033309437201153,7.974826356339702,7.588801523326508,0.4441955710292844,1.180808660147801,14.003252589488946,0.7381727411571244,611.9315425748983,37.797859546197415,6.8643559611578215,9.955641885398116,9.152474614877102
5.425,1.5948051277225854,354.40113949390786,4.215474388400978,3.8086773609751576,10.001299702144514,1.4761972338010028,10.03244063825328,7.974025638612927,7.587853899121761,0.44050932243661706,1.180689981902299,14.00181958300232,0.7380986169005014,611.8785545270676,37.84757133624942,6.874323993590181,9.956010510257382,9.165765324786916
5.433333333333334,1.5946451051909265,354.36557893131703,4.214949115925445,3.8082948201314117,10.00027704681469,1.4760490974279217,10.031571437509323,7.973225525954632,7.586908408665801,0.4368536655900655,1.1805713942407376,14.000387865540564,0.7380245487139608,611.8255419736936,37.8972769252973,6.8842910255023035,9.956376075942037,9.179054700669745
5.441666666666666,1.5944852027737875,354.3300450608417,4.214425019252847,3.8079125693197464,9.999255305225107,1.475901072361645,10.030701839036414,7.972426013868937,7.585965034655124,0.43322834476157296,1.1804528964891214,13.99895742731515,0.7379505361808225,611.772505162831,37.94697632736179,6.894257057652622,9.956738608024887,9.192342743536836
5.45,1.5943254195864998,354.2945376858888,4.213902088925396,3.8075306064010634,9.998234470496806,1.4757531577822585,10.029831846835853,7.971627097932498,7.585023760065712,0.42963310835502755,1.1803344879843296,13.997528258695528,0.7378765788911292,611.7194443385187,37.99666955624389,6.9042220907886795,9.957098131665541,9.205629454384914
5.458333333333333,1.5941657547581427,354.25905661292063,4.2133803156324365,3.807148929269505,9.997214535857744,1.4756053528825896,10.02896146484654,7.970828773790713,7.584084568138386,0.4260677086896967,1.1802161680735466,13.996100350200841,0.7378026764412948,611.6663597409905,38.04635662553627,6.9141861256476895,9.957454671632075,9.218914834196926
5.466666666666667,1.5940062074177959,354.2236016483991,4.212859690063313,3.8067675358192146,9.996195494535877,1.4754576568554656,10.028090697007382,7.970031037088979,7.5831474421139635,0.42253189808484626,1.1800979361039565,13.994673692350228,0.7377288284277328,611.6132516104802,38.09603754883165,6.924149162966868,9.957808252692558,9.232198883955832
5.475,1.593846776700727,354.1881726001616,4.212340202973599,3.806386423959299,9.995177339807299,1.4753100688994492,10.027219547229198,7.969233883503635,7.582212365352479,0.4190254306222095,1.1799797914273826,13.993248275730217,0.7376550344497246,611.5601201855088,38.14571233962897,6.934111203478781,9.958158899438823,9.245481604638382
5.483333333333333,1.5936874617421641,354.15276927603645,4.211821845118443,3.8060055915987685,9.994160064947783,1.475162588213066,10.02634801942299,7.96843730871082,7.581279321213198,0.4155480603721558,1.1798617333956183,13.991824090926896,0.737581294106533,611.5069657046082,38.19538101142779,6.944072247916027,9.958506636463827,9.258762997221375
5.491666666666666,1.5935282616995536,354.1173914887898,4.211304607490776,3.805625036700358,9.993143663405919,1.4750152140154342,10.025476117398927,7.967641308497767,7.5803482934833974,0.41209954773286417,1.179743761377111,13.990401128768285,0.7375076070077171,611.4537884001606,38.24504357739105,6.9540322969945105,9.958851487727756,9.272043062659355
5.5,1.5933691757348525,354.0820390521895,4.210788481131808,3.8052447572377077,9.992128128665371,1.4748679455298521,10.024603844946709,7.9668458786742615,7.579419266037254,0.40867965438716886,1.1796258747436894,13.98897938013152,0.7374339727649261,611.4005885032998,38.29470005061338,6.963991351426756,9.959193477062326,9.285321801902349
5.508333333333333,1.5932102030106678,354.0467117801484,4.210273457089704,3.804864751186033,9.991113454214865,1.4747207819802208,10.02373120585308,7.966051015053338,7.578492222761468,0.4052881422030954,1.1795080728676703,13.987558835900812,0.7373603909901104,611.3473662449794,38.34435044417955,6.973949411924793,9.959532628280733,9.298599215899731
5.516666666666667,1.5930513426970696,354.0114094882377,4.209759526492494,3.8044850165385915,9.990099633601165,1.4745737225973583,10.02285820387093,7.965256713485347,7.577567147686489,0.4019247751738901,1.1793903551269633,13.986139487041632,0.7372868612986792,611.2941218540881,38.393994771061266,6.98390647919505,9.959868964983654,9.311875305593407
5.525,1.592892593966659,353.9761319925909,4.2092466804953,3.8041055512947612,9.989086660390724,1.4744267666144268,10.021984842741647,7.964462969833294,7.576644024891541,0.3985893180138411,1.179272720901376,13.984721324547014,0.7372133833072134,611.2408555588131,38.44363304419191,6.993862553942051,9.96020251069966,9.325150071922742
5.533333333333333,1.5927339560130274,353.94087911400607,4.208734910477895,3.8037263535046772,9.98807452831325,1.474279913284045,10.02111112611137,7.963669780065136,7.5757228388602105,0.39528154141536276,1.17915516958645,13.98330433963855,0.7371399566420225,611.1875675815324,38.493265276186825,7.003817636854554,9.960533288359507,9.338423515806078
5.541666666666667,1.5925754280297673,353.9056506732816,4.208224207820045,3.8033474212184752,9.98706323109846,1.4741331618588305,10.020237057626227,7.962877140148835,7.574803574076081,0.3920012160708681,1.1790377005777273,13.981888523537844,0.7370665809294152,611.1342581446236,38.54289147966139,7.013771728621317,9.960861320893956,9.351695638161763
5.55,1.5924170092142393,353.8704464920532,4.2077145639418605,3.802968752495403,9.986052762505377,1.4739865115948947,10.01936264091525,7.962085046071197,7.5738862150953485,0.3887481137462286,1.1789203132735748,13.980473867507527,0.7369932557974473,611.0809274694211,38.59251166717386,7.023724829928266,9.96118663112642,9.36496643990436
5.558333333333334,1.5922586987649963,353.8352663922214,4.207205970276198,3.80259034539759,9.985043116302291,1.4738399617494526,10.018487879602064,7.96129349382498,7.572970746497156,0.3855220065465748,1.178803007073253,13.979060362823208,0.7369199808747263,611.0275757769299,38.64212585126444,7.033676941460436,9.961509241846386,9.378235921947253
5.566666666666666,1.5921004958970009,353.8001101993335,4.206698418431544,3.802212198026847,9.984034286385135,1.4736935115949288,10.017612777235813,7.960502479485004,7.57205715317678,0.38232267125078534,1.1786857813883225,13.977648000939189,0.7368467557974644,610.9742032836123,38.69173404422472,7.043628063890526,9.961829175375964,9.391504085187373
5.575,1.5919423998342839,353.764977740952,4.206191900113432,3.8018343085069093,9.983026266720362,1.4735471604121522,10.016737337324496,7.959711999171419,7.571145420204178,0.379149887220245,1.1785686356371419,13.976236773408505,0.7367735802060761,610.9208102034211,38.741336258208925,7.053578197884433,9.962146453779019,9.404770930512584
5.583333333333333,1.5917844098008764,353.7298688446392,4.205686407027394,3.8014566749615137,9.982019051274426,1.4734009074819514,10.015861563376111,7.958922049004382,7.57023553264931,0.37600343381634005,1.1784515692380693,13.974826671784195,0.7367004537409757,610.867396750309,38.790932505371266,7.063527344108048,9.962461099119409,9.418036458810736
5.591666666666667,1.5916265250274146,353.69478333942544,4.205181930949656,3.8010792955303696,9.98101263406516,1.473254752091278,10.014985458868676,7.958132625137073,7.569327475709381,0.37288309228168875,1.1783345816144146,13.973417687691223,0.736627376045639,610.8139631364005,38.8405227977659,7.073475503222302,9.962773133272874,9.431300670963076
5.6,1.5914687447441844,353.6597210542632,4.204678463652691,3.800702168352337,9.980007009107666,1.4731086935267572,10.014109027281803,7.957343723720921,7.568421234574843,0.3697886437590381,1.1782176721892246,13.972009812750732,0.7365543467633786,610.7605095739171,38.890107147452255,7.083422675888388,9.963082578125139,9.444563567851189
5.608333333333333,1.5913110682023142,353.6246818227365,4.204175997132037,3.8003252916166765,9.979002170579161,1.472962731094332,10.013232272000511,7.956555341011571,7.567516794837666,0.3667198753272251,1.1781008404011697,13.970603038810824,0.736481365547166,610.7070362693112,38.939685566174035,7.093368862751842,9.96338945496832,9.457825150335795
5.616666666666666,1.5911534946551238,353.58966547891646,4.203674523406675,3.799948663517943,9.977998112673893,1.4728168641019768,10.012355196399886,7.9557674732756185,7.566614142132015,0.36367657468887743,1.1779840856905623,13.969197357743449,0.7364084320509884,610.6535434284291,38.98925806564172,7.103314064456555,9.963693785032154,9.471085419275413
5.625,1.5909960233575868,353.5546718572416,4.203174034513301,3.799572282254695,9.976994829598988,1.4726710918591988,10.011477803847496,7.954980116787934,7.565713262123942,0.36065853001805653,1.1778674074989555,13.967792761438583,0.7363355459295994,610.6000312566588,39.038824657540744,7.113258281645173,9.963995589499236,9.484344375526904
5.633333333333333,1.5908386535687262,353.51970079305033,4.20267452253193,3.7991961460352774,9.975992315593055,1.4725254136792565,10.01060009769254,7.954193267843631,7.564814140557473,0.3576655306415888,1.177750805270936,13.966389241830276,0.7362627068396282,610.5464999582681,39.088385353495184,7.123201514957302,9.964294889436884,9.497602019943075
5.641666666666667,1.590681384555349,353.4847521234109,4.202175979625893,3.7988202530868618,9.97499056495525,1.4723798288826244,10.009722081248892,7.953406922776744,7.563916763326608,0.35469736810349967,1.1776342784569271,13.96498679093735,0.7361899144413122,610.49294973537,39.13794016501121,7.1331437650266984,9.964591705690692,9.510858353368938
5.65,1.590524215598955,353.4498256886567,4.201678398115769,3.7984446016721445,9.973989572099011,1.4722343368033945,10.00884375776374,7.952621077994774,7.563021116608385,0.351753838132317,1.1775178265183648,13.963585400938614,0.7361171684016973,610.4393807860106,39.18748910337235,7.143085032476082,9.96488605868781,9.524113376634784
5.658333333333333,1.5903671459810447,353.41492132912106,4.201181770322137,3.798069190053825,9.972989331437772,1.4720889367756587,10.007965130484282,7.951835729905223,7.562127186579846,0.3488347364565685,1.1774014489166857,13.96218506401288,0.7360444683878293,610.3857933082363,39.23703217986215,7.15302531792817,9.965177968855386,9.5373670905709
5.666666666666667,1.5902101749873374,353.38003888607506,4.200686088610722,3.797694016504801,9.97198983741778,1.471943628137418,10.007086202638554,7.951050874936687,7.5612349594992985,0.3459398600062423,1.1772851451164883,13.960785772384892,0.735971814068709,610.3321874989255,39.28656940570024,7.162964622002513,9.965467456500418,9.550619496003357
5.675,1.59005330190392,353.34517820087115,4.200191345351192,3.797319079298862,9.970991084488148,1.4717984102270159,10.006206977452942,7.9502665095196,7.560344421632147,0.34306900581621697,1.1771689145826472,13.959387518283405,0.7358992051135079,610.2785635548549,39.33610079210069,7.17290294531838,9.96575454191942,9.563870593757846
5.683333333333334,1.5898965260337254,353.31033911860567,4.199697533093503,3.79694437675053,9.969993067229007,1.4716532823984083,10.00532745807737,7.949482630168626,7.559455559568306,0.3402219757189917,1.1770527567926643,13.95799029412061,0.7358266411992042,610.2249216681388,39.38562635002231,7.18284028848239,9.966039244929142,9.577120384643193
5.691666666666666,1.5897398466853696,353.2755214856377,4.199204644448428,3.79656990718807,9.968995780264697,1.4715082440108178,10.004447647635972,7.948699233426848,7.55856836000717,0.33739857316557614,1.1769366712283016,13.956594092370576,0.7357541220054089,610.171262029318,39.43514609033783,7.192776652096884,9.966321585184485,9.59036886946252
5.7,1.5895832631674691,353.2407251483265,4.1987126720267405,3.796195668939745,9.96799921821955,1.4713632944234674,10.003567549252887,7.947916315837345,7.557682809648133,0.3345986016069788,1.176820657371321,13.95519890550737,0.7356816472117337,610.1175848289336,39.48466002391999,7.202712036764213,9.966601582340344,9.603616049018957
5.708333333333333,1.5894267747956485,353.20594995458856,4.19822160851423,3.7958216603507684,9.967003375772423,1.4712184330020759,10.002687166020442,7.947133873978242,7.556798895325615,0.3318218664904275,1.1767047147087382,13.95380472608139,0.7356092165010379,610.0638902555868,39.53416816153532,7.212646443081452,9.966879255852,9.616861924108608
5.716666666666667,1.5892703808849018,353.1711957522004,4.197731446589923,3.7954478797648252,9.966008247597246,1.471073659111777,10.001806501033833,7.946351904424509,7.555916603861863,0.3290681730832188,1.1765888427270959,13.952411546636144,0.7355368295558885,610.0101784980535,39.58367051395992,7.222579871646158,9.96715462519272,9.630106495528215
5.725,1.5891140807693487,353.1364623931886,4.197242179137536,3.7950743255718464,9.965013828516723,1.4709289721354304,10.000925557301459,7.945570403846743,7.555035922447565,0.32633733209966714,1.1764730409272723,13.95101935992341,0.7354644860677152,609.956449739816,39.63316709168012,7.23251232304151,9.967427709291076,9.643349764055351
5.733333333333333,1.5889578737836951,353.10174972971004,4.196753799047068,3.7947009961631846,9.964020113358112,1.47078437145644,10.00004433782905,7.944789368918475,7.5541568382847215,0.32362915442131435,1.1763573088105872,13.949628158701355,0.73539218572822,609.9027041641938,39.68265790517337,7.242443797850252,9.96769852705891,9.656591730467008
5.741666666666666,1.588801759264978,353.0670576144396,4.196266299233444,3.794327889935823,9.963027096966794,1.4706398564603682,9.999162845611776,7.944008796324889,7.553279338620198,0.3209434515930027,1.176241645880105,13.948237935753511,0.7353199282301841,609.8489419538622,39.7321429648818,7.252374296653374,9.967967097341742,9.669832395537838
5.75,1.5886457365522344,353.03238590049654,4.19577967263302,3.793955005291586,9.96203477420372,1.4704954265346335,9.99828108363571,7.9432286827611716,7.552403410739437,0.3182800357298939,1.1761260516403915,13.946848683885209,0.7352477132673167,609.795163290942,39.78162228121724,7.262303820030366,9.968233438928053,9.683071760040493
5.758333333333333,1.5884898049952518,352.99773444338933,4.195293912297185,3.79358234065829,9.961043140013446,1.4703510810766156,9.997399054838153,7.942449024976259,7.551529042134933,0.31563872200821447,1.1760105256040698,13.945460396018824,0.7351755405383078,609.741368354579,39.83109586442863,7.2722323685526336,9.96849757030022,9.696309824736849
5.766666666666667,1.5883339639538412,352.96310310085363,4.194809011384606,3.7932098944879877,9.960052189418489,1.4702068194929856,9.996516762110911,7.9416698197692055,7.550656220492291,0.31301932845912817,1.1758950672912762,13.944073065185883,0.7351034097464928,609.6875573211445,39.88056372461307,7.282159942784057,9.96875950965513,9.709546590378748
5.775,1.5881782127878137,352.92849173062535,4.194324963053953,3.7928376652327356,9.959061917441367,1.470062641190414,9.995634208345795,7.940891063939068,7.549784933497115,0.31042167311379953,1.175779676222148,13.942686684417914,0.735031320595207,609.63373036701,39.93002587186763,7.292086543288513,9.969019275189662,9.722782057718023
5.783333333333333,1.5880225508615502,352.8939001914556,4.193841760512798,3.7924656513556347,9.958072319140145,1.4699185455798067,9.994751396413871,7.9401127543077505,7.548915168923036,0.3078455753047421,1.1756643519202468,13.941301246796202,0.7349592727899034,609.579887667282,39.97948231622015,7.302012170626445,9.969276884970567,9.736016227501931
5.791666666666667,1.5878669775393934,352.8593283420875,4.193359396968314,3.7920938513197004,9.957083389572592,1.4697745320720352,9.993868329186382,7.939334887696967,7.548046914542966,0.305290854353912,1.1755490939091071,13.939916745401629,0.7348872660360176,609.5260293970774,40.02893306769905,7.311936825358324,9.969532357065649,9.74924910047777
5.8,1.5877114922020406,352.82477604489793,4.192877865802689,3.791722263627487,9.956095123923673,1.4696306000931272,9.992985009460353,7.938557461010203,7.547180158444841,0.3027573342405235,1.175433901724521,13.938533173493141,0.7348153000465636,609.472155726987,40.07837813608497,7.321860508032333,9.969785709076989,9.762480677376448
5.808333333333334,1.5875560942334581,352.79024316299075,4.192397160433105,3.7913508867894583,9.955107517403782,1.4694867490721402,9.992101440017974,7.93778047116729,7.546314888779589,0.3002448398750707,1.175318774904732,13.937150524365295,0.7347433745360701,609.4182668266963,40.12781753110902,7.331783219194197,9.970036958513534,9.7757109589256
5.816666666666666,1.5874007830181158,352.7557295595813,4.191917274282128,3.7909797193172907,9.954120565227232,1.469342978438599,9.991217623639148,7.937003915090578,7.545451093707831,0.2977531963113583,1.1752037129883601,13.935768791318123,0.7346714892192995,609.3643628657517,40.17725126249465,7.3417049593892605,9.970286122869906,9.788939945852352
5.825,1.5872455579458986,352.72123509908863,4.19143820083028,3.79060875973576,9.95313426265045,1.4691992876270472,9.990333563079206,7.936227789729492,7.544588761494504,0.29528223014539734,1.1750887155180856,13.934387967710627,0.7345996438135236,609.3104440122008,40.2266793398833,7.351625729158803,9.970533219486502,9.80216763887841
5.833333333333333,1.587090418408688,352.68675964637515,4.190959933579452,3.790238006574467,9.952148604945394,1.4690556760738787,9.989449261084417,7.93545209204344,7.543727880443015,0.2928317685419523,1.1749737820380848,13.93300804692355,0.7345278380369393,609.2565104335386,40.27610177288613,7.3615455290425995,9.970778265646846,9.815394038723472
5.841666666666667,1.5869353638136934,352.65230306970966,4.190482466195569,3.789867458400074,9.95116358750324,1.4689121432296928,9.988564720331487,7.934676819068466,7.5428684391520235,0.2904016430307751,1.174858912104023,13.931629022504534,0.7344560716148464,609.2025622930174,40.325518570882096,7.371464359568908,9.971021278197965,9.828619146091885
5.85,1.586780393568123,352.6178652373607,4.190005792344549,3.789497113779242,9.950179205715155,1.4687686885450886,9.987679943497136,7.933901967840614,7.542010426220189,0.2879916851416186,1.174744105271565,13.930250888001217,0.7343843442725443,609.1485997538904,40.37492974325013,7.381382221265986,9.971262273986879,9.841842961687988
5.858333333333333,1.5866255070819741,352.58344601821653,4.189529905722155,3.789126971285376,9.949195454993998,1.4686253114732493,9.986794933245422,7.93312753540987,7.54115383029988,0.28560172719827537,1.1746293610984666,13.928873636991595,0.7343126557366246,609.0946229786383,40.424335299326934,7.391299114659995,9.971501269781214,9.855065486213332
5.866666666666666,1.5864707037660992,352.54904528135546,4.189054800033304,3.788757029493949,9.948212330759276,1.4684820114681512,9.985909692236518,7.932353518830496,7.540298640059947,0.28323160176822804,1.1745146791431242,13.927497263062985,0.7342410057340756,609.0406321295053,40.47373524843624,7.401215040276453,9.97173828232422,9.86828672036861
5.875,1.586315983043466,352.514662898548,4.188580469112568,3.7883872870097286,9.947229828524733,1.468338787994999,9.98502422307563,7.9315799152173305,7.539444844402624,0.28088114486926913,1.174400058973016,13.926121759934626,0.7341693939974995,608.9866273653827,40.52312959971823,7.411129998631775,9.971973328014116,9.881506664842373
5.883333333333333,1.586161344343647,352.48029874303273,4.188106906865208,3.788017742453452,9.946247943855479,1.4681956405251182,9.984138528337976,7.930806721718235,7.538592432357374,0.27855019440016804,1.17428550016057,13.92474712139767,0.7340978202625591,608.9326088433331,40.57251836221298,7.421043990237407,9.972206423061024,9.89472532031655
5.891666666666667,1.5860067870962142,352.44595268804767,4.18763410719648,3.787648394445857,9.945266672316627,1.4680525685298351,9.983252610598782,7.930033935481071,7.537741392953664,0.27623858825969316,1.1741710022782157,13.923373341243277,0.7340262842649176,608.8785767204198,40.62190154496061,7.4309570156048,9.972437583675072,9.907942687473072
5.9,1.5858523107356166,352.41162460791486,4.187162064063826,3.787279241619471,9.944286009511211,1.4679095714849948,9.98236647241115,7.929261553678082,7.536891715314887,0.2739461657353063,1.174056564902036,13.922000413315695,0.7339547857424974,608.824531152356,40.67127915692732,7.4408690752417375,9.972666825927512,9.92115876698899
5.908333333333333,1.5856979146960386,352.37731437689746,4.186690771421867,3.7869102826061862,9.94330595104022,1.467766648866198,9.981480116329369,7.928489573480192,7.536043388559361,0.2716727660393655,1.1739421876079177,13.920628331456307,0.733883324433099,608.7704722949283,40.720651207083314,7.450780169656199,9.972894165897106,9.934373559541607
5.916666666666667,1.5855435984269945,352.3430218726655,4.186220223389279,3.7865415160749585,9.942326492623867,1.4676238001632524,9.98059354483817,7.927717992134972,7.535196402100702,0.26941823274993115,1.1738278699832372,13.919257089673414,0.7338119000816262,608.71640029968,40.770017704166534,7.460690299344647,9.973119619226049,9.94758706579287
5.925,1.5853893613795753,352.308746973239,4.185750414101607,3.7861729406985574,9.94134762999463,1.4674810248674277,9.979706760415127,7.926946806897876,7.534350745382892,0.26718240989400843,1.1737136116165527,13.917886681992481,0.7337405124337139,608.6623153177186,40.81937865689103,7.470599464802355,9.973343201511641,9.960799286403146
5.933333333333334,1.585235203006107,352.2744895569127,4.185281337707624,3.7858045551527395,9.9403693588946,1.467338322471138,9.978819765532204,7.926176015030534,7.533506407873723,0.26496514185061015,1.1735994120973492,13.916517102452438,0.733669161235569,608.6082174998091,40.86873407395214,7.480507666523668,9.97356492831598,9.974010222031563
5.941666666666666,1.5850811227618475,352.2402495026328,4.184812988387477,3.78543635812035,9.939391675088663,1.4671956924695146,9.977932562648064,7.925405613809238,7.532663379097458,0.26276627383354934,1.1734852710173085,13.915148345124127,0.7335978462347573,608.5541069959055,40.91808396400075,7.490414905000725,9.973784815117686,9.987219873334308
5.95,1.5849271201078707,352.20602669063794,4.184345360383546,3.7850683482982967,9.938414574386941,1.4670531343630793,9.977045154194983,7.924635600539354,7.531821648690382,0.2605856527128697,1.173371187972472,13.913780404141718,0.7335265671815396,608.499983954352,40.96742833559968,7.5003211807213015,9.974002877229754,10.00042824096174
5.958333333333333,1.5847731945159715,352.1718210035492,4.18387844805296,3.7847005244094127,9.937438052682953,1.46691064766229,9.976157542556573,7.923865972579858,7.530981206495328,0.2584231284121346,1.173257162566918,13.912413273756133,0.733455323831145,608.4458485205254,41.01676719714923,7.510226494165103,9.974219129659827,10.013635325553476
5.966666666666667,1.5846193454579454,352.13763232398793,4.183412245752847,3.7843328851765308,9.936462105870211,1.466768231877605,9.975269730116452,7.923096727289726,7.530142042355125,0.25627855085490625,1.1731431944047246,13.911046948218294,0.7333841159388025,608.3917008398024,41.06610055704974,7.520130845811842,9.97443358741555,10.02684112774913
5.975,1.584465572408704,352.10346053526763,4.182946747873692,3.783965429330021,9.935486729866469,1.466625886522371,9.97438171924409,7.922327862043519,7.529304146172645,0.2541517708523751,1.1730292830923066,13.909681421813056,0.7333129432611855,608.337541056697,41.11542842365431,7.530034236138883,9.974646265415803,10.040045648185185
5.983333333333333,1.5843118748434202,352.0693055207601,4.182481948808763,3.7835981556008806,9.934511920591515,1.4664836111101764,9.973493512307776,7.9215593742171,7.528467507855774,0.2520426392898717,1.172915428236273,13.90831668882812,0.7332418055550882,608.2833693156513,41.164750805312096,7.539936665623401,9.974857178572053,10.053248887497874
5.991666666666666,1.5841582522496787,352.0351671665953,4.182017843084173,3.7832310627501244,9.93353767406167,1.4663414051661139,9.972605111619474,7.920791261248393,7.527632117551511,0.2499510105877799,1.1728016294525385,13.906952743686338,0.7331707025830569,608.2291857576718,41.21406771018417,7.549838134733232,9.975066341442263,10.066450846310982
6.0,1.5840047041191971,352.0010453598216,4.181554425270253,3.7828641495487547,9.932563986325404,1.4661992682191056,9.971716519472395,7.9200235205959855,7.526797965486456,0.2478767403433007,1.172687886360114,13.905589580855564,0.7330996341095528,608.1749905226213,41.26337914636898,7.559738643933112,9.97527376846671,10.079651525244154
6.008333333333333,1.5838512299436927,351.96693998748725,4.18109168993734,3.7824974147677786,9.931590853431178,1.4660571997980736,9.970827738159741,7.919256149718463,7.525965041887211,0.24581968415363598,1.1725741985780114,13.90422719480365,0.7330285998990368,608.1207837503626,41.312685121965,7.56963819368777,9.975479474085676,10.092850924917032
6.016666666666667,1.5836978292200568,351.9328509377904,4.180629631711135,3.78213085719071,9.930618271467706,1.465915199436735,9.969938769951247,7.918489146100283,7.525133337080042,0.24377969908944247,1.17246056572912,13.902865580054787,0.7329575997183675,608.0665655793266,41.36198564499228,7.5795367844580515,9.975683472592095,10.106049045944076
6.025,1.5835445014447078,351.89877809882404,4.1801682452122915,3.781764475599921,9.929646236520018,1.4657732666683698,9.969049617118785,7.917722507223539,7.5243028413821245,0.24175664208697412,1.1723469874359755,13.901504731128025,0.7328866333341849,608.0123361480747,41.41128072347803,7.589434416705154,9.975885778292342,10.119245888940211
6.033333333333333,1.5833912461281257,351.8647213618057,4.179707525211935,3.7813982688117855,9.928674744782512,1.4656314010392886,9.96816028187042,7.916956230640628,7.523473545381483,0.23975037408671296,1.1722334633316536,13.900144642695517,0.7328157005196443,607.9580955912769,41.4605703652364,7.599331090879702,9.976086405092369,10.132441454506276
6.041666666666667,1.5832380627811966,351.83068061804374,4.179247466485545,3.7810322356436576,9.92770379245275,1.4654896020961798,9.967270766412373,7.916190313905982,7.522645439673981,0.23776075614500686,1.1721199930495338,13.89878530943385,0.7327448010480899,607.9038440434906,41.5098545780754,7.609226807432019,9.97628536688654,10.145635743242698
6.05,1.583084950916534,351.7966557592298,4.178788063827084,3.7806663749170686,9.92673337574172,1.4653478693873323,9.966381072943026,7.915424754582669,7.521818514888752,0.23578764981011782,1.1720065762242913,13.89742672603841,0.7326739346936662,607.8495816387951,41.55913336977682,7.619121566811123,9.976482677520028,10.158828755748171
6.058333333333334,1.582931910048197,351.7626466773772,4.1783293120459915,3.780300685457047,9.925763490871669,1.4652062024623749,9.9654912036542,7.914659550240985,7.520992761682785,0.23383091704207803,1.1718932124916845,13.896068887220336,0.7326031012311874,607.7953085108696,41.60840674810059,7.629015369464952,9.976678350796833,10.172020492619943
6.066666666666666,1.582778939698207,351.7286532662683,4.177871206036911,3.779935166107872,9.924794134126756,1.465064600878315,9.964601160701582,7.913894698491035,7.520168170866439,0.23189042206834357,1.1717799014934402,13.894711787777458,0.7325323004391575,607.7410247911895,41.65767472068597,7.638908215835451,9.976872400294207,10.185210954447275
6.075,1.5826260393958942,351.69467542130985,4.17741374077271,3.7795698157314965,9.923825301848002,1.464923064198935,9.963710946207696,7.913130196979471,7.519344733390879,0.22996603119802608,1.171666642876764,13.8933554225872,0.7324615320994675,607.6867306092074,41.70693729506146,7.648800106359073,9.977064839381239,10.198400141812103
6.083333333333333,1.5824732086705893,351.66071303790875,4.1769569112262595,3.779204633189875,9.92285699037642,1.4647815919880178,9.962820562295063,7.912366043352946,7.518522440207268,0.22805761074023795,1.1715534362888613,13.891999786526988,0.7323907959940089,607.6324260943759,41.756194478755546,7.658691041472268,9.977255681427017,10.211588055296364
6.091666666666667,1.5823204470549965,351.6267660122215,4.176500712406535,3.778839617353119,9.921889196079272,1.4646401838124723,9.961930011070889,7.911602235274982,7.517701282331764,0.226165027964956,1.1714402813794669,13.89064487451098,0.7323200919062361,607.5781113752136,41.80544627924562,7.6685810216089525,9.977444939704545,10.224774695478612
6.1,1.5821677540817871,351.59283424039717,4.176045139322161,3.77847476709126,9.920921915323559,1.464498839239177,9.961039294642534,7.910838770408935,7.516881250779891,0.224288150132795,1.1713271777982905,13.889290681452982,0.7322494196195884,607.5237865802482,41.854692704009544,7.678470047203064,9.977632627487761,10.237960062937425
6.108333333333333,1.5820151292956686,351.55891762125964,4.1755901871105685,3.7781100813034323,9.919955144569899,1.464357557846165,9.96014841506274,7.910075646478342,7.516062336799024,0.2224268479320182,1.171214125204064,13.887937202397858,0.7321787789230825,607.4694518346765,41.90393376034281,7.688358118679492,9.977818757707839,10.25114415823933
6.116666666666666,1.5818625722437183,351.52501605415966,4.175135850934553,3.777745558894503,9.918988880297341,1.4642163392136671,9.959257374373491,7.909312861218591,7.515244531682196,0.22058099272592116,1.1711011232572959,13.886584432416276,0.7321081696068336,607.4151072630392,41.953169455504984,7.698245236461339,9.978003343228448,10.26432698194846
6.125,1.581710082473402,351.4911294385338,4.174682125961067,3.777381198770276,9.918023118987957,1.4640751829222733,9.958366174615009,7.90855041236701,7.514427826729921,0.21875045598839304,1.1709881716187855,13.88523236658314,0.7320375914611367,607.3607529897694,42.00239979674975,7.708131400971424,9.9781863969022,10.277508534628572
6.133333333333333,1.5815576595361147,351.45725767469213,4.174229007399116,3.7770169998460585,9.917057857154381,1.4639340885562158,9.957474817809683,7.907788297680574,7.51361221331841,0.21693511031240278,1.1708752699522782,13.883881000016133,0.7319670442781079,607.3063891382126,42.051624791271244,7.7180166126296,9.9783679314698,10.290688816839474
6.141666666666667,1.5814053029848196,351.42340066329325,4.173776490474479,3.7766529610409467,9.91609309132144,1.4637930557011787,9.956583305972794,7.907026514924097,7.512797682854063,0.2151348287372607,1.1707624179226934,13.882530327850015,0.7318965278505893,607.2520158312807,42.100844446239854,7.7279008718545485,9.978547959627313,10.303867829139406
6.15,1.5812530123836694,351.3895583074821,4.173324570532699,3.776289081301095,9.915128818101,1.4636520839532188,9.955691641068833,7.906265061918347,7.51198422695886,0.21334948748937177,1.1706496152033394,13.881180345341399,0.7318260419766094,607.1976331887881,42.15005876865638,7.737784179056534,9.978726493752102,10.317045572075385
6.158333333333333,1.5811007872968181,351.35573051040404,4.172873242919322,3.775925359572662,9.914165034104926,1.4635111729083925,9.954799825062297,7.905503936484091,7.511171837254779,0.21157896279514105,1.1705368614675251,13.879831047746896,0.7317555864541962,607.1432413305495,42.19926776552161,7.747666534645815,9.978903546221526,10.330222046194429
6.166666666666667,1.5809486272904814,351.3219171756626,4.17242250300196,3.7755617948067868,9.91320173596113,1.4633703221646674,9.95390785990832,7.904743136452407,7.510360505403528,0.20982313146830087,1.1704241563901039,13.878482430345581,0.7316851610823337,607.0888403758084,42.248471443805094,7.7575479390311095,9.97907912935421,10.343397252041484
6.175,1.5807965319314896,351.28811820699775,4.1719723461548055,3.775198385956101,9.912238920302295,1.4632295313205812,9.953015747559247,7.903982659657448,7.509550223078651,0.20808187049758872,1.1703114996463913,13.877134488423213,0.7316147656602906,607.0344304436385,42.29766981046707,7.76742839262066,9.979253255451281,10.356571190160887
6.183333333333334,1.5806445007956165,351.254333510137,4.171522767847761,3.7748351319948568,9.911276583830672,1.4630887999829596,9.95212348992684,7.903222503978082,7.508740982125969,0.20635505941870516,1.1701988909184056,13.875787217362939,0.7315443999914798,606.9800116506381,42.34686287233223,7.777307895815995,9.97942593655917,10.369743861087999
6.191666666666666,1.580492533463446,351.22056299187693,4.171073763602208,3.77447203190894,9.910314723285921,1.4629481277630874,9.951231088901038,7.90246266731723,7.507932774483974,0.20464257913731532,1.1700863298917714,13.874440612600289,0.7314740638815437,606.9255841120743,42.39605063615238,7.787186449015015,9.979597184587309,10.38291526535336
6.2,1.5803406295155622,351.18680655901386,4.170625328939529,3.7741090846842362,9.909353335407706,1.4628075142722485,9.950338546371764,7.901703147577811,7.507125592091153,0.20294431055908346,1.1699738162521132,13.873094669570788,0.7314037571361243,606.8711479432139,42.44523310867933,7.797064052615626,9.979767011445132,10.396085403487508
6.208333333333333,1.5801887885361487,351.1530641191442,4.170177459419631,3.773746289315334,9.908392416963688,1.4626669591250636,9.949445864212622,7.900943942680743,7.5063194269553355,0.2012601356147788,1.1698613496877535,13.871749383749162,0.7313334795625318,606.8167032583278,42.49441029661032,7.806940707013024,9.979935428939562,10.409254276017371
6.216666666666667,1.5800370101091912,351.11933557982024,4.169730150600294,3.773383644796342,9.90743196471998,1.4625264619359697,9.948553044298109,7.900185050545955,7.505514271080529,0.19958993617871656,1.169748929886866,13.870404750607971,0.7312632309679848,606.7622501717417,42.54358220664561,7.816816412602556,9.98010244888317,10.42242188347008
6.225,1.5798852938299488,351.08562085109975,4.169283398159956,3.7730211501486317,9.90647197553039,1.462386022329852,9.947660088451562,7.899426469149743,7.504710116687921,0.19793359733592264,1.1696365565460758,13.869060765742546,0.731193011164926,606.7077887946608,42.5927488453146,7.826691169771085,9.980268082767449,10.435588226361451
6.233333333333333,1.5797336392948145,351.0519198432922,4.16883719778919,3.7726588043963143,9.905512446257546,1.462245639932647,9.94676699849117,7.898668196474072,7.503906956020543,0.19629100449442183,1.1695242293628574,13.867717424760563,0.7311228199663234,606.6533192379766,42.64191021912952,7.836564978904624,9.980432342051598,10.448753305206171
6.241666666666666,1.5795820461011052,351.01823246691225,4.168391545188446,3.772296606565735,9.904553373771249,1.4621053143711462,9.94587377623094,7.897910230505525,7.503104781339203,0.19466204332499468,1.1694119480353777,13.866374723279748,0.7310526571855731,606.598841612325,42.69106633458858,7.846437840388489,9.98059523816854,10.461917120517992
6.25,1.579430513848259,350.98455863294646,4.167946436080885,3.771934555688368,9.903594754957812,1.461965045274109,9.944980423475238,7.897152569241294,7.502303584945594,0.19304660010292007,1.1692997122633941,13.865032656940937,0.7309825226370545,606.5443560277548,42.74021719815785,7.856309754606403,9.980756782490747,10.475079672808542
6.258333333333333,1.5792790421400578,350.9508982533462,4.167501866236147,3.7715726508061906,9.902636586737325,1.4618248322743195,9.944086942008733,7.896395210700288,7.501503359225066,0.19144456234019674,1.169187521749919,13.863691221432253,0.7309124161371597,606.4898625931127,42.789362816237585,7.866180721938816,9.98091698626702,10.488240962585094
6.266666666666667,1.5791276305881063,350.9172512418014,4.167057831507601,3.771210890980097,9.901678866090728,1.4616846750118122,9.943193333580584,7.895638152940531,7.500704096713683,0.18985581977699834,1.1690753762038302,13.86235041252702,0.7308423375059061,606.4353614150799,42.83850319510945,7.8760507427603,9.98107586052334,10.501400990347072
6.275,1.5789762788040103,350.8836175120023,4.166614327748616,3.7708492752709835,9.900721589998968,1.461544573126622,9.942299599939954,7.894881394020051,7.499905789947509,0.18828026215349905,1.168963275334005,13.861010225998553,0.730772286563311,606.3808526003378,42.88763834105513,7.8859198174454175,9.98123341628569,10.514559756593897
6.283333333333333,1.5788249864016772,350.8499969781505,4.166171350837202,3.7704878027453113,9.899764755460893,1.4614045262609179,9.941405742825552,7.894124932008386,7.499108431506964,0.18671777986562837,1.1688512188510465,13.85967065764525,0.7307022631304589,606.3263362549304,42.9367682603214,7.8957879463670055,9.981389664514477,10.52771726182268
6.291666666666667,1.578673752995199,350.8163895544887,4.16572889665334,3.7701264724699866,9.898808359476789,1.4612645340570398,9.940511763975254,7.893368764975995,7.498312013976012,0.18516826336167147,1.1687392064656958,13.858331703267503,0.7306322670285199,606.2718124848508,42.98589295915225,7.90565512989776,9.981544616164872,10.540873506530353
6.3,1.5785225782078136,350.78279515729196,4.165286961174885,3.769765283534033,9.897852399118069,1.4611245961658035,9.939617665085436,7.892612891039067,7.497516530114793,0.18363160569456147,1.1686272378955502,13.856993358765296,0.7305622980829017,606.2172813935607,43.03501244365306,7.915521368403495,9.981698281931584,10.554028491204667
6.308333333333334,1.5783714616657623,350.7492137035028,4.164845540411848,3.7694042350337362,9.896896871479523,1.4609847122408093,9.938723447838836,7.89185730832881,7.496721972741327,0.18210770077284402,1.1685153128604582,13.855655620071332,0.7304923561204046,606.1627430836907,43.084126719883685,7.925386662247767,9.981850672423755,10.567182216330362
6.316666666666666,1.5782204029952873,350.71564511006386,4.164404630374238,3.769043326065382,9.895941773655936,1.4608448819356572,9.937829113918196,7.891102014976436,7.495928334673629,0.18059644250506543,1.1684034310802685,13.85431848311831,0.7304224409678286,606.1081976578708,43.133235793903964,7.935251011794127,9.982001798250533,10.580334682392175
6.325,1.5780694018264496,350.68208929476657,4.1639642271129365,3.7686825557344923,9.894987102771797,1.4607051049074877,9.936934664988929,7.890347009132248,7.495135608803285,0.17909772588736306,1.1682915922776926,13.852981943880515,0.7303525524537439,606.0536452176748,43.18233967171587,7.945114417403257,9.982151669912303,10.593485889871015
6.333333333333333,1.5779184577889578,350.648546175324,4.163524326675049,3.768321923145735,9.894032855948854,1.4605653808131136,9.93604010271804,7.8895922889447885,7.494343788015088,0.17761144581548363,1.1681797961751779,13.851645998328395,0.7302826904065568,605.9990858647733,43.2314383593267,7.954976879436102,9.98230029791949,10.606635839248142
6.341666666666667,1.5777675705228562,350.6150156717458,4.163084925218297,3.7679614274287707,9.893079030389247,1.4604257093189275,9.935145428725638,7.888837852614281,7.493552865392934,0.17613750012874932,1.1680680425029188,13.850310642544944,0.7302128546594637,605.9445196979767,43.280531862587125,7.9648383982458295,9.982447692488165,10.619784530994446
6.35,1.5776167396684702,350.58149770410455,4.162646018903411,3.76760106771394,9.8921256232973,1.4602860900915822,9.934250644630552,7.88808369834235,7.49276283402614,0.17467578674649303,1.1679563309913215,13.848975872616219,0.7301430450457911,605.8899468160174,43.32962018734353,7.974698974185395,9.98259386382639,10.632931965580532
6.358333333333333,1.5774659648674059,350.5479921927569,4.162207603904826,3.76724084313468,9.891172631887303,1.460146522798918,9.933355752045806,7.887329824337029,7.491973687028687,0.17322620395282037,1.1678446613717508,13.847641684642223,0.730073261399459,605.8353673172737,43.37870333942291,7.984558607606791,9.982738822105757,10.646078143475728
6.366666666666666,1.5773152457623132,350.5144990582918,4.16176967640815,3.766880752826952,9.890220053381661,1.4600070071097424,9.932460752579676,7.886576228811566,7.491185417534671,0.17178865032910554,1.1677330333763551,13.846308074734324,0.7300035035548712,605.7807812998344,43.42778132463642,7.994417298861224,9.982882577468128,10.659223065148305
6.375,1.5771645820017395,350.48101822260884,4.1613322326620965,3.766520795940976,9.889267885048646,1.4598675426983276,9.931565647813688,7.885822910008697,7.490398018791773,0.17036302613605397,1.1676214467417025,13.844975039068103,0.7299337713491638,605.7261888601569,43.476854148705854,8.004275048295462,9.983025139887435,10.672366731060622
6.383333333333333,1.5770139732395605,350.44754960879123,4.160895268972415,3.7661609716398585,9.888316124197981,1.459728129243886,9.930670439305182,7.885069866197802,7.4896114841503465,0.1689492331521575,1.167509901208356,13.843642573877174,0.729864064621943,605.671590093223,43.52592181727221,8.014131856252263,9.983166519185824,10.685509141669689
6.391666666666667,1.576863419129653,350.41409313992295,4.160458781644855,3.765801279086706,9.887364768139394,1.4595887664256297,9.929775128611494,7.8843170956482655,7.488825806960739,0.16754717315590745,1.1673983965168788,13.84231067539515,0.7297943832128149,605.616985094015,43.574984335976524,8.023987723074383,9.983306725185448,10.698650297432515
6.4,1.5767129193283849,350.3806487396411,4.160022767011828,3.765441717450649,9.88641381420198,1.45944945392508,9.928879717278658,7.883564596641924,7.48804098062129,0.16615674863525365,1.1672869324097013,13.840979339882772,0.72972472696254,605.5623739568254,43.62404171042202,8.033842649102702,9.983445767637514,10.71179019880361
6.408333333333333,1.5765624734920947,350.3472163315766,4.159587221405439,3.7650822859007502,9.885463259714621,1.459310191423731,9.927984206852837,7.882812367460473,7.487256998529791,0.16477786207009795,1.1671755086292326,13.83964856360047,0.7296550957118655,605.5077567759546,43.67309394621239,8.043696634678128,9.98358365629403,10.72492884623751
6.416666666666667,1.57641208128598,350.31379584132895,4.159152141252595,3.7647229836274896,9.884513102075097,1.4591709786112874,9.92708859884,7.8820604064299005,7.486473854254671,0.16341041846296234,1.1670641249245217,13.838318342905135,0.7295854893056437,605.4531336432516,43.722141048817065,8.053549680134894,9.983720400654743,10.738066240179865
6.425,1.576261742376956,350.28038719487915,4.1587175229985816,3.7643638098255017,9.883563338694541,1.4590318151790458,9.926192894738312,7.88130871188478,7.485691541397447,0.1620543233056021,1.1669527810459055,13.836988674172357,0.7295159075895229,605.3985046500896,43.77118302367941,8.063401785805944,9.983856010170479,10.751202381074597
6.433333333333334,1.5761114564322367,350.24699031827487,4.158283363091888,3.764004763690143,9.882613966986419,1.4588927008185795,9.92529709604459,7.880557282161183,7.4849100535653985,0.1607094821749079,1.1668414767439443,13.835659553780987,0.7294463504092897,605.3438698877595,43.82021987623829,8.073252952023994,9.98399049428355,10.76433726936533
6.441666666666666,1.5759612231218871,350.2136051381972,4.157849658011515,3.763645844423666,9.88166498438637,1.4587536352241048,9.92440120424271,7.879806115609435,7.4841293844207275,0.1593758014597743,1.1667302117713365,13.834330978140919,0.7293768176120524,605.2892294467629,43.869251611889325,8.083103179119613,9.984123862355062,10.777470905492823
6.45,1.5758110421171971,350.1802315815994,4.157416404249569,3.7632870512312837,9.880716388339561,1.4586146180909723,9.92350522081099,7.879055210585985,7.483349527649225,0.1580531878978178,1.166618985881698,13.833002943675385,0.7293073090454861,605.2345834172622,43.918278236009606,8.092952467422455,9.984256123711258,10.790603289896614
6.458333333333333,1.5756609130976278,350.14686957725064,4.156983598385602,3.762928383337965,9.87976817635471,1.4584756491221058,9.922609147190666,7.878304565488139,7.482570477094084,0.15674155055367722,1.1665077988347692,13.831675446896593,0.7292378245610529,605.1799318871588,43.96729975385232,8.102800817256016,9.984387287445672,10.803734423008025
6.466666666666667,1.5755108357426402,350.11351905392,4.156551236999165,3.7625698399686818,9.878820345940532,1.45833672802043,9.921712984822983,7.877554178713201,7.481792226598497,0.1554407984919908,1.1663966503902914,13.830348484316744,0.729168364010215,605.1252749443538,44.01631617067072,8.112648228943792,9.984517362651841,10.816864305258395
6.475,1.5753608097332208,350.08017994071577,4.156119316686134,3.7622114203520916,9.877872894617612,1.4581978544902825,9.920816735142257,7.876804048666103,7.481014770035041,0.15415084121180628,1.1662855403091483,13.829022052464657,0.7290989272451412,605.0706126763263,44.06532749169487,8.122494702808133,9.98464635837986,10.829992937077515
6.483333333333333,1.5752108347507963,350.0468521668437,4.155687834047107,3.7618531237179202,9.876925819909966,1.4580590282364099,9.919920399580803,7.876054173753981,7.480238101284794,0.1528715883378227,1.1661744683525552,13.82769614787395,0.7290295141182049,605.0159451704333,44.11433372214821,8.132340239171057,9.984774283667258,10.843120318894748
6.491666666666666,1.575060910483396,350.01353566297684,4.155256785753332,3.7614949493118552,9.875979119392952,1.4579202489696768,9.919023979540981,7.87530455241698,7.479462214355998,0.15160295137474583,1.1660634342866751,13.826370767150133,0.7289601244848384,604.9612725122045,44.16333486715406,8.142184838349609,9.984901147363566,10.856246451132817
6.5,1.5749110366225525,349.9802303605673,4.154826168513545,3.761136896388057,9.875032790669183,1.457781516404195,9.918127476409252,7.874555183112762,7.478687103324382,0.15034484282502467,1.1659524378802977,13.825045906936854,0.7288907582020975,604.9065947862002,44.212330931782674,8.152028500658199,9.985026958218539,10.869371334210937
6.508333333333333,1.5747612128597983,349.9469361910663,4.1543959790364875,3.760778964200684,9.874086831341264,1.457642830254077,9.917230891572075,7.873806064298991,7.477912762265678,0.1490971751911087,1.165841478902212,13.82372156387777,0.7288214151270385,604.8519120769809,44.26132192110427,8.161871226411234,9.985151724981929,10.882494968548318
6.516666666666667,1.5746114388893229,349.91365308651615,4.153966214059334,3.7604211520103212,9.873141239032478,1.457504190235897,9.916334226403855,7.873057194446614,7.477139185306802,0.1478598617321546,1.1657305571231995,13.822397734645469,0.7287520951179485,604.7972244683712,44.310307840148816,8.171713015921124,9.985275456327825,10.895617354561503
6.5249999999999995,1.574461714405167,349.88038097892604,4.153536870317667,3.7600634590771915,9.87219601136494,1.4573655960660918,9.915437482279673,7.872308572025834,7.476366366571801,0.14663281566490288,1.1656196723139294,13.821074415910916,0.7286827980330459,604.7425320442372,44.35928869394853,8.181553869500387,9.98539816093455,10.908738492667187
6.533333333333333,1.5743120391096623,349.8471198021472,4.153107944635798,3.7597058846815696,9.871251146025257,1.4572270474687827,9.91454066053698,7.871560195548311,7.475594300344437,0.14541595256733977,1.1655088242512865,13.819751604435359,0.7286135237343914,604.6878348861504,44.40826448740994,8.191393787455299,9.985519847244307,10.921858383273737
6.541666666666667,1.5741624127059566,349.8138694902126,4.152679433846772,3.7593484281056986,9.870306640706383,1.4570885441688464,9.913643762509531,7.870812063529782,7.4748229809241895,0.14420918824975898,1.1653980127127666,13.818429296988935,0.7285442720844232,604.6331330754564,44.45723522542722,8.201232770091522,9.985640523676064,10.934977026788701
6.55,1.574012834897886,349.78062997730797,4.152251334790999,3.7589910886334907,9.869362493106623,1.4569500858917979,9.912746789527962,7.870064174489429,7.474052402623799,0.1430124387185284,1.165287237476382,13.817107490349272,0.7284750429458989,604.5784266933103,44.50620091288408,8.211070817714198,9.985760198629187,10.948094423618937
6.558333333333334,1.573863305390824,349.7474011979609,4.15182364432534,3.7586338655525697,9.868418700936243,1.4568116723645768,9.911849742915917,7.869316526954119,7.473282559785612,0.14182562041771946,1.1651764983212967,13.815786181310738,0.7284058361822884,604.5237158204418,44.55516155464097,8.220907930627314,9.985878880459268,10.961210574169758
6.566666666666666,1.5737138238933843,349.7141830874188,4.1513963593413425,3.7582767581584013,9.86747526193071,1.4566733033171266,9.910952623982348,7.868569119466922,7.472513446814417,0.1406486507145306,1.1650657950291043,13.814465366702994,0.7283366516585633,604.4690005366834,44.60411715550917,8.230744109132415,9.985996577429587,10.974325478843223
6.575,1.5735643901198912,349.6809755821981,4.150969476791656,3.7579197657602537,9.866532173869908,1.4565349784846828,9.910055434010292,7.867821950599456,7.471745058224981,0.13948144860204637,1.1649551273856786,13.81314504341787,0.7282674892423414,604.4142809202878,44.653067720213436,8.240579353526742,9.986113297640836,10.987439138035661
6.583333333333333,1.5734150037846686,349.6477786188152,4.150542993628926,3.7575628876673957,9.865589434533716,1.4563966976024805,9.909158174282789,7.867075018923343,7.470977388532068,0.13832393307335178,1.1648444951768926,13.811825208347202,0.7281983488012402,604.3595570495073,44.7020132534785,8.250413664107542,9.986229049193705,11.000551552143394
6.591666666666667,1.573265664603741,349.61459213416475,4.150116906824008,3.7572061231932095,9.864647041715243,1.456258460407331,9.908260846075155,7.866328323018704,7.4702104322832135,0.13717602360597542,1.164733898189895,13.810505858401338,0.7281292302036655,604.3048290021237,44.75095376000333,8.260247041170777,9.986343840140442,11.013662721561039
6.6,1.5731163722932633,349.5814160651696,4.149691213349139,3.7568494716513916,9.863704993208605,1.4561202666361666,9.907363450662125,7.865581861466316,7.4694441840284505,0.13603763971438068,1.1646233362119314,13.809186990492048,0.7280601333180833,604.250096855883,44.79988924448491,8.27007948501231,9.986457678529602,11.026772646683083
6.608333333333333,1.5729671265761285,349.5482503502508,4.149265910248676,3.7564929323719314,9.862763286860337,1.4559821160321644,9.90646598928785,7.864835632880642,7.468678638447617,0.13490870283207665,1.1645128090352987,13.807868601604472,0.7279910580160822,604.195360686666,44.84881971151808,8.279910995922933,9.986570572217833,11.039881327897247
6.616666666666666,1.572817927177414,349.5150949283143,4.1488409945903495,3.7561365046901005,9.861821920533957,1.455844008340526,9.905568463186572,7.86408963588707,7.467913790262629,0.1337891350146142,1.1644023164539312,13.80655068874754,0.727922004170263,604.1406205697491,44.89774516566456,8.289741574191785,9.986682528999578,11.05298876558905
6.625,1.5726687738221972,349.4819497382661,4.148416463441889,3.7557801879411707,9.860880892092986,1.4557059433064528,9.904670873592533,7.863343869110985,7.467149634195401,0.13267885831754375,1.164291858261763,13.80523324893018,0.7278529716532264,604.0858765804086,44.946665611486075,8.299571220108016,9.986793556669287,11.066094960144024
6.633333333333333,1.5725196662383742,349.4488147196388,4.147992313901193,3.755423981467228,9.85994019942287,1.455567920677759,9.90377322172718,7.862598331191871,7.466386165022149,0.13157779559919222,1.1641814342548407,13.803916279192016,0.7277839603388795,604.0311287931407,44.9955810535016,8.309399933958638,9.98690366294112,11.079199911944857
6.641666666666667,1.572370604153578,349.41568981190625,4.147568543063342,3.7550678846097245,9.858999840407002,1.4554299402020148,9.90287550881316,7.86185302076789,7.465623377514017,0.13048586964290337,1.1640710442290145,13.802599776569801,0.7277149701010074,603.9763772825147,45.04449149623414,8.319227716030875,9.98701285553675,11.092303621374507
6.6499999999999995,1.5722215873030398,349.38257495623105,4.147145148104731,3.7547118967284825,9.85805981298788,1.4552920016338322,9.901977736038637,7.861107936515198,7.464861266588517,0.1294030053958762,1.1639606879858295,13.801283738183031,0.7276460008169161,603.9216221209965,45.09339694409145,8.329054566606219,9.987121141961453,11.105406088808296
6.658333333333333,1.572072615422184,349.3494700938187,4.146722126203821,3.754356017183793,9.857120115109502,1.455154104728003,9.901079904590903,7.86036307711092,7.464099827166878,0.12832912786035053,1.1638503653269758,13.799968161153304,0.7275770523640015,603.8668633809992,45.142297401478416,8.338880485966017,9.987228529715006,11.118507314621361
6.666666666666667,1.5719236882473853,349.3163751660856,4.146299474549239,3.7540002453382435,9.856180744723257,1.4550162492401986,9.900182015652934,7.859618441236925,7.463339054188631,0.12726416230903304,1.1637400760548555,13.798653042612559,0.7275081246200993,603.8121011346725,45.19119287278548,8.348705474390902,9.987335026270136,11.131607299187872
6.675,1.571774805515771,349.28329011461574,4.145877190337677,3.7536445805562435,9.855241699786385,1.454878434926789,9.89928407040429,7.858874027578854,7.462578942607818,0.1262080342292136,1.1636298199724355,13.797338379700939,0.7274392174633945,603.7573354539577,45.24008336239167,8.358529532160935,9.98744063907812,11.14470604288125
6.683333333333334,1.5716259669688355,349.2502148819635,4.1454552708125565,3.7532890222127606,9.854302978290104,1.4547406615481908,9.898386070004717,7.858129834844177,7.461819487462602,0.12516067035179543,1.1635195968859557,13.796024169606143,0.7273703307740954,603.7025664095877,45.28896887460983,8.368352659552892,9.98754537546586,11.157803546070527
6.691666666666666,1.5714771723519592,349.21714941154653,4.145033713258887,3.7529335696921584,9.853364578255844,1.454602928868423,9.897488015596325,7.857385861759796,7.461060683865997,0.12412199851430859,1.163409406604569,13.794710409558181,0.7273014644342115,603.6477940712199,45.33784941369385,8.37817485684062,9.98764924264961,11.17089980912083
6.7,1.5713284214105228,349.1840936467828,4.144612514961679,3.752578222378802,9.852426497705045,1.454465236651504,9.896589908321229,7.856642107052614,7.460302526931022,0.12309194655428266,1.1632992489374285,13.79339709678706,0.727232618325752,603.5930185085117,45.38672498389768,8.38799612429796,9.987752247845613,11.183994832397284
6.708333333333333,1.5711797138917463,349.1510475314992,4.144191673225624,3.752222979661503,9.851488734673444,1.4543275846631571,9.895691749313187,7.855898569458731,7.459545011806123,0.12207044283307342,1.163189123695066,13.79208422854282,0.7271637923315786,603.5382397906113,45.43559558944731,8.397816462197374,9.987854398217733,11.19708861626317
6.716666666666667,1.5710310495428255,349.11801100951675,4.1437711853551615,3.751867840929016,9.8505512871966,1.4541899726690841,9.894793539706077,7.855155247714126,7.458788133639291,0.1210574157052724,1.163079030687995,13.79077180207524,0.7270949863345421,603.4834579866737,45.48446123456914,8.40763587081134,9.987955700930513,11.210181161081788
6.725,1.5708824281174751,349.0849840261056,4.143351048724496,3.7515128055858593,9.849614153360777,1.454052400441028,9.893895280604188,7.8544121405873755,7.458031887704094,0.12005279538198028,1.1629689697316163,13.789459814705086,0.727026200220514,603.4286731640494,45.533321923390716,8.417454350407418,9.988056162962842,11.223272467209892
6.733333333333333,1.5707338493706557,349.05196652681235,4.142931260721157,3.7511578730395594,9.848677331261916,1.4539148677518856,9.892996973106163,7.853669246853278,7.457276269298083,0.11905651242882838,1.1628589406422634,13.788148263766683,0.7269574338759428,603.3738853897449,45.58217766002072,8.427271901252235,9.988155791258157,11.236362535002982
6.741666666666666,1.5705853130575567,349.0189584572348,4.142511818735127,3.750803042698199,9.847740818997751,1.4537773743747662,9.892098618309602,7.852926565287783,7.456521273723228,0.11806849747683858,1.1627489432364417,13.786837146596852,0.7268886871873831,603.3190947307027,45.631028448564315,8.437088523612243,9.988254592753357,11.249451364816325
6.75,1.5704368189354367,348.98595976343034,4.142092720178528,3.7504483139748657,9.846804614682101,1.4536399200846977,9.89120021730272,7.852184094677183,7.455766896321351,0.11708868174619333,1.1626389773322083,13.78552646055494,0.7268199600423488,603.2643012532928,45.67987429309535,8.446904217752335,9.988352574326422,11.262538957003116
6.758333333333333,1.5702883667625067,348.95297039166815,4.1416739624736865,3.7500936862849468,9.8458687164362,1.4535025046575902,9.8903017711694,7.851441833812533,7.4550131324526365,0.11611699672846537,1.1625290427483335,13.78421620301068,0.7267512523287951,603.2095050236217,45.728715197673175,8.456718983936684,9.988449742828195,11.275625311915581
6.766666666666667,1.5701399563029446,348.91999028954325,4.14125554310677,3.749739159058259,9.844933122427685,1.4533651278748836,9.88940328096646,7.850699781514722,7.454259977592187,0.11515337561425179,1.1624191393080603,13.782906371398758,0.7266825639374418,603.1547061061444,45.777551166266726,8.466532822424968,9.988546104939616,11.288710429899961
6.7749999999999995,1.5699915873209271,348.88701940465046,4.140837459563949,3.749384731724618,9.843997830824193,1.4532277895180177,9.88850474775072,7.8499579366046355,7.453507427215109,0.11419775159415009,1.1623092668346315,13.78159696315387,0.7266138947590088,603.0999045653164,45.82638220284489,8.476345733476863,9.988641667341627,11.301794311302489
6.783333333333333,1.5698432595817606,348.8540576848357,4.140419709343467,3.7490304037165667,9.843062839802137,1.4530904893694776,9.88760617257387,7.849216297908803,7.452755476818241,0.11325005818004749,1.1621994251521357,13.78028797572299,0.7265452446847388,603.0451004652804,45.87520831135949,8.4861577173512,9.988736436683036,11.314876956468268
6.791666666666667,1.5696949728510672,348.82110507801497,4.140002289946955,3.748676174467415,9.842128147540391,1.4529532272120422,9.88670755648618,7.848474864255335,7.45200412190452,0.11231022897402887,1.1620896140848986,13.778979406556546,0.7264766136060211,602.990293870092,45.92402949575753,8.495968774306556,9.988830419603637,11.327958365742079
6.8,1.5695467268993417,348.78816153318706,4.139585198928192,3.7483220434222537,9.841193752255728,1.4528160028330066,9.885808900515789,7.847733634496708,7.451253358070746,0.1113781989657915,1.1619798334608986,13.777671253158019,0.7264080014165033,602.935484842458,45.97284575991212,8.505778904597852,9.98892362260446,11.341038539463806
6.808333333333334,1.5693985214996307,348.75522699991797,4.13916843386826,3.7479680100323445,9.84025965218477,1.4526788160220303,9.884910205679278,7.846992607498153,7.450503180962869,0.11045390387166147,1.1618700831100268,13.776363513058676,0.7263394080110152,602.8806734443791,46.02165710765769,8.515588108478077,9.989016052113874,11.354117477970773
6.816666666666666,1.569250356424981,348.7223014277736,4.138751992348244,3.7476140737489483,9.839325845564133,1.4525416665687731,9.88401147299321,7.846251782124904,7.449753586226839,0.10953727940796529,1.161760362862174,13.775056183789786,0.7262708332843866,602.8258597378559,46.070463542828676,8.52539638620022,9.989107714560243,11.367195181600295
6.825,1.5691022314503995,348.68938476675544,4.138335871970215,3.7472602340280687,9.838392330645695,1.4524045542647122,9.883112703465263,7.845511157251997,7.449004569546387,0.10862826184961083,1.1616506725487012,13.773749262903973,0.7262022771323561,602.7710437843465,46.11926506922977,8.535203738015788,9.989198616316079,11.380271650687721
6.833333333333333,1.568954146350783,348.65647696684067,4.137920070335051,3.7469064903254385,9.83745910568046,1.4522674789012213,9.882213898103617,7.844770731753915,7.448256126603092,0.10772678743964839,1.161541012000886,13.772442747952645,0.7261337394506107,602.7162256453396,46.168061690667344,8.54501016417638,9.989288763757076,11.393346885568508
6.841666666666667,1.568806100907125,348.6235779793612,4.137504585108884,3.7465528421115355,9.836526168966863,1.452130440275326,9.881315057888775,7.844030504535625,7.447508253195991,0.1068327941576286,1.161431381054576,13.771136636553607,0.726065220137663,602.6614053806364,46.216853410855336,8.554815664928991,9.989378163085277,11.406420886571992
6.85,1.5686580949010058,348.59068775577913,4.137089413964122,3.746199288858255,9.835593518807892,1.4519934381845945,9.880416183798593,7.843290474505029,7.44676094513542,0.10594622015012178,1.161321779546059,13.769830926331048,0.7259967190922972,602.6065830498762,46.26564023349875,8.564620240520176,9.989466820486028,11.419493654026903
6.858333333333333,1.5685101281145193,348.557806247671,4.13667455457867,3.745845830038735,9.83466115351054,1.451856472427072,9.879517276808585,7.842550640572596,7.446014198241607,0.10506700370997167,1.161212207312008,13.768525614914756,0.725928236213536,602.5517587125556,46.314422162294846,8.5744238911961,9.989554742130043,11.432565188261467
6.866666666666666,1.5683622003308715,348.5249334068603,4.136260004642343,3.7454924651288035,9.83372907139045,1.4517195428018344,9.878618337889224,7.841811001654357,7.4452680083562175,0.10419508344693265,1.1611026641899291,13.76722069994663,0.7258597714009172,602.4969324278637,46.363199200923965,8.584226617202088,9.989641934156346,11.445635489602784
6.875,1.5682143113356883,348.49206918570854,4.135845761870838,3.745139193610138,9.832797270782082,1.4515826491101995,9.877719368,7.8410715566784415,7.444522371367509,0.10333039865956535,1.1609931500191428,13.765916179094914,0.7257913245550998,602.4421042543199,46.41197135302981,8.594028418781647,9.989728402635084,11.458704558375532
6.883333333333333,1.568066460918761,348.4592135375025,4.135431824024438,3.744786014974488,9.831865750052291,1.451445791157346,9.8768203680815,7.8403323045938045,7.443777283243987,0.1024728898328086,1.1608836646420913,13.764612050073206,0.725722895578673,602.3872742492907,46.46073862219287,8.603829296175135,9.98981415351776,11.471772394900182
6.891666666666667,1.5679186488698809,348.4263664155291,4.135018188863421,3.7444329287136036,9.830934507567937,1.451308968748453,9.875921339074322,7.839593244349404,7.443032739954159,0.10162249745160083,1.160774207901217,13.76330831059511,0.7256544843742265,602.332442470143,46.50950101199367,8.613629249622914,9.98989919275588,11.484838999497219
6.8999999999999995,1.5677708749800958,348.3935277733546,4.134604854161521,3.7440799343222735,9.830003541705656,1.4511721816898642,9.875022281913347,7.838854374900479,7.4422887374907365,0.10077916235875972,1.1606647796399048,13.762004958387918,0.7255860908449321,602.2776089738951,46.55825852599365,8.623428279364392,9.989983526265165,11.497904372485857
6.908333333333333,1.5676231390405455,348.3606975645657,4.134191817693441,3.7437270312955073,9.829072850842792,1.4510354297880075,9.874123197533054,7.838115695202727,7.441545271848194,0.0999428254231292,1.1605553797016073,13.760701991179907,0.7255177148940037,602.222773817541,46.60701116775288,8.633226385638917,9.990067159958727,11.510968514185224
6.916666666666667,1.5674754408473337,348.32787574385196,4.133779077287023,3.7433742191403216,9.828142433395302,1.4508987128539126,9.873224086845385,7.837377204236668,7.440802339116641,0.0991134289274105,1.1604460079334997,13.759399406753422,0.7254493564269563,602.1679370567,46.65575894075612,8.643023568682086,9.9901500996083,11.524031424909449
6.925,1.5673277801981527,348.2950622662562,4.133366630787098,3.7430214973675686,9.8272122877915,1.4507620307000808,9.872324950755077,7.836638900990763,7.440059935416776,0.09829091560650884,1.1603366641839463,13.758097202908099,0.7253810153500404,602.1130987465522,46.70450184846406,8.652819828728294,9.99023235094039,11.537093104971062
6.933333333333334,1.567180156890694,348.2622570868209,4.132954476038496,3.742668865488103,9.826282412459694,1.4506253831390132,9.871425790166874,7.83590078445347,7.439318056869293,0.09747522819532911,1.160227348301312,13.75679537744357,0.7253126915695066,602.0582589422777,46.75323989433741,8.662615166011946,9.990313919681508,11.550153554682595
6.941666666666666,1.5670325707247308,348.2294601610513,4.1325426109083185,3.7423163230178105,9.825352805844378,1.4504887699851392,9.870526605976075,7.835162853623654,7.438576699634974,0.09666631002132335,1.1601180601355212,13.755493928182128,0.7252443849925696,602.0034176984808,46.80197308180528,8.672409580765866,9.990394811498907,11.563212774354488
6.95,1.5668850214998393,348.19667144440876,4.132131033261559,3.7419638694721002,9.824423466388518,1.450352191052707,9.869627399078869,7.834425107499196,7.437835859870806,0.09586410435594081,1.160008799536351,13.754192852943925,0.7251760955263535,601.9485750698202,46.850701414299806,8.682203073223034,9.990475032065447,11.576270764297382
6.958333333333333,1.566737509021181,348.1638908935958,4.1317197410229864,3.7416115043798883,9.823494392578525,1.4502156461611408,9.8687281703461,7.833687545105905,7.437095533841376,0.09506855606129147,1.1598995663577654,13.752892149609933,0.7251078230805704,601.8937311094087,46.899424895168366,8.691995643612215,9.99055458689491,11.589327524816287
6.966666666666667,1.5665900330940503,348.13111846534457,4.131308732118788,3.741259227270411,9.82256558290183,1.450079135129987,9.867828920648018,7.832950165470251,7.436355717813818,0.09427961003718675,1.1597903604538273,13.751591816062563,0.7250395675649935,601.8388858703227,46.94814352775638,8.701787292162066,9.990633481497323,11.602383056216091
6.975,1.566442593524445,348.09835411654336,4.130898004482684,3.740907037674607,9.821637035851357,1.4499426577794452,9.86692965085167,7.832212967622225,7.435616408068831,0.0934972113839602,1.1596811816791281,13.750291850191898,0.7249713288897226,601.7840394054434,46.99685731539855,8.711578019100724,9.990711721362645,11.615437358800966
6.983333333333333,1.5662951901189075,348.0655978042017,4.1304875560542165,3.74055493512473,9.820708749924245,1.449806213930219,9.86603036182164,7.831475950594537,7.4348776008975905,0.0927213053568259,1.1595720298886663,13.748992249893941,0.7249031069651095,601.7291917675018,47.04556626142134,8.721367824655905,9.990789311965358,11.62849043287454
6.991666666666666,1.5661478226872132,348.0328494860474,4.1300773848075325,3.740202919160852,9.819780723642792,1.449669803406009,9.865131054407835,7.830739113436065,7.434139292653558,0.09195183813183072,1.1594629049398641,13.747693013099909,0.7248349017030045,601.6743430083338,47.09427036910218,8.731156709052891,9.990866258687857,11.641542278737187
7.0,1.5660004910419711,348.0001091204381,4.129667488747095,3.739850989329897,9.818852955551328,1.449533426033141,9.864231729447313,7.830002455209855,7.433401479744771,0.09118875669184832,1.159353806692268,13.746394137771858,0.7247667130165705,601.6194931789917,47.14296964167553,8.740944672514823,9.990942566831857,11.654592896686431
7.008333333333333,1.56585319499579,347.9673766657311,4.129257865877371,3.7394991451787867,9.817925444194186,1.4493970816379416,9.86333238777713,7.8292659749789495,7.432664158579267,0.09043200801975271,1.1592447350054238,13.74509562187186,0.7246985408189708,601.5646423305271,47.19166408237582,8.75073171526484,9.991018241699066,11.667642287019786
7.016666666666667,1.5657059343626365,347.9346520805859,4.128848514217357,3.739147386257729,9.81699818812626,1.4492607700479956,9.862433030228173,7.8285296718131825,7.431927325591243,0.08968153948517868,1.159135689739896,13.743797463376763,0.7246303850239978,601.5097905136163,47.240353694416925,8.760517837525061,9.991093288552523,11.680690450033415
7.0249999999999995,1.5655587089564582,347.90193532365737,4.128439431785845,3.7387957121168824,9.816071185902292,1.4491244910908696,9.861533657631426,7.827793544782291,7.43119097721452,0.08893729845217235,1.1590266707562336,13.742499660263208,0.7245622455454348,601.4549377789407,47.28903848101297,8.770303039517614,9.991167712655825,11.693737386023486
7.033333333333333,1.5654115185959998,347.86922635466664,4.128030616652963,3.7384441223180085,9.81514443611434,1.448988244598577,9.860634270796105,7.827057592979998,7.430455109975334,0.08819923365103442,1.1589176779185826,13.741202210560074,0.7244941222992884,601.4000841758544,47.33771844530537,8.78008732146101,9.991241519135938,11.706783095281349
7.041666666666667,1.5652643631009084,347.83652513353525,4.127622066898499,3.7380926164250474,9.814217937361475,1.4488520304039665,9.859734870527321,7.826321815504541,7.429719720417298,0.08746729406895089,1.1588087110917646,13.739905112306063,0.7244260152019832,601.3452297534614,47.3863935904218,8.789870683573076,9.991314713094146,11.719827578097435
7.05,1.5651172422910067,347.8038316202237,4.127213780604118,3.7377411940023655,9.81329168824414,1.4487158483400513,9.858835457629402,7.825586211455033,7.4289848050874125,0.0867414287432288,1.1586997701407333,13.738608363541795,0.7243579241700256,601.2903745608172,47.43506391948728,8.799653126071505,9.99138729962672,11.732870834762005
7.058333333333334,1.564970155987619,347.77114577502647,4.1268057558675535,3.737389854617961,9.812365687374456,1.4485796982412344,9.857936032899854,7.824850779938094,7.428250360561596,0.08602158713862859,1.158590854931568,13.737311962324236,0.7242898491206172,601.2355186465621,47.483729435604076,8.809434649172857,9.99145928378718,11.745912865563808
7.066666666666666,1.5648231040128082,347.7384675584018,4.1263979907944455,3.737038597841617,9.811439933370284,1.448443579942604,9.857036597132835,7.824115520064041,7.427516383430001,0.0853077189303872,1.1584819653309013,13.736015906718398,0.724221789971302,601.1806620591316,47.53239014186324,8.819215253093136,9.991530670608004,11.758953670790847
7.075,1.5646760861929934,347.7057969317763,4.12599048353705,3.736687423253649,9.810514424883374,1.448307493283286,9.856137151102734,7.823380430964966,7.426782870366691,0.08459977503422948,1.1583731012086311,13.734720194836724,0.724153746641643,601.1258048457557,47.58104604128974,8.828994938045055,9.991601464997618,11.771993250726739
7.083333333333333,1.5645291023545935,347.6731338565764,4.125583232247625,3.7363363304343733,9.809589160565473,1.4481714381024064,9.855237695583941,7.822645511772967,7.426049818045725,0.08389770636588058,1.1582642624346557,13.73342482479166,0.7240857190512032,601.0709470536646,47.62969713690855,8.838773704241326,9.991671671864454,11.785031605655101
7.091666666666667,1.5643821523248622,347.6404782944139,4.125176235087356,3.735985318966125,9.808664139074812,1.448035414239864,9.854338231347063,7.821910761624311,7.425317223157242,0.08320146407868201,1.1581554488794987,13.732129794704736,0.724017707119932,601.0160887298574,47.67834343173198,8.848551551894033,9.991741296093174,11.798068735858712
7.1,1.5642352359312808,347.6078302069513,4.124769490219862,3.735634388431787,9.807739359071398,1.4478994215357681,9.853438759161675,7.821176179656403,7.424585082395752,0.08251099939070794,1.158046660413854,13.730835102699958,0.7239497107678841,600.9612299212705,47.726984928768886,8.858328481215086,9.99181034256197,11.811104641620114
7.108333333333333,1.5640883530049252,347.57518955665006,4.124362995847246,3.7352835384229386,9.80681481924321,1.4477634598335618,9.852539279781027,7.820441765024626,7.423853392525044,0.08182626454414987,1.157937896911111,13.729540746940492,0.7238817299167809,600.9063706738449,47.775621630973596,8.86810449241368,9.991878816046627,11.82413932321824
7.116666666666666,1.5639415033787314,347.54255630638477,4.123956750191499,3.7349327685356526,9.805890518292669,1.4476275289784097,9.85163979394995,7.819707516893656,7.423122150344698,0.08114721231036363,1.1578291582460523,13.728246725609736,0.7238137644892049,600.8515110330075,47.82425354127222,8.877879585697604,9.991946721270006,11.83717278093014
7.125,1.5637946868856343,347.5099304190299,4.123550751474608,3.7345820783660018,9.804966454922207,1.4474916288154767,9.850740302413266,7.8189734344281705,7.4223913526542935,0.08047379546070477,1.1577204442934605,13.72695303689109,0.7237458144077383,600.7966510441851,47.872880662590894,8.887653761274652,9.992014062954972,11.85020501503287
7.133333333333333,1.563647903360017,347.47731185778156,4.123144997934058,3.7342314675135584,9.804042627845515,1.4473557591912696,9.849840805909226,7.818239516800085,7.421660996281304,0.07980596717885804,1.157611754929203,13.72565967898372,0.7236778795956348,600.7417907524037,47.92150299783375,8.897427019351516,9.992080845783157,11.863236025802024
7.141666666666667,1.5635011526361788,347.44470058581754,4.122739487806434,3.7338809355776936,9.803119035775625,1.4472199199522173,9.848941305176474,7.817505763180893,7.420931078051581,0.07914368062458901,1.157503090029085,13.724366650085875,0.7236099599761087,600.6869302027131,47.970120549906234,8.907199360134962,9.992147074438583,11.876265813513283
7.1499999999999995,1.563354434552903,347.4120965673117,4.12233421937631,3.7335304821686206,9.802195677460457,1.4470841109489045,9.84804180093329,7.816772172764514,7.420201594877359,0.0784868902346967,1.1573944494722723,13.723073948444638,0.7235420554744523,600.6320694389213,48.01873332164575,8.916970783828354,9.992212753477572,11.889294378437807
7.158333333333333,1.5632077489493943,347.3794997665321,4.121929190932773,3.733180106897573,9.8012725516512,1.4469483320323073,9.847142293896056,7.8160387447469715,7.419472543678992,0.0778355505660152,1.1572858331382476,13.721781572311679,0.7234741660161537,600.5772085047205,48.06734131588328,8.926741290634752,9.992277887444441,11.902321720846338
7.166666666666667,1.5630610956652413,347.3469101478314,4.121524400769007,3.732829809376709,9.80034965710203,1.4468125830537566,9.846242784779406,7.815305478326207,7.418743921384213,0.0771896162844709,1.1571772409067798,13.720489519942841,0.7234062915268783,600.522347443696,48.115944535444044,8.936510880756916,9.992342480872596,11.915347841009222
7.175,1.5629144745408379,347.31432767574177,4.121119847186819,3.7324795892201355,9.799426992573386,1.4466768638653296,9.845343274294326,7.8145723727041885,7.418015724936274,0.07654904228542679,1.157068672658242,13.71919778960274,0.7233384319326648,600.4674862992109,48.16454298314098,8.946279554397,9.9924065382725,11.928372739196
7.183333333333334,1.5627678854183813,347.28175231519583,4.120715528507323,3.732129446046324,9.798504556839742,1.446541174320776,9.84444376314361,7.8138394270919065,7.417287951313182,0.0759137839780351,1.1569601282743605,13.717906379575638,0.723270587160388,600.4126251141288,48.213136661759705,8.956047311755798,9.99247006410324,11.941396415674395
7.191666666666666,1.56262132814311,347.24918403180226,4.120311443084165,3.731779379481093,9.797582348699212,1.4464055142766625,9.84354425201626,7.813106640715549,7.416560597551497,0.07528379763710875,1.1568516076391389,13.716615288178895,0.7232027571383313,600.3577639304717,48.26172557403967,8.965814153031797,9.992533062737332,11.954418870709063
7.2,1.5624748025602613,347.2166227911692,4.11990758927099,3.7314293891502643,9.796660366949911,1.4462698835895562,9.842644741601278,7.812374012801306,7.415833660687781,0.07465903953746045,1.156743110636582,13.715324513729875,0.7231349417947781,600.302902790262,48.310309722720376,8.975580078423498,9.992595538547297,11.967440104564663
7.208333333333333,1.5623283085160014,347.1840685591114,4.1195039654313765,3.731079474681901,9.79573861039718,1.4461342821168846,9.84174523258346,7.8116415425800065,7.415107137776477,0.07403946621827763,1.1566346371513894,13.71403405455605,0.7230671410584423,600.2480417352652,48.35888911052719,8.985345088128685,9.992657495879214,11.980460117504915
7.216666666666667,1.5621818458565608,347.151521301458,4.119100569929595,3.7307296357042254,9.79481707784685,1.4459987097161344,9.8408457256473,7.810909229282804,7.41438102587327,0.07342503423706591,1.15652618706831,13.71274390898559,0.7229993548580672,600.1931808072288,48.40746374018453,8.995109182345107,9.992718939077337,11.993478909793478
7.225,1.562035414431828,347.11898098485074,4.118697401169055,3.7303798718543018,9.793895768133213,1.4458631662481831,9.839946221460703,7.8101770721591395,7.4136553221043,0.07281570119295165,1.1564177602748336,13.711454075386497,0.7229315831240916,600.1383200468883,48.45603361436131,9.004872361267738,9.992779872381748,12.006496481690316
7.233333333333333,1.5618890140928452,347.0864475761878,4.118294457565523,3.7300301827719853,9.79297468009953,1.4457276515749768,9.839046720686335,7.809445070464226,7.412930023617941,0.07221142501377789,1.1563093566593154,13.710164552139341,0.7228638257874884,600.0834594946596,48.50459873570894,9.014634625090682,9.992840299999665,12.019512833454243
7.241666666666666,1.561742644690655,347.05392104236785,4.117891737534761,3.7296805680971326,9.792053812589067,1.4455921655584627,9.838147223986859,7.808713223453275,7.4122051275625696,0.071612163627388,1.156200976110111,13.708875337624693,0.7227960827792314,600.0285991909585,48.55315910687879,9.024395974008046,9.992900226138303,12.03252796534406
7.25,1.5615963060778357,347.0214013506302,4.117489239508969,3.729331027473313,9.791133164457033,1.4454567080620109,9.837247732017973,7.807981530389178,7.411480631116145,0.07101787539899662,1.156092618516727,13.707586430239845,0.7227283540310054,599.9737391757762,48.601714730498976,9.03415640821277,9.992959654961142,12.045541877617028
7.258333333333333,1.561449998106819,346.98888846818204,4.117086961918778,3.728981560543742,9.790212734557496,1.4453212789488556,9.836348245436039,7.807249990534094,7.4107565314538,0.07042851865199395,1.15598428376856,13.706297828380494,0.7226606394744278,599.918879489144,48.650265609199806,9.04391592789791,9.993018590635844,12.058554570530546
7.266666666666667,1.5613037206341422,346.9563823631427,4.116684903238754,3.7286321669615625,9.789292521776462,1.4451858780860365,9.835448764878791,7.806518603170711,7.410032825829758,0.06984405287906285,1.1558759717580844,13.705009530487045,0.7225929390430182,599.8640201699575,48.69881174554931,9.053674533253412,9.993077037213135,12.071566044337885
7.2749999999999995,1.5611574735164335,346.92388300365184,4.116283061944435,3.7282828463801363,9.788372525000634,1.4450505053406766,9.834549290983551,7.805787367582167,7.409309511499982,0.06926443759858426,1.1557676823778422,13.703721535000888,0.7225252526703383,599.8091612570868,48.747353142114115,9.06343222446916,9.993134998741183,12.084576299292214
7.283333333333333,1.5610112566108423,346.891390357965,4.115881436516939,3.727933598454086,9.787452743120783,1.4449151605803832,9.833649824385272,7.805056283054211,7.4085865857304904,0.06868963247758983,1.1556594155207667,13.702433840369094,0.7224575802901916,599.7543027892577,48.795889801452965,9.073189001734638,9.993192479253283,12.097585335646183
7.291666666666667,1.5608650697749111,346.85890439442477,4.115480025441589,3.7275844228389845,9.786533175030723,1.4447798436731274,9.83275036571713,7.804325348874555,7.40786404579486,0.06811959729488873,1.1555511710800852,13.70114644504301,0.7223899218365637,599.6994448050878,48.84442172611861,9.082944865239032,9.993249482771553,12.110593153652044
7.3,1.5607189128685763,346.8264250819058,4.115078827229326,3.727235319196193,9.785613819642895,1.4446445544890985,9.831850915601436,7.803594564342881,7.407141889012787,0.06755429251103683,1.1554429489508198,13.699859347500052,0.7223222772445492,599.6445873425316,48.892948918627496,9.092699815169722,9.993306013249939,12.12359975355963
7.308333333333334,1.5605727857538396,346.7939523897422,4.114677840413196,3.7268862871920683,9.784694675885808,1.4445092929004006,9.830951474651132,7.802863928769198,7.406420112743753,0.06699367917482213,1.1553347490295411,13.698572546240129,0.7222546464502003,599.5897304389725,48.941471381464716,9.102453851712522,9.993362074583558,12.136605135616694
7.316666666666666,1.5604266882927034,346.7614862872674,4.114277063526245,3.7265373264929664,9.783775742687963,1.4443740587791378,9.830052043479151,7.802133441463517,7.405698714347241,0.0664377183350329,1.1552265712128196,13.697286039763148,0.7221870293895689,599.5348741317935,48.98998911711535,9.112206975053244,9.993417670667538,12.149609300070992
7.325,1.5602806203481725,346.7290267440384,4.113876495112249,3.726188436767668,9.782857018985668,1.4442388519983438,9.829152622693888,7.801403101740862,7.404977691202048,0.06588637132601534,1.155118415397977,13.695999826579936,0.7221194259991719,599.4800184581003,49.03850212804928,9.121959185376948,9.99347280536844,12.162612247169262
7.333333333333333,1.5601345817832353,346.6965737296079,4.113476133714815,3.725839617684915,9.781938503715105,1.444103672431037,9.828253212903805,7.800672908916176,7.404257040686667,0.06533959947755849,1.1550102814823235,13.694713905201146,0.7220518362155185,599.425163455003,49.08701041673662,9.131710482868698,9.993527482553285,12.175613977158262
7.341666666666667,1.5599885724644114,346.6641272143136,4.113075977915332,3.725490868921986,9.781020195839913,1.4439685199535086,9.827353814701338,7.799942862322056,7.403536760247597,0.06479736512489126,1.1549021693658157,13.693428274175877,0.7219842599767543,599.3703091586347,49.135513985593896,9.141460867710892,9.993581705988552,12.188614490281187
7.35,1.5598425922588737,346.6316871686386,4.112676026302182,3.7251421901577433,9.78010209432882,1.4438333944426551,9.826454428675971,7.799212961294368,7.402816847343928,0.06425963078935215,1.1547940789489004,13.692142932060346,0.7219166972213276,599.3154556049475,49.184012837027716,9.151210340085429,9.993635479422105,12.20161378678057
7.358333333333333,1.5596966410339304,346.5992535630957,4.11227627746519,3.7247935810713697,9.779184198151594,1.443698295775498,9.825555055416567,7.798483205169651,7.402097299437343,0.06372635903062471,1.1546860101321246,13.690857877412231,0.721849147887749,599.2606028298565,49.23250697344266,9.16095890017411,9.993688806597978,12.214611866898812
7.366666666666666,1.5595507186579773,346.5668263684394,4.111876730005834,3.7244450413446852,9.778266506286483,1.443563223830068,9.824655695507053,7.797753593289887,7.401378114010502,0.06319751271850771,1.1545779628168524,13.689573108801076,0.721781611915034,599.2057508689752,49.28099639722675,9.17070654815791,9.99374169122919,12.22760873087721
7.375,1.5594048249999835,346.53440555555187,4.111477382531707,3.72409657066089,9.777349017716173,1.4434281784849252,9.823756349528763,7.797024124999917,7.400659288557072,0.06267305488553071,1.1544699369048759,13.68828862480264,0.7217140892424626,599.1508997577592,49.329481110759374,9.180453284217368,9.993794137012488,12.240604378956487
7.383333333333333,1.5592589599320967,346.5019910960215,4.111078233684435,3.7237481687108747,9.776431731448085,1.443293159621578,9.822857018048595,7.796294799660483,7.399940820631984,0.0621529494699128,1.154361932300371,13.687004424027318,0.721646579810789,599.0960495307838,49.37796111637161,9.190199108530619,9.99384614755405,12.253598811374156
7.391666666666667,1.5591131233264661,346.46958296143697,4.110679282105649,3.7233998351855293,9.775514646489647,1.4431581671215339,9.821957701633455,7.79556561663233,7.399222707790169,0.0616371604098728,1.154253948907514,13.685720505085506,0.7215790835607669,599.0412002226244,49.42643641639456,9.199944021275801,9.993897726460053,12.26659202836773
7.3999999999999995,1.558967315055857,346.43718112352377,4.11028052644358,3.723051569777237,9.774597761853082,1.4430232008668735,9.821058400847443,7.794836575279285,7.398504947598443,0.06112565181935649,1.1541459866309434,13.684436866594314,0.7215116004334368,598.9863518676856,49.47490701314994,9.209688022630576,9.993948877319104,12.279584030174098
7.408333333333333,1.5588215349931982,346.40478555404405,4.109881965348203,3.722703372178774,9.773681076551883,1.4428882607398275,9.820159116253924,7.794107674965991,7.397787537626765,0.060618387858755396,1.15403804537542,13.683153507172635,0.7214441303699137,598.9315045003268,49.52337290895701,9.21943111277249,9.993999603715165,12.292574817029985
7.416666666666667,1.5586757830140727,346.3723962253495,4.109483597497898,3.7223552420893373,9.772764589620184,1.442753346625087,9.819259848404217,7.793378915070363,7.397070475496218,0.06011533344425752,1.1539301250476945,13.681870425468258,0.7213766733125435,598.8766581541732,49.571834106094734,9.229173291877078,9.994049909156615,12.305564389169433
7.425,1.5585300589954163,346.34001311009257,4.109085421585528,3.722007179211391,9.771848300102647,1.4426184584085966,9.818360597843505,7.792650294977081,7.39635375885395,0.05961645387739725,1.1538222255555313,13.680587620143706,0.7213092292042983,598.8218128624753,49.62029060682153,9.238914560118845,9.9940997971133,12.318552746825123
7.433333333333334,1.5583843628141654,346.3076361809257,4.108687436303949,3.721659183247404,9.770932207043932,1.4424835959763016,9.817461365116966,7.791921814070826,7.395637385347109,0.05912171445970882,1.1537143468066953,13.679305089861504,0.7212417979881508,598.7669686584837,49.668742413395826,9.248654917672301,9.99414927105507,12.331539890229731
7.441666666666666,1.5582386943483244,346.27526541073877,4.108289640357462,3.7213112539024262,9.770016309497013,1.4423487592151383,9.816562150764936,7.791193471741622,7.394921352643432,0.05863108079709501,1.1536064887097521,13.678022833295818,0.7211743796075691,598.7121255751534,49.71718952805982,9.258394364711144,9.994198334421332,12.344525819614857
7.45,1.5580930534758355,346.2429007724079,4.107892032449689,3.720963390881357,9.769100606514375,1.4422139480119829,9.815662955328028,7.790465267379177,7.39420565840944,0.05814451847750612,1.1534986511732206,13.676740849120124,0.7211069740059914,598.6572836454565,49.76563195305667,9.268132901409123,9.99424699065329,12.35751053521216
7.458333333333333,1.5579474400779383,346.21054223954184,4.107494611319545,3.720615593897069,9.768185097174149,1.4420791622567697,9.8147637793319,7.789737200389691,7.3934903003751815,0.057661994028016895,1.1533908341080914,13.675459136043807,0.7210395811283848,598.6024429014526,49.81406969057945,9.277870527937482,9.99429524309824,12.370494037249973
7.466666666666667,1.5578018540361753,346.17818978581676,4.107097375709187,3.720267862663168,9.767269780556823,1.4419444018397127,9.813864623300834,7.789009270180876,7.392775276276536,0.05718347406193683,1.153283037425582,13.674177692779553,0.7209722009198564,598.5476033751179,49.86250274281668,9.287607244467244,9.994343095094846,12.383476325956321
7.475,1.5576562952323747,346.1458433849721,4.106700324363825,3.7199201968939497,9.766354655745115,1.4418096666512918,9.812965487757811,7.788281476161873,7.392060583854885,0.05670892527391564,1.1531752610371244,13.67289651804316,0.7209048333256459,598.492765098349,49.9109311119525,9.297343051169207,9.99439054997365,12.39645740155894
7.483333333333333,1.5575107635489478,346.1135030108773,4.106303456034914,3.719572596305121,9.765439721826265,1.441674956582526,9.812066373223177,7.7875538177447385,7.391346220862846,0.05623831452469909,1.1530675048545875,13.67161561055677,0.720837478291263,598.4379281028815,49.959354800162224,9.307077948213733,9.994437611048571,12.409437264284975
7.491666666666666,1.5573652588696516,346.08116863770044,4.105906769488305,3.7192250606156407,9.764524977897988,1.4415402715256822,9.811167280211158,7.786826294348257,7.39063218507895,0.0557716090581487,1.1529597687908486,13.670334969057182,0.7207701357628411,598.3830924200786,50.00777380960072,9.316811935770161,9.994484281595227,12.422415914360213
7.5,1.5572197810804609,346.0488402401025,4.105510263513586,3.7188775895498325,9.763610423075244,1.4414056113750826,9.810268209225933,7.786098905402304,7.389918474324455,0.05530877674975757,1.152852052760448,13.669054592305342,0.7207028056875413,598.3282580806897,50.056188142389196,9.326545014006154,9.994530564826066,12.435393352008202
7.508333333333333,1.5570743300673509,346.01651779274465,4.105113936900343,3.7185301828320183,9.762696056473002,1.4412709760250495,9.80936916077167,7.785371650336754,7.389205086420619,0.054849785475018974,1.1527443566779256,13.667774479062203,0.7206354880125247,598.2734251154642,50.10459780064885,9.336277183089365,9.994576463953539,12.448369577452484
7.516666666666667,1.5569289057169822,345.9842012704405,4.104717788445504,3.7181828401881787,9.761781877211558,1.4411363653705411,9.80847013534943,7.78464452858491,7.388492019201909,0.05439460330472239,1.1526366804583354,13.66649462809618,0.7205681826852706,598.2185935549617,50.15300278649046,9.346008443186937,9.99462198217057,12.461344590915914
7.5249999999999995,1.5567835079160606,345.95189064801355,4.104321816946479,3.7178355613444065,9.760867884411557,1.4410017793065573,9.807571133460064,7.783917539580303,7.387779270503662,0.0539431983225343,1.152529024016766,13.665215038176179,0.7205008896532786,598.1637634297293,50.20140310202415,9.355738794465974,9.994667122668789,12.474318392621297
7.533333333333333,1.556638136553987,345.91958590088603,4.103926021229514,3.717488346033307,9.759954077214612,1.4408672177305952,9.806672155592205,7.783190682769934,7.387066838213125,0.05349553937947812,1.152421387270325,13.663935708100455,0.7204336088652976,598.1089347695686,50.24979874931911,9.36546823709154,9.994711888563094,12.487290982788718
7.541666666666667,1.556492791521001,345.8872870046669,4.103530400129835,3.717141193989514,9.759040454768854,1.4407326805409302,9.805773202230673,7.782463957605004,7.386354720233704,0.05305159556551383,1.1523137701367494,13.662656636676395,0.7203663402704651,598.0541076040488,50.29818973043177,9.375196771228056,9.99475628294449,12.500262361637407
7.55,1.556347472707342,345.85499393496497,4.1031349524826695,3.7167941049476645,9.758127016222423,1.4405981676358366,9.804874273860293,7.78173736353671,7.3856429144688045,0.05261133597060143,1.152206172533776,13.66137782271139,0.7202990838179183,597.9992819627392,50.34657604741858,9.384924397039951,9.994800308903981,12.513232529386599
7.558333333333334,1.556202180004384,345.82270666764094,4.102739677135373,3.7164470786451345,9.757213760732263,1.4404636789146406,9.803975370960737,7.781010900021919,7.3849314188436725,0.05217473000753406,1.1520985943799917,13.660099265025169,0.7202318394573203,597.9444578748954,50.39495770231878,9.394651114690788,9.99484396950029,12.526201486254383
7.566666666666666,1.5560569133033904,345.7904251785312,4.102344572934133,3.7161001148190347,9.75630068745448,1.4403292142765662,9.80307649401219,7.7802845665169515,7.3842202312814385,0.05174174705786992,1.1519910355939007,13.658820962436272,0.7201646071382831,597.8896353698035,50.443334697173256,9.404376924344216,9.994887267795255,12.539169232458955
7.575,1.5559116724986435,345.758149444143,4.101949638757431,3.715753213213775,9.755387795568648,1.440194773623635,9.802177643481127,7.779558362493217,7.383509349763376,0.05131235736270662,1.1518834960962703,13.657542913796107,0.7200973868118175,597.834814475914,50.491707033977086,9.414101826161598,9.99493020676477,12.552135768215463
7.583333333333333,1.5557664574844867,345.72587944099706,4.101554873484408,3.7154063735739133,9.754475084254818,1.440060356857925,9.801278819833756,7.778832287422433,7.382798772271935,0.05088653118055802,1.1517759758079131,13.656265117956744,0.7200301784289626,597.7799952216608,50.54007471472439,9.423825820304241,9.994972789382986,12.565101093738987
7.591666666666667,1.5556212681556503,345.69361514570005,4.101160275998344,3.7150595956449437,9.753562552696051,1.4399259638818735,9.800380023534522,7.778106340778251,7.38208849679702,0.050464238880125585,1.1516684746499326,13.65498757377447,0.7199629819409368,597.7251776353705,50.58843774140343,9.433548906933167,9.99501501861303,12.57806520924422
7.6,1.5554761044071477,345.6613565349217,4.100765845185551,3.7147128791730446,9.752650200077612,1.4397915945981798,9.799481255046594,7.777380522035738,7.381378521333992,0.05004545091077179,1.1515609925436439,13.653710280108657,0.7198957972990899,597.6703617452918,50.63679611599817,9.443271086209178,9.995056897409965,12.591028114945571
7.608333333333333,1.5553309661357648,345.62910358572555,4.100371579951305,3.7143662239086783,9.75173802559855,1.4396572489111854,9.79858251482509,7.776654830678824,7.380668843912348,0.049630138226536426,1.1514535294116903,13.65243323583797,0.7198286244555927,597.6155475791822,50.68514984046565,9.452992358291738,9.995098428678387,12.60398981105565
7.616666666666666,1.5551858532397937,345.5968562755097,4.099977479216998,3.7140196296059518,9.750826028469628,1.4395229267266285,9.797683803318302,7.775929266198968,7.379959462590596,0.049218272210310055,1.151346085177845,13.651156439857479,0.7197614633633143,597.5607351643832,50.733498916740025,9.462712723339157,9.99513961528001,12.616950297785541
7.625,1.5550407656175258,345.5646145816724,4.099583541904024,3.7136730960189688,9.749914207901606,1.439388627950247,9.796785120974521,7.775203828087629,7.379250375427244,0.04880982424498304,1.1512386597658804,13.649879891062248,0.7196943139751235,597.505924528236,50.78184334675548,9.472432181509754,9.995180460076543,12.629909575346339
7.633333333333333,1.5548957031679935,345.5323784817764,4.0991897669416995,3.7133266229036264,9.749002563111008,1.4392543524884647,9.795886468238677,7.774478515839967,7.3785415804950585,0.04840476592428089,1.151131253100124,13.64860358835541,0.7196271762442323,597.451115697877,50.830183132434925,9.482150732961285,9.995220965908615,12.642867643948378
7.641666666666667,1.5547506657902164,345.5001479533815,4.098796153259199,3.7129802100157865,9.748091093314251,1.4391201002476932,9.794987845555765,7.773753328951082,7.377833075866559,0.048003068838251846,1.1510238651048939,13.64732753063995,0.7195600501238466,597.3963087004461,50.8785182757015,9.491868377851512,9.995261135617218,12.655824503802014
7.6499999999999995,1.554605653385812,345.4679229746249,4.098402699813508,3.712633857117599,9.747179797747968,1.438985871136753,9.794089253358981,7.773028266929059,7.377124859664314,0.04760470531684017,1.1509164957064557,13.646051716847154,0.7194929355683765,597.3415035623643,50.926848778438845,9.501585116336225,9.995300971969359,12.668780155114964
7.658333333333333,1.5544606658568714,345.4357035237492,4.098009405566673,3.7122875639723545,9.74626867565247,1.438851665064903,9.793190692079383,7.772303329284356,7.376416930020011,0.04720964782480586,1.15080914483143,13.644776145913456,0.7194258325324515,597.2867003099216,50.97517464252344,9.511300948570858,9.995340477718562,12.681734598094474
7.666666666666667,1.5543157031055883,345.4034895790197,4.097616269481844,3.7119413303435937,9.745357726268868,1.4387174819414974,9.792292162147554,7.771578515527941,7.3757092850673205,0.046817868856194565,1.150701812406514,13.643500816776413,0.7193587409707487,597.2318989693794,51.023495869830185,9.521015874710763,9.995379655615423,12.694687832947682
7.675,1.554170765034947,345.3712811188771,4.097223290530625,3.711595155996767,9.74444694884442,1.4385833216766224,9.791393663990501,7.7708538251747346,7.375001922955126,0.04642934113002744,1.1505944983589977,13.642225728382186,0.7192916608383112,597.1770995667807,51.07181246222197,9.530729894910694,9.99541850838804,12.707639859880922
7.683333333333334,1.5540258515483718,345.3390781218604,4.096830467689334,3.711249040698391,9.74353634262981,1.438449184180773,9.79049519803323,7.770129257741859,7.374294841840802,0.04604403749079361,1.1504872026165012,13.640950879681732,0.7192245920903865,597.1223021280467,51.12012442155502,9.54044300932507,9.995457038751963,12.720590679100091
7.691666666666666,1.55388096255161,345.30688056702445,4.09643779995914,3.710902984220597,9.74262590689378,1.438315069366596,9.789596764690208,7.769404812758049,7.373588039926451,0.0456619314442228,1.150379925108385,13.639676269651291,0.719157534683298,597.0675066784557,51.16843174965026,9.550155218106545,9.99549524935662,12.733540290808726
7.7,1.5537360979504076,345.27468843342393,4.096045286341208,3.7105569863355163,9.74171564090508,1.4381809771467389,9.788698364375902,7.768680489752037,7.372881515414175,0.04528299649604458,1.15027266576401,13.63840189726711,0.7190904885733694,597.0127132432863,51.21673444832864,9.559866521407777,9.99553314285144,12.746488695210367
7.708333333333333,1.553591257650968,345.24250170021514,4.095652925841591,3.7102110468163834,9.740805543935998,1.4380469074342712,9.787799997502713,7.76795628825484,7.372175266514865,0.04490720628193987,1.1501654245130788,13.637127761510397,0.7190234537171356,596.9579218476905,51.26503251940415,9.56957691938107,9.995570721872848,12.759435892508092
7.716666666666667,1.5534464415596114,345.2103203465804,4.095260717467593,3.7098651654367165,9.739895615259746,1.4379128601423714,9.78690166448251,7.767232207798057,7.3714692914416675,0.04453453447090686,1.1500582012853822,13.635853861363643,0.7189564300711857,596.9031325167883,51.313325964689035,9.579286412178647,9.995607989053953,12.772381882904861
7.725,1.5533016495846166,345.178144352137,4.094868660247475,3.7095193419747687,9.738985854164756,1.4377788351860328,9.786003365718276,7.766508247923082,7.370763588445455,0.044164955289685885,1.1499509960121783,13.634580195830658,0.7188894175930164,596.8483452751577,51.36161478596575,9.588994999951236,9.995644946972075,12.785326666601646
7.733333333333333,1.553156881635247,345.14597369672157,4.094476753220046,3.709173576211176,9.738076259947134,1.4376448324811626,9.785105101608522,7.765784408176235,7.370058155796082,0.043798443245622196,1.1498438086254645,13.633306763925987,0.7188224162405813,596.7935601471038,51.40989898500181,9.59870268284882,9.995681598176482,12.798270243798427
7.741666666666666,1.553012137620768,345.11380836017065,4.0940849954241125,3.7088278679265754,9.73716683190298,1.4375108519436677,9.784206872551758,7.76506068810384,7.369352991763402,0.043434972846061216,1.1497366390572383,13.632033564664173,0.7187554259718338,596.7387771569317,51.458178563564694,9.608409461021381,9.995717945216438,12.811212614695174
7.75,1.552867417451232,345.08164832249605,4.093693385906926,3.70848221690351,9.736257569334539,1.4373768934901867,9.78330867894292,7.76433708725616,7.3686480946324675,0.04307451882302268,1.149629487240088,13.630760597068353,0.7186884467450934,596.6839963287287,51.50645352340994,9.618115334618302,9.995753990618741,12.82415377949107
7.758333333333333,1.552722721036645,345.04949356369895,4.093301923715233,3.7081366229244113,9.735348471543675,1.4372429570373135,9.78241052117715,7.763613605183225,7.3679434626874185,0.04271705589505677,1.1495223531065675,13.629487860161145,0.7186214785186568,596.6292176865944,51.554723866293756,9.627820303789,9.995789736911536,12.837093738385331
7.766666666666667,1.5525780482894385,345.0173440643197,4.092910607921729,3.7077910857775724,9.73443953785113,1.4371090425038904,9.781512399638597,7.762890241447192,7.367239094259111,0.0423625594713311,1.1494152365910475,13.628215352991582,0.7185545212519452,596.5744412539581,51.60298959393555,9.637524368681047,9.99582518655391,12.85003249157473
7.7749999999999995,1.5524333991222605,344.9851998049468,4.09251943760144,3.707445605251815,9.733530767579328,1.4369751498089613,9.780614314710418,7.762166995611302,7.366534987682591,0.04201100502294072,1.1493081376280627,13.626943074611058,0.7184875749044807,596.5196670541884,51.65125070805138,9.647227529441855,9.995860341998748,12.862970039255805
7.783333333333333,1.5522887734479731,344.95306076621625,4.09212841183167,3.7071001811364725,9.73262216005235,1.436841278871767,9.779716266774804,7.761443867239866,7.365831141297005,0.041662368081612874,1.1492010561523065,13.625671024073288,0.7184206394358835,596.4648951105953,51.6995072103541,9.656929786218669,9.99589520569288,12.87590638162489
7.791666666666667,1.5521441711798603,344.92092692885785,4.09173752969424,3.7067548132219015,9.731713714597564,1.4367074296119402,9.778818256212027,7.760720855899301,7.365127553449632,0.041316624299308775,1.1490939920987895,13.624399200436589,0.7183537148059701,596.4101254463716,51.747759102550134,9.666631139158413,9.995929780071112,12.888841518877882
7.8,1.5519995922322085,344.88879827382414,4.091346790281705,3.706409501300883,9.73080543055014,1.4365736019500426,9.77792028339782,7.759997961161042,7.364424222507068,0.0409737496135753,1.1489869454032737,13.623127602770195,0.7182868009750213,596.3553580844331,51.79600638633066,9.676331588407251,9.995964067539685,12.901775451209666
7.808333333333334,1.5518550365209227,344.85667478242726,4.090956192703937,3.7060642451701113,9.729897307257831,1.4364397958081363,9.777022348700564,7.759275182604613,7.3637211468670865,0.04063372042282244,1.1488799160027345,13.621856230160962,0.7182198979040681,596.3005930472474,51.84424906336229,9.686031134110115,9.99599807045876,12.914708178813482
7.816666666666666,1.5517105039619086,344.82455643597973,4.09056573607081,3.7057190446262807,9.728989344068392,1.436306011108283,9.776124452488643,7.758552519809543,7.363018324927459,0.04029651312546032,1.148772903834147,13.620585081695747,0.7181530055541415,596.2458303572823,51.89248713531159,9.695729776411932,9.996031791188496,12.927639701882573
7.825,1.551565994471578,344.79244321590625,4.090175419497619,3.7053738994673115,9.72808154033352,1.4361722477730139,9.775226595128142,7.75782997235789,7.362315755095715,0.03996210426416367,1.1486659088348665,13.619314156466926,0.7180861238865069,596.1910700368654,51.94072060383748,9.705427515457252,9.996065232074626,12.940570020609666
7.833333333333333,1.5514215079663747,344.76033510363885,4.089785242099997,3.7050288094912,9.727173895405157,1.4360385057248906,9.774328776985007,7.757107539831873,7.361613435779995,0.0396304703906466,1.148558930942272,13.618043453567218,0.7180192528624453,596.1363121083156,51.98894947059835,9.715124351390592,9.996098395461978,12.953499135187455
7.841666666666667,1.5512770443647268,344.72823208105046,4.089395203014823,3.704683774500742,9.726266408650686,1.4359047848883137,9.773430998416167,7.756385221823634,7.360911365426682,0.03930158862191118,1.14845197009523,13.61677297211096,0.7179523924441569,596.0815565934021,52.03717373722246,9.72482028435497,9.996131283638851,12.966427045806622
7.85,1.5511326035856736,344.69613413014974,4.089005301385499,3.7043387943002095,9.725359079442235,1.4357710851882495,9.772533259775795,7.755663017928367,7.360209542493899,0.038975436248625484,1.148345026233065,13.61550271121913,0.7178855425941247,596.0268035137258,52.08539340532877,9.734515314492922,9.99616389887618,12.979353752657227
7.858333333333333,1.5509881855482535,344.66404123294524,4.08861553635543,3.703993868693874,9.72445190715193,1.4356374065496629,9.771635561418062,7.754940927741267,7.359507965439775,0.03865199056145743,1.148238099295101,13.614232670012703,0.7178187032748314,595.9720528908877,52.13360847653626,9.744209441947001,9.996196243444897,12.992279255929331
7.866666666666666,1.5508437901723422,344.6319533716316,4.088225907076976,3.7036489974880293,9.723544891158408,1.4355037488982962,9.770737903693338,7.754218950861711,7.358806632738556,0.038331229089365135,1.148131189221289,13.612962847621771,0.7177518744491481,595.9173047462567,52.18181895245116,9.753902666859114,9.996228319592106,13.005203555812148
7.875,1.5506994173777333,344.59987052838517,4.087836412701615,3.7033041804887716,9.722638030839667,1.4353701121598157,9.769840286952366,7.753497086888666,7.3581055428629085,0.038013129337980754,1.1480242959515192,13.611693243175532,0.7176850560799078,595.8625591012249,52.230024834681004,9.763594989371231,9.996260129567245,13.01812665249497
7.883333333333333,1.5505550670864394,344.5677926858755,4.0874470524045785,3.7029594175075644,9.721731325590962,1.435236496261943,9.76894271153583,7.752775335432196,7.357404694328241,0.03769766944477369,1.147917419427345,13.610423855827346,0.7176182481309715,595.8078159765703,52.27822612479953,9.773286409623633,9.996291675556565,13.031048546164842
7.891666666666667,1.5504107392205142,344.53571982678096,4.08705782536153,3.7026147083559686,9.72082477480787,1.4351029011324385,9.768045177784217,7.75205369610257,7.356704085650754,0.037384827558938016,1.1478105595903503,13.609154684731017,0.7175514505662193,595.7530753930594,52.32642282437991,9.782976927756573,9.996322959745148,13.043969237008762
7.8999999999999995,1.5502664337024994,344.50365193388876,4.0866687307533605,3.7022700528467274,9.719918377889766,1.4349693266995152,9.767147686035807,7.751332168512496,7.356003715356049,0.03707458196866634,1.1477037163824855,13.607885729045671,0.7174846633497576,595.6983373713239,52.37461493498785,9.792666543909926,9.996353984304177,13.056888725213232
7.908333333333333,1.5501221504546807,344.4715889899291,4.0862797677582225,3.7019254507919612,9.719012134234031,1.434835772891148,9.766250236630034,7.750610752273404,7.3553035819648,0.0367669108892581,1.147596889745508,13.606616987927643,0.717417886445574,595.6436019320658,52.42280245819296,9.802355258223766,9.996384751412117,13.069807010965018
7.916666666666667,1.5499778894005616,344.4395309779026,4.085890935567289,3.701580902006738,9.718106043247515,1.4347022396364415,9.765352829900822,7.749889447002808,7.354603684021121,0.03646179288257627,1.1474900796220888,13.60534846054652,0.7173511198182208,595.5888690956511,52.47098539554638,9.81204307083724,9.996415263212786,13.082724094449649
7.925,1.5498336504654384,344.4074778812086,4.08550223339093,3.7012364063104597,9.717200104351017,1.4345687268661609,9.764455466173949,7.749168252327192,7.353904020103673,0.03615920702120838,1.1473832859562425,13.604080146091423,0.7172843634330804,595.5341388819492,52.519163748571934,9.82172998188812,9.996445521798922,13.095639975850824
7.933333333333334,1.5496894335746079,344.37542968324624,4.085113660439512,3.7008919635225292,9.716294316965335,1.4344352345110722,9.763558145775193,7.748447167873039,7.353204588791121,0.035859132377741854,1.147276508691984,13.602812043751468,0.7172176172555361,595.479411310829,52.56733751879348,9.831415991514193,9.996475529263268,13.108554655352254
7.941666666666666,1.5495452386533661,344.34338636741467,4.084725215923402,3.70054757346235,9.71538868051127,1.4343017625019414,9.76266086903034,7.74772619326683,7.3525053886621246,0.035561548024764245,1.1471697477733285,13.601544152715777,0.7171508812509707,595.4246864021604,52.61550670773486,9.841101099853232,9.996505287698566,13.12146813313764
7.95,1.5494010656280381,344.31134791734183,4.084336899063969,3.7002032359518098,9.71448319441761,1.4341683107704868,9.761763636260508,7.74700532814019,7.351806418315143,0.03526643332751854,1.147063003145061,13.600276472184655,0.7170841553852434,595.3699641755284,52.6636713169043,9.850785307042234,9.996534799168291,13.134380409389644
7.958333333333333,1.5492569144241273,344.2793143164728,4.083948709073796,3.699858950810813,9.713577858106772,1.4340348792476665,9.760866447790532,7.7462845721206355,7.351107676332832,0.03497376741762046,1.146956274751352,13.599009001349481,0.7170174396238332,595.3152446507446,52.71183134782248,9.860468613218819,9.996564065759282,13.147291484291756
7.966666666666667,1.5491127849698407,344.2472855488535,4.083560645194397,3.699514717865799,9.71267267102219,1.4339014678669437,9.759969303932998,7.745563924849203,7.350409161349914,0.0346835301964338,1.1468495625383976,13.597741739431067,0.7169507339334719,595.2605278468735,52.75998680196902,9.870151018518547,9.996593089481399,13.160201358024727
7.975,1.548968677193801,344.2152615986224,4.083172706671726,3.6991705369442127,9.711767632610531,1.4337680765621668,9.759072204998594,7.744843385969004,7.349710872009107,0.03439570168347868,1.146742866452706,13.596474685654742,0.7168840382810834,595.2058137828643,52.80813768081718,9.879832523076658,9.996621872332694,13.173110030768877
7.983333333333333,1.5488245910246297,344.1832424499177,4.082784892751736,3.698826407873498,9.710862742318454,1.4336347052671834,9.75817515129802,7.744122955123148,7.349012806953124,0.03411026189827511,1.1466361864407844,13.595207839245836,0.7168173526335917,595.1511024776663,52.856283985840264,9.889513127028398,9.996650416311216,13.186017502704528
7.991666666666666,1.5486805263912706,344.15122808694906,4.0823972026838184,3.6984823304818764,9.709957999595126,1.4335013539161394,9.757278143140514,7.743402631956353,7.348314964830874,0.033827190951857704,1.1465295224493817,13.593941199433177,0.7167506769580697,595.0963939501399,52.90442571850665,9.89919283050876,9.996678723405859,13.198923774011678
8.0,1.5485364832230362,344.11921849400807,4.082009635721314,3.6981383045984613,9.709053403892579,1.4333680224435226,9.756381180833639,7.74268241611518,7.347617344298365,0.033546469060257336,1.146422874425523,13.59267476544961,0.7166840112217613,595.0416882190436,52.95256288027914,9.908871633652463,9.996706795595019,13.21182884486995
8.008333333333333,1.548392461449728,344.08721365549513,4.081622191122797,3.697794330053547,9.708148954666653,1.4332347107842744,9.755484264682739,7.741962307248639,7.346919944021035,0.033268076578897625,1.1463162423165996,13.591408536533313,0.7166173553921372,594.9869853030002,53.00069547261307,9.918549536593849,9.996734634843154,13.224732715458464
8.016666666666666,1.5482484610031433,344.05521355625405,4.081234868168198,3.6974504066822567,9.707244651388704,1.4331014188751856,9.754587394984108,7.7412423050157155,7.346222762702756,0.03299199443138397,1.1462096260714996,13.590142511944185,0.7165507094375928,594.9322852200808,53.04882349693344,9.928226539465735,9.996762243057905,13.237635385954311
8.025,1.548104481815079,344.0232181811287,4.080847666137444,3.6971065343197114,9.706340493530094,1.4329681466530466,9.753690572034037,7.740522409075395,7.3455257990474,0.03271820354132173,1.1461030256391105,13.588876690942131,0.7164840733265233,594.8775879883559,53.09694695466526,9.937902642400942,9.996789622146911,13.25053685653459
8.033333333333333,1.5479605238173333,343.99122751496293,4.080460584310466,3.6967627128010325,9.705436480562181,1.4328348940546485,9.75279379612882,7.739802619086666,7.344829051758839,0.03244668483231648,1.14599644096832,13.587611072787054,0.7164174470273242,594.8228936258968,53.14506584723351,9.947577845532289,9.996816774017812,13.263437127376383
8.041666666666666,1.5478165869425096,343.9592415427799,4.080073621975828,3.6964189419632936,9.704532611962604,1.4327016610175298,9.75189706756109,7.739082934712547,7.34413251955649,0.03217741945781327,1.145889872008621,13.586345656747644,0.7163508305087649,594.7682021505509,53.19318017605093,9.957252148991977,9.996843700555262,13.276336198655967
8.05,1.5476726711226174,343.9272602494705,4.079686778415729,3.6960752216421286,9.703628887204369,1.4325684474786777,9.751000386626174,7.738363355613086,7.343436201148312,0.03191038840178037,1.1457833187090598,13.585080442086117,0.7162842237393389,594.7135135803304,53.24128994253929,9.966925552912667,9.996870403660866,13.28923407055022
8.058333333333334,1.5475287762918715,343.8952836204159,4.079300052935964,3.6957315516785028,9.702725305777639,1.4324352533771236,9.750103753609404,7.737643881459357,7.342740095284736,0.03164557327614268,1.1456767810203359,13.583815428088693,0.7162176266885618,594.6588279326376,53.28939514808681,9.976598057425328,9.99689688517343,13.302130743233768
8.066666666666666,1.5473849023851005,343.8633116411334,4.0789134448489,3.6953879319148704,9.701821867177348,1.4323020786524676,9.749207168793319,7.736924511925502,7.34204420072802,0.0313829558676825,1.1455702588936099,13.582550614048285,0.7161510393262338,594.6041452247046,53.33749579407238,9.986269662660463,9.996923146914275,13.315026216880616
8.075,1.5472410493371331,343.83134429714073,4.078526953466905,3.695044362193681,9.700918570898434,1.43216892324431,9.74831063246046,7.736205246685665,7.341348516240429,0.03112251796318217,1.145463752280041,13.581285999257807,0.716084461622155,594.5494654737635,53.38559188187491,9.995940368748581,9.996949190704726,13.327920491664772
8.083333333333334,1.5470972170829507,343.7993815739891,4.078140578103983,3.694700842357756,9.700015416437026,1.4320357870923928,9.747414144892678,7.735486085414753,7.340653040587169,0.03086424139301807,1.1453572611309044,13.580021583011836,0.7160178935461964,594.4947886970044,53.43368341287094,10.005610175820065,9.996975018361741,13.340813567760085
8.091666666666667,1.5469534055582477,343.7674234573884,4.077754318081759,3.6943573722516403,9.699112403294789,1.4319026701371185,9.746517706368586,7.7347670277912375,7.339957772547166,0.030608108190311564,1.1452507853980085,13.578757364612704,0.7159513350685592,594.4401149114201,53.481770388426206,10.015279084004757,9.997000631682011,13.353705445339674
8.1,1.5468096146985046,343.73546993300107,4.077368172719578,3.694013951719362,9.698209530971733,1.4317695723186916,9.745621317167771,7.734048073492523,7.339262710895241,0.03035410032754048,1.1451443250330022,13.577493343360425,0.7158847861593458,594.3854441340624,53.52985280990967,10.024947093432662,9.99702603246829,13.366596124576882
8.108333333333333,1.5466658444414445,343.7035209869877,4.076982141360778,3.69367058061037,9.697306798985306,1.4316364935793948,9.744724977559645,7.733329222207222,7.338567854449401,0.030102200415606697,1.1450378799892147,13.576229518579426,0.7158182467896974,594.3307763813627,53.577930678656195,10.034614204232073,9.997051222459483,13.379485605642763
8.116666666666667,1.5465220947247902,343.67157660550896,4.076596223348697,3.693327258774115,9.696404206852954,1.4315034338615107,9.74382868781362,7.732610473623951,7.337873202027655,0.02985239106541203,1.1449314502199757,13.574965889594134,0.7157517169307553,594.2761116697527,53.62600399600064,10.044280416531283,9.997076203394501,13.392373888708375
8.125,1.546378365486265,343.6396367747256,4.076210418026672,3.6929839860600473,9.695501754092128,1.4313703931073225,9.742932448199113,7.731891827431325,7.337178752448009,0.029604654887858458,1.1448250356786147,13.573702455728977,0.7156851965536613,594.2214500156639,53.674072763277856,10.053945730458576,9.997100977012257,13.405260973944767
8.133333333333333,1.5462346566642142,343.6077014809365,4.075824724744698,3.6926407623191206,9.694599440225113,1.4312373712596893,9.742036258982713,7.731173283321071,7.336484504540457,0.029358974671036393,1.1447186363189275,13.572439216315159,0.7156186856298447,594.1667914353557,53.72213698181323,10.063610146141771,9.997125545033938,13.418146861522361
8.141666666666666,1.5460909681966006,343.5757707103557,4.075439142848683,3.692297587401367,9.693697264771227,1.4311043682611164,9.741140120432743,7.730454840983003,7.33579045712763,0.029115333094207496,1.1446122520944237,13.571176170679719,0.7155521841305582,594.112135945193,53.77019665293797,10.073273663708976,9.997149909191622,13.431031551611968
8.15,1.5459473000231057,343.54384444957907,4.075053671702916,3.69195446116097,9.692795227263147,1.430971384055702,9.740244032809734,7.729736500115528,7.335096609065249,0.02887371332579652,1.1445058829599006,13.569913318168405,0.715485692027851,594.0574835610657,53.818251777957144,10.082936283286987,9.997174071168462,13.443915044382647
8.158333333333333,1.545803652084215,343.51192268538114,4.074668310680303,3.691611383454062,9.691893327239812,1.430838418588289,9.73934799637057,7.729018260421075,7.334402959224546,0.02863409876353485,1.1443995288707591,13.568650658135736,0.7154192092941445,594.0028342986411,53.86630235816354,10.092598005001973,9.99719803262469,13.45679734000263
8.166666666666666,1.545660024320416,343.4800054045369,4.0742830591537516,3.691268354136774,9.690991564240164,1.4307054718037218,9.738452011372127,7.7283001216020795,7.333709506476753,0.028396472805153707,1.1442931897824,13.56738818993623,0.7153527359018609,593.948188173586,53.91434839484998,10.102258828980116,9.997221795220527,13.469678438640154
8.175,1.5455164166721944,343.448092593821,4.0738979164961675,3.690925373065239,9.690089937803146,1.4305725436468442,9.73755607807128,7.727582083360971,7.3330162496931015,0.028160818848384322,1.144186865650224,13.566125912924402,0.7152862718234221,593.8935452015675,53.96238988930928,10.111918755347594,9.997245360616203,13.482558340463456
8.183333333333334,1.5453728290810964,343.41618424024364,4.073512882091794,3.6905824400981495,9.689188447475933,1.430439634063482,9.736660196720111,7.726864145405481,7.332323187765231,0.027927120592612233,1.1440805564304264,13.564863826466306,0.715219817031741,593.8389053979596,54.0104268428181,10.121577784229764,9.99726873044178,13.495437045639687
8.191666666666666,1.5452292614877754,343.3842803306168,4.0731279553153295,3.690239555092043,9.688287092798772,1.430306742998634,9.735764367574737,7.726146307438877,7.331630319567593,0.02769536148321618,1.1439742620785334,13.563601929918281,0.715153371499317,593.7842687783832,54.05845925666671,10.131235915752683,9.99729190635272,13.508314554336911
8.2,1.5450857138353542,343.35238085230094,4.072743135567887,3.6898967179094253,9.687385873331106,1.4301738703995874,9.734868590880076,7.725428569176771,7.330937644022196,0.027465525668533525,1.1438679825519218,13.562340222663549,0.7150869351997937,593.7296353577758,54.106487132107794,10.140893150040506,9.997314889934188,13.521190866720675
8.208333333333334,1.5449421860669574,343.3204857926573,4.072358422250605,3.689553928412807,9.686484788632397,1.4300410162136314,9.733972866881043,7.724710930334787,7.3302451600510885,0.027237597297522106,1.1437617178079702,13.561078704085354,0.7150205081068157,593.6750051510749,54.15451047039402,10.15054948721739,9.99733768277129,13.534065982956522
8.216666666666667,1.5447986781257101,343.2885951390467,4.071973814764622,3.6892111864647013,9.685583838262103,1.4299081803880551,9.73307719582255,7.72399339062855,7.329552866576319,0.02701156051913991,1.1436554678040574,13.559817373566943,0.7149540901940276,593.6203781732174,54.202529272778015,10.16020492740749,9.997360286449128,13.546939903209985
8.225,1.544655189955201,343.2567088789336,4.0715893125160445,3.688868491928742,9.6846830217833,1.429775362870578,9.732181577947406,7.723275949776005,7.32886076252888,0.02678739961458707,1.14354923249791,13.558556230496619,0.714887681435289,593.5657544390123,54.25054354050537,10.169859470734602,9.997382702539582,13.559812627646137
8.233333333333333,1.5445117214988473,343.22482699974387,4.071204914909139,3.688525844668146,9.683782338757723,1.4296425636087606,9.73128601349919,7.7225586074942365,7.328168846836451,0.026565098816069426,1.1434430118471253,13.557295274260811,0.7148212818043803,593.5111339633156,54.29855327482428,10.179513117322664,9.997404932619435,13.57268415643022
8.241666666666667,1.5443682727013037,343.19294948917866,4.070820621361412,3.688183244549125,9.68288178875673,1.4295097825513092,9.730390502715881,7.721841363506518,7.327477118450542,0.026344642708057,1.1433368058102287,13.55603450425942,0.7147548912756546,593.4565167606416,54.34655847696412,10.18916586729466,9.997426978230235,13.585554489726213
8.25,1.5442248435082135,343.1610763351586,4.070436431300954,3.6878406914402815,9.681981371359372,1.4293770196478477,9.729495045830966,7.7211242175410675,7.326785576341717,0.026126016156742555,1.1432306143464872,13.55477391990312,0.7146885098239238,593.4019028452307,54.39455914813918,10.19881772077281,9.997448840885367,13.59842362769708
8.258333333333333,1.5440814338652211,343.12920752560467,4.070052344155856,3.687498185210216,9.681081086144703,1.4292442748479997,9.728599643077931,7.720407169326105,7.326094219480542,0.025909204028318707,1.143124437415167,13.553513520602584,0.7146221374239998,593.3472922313231,54.44255528956377,10.20846867787934,9.99747052209821,13.611291570505788
8.266666666666666,1.5439380437179697,343.0973430484377,4.069668359354212,3.6871557257275343,9.68018093269178,1.4291115481013894,9.727704294690264,7.719690218589848,7.325403046837582,0.02569419118897813,1.1430182749755355,13.55225330576849,0.7145557740506947,593.2926849331592,54.49054690245219,10.218118738736477,9.997492023382144,13.624158318315304
8.275,1.5437946730129486,343.0654828917664,4.069284476333157,3.6868133128628795,9.679280910586224,1.4289788393584235,9.726809000897616,7.718973365064743,7.324712057399681,0.02548096274555787,1.1429121269874927,13.550993274820712,0.7144894196792118,593.2380809647456,54.53853398800588,10.227767903465798,9.997513346226485,13.637023871287731
8.283333333333333,1.5436513216959487,343.0336270435442,4.0689006945223545,3.6864709464852106,9.678381019408233,1.4288461485688622,9.725913761932807,7.718256608479742,7.3240212501402375,0.02526950360611489,1.1428059934104153,13.549733427171525,0.7144230742844311,593.1834803402819,54.58651654743689,10.237416172189413,9.99753449214043,13.649888229585883
8.291666666666666,1.5435079897148707,343.0017754921935,4.068517013374051,3.6861286264685895,9.677481258754419,1.4287134756844215,9.725018578019087,7.717539948574353,7.323330624073293,0.025059799279583884,1.1426998742052628,13.548473762256187,0.7143567378422108,593.1288830733841,54.63449458192515,10.247063545027814,9.997555462573082,13.662751393370419
8.3,1.543364677017764,342.9699282261698,4.0681334323420755,3.6857863526874333,9.676581628222541,1.4285808206569544,9.724123449379036,7.716823385088819,7.322640178215736,0.024851835316938506,1.1425937693331043,13.547214279511557,0.7142904103284772,593.0742891776274,54.682468092648364,10.256710022101384,9.997576258969348,13.675613362801846
8.308333333333334,1.543221383552677,342.93808523392823,4.067749950880252,3.685444125016159,9.675682127410358,1.4284481834383131,9.72322837623523,7.716106917763384,7.321949911584454,0.02464559726915255,1.1424876787550093,13.545954978374501,0.7142240917191566,593.0196986665867,54.73043708078417,10.2663556035305,9.997596882774126,13.688474138040664
8.316666666666666,1.543078109267986,342.90624650399684,4.067366568445906,3.6851019433299768,9.67478275591817,1.4283155639806542,9.722333358808763,7.715390546339929,7.321259823202631,0.024441070780289707,1.1423816024322928,13.544695858285436,0.7141577819903271,592.9651115537465,54.77840154750529,10.276000289435286,9.997617335423012,13.70133371924705
8.325,1.5429348541121073,342.8744120249128,4.0669832844968035,3.684759807504193,9.6738835133466,1.4281829622361712,9.72143839732055,7.714674270560536,7.320569912094247,0.02423824150617905,1.1422755403262999,13.543436918685241,0.7140914811180856,592.9105278525805,54.826361493983796,10.285644079935844,9.997637618350423,13.714192106581127
8.333333333333334,1.54279161803422,342.84258178538227,4.066600098498858,3.6844177174159594,9.672984399302196,1.4280503781577643,9.720543491988044,7.7139580901711,7.319880177297945,0.02403709531940054,1.1421694923989474,13.542178159023074,0.7140251890788821,592.8559475763508,54.874316921380164,10.295286975151688,9.9976577329691,13.727049300202252
8.341666666666667,1.5426484009846693,342.810755774371,4.066217009930465,3.684075672945244,9.672085413400572,1.4279178116994138,9.719648643023406,7.713242004923345,7.319190617874838,0.023837618424723733,1.1420634586130256,13.5409195787608,0.7139589058497069,592.8013707379976,54.92226783083709,10.304928975201426,9.997677680658569,13.73990530026857
8.35,1.5425052029137998,342.7789339808444,4.065834018270022,3.6837336739720183,9.671186555257346,1.4277852628151013,9.718753850638803,7.712526014568998,7.31850123288604,0.023639797026918055,1.1419574389313256,13.539661177360285,0.7138926314075507,592.7467973504606,54.97021422349728,10.314570080203678,9.99769746279835,13.752760106938238
8.358333333333333,1.5423620237719566,342.7471163937682,4.065451122995924,3.6833917203762527,9.67028782448814,1.4276527314588077,9.717859115046402,7.711810118859783,7.317812021392664,0.023443617330752984,1.1418514333166383,13.538402954283395,0.7138263657294038,592.69222742668,55.01815610050344,10.324210290277058,9.997717080767966,13.765613720369412
8.366666666666667,1.5422188635101557,342.71530300225686,4.06506832359374,3.6830498120395374,9.669389220713784,1.427520217585135,9.71696443645532,7.711094317550778,7.317122982468733,0.02324906573186353,1.1417454417322566,13.537144908999297,0.7137601087925675,592.63766097941,55.06609346298807,10.333849605539667,9.997736535927855,13.778466140719557
8.375,1.542075722078879,342.6834937953065,4.064685619543338,3.6827079488421752,9.668490743550963,1.4273877211481918,9.716069815077104,7.710378610394394,7.316434115178009,0.02305612847412252,1.1416394641410743,13.535887040971348,0.7136938605740959,592.5830980215526,55.11402631209176,10.343488026110013,9.997755829653627,13.791317368146686
8.383333333333333,1.5419325994303787,342.65168876230643,4.064303010343515,3.6823661306687483,9.667592392630128,1.4272552421037263,9.71517525111527,7.709662997151893,7.315745418618328,0.02286479230521588,1.141533500507312,13.534629349682179,0.7136276210518632,592.5285385655203,55.16195464892818,10.353125552105245,9.997774963270519,13.804167402806996
8.391666666666666,1.5417894955171925,342.61988789270947,4.063920495496127,3.6820243574045266,9.666694167583948,1.4271227804077513,9.714280744772038,7.708947477585962,7.31505689189303,0.022675044054125612,1.1414275507954033,13.533371834617528,0.7135613902038757,592.4739826236466,55.209878474606626,10.362762183642294,9.997793938095628,13.817016244856394
8.4,1.5416464102918577,342.58809117596843,4.063538074503029,3.6816826289347824,9.665796068045095,1.4269903360162797,9.71338629624963,7.708232051459288,7.314368534105452,0.022486870549833688,1.1413216149697825,13.532114495263132,0.7134951680081398,592.4194302082649,55.25779779023641,10.372397920838091,9.997812755446057,13.829863894450789
8.408333333333333,1.5415033437071166,342.5562986015815,4.063155746868264,3.681340945145281,9.664898093647828,1.4268579088855144,9.712491905749337,7.707516718535583,7.313680344362876,0.02230025867958921,1.1412156929950372,13.530857331106958,0.7134289544427572,592.3648813316521,55.3057125969237,10.382032763809402,9.997831416633082,13.842710351745872
8.416666666666666,1.5413602957159727,342.5245101591051,4.062773512098675,3.6809993059224233,9.664000244028442,1.4267254989719,9.711597573471268,7.706801478579863,7.3129923217776165,0.022115195405095718,1.1411097848359513,13.529600341639817,0.71336274948595,592.3103360060127,55.3536228957707,10.3916667126728,9.997849922960532,13.85555561689707
8.425,1.5412172662717198,342.49272583816,4.062391369704208,3.6806577111533074,9.663102518825488,1.4265931062321504,9.710703299614218,7.706086331358598,7.312304465467576,0.02193166777060805,1.1410038904575253,13.528343526355682,0.7132965531160752,592.2557942434712,55.40152868787519,10.401299767544636,9.99786827572398,13.868399690059517
8.433333333333334,1.5410742553289882,342.4609456286641,4.062009319209114,3.6803161607282666,9.662204917687918,1.4264607306242183,9.709809084370912,7.70537127664494,7.311616774576405,0.02174966320107619,1.1408980098257626,13.527086884763083,0.7132303653121091,592.201256055782,55.449429974314576,10.410931928540222,9.997886476180932,13.881242571386965
8.441666666666666,1.5409312628424088,342.4291695205353,4.061627360137643,3.679974654537633,9.661307440264679,1.426328372106057,9.70891492793408,7.704656314212044,7.310929248247758,0.021569169121450002,1.1407921429066663,13.52583041637055,0.7131641860530284,592.1467214546996,55.49732675616625,10.420563195774877,9.997904525588895,13.894084261033173
8.45,1.5407882887666127,342.39739750369176,4.061245492014049,3.679633192471742,9.660410086204722,1.426196030635619,9.70802083049645,7.703941443833063,7.310241885625287,0.021390172956679387,1.14068628966624,13.52457412068661,0.7130980153178095,592.0921904519785,55.545219034507625,10.43019356936392,9.997922425205372,13.906924759151897
8.458333333333334,1.5406453330567564,342.3656295681681,4.0608637143682085,3.6792917744221953,9.659512855161088,1.426063706171345,9.707126792248364,7.703226665283782,7.309554685862776,0.02121266228145422,1.1405804500708805,13.523317997225522,0.7130318530856725,592.0376630592277,55.59310681040808,10.439823049422266,9.997940176272895,13.919764065896356
8.466666666666667,1.540502395667612,342.33386570391383,4.06048202672589,3.67895040027967,9.658615746783829,1.425931398671319,9.706232813381911,7.70251197833806,7.308867648106603,0.021036624561031367,1.1404746240866976,13.522062045497359,0.7129656993356595,591.9831392881628,55.64099008494286,10.449451636065117,9.997957780044938,13.932602181420158
8.475,1.5403594765553912,342.30210590119805,4.060100428628264,3.6786090699383207,9.657718760734191,1.4257991080949595,9.705338894082647,7.701797382776956,7.308180771530876,0.020862047670548552,1.1403688116808794,13.520806265027867,0.7128995540474797,591.9286191501006,55.68886885916526,10.459079329406576,9.997975237733986,13.945439105875437
8.483333333333333,1.5402165756767239,342.270350150383,4.059718919620964,3.678267783293315,9.656821896676668,1.4256668344020715,9.704445034534238,7.701082878383619,7.307494055317736,0.02068891960395696,1.1402630128209277,13.519550655347334,0.7128334172010358,591.8741026562432,55.73674313412222,10.468706129560418,9.997992550540646,13.958274839413894
8.491666666666667,1.5400736929882388,342.23859844183085,4.059337499249627,3.6779265402398162,9.655925154275753,1.4255345775524602,9.703551234920349,7.700368464941193,7.306807498649328,0.02051722835520775,1.140157227474343,13.518295215986054,0.7127672887762301,591.8195898177921,55.78461291086069,10.478332036640426,9.99800971966552,13.971109382187237
8.5,1.5399308284466593,342.20685076592434,4.058956167060888,3.6775853406732173,9.65502853319667,1.4254023375060176,9.70265749542422,7.699654142233296,7.306121100709599,0.020346961944920496,1.1400514556086974,13.517039946475338,0.7127011687530088,591.7650806459231,55.832478190426144,10.487957050760295,9.998026746306548,13.983942734347062
8.508333333333333,1.539787982009198,342.17510711315515,4.05857492260663,3.677244184490095,9.654132033108452,1.42527011422309,9.70176381622687,7.69893991004599,7.305434860691935,0.020178108533234578,1.1399456971919295,13.515784846351831,0.712635057111545,591.7105751516768,55.88033897385664,10.497581172033357,9.998043631647716,13.996774896044478
8.516666666666666,1.5396451536328921,342.143367473976,4.058193765436851,3.6769030715866005,9.653235653678763,1.4251379076638602,9.700870197510115,7.69822576816446,7.304748777786331,0.020010656230192173,1.139839952191846,13.514529915150268,0.7125689538319301,591.656073346142,55.92819526219289,10.507204400573073,9.998060376878021,14.009605867430768
8.525,1.5395023432762789,342.1116318391731,4.0578126951176,3.6765620018625125,9.652339394586937,1.4250057177899023,9.69997663944897,7.697511716381394,7.304062851211681,0.0198445935729993,1.1397342205773788,13.513275152421711,0.7125028588949511,591.6015752399927,55.97604705645274,10.516826736491751,9.99807698314374,14.022435648655671
8.533333333333333,1.5393595508978954,342.07990019953235,4.057431711214932,3.6762209752176105,9.651443255512309,1.4248735445627894,9.699083142218443,7.696797754489477,7.303377080186877,0.019679909098862094,1.1396285023174593,13.512020557717232,0.7124367722813947,591.5470808439029,56.02389435765403,10.526448179901692,9.998093451591155,14.035264239868924
8.541666666666666,1.5392167764562799,342.04817254584,4.057050813294895,3.6758799915516738,9.650547236134212,1.4247413879440955,9.698189705993547,7.696083882281399,7.3026914639308105,0.019516591344986577,1.139522797381019,13.510766130587896,0.7123706939720478,591.4925901685465,56.07173716681458,10.536068730915197,9.99810978336654,14.048091641220266
8.55,1.5390740199103738,342.01644886897196,4.056670000927872,3.6755390507654613,9.649651336135129,1.4246092478957695,9.697296330947463,7.695370099551869,7.30200600167017,0.01935462896380399,1.139417105737293,13.509511870589181,0.7123046239478847,591.4381032244858,56.11957548494609,10.545688389644265,9.99812597960466,14.060917852859022
8.558333333333334,1.5389312812188765,341.9847291597503,4.056289273681643,3.6751981527591404,9.64875555519565,1.4244771243795344,9.696403017254468,7.694656406094381,7.301320692626957,0.019194010538475616,1.1393114273553335,13.50825777727391,0.7122385621897672,591.38362002235,56.1674093130639,10.555307156201069,9.998142041447194,14.07374287493476
8.566666666666666,1.5387885603416025,341.95301340924505,4.05590863113593,3.674857297435582,9.647859893005046,1.424345017358148,9.69550976508378,7.693942801708012,7.300635536044673,0.019034724970030475,1.1392057622050304,13.507003850207065,0.712172508679074,591.3291405724598,56.21523865216638,10.564925030696928,9.998157970004037,14.086566707595905
8.575,1.5386458572389112,341.92130160864696,4.055528072876277,3.67451648469897,9.646964349256821,1.4242129267948729,9.69461657460215,7.693229286194556,7.2999505311772985,0.018876761314348078,1.1391001102566807,13.50575008895955,0.7121064633974364,591.2746648849852,56.263063503243565,10.574542013242738,9.998173766369606,14.099389350990318
8.583333333333334,1.5385031718711621,341.88959374914714,4.055147598488229,3.674175714453489,9.64606892364448,1.4240808526529707,9.693723445976332,7.692515859355811,7.299265677278812,0.018720108627307875,1.1389944714805815,13.504496493102272,0.7120404263264853,591.2201929700965,56.310883867285526,10.584158103949397,9.998189431638309,14.112210805265864
8.591666666666667,1.5383605041987145,341.85788982193657,4.054767207557329,3.6738349866033224,9.645173615861525,1.4239487948957037,9.692830379373074,7.691802520993572,7.298580973603191,0.01856475596478944,1.1388888458470299,13.503243062206135,0.7119743974478518,591.1657248379638,56.35869974528229,10.593773302927797,9.998204966904561,14.125031070570397
8.6,1.538217854182619,341.8261898183598,4.05438689967652,3.6734943010543275,9.644278425606839,1.423816753486975,9.691937374955991,7.6910892709130945,7.297896419417736,0.018410692579574388,1.1387832333268415,13.501989795849573,0.7119083767434875,591.1112604985659,56.406511138213354,10.603387610288301,9.998220373243083,14.13785014705107
8.608333333333333,1.5380752217833447,341.79449372963217,4.0540066744325225,3.6731536577109547,9.643383352574778,1.4236847283901486,9.691044432891339,7.690376108916722,7.297212013978541,0.018257907558833105,1.138677633890396,13.500736693604688,0.7118423641950743,591.0567999620428,56.45431804706711,10.613001026141722,9.998235651745157,14.15066803485563
8.616666666666667,1.537932606962981,341.76280154732916,4.053626531429396,3.672813056481573,9.642488396472308,1.4235527195700908,9.690151553338017,7.689663034814905,7.296527756572913,0.018106390451126317,1.1385720475092875,13.49948375506123,0.7117763597850454,591.0023432380857,56.5021204728072,10.622613550597618,9.998250803455928,14.163484734130158
8.625,1.5377900096836274,341.73111326302836,4.0532464702712945,3.6724724972745713,9.641593557006455,1.4234207269916754,9.689258736454894,7.688950048418136,7.29584364648833,0.017956130807537864,1.1384664741551171,13.498230979809037,0.7117103634958377,590.947890336384,56.549918416397105,10.632225183765534,9.998265829420287,14.176300245020713
8.633333333333333,1.537647429907382,341.6994288683071,4.052866490562372,3.6721319799983423,9.640698833884258,1.4232887506197767,9.688365982400834,7.688237149536909,7.29515968301227,0.017807118179151493,1.1383609137994861,13.49697836743796,0.7116443753098883,590.8934412666268,56.59771187880036,10.641835925755021,9.998280730683126,14.189114567673363
8.641666666666666,1.5375048675966443,341.6677483548099,4.0524865919100055,3.6717915045620027,9.639804226815082,1.4231567904195481,9.68747329133333,7.687524337983221,7.2944758654380095,0.01765934220276924,1.1382553664142208,13.495725917541115,0.7115783952097741,590.8389960384199,56.645500860975865,10.651445776675398,9.998295508280764,14.201927702233865
8.65,1.5373623227137103,341.6360717141578,4.052106773920458,3.671451070874419,9.6389097355075,1.4230248463560464,9.686580663410357,7.686811613568551,7.293792193056825,0.01751279248565212,1.13814983197107,13.4944736297105,0.7115124231780232,590.7845546613977,56.69328536388412,10.661054736636062,9.998310163252476,14.214739648848084
8.658333333333333,1.537219795221674,341.6043989381498,4.05172703620853,3.6711106788463894,9.638015359676281,1.4228929183950683,9.685688098786265,7.68609897610837,7.293108665175354,0.01736745886213599,1.1380443104423807,13.493221503546792,0.7114464591975341,590.7301171449743,56.741065388473444,10.67066280574579,9.998324696614828,14.227550407661056
8.666666666666666,1.5370772850842942,341.57273001873205,4.0513473783961444,3.670770328390319,9.63712109904137,1.422761006503027,9.68479559761239,7.685386425421471,7.2924252811130605,0.017223331356101674,1.1379388018009988,13.491969538657916,0.7113805032515135,590.6756834983796,56.788840935681996,10.680269984112847,9.99833910936543,14.24035997881713
8.675,1.5369347922653305,341.5410649478512,4.050967800105224,3.6704300194186126,9.636226953322712,1.4226291106463356,9.683903160040064,7.684673961326652,7.291742040189403,0.017080399991429972,1.1378333060197698,13.490717734651797,0.7113145553231678,590.6212537308435,56.83661200644794,10.689876271845495,9.998353402501898,14.253168362460661
8.683333333333334,1.5367923167285422,341.5094037174539,4.050588300957691,3.6700897518436766,9.635332922240263,1.4224972307914077,9.683010786220619,7.683961583642711,7.291058941723843,0.016938654792001788,1.1377278230715397,13.489466091136366,0.7112486153957038,590.5668278515956,56.88437860170942,10.699481669051995,9.99836757702184,14.265975558735994
8.691666666666666,1.5366498584382404,341.47774631960897,4.050208880581369,3.6697495255792507,9.634439005518253,1.4223653669051681,9.682118476302891,7.683249292191202,7.290375985046465,0.016798085938728613,1.1376223529295677,13.488214607725554,0.7111826834525841,590.5124058697133,56.93214072239618,10.70908617584018,9.998381633907169,14.27878156778691
8.7,1.5365074173582811,341.44609274628476,4.0498295385992185,3.6694093405379764,9.63354520287739,1.4222335189541198,9.681226230437774,7.682537086791405,7.289693169478593,0.016658683483063416,1.1375168955667727,13.486963284028343,0.7111167594770599,590.4579877943999,56.979898369444896,10.718689792318244,9.998395574152735,14.29158638975766
8.708333333333334,1.5363649934539045,341.4144429897566,4.0494502746490015,3.669069196635838,9.632651514049128,1.422101686906048,9.680334048769888,7.681824967269522,7.289010494368203,0.016520437870395154,1.1374114509571098,13.48571211966878,0.711050843453024,590.4035736344755,57.027651543771135,10.728292518593298,9.998409398714003,14.304390024791065
8.716666666666667,1.5362225866904553,341.38279704232343,4.0490710883696055,3.668729093789077,9.631757938765757,1.4219698707288364,9.679441931443378,7.681112933452276,7.28832795906529,0.016383339576008467,1.1373060190746138,13.484461114272058,0.7109849353644182,590.3491633987317,57.075400246288815,10.737894354772372,9.99842310854344,14.317192473029829
8.725,1.5360801970332785,341.35115489628413,4.048691979399918,3.6683890319139314,9.630864476759548,1.4218380703903675,9.67854987860239,7.680400985166392,7.287645562919853,0.016247379075187907,1.1372005998933188,13.483210267463367,0.7109190351951837,590.2947570959598,57.12314447791189,10.747495300962498,9.998436704593523,14.329993734616664
8.733333333333333,1.5359378244479294,341.3195165439843,4.048312947381081,3.668049010927152,9.629971127764424,1.4217062858587197,9.677657890390108,7.679689122239647,7.286963305285946,0.016112546903193175,1.1370951933874172,13.481959578870194,0.7108531429293599,590.2403547348928,57.1708842395511,10.757095357270545,9.998450187810722,14.34279380969406
8.741666666666667,1.5357954689000026,341.2878819777784,4.047933991954642,3.6677090307455797,9.629077891514601,1.4215745171020062,9.676765966949556,7.678977344500012,7.286281185518357,0.015978833606151193,1.1369897995311298,13.48070904812044,0.7107872585510031,590.1859563242534,57.21861953211659,10.766694523803356,9.998463559140426,14.355592698404472
8.75,1.5356531303555732,341.25625119012733,4.047555112767308,3.6673690912872217,9.628184767748039,1.4214427640887874,9.67587410842156,7.678265651777865,7.285599202981156,0.015846229867377954,1.1368844182990387,13.479458674847253,0.7107213820443937,590.131561872631,57.26635035651112,10.776292800667385,9.998476819514304,14.368390400889846
8.758333333333333,1.5355108087815001,341.22462417366677,4.047176309474163,3.667029192471979,9.627291756208793,1.4213110267883495,9.674982314943405,7.6775540439075005,7.284917357053494,0.015714726593136434,1.1367790496663135,13.47820845869231,0.7106555133941748,590.0771713883983,57.31407671362553,10.785890187968494,9.998489969841728,14.381186917291325
8.766666666666666,1.5353685041446425,341.19300092103174,4.046797581730291,3.666689334219751,9.626398856640916,1.4211793051699781,9.674090586652365,7.676842520723212,7.284235647114524,0.015584314689689646,1.1366736936081228,13.476958399297283,0.7105896525849891,590.0227848799278,57.36179860435063,10.795486685812538,9.998503011032073,14.39398224775005
8.775,1.5352262164118589,341.1613814248576,4.046418929190776,3.666349516450439,9.625506068788464,1.4210475992029596,9.673198923685728,7.676131082059294,7.283554072543397,0.01545498506330056,1.1365683500996362,13.47570849630385,0.7105237996014798,589.9684023555926,57.40951602957726,10.805082294305372,9.998515943994711,14.40677639240716
8.783333333333333,1.5350839455504457,341.1297656778769,4.046040351515379,3.666009739085001,9.624613392398892,1.4209159088569854,9.67230732617879,7.675419727752228,7.282872632727683,0.015326728744704527,1.1364630191163503,13.474458749358448,0.7104579544284927,589.9140238236445,57.45722899018953,10.814677013552506,9.99852876962657,14.419569351403338
8.791666666666666,1.5349416915273526,341.0981536727451,4.045661848360161,3.6656700020435578,9.623720827216959,1.4207842341014256,9.671415794268418,7.674708457636762,7.28219132704829,0.015199536666083233,1.1363577006335028,13.473209158103742,0.7103921170507128,589.8596492924308,57.50493748707687,10.824270843659727,9.998541488834434,14.432361124879634
8.8,1.5347994543106878,341.06654540237514,4.045283419393568,3.6653303052490283,9.622828372996437,1.4206525749067238,9.67052432808623,7.673997271553438,7.281510154908423,0.015073400089318168,1.1362523946271987,13.471959722195011,0.7103262874533619,589.8052787699792,57.55264152111104,10.83386378473192,9.99855410249211,14.44515171297589
8.808333333333334,1.5346572338687554,341.03494085972346,4.044905064286151,3.6649906486248103,9.62193602949262,1.420520931243506,9.669632927762951,7.673286169343776,7.280829115715071,0.014948310332149715,1.1361471010736912,13.470710441289667,0.710260465621753,589.7509122642624,57.60034109316074,10.843455836873808,9.998566611467826,14.457941115831742
8.816666666666666,1.5345150301698598,341.0033400377466,4.044526782708456,3.6646510320942993,9.621043796460803,1.4203893030823977,9.668741593429313,7.6725751508492985,7.28014820887522,0.014824258712318185,1.1360418199492328,13.469461315045125,0.7101946515411989,589.6965497832539,57.648036204094716,10.853047000190125,9.99857901662981,14.470729333586831
8.825,1.5343728431824353,340.97174292943015,4.044148574332424,3.664311455581205,9.620151673657297,1.4202576903941455,9.667850325215454,7.6718642159121755,7.279467433798364,0.014701236584607149,1.1359365512301736,13.468212343120214,0.7101288451970728,589.6421913348905,57.69572685477969,10.862637274785499,9.998591318842582,14.483516366380663
8.833333333333334,1.534230672875101,340.9401495278002,4.043770438831973,3.6639719190096853,9.619259660839843,1.4201260931496664,9.66695912325067,7.671153364375504,7.278786789897551,0.014579235356390023,1.1358312948930025,13.466963525175778,0.7100630465748332,589.5878369270584,57.74341304607961,10.872226660764412,9.998603518965403,14.496302214352546
8.841666666666667,1.5340885192166454,340.90855982592115,4.04339237588283,3.663632422304304,9.618367757767503,1.419994511320035,9.6660679876635,7.670442596083227,7.278106276589094,0.014458246483221094,1.1357260509143343,13.465714860874503,0.7099972556600175,589.5334865675968,57.79109477885578,10.881815158231214,9.99861561785272,14.509086877641618
8.85,1.533946382176753,340.87697381705624,4.0430143851703075,3.663292965391796,9.617475964206305,1.4198629448771558,9.665176918578409,7.6697319108837645,7.277425893306554,0.014338261675699298,1.1356208192714567,13.464466349888825,0.7099314724385779,589.4791402640972,57.83877205395584,10.891402767289561,9.998627616333472,14.52187035638608
8.858333333333333,1.533804261725108,340.84539149446846,4.042636466379719,3.6629535481988924,9.616584279922277,1.4197313937929337,9.664285916119871,7.669021308625539,7.276745639483495,0.014219272644423596,1.1355155999416566,13.463217991891186,0.7098656968964668,589.424798024151,57.88644487222742,10.900989488043104,9.998639515236599,14.534652650724137
8.866666666666667,1.5336621578313947,340.813812851421,4.042258619196377,3.662614170652326,9.615692704681448,1.4195998580392728,9.66339498041236,7.668310789156973,7.276065514553479,0.014101271099992922,1.135410392902221,13.461969786554027,0.7097999290196364,589.3704598553498,57.93411323451817,10.910575320595498,9.998651315391044,14.547433760793997
8.875,1.53352007046564,340.78223788125337,4.041880843309261,3.662274832679658,9.614801238252513,1.4194683375883963,9.66250411157879,7.6676003523282,7.275385517956669,0.013984248850551275,1.135305198130694,13.460721733553518,0.7097341687941982,589.3161257651905,57.98177714167045,10.920160265050125,9.998663017615987,14.560213686733498
8.883333333333333,1.533377999597623,340.7506665772496,4.0415031384046936,3.6619355342078492,9.613909880402236,1.4193368324122961,9.661613309743208,7.666889997988115,7.274705649128449,0.013868197633627835,1.1352000156044333,13.459473832563129,0.7096684162061481,589.2617957612383,58.02943659453046,10.929744321510563,9.99867462273768,14.57299242868075
8.891666666666666,1.5332359451980622,340.71909893290274,4.041125504179054,3.6615962751661337,9.613018630904687,1.4192053424838351,9.660722575025394,7.66617972599031,7.274025907522297,0.013753109454220425,1.1350948453015015,13.458226083266561,0.7096026712419176,589.2074698507988,58.077091593930014,10.93932749007966,9.99868613155562,14.585769986772881
8.9,1.5330939072379592,340.6875349417687,4.040747940331751,3.66125705548443,9.612127489536144,1.4190738677761396,9.659831907543847,7.6654695361897955,7.273346292597152,0.013638976398010373,1.1349896872001732,13.4569784853506,0.7095369338880698,589.1531480410993,58.124742140696604,10.948909770860041,9.99869754486124,14.59854636114672
8.908333333333333,1.5329518856883164,340.65597459740366,4.040370446562194,3.660917875092656,9.611236456072882,1.4189424082623354,9.658941307417065,7.664759428441582,7.2726668038119495,0.013525790550679082,1.1348845412787234,13.455731038502035,0.7094712041311677,589.0988303393668,58.17238823565768,10.958491163954323,9.998708863445975,14.611321551939096
8.916666666666666,1.5328098805201928,340.62441789337623,4.039993022570401,3.660578733920868,9.610345530291621,1.4188109639156012,9.65805077476329,7.664049402600964,7.271987440626722,0.013413544014112846,1.1347794075154691,13.45448374240827,0.7094054819578006,589.044516752813,58.22002987963986,10.968071669465084,9.998720088099631,14.624095559286781
8.925,1.5326678917049836,340.5928648233297,4.039615668059995,3.660239631899937,9.6094547119717,1.4186795347094272,9.657160309699231,7.663339458524918,7.271308202507991,0.013302228986097748,1.1346742858889804,13.45323659676038,0.7093397673547136,588.9902072885561,58.26766707346461,10.977651287494647,9.998731219602432,14.636868383326195
8.933333333333334,1.5325259192139455,340.5613153808768,4.039238382733103,3.6599005689603956,9.60856400089137,1.4185481206171755,9.65626991234224,7.662629596069727,7.270629088919586,0.013191837624640127,1.1345691763777226,13.451989601247918,0.7092740603085878,588.9359019537533,58.3152998179555,10.987230018145427,9.998742258738579,14.649640024193904
8.941666666666666,1.5323839630193379,340.52976955985287,4.038861166302594,3.659561545035205,9.607673396836693,1.418416721613138,9.655379582805109,7.661919815096689,7.269950099344669,0.013082362373531812,1.1344640789609135,13.45074275557137,0.709208360806569,588.8816007552837,58.362928113920766,10.996807861519066,9.99875320626369,14.662410482025422
8.95,1.532242023093421,340.49822735409356,4.038484018481334,3.6592225600573247,9.60678289959373,1.4182853376716062,9.654489321200636,7.661210115467105,7.2692712332664025,0.012973795676564653,1.1343589936177707,13.44949605943122,0.7091426688358031,588.8273037000268,58.41055196216864,11.006384817717203,9.998764062933386,14.67517975695627
8.958333333333334,1.532100099408455,340.4666887574345,4.038106938982193,3.658883613959716,9.605892508948537,1.4181539687668718,9.653599127641616,7.660500497042275,7.268592490167949,0.012866129977530479,1.134253920327512,13.448249512527951,0.7090769843834359,588.7730107948622,58.458171363507354,11.015960886841475,9.998774829503288,14.687947849121967
8.966666666666667,1.5319581919369627,340.4351537637695,4.0377299275208545,3.658544706675975,9.605002224689226,1.4180226148734707,9.65270900223965,7.6597909596848135,7.267913869537539,0.01275935779513809,1.1341488590695523,13.447003114564916,0.7090113074367353,588.7187220465963,58.50578631874108,11.02553606899331,9.998785506721529,14.70071475865775
8.975,1.531816300651313,340.4036223669584,4.037352983811348,3.658205838139325,9.6041120466027,1.4178912759657956,9.651818945107044,7.659081503256565,7.267235370860426,0.012653471604084934,1.1340438098231909,13.445756865243778,0.7089456379828978,588.6644374620786,58.553396828676405,11.035110364274265,9.998796095340634,14.713480485699023
8.983333333333333,1.5316744255245998,340.37209456102215,4.0369761075754615,3.657867008284743,9.603221974481503,1.4177599520189108,9.650928956352812,7.658372127622998,7.266556993635831,0.012548464085534512,1.1339387725682704,13.444510764274105,0.7088799760094554,588.6101570479581,58.60100289410879,11.044683772785323,9.998806596092487,14.726245030380433
8.991666666666667,1.531532566530284,340.3405703400631,4.036599298538914,3.6575282170480943,9.602332008121039,1.4176286430082214,9.650039036084308,7.657662832651419,7.265878737370046,0.012444328025185218,1.1338337472849092,13.443264811369454,0.7088143215041107,588.555880810782,58.648604515828076,11.054256294627182,9.998817009698524,14.739008392836244
9.0,1.531390723641827,340.3090496981838,4.036222556427423,3.6571894643652425,9.601442147316709,1.4174973489091325,9.64914918440888,7.656953618209134,7.2652006015693615,0.012341056208735508,1.1337287339532252,13.442019006243392,0.7087486744545662,588.5016087570976,58.69620169462408,11.063827929900532,9.998827336880169,14.75177057320071
9.008333333333333,1.5312488968326896,340.27753262948664,4.035845880966707,3.6568507501720533,9.600552391863916,1.4173660696970494,9.648259401433883,7.656244484163448,7.264522585740072,0.012238641421883772,1.1336237325533365,13.440773348609481,0.7086830348485247,588.4473408934525,58.74379443128666,11.07339867870607,9.998837578358854,14.764531571608096
9.016666666666666,1.5311070860767848,340.24601912817445,4.035469271887313,3.656512074405483,9.59966274156157,1.4172348053477954,9.64736968726462,7.655535430383924,7.263844689397163,0.012137076578852643,1.1335187430656997,13.439527838186198,0.7086174026738977,588.3930772262692,58.79138272659873,11.08296854114414,9.998847734843155,14.777291388192188
9.025,1.5309652913476457,340.2145091883657,4.035092728915732,3.6561734370015704,9.598773196205638,1.4171035558368426,9.646480042008111,7.6548264567382285,7.263166912048318,0.01203635448589151,1.1334137654704868,13.438282474687892,0.7085517779184213,588.3388177620748,58.83896658134903,11.09253751731538,9.998857807052453,14.790050023087176
9.033333333333333,1.5308235126198697,340.18300280441554,4.034716251789835,3.6558348378989276,9.597883755600355,1.4169723211406486,9.645590465766567,7.654117563099348,7.262489253221703,0.011936468252065324,1.1333087997486675,13.437037257840498,0.7084861605703243,588.2845625071029,58.88654599630998,11.10210560731959,9.998867795675835,14.802807476426121
9.041666666666666,1.5306817498680645,340.151499970681,4.034339840247608,3.6554962770361925,9.596994419550045,1.4168411012356816,9.644700958642133,7.653408749340322,7.261811712445694,0.011837410989508301,1.1332038458812197,13.435792187370062,0.7084205506178408,588.2303114675838,58.934120972253865,11.111672811256566,9.99887770140209,14.81556374834209
9.05,1.5305400030668381,340.1200006815196,4.033963494027038,3.655157754352004,9.596105187859026,1.4167098960984097,9.643811520736968,7.65270001533419,7.261134289248669,0.011739175810354663,1.1330989038491213,13.434547263002635,0.7083549480492048,588.1760646497477,58.98169150995296,11.121239129226103,9.998887524920006,14.828318838968139
9.058333333333334,1.530398272190994,340.08850493133195,4.033587212868198,3.6548192697854707,9.595216060333135,1.4165787057054813,9.64292215215234,7.651991360954969,7.260456983162757,0.01164175588228225,1.132993973633496,13.433302484466388,0.7082893528527406,588.1218220597711,59.029257610176536,11.130804561327839,9.998897266912811,14.841072748437119
9.066666666666666,1.5302565572152727,340.05701271450505,4.0332109965105,3.6544808232755535,9.594327036777733,1.416447530033488,9.642032852989793,7.651282786076363,7.259779793718901,0.011545144355341073,1.1328890552154216,13.432057851488825,0.708223765016744,588.0675837038475,59.076819273694824,11.140369107661462,9.998906928065507,14.85382547688195
9.075,1.5301148581149295,340.0255240255399,4.0328348446988525,3.6541424147624526,9.59343811700217,1.4163163690594975,9.641143623348555,7.650574290574648,7.259102720457935,0.011449334525830988,1.1327841485763603,13.430813363803038,0.7081581845297488,588.0133495880284,59.12437650127018,11.14993276832626,9.998916509048458,14.866577024435013
9.083333333333334,1.5299731748656673,339.99403885903723,4.032458757182954,3.6538040441874555,9.592549300819284,1.4161852227609923,9.640254463325817,7.649865874328336,7.258425762929317,0.011354319817551332,1.1326792536981112,13.429569021146998,0.7080926113804962,587.9591197182416,59.17192929365811,11.159495543421164,9.998926010519286,14.87932739122822
9.091666666666667,1.5298315074431892,339.9625572095976,4.032082733712504,3.6534657114918465,9.591660588041911,1.4160540911154555,9.639365373018764,7.649157537215945,7.257748920682507,0.011260093654301502,1.1325743705624725,13.428324823258675,0.7080270455577278,587.9048941004145,59.219477651614085,11.169057433045102,9.99893543313561,14.892076577393471
9.1,1.529689855823198,339.93107907182184,4.031706774037204,3.653127416616911,9.590771978482888,1.4159229741003694,9.638476352524593,7.648449279115989,7.257072193266967,0.011166649459880837,1.1324694991512425,13.427080769876042,0.7079614870501847,587.8506727404749,59.2670215758936,11.178618437297008,9.998944777555053,14.904824583062679
9.108333333333333,1.5295482199817563,339.8996044403903,4.031330877910603,3.652789159504806,9.58988347195785,1.41579187169355,9.63758740193886,7.647741099908781,7.256395580239086,0.011073980760554478,1.13236463944649,13.425836860740988,0.707895935846775,587.7964556442512,59.31456106724663,11.188178556275528,9.998954044424984,14.91757140836737
9.116666666666667,1.529406599894631,339.868133309918,4.030955045083084,3.65245094009697,9.58899506828013,1.4156607838725401,9.636698521358468,7.647032999473154,7.255719081149552,0.010982080998287654,1.1322597914300607,13.424593095592181,0.7078303919362701,587.742242817653,59.362096126427694,11.197737790079545,9.998963234401211,14.930317053439394
9.125,1.5292649955384963,339.8366656752214,4.030579275314736,3.652112758337037,9.58810676727012,1.4155297106157225,9.635809710876206,7.646324977692481,7.255042695566525,0.010890943873282087,1.1321549550844814,13.423349474178165,0.7077648553078613,587.6880342663399,59.409626754177374,11.207296138807221,9.998972348113712,14.94306151840963
9.133333333333333,1.5291234068901005,339.80520153113343,4.030203568366441,3.6517746141688194,9.58721856874878,1.4153986519015482,9.634920970584528,7.645617034450502,7.254366423059594,0.01080056310689988,1.132050130392334,13.422105996248291,0.7076993259507741,587.6338299959504,59.457152951235145,11.216853602556663,9.99898138619035,14.955804803408887
9.141666666666666,1.5289818339261918,339.7737408724871,4.029827923999083,3.6514365075361326,9.586330472537083,1.4152676077084694,9.634032300575887,7.644909169630958,7.253690263198348,0.010710932420503149,1.131945317336201,13.420862661551917,0.7076338038542347,587.5796300121234,59.50467471834045,11.226410181425978,9.998990349258989,14.968546908567973
9.15,1.5288402766236542,339.7422836941453,4.029452341974995,3.6510984383831167,9.58544247845705,1.4151365780150627,9.633143700942119,7.64420138311827,7.253014215554991,0.010622045574069119,1.131840515898766,13.419619469839871,0.7075682890075313,587.5254343204599,59.5521920562307,11.235965875513164,9.998999237943632,14.981287834017555
9.158333333333333,1.5286987349594043,339.71082999097877,4.029076822056861,3.6507604066539905,9.584554586330958,1.4150055627999363,9.632255171774922,7.643493674797021,7.252338279702349,0.01053389633682304,1.131735726062737,13.418376420863341,0.7075027813999681,587.4712429265525,59.59970496564274,11.245520684916192,9.999008052867357,14.99402757988826
9.166666666666666,1.528557208910663,339.6793797579251,4.028701364010618,3.650422412293711,9.583666795983445,1.4148745620419794,9.631366713164597,7.642786044553314,7.251662455219112,0.010446478564618758,1.1316309478110504,13.417133514376822,0.7074372810209897,587.4170558359089,59.647213447308786,11.255074609732796,9.999016794644577,15.006766146310397
9.175,1.5284156984551767,339.64793299003924,4.0283259676078265,3.6500844552485048,9.58277910724324,1.414743575720569,9.630478325199084,7.642078492275883,7.250986741694088,0.010359786262916885,1.1315261811270365,13.415890750140536,0.7073717878602845,587.3628730538921,59.69471750195301,11.264627650060293,9.999025463874748,15.019503533413726
9.183333333333334,1.528274203570692,339.616489682376,4.027950632620048,3.6497465354645997,9.581891519939077,1.4146126038150821,9.629590007966307,7.6413710178534595,7.250311138716087,0.010273813437178087,1.1314214259940258,13.414648127914708,0.7073063019075411,587.308694585865,59.742217130299515,11.274179805995995,9.999034061157321,15.032239741327995
9.191666666666666,1.5281327242349554,339.5850498299901,4.027575358818843,3.64940865288822,9.581004033899683,1.414481646304895,9.628701761554197,7.6406636211747765,7.249635645873917,0.010188554092862977,1.1313166823953482,13.413405647459555,0.7072408231524475,587.2545204371905,59.78971233307248,11.283731077637219,9.999042587091752,15.04497477018296
9.2,1.5279912604259986,339.5536134279997,4.027200145978822,3.649070807466285,9.580116648956007,1.4143507031696492,9.627813586049395,7.639956302129993,7.248960262761879,0.010104002316601277,1.1312119503145484,13.412163308538409,0.7071753515848246,587.2003506131526,59.837203110991645,11.293281465081055,9.999051042269379,15.057708620108077
9.208333333333334,1.5278498121216286,339.52218047147306,4.026824993872193,3.6487329991451656,9.579229364937246,1.414219774388777,9.626925481539551,7.639249060608143,7.248284988969947,0.010020152131043155,1.1311072297350013,13.410921110912145,0.7071098871943885,587.1461851190973,59.88468946478026,11.302830968424775,9.999059427287936,15.070441291233037
9.216666666666667,1.5277083793004103,339.4907509556468,4.0264499022792695,3.6483952278730682,9.5783421816785,1.414088859942414,9.626037448108894,7.63854189650205,7.247609824102685,0.009936997774560408,1.131002520640651,13.4096790543499,0.707044429971207,587.0920239601614,59.93217139514988,11.312379587765038,9.999067742723584,15.083172783686722
9.225,1.5275669619410426,339.4593248757873,4.026074870981807,3.648057493598523,9.577455099015904,1.4139579598108198,9.625149485841028,7.637834809705213,7.246934767767253,0.009854533523857149,1.1308978230155422,13.408437138622265,0.7069789799054099,587.0378671414443,59.97964890281003,11.32192732319841,9.999075989148654,15.095903097597883
9.233333333333333,1.527425560022226,339.4279022271614,4.025699899761562,3.647719796270063,9.576568116785603,1.4138270739742549,9.624261594819568,7.637127800111129,7.246259819570811,0.00977275365563751,1.1307931368437196,13.407195363499843,0.7069135369871274,586.9837146680455,60.02712198847021,11.331474174821448,9.999084167135475,15.108632233095266
9.241666666666667,1.5272841735227416,339.39648300505365,4.025324988401171,3.647382135836418,9.575681234824378,1.413696202413055,9.623373775127753,7.636420867613707,7.245584979122108,0.00969165247011777,1.1306884621092896,13.40595372875413,0.7068481012065275,586.9295665450417,60.074590652838694,11.341020142730649,9.999092277254029,15.121360190307533
9.25,1.5271428024215024,339.3650672047783,4.024950136684666,3.647044512246634,9.57479445297003,1.4135653451076782,9.622486026848227,7.6357140121075116,7.244910246032398,0.009611224304531405,1.1305837987964567,13.40471223415804,0.7067826725538391,586.8754227774734,60.1220548966217,11.350565227022397,9.999100320070587,15.134086969363198
9.258333333333333,1.5270014466975175,339.33365482167056,4.024575344397112,3.6467069254499904,9.573907771061101,1.4134345020386712,9.621598350063202,7.6350072334875865,7.244235619914802,0.00953146352370628,1.130479146889497,13.40347087948554,0.7067172510193356,586.8212833703548,60.169514720523985,11.36010942779301,9.99910829614867,15.146812570390683
9.266666666666666,1.5268601063303961,339.3022458511992,4.0242006113299995,3.646369375397219,9.573021188940816,1.4133036731871373,9.620710744852166,7.63430053165198,7.2435611003939995,0.009452364663316682,1.1303745063731379,13.40222966451714,0.7066518365935687,586.7671483285336,60.216970125241104,11.369652745138325,9.999116206034708,15.159536993517767
9.275,1.5267187812997476,339.2708402888328,4.023825937274816,3.64603186203905,9.572134706452388,1.4131728585341798,9.619823211294605,7.633593906498738,7.2428866870946695,0.009373922259036884,1.1302698772321056,13.400988589033343,0.7065864292670899,586.713017656858,60.264421111468586,11.379195179154177,9.999124050275137,15.172260238872237
9.283333333333333,1.5265774715851819,339.23943813004047,4.023451322023051,3.6456943853262174,9.571248323439038,1.413042058060902,9.61893574947001,7.632887357925909,7.242212379641491,0.009296130846541203,1.1301652594511273,13.399747652814652,0.706521029030451,586.658891360176,60.31186767990196,11.388736729936399,9.999131829416386,15.184982306581867
9.291666666666666,1.526436177166531,339.2080393703402,4.023076765368579,3.6453569452099903,9.570362039745719,1.4129112717486143,9.618048359456857,7.632180885832654,7.241538177663442,0.009218985025040571,1.130060653015097,13.398506855644005,0.7064556358743072,586.6047694432738,60.359309831233325,11.39827739758065,9.999139543998535,15.197703196774203
9.3,1.526294898023468,339.1766440052151,4.022702267103567,3.6450195416412536,9.56947585521614,1.4127804995784785,9.61716104133435,7.63147449011734,7.2408640807864195,0.00914247934821244,1.1299560579087886,13.397266197302596,0.7063902497892393,586.5506519109821,60.40674756615726,11.40781718218272,9.999147194566218,15.210422909576963
9.308333333333334,1.5261536341362794,339.14525203028427,4.022327827026736,3.644682174572374,9.568589769698782,1.4126497415322252,9.616273795178913,7.630768170681396,7.2401900886481245,0.00906660854422435,1.129851474117436,13.396025677578294,0.7063248707661126,586.4965387679619,60.45418088535889,11.4173560838379,9.999154781646617,15.223141445117202
9.316666666666666,1.5260123854854424,339.1138634412094,4.021953444938869,3.644344843956184,9.567703783043617,1.4125189975917627,9.615386621066095,7.630061927427212,7.239516200889963,0.008991367396002736,1.129746901626417,13.394785296261063,0.7062594987958813,586.4424300188211,60.501609789520394,11.426894102641336,9.99916230576144,15.235858803521783
9.325,1.5258711520514359,339.0824782336524,4.021579120640746,3.6440075497455156,9.56681789510062,1.4123882677389994,9.614499519071453,7.629355760257179,7.238842417153344,0.008916750686474052,1.1296423404211098,13.393545053140867,0.7061941338694997,586.3883256681679,60.549034279323955,11.436431238688169,9.999169767432392,15.24857498491756
9.333333333333334,1.5257299338147718,339.05109640328266,4.021204853933518,3.6436702918932835,9.565932105720032,1.4122575519558758,9.613612489270379,7.628649669073859,7.238168737080332,0.008842753208333413,1.129537790486918,13.392304948008045,0.7061287759779379,586.3342257206004,60.59645435545124,11.445967492073517,9.999177167180205,15.26128998943136
9.341666666666667,1.5255887307561948,339.01971794582107,4.020830644620805,3.643333070352963,9.565046414753896,1.4121268502245465,9.612725531737228,7.6279436537809735,7.237495160317449,0.008769369820121574,1.1294332518094186,13.391064980655454,0.7060634251122733,586.2801301806535,60.643870018580316,11.455502862892308,9.999184505519027,15.274003817189746
9.35,1.5254475428563403,338.98834285696455,4.020456492505077,3.6429958850777675,9.564160822053411,1.4119961625270665,9.611838646546833,7.627237714281701,7.236821686509138,0.0086965953496473,1.129328724374108,13.389825150874774,0.7059980812635333,586.2260390528913,60.69128126939094,11.46503735123956,9.999191782966074,15.286716468319415
9.358333333333333,1.5253063700965164,338.9569711325592,4.020082397395987,3.6426587360225353,9.563275327475,1.411865488846113,9.610951833770992,7.626531850482581,7.236148315312777,0.008624424815901437,1.1292242081669859,13.388585458465,0.7059327444230565,586.1719523416928,60.73868810855255,11.474570957209753,9.999199000019448,15.29942794294634
9.366666666666667,1.5251652124580304,338.92560276845126,4.0197083591031895,3.6423216231421027,9.562389930875094,1.4117348291643632,9.610065093481497,7.625826062290152,7.235475046385741,0.008552853237874813,1.1291197031740519,13.38734590322513,0.7058674145821816,586.1178700514365,60.78609053673456,11.484103680897368,9.999206157177252,15.312138241196491
9.375,1.5250240699221906,338.8942377604868,4.019334377436337,3.641984546391308,9.561504632110113,1.411604183464495,9.609178425750144,7.6251203496109525,7.234801879385407,0.0084818756345583,1.1290152093813055,13.386106484954158,0.7058020917322475,586.0637921865014,60.83348855460638,11.493635522396879,9.999213254937583,15.324847363195842
9.383333333333333,1.5248829424704757,338.86287610455014,4.018960452206915,3.641647505725403,9.560619431037818,1.4114735517293433,9.608291830647955,7.624414712352378,7.234128813972448,0.008411487073642738,1.128910726774875,13.384867203452945,0.7057367758646717,586.0097187512188,60.8808821628348,11.503166481802632,9.999220293793675,15.33755530907018
9.391666666666666,1.5247418300842663,338.8315177965036,4.018586583225359,3.6413105010994036,9.5597343275152,1.411342933941654,9.60740530824639,7.623709150421331,7.233455849805646,0.008341682594911302,1.1288062553408151,13.383628058521278,0.705671466970827,585.9556497499474,60.92827136208811,11.512696559209049,9.999227274241548,15.350262078945402
9.4,1.5246007327454145,338.80016283231436,4.01821277030714,3.6409735324694616,9.558849321402915,1.4112123300846087,9.60651885861478,7.623003663727072,7.232782986552852,0.008272457372192305,1.1287017950655331,13.38238904996408,0.7056061650423043,585.9015851869154,60.97565615302738,11.522225754710174,9.99923419676382,15.362967672946903
9.408333333333333,1.52445965043602,338.7688112080044,4.017839013270385,3.6406365997923307,9.55796441256355,1.4110817401416185,9.605632481821333,7.622298252180099,7.232110223886694,0.008203806649859468,1.1285973459356224,13.38115017758897,0.7055408700708092,585.8475250662831,61.023036536309796,11.531754068399847,9.999241061836054,15.3756720911998
9.416666666666666,1.5243185831381822,338.73746291959606,4.017465311933218,3.6402997030247635,9.557079600859687,1.4109511640960946,9.604746177934254,7.62159291569091,7.231437561479794,0.00813572567228647,1.1284929079376766,13.37991144120356,0.7054755820480473,585.7934693922102,61.07041251259261,11.541281500371916,9.99924786993381,15.388375333829224
9.425,1.5241775308340009,338.70611796311135,4.017091666113765,3.639962842123512,9.556194886153913,1.410820601931448,9.603859947021753,7.620887654170004,7.230764999004777,0.008068209683846986,1.1283884810582887,13.378672840615476,0.705410300965724,585.7394181688568,61.117784082533056,11.550808050720224,9.999254621532655,15.401077400960302
9.433333333333334,1.5240364935058712,338.67477633463807,4.016718075633302,3.639626017046043,9.555310268311104,1.4106900536313642,9.602973789150703,7.6201824675293555,7.230092536139944,0.008001254012805157,1.1282840652842734,13.377434375635543,0.7053450268156821,585.6853714003014,61.16515124678379,11.560333719538376,9.999261317099759,15.413778292717838
9.441666666666666,1.5238954711359396,338.64343803020887,4.016344540310463,3.6392892277492237,9.55442574719421,1.410559519179298,9.60208770438909,7.619477355679697,7.229420172558833,0.007934853917033427,1.1281796606022594,13.376196046071895,0.705279759589649,585.6313290906907,61.21251400600134,11.56985850692018,9.999267957109335,15.426478009226912
9.45,1.5237544637070517,338.6121030460115,4.015971059971347,3.638952474191611,9.553541322671624,1.4104289985593519,9.60120169280175,7.6187723185352585,7.228747907948425,0.007869004853131417,1.1280752669993994,13.374957851740271,0.7052144992796759,585.5772912439787,61.25987236083143,11.579382412958882,9.999274542015726,15.439176550611846
9.458333333333334,1.523613471202064,338.5807713782364,4.0155976344421696,3.638615756331785,9.552656994611803,1.4102984917556383,9.600315754453458,7.618067356010319,7.228075741995905,0.007803702280657435,1.1279708844628533,13.373719792456523,0.7051492458778191,585.5232578641164,61.30722631191965,11.588905437747718,9.999281072272973,15.45187391699696
9.466666666666667,1.523472493603832,338.5494430230738,4.0152242635491415,3.6382790741283277,9.551772762883216,1.410167998752269,9.599429889409002,7.617362468019159,7.227403674388454,0.007738941659169828,1.1278665129797816,13.372481868036502,0.7050839993761345,585.4692289550551,61.354575859911556,11.59842758137992,9.999287548335122,15.464570108506562
9.475,1.5233315308953381,338.51811797674185,4.014850947119828,3.637942427540126,9.550888627355311,1.4100375195334738,9.59854409773259,7.61665765447669,7.226731704815691,0.007674718484205532,1.127762152537439,13.371244078297435,0.7050187597667369,585.4152045207107,61.40192100545078,11.607948843948622,9.999293970652618,15.477265125264832
9.483333333333333,1.5231905830595283,338.4867962354507,4.014477684981404,3.637605816525979,9.550004587897254,1.4099070540834482,9.597658379488596,7.615952915297641,7.226059832966528,0.007611028240917338,1.1276578031230535,13.370006423056154,0.7049535270417241,585.3611845650095,61.449261749181524,11.617469225546989,9.999300339676946,15.48995896739599
9.491666666666667,1.5230496500796789,338.4554777954842,4.014104476964582,3.637269241045485,9.549120644380778,1.4097766023866942,9.596772734739893,7.615248250398394,7.2253880585362475,0.007547866508565646,1.1275534647241003,13.36876890213309,0.7048883011933471,585.3071690917861,61.49659809174289,11.626988726267921,9.999306655850182,15.502651635023899
9.5,1.522908731939368,338.42416265319287,4.013731322903296,3.6369327010589707,9.548236796679967,1.409646164427993,9.595887163548,7.614543659696839,7.2247163812259325,0.007485228952156665,1.127449137328281,13.367531515351954,0.7048230822139965,585.2531581047925,61.5439300337693,11.636507346204064,9.999312919605822,15.515343128272091
9.508333333333333,1.5227678286221733,338.39285080492743,4.01335822263148,3.6365961965267637,9.5473530446689,1.4095157401921259,9.595001665974426,7.613839143110866,7.224044800736664,0.007423111236696565,1.1273448209232968,13.36629426253646,0.7047578700960629,585.1991516077802,61.591257575895206,11.646025085448077,9.99931913137737,15.528033447264107
9.516666666666666,1.522626940111673,338.3615422470385,4.0129851759830695,3.636259727409191,9.546469388221658,1.409385329663874,9.59411624208068,7.613134700558365,7.223373316769525,0.007361509027191526,1.1272405154968492,13.36505714351032,0.704692664831937,585.1451496045007,61.63858071875505,11.65554194409261,9.99932529159832,15.540722592123485
9.525,1.52248606639168,338.33023697592887,4.012612182794511,3.6359232936671475,9.545585827214143,1.4092549328282373,9.593230891927217,7.612430331958399,7.22270192903012,0.007300418055506448,1.1271362210368157,13.3638201580998,0.7046274664141187,585.0911520986409,61.68589946297968,11.665057922230128,9.999331400695487,15.553410562973509
9.533333333333333,1.5223452074458141,338.2989349879588,4.012239242900191,3.6355868952610626,9.54470236152077,1.4091245496700358,9.59234561557535,7.6117260372290705,7.222030637220344,0.0072398339986207575,1.1270319375309295,13.362583306129077,0.7045622748350179,585.0371590939407,61.73321380920285,11.674573019953247,9.999337459101175,15.566097359937668
9.541666666666666,1.5222043632582904,338.2676362796201,4.011866356140855,3.6352505321528037,9.543818991020565,1.4089941801746406,9.591460413083713,7.611021816291452,7.221359441053539,0.007179752702776063,1.1269276649673692,13.361346587428791,0.7044970900873203,584.9831705939756,61.780523758049206,11.684087237354106,9.99934346723076,15.578782983138813
9.55,1.5220635338133761,338.23634084741695,4.01149352235781,3.6349142043043643,9.542935715592975,1.4088638243274723,9.590575284510692,7.61031766906688,7.220688340244058,0.007120170029130202,1.126823403334353,13.360110001830165,0.7044319121637361,584.9291866023071,61.82782931014256,11.693600574524803,9.999349425498124,15.591467432699742
9.558333333333334,1.5219227190953382,338.2050486878529,4.0111207413923635,3.6345779116777375,9.542052535117438,1.4087334821139512,9.58969022991468,7.609613595476691,7.220017334506255,0.00706108183884105,1.1267191526200986,13.358873549164413,0.7043667410569756,584.8752071224964,61.8751304661067,11.703113031557427,9.999355334317153,15.60415070874324
9.566666666666666,1.5217819190885316,338.1737597974515,4.010748013086757,3.6342416542351303,9.541169449474074,1.408603153519578,9.588805249353673,7.6089095954426575,7.219346423556163,0.007002484017911805,1.1266149128128904,13.357637229263702,0.704301576759789,584.8212321580805,61.92242722656409,11.712624608544004,9.999361194099247,15.61683281139201
9.575,1.521641133777337,338.1424741727416,4.010375337283513,3.633905431938809,9.540286458543207,1.4084728385298788,9.587920342885543,7.608205668886685,7.218675607110324,0.0069443724598380946,1.1265106839010308,13.35640104196049,0.7042364192649394,584.7672617125893,61.969719592136784,11.722135305576538,9.999367005255055,15.629513740768722
9.583333333333334,1.521500363146327,338.11119181029494,4.0100027138272045,3.6335692447515076,9.539403562206655,1.4083425371305567,9.587035510567299,7.607501815731635,7.218004884888969,0.006886743112676497,1.1264064658729673,13.355164987089315,0.7041712685652783,584.7132957894996,62.01700756344389,11.731645122746876,9.99937276818977,15.642193496995839
9.591666666666667,1.5213596071804274,338.07991270676166,4.009630142566179,3.633233092636811,9.538520760348977,1.408212249307642,9.586150752454351,7.606798035902137,7.2173342566191225,0.006829592024860998,1.1263022587174114,13.353929064488566,0.704106124653821,584.6593343921909,62.06429114109903,11.741154060146576,9.999378483298552,15.654872080195439
9.6,1.5212188658645633,338.04863685879184,4.009257623348782,3.632896975558306,9.53763805285473,1.4080819750471651,9.58526606860211,7.606094329322817,7.216663722027808,0.006772915244825549,1.1261980624230747,13.352693273996621,0.7040409875235826,584.6053775240426,62.111570325715846,11.750662117867199,9.999384150976555,15.667549490489604
9.608333333333333,1.5210781391836607,338.01736426303574,4.00888515602336,3.6325608934795754,9.536755439608475,1.4079517143351559,9.584381459065982,7.605390695918303,7.2159932808420475,0.006716708821004112,1.1260938769786684,13.351457615451865,0.7039758571675779,584.5514251884342,62.158845117907994,11.760169296000305,9.999389771618938,15.68022572800041
9.616666666666667,1.5209374271228304,337.9860949161845,4.008512740440248,3.632224846364657,9.53587292049622,1.407821467157817,9.583496923900539,7.604687135614152,7.215322932792447,0.006660968854758037,1.1259897023730436,13.350222088694707,0.7039107335789085,584.4974773886938,62.20611551828624,11.769675594637302,9.999395345615563,15.692900792849743
9.625,1.5207967296670386,337.95482881489755,4.008140376448223,3.6318888341772317,9.534990495402832,1.4076912335012162,9.582612463161006,7.603983648335193,7.214652677606802,0.006605691405928274,1.1258855385949418,13.348986693563965,0.7038456167506081,584.4435341281898,62.253381527463596,11.779181013869717,9.999400873360447,15.70557468515963
9.633333333333333,1.5206560468017467,337.9235659559438,4.007768063901363,3.6315528568821818,9.534108164217045,1.4075610133518806,9.581728076900367,7.603280234008733,7.213982515022453,0.006550872675476799,1.1257813856334764,13.347751429903862,0.7037805066759403,584.3895954101534,62.300643146045424,11.788685553788675,9.999406355233491,15.718247405051573
9.641666666666666,1.5205153785125083,337.892306336113,4.0073958026547345,3.6312169144446127,9.533225926828301,1.4074308066964225,9.580843765171188,7.602576892562541,7.213312444778523,0.006496508890639739,1.12567724347783,13.34651629755962,0.7037154033482113,584.3356612377908,62.34790037463566,11.798189214485221,9.999411791611974,15.730918952646968
9.65,1.5203747247848776,337.861049952195,4.007023592563406,3.6308810068296284,9.532343783126047,1.4073006135214545,9.57995952802603,7.601873623924387,7.212642466614131,0.0064425962786532065,1.1255731121171848,13.345281296376465,0.7036503067607273,584.2817316143077,62.39515321383822,11.807691996050407,9.999417182873174,15.743589328067214
9.658333333333333,1.5202340856044605,337.82979680099123,4.006651433483004,3.6305451340024613,9.531461733000137,1.4071704338136382,9.579075365517225,7.601170428022302,7.211972580269408,0.006389131081650792,1.125468991540763,13.34404642620019,0.7035852169068191,584.2278065428956,62.442401664256224,11.81719389857523,9.999422529392874,15.756258531433646
9.666666666666666,1.5200934609569545,337.7985468793233,4.006279325270132,3.6302092959285623,9.530579776341135,1.4070402675597196,9.578191277696682,7.600467304784773,7.211302785486237,0.006336109567741151,1.1253648817378543,13.342811686877589,0.7035201337798598,584.1738860267207,62.489645726491375,11.826694922150624,9.999427831544265,15.768926562867504
9.675,1.519952850828112,337.76730018402486,4.005907267781971,3.6298734925735165,9.529697913040026,1.406910114746494,9.577307264616072,7.59976425414056,7.210633082007548,0.006283528020440263,1.12526078269779,13.341577078256035,0.703455057373247,584.1199700689343,62.53688540114455,11.836195066867477,9.999433089698995,15.781593422489976
9.683333333333334,1.5198122552040862,337.73605671201915,4.005535260880006,3.629537723903879,9.528816142990921,1.4067799753611308,9.576423326325246,7.599061276020431,7.209963469584011,0.006231382837695921,1.1251566944102025,13.34034260018729,0.7033899876805654,584.0660586725768,62.58412068881039,11.845694332816342,9.99943830421727,15.794259110421795
9.691666666666666,1.5196716740710317,337.70481646022927,4.005163304425721,3.6292019898862056,9.527934466087936,1.4066498493907984,9.57553946287405,7.598358370355158,7.209293947966297,0.006179670417455884,1.1250526168647237,13.33910825252311,0.7033249246953992,584.0121518406883,62.63135159008352,11.855192720087775,9.999443475459294,15.806923626783705
9.7,1.519531107415102,337.6735794255782,4.004791398280599,3.6288662904870512,9.52705288222518,1.4065197368226658,9.574655674312329,7.597655537075509,7.208624516905077,0.006128387157667924,1.124948550050986,13.33787403511525,0.7032598684113329,583.958249576309,62.67857810555861,11.864690228772334,9.999448603785273,15.81958697169645
9.708333333333334,1.5193905552225964,337.64234560502143,4.004419542307678,3.628530625673325,9.526171391297899,1.406389637644037,9.573771960689278,7.596952776112981,7.2079551761538205,0.006077529497660144,1.1248444939587308,13.336639947817057,0.7031948188220185,583.9043518824391,62.72580023582803,11.874186858960456,9.999453689551274,15.832249145280615
9.716666666666667,1.5192500174797112,337.6111149954914,4.0040477363688955,3.628194995411685,9.525289993200532,1.4062595518421195,9.572888322054547,7.5962500873985555,7.207285925464013,0.006027093847422429,1.1247404485776225,13.335405990480744,0.7031297759210597,583.8504587621069,62.77301798148578,11.883682610742662,9.999458733116297,15.84491014765689
9.725,1.519109494173043,337.57988759400956,4.003675980330466,3.627859399669756,9.524408687830634,1.406129479404492,9.572004758455988,7.595547470865214,7.206616764594839,0.0059770767307458185,1.1246364138976244,13.334172162962886,0.703064739702246,583.7965702182307,62.82023134311965,11.893177484209144,9.999463734827966,15.857569978945532
9.733333333333333,1.5189689852893185,337.5486633976263,4.003304274059999,3.627523838415479,9.52352747508677,1.4059994203188544,9.571121269940853,7.594844926446592,7.205947693307998,0.005927474708565297,1.1245323899087984,13.332938465121478,0.7029997101594272,583.7426862536927,62.86744032131541,11.902671479449987,9.999468695030183,15.870228639266658
9.741666666666667,1.518828490815264,337.51744240339207,4.002932617425103,3.627188311616796,9.522646354867511,1.4058693745729063,9.570237856556396,7.594142454076319,7.205278711365187,0.0058782843418158336,1.1244283766012066,13.331704896814514,0.7029346872864531,583.6888068713746,62.91464491665883,11.912164596555282,9.999473614066858,15.882886128740383
9.75,1.5186880107376426,337.48622460836503,4.002561010293773,3.6268528192417326,9.5217653270717,1.4057393421543811,9.56935451834971,7.593440053688212,7.204609818528791,0.005829502201587951,1.1243243739649371,13.33047145790038,0.7028696710771906,583.6349320741489,62.96184512973512,11.921656835615076,9.99947849228088,15.895542447486777
9.758333333333333,1.5185475450434316,337.45501000965146,4.002189452536297,3.626517361258837,9.520884391599855,1.4056093230512106,9.568471255366916,7.592737725217158,7.203941014565335,0.0057811249201614595,1.1242203819902394,13.329238148239797,0.7028046615256053,583.5810618648283,63.00904096112616,11.931148196719255,9.999483330009022,15.90819759562568
9.766666666666666,1.5184070937192398,337.42379860427553,4.001817944019022,3.6261819376357645,9.520003548349626,1.4054793172509845,9.567588067655807,7.592035468596198,7.203272299234239,0.005733149024783702,1.124116400667087,13.328004967689475,0.7027396586254923,583.5271962463277,63.056232411419565,11.940638679957997,9.99948812759856,15.92085157327734
9.775,1.518266656752406,337.3925903894236,4.0014464846161015,3.625846548341937,9.519122797224338,1.4053493247419704,9.56670495526086,7.591333283762029,7.2026036723089835,0.005685571250559937,1.1240124299860004,13.32677191611407,0.7026746623709852,583.4733352213599,63.10341948119163,11.95012828542089,9.999492885375982,15.933504380561194
9.783333333333333,1.518126234130269,337.361385362282,4.001075074201696,3.6255111933467745,9.518242138127318,1.4052193455124353,9.565821918226565,7.590631170651345,7.201935133563052,0.005638388332595452,1.1239084699375002,13.325538993378245,0.7026096727562177,583.4194787926382,63.15060217101859,11.959617013197505,9.999497603667779,15.946156017596682
9.791666666666666,1.5179858258401684,337.3301835200374,4.000703712649959,3.6251758726197005,9.517361570961901,1.4050893795506465,9.564938956597402,7.589929129200842,7.201266682769926,0.005591597005995506,1.1238045205121072,13.32430619934666,0.7025446897753233,583.3656269628756,63.19778048147675,11.969104863377428,9.999502282800439,15.958806484503244
9.8,1.5178454318694432,337.2989848598763,4.00033239983505,3.624840586130135,9.51648109563141,1.4049594268448713,9.564056070417857,7.589227159347216,7.200598319703089,0.0055451940058653575,1.1237005817003418,13.323073533883973,0.7024797134224356,583.3117797347851,63.24495441314239,11.978591836050237,9.999506923100453,15.971455781400325
9.808333333333334,1.517705052205582,337.2677893790182,3.9999611356327227,3.624505333847862,9.515600712040339,1.4048294873835157,9.563173259731734,7.588525261027909,7.199930044138901,0.005499176109850288,1.1235966534928372,13.321840996856475,0.7024147436917578,583.2579371110385,63.29212396658943,11.988077931305387,9.999511524890055,15.984103908407192
9.816666666666666,1.5175646868359947,337.23659707466555,3.9995899199178937,3.624170115742474,9.514720420092567,1.4046995611549125,9.562290524583197,7.587823434179973,7.199261855852209,0.005453540073231444,1.123492735880167,13.320608588129595,0.7023497805774562,583.2040990943292,63.33928914239308,11.997563149232402,9.999516088493717,15.99675086564321
9.825,1.5174243357482626,337.2054079440584,3.9992187525673115,3.623834931783979,9.513840219693313,1.404569648147553,9.561407865015633,7.587121678741313,7.198593754621161,0.00540828270008601,1.1233888288530334,13.319376307570636,0.7022848240737765,583.1502656873035,63.38644994112584,12.007047489920659,9.999520614231031,16.009396653227554
9.833333333333334,1.5172839989303482,337.17422198452186,3.998847633461794,3.623499781943304,9.512960110750742,1.4044397483502822,9.560525281070706,7.58641999465174,7.19792574023123,0.005363400902708982,1.1232849324024243,13.318144155051037,0.7022198741751411,583.0964368925024,63.43360636335432,12.016530953459226,9.999525102410768,16.022041271278976
9.841666666666667,1.517143676370213,337.14303919338073,3.9984765624821588,3.6231646661913777,9.51208009317303,1.4043098617519445,9.559642772790083,7.5857183818510645,7.197257812467886,0.005318891593395382,1.123181046519327,13.31691213044224,0.7021549308759722,583.0426127124672,63.48075840964513,12.026013539937159,9.9995295533417,16.03468471991622
9.85,1.5170033680558193,337.11185956795987,3.9981055395092224,3.622829584499127,9.511200166868349,1.4041799883413844,9.558760340215427,7.585016840279096,7.196589971116601,0.0052747516844402036,1.1230771711947294,13.315680233615689,0.7020899941706922,582.9887931497389,63.52790608056486,12.035495249443528,9.999533967332596,16.047326999258043
9.858333333333333,1.5168630739751285,337.08068310558417,3.997734564423802,3.62249453683748,9.510320331744873,1.4040501281074462,9.5578779833884,7.584315369875642,7.1959222159628435,0.005230978088138451,1.1229733064196188,13.314448464442822,0.7020250640537231,582.9349782068585,63.57504937668012,12.044976082067391,9.999538344692226,16.059968109423195
9.866666666666667,1.5167227941163401,337.04950980363117,3.9973636371092462,3.622159523177936,9.509440587712616,1.4039202810391944,9.5569957023496,7.5836139705817,7.195254546796644,0.00518756778413045,1.12286945218516,13.313216822797662,0.7019601405195972,582.8811678863021,63.62218829855385,12.054456037897621,9.999542685722625,16.072608050530167
9.875,1.5165825284673629,337.018339659414,3.996992757445809,3.6218245434912957,9.508560934679338,1.4037904471254241,9.556113497140927,7.582912642336814,7.194586963402456,0.005144517669702915,1.1227656084823017,13.311985308551073,0.7018952235627121,582.8273621906252,63.66932284675345,12.063935117023318,9.999546990734068,16.085246822697766
9.883333333333333,1.5164422770165917,336.9871726703538,3.9966219253189355,3.6214895977495343,9.50768137255658,1.4036606263553812,9.55523136780209,7.582211385082958,7.193919465574084,0.00510182478030864,1.1226617753023556,13.31075392157921,0.7018303131776906,582.7735611222495,63.716453021838824,12.07341331953319,9.999551260023008,16.09788442604426
9.891666666666666,1.5163020397525782,336.9560088339063,3.9962511406157435,3.621154685925003,9.506801901257091,1.403530818718456,9.554349314372086,7.58151019876289,7.193252053108338,0.005059486195816064,1.1225579526367508,13.309522661759928,0.701765409359228,582.7197646835535,63.7635788243674,12.082890645515807,9.999555493881457,16.110520860687746
9.9,1.5161618166638728,336.9248481475273,3.9958804032233486,3.6208198079900535,9.505922520693632,1.4034010242040393,9.553467336889913,7.580809083319364,7.1925847258020275,0.005017498996093621,1.1224541404769166,13.308291528971084,0.7017005121020197,582.6659728769158,63.81070025489663,12.092367095059743,9.999559692601428,16.12315612674633
9.908333333333333,1.5160216077390272,336.8936906086727,3.995509713028867,3.6204849639170398,9.505043230778952,1.4032712428015217,9.552585435394572,7.580108038695135,7.19191748345196,0.004975860261009768,1.1223503388142824,13.307060523090533,0.7016356214007609,582.612185704715,63.85781731398396,12.101842668253566,9.999563856474937,16.135790224338095
9.916666666666666,1.5158814129665923,336.86253621479835,3.9951390699194147,3.620150153678312,9.504164031425807,1.4031414745002937,9.551703609925061,7.579407064832961,7.191250325854947,0.004934567070432938,1.1222465476402768,13.305829643996129,0.7015707372501468,582.5584031693295,63.90493000218682,12.11131736518585,9.999567985793995,16.148423153581138
9.925,1.5157412323354356,336.8313849634302,3.9947684737854923,3.6198153772469888,9.503284922549408,1.4030117192900389,9.550821860518951,7.578706161677177,7.190583252813886,0.004893616594257153,1.1221427669465665,13.30459889156917,0.7015058596450194,582.5046252730508,63.95203832005776,12.120791185944904,9.999572080841613,16.161054914593212
9.933333333333334,1.5156010658339916,336.8002368519982,3.9943979245129695,3.6194806345951402,9.502405904061607,1.40288197716004,9.549940187215762,7.578005329169957,7.189916264123346,0.004853005879185264,1.1220389967244935,13.303368265686249,0.70144098858002,582.4508520182893,63.99914226815601,12.130264130619395,9.99957614191312,16.173685507492532
9.941666666666666,1.5154609134513644,336.769091878081,3.9940274219948755,3.6191459256964564,9.501526975879454,1.4027522481001997,9.549058590051995,7.577304567256822,7.189249359590776,0.004812732162384778,1.1219352369659015,13.302137766231235,0.7013761240500999,582.3970834072712,64.04624184703042,12.139736199297433,9.999580169284801,16.186314932396584
9.95,1.5153207751766626,336.7379500392584,3.9936569661242833,3.618811250524636,9.500648137920038,1.4026225321004253,9.54817706906413,7.576603875883313,7.18858253902371,0.004772792682203162,1.1218314876626372,13.300907393088053,0.7013112660502127,582.3433194422213,64.09333705722976,12.149207392067122,9.999584163232818,16.198943189422838
9.958333333333334,1.5151806509989945,336.7068113331099,3.993286556794268,3.6184766090533786,9.499769390100445,1.4024928291506236,9.54729562428864,7.575903254994972,7.187915802229682,0.004733184676987874,1.1217277488065474,13.299677146140622,0.7012464145753118,582.2895601253642,64.14042789930282,12.158677709016569,9.999588124033341,16.211570278688768
9.966666666666667,1.515040540907468,336.6756757572152,3.992916193897901,3.618142001256383,9.498890732337761,1.4023631392407014,9.546414255762011,7.5752027045373405,7.187249149016222,0.004693905385086401,1.1216240203894787,13.298447025272864,0.7011815696203507,582.235805458925,64.18751437379834,12.168147150233876,9.99959205196253,16.22419620031184
9.975,1.5149004448912922,336.644543309176,3.992545877329329,3.6178074271075915,9.49801216454985,1.4022334623606587,9.545532963520262,7.57450222445646,7.186582579192792,0.004654952073351096,1.1215203024033533,13.29721703036979,0.7011167311803294,582.1820554451008,64.23459648126352,12.177615715807063,9.999595947293704,16.236820954409428
9.983333333333333,1.5147603629396782,336.61341398659516,3.9921756069827294,3.6174728865809542,9.497133686654607,1.4021037985004983,9.544651747599405,7.573801814698391,7.185916092568913,0.004616322009529133,1.1214165948400958,13.295987161316448,0.7010518992502491,582.1283100860877,64.28167422224556,12.187083405824147,9.999599810300086,16.249444541098875
9.991666666666667,1.5146202950418766,336.5822877870837,3.9918053827526925,3.6171383796505125,9.496255298570217,1.4019741476502583,9.54377060803528,7.573101475209382,7.185249688954847,0.004578012472294876,1.1213128976916589,13.294757417998303,0.7009870738251291,582.0745693840717,64.32874759729098,12.196550220373119,9.99960364125381,16.262066960497503
10.0,1.5144802411875224,336.5511647083383,3.9914352045379258,3.6168039062912403,9.495377000217866,1.401844509800334,9.542889544861975,7.572401205937612,7.1845833681682665,0.004540020849873991,1.1212092109502845,13.29352780030501,0.700922254900167,582.0208333411318,64.37581660694036,12.206016159541633,9.999607440416051,16.27468821272219
10.008333333333333,1.514340201366251,336.5200447480558,3.991065072237137,3.6164694664781116,9.494498791518737,1.401714884941121,9.54200855811359,7.571701006831255,7.183917130026847,0.004502344530492118,1.1211055346082146,13.292298308126231,0.7008574424705605,581.9671019593479,64.42288125173424,12.215481223417353,9.99961120804799,16.287308297889812
10.016666666666666,1.5142001755676975,336.48892790393285,3.990694985749034,3.6161350601860995,9.493620672394014,1.4015852730630145,9.54112764782422,7.571000877838487,7.183250974348261,0.004464980902374906,1.1210018686576908,13.29106894135162,0.7007926365315073,581.9133752407993,64.46994153221316,12.224945412087935,9.999614944410801,16.299927216117254
10.025,1.5140601637814974,336.4578141736662,3.9903249449723233,3.6158006873901782,9.492742642764885,1.4014556741564097,9.54024681402796,7.570300818907487,7.182584900950182,0.004427927353747993,1.1208982130909553,13.289839699870837,0.7007278370782049,581.8596531875653,64.5169974489177,12.234408725641044,9.999618649765663,16.3125449675214
10.033333333333333,1.5139201659974635,336.42670355499195,3.9899549498076103,3.615466348065751,9.491864702553912,1.4013260882118668,9.539366056758102,7.569600829987317,7.181918909653699,0.004391181323292205,1.1207945679003828,13.288610583575474,0.7006630441059334,581.8059358016766,64.56404900238563,12.243871164164183,9.999622324368708,16.325161552218923
10.041666666666666,1.5137801822052102,336.39559604560225,3.989585000153379,3.61513204218774,9.490986851682113,1.4011965152197614,9.538485376048829,7.56890091102605,7.181253000276082,0.0043547401932936165,1.1206909330781993,13.287381592354958,0.7005982576098807,581.7522230852181,64.6110961931578,12.253332727745034,9.999625968481709,16.337776970326722
10.05,1.5136402123946944,336.36449164326547,3.9892150959117756,3.614797769731897,9.49010909007318,1.4010669551707873,9.53760477193279,7.568201061973471,7.1805871726411965,0.004318601443462621,1.120587308616888,13.28615272610245,0.7005334775853936,581.6985150401808,64.6581390217698,12.262793416470988,9.999629582356691,16.350391221961328
10.058333333333334,1.5135002565560498,336.33339034578887,3.9888452369868372,3.614463530674402,9.489231417652169,1.4009374080558017,9.53672424444182,7.567501282780248,7.179921426576307,0.004282762603768994,1.1204836945090646,13.284923984713036,0.7004687040279008,581.6448116685066,64.70517748875433,12.272253230429275,9.999633166240661,16.36300430723904
10.066666666666666,1.5133603146794101,336.30229215098007,3.9884754232825985,3.614129324991432,9.48835383434414,1.4008078738656617,9.53584379360776,7.56680157339705,7.179255761908678,0.004247221204182489,1.120380090747344,13.283695368081796,0.7004039369328309,581.5911129721374,64.7522115946442,12.281712169707133,9.99963672038062,16.37561622627619
10.075,1.5132203867549092,336.27119705664654,3.988105654703097,3.6137951526591685,9.487476340074156,1.4006783525912248,9.534963419462454,7.566101933774545,7.178590178465575,0.004211974774672866,1.1202764973243422,13.282466876103818,0.7003391762956124,581.537418953015,64.79924133997216,12.291170234391801,9.99964024502357,16.388226979189078
10.083333333333334,1.5130804727726808,336.2401050605958,3.9877359311523675,3.6134610136537884,9.486598934767276,1.400548844223348,9.53408312203774,7.565402363863403,7.177924676074261,0.0041770208452098796,1.1201729142326744,13.281238508674186,0.700274422111674,581.4837296130818,64.84626672527098,12.300627424570518,9.999643740416518,16.400836566094036
10.091666666666667,1.512940572723103,336.2090161606895,3.987366252537057,3.613126907952061,9.485721618350457,1.4004193487531156,9.533202901364355,7.564702863615514,7.177259254566702,0.004142357015200005,1.1200693414651388,13.280010265690638,0.7002096743765578,581.430044954212,64.8932877510696,12.310083740330304,9.99964720679952,16.413444987107084
10.1,1.5128006865962242,336.1779303547165,3.986996618760294,3.612792835529961,9.484844390748101,1.4002898661713057,9.532322757474523,7.564003432981121,7.17659391376853,0.004107980790481967,1.1199657790142878,13.278782147047341,0.7001449330856528,581.3763649783712,64.94030441790211,12.319539181758477,9.99965064442199,16.426052242344646
10.108333333333333,1.512660814382615,336.14684764058114,3.986627029730779,3.612458796364722,9.48396725188866,1.40016039646918,9.531442690398114,7.563304071913075,7.1759286535154025,0.004073889825100196,1.1198622268730638,13.277554152644123,0.70008019823459,581.322689687381,64.98731672629447,12.328993748941897,9.999654053518528,16.43865833192254
10.116666666666667,1.5125209560728807,336.1157680161958,3.9862574853575876,3.6121247904336626,9.483090201700861,1.400030939638033,9.530562700164833,7.562604780364403,7.175263473643658,0.004040081783075937,1.1197586850344354,13.276326282381204,0.7000154698190165,581.2690190830532,65.03432467677207,12.338447441967402,9.999657434322732,16.451263255956544
10.125,1.5123811116576258,336.08469147947244,3.9858879855497946,3.6117908177141023,9.482213240113428,1.399901495669159,9.529682786804392,7.561905558288129,7.174598373989631,0.004006554328430454,1.1196551534913717,13.275098536158799,0.6999507478345794,581.2153531671999,65.08132826986028,12.347900260921818,9.999660787068196,16.463867014562435
10.133333333333333,1.512241281127456,336.05361802832357,3.985518530216476,3.61145687818336,9.481336367055087,1.3997720645538516,9.5288029503465,7.56120640563728,7.173933354389657,0.003973305125184991,1.1195516322368415,13.273870913877122,0.6998860322769258,581.1616919416331,65.1283275060845,12.357352205891987,9.99966411198852,16.47646960785599
10.141666666666666,1.5121014644730377,336.0225476606751,3.9851491192673634,3.611122971818902,9.480459582455042,1.3996426462834624,9.527923190820589,7.560507322365188,7.173268414681254,0.003940331854809866,1.1194481212638596,13.27264341543706,0.6998213231417312,581.1080354081478,65.17532238596915,12.366803276964683,9.999667409315558,16.489071035952918
10.15,1.511961661685106,335.99148037446804,3.98477975261292,3.610789098598362,9.47958288624303,1.399513240849406,9.527043508255781,7.559808308425529,7.172603554703256,0.003907632218277613,1.1193446205654922,13.271416040740242,0.699756620424703,581.0543835685202,65.22231291003762,12.376253474226635,9.999670679279212,16.501671298968855
10.158333333333333,1.5118218727543278,335.9604161676284,3.9844104301628827,3.610455258499208,9.478706278348254,1.399383848243034,9.526163902681505,7.559109363771638,7.171938774293189,0.0038752038971694045,1.1192411301347545,13.270188789687555,0.699691924121517,581.000736424545,65.26929907881429,12.385702797764619,9.999673922111322,16.514270397019498
10.166666666666666,1.5116820976717538,335.9293550381675,3.984041151831092,3.610121451499837,9.47782975870291,1.3992544684560537,9.525284374125455,7.558410488358769,7.171274073295966,0.003843044682282841,1.1191376499649495,13.268961662184074,0.6996272342280269,580.9470939779115,65.31628089281757,12.395151247665085,9.999677138032812,16.526868330220122
10.175,1.5115423364284357,335.8982969840969,3.9836719175313897,3.6097876775786455,9.476953327239189,1.3991251014801727,9.524404922615325,7.557711682142179,7.170609451556501,0.0038111523644155224,1.1190341800493802,13.267734658134863,0.6995625507400863,580.8934562303087,65.3632583525659,12.40459882401449,9.999680327264597,16.539465098685994
10.183333333333334,1.5114025890154243,335.8672420034277,3.983302727177617,3.609453936714031,9.47607698388928,1.3989957473070982,9.523525548178808,7.557012945077121,7.16994490891971,0.0037795247343650707,1.1189307203813497,13.266507777444993,0.6994978736535491,580.8398231834256,65.41023145857761,12.414045526899276,9.999683490027603,16.552060702532376
10.191666666666666,1.5112628554237704,335.8361900941713,3.9829335806836146,3.60912022888439,9.475200728585383,1.3988664059285378,9.522646250843597,7.556314277118852,7.169280445230506,0.0037481595829290857,1.118827270954161,13.265281020019536,0.6994332029642689,580.786194838951,65.45720021137116,12.423491356405895,9.999686626542747,16.564655141874535
10.2,1.511123135644656,335.80514125436804,3.9825644779646208,3.6087865540684354,9.474324561260703,1.39873707733632,9.521767030636799,7.55561567822328,7.168616060336317,0.003717054738039519,1.118723831761215,13.264054385764982,0.69936853866816,580.7325711985384,65.50416461146287,12.432936312620686,9.999689737027236,16.57724841682759
10.208333333333334,1.510983429669138,335.7740954820307,3.98219541893454,3.6084529122445783,9.473448481847477,1.3986077615221577,9.520887887586076,7.55491714834569,7.167951754082172,0.003686207992183067,1.1186204027958193,13.262827874586467,0.6993038807610789,580.6789522638747,65.55112465937106,12.442380395630096,9.99969282170182,16.5898405275068
10.216666666666667,1.5108437374884987,335.74305277522194,3.981826403509683,3.6081193033917747,9.472572490279696,1.3984784584779728,9.52000882171808,7.554218687442493,7.16728752631743,0.0036556172018454695,1.1185169840514502,13.261601486391573,0.6992392292389864,580.6253380365856,65.59808035561049,12.451823605520369,9.999695880780855,16.602431474027167
10.225,1.5107040590942107,335.7120131320469,3.9814574316083986,3.6077857274894414,9.47169658649283,1.3983491681958635,9.519129833058596,7.553520295471053,7.166623376895117,0.0036252802777203786,1.1184135755217268,13.260375221089962,0.6991745840979318,580.5717285182437,65.64503170069297,12.461265942377592,9.999698914473267,16.615021256503464
10.233333333333333,1.5105643944777465,335.68097655061035,3.9810885031490355,3.607452184516995,9.470820770422353,1.3982198906679282,9.518250921633417,7.552821972388732,7.165959305668264,0.0035951951305014536,1.1183101772002684,13.259149078591294,0.6991099453339641,580.5181237104221,65.69197869513023,12.470707406287852,9.999701922987988,16.627609875050478
10.241666666666667,1.5104247436305793,335.6499430290177,3.9807196180499425,3.607118674453852,9.469945042003737,1.398090625886265,9.517372087468324,7.552123718152896,7.165295312489897,0.0035653596708823472,1.1182067890806942,13.25792305880523,0.6990453129431325,580.4645236146931,65.7389213394341,12.480147997337234,9.999704906533951,16.64019732978299
10.25,1.5102851065441816,335.6189125653737,3.9803507762294683,3.606785197279429,9.469069401172451,1.3979613738429724,9.51649333058911,7.551425532720907,7.164631397213043,0.003535771809556731,1.118103411156623,13.256697161641432,0.6989806869214862,580.4109282326299,65.7858596341163,12.489587715611819,9.999707865320083,16.652783620815764
10.258333333333333,1.5101454832102135,335.5878851578252,3.9799819776079652,3.6064517529735967,9.468193847865427,1.397832134530322,9.515614651020716,7.550727416051067,7.1639675596943375,0.0035064295105045763,1.118000043421815,13.255471387011598,0.698916067265161,580.3573375657535,65.83279357968571,12.499026561197528,9.99971079954999,16.66536874826338
10.266666666666666,1.5100058736200894,335.55686080446435,3.979613222103154,3.6061183415156273,9.467318382017679,1.397702907940358,9.51473604878919,7.5500293681004464,7.163303799785678,0.003477330667739223,1.1178966858698445,13.25424573482475,0.698851453970179,580.3037516156528,65.879723176655,12.508464534180497,9.999713709434266,16.67795271224067
10.275,1.509866277765622,335.52583950347156,3.9792445096370206,3.6057849628857626,9.466443003567324,1.3975736940654941,9.513857523918787,7.54933138882811,7.162640117346637,0.0034484732886660347,1.1177933384945864,13.253020204994254,0.6987868470327471,580.2501703838069,65.92664842553062,12.517901634646519,9.999716595172172,16.690535512862034
10.283333333333333,1.5097266956386832,335.49482125304075,3.9788758401321758,3.6054516170643827,9.465567712452936,1.3974444928981986,9.51297907643349,7.548633478193415,7.161976512237916,0.003419855397367833,1.1176900012899587,13.25179479743411,0.6987222464490993,580.1965938716786,65.97356932681804,12.527337862681323,9.999719456961303,16.70311715024177
10.291666666666666,1.5095871272311445,335.4638060513654,3.9785072135112305,3.6051183040318686,9.464692508613087,1.397315304430939,9.512100706357286,7.547935636155723,7.161312984320215,0.0033914750179274205,1.1175866742498792,13.250569512058322,0.6986576522154695,580.1430220807309,66.02048588102278,12.536773218370648,9.999722294999247,16.715697624494204
10.3,1.509447572534878,335.43279389663957,3.978138629696798,3.604785023768602,9.46381739198635,1.3971861286561835,9.511222413714162,7.547237862674389,7.160649533454237,0.0033633301744276003,1.1174833573682665,13.24934434878089,0.6985930643280918,580.0894550124267,66.06739808865034,12.546207701800233,9.999725109483597,16.72827693573365
10.308333333333334,1.5093080315417855,335.4017847870635,3.977770088611818,3.604451776255039,9.462942362511539,1.3970569655664289,9.51034419852796,7.546540157708927,7.159986159501273,0.003335418899718056,1.117380050639062,13.248119307516154,0.6985284827832144,580.0358926682203,66.11430595020572,12.55564131305578,9.999727900611067,16.74085508407438
10.316666666666666,1.5091685042438905,335.37077872086456,3.9774015901805204,3.6041185614719256,9.462067420128404,1.3969278151542834,9.509466060821984,7.545842521219452,7.159322862324937,0.003307739260899303,1.117276754056297,13.246894388179765,0.6984639075771417,579.9823350495328,66.16120946619203,12.565074052222897,9.99973066857495,16.753432069630534
10.325,1.5090289906330632,335.3397756962363,3.9770331343255045,3.6037853793996404,9.461192564775507,1.3967986774122134,9.508588000620225,7.545144953165315,7.158659641785908,0.003280289281723538,1.1171734676138885,13.245669590685708,0.6983993387061067,579.9287821578275,66.20810863711482,12.574505919387319,9.999733413572866,16.76600789251643
10.333333333333334,1.5088894907015526,335.3087757114562,3.9766647209734125,3.6034522300194762,9.460317796394355,1.396669552333037,9.507710017944962,7.544447453507763,7.157996497752142,0.0032530670935089503,1.1170701913060377,13.244444914952096,0.6983347761665185,579.8752339944633,66.25500346347364,12.583936914634455,9.999736135791688,16.778582552845943
10.341666666666667,1.5087500044416078,335.2777787648018,3.9762963500508888,3.603119113312727,9.459443114926456,1.396540439909572,9.506832112818481,7.543750022208038,7.1573334300916,0.003226070827573745,1.1169669251269454,13.243220360897038,0.698270219954786,579.8216905607992,66.301893945768,12.593367038049703,9.999738835418281,16.79115605073294
10.35,1.5086105318454772,335.24678485455047,3.975928021484576,3.602786029260687,9.458568520313314,1.3964113401346356,9.50595428526306,7.543052659227386,7.156670438672237,0.003199298615236111,1.116863669070813,13.241995928438639,0.6982056700673178,579.7681518581941,66.34878008449749,12.602796289718468,9.999741512639515,16.803728386291294
10.358333333333333,1.5084710729054105,335.2157939789802,3.9755597352011174,3.602452977844648,9.457694012496438,1.3962822530010461,9.505076535300981,7.542355364527052,7.156007523362011,0.0031727485878142426,1.1167604231318409,13.240771617495012,0.6981411265005231,579.7146178880068,66.39566188016163,12.612224669726153,9.999744167642257,16.816299559634878
10.366666666666667,1.5083316276137495,335.1848061363888,3.975191491128158,3.6021199590461306,9.456819591418059,1.3961531785017074,9.504198862954102,7.541658138068747,7.155344684030684,0.0031464189032472945,1.1166571873043005,13.239547427985283,0.6980765892508537,579.6610886515707,66.44253933325852,12.621652178158085,9.999746800610714,16.82886957087745
10.375,1.5081921959627718,335.15382132506045,3.9748232891926434,3.601786972846497,9.45594525701991,1.3960241166294634,9.503321268244576,7.540960979813859,7.154681920546758,0.0031203077009428998,1.116553961582414,13.238323359827872,0.6980120583147317,579.6075641502367,66.48941244428724,12.631078815099634,9.999749411730944,16.841438420132853
10.383333333333333,1.5080527779448842,335.12283954330763,3.9744551293229025,3.601454019227421,9.455071009244715,1.3958950673772783,9.502443751193974,7.540263889724421,7.154019232781224,0.00309441315700768,1.1164507459605004,13.237099412942602,0.6979475336886392,579.5540443853205,66.53628121374486,12.64050458063607,9.999752001185337,16.854006107514767
10.391666666666666,1.5079133735526924,335.09186078948727,3.9740870114493907,3.6011210981710593,9.454196848036762,1.3957660307383004,9.501566311822963,7.539566867763462,7.153356620608903,0.0030687335041754225,1.1163475404330283,13.235875587251467,0.6978830153691502,579.5005293580825,66.58314564212529,12.64992947485248,9.999754569150621,16.866572633136645
10.4,1.507773982778802,335.06088506195596,3.973718935502564,3.6007882096595667,9.453322773340329,1.3956370067056778,9.500688950152217,7.538869913894009,7.152694083904616,0.0030432669751799092,1.1162443449944657,13.23465188267646,0.6978185033528389,579.4470190697837,66.63000572992244,12.659353497833951,9.99975711580352,16.87913799711194
10.408333333333333,1.5076346056158185,335.0299123590708,3.9733509014128794,3.6004553536751014,9.452448785099696,1.395507995272559,9.499811666202401,7.538173028079092,7.152031622543183,0.0030180118027549386,1.1161411596392814,13.233428299139574,0.6977539976362795,579.3935135216844,66.67686147763021,12.668776649665565,9.999759641320763,16.891702199554093
10.416666666666666,1.507495242056348,334.9989426791885,3.972982909110793,3.6001225301998176,9.451574883259143,1.3953789964320922,9.498934459994187,7.53747621028174,7.151369236399427,0.0029929662196342918,1.1160379843619435,13.2322048365628,0.6976894982160461,579.3400127150455,66.72371288574253,12.678198930432414,9.999762145879075,16.90426524057656
10.425,1.5073558920931391,334.9679760206976,3.972614958528286,3.5997897392162184,9.450701067764063,1.3952500101775582,9.498057331547603,7.536779460465695,7.1507069253509155,0.002968128499146668,1.1159348191570277,13.230981494869688,0.6976250050887791,579.2865166510883,66.77055995475104,12.687620340219457,9.999764629651123,16.916827120292616
10.433333333333334,1.5072165557187605,334.93701238194683,3.9722470495954227,3.59945698070637,9.44982733855845,1.3951210365020716,9.49718028088348,7.536082778593802,7.150044689271761,0.002943496863552104,1.1158316640189747,13.22975827398183,0.6975605182510358,579.2330253310835,66.81740268515021,12.697040879111812,9.999767092814682,16.929387838815757
10.441666666666666,1.5070772329260793,334.906051761351,3.9718791822454484,3.59912425465306,9.448953695588616,1.3949920753990226,9.496303308021313,7.535386164630396,7.149382528041808,0.002919069619811308,1.1157285189424486,13.22853517382406,0.6974960376995113,579.1795387562199,66.86424107742985,12.706460547194332,9.999769535539057,16.941947396259117
10.45,1.5069379237080387,334.87509415734195,3.9715113564124267,3.5987915610392616,9.448080138801462,1.3948631268618723,9.495426412980246,7.534689618540193,7.148720441542368,0.002894845096569716,1.115625383922171,13.227312194322046,0.6974315634309362,579.1260569276652,66.91107513207851,12.715879344551805,9.999771957991381,16.95450579273575
10.458333333333334,1.5067986280575818,334.84413956835147,3.971143572030419,3.5984588998479445,9.447206668143897,1.394734190884082,9.494549595779425,7.533993140287908,7.148058429654754,0.0028708216224727573,1.1155222589528628,13.226089335401454,0.697367095442041,579.0725798465871,66.95790484958475,12.725297271269016,9.99977436033879,16.967063028358695
10.466666666666667,1.506659345967652,334.8131879928116,3.970775829033488,3.598126271062084,9.446333283562824,1.3946052674591125,9.493672856437998,7.53329672983826,7.147396492260278,0.0028469975261658778,1.115419144029246,13.224866596987953,0.6973026337295563,579.0191075141535,67.00473023043713,12.734714327430744,9.999776742748422,16.979619103241
10.475,1.5065200774311995,334.7822394291555,3.9704081273557708,3.597793674664667,9.445459985005202,1.3944763565804317,9.492796194975075,7.5326003871559974,7.146734629240387,0.002823371138277435,1.1153160391460468,13.223643979007282,0.6972381782902158,578.9656399315298,67.05155127512411,12.744130513121771,9.99977910538721,16.992174017495703
10.483333333333333,1.5063808224413358,334.7512938758524,3.970040466933125,3.597461110639074,9.444586772419242,1.3943474582416566,9.49191961140905,7.5319041122066785,7.146072840479626,0.0027999408352154544,1.115212944298113,13.222421481386938,0.6971737291208283,578.912177099838,67.09836798413157,12.753545828426729,9.999781448417517,17.004727771235647
10.491666666666667,1.5062415809909542,334.7203513313232,3.96967284769908,3.5971285789681544,9.443713645751462,1.394218572436202,9.49104310575929,7.53120790495477,7.145411125858344,0.0027767049314394274,1.1151098594801279,13.221199104052046,0.697109286218101,578.8587190202592,67.14518035794889,12.762960273430451,9.999783772007895,17.017280364573946
10.5,1.5061023530733166,334.68941179407034,3.9693052695911084,3.5967960796356535,9.442840604951245,1.3940896991578247,9.490166678043503,7.530511765366583,7.144749485263995,0.0027536618463012076,1.1150067846870526,13.219976846931743,0.6970448495789123,578.8052656938733,67.19198839705953,12.77237384821743,9.99978607631641,17.02983179762325
10.508333333333333,1.5059631386816863,334.65847526259694,3.9689377325466833,3.5964636126253144,9.441967649967983,1.3939608384002822,9.48929032827939,7.529815693408431,7.14408791858403,0.0027308099991526324,1.1149037199138474,13.218754709955176,0.6969804192001411,578.75181712176,67.23879210194701,12.781786552872164,9.999788361501123,17.042382070496227
10.516666666666666,1.5058239378093254,334.62754173540566,3.968570236503277,3.5961311779208827,9.441094780751058,1.3938319901573313,9.488414056484663,7.5291196890466265,7.143426425705899,0.0027081478093455447,1.1148006651554736,13.217532693051481,0.6969159950786656,578.6983733049996,67.28559147309483,12.791198387479147,9.999790627720104,17.05493118330554
10.525,1.5056847504494966,334.59661121099924,3.9682027813983622,3.595798775506101,9.44022199724986,1.3937031544227292,9.487537862677023,7.528423752247482,7.1427650065170525,0.002685673696231783,1.1146976204068912,13.216310796149804,0.6968515772113646,578.6449342446716,67.33238651098645,12.80060935212288,9.999792875131416,17.06747913616385
10.533333333333333,1.5055455765955266,334.5656836878948,3.967835367170102,3.5954664053648706,9.439349299414275,1.3935743311902928,9.486661746873883,7.527727882977633,7.142103660906184,0.002663386097486658,1.1145945856631099,13.215089019179985,0.6967871655951464,578.5914999418382,67.37917721610437,12.810019446887795,9.99979510389129,17.080025929183734
10.541666666666666,1.5054064162407252,334.53475916460565,3.967467993756473,3.5951340674810495,9.438476687194056,1.3934455204538223,9.48578570909274,7.527032081203625,7.141442388761652,0.0026412834458855424,1.1144915609191253,13.213867362071678,0.6967227602269112,578.5380703975662,67.4259635889313,12.819428671858345,9.99979731415645,17.0925715624778
10.55,1.5052672693784535,334.50383763965635,3.967100661095999,3.5948017618386183,9.437604160539356,1.3933167222071663,9.48490974935085,7.526336346892267,7.140781189972799,0.002619364188747148,1.1143885461699716,13.212645824755098,0.6966583611035831,578.4846456129084,67.47274562994917,12.828837027118942,9.999799506082164,17.1051160361586
10.558333333333334,1.5051281360022752,334.4729191116167,3.96673336912938,3.5944694884220527,9.436731719401909,1.3931879364443618,9.48403386766456,7.525640680011376,7.140120064432884,0.00259762683120699,1.1142855414108364,13.211424407162673,0.6965939682221809,578.4312255888616,67.51952333963669,12.8382445127538,9.999801679817917,17.11765935033841
10.566666666666666,1.504989016105756,334.4420035790569,3.966366117797313,3.5941372472158273,9.43585936373345,1.3930591631594458,9.483158064050214,7.524945080528779,7.1394590120351635,0.0025760698784005696,1.1141825466369064,13.210203109226828,0.6965295815797229,578.3778103264225,67.56629671847251,12.847651128847144,9.999803835513198,17.130201505129534
10.575,1.5048499096824592,334.4110910405466,3.965998907040496,3.593805038204415,9.434987093485711,1.3929304023464548,9.482282338524149,7.524249548412295,7.138798032672893,0.002554691835463393,1.1140795618433685,13.208981930879995,0.6964652011732274,578.3243998265879,67.61306576693535,12.857056875483194,9.99980597331749,17.142742500644264
10.583333333333334,1.5047108167259498,334.3801814946556,3.965631736799629,3.59347286137229,9.434114908610427,1.392801653999426,9.481406691102714,7.523554083629748,7.138137126239332,0.002533491207530961,1.11397658702541,13.207760872054596,0.696400826999713,578.2709940903545,67.65983048550387,12.866461752746169,9.999808093380285,17.1552823369949
10.591666666666667,1.5045717372298997,334.3492749399777,3.965264607016559,3.5931407167041876,9.433242809060168,1.3926729181124955,9.480531121801762,7.522858686149498,7.137476292629807,0.0025124665303437503,1.113873622178298,13.206539932684235,0.6963364590562477,578.2175931186895,67.70659087465505,12.87586576072019,9.999810195848003,17.167821014293597
10.6,1.504432671187855,334.318371375079,3.9648975176317887,3.5928086041845364,9.432370794786527,1.3925441946796835,9.479655630637723,7.522163355939274,7.13681553173722,0.0024916163037683316,1.1137706672972063,13.205319112701137,0.6962720973398417,578.1641969125948,67.75334693486785,12.885268899489496,9.99981228087066,17.180358532652672
10.608333333333333,1.5042936185935765,334.28747079857254,3.964530468588113,3.592476523798287,9.431498865742762,1.392415483695209,9.478780217626051,7.521468092967882,7.136154843458604,0.002470939088745833,1.113667722377469,13.204098412039865,0.6962077418476045,578.1108054730129,67.80009866661783,12.894671169138126,9.999814348592164,17.192894892184178
10.616666666666667,1.504154579440914,334.256573209092,3.9641634598292814,3.5921444755306022,9.430627021882827,1.3922867851533736,9.477904882781804,7.520772897204569,7.135494227692707,0.0024504334715398364,1.1135647874144867,13.202877830635957,0.6961433925766868,578.0574188008623,67.84684607037912,12.904072569750042,9.999816399153884,17.205430093000068
10.625,1.5040155537237176,334.2256786052706,3.9637964912990427,3.5918124593666474,9.42975526316068,1.3921580990484788,9.477029626120032,7.520077768618588,7.134833684338277,0.0024300980384139377,1.1134618624036607,13.20165736842495,0.6960790495242394,578.0040368970608,67.89358914662581,12.913473101409194,9.999818432697197,17.21796413521227
10.633333333333333,1.5038765414358375,334.1947869857417,3.9634295629411467,3.5914804752915876,9.428883589530273,1.3920294253748255,9.476154447655796,7.519382707179187,7.134173213294064,0.0024099313756317203,1.1133589473403922,13.20043702534238,0.6960147126874128,577.950659762527,67.94032789583207,12.922872764199543,9.999820449363474,17.230497018932734
10.641666666666666,1.5037375425711237,334.16389834913866,3.9630626746993403,3.591148523290588,9.428012000945557,1.3919007641267158,9.475279347404147,7.518687712855618,7.133512814458813,0.0023899320694567698,1.1132560422200823,13.19921680132378,0.6959503820633579,577.897287398179,67.987062318472,12.932271558205045,9.999822449294092,17.243028744273403
10.65,1.5035985571235724,334.1330126941272,3.962695826518935,3.5908166033491646,9.427140497361627,1.3917721152985867,9.474404325379483,7.517992785617861,7.132852487734083,0.0023700987476532884,1.113153147038241,13.197996696306278,0.6958860576492933,577.8439198048947,68.03379241501737,12.941669483509523,9.999824432626273,17.25555931134604
10.658333333333333,1.5034595850869807,334.1021300193291,3.9623290183431186,3.590484715452357,9.42626907873203,1.3916434788846912,9.473529381597093,7.517297925434903,7.132192233017614,0.0023504299816043384,1.1130502617902307,13.19677671022484,0.6958217394423456,577.7905569836067,68.08051818594318,12.95106654019698,9.999826399502878,17.26808872026265
10.666666666666666,1.5033206264554577,334.0712503234351,3.961962250118403,3.590152859585956,9.425397745012726,1.3915148548795706,9.472654516070866,7.516603132277289,7.131532050213126,0.0023309244310211544,1.1129473864716464,13.195556843017815,0.6957574274397853,577.7371989351622,68.12723963171938,12.960462728351136,9.999828350057935,17.280616971134855
10.675,1.5031816812231238,334.0403736051386,3.9615955217914216,3.5898210357357776,9.424526496159773,1.3913862432777766,9.47177972881464,7.515908406115618,7.130871939224559,0.002311580758892482,1.112844521078091,13.19433709462368,0.6956931216388883,577.6838456604049,68.17395675281578,12.969858048055697,9.99983028442515,17.29314406407427
10.683333333333334,1.5030427493840985,334.009499863133,3.9612288333088093,3.589489243887641,9.423655332129222,1.3912576440738613,9.470905019842252,7.515213746920492,7.130211899955857,0.00229239762820708,1.1127416656051687,13.19311746498091,0.6956288220369307,577.630497160179,68.22066954970217,12.979252499394365,9.999832202738217,17.305669999192496
10.691666666666666,1.5029038309325022,333.97862909611166,3.9608621846171985,3.5891574840273637,9.42278425287713,1.3911290572623767,9.470030389167537,7.51451915466251,7.1295519323109575,0.0022733737019536935,1.1126388200484827,13.191897954027983,0.6955645286311883,577.5771534353281,68.26737802284835,12.988646082450847,9.999834105130843,17.318194776601135
10.7,1.5027649258624967,333.947761302777,3.9604955756636677,3.588825756140863,9.421913258359874,1.3910004828379128,9.469155836804147,7.513824629312483,7.128892036194602,0.002254507654902502,1.1125359844036675,13.190678561703823,0.6955002414189564,577.523814486685,68.31408217272345,12.99803879730881,9.999835991735548,17.330718396411754
10.708333333333334,1.5026260341682647,333.91689648183666,3.9601290063955212,3.588494060214109,9.421042348533994,1.3908719207950797,9.468281362765637,7.513130170841323,7.128232211511938,0.002235798167862536,1.1124331586663738,13.189459287947592,0.6954359603975399,577.4704803150762,68.36078199979627,13.007430644051901,9.99983786268425,17.343240858735875
10.716666666666667,1.5024871558439776,333.8860346319951,3.959762476759938,3.5881623962330442,9.420171523355945,1.3907433711284771,9.46740696706561,7.512435779219888,7.127572458167889,0.002217243918360192,1.1123303428322437,13.188240132698322,0.6953716855642386,577.4171509213315,68.40747750453576,13.016821622763777,9.999839718109202,17.355762163685043
10.725,1.5023482908840113,333.85517575200254,3.9593959867062827,3.5878307641841034,9.419300782783763,1.3906148338328939,9.466532649716752,7.511741454420056,7.126912776071309,0.002198843641945412,1.112227536897072,13.187021095897268,0.6953074169164469,577.3638263062247,68.45416868740764,13.026211733527902,9.999841558136843,17.368282311370542
10.733333333333333,1.5022094392827412,333.8243198406092,3.959029536183917,3.5874991640537224,9.418430126775492,1.3904863089031183,9.465658410731749,7.511047196413705,7.12625316513105,0.0021805960741681438,1.112124740856654,13.185802177485689,0.6952431544515592,577.3105064705294,68.5008555488776,13.035600976427743,9.999843382893621,17.380801301903666
10.741666666666667,1.502070601034543,333.7934668965651,3.9586631251422033,3.5871675958283364,9.417559555289174,1.3903577963339395,9.464784250123287,7.510353005172715,7.125593625255966,0.002162499950578331,1.1120219547067842,13.184583377404842,0.6951788981669698,577.2571914150193,68.5475380894113,13.044989351546766,9.99984519250598,17.393319135395696
10.75,1.5019317761337927,333.76261691862067,3.958296753530505,3.5868360594943822,9.416689068282844,1.390229296120146,9.46391016790405,7.509658880668963,7.124934156354909,0.002144554006725928,1.1119191784432585,13.18336469559598,0.695114648060073,577.2038811404681,68.59421630947448,13.05437685896843,9.999846987100366,17.405835811957918
10.758333333333333,1.5017929645750001,333.7317699055556,3.957930421299622,3.58650455503862,9.415818665715593,1.390100808256651,9.463036164086118,7.508964822875,7.12427475833932,0.002126757016390117,1.1118164120619722,13.18214613200183,0.6950504041283255,577.1505756476123,68.64089020953061,13.063763498776076,9.9998487667994,17.418351331701444
10.766666666666666,1.5016541663524634,333.700925856103,3.957564128398088,3.5861730824472997,9.414948347544858,1.3899723327381717,9.462162238682524,7.508270831762316,7.1236154311165585,0.002109107693056049,1.1117136555586629,13.1809276865628,0.6949861663690858,577.0972749372471,68.68755979004666,13.073149271053243,9.999850531731733,17.430865694737665
10.775,1.5015153814606623,333.6700847690361,3.957197874776376,3.585841641707106,9.414078113729486,1.3898438695595932,9.461288391705484,7.507576907303311,7.122956174597477,0.0020916048018530327,1.1116109089292028,13.17970935922128,0.6949219347797966,577.0439790101175,68.73422505148666,13.0825341758833,9.999852282020852,17.44337890117774
10.783333333333333,1.5013766098942423,333.639246643165,3.9568316603867304,3.5855102328051274,9.413207964229615,1.3897154187159542,9.46041462316647,7.50688304947121,7.122296988696115,0.0020742471548939345,1.1115081721695894,13.178491149921461,0.6948577093579771,576.990687866923,68.78088599431193,13.091918213349448,9.999854017785548,17.455890951132606
10.791666666666666,1.5012378516478486,333.60841147729974,3.9564654851813916,3.585178855728452,9.412337899005383,1.389586980202293,9.459540933076953,7.506189258239242,7.121637873326505,0.0020570335642916097,1.1114054452758202,13.177273058607536,0.6947934901011465,576.9374015083633,68.82754261898383,13.101301383534901,9.999855739144609,17.46840184471321
10.8,1.5010991067161266,333.57757927025034,3.956099349112602,3.5848475104641673,9.411467918016927,1.3894585540136488,9.458667321448399,7.505495533580632,7.120978828402683,0.0020399628421589144,1.1113027282438919,13.176055085223696,0.6947292770068244,576.8841199351378,68.8741949259637,13.110683686522865,9.999857446216822,17.480911582030494
10.808333333333334,1.5009603750937215,333.54675002082706,3.9557332521326027,3.5845161969993615,9.410598021224382,1.38933014014506,9.457793788292284,7.504801875468607,7.120319853838685,0.0020230338006087143,1.111200021069802,13.174837229714134,0.69466507007253,576.8308431479464,68.9208429157129,13.120065122396545,9.999859139120977,17.4934201631954
10.816666666666666,1.5008216567752788,333.5159237278398,3.955367194193637,3.584184915321122,9.409728208587884,1.3892017385915651,9.456920333620076,7.504108283876394,7.119660949548547,0.0020062452517538654,1.1110973237495478,13.173619492023036,0.6946008692957826,576.7775711474884,68.96748658869274,13.129445691239152,9.999860817975863,17.505927588318876
10.825,1.500682951755568,333.48510039012626,3.9550011752492704,3.5838536654168367,9.408858480068535,1.3890733493483183,9.456046957442686,7.50341475877784,7.119002115448687,0.0019895960429191692,1.1109946362792193,13.172401872095948,0.6945366746741591,576.7243039344294,69.01412594536257,13.13882539313377,9.999862482896747,17.5184338575117
10.833333333333334,1.5005442600292105,333.4542800064913,3.95463519525149,3.583522447273535,9.407988835626286,1.3889449724103353,9.45517365977169,7.502721300146052,7.118343351452682,0.0019730849794456326,1.1108919586547958,13.1711843698768,0.6944724862051677,576.6710415094753,69.06076098618415,13.148204228163635,9.999864134003094,17.530938970884854
10.841666666666667,1.5004055815909556,333.4234625757679,3.9542692541536546,3.583191260878557,9.407119275222087,1.388816607772752,9.454300440618091,7.502027907954778,7.117684657476579,0.00195671090314119,1.1107892908723527,13.169966985310921,0.694408303886376,576.6177838732974,69.1073917116171,13.157582196411852,9.999865771410724,17.54344292854914
10.85,1.5002669164357203,333.39264809682675,3.9539033519109,3.5828601062196475,9.406249798818182,1.3886882554308584,9.453427299992137,7.501334582178601,7.11702603343962,0.0019404727030672875,1.1106866329280907,13.168749718345454,0.6943441277154292,576.5645310265205,69.15401812211839,13.166959297961368,9.999867395230732,17.555945730615164
10.858333333333333,1.5001282645584209,333.36183656853797,3.9535374884783625,3.5825289832845475,9.405380406376812,1.388559915379944,9.452554237904078,7.500641322792104,7.1163674792610525,0.0019243692682853742,1.1105839848182097,13.167532568927538,0.694279957689972,576.5112829697697,69.20064021814498,13.176335532895127,9.99986900557421,17.568447377193507
10.866666666666667,1.4999896259539733,333.3310279897718,3.953171663811177,3.582197892061002,9.404511097860224,1.388431587615299,9.451681254364164,7.499948129769867,7.115708994860118,0.0019083994878568958,1.1104813465389105,13.166315537004312,0.6942157938076495,576.4580397036704,69.24725800015385,13.185710901296078,9.999870602552253,17.580947868394777
10.875,1.4998510006172947,333.3002223593988,3.9528058778644795,3.5818668325367518,9.40364187323066,1.3883032721322135,9.450808349382642,7.499255003086473,7.115050580156063,0.0018925622508433088,1.110378718086393,13.165098622522923,0.6941516360661067,576.4048012288474,69.2938714686019,13.195085403247164,9.999872186275953,17.593447204329557
10.883333333333333,1.499712388543301,333.26941967628915,3.952440130593406,3.581535804699542,9.402772732450364,1.3881749689259772,9.449935522969767,7.4985619427165044,7.114392235068131,0.0018768564463060588,1.110276099456858,13.163881825430508,0.6940874844629886,576.3515675459261,69.34048062394615,13.20445903883133,9.999873756856408,17.605945385108445
10.891666666666666,1.4995737897270174,333.23861993933724,3.9520744219542534,3.581204808537378,9.401903675482423,1.3880466779919807,9.449062775135292,7.4978689486350865,7.113733959517656,0.0018612809941678983,1.1101734906465872,13.162665145675392,0.6940233389959903,576.2983386555015,69.38708546664174,13.213831808131415,9.99987531440162,17.61844241084189
10.9,1.4994352041633503,333.20782314741126,3.9517087519020513,3.5808738440379795,9.401034702289008,1.3879183993255044,9.448190105889518,7.497176020816751,7.113075753423693,0.0018458347806729236,1.1100708916517736,13.16144858320461,0.6939591996627522,576.2451145582017,69.43368599714583,13.223203711230378,9.99987685902297,17.630938281640507
10.908333333333333,1.4992966318472998,333.1770292993999,3.951343120392827,3.58054291118929,9.400165812833006,1.387790132921916,9.447317515242316,7.496483159236498,7.112417616707089,0.001830516718579656,1.10996830246868,13.160232137966208,0.693895066460958,576.1918952546289,69.48028221591399,13.23257474821108,9.99987839082918,17.643432997614777
10.916666666666666,1.4991580727740355,333.1462383942301,3.950977527384422,3.5802120099796673,9.399297007078635,1.38766187877674,9.446445003202795,7.495790363870177,7.11175954929196,0.0018153257689135793,1.1098657230936968,13.15901580991009,0.69383093938837,576.1386807453385,69.52687412339908,13.24194491915622,9.999879909924147,17.655926558874963
10.925,1.4990195269387274,333.1154504308283,3.9506119728346794,3.579881140397466,9.398428284990109,1.3875336368855016,9.445572569780063,7.495097634693637,7.111101551102423,0.0018002608927001776,1.1097631535232144,13.157799598986152,0.6937668184427508,576.0854710308861,69.57346172005394,13.251314224148496,9.999881416411768,17.668418965531334
10.933333333333334,1.4988809943365458,333.0846654081213,3.950246456701442,3.5795503024310436,9.397559646531644,1.3874054072437252,9.44470021498323,7.494404971682728,7.110443622062595,0.0017853210509649446,1.1096605937536235,13.1565835051443,0.6937027036218626,576.0322661118272,69.62004500633138,13.260682663270602,9.999882910395941,17.68091021769414
10.941666666666666,1.4987424749626603,333.05388332503566,3.949880978942551,3.5792194960687556,9.39669109166745,1.387277189846936,9.4438279388214,7.493712374813301,7.109785762096592,0.0017705052047333643,1.1095580437813142,13.155367528334429,0.693638594923468,575.9790659887173,69.66662398268426,13.270050236605236,9.999884391980565,17.693400315473653
10.95,1.498603968812241,333.02310418049797,3.9495155395158497,3.578888721298958,9.395822620361747,1.3871489846906588,9.442955741303688,7.493019844061204,7.10912797112853,0.001755812315030924,1.109455503602677,13.154151668506444,0.6935744923453294,575.925870662112,69.71319864956538,13.279416944235093,9.999885861269535,17.70588925898013
10.958333333333334,1.4984654758805522,332.99232797345604,3.949150138380192,3.578557978110237,9.394954232579481,1.3870207917705062,9.442083622438771,7.492327379402761,7.108470249084346,0.0017412413697844376,1.1093529732141734,13.152935925611272,0.6935103958852531,575.8726801325406,69.75976900742609,13.28878278624278,9.99988731836406,17.71837704832371
10.966666666666667,1.4983269961627677,332.9615547028373,3.94878477549345,3.5782272664909542,9.394085928284891,1.386892611082006,9.441211582235745,7.491634980813838,7.107812595888211,0.0017267913308128648,1.1092504526121958,13.151720299598848,0.693446305541003,575.8194944005581,69.8063350567191,13.298147762710986,9.999888763367958,17.73086368361465
10.975,1.4981885296541206,332.93078436758236,3.9484194508141526,3.577896586429622,9.393217707442693,1.3867644426207424,9.440339620703433,7.490942648270603,7.1071550114654745,0.0017124611773782208,1.1091479417931829,13.150504790419768,0.6933822213103712,575.7663134667024,69.85289679789626,13.307511873722346,9.999890196383301,17.74334916496313
10.983333333333333,1.4980500763500186,332.9000169666708,3.9480541643026728,3.5775659379151707,9.392349570018942,1.3866362863824602,9.439467737849874,7.4902503817500925,7.1064974957448115,0.001698249937808366,1.109045440753703,13.149289398026518,0.6933181431912301,575.7131373314638,69.89945423140652,13.316875119359324,9.999891617507258,17.755833492479102
10.991666666666667,1.4979116362458686,332.8692524990819,3.947688915919385,3.5772353209365293,9.391481515979695,1.386508142362904,9.438595933683109,7.489558181229343,7.105840048654893,0.0016841566404311584,1.108942949490324,13.148074122371574,0.693254071181452,575.6599659953329,69.94600735769885,13.326237499704376,9.999893026836995,17.768316666272508
11.0,1.4977732093370781,332.83849096379515,3.947323705624663,3.576904735482627,9.390613545291016,1.3863800105578188,9.437724208211181,7.4888660466853905,7.105182670124393,0.0016701803135744646,1.1088404679996144,13.146858963407421,0.6931900052789094,575.6067994588,69.99255617722218,13.335599014839966,9.99989442446968,17.78079868645329
11.008333333333333,1.497634795619054,332.8077323597898,3.94695853337888,3.5765741815423944,9.389745657918958,1.3862518909629489,9.43685256144213,7.48817397809527,7.104525360081984,0.0016563199855661424,1.1087379962781423,13.14564392108654,0.6931259454814744,575.5536377223556,70.0391006904255,13.344959664848549,9.999895810502482,17.793279553131406
11.016666666666666,1.4974963950872036,332.77697668604526,3.9465933991424107,3.576243659104761,9.38887785382958,1.386123783574039,9.435980993384002,7.487481975436017,7.103868118456339,0.0016425746847340524,1.1086355343224759,13.14442899536141,0.6930618917870195,575.5004807864902,70.08564089775776,13.35431944981259,9.999897185032564,17.80575926641679
11.025,1.4973580077370159,332.7462239415591,3.9462283028765044,3.5759131681588547,9.388010132989578,1.3859956883869105,9.435109504044462,7.486790038685079,7.103210945177708,0.0016289434627042873,1.108533082129245,13.143214186185409,0.6929978441934552,575.4473286516718,70.13217679966657,13.363678369814464,9.999898548154768,17.81823782641929
11.033333333333333,1.4972196335639125,332.7154741253139,3.9458632445416892,3.5755827086936405,9.387142495365124,1.385867605397321,9.434238093431492,7.486098167819562,7.102553840175041,0.0016154253518902925,1.1084306396950285,13.141999493511173,0.6929338026986605,575.3941813183867,70.17870839660065,13.373036424936615,9.99989989996585,17.830715233248824
11.041666666666666,1.497081272563347,332.6847272362994,3.945498224098838,3.5752522806981606,9.386274940922638,1.3857395346010581,9.433366761552922,7.485406362816735,7.101896803377908,0.0016020193938933115,1.1083282070164298,13.140784917291693,0.6928697673005291,575.3410387871127,70.22523568900822,13.38239361526146,9.99990124056165,17.843191487015282
11.05,1.4969429247309494,332.6539832735443,3.9451332415106917,3.5749218841618813,9.385407469629904,1.385611475994073,9.432495508415792,7.484714623654746,7.101239834719245,0.0015887246799838827,1.1082257840901832,13.139570457481865,0.6928057379970365,575.2879010582792,70.2717586773346,13.391749940871234,9.99990257003304,17.855666587828317
11.058333333333334,1.4968045900623477,332.62324223607726,3.9447682967399924,3.574591519074269,9.384540081454702,1.3854834295723153,9.431624334027154,7.484022950311738,7.100582934131986,0.0015755403014325537,1.1081233709130234,13.138356114036583,0.6927417147861576,575.2347681323162,70.3182773620251,13.401105401848172,9.999903888470895,17.868140535797565
11.066666666666666,1.4966662685531713,332.592504122927,3.9444033897494806,3.5742611854247897,9.383672776364817,1.385355395331736,9.430753238394045,7.483331342765856,7.099926101549065,0.0015624653495098628,1.1080209674816848,13.137141886910744,0.692677697665868,575.1816400096528,70.36479174352503,13.410459998274506,9.999905195966088,17.880613331032677
11.075,1.4965279601990495,332.5617689331222,3.9440385205018984,3.5739308832029097,9.382805554328032,1.385227373268285,9.429882221523512,7.482639800995248,7.099269336903418,0.001549498915486352,1.107918573792902,13.135927776059244,0.6926136866341425,575.128516690719,70.41130182227973,13.419813730232475,9.99990649260949,17.8930849736433
11.083333333333334,1.4963896649956112,332.5310366656914,3.9436736889599873,3.573600612398095,9.381938415312128,1.3850993633779127,9.4290112834226,7.481948324978055,7.098612640127977,0.0015366400906325598,1.1078161898434093,13.134713781436977,0.6925496816889564,575.0753981759444,70.4578075987345,13.429166597804313,9.999907778491975,17.905555463739088
11.091666666666667,1.4962513829385555,332.50030731967905,3.9433088950872413,3.5732703729999833,9.381071359285436,1.3849713656566351,9.428140424098036,7.481256914692778,7.097956011157034,0.0015238879862402915,1.1077138156299948,13.133499902999608,0.6924856828283176,575.0222844657392,70.5043090733335,13.438518601072179,9.999909053702414,17.918024801429578
11.1,1.4961131140235375,332.4695808941194,3.9429441388466686,3.5729401649980996,9.380204386215933,1.3848433801004256,9.427269643556748,7.480565570117687,7.097299449924003,0.0015112417006620566,1.1076114511494108,13.132286140702305,0.6924216900502128,574.9691755605261,70.55080624652166,13.447869740118287,9.999910318330972,17.930492986824387
11.108333333333333,1.4959748582462158,332.438857388048,3.94257942020134,3.5726099883819855,9.379337496071642,1.3847154067052632,9.426398941805644,7.479874291231079,7.096642956362412,0.0014987003339387965,1.1075090963984155,13.131072494500298,0.6923577033526316,574.9160714607262,70.59729911874376,13.45722001502484,9.999911572467644,17.942960020033123
11.116666666666667,1.4958366156024279,332.4081368005395,3.942214739116211,3.57227984314161,9.37847068882196,1.3845874454672904,9.425528318850835,7.479183078012139,7.09598653040918,0.0014862630362064491,1.107406751373899,13.129858964350744,0.6922937227336452,574.8629721667124,70.64378769044174,13.46656942587386,9.999912816197417,17.955425901165153
11.125,1.49569838608801,332.37741913066884,3.941850095556238,3.57194972926694,9.37760396443628,1.3844594963826504,9.424657774698433,7.4784919304400495,7.095330172001229,0.0014739289576009608,1.1073044160727514,13.128645550210793,0.6922297481913252,574.8098776788574,70.69027196205745,13.475917972747368,9.999914049605279,17.967890630329826
11.133333333333333,1.4955601696987988,332.34670437751083,3.941485489486377,3.571619646747944,9.376737322884,1.3843315594474856,9.423787309354548,7.4778008484939935,7.094673881075479,0.0014616972482582693,1.1072020904918627,13.1274322520376,0.6921657797237428,574.7567879975339,70.73675193403281,13.485265655727382,9.999915272776212,17.980354207636513
11.141666666666666,1.495421966430631,332.3159925401402,3.9411209208715827,3.5712895955745902,9.375870764134516,1.3842036346579387,9.422916922825294,7.477109832153155,7.094017657568849,0.0014495670583143153,1.107099774628123,13.126219069788322,0.6921018173289694,574.7037031231147,70.7832276068097,13.494612474895924,9.999916485795207,17.99281663319457
11.15,1.4952837762793432,332.2852836176318,3.9407563896768116,3.570959575736847,9.375004288157223,1.3840757220101523,9.42204661511678,7.476418881396715,7.093361501418261,0.0014375375379050372,1.1069974684784225,13.125006003420111,0.6920378610050761,574.6506230559725,70.82969898083005,13.503958430335018,9.999917688747248,18.00527790711336
11.158333333333333,1.495145599240832,332.2545776090738,3.940391895867661,3.570629587224826,9.374137894921981,1.3839478215003251,9.42117638623485,7.47572799620416,7.09270541256179,0.0014256078542087675,1.106895172039696,13.123793052890774,0.6919739107501626,574.5975477964635,70.8761660565347,13.513303522126616,9.999918881715617,18.017738029502155
11.166666666666666,1.4950074353109686,332.22387451354854,3.940027439409454,3.570299630028581,9.37327158439846,1.383819933124632,9.420306236185459,7.475037176554842,7.092049390937017,0.0014137771671652595,1.1067928853088602,13.122580218157843,0.691909966562316,574.5444773449511,70.92262883436501,13.522647750352705,9.999920064784321,18.030197000470277
11.175,1.4948692844856057,332.1931743301346,3.939663020267324,3.5699697041381193,9.37240535655618,1.3836920568792304,9.419436164974643,7.474346422428028,7.091393436481184,0.0014020446316034408,1.106690608282817,13.121367499178652,0.6918460284396152,574.4914117018035,70.96908731476262,13.531991115095295,9.999921238037878,18.042654820127062
11.183333333333334,1.494731146760775,332.16247705795,3.9392986384082973,3.5696398095438786,9.371539211366047,1.3835641927604434,9.418566172607646,7.473655733803874,7.090737549134936,0.0013904094527114916,1.1065883409586024,13.120154895912465,0.6917820963802217,574.4383508673403,71.01554149816617,13.541333616436196,9.999922401555766,18.055111488581595
11.191666666666666,1.494593022132506,332.1317826961125,3.938934293799401,3.569309946236295,9.370673148798966,1.3834363407645935,9.417696259089702,7.47296511066253,7.090081728838922,0.0013788708356775843,1.1064860833332515,13.118942408318553,0.6917181703822968,574.385294841881,71.06199138501434,13.550675254457225,9.999923555417471,18.06756700594297
11.2,1.4944549105968308,332.1010912437402,3.9385699864076615,3.568980114205808,9.369807168825842,1.3833085008880037,9.416826424426056,7.472274552984153,7.089425975533791,0.001367427985689894,1.1063838354038005,13.117730036356178,0.6916542504440019,574.3322436257451,71.10843697574582,13.560016029240202,9.999924699702468,18.08002137232027
11.208333333333334,1.4943168121497794,332.07040269995093,3.9382057162001063,3.568650313442854,9.36894127141758,1.3831806731269967,9.415956668621943,7.471584060748897,7.088770289160191,0.001356080107936593,1.1062815971672848,13.11651777998461,0.6915903365634983,574.2791972192523,71.15487827079927,13.569355940866945,9.999925834490245,18.092474587822597
11.216666666666667,1.494178726787383,332.0397170638629,3.937841483143761,3.5683205439378707,9.368075456545082,1.3830528574778949,9.415086991682607,7.470893633936914,7.08811466965877,0.0013448264076058615,1.10617936862074,13.115305639163115,0.6915264287389474,574.2261556227222,71.20131527061338,13.578694989419267,9.999926959860277,18.104926652559023
11.225,1.4940406545057223,332.009034334605,3.937477287206193,3.567990805681419,9.367209724179649,1.3829250539370679,9.41421739361306,7.470203272528611,7.087459116971147,0.0013336661042219725,1.1060771497612398,13.114093613851507,0.6914625269685339,574.1731188364605,71.24774797562594,13.588033174978928,9.999928075890615,18.11737756663857
11.233333333333333,1.493902595300872,331.97835451130493,3.9371131283548904,3.567661098664039,9.36634407429252,1.3827972625008786,9.413347874418344,7.46951297650436,7.086803631038803,0.0013225984152437531,1.105974940585852,13.112881704009528,0.6913986312504393,574.1200868607748,71.29417638627494,13.597370497627704,9.999929182659514,18.129827330170272
11.241666666666667,1.493764549168866,331.9476775930813,3.9367490065569175,3.5673314228761788,9.365478506854629,1.382669483165653,9.412478434103686,7.46882274584433,7.086148211802452,0.0013116225468683962,1.1058727410916154,13.111669909596479,0.6913347415828265,574.0670596959839,71.340600502999,13.606706957447408,9.999930280246351,18.14227594326321
11.25,1.493626516105917,331.9170035790927,3.9363849217812383,3.5670017783087142,9.36461302183829,1.382541715927882,9.411609072673512,7.468132580529585,7.085492859206229,0.001300737755770159,1.1057705512757015,13.110458230573606,0.691270857963941,574.0140373423575,71.38702032623372,13.61604255451966,9.999931368725461,18.154723406026214
11.258333333333333,1.4934884961082373,331.8863324684972,3.936020873996817,3.5666721649525215,9.363747619215824,1.3824139607840569,9.410739790132244,7.4674424805411865,7.084837573194271,0.0012899432986232917,1.1056683711352817,13.109246666902152,0.6912069803920284,573.9610198001656,71.43343585641479,13.625377288926083,9.999932448171176,18.16716971856811
11.266666666666666,1.4933504891720393,331.8556642604531,3.9356568631726176,3.5663425827984794,9.36288229895954,1.3822862177306683,9.409870586484308,7.466752445860196,7.084182353710712,0.0012792384321020467,1.1055662006675286,13.108035218543357,0.6911431088653341,573.908007069678,71.47984709397782,13.6347111607483,9.999933518657828,18.179614880997732
11.275,1.4932124952935357,331.82499895411905,3.935292889277603,3.5660130318374628,9.362017061041762,1.3821584867642076,9.40900146173413,7.466062476467678,7.0835272006996854,0.0012686224128806744,1.1054640398696134,13.106823885458466,0.6910792433821038,573.8549991511646,71.52625403935848,13.644044170067932,9.99993458025975,18.19205889342391
11.283333333333333,1.4930745144689386,331.794336548653,3.9349289522807376,3.565683512060349,9.3611519054348,1.3820307678811656,9.408132415886133,7.465372572344692,7.082872114105328,0.0012580944976334318,1.1053618887387082,13.105612667608721,0.6910153839405828,573.8019960448953,71.57265669299237,13.653376316966598,9.999935633051274,18.204501755955466
11.291666666666666,1.4929365466945024,331.76367704322274,3.934565052151432,3.565354023458117,9.360286832111301,1.3819030610780725,9.407263448944555,7.464682733472511,7.082217093872578,0.0012476539549137076,1.1052597472720163,13.104401564955822,0.6909515305390362,573.7489977511284,71.61905505531445,13.662707601525879,9.999936677105547,18.21694346870117
11.3,1.4927985919664906,331.73302043699795,3.934201188859197,3.565024566021766,9.359421841043977,1.3817753663514667,9.406394560913592,7.463992959832452,7.081562139946555,0.0012373000558962924,1.1051576154667475,13.103190577461566,0.6908876831757333,573.6960042701199,71.66544912675951,13.672038023827339,9.999937712495448,18.229384031769786
11.308333333333334,1.4926606502811075,331.70236672913506,3.9338373623729077,3.5646951397421542,9.35855693220508,1.3816476836978315,9.405525751797702,7.463303251405537,7.080907252271234,0.0012270320549440752,1.1050554933200678,13.10197970508711,0.6908238418489158,573.6430156021419,71.71183890776332,13.681367583952609,9.999938739295544,18.241823445270146
11.316666666666666,1.4925227216347356,331.67171591883016,3.93347357266334,3.5643657446105683,9.357692105568248,1.3815200131138154,9.404657021600553,7.462613608173678,7.080252430794013,0.0012168492568822348,1.1049533808292762,13.100768947795546,0.6907600065569077,573.5900317474177,71.75822439875868,13.690696281983126,9.99993975757535,18.254261709310835
11.325,1.4923848060237574,331.6410680052794,3.9331098197012704,3.5640363806182958,9.356827361107117,1.381392354596067,9.403788370325804,7.461924030118786,7.079597675462287,0.0012067509665359517,1.1048512779916717,13.099558305549962,0.6906961772980335,573.5370527061708,71.80460560017838,13.700024118000327,9.999940767404384,18.266698824000436
11.333333333333334,1.492246903444555,331.6104229876788,3.932746103457473,3.5637070477566253,9.355962698795324,1.3812647081412348,9.402919797977122,7.461234517222774,7.078942986223452,0.0011967364887304041,1.1047491848045539,13.098347778313451,0.6906323540706174,573.4840784786246,71.8509825124552,13.70935109208565,9.999941768852166,18.279134789447532
11.341666666666667,1.4921090138935107,331.5797808652246,3.932382423902725,3.5633777460168434,9.355098118606504,1.3811370737459676,9.402051304558166,7.460545069467553,7.078288363024905,0.0011868051282907775,1.1046471012652215,13.097137366049106,0.6905685368729838,573.4311090650025,71.89735513602191,13.718677204320525,9.999942761988208,18.2915696057607
11.35,1.4919711373670073,331.5491416371127,3.9320187810078004,3.563048475390239,9.354233620514298,1.381009451406914,9.401182890072599,7.459855686835036,7.077633805814041,0.0011769561900422498,1.104545027370974,13.095927068720018,0.690504725703457,573.3781444655278,71.94372347131133,13.72800245478639,9.999943746882034,18.30400327304852
11.358333333333333,1.491833273861461,331.51850530254694,3.9316551747438395,3.562719235868182,9.353369204492607,1.3808818411207542,9.400314554523938,7.4591663693073045,7.076979314538911,0.0011671889884602926,1.1044429631191364,13.094716886289648,0.6904409205603771,573.325184680415,71.99008751875563,13.737326843564643,9.999944723602193,18.316435791419526
11.366666666666667,1.4916954233733124,331.48787186073605,3.931291605082238,3.5623900274420994,9.352504870515515,1.38075424288419,9.399446297915576,7.458477116866561,7.076324889148029,0.0011575028448802796,1.1043409085070508,13.093506818721721,0.690377121442095,573.272229709871,72.03644727878664,13.74665037073666,9.99994569221655,18.328867160982213
11.375,1.4915575858989252,331.4572413108723,3.9309280719935726,3.5620608501032356,9.351640618556521,1.380626656693853,9.398578120251267,7.457787929494625,7.075670529588431,0.001147897058831472,1.104238863532003,13.09229686597913,0.6903133283469265,573.2192795541248,72.08280275183746,13.755973036383892,9.999946652795154,18.34129738184519
11.383333333333333,1.4914197614348408,331.42661365218686,3.9305645754503127,3.561731703843262,9.350776448590494,1.3804990825465395,9.397710021533957,7.457098807174203,7.075016235810563,0.0011383709801708701,1.1041368281914112,13.09108702802669,0.6902495412732698,573.1663342133561,72.1291539383382,13.765294840587602,9.99994760540302,18.353726454116803
11.391666666666666,1.4912819499776004,331.39598888391123,3.9302011154249294,3.5614025886538503,9.349912360592304,1.380371520439045,9.3968420017666,7.456409749888001,7.074362007764873,0.0011289239587554767,1.1040348024826936,13.089877304829225,0.6901857602195225,573.113393687745,72.17550083871896,13.774615783429049,9.999948550105163,18.366154377905396
11.4,1.4911441515237454,331.36536700527677,3.929837691889892,3.5610735045266733,9.349048354536826,1.3802439703681655,9.395974060952145,7.455720757618726,7.073707845401806,0.0011195553444422923,1.1039327864032686,13.088667696351555,0.6901219851840827,573.0604579774714,72.22184345340983,13.783935864989488,9.999949486966594,18.378581153319317
11.408333333333333,1.4910063660698172,331.33474801551495,3.929474304817671,3.5607444514534015,9.34818443039893,1.380116432330697,9.395106199093547,7.4550318303490855,7.073053748671808,0.0011102644870883236,1.1038307799505545,13.087458202558501,0.6900582161653485,573.0075270827155,72.2681817828409,13.793255085350179,9.999950416052329,18.391006780466903
11.416666666666666,1.4908685936123574,331.30413191385725,3.9291109541807367,3.5604154294257095,9.34732058815349,1.3799889063234352,9.394238416193753,7.454342968061786,7.072399717525326,0.001101050736550571,1.10372878312197,13.086248823414886,0.6899944531617176,572.954601003657,72.31451582744226,13.802573444592378,9.999951337427383,18.403431259456504
11.425,1.4907308341479337,331.2735186995409,3.9287476399518457,3.5600864384353326,9.346456827775587,1.3798613923432006,9.393370712255592,7.453654170739668,7.071745751913323,0.0010919134503162432,1.103626795914953,13.085039558885821,0.6899306961716003,572.9016797404686,72.3608455876436,13.811890942797316,9.999952251156007,18.415854590396425
11.433333333333334,1.4905930876731528,331.2429083718118,3.9283843621041576,3.5597574784740993,9.345593149240596,1.37973389038685,9.392503087281732,7.452965438365763,7.071091851787484,0.00108285199655746,1.1035248183269708,13.083830408936834,0.689866945193425,572.8487632933128,72.40717106387385,13.821207580046176,9.999953157301382,18.428276773394902
11.441666666666666,1.4904553541845276,331.212300929895,3.9280211206098428,3.559428549533614,9.34472955252317,1.3796064004511523,9.391635541275244,7.452276770922637,7.070438017097717,0.0010738657171607828,1.1034228503554204,13.082621373532437,0.6898032002255762,572.7958516623771,72.45349225656364,13.830523356420247,9.999954055929322,18.440697808560333
11.45,1.4903176336787483,331.1816963730552,3.927657915442956,3.5590996516059095,9.343866037599335,1.379478922533042,9.390768074238414,7.451588168393741,7.069784247797321,0.001064954004097979,1.103320891997832,13.08141245263907,0.689739461266521,572.7429448478009,72.49980916614052,13.839838272000623,9.999954947100628,18.45311769600083
11.458333333333334,1.4901799261525048,331.1510947005566,3.927294746577552,3.558770784683016,9.343002604445124,1.3793514566294525,9.38990068617353,7.450899630762524,7.069130543839594,0.0010561162493408134,1.103218943251735,13.080203646223172,0.6896757283147262,572.6900428497236,72.54612179303209,13.849152326868392,9.999955830876104,18.465536435824525
11.466666666666667,1.4900422316024875,331.12049591166385,3.926931613987686,3.558441948756966,9.342139253036558,1.3792240027373175,9.389033377082875,7.450211158012437,7.068476905177835,0.001047351844861057,1.1031170041146594,13.078994954251181,0.6896120013686587,572.6371456682846,72.59243013766586,13.858465521104637,9.999956707316551,18.477954028139518
11.475,1.4899045500253862,331.08990000564137,3.926568517647413,3.558113143819791,9.34127598334967,1.379096560853571,9.388166146968736,7.449522750126931,7.067823331765344,0.0010386601826304744,1.1030150745841352,13.077786376689538,0.6895482804267855,572.5842533036232,72.63873420046941,13.867777854790452,9.999957576482775,18.490370473053936
11.483333333333333,1.4897668814178915,331.0593069817537,3.926205457530788,3.5577843698635228,9.340412795360486,1.3789691309751464,9.387298995833397,7.448834407089457,7.067169823555418,0.001030040654620833,1.102913154657692,13.076577913504678,0.6894845654875732,572.5313657558789,72.68503398187033,13.877089328006921,9.999958438435575,18.502785770675896
11.491666666666667,1.4896292257767136,331.02871683926975,3.925842433612084,3.557455626880243,9.339549689045192,1.3788417130989967,9.386431923679053,7.448146128883567,7.066516380501751,0.0010214926586051278,1.1028112443328753,13.075369564663267,0.6894208565494984,572.4784830251855,72.73132948229583,13.886399940835112,9.999959293235177,18.51519992111348
11.5,1.489491583098613,330.9981295774695,3.9254794458661064,3.557126914862153,9.338686664380363,1.3787143072221206,9.385564930507675,7.4474579154930645,7.0658630025589915,0.0010130156064848087,1.1027093436072675,13.074161330132508,0.6893571536110603,572.4256051116631,72.77762070217224,13.895709693356025,9.999960140940388,18.527612924474703
11.508333333333333,1.4893539533802431,330.9675451956096,3.9251164942665198,3.5567982338011963,9.337823721341746,1.3785869133414184,9.384698016321712,7.446769766901215,7.065209689679736,0.0010046088798727566,1.1026074524783709,13.072953209878444,0.6892934566707092,572.3727320154612,72.82390764192779,13.9050185856508,9.99996098161305,18.540024780867732
11.516666666666666,1.4892163366184337,330.9369636929853,3.924753578788862,3.5564695836897413,9.336960859906446,1.3784595314539525,9.383831181122824,7.446081683092168,7.064556441819952,0.0009962719101274055,1.1025055709438198,13.071745203869023,0.6892297657269763,572.3198637366811,72.87019030198763,13.91432661780036,9.999961815310025,18.55243549040048
11.525,1.4890787328100137,330.90638506889195,3.9243906994086704,3.556140964520156,9.33609808005157,1.3783321615567858,9.382964424912679,7.4453936640500675,7.063903258935607,0.0009880041286071876,1.1024036990012482,13.070537312072199,0.6891660807783929,572.2670002754243,72.91646868277698,13.923633789885631,9.999962642088176,18.564845053180843
11.533333333333333,1.4889411419518122,330.87580932262495,3.9240278561014823,3.5558123762848077,9.335235381754234,1.3782048036469812,9.382097747692937,7.44470570975906,7.063250140982668,0.0009798049666705406,1.1023018366482904,13.069329534455928,0.6891024018234906,572.2141416317922,72.96274278472097,13.932940101987539,9.99996346200437,18.577253469316716
11.541666666666666,1.4888035640406587,330.84523645347974,3.9236650488428344,3.555483818976066,9.334372764991542,1.3780774577216013,9.381231149465261,7.444017820203293,7.062597087917102,0.0009716738556758966,1.1021999838825804,13.068121870988158,0.6890387288608006,572.1612878058863,73.00901260824482,13.942245554187005,9.99996427511547,18.58966073891601
11.55,1.4886659990733826,330.8146664607517,3.923302277608265,3.5551552925862993,9.333510229740604,1.3779501237777085,9.380364630231318,7.443329995366913,7.061944099694877,0.0009636102269816882,1.1020981407017527,13.066914321636844,0.6889750618888543,572.108438797808,73.05527815377367,13.951550146564964,9.999965081478338,18.602066862086616
11.558333333333334,1.4885284470468276,330.78409934373946,3.922939542373467,3.55482679710791,9.332647775978641,1.3778228018123797,9.3794981899927,7.442642235234138,7.061291176272241,0.0009556135160935834,1.1019963071034522,13.065706886370098,0.6889114009061899,572.0555946076548,73.10153942173247,13.960853879202315,9.999965881149427,18.61447183893642
11.566666666666666,1.488390907957899,330.75353510175535,3.9225768431147823,3.55449833253345,9.331785403683352,1.3776954918227469,9.378631828750738,7.441954539789494,7.0606383176066085,0.0009476831757372795,1.1018944830853694,13.064499565156693,0.6888477459113734,572.0027552355075,73.14779641254508,13.970156752179895,9.999966674183463,18.62687566957319
11.575,1.4882533818033812,330.7229737340848,3.922214179807278,3.55416989885518,9.3309231128315,1.3775681938058324,9.37776554650729,7.441266909016906,7.059985523653101,0.0009398186247876713,1.1017926686451058,13.063292357964102,0.6887840969029162,571.9499206814796,73.19404912663744,13.979458765578686,9.999967460638558,18.639278354104917
11.583333333333334,1.4881158685802343,330.69241524005207,3.921851552427878,3.5538414960657834,9.33006090340121,1.3774409077588197,9.376899343263437,7.440579342901171,7.059332794370181,0.0009320193314384808,1.1016908637803928,13.062085264761693,0.6887204538794098,571.897090945637,73.24029756443251,13.98875991947946,9.999968240567894,18.651679892639283
11.591666666666667,1.4879783682854173,330.6618596189816,3.921488960953506,3.553513124157943,9.329198775370598,1.3773136336788923,9.376033219020265,7.4398918414270865,7.058680129716311,0.000924284763883435,1.1015890684889624,13.060878285518836,0.6886568168394461,571.8442660280459,73.28654172635319,13.998060213962983,9.999969014024648,18.66408028528398
11.6,1.48784088091589,330.6313068701978,3.9211264053610866,3.5531847831243435,9.328336728717783,1.3771863715632333,9.37516717377885,7.43920440457945,7.058027529649956,0.0009166143903162557,1.1014872827685465,13.059671420204896,0.6885931857816167,571.7914459287721,73.3327816128224,14.007359649110027,9.999969781062005,18.676479532146704
11.608333333333333,1.487703406468612,330.6007569930249,3.920763885627543,3.5528564729576653,9.327474763420891,1.3770591214090264,9.374301207540276,7.43851703234306,7.057374994129577,0.0009090076789306665,1.1013855066168763,13.058464668789247,0.6885295607045132,571.7386306478815,73.37901722426308,14.01665822500136,9.999970541733143,18.688877633335146
11.616666666666667,1.4875659449405425,330.5702099867873,3.920401401729799,3.5525281936505935,9.326612879458038,1.3769318832134547,9.373435320305626,7.437829724702712,7.056722523113638,0.0009014640979203896,1.101283740031684,13.057258031241252,0.6884659416067274,571.6858201854402,73.42524856109817,14.025955941717752,9.999971296091244,18.701274588957006
11.625,1.4874284963286575,330.53966585081275,3.9200389536449536,3.55219994519585,9.325751076807473,1.376804656973717,9.372569512075907,7.437142481643287,7.0560701165609165,0.0008939831201236301,1.1011819830107135,13.056051507530462,0.6884023284868585,571.6330145415096,73.47147562375027,14.035252799339954,9.999972044189024,18.713670399119938
11.633333333333333,1.4872910606300431,330.50912458445407,3.9196765413512815,3.551871727586424,9.324889355448304,1.3766774426871142,9.371703782851636,7.436455303150216,7.055417774432307,0.0008865642496286661,1.1010802355517915,13.054845097627625,0.6883387213435571,571.5802137161213,73.5176984126401,14.044548797948574,9.999972786076073,18.726065063931433
11.641666666666666,1.487153637841506,330.4785861870013,3.9193141648240735,3.5515435408146288,9.324027715357458,1.376550240350688,9.37083813263458,7.43576818920753,7.054765496683332,0.0008792069112393195,1.100978497652535,13.05363880150044,0.688275120175344,571.527417709383,73.56391692819331,14.05384393762458,9.999973521809912,18.738458583499437
11.65,1.4870162279601418,330.4480506578093,3.918951824041705,3.5512153848734767,9.323166156514114,1.3764230499617474,9.369972561425207,7.435081139800708,7.054113283275069,0.0008719106117129727,1.1008767693107777,13.05243261911976,0.6882115249808737,571.4746265213234,73.61013117083043,14.063138218448572,9.999974251439864,18.75085095793143
11.658333333333333,1.4868788309830459,330.41751799623245,3.9185895189825515,3.5508872597559797,9.322304678897455,1.3762958715176028,9.369107069223999,7.434394154915229,7.053461134168593,0.0008646748578070131,1.1007750505243536,13.051226550456436,0.6881479357588014,571.4218401519717,73.65634114097197,14.072431640501149,9.999974975015256,18.763242187334868
11.666666666666666,1.4867414469073148,330.3869882016255,3.9182272496249886,3.5505591654551516,9.321443282486657,1.376168705015564,9.368241656031419,7.433707234536573,7.0528090493249795,0.0008574991562788227,1.100673341291097,13.050020595481318,0.688084352507782,571.3690586013563,73.70254683903855,14.081724203862917,9.999975692585409,18.775632271817223
11.675,1.486604075730044,330.3564612733432,3.917865015947392,3.550231101964005,9.320581967260898,1.3760415504529406,9.36737632184795,7.43302037865022,7.052157028705305,0.0008503830138857844,1.1005716416088416,13.048814754165257,0.6880207752264703,571.3162818695065,73.74874826545066,14.091015908614478,9.999976404199646,18.788021211485972
11.683333333333334,1.4864667174483295,330.3259372107399,3.9175028179281366,3.5499030692755524,9.319720733199363,1.3759144078270424,9.36651106667406,7.432333587241647,7.051505072270646,0.000843325937385285,1.1004699514754213,13.047609026479108,0.6879572039135212,571.2635099564509,73.79494542062885,14.10030675483643,9.999977109907297,18.80040900644857
11.691666666666666,1.4863293720592672,330.2954160131705,3.917140655545599,3.5495750673828073,9.31885958028123,1.3757872771351796,9.365645890510224,7.431646860296335,7.050853179982078,0.0008363274335347069,1.1003682708886702,13.046403412393722,0.6878936385675898,571.2107428622186,73.84113830499366,14.109596742609376,9.999977809757683,18.8127956568125
11.7,1.4861920395599528,330.26489767998953,3.9167785287781536,3.5492470962787817,9.317998508485678,1.375660158374662,9.364780793356914,7.430960197799764,7.050201351800677,0.0008293870090914342,1.1002665998464223,13.04519791187995,0.687830079187331,571.1579805868382,73.88732691896567,14.11888587201392,9.999978503800127,18.825181162685226
11.708333333333334,1.4860547199475505,330.23438221056676,3.9164164376048984,3.5489191559566526,9.317137517792412,1.3755330515428617,9.363915775214306,7.430273599737752,7.0495495876888175,0.0008225041899574421,1.1001649383465624,13.043992524909378,0.6877665257714308,571.1052231303205,73.93351126296422,14.128174143130574,9.99997919208204,18.8375655241741
11.716666666666667,1.4859174132191748,330.20386960426106,3.916054382004414,3.5485912464094795,9.316276608180765,1.3754059566371066,9.363050836082781,7.429587066095873,7.048897887607945,0.0008156784883569662,1.1000632863869386,13.04278725145307,0.6877029783185533,571.0524704926888,73.97969133740948,14.137461556039918,9.999979874652201,18.84994874138656
11.725,1.4857801193718974,330.17335986042167,3.9156923619548123,3.5482633676302155,9.315415779629722,1.3752788736546837,9.362185975962927,7.428900596859486,7.048246251518663,0.0008089094040767418,1.0999616439653668,13.041582091481612,0.6876394368273419,570.9997226739789,74.02586714272249,14.146748110822589,9.999980551560629,18.86233081443012
11.733333333333333,1.4856428384029492,330.14285297843315,3.915330377435914,3.5479355196122015,9.314555032119518,1.375151802593029,9.361321194854611,7.428214192014746,7.047594679384646,0.0008021964822150611,1.0998600110797825,13.040377044967325,0.6875759012965145,570.9469796741828,74.07203867932138,14.156033807559018,9.999981222852815,18.874711743412025
11.741666666666667,1.4855055703095623,330.1123489576805,3.914968428427537,3.547607702348777,9.313694365630386,1.3750247434495773,9.360456492757702,7.427527851547811,7.046943171169567,0.000795539267870215,1.099758387728121,13.03917211188254,0.6875123717247886,570.8942414932923,74.11820594762433,14.165318646329634,9.999981888574249,18.887091528439512
11.75,1.485368315088968,330.08184779754845,3.9146065149095017,3.5472799158332857,9.31283378014256,1.3748976962217647,9.35959186967207,7.42684157544484,7.0462917268371035,0.0007889373061404986,1.0996567739083185,13.037967292199582,0.6874488481108824,570.8415081312995,74.16436894804947,14.174602627214865,9.999982548770422,18.89947016961982
11.758333333333333,1.4852310727383982,330.0513494974218,3.9142446368616266,3.5469521600590657,9.31197327563627,1.3747706609070265,9.358727325597583,7.42615536369199,7.045640346350928,0.0007823901421242027,1.0995551696183103,13.036762585890777,0.6873853304535132,570.7887795881966,74.21052768101495,14.183885750295142,9.999983203486824,18.91184766706019
11.766666666666666,1.4850938432550838,330.0208540566853,3.9138827942637304,3.5466244350194587,9.311112852091753,1.3746436375027984,9.357862860534112,7.425469216275419,7.044989029674715,0.0007758973209196197,1.0994535748560321,13.035557992928455,0.6873218187513992,570.7360558639755,74.25668214693894,14.193168015650894,9.999983852768946,18.92422402086786
11.775,1.4849566266362568,329.9903614747237,3.913520987095633,3.5462967407078057,9.310252509489242,1.3745166260065158,9.356998474481523,7.4247831331812835,7.04433777677214,0.0007694583876250405,1.0993519896194197,13.03435351328494,0.6872583130032579,570.6833369586282,74.3028323462396,14.202449423362554,9.999984496662274,18.936599231150073
11.783333333333333,1.4848194228791485,329.95987175092193,3.913159215337153,3.5459690771174475,9.30939224780897,1.3743896264156141,9.356134167439688,7.424097114395742,7.043686587606875,0.0007630728873387599,1.0992504139064088,13.033149146932558,0.6871948132078071,570.6306228721465,74.34897827933504,14.211729973510547,9.999985135212302,18.948973298014064
11.791666666666666,1.4846822319810962,329.92938488468803,3.912797478969229,3.54564144424198,9.308532067031988,1.374262638727627,9.355269939408005,7.423411159905481,7.043035462144612,0.0007567403949034015,1.0991488477150138,13.031944893844784,0.6871313193638136,570.5779136044943,74.39511994664157,14.221009666175163,9.999985768461547,18.961346221566888
11.8,1.484545053939267,329.8989008753927,3.9124357779710013,3.5453138420745884,9.307671967138035,1.3741356629399306,9.35440579038663,7.422725269696335,7.042384400347802,0.0007504604373578297,1.0990472910431224,13.030740753993248,0.6870678314699653,570.5252091556806,74.4412573485785,14.230288501436926,9.999986396457302,18.973718001915902
11.808333333333334,1.4844078887509455,329.86841972243235,3.9120741123228457,3.5449862706087414,9.306811948107748,1.374008699050009,9.353541720375198,7.422039443754727,7.041733402181123,0.0007442325746262137,1.0989457438887098,13.029536727350848,0.6870043495250046,570.4725095256833,74.48739048556303,14.23956647937619,9.999987019243575,18.98608863916826
11.816666666666666,1.484270736413488,329.8379414252196,3.9117124820059153,3.544658729838082,9.305952009922338,1.3738817470554139,9.352677729373019,7.42135368206744,7.041082467610647,0.0007380563871674236,1.0988442062498054,13.028332813891272,0.6869408735277069,570.4198147144605,74.53351935801109,14.248843600073227,9.99998763686232,18.998458133430972
11.825,1.4841335969242515,329.80746598316705,3.9113508870013587,3.5443312197562538,9.305092152563004,1.373754806953697,9.351813817379407,7.420667984621257,7.0404315966024456,0.0007319314554403312,1.0987426781244387,13.027129013588205,0.6868774034768484,570.3671247219701,74.57964396633861,14.2581198636083,9.999988249355493,19.01082648481107
11.833333333333334,1.4839964702805926,329.77699339568727,3.9109893272903267,3.544003740356901,9.304232376010956,1.3736278787424094,9.350949984393676,7.419982351402962,7.039780789122588,0.0007258573599038066,1.0986411595106393,13.025925326415338,0.6868139393712047,570.3144395481703,74.62576431096151,14.267395270061677,9.999988856765047,19.023193693415575
11.841666666666667,1.4838593564798679,329.7465236621929,3.9106278028539707,3.5436762916336657,9.3033726802474,1.3735009624191032,9.350086230415135,7.419296782399339,7.0391300451371475,0.0007198336810167242,1.0985396504064364,13.024721752346359,0.6867504812095516,570.2617591930191,74.6718803922957,14.27666981951362,9.999989459132935,19.035559759351496
11.85,1.4837222555194345,329.7160567820966,3.910266313673441,3.5433488735801935,9.30251306525354,1.37337405798133,9.349222555443097,7.418611277597172,7.038479364612194,0.0007138599992379542,1.09843815080986,13.023518291354955,0.686687028990665,570.2090836564745,74.7179922107571,14.285943512044396,9.999990056501114,19.047924682725863
11.858333333333333,1.4835851673966491,329.68559275481095,3.909904859729889,3.5430214861901264,9.301653531010583,1.3732471654266412,9.348358959476874,7.417925836983245,7.0378287475138,0.0007079358950263682,1.098336660718939,13.022314943414814,0.6866235827133206,570.1564129384946,74.76409976676163,14.29521634773427,9.999990648911535,19.060288463645698
11.866666666666667,1.4834480921088682,329.6551315797485,3.9095434410044643,3.5426941294571086,9.300794077499734,1.3731202847525883,9.34749544251578,7.41724046054434,7.037178193808036,0.0007020609488408365,1.0982351801317036,13.021111708499626,0.6865601423762941,570.1037470390374,74.81020306072521,14.30448832666351,9.999991236406153,19.072651102218018
11.875,1.4833110296535832,329.62467325635185,3.9091820574797453,3.542366803375108,9.29993470470324,1.3729934159568478,9.34663200455853,7.416555148267915,7.036527703463542,0.0006962347790361106,1.0981337090462835,13.019908586584537,0.6864967079784239,570.0510859580247,74.85630209306134,14.313759448912194,9.999991819023135,19.085012598549593
11.883333333333333,1.4831739800280306,329.5942177840068,3.9088207091356075,3.542039507937478,9.299075412601379,1.3728665590368598,9.345768645604968,7.4158699001401525,7.0358772764440936,0.0006904569322146371,1.0980322474606181,13.01870557764193,0.6864332795184299,569.998429695447,74.90239686418812,14.323029714560757,9.999992396807817,19.09737295274768
11.891666666666666,1.483036943229673,329.5637651621496,3.9084593959543263,3.541712243138118,9.298216201176174,1.3727397139902742,9.344905365653938,7.415184716148365,7.035226912717787,0.0006847270186910393,1.0979307953728166,13.017502681646643,0.6863698569951371,569.9457782512337,74.94848737451954,14.332299123689324,9.99999296979917,19.1097321649191
11.9,1.4828999192559826,329.5333153902184,3.90809811791828,3.54138500897095,9.297357070409731,1.372612880814749,9.344042164704236,7.414499596279913,7.034576612252904,0.0006790446515361058,1.0978293527809946,13.016299898573623,0.6863064404073745,569.8931316253114,74.99457362446948,14.341567676378002,9.999993538035884,19.122090235170674
11.908333333333333,1.4827629081044318,329.5028684676516,3.9077368750098476,3.541057805429899,9.296498020284151,1.3724860595079436,9.343179042754667,7.413814540522159,7.033926375017725,0.0006734094438206293,1.0977279196832688,13.015097228397812,0.6862430297539718,569.8404898176071,75.04065561445175,14.350835372706898,9.999994101556656,19.134447163609202
11.916666666666666,1.4826259097724932,329.4724243938874,3.907375667211408,3.5407306325088874,9.295639050781539,1.3723592500675166,9.342315999804024,7.413129548862465,7.033276200980534,0.0006678210086153983,1.097626496077755,13.013894671094153,0.6861796250337583,569.7878528280474,75.08673334488016,14.360102212756123,9.999994660400176,19.1468029503415
11.925,1.4824889242576385,329.4419831683641,3.907014494505341,3.540403490201837,9.294780161883995,1.3722324524911265,9.341453035851108,7.412444621288192,7.032626090109614,0.0006622789589912016,1.0975250819625695,13.012692226637592,0.6861162262455632,569.7352206565591,75.13280681616858,14.369368196605787,9.99999521460514,19.159157595474387
11.933333333333334,1.4823519515573407,329.41154479052017,3.906653356874024,3.5400763785026705,9.293921353573623,1.372105666776432,9.34059015089472,7.411759757786703,7.031976042373244,0.0006567829080188317,1.097423677335828,13.011489895003072,0.686052833388216,569.682593303069,75.17887602873083,14.378633324335993,9.999995764210237,19.17151109911466
11.941666666666666,1.4822149916690717,329.3811092597937,3.9062922542998373,3.539749297405313,9.293062625832528,1.371978892921092,9.339727344933658,7.411074958345358,7.031326057739707,0.0006513324687690773,1.097322282195647,13.010287676165538,0.685989446460546,569.6299707675039,75.22494098298071,14.387897596026855,9.999996309254161,19.183863461369143
11.95,1.4820780445903141,329.35067657562536,3.905931186765266,3.5394222469037104,9.29220397864289,1.3718521309227745,9.338864617966678,7.41039022295157,7.03067613617748,0.0006459272571601921,1.0972208965401502,13.009085570100044,0.6859260654613872,569.5773530497877,75.27100167933192,14.397161011758465,9.999996849775322,19.19621468234462
11.958333333333334,1.4819411103185827,329.32024673746287,3.9055701542531462,3.539095226991889,9.291345411987143,1.3717253807791778,9.338001969992385,7.409705551592913,7.030026277655663,0.0006405668983537978,1.0971195203674855,13.007883576782,0.6858626903895889,569.5247401498356,75.31705811819748,14.406423571610874,9.999997385811202,19.208564762147834
11.966666666666667,1.4818041888513929,329.289819744754,3.9052091567463068,3.5387682376638745,9.290486925847722,1.371598642488,9.337139401009393,7.409020944256964,7.029376482143352,0.0006352510174018321,1.097018153675801,13.00668169618681,0.685799321244,569.4721320675629,75.36311029999045,14.415685275664131,9.999997917399298,19.22091370088551
11.975,1.4816672801863013,329.25939559695587,3.904848194228025,3.538441278913795,9.289628520207387,1.3714719160469786,9.336276911016128,7.408336400931506,7.0287267496104455,0.0006299792512380988,1.0969167964632764,13.005479928290342,0.6857359580234893,569.4195288028736,75.40915822512315,14.424946123998225,9.999998444575914,19.2332614986643
11.983333333333333,1.481530384320865,329.22897429352554,3.90448726668158,3.538114350735778,9.288770195048896,1.3713452014538505,9.335414500011007,7.407651921604324,7.028077080026844,0.000624751236796402,1.0968154487280912,13.004278273068454,0.6856726007269253,569.3669303556713,75.45520189400783,14.434206116693149,9.999998967377358,19.24560815559087
11.991666666666667,1.4813935012526402,329.19855583392007,3.9041263740902488,3.537787453123951,9.28791195035501,1.3712184987063525,9.334552167992461,7.406967506263201,7.027427473362448,0.0006195666110105452,1.0967141104684248,13.003076730497014,0.6856092493531762,569.3143367258602,75.5012413070568,14.443465253828894,9.999999485839938,19.257953671771862
12.0,1.4812566309791846,329.1681402175966,3.9037655164373097,3.537460586072441,9.28705378610849,1.371091807802222,9.333689914958912,7.406283154895923,7.0267779295871575,0.0006144250108143351,1.0966127816824567,13.001875300551886,0.685545903901111,569.261747913344,75.54727646468233,14.452723535485445,9.999999999999957,19.27029804731393
